1743507300.975282
1743507301.055684
1743507301.087521
1743507301.135512
1743507301.167215
1743507301.199606
1743507301.232585
1743507301.263148
1743507301.280166
1743507301.311699
1743507301.343474
1743507301.376480
1743507301.407295
1743507301.455211
1743507301.487292
1743507301.503457
1743507301.535596
1743507301.551725
1743507301.583572
1743507301.615529
1743507301.647507
1743507301.679968
1743507301.711846
1743507301.744165
1743507301.776386
1743507301.808110
1743507301.840083
1743507301.872012
1743507301.904298
1743507301.936436
1743507301.968378
1743507302.000679
1743507302.032626
1743507302.064732
1743507302.112700
1743507302.144783
1743507302.176947
1743507302.209245
1743507302.241343
1743507302.274109
1743507302.305427
1743507302.337111
1743507302.367442
1743507302.399125
1743507302.432177
1743507302.463424
1743507302.495637
1743507302.527812
1743507302.559786
1743507302.591966
1743507302.624336
1743507302.655252
1743507302.687889
1743507302.719819
1743507302.751883
1743507302.783077
1743507302.799391
1743507302.815334
1743507302.831254
1743507302.847331
1743507302.863356
1743507302.895630
1743507302.927618
1743507302.959345
1743507302.975494
1743507303.007948
1743507303.039918
1743507303.087729
1743507303.119664
1743507303.151623
1743507303.167979
1743507303.199053
1743507303.215355
1743507303.231575
1743507303.247351
1743507303.263347
1743507303.279407
1743507303.295391
1743507303.327621
1743507303.343295
1743507303.359443
1743507303.375492
1743507303.408125
1743507303.439183
1743507303.471210
1743507303.487122
1743507303.503197
1743507303.519248
1743507303.535265
1743507303.551125
1743507303.567365
1743507303.583379
1743507303.599388
1743507303.615434
1743507303.631332
1743507303.647529
1743507303.663597
1743507303.679652
1743507303.695470
1743507303.727198
1743507303.742977
1743507303.759132
1743507303.775114
1743507303.791166
1743507303.807072
1743507303.823065
1743507303.839122
1743507303.855156
1743507303.871316
1743507303.903927
1743507303.935436
1743507303.951198
1743507303.967232
1743507303.983369
1743507303.999685
1743507304.015428
1743507304.031647
1743507304.063963
1743507304.094883
1743507304.111087
1743507304.127055
1743507304.143105
1743507304.159159
1743507304.175084
1743507304.191172
1743507304.207224
1743507304.223163
1743507304.239195
1743507304.255288
1743507304.271135
1743507304.287358
1743507304.303506
1743507304.335489
1743507304.351329
1743507304.383024
1743507304.399261
1743507304.431059
1743507304.447143
1743507304.463218
1743507304.479255
1743507304.511411
1743507304.543548
1743507304.575046
1743507304.590882
1743507304.607087
1743507304.623323
1743507304.655285
1743507304.671113
1743507304.703808
1743507304.735065
1743507304.750984
1743507304.767055
1743507304.783196
1743507304.799270
1743507304.815159
1743507304.831266
1743507304.847348
1743507304.863271
1743507304.879153
1743507304.895231
1743507304.911248
1743507304.927321
1743507304.943294
1743507304.959454
1743507304.975348
1743507304.991400
1743507305.007522
1743507305.039809
1743507305.071450
1743507305.103545
1743507305.119168
1743507305.135087
1743507305.151150
1743507305.167108
1743507305.183133
1743507305.199288
1743507305.215259
1743507305.231302
1743507305.247319
1743507305.263431
1743507305.279391
1743507305.295304
1743507305.311432
1743507305.327467
1743507305.360024
1743507305.391750
1743507305.422891
1743507305.438812
1743507305.455085
1743507305.471272
1743507305.487174
1743507305.503262
1743507305.519139
1743507305.535259
1743507305.551284
1743507305.567265
1743507305.583380
1743507305.599432
1743507305.615391
1743507305.631588
1743507305.647398
1743507305.679622
1743507305.710920
1743507305.726684
1743507305.742967
1743507305.758981
1743507305.775077
1743507305.791143
1743507305.807098
1743507305.823068
1743507305.839104
1743507305.855142
1743507305.871202
1743507305.887112
1743507305.903192
1743507305.919206
1743507305.935231
1743507305.951269
1743507305.967293
1743507305.983320
1743507306.015707
1743507306.047043
1743507306.063039
1743507306.079102
1743507306.095247
1743507306.110970
1743507306.127140
1743507306.143308
1743507306.159230
1743507306.175172
1743507306.191090
1743507306.207316
1743507306.223223
1743507306.239364
1743507306.255331
1743507306.271347
1743507306.287293
1743507306.303335
1743507306.335169
1743507306.350978
1743507306.366996
1743507306.383099
1743507306.399324
1743507306.430984
1743507306.447062
1743507306.463300
1743507306.495147
1743507306.510779
1743507306.527409
1743507306.543246
1743507306.559233
1743507306.575201
1743507306.591182
1743507306.607216
1743507306.623320
1743507306.655748
1743507306.687521
1743507306.703163
1743507306.734791
1743507306.751167
1743507306.767088
1743507306.783228
1743507306.799381
1743507306.831379
1743507306.847035
1743507306.863183
1743507306.879296
1743507306.895324
1743507306.911156
1743507306.927199
1743507306.943317
1743507306.959335
1743507306.991877
1743507307.023697
1743507307.054902
1743507307.070666
1743507307.087016
1743507307.103054
1743507307.119059
1743507307.135191
1743507307.151326
1743507307.183262
1743507307.199298
1743507307.215349
1743507307.231341
1743507307.247321
1743507307.263254
1743507307.279466
1743507307.311760
1743507307.343608
1743507307.374850
1743507307.390688
1743507307.407217
1743507307.423088
1743507307.455643
1743507307.487558
1743507307.519421
1743507307.535207
1743507307.551380
1743507307.567201
1743507307.583279
1743507307.599331
1743507307.632034
1743507307.663100
1743507307.678735
1743507307.695050
1743507307.710930
1743507307.726992
1743507307.743023
1743507307.759194
1743507307.775354
1743507307.807529
1743507307.839494
1743507307.871031
1743507307.886933
1743507307.903237
1743507307.919205
1743507307.935362
1743507307.967645
1743507307.999129
1743507308.014986
1743507308.031040
1743507308.047143
1743507308.063150
1743507308.078931
1743507308.095160
1743507308.111077
1743507308.127137
1743507308.143162
1743507308.159201
1743507308.175312
1743507308.207643
1743507308.240066
1743507308.287493
1743507308.319152
1743507308.334811
1743507308.350977
1743507308.366891
1743507308.383015
1743507308.399260
1743507308.415069
1743507308.431311
1743507308.463200
1743507308.478892
1743507308.495143
1743507308.511277
1743507308.527161
1743507308.543214
1743507308.559156
1743507308.575272
1743507308.607942
1743507308.639492
1743507308.671276
1743507308.703151
1743507308.718893
1743507308.734954
1743507308.750981
1743507308.767036
1743507308.783172
1743507308.799149
1743507308.815188
1743507308.831109
1743507308.847243
1743507308.863302
1743507308.879253
1743507308.895350
1743507308.911314
1743507308.943193
1743507308.958975
1743507308.991017
1743507309.006635
1743507309.023047
1743507309.038900
1743507309.054975
1743507309.070969
1743507309.086935
1743507309.103039
1743507309.119046
1743507309.135177
1743507309.151121
1743507309.167300
1743507309.198951
1743507309.215256
1743507309.231233
1743507309.263709
1743507309.294716
1743507309.310876
1743507309.327038
1743507309.342998
1743507309.375314
1743507309.407407
1743507309.439468
1743507309.471354
1743507309.503501
1743507309.519194
1743507309.535210
1743507309.551155
1743507309.582898
1743507309.598918
1743507309.615001
1743507309.630992
1743507309.647019
1743507309.663117
1743507309.679031
1743507309.695073
1743507309.710920
1743507309.727029
1743507309.743150
1743507309.775737
1743507309.807097
1743507309.822972
1743507309.839192
1743507309.855145
1743507309.871159
1743507309.887274
1743507309.919483
1743507309.950889
1743507309.966856
1743507309.982915
1743507309.999100
1743507310.015098
1743507310.031016
1743507310.047093
1743507310.063153
1743507310.079122
1743507310.095042
1743507310.111046
1743507310.127054
1743507310.143195
1743507310.159178
1743507310.175207
1743507310.191143
1743507310.207099
1743507310.239223
1743507310.271603
1743507310.303797
1743507310.335111
1743507310.350883
1743507310.366948
1743507310.383007
1743507310.398660
1743507310.415080
1743507310.431141
1743507310.447042
1743507310.463096
1743507310.479165
1743507310.495174
1743507310.511109
1743507310.527097
1743507310.559305
1743507310.591822
1743507310.623253
1743507310.655503
1743507310.686789
1743507310.703031
1743507310.718936
1743507310.734890
1743507310.750947
1743507310.767012
1743507310.783389
1743507310.799067
1743507310.815298
1743507310.831361
1743507310.863544
1743507310.895619
1743507310.927245
1743507310.942740
1743507310.958992
1743507310.974921
1743507310.990859
1743507311.023642
1743507311.055721
1743507311.087433
1743507311.119058
1743507311.151096
1743507311.183178
1743507311.215356
1743507311.246647
1743507311.279149
1743507311.311262
1743507311.343551
1743507311.374728
1743507311.407413
1743507311.439447
1743507311.471502
1743507311.503232
1743507311.535507
1743507311.566703
1743507311.598706
1743507311.630532
1743507311.646826
1743507311.662976
1743507311.695212
1743507311.726865
1743507311.759579
1743507311.791556
1743507311.823670
1743507311.871197
1743507311.903316
1743507311.934904
1743507311.966932
1743507311.998644
1743507312.014920
1743507312.031036
1743507312.047143
1743507312.079189
1743507312.111468
1743507312.143416
1743507312.191489
1743507312.222596
1743507312.238502
1743507312.254898
1743507312.287495
1743507312.318990
1743507312.351089
1743507312.383020
1743507312.415112
1743507312.446763
1743507312.463206
1743507312.511112
1743507312.543478
1743507312.574695
1743507312.607487
1743507312.639254
1743507312.671342
1743507312.703053
1743507312.735148
1743507312.767142
1743507312.799153
1743507312.847029
1743507312.879165
1743507312.911099
1743507312.943365
1743507312.974705
1743507313.007454
1743507313.039454
1743507313.071386
1743507313.102990
1743507313.135183
1743507313.167564
1743507313.198901
1743507313.230413
1743507313.247054
1743507313.279327
1743507313.311161
1743507313.343178
1743507313.375184
1743507313.407445
1743507313.439341
1743507313.487120
1743507313.519495
1743507313.550543
1743507313.582753
1743507313.614971
1743507313.647048
1743507313.678560
1743507313.711356
1743507313.743541
1743507313.775487
1743507313.823006
1743507313.855176
1743507313.887091
1743507313.919360
1743507313.950367
1743507313.966804
1743507313.998820
1743507314.031041
1743507314.062685
1743507314.095331
1743507314.143040
1743507314.175293
1743507314.206648
1743507314.239419
1743507314.271305
1743507314.303458
1743507314.334691
1743507314.367201
1743507314.399105
1743507314.431176
1743507314.462911
1743507314.495187
1743507314.527089
1743507314.559449
1743507314.590690
1743507314.623392
1743507314.655244
1743507314.687417
1743507314.718800
1743507314.751085
1743507314.798824
1743507314.830836
1743507314.862514
1743507314.878714
1743507314.911077
1743507314.943284
1743507314.974892
1743507315.007632
1743507315.039417
1743507315.071502
1743507315.119453
1743507315.150612
1743507315.166776
1743507315.199008
1743507315.230494
1743507315.246785
1743507315.279263
1743507315.311241
1743507315.343062
1743507315.375305
1743507315.407626
1743507315.439368
1743507315.470773
1743507315.503577
1743507315.535171
1743507315.566903
1743507315.598379
1743507315.614896
1743507315.647078
1743507315.679325
1743507315.710701
1743507315.726647
1743507315.742941
1743507315.775418
1743507315.806517
1743507315.839154
1743507315.871221
1743507315.903525
1743507315.934560
1743507315.950768
1743507315.983187
1743507316.015039
1743507316.046672
1743507316.062909
1743507316.095437
1743507316.127188
1743507316.158588
1743507316.191345
1743507316.223521
1743507316.255610
1743507316.286712
1743507316.302903
1743507316.335016
1743507316.366946
1743507316.414815
1743507316.446715
1743507316.478938
1743507316.511147
1743507316.542774
1743507316.575290
1743507316.607153
1743507316.639279
1743507316.670856
1743507316.703659
1743507316.751061
1743507316.782817
1743507316.814307
1743507316.830766
1743507316.862934
1743507316.894828
1743507316.926738
1743507316.959348
1743507316.991401
1743507317.023361
1743507317.071145
1743507317.103281
1743507317.135262
1743507317.166941
1743507317.198316
1743507317.214690
1743507317.247009
1743507317.279257
1743507317.310630
1743507317.343675
1743507317.390963
1743507317.423065
1743507317.454606
1743507317.487029
1743507317.519076
1743507317.550840
1743507317.582324
1743507317.598889
1743507317.631278
1743507317.662957
1743507317.694782
1743507317.727306
1743507317.759258
1743507317.791027
1743507317.822525
1743507317.855239
1743507317.887314
1743507317.919591
1743507317.950442
1743507317.966809
1743507317.983073
1743507317.999063
1743507318.046675
1743507318.078978
1743507318.110979
1743507318.143068
1743507318.174563
1743507318.207185
1743507318.239332
1743507318.271696
1743507318.302814
1743507318.335054
1743507318.367041
1743507318.399026
1743507318.430320
1743507318.446754
1743507318.479188
1743507318.511073
1743507318.542911
1743507318.575253
1743507318.607447
1743507318.639500
1743507318.670818
1743507318.703493
1743507318.734993
1743507318.766969
1743507318.798233
1743507318.814722
1743507318.830844
1743507318.862919
1743507318.894517
1743507318.911011
1743507318.943250
1743507318.975376
1743507319.023035
1743507319.055090
1743507319.087255
1743507319.119186
1743507319.150293
1743507319.166586
1743507319.182773
1743507319.215062
1743507319.246434
1743507319.262799
1743507319.295344
1743507319.343118
1743507319.374401
1743507319.406907
1743507319.439033
1743507319.471003
1743507319.502634
1743507319.535087
1743507319.566790
1743507319.599099
1743507319.630529
1743507319.646942
1743507319.679331
1743507319.710992
1743507319.742527
1743507319.775153
1743507319.807305
1743507319.839416
1743507319.870506
1743507319.903552
1743507319.935253
1743507319.966864
1743507319.998866
1743507320.030528
1743507320.046495
1743507320.062642
1743507320.095018
1743507320.126975
1743507320.158980
1743507320.189759
1743507320.206763
1743507320.223100
1743507320.255466
1743507320.287257
1743507320.318847
1743507320.350761
1743507320.382596
1743507320.414609
1743507320.446554
1743507320.479126
1743507320.511151
1743507320.543663
1743507320.574745
1743507320.607440
1743507320.655093
1743507320.686880
1743507320.718454
1743507320.734594
1743507320.766581
1743507320.782758
1743507320.814211
1743507320.830483
1743507320.846839
1743507320.862800
1743507320.894655
1743507320.927012
1743507320.974858
1743507321.006951
1743507321.039117
1743507321.071079
1743507321.103084
1743507321.134645
1743507321.166942
1743507321.198732
1743507321.230889
1743507321.263059
1743507321.295157
1743507321.327023
1743507321.358540
1743507321.391151
1743507321.423020
1743507321.455089
1743507321.486452
1743507321.502641
1743507321.534904
1743507321.567041
1743507321.598574
1743507321.631205
1743507321.662528
1743507321.695019
1743507321.726543
1743507321.759158
1743507321.790991
1743507321.822965
1743507321.854458
1743507321.887469
1743507321.919165
1743507321.951124
1743507321.982240
1743507322.014426
1743507322.045832
1743507322.078878
1743507322.110471
1743507322.143354
1743507322.175421
1743507322.207106
1743507322.238877
1743507322.271175
1743507322.302966
1743507322.334466
1743507322.366124
1743507322.382673
1743507322.414980
1743507322.446609
1743507322.478441
1743507322.511093
1743507322.543318
1743507322.575192
1743507322.606379
1743507322.639188
1743507322.670808
1743507322.702902
1743507322.734142
1743507322.750531
1743507322.782791
1743507322.814665
1743507322.846445
1743507322.879053
1743507322.926859
1743507322.958905
1743507322.990329
1743507323.023010
1743507323.055006
1743507323.087094
1743507323.118400
1743507323.134509
1743507323.150869
1743507323.182784
1743507323.214509
1743507323.247152
1743507323.278841
1743507323.310902
1743507323.342325
1743507323.375167
1743507323.406924
1743507323.438941
1743507323.470422
1743507323.503349
1743507323.535079
1743507323.582534
1743507323.614126
1743507323.630537
1743507323.646617
1743507323.662750
1743507323.694338
1743507323.726892
1743507323.759027
1743507323.791125
1743507323.822537
1743507323.855131
1743507323.902634
1743507323.934275
1743507323.966045
1743507323.982512
1743507324.014783
1743507324.046931
1743507324.078260
1743507324.094350
1743507324.127223
1743507324.158958
1743507324.190476
1743507324.223247
1743507324.254780
1743507324.287014
1743507324.318412
1743507324.334493
1743507324.366658
1743507324.398692
1743507324.430125
1743507324.446845
1743507324.478884
1743507324.511080
1743507324.558865
1743507324.590958
1743507324.623040
1743507324.655018
1743507324.686329
1743507324.702492
1743507324.734811
1743507324.766525
1743507324.798346
1743507324.814691
1743507324.830825
1743507324.878370
1743507324.910263
1743507324.942924
1743507324.973940
1743507324.990285
1743507325.006438
1743507325.039406
1743507325.071325
1743507325.103086
1743507325.134298
1743507325.150491
1743507325.166730
1743507325.199302
1743507325.230148
1743507325.246603
1743507325.278799
1743507325.310950
1743507325.342351
1743507325.375113
1743507325.406981
1743507325.439160
1743507325.470460
1743507325.503302
1743507325.535323
1743507325.566376
1743507325.597969
1743507325.614587
1743507325.646848
1743507325.678847
1743507325.710325
1743507325.742959
1743507325.774995
1743507325.807312
1743507325.854874
1743507325.886850
1743507325.918898
1743507325.950651
1743507325.982149
1743507325.998619
1743507326.030651
1743507326.062745
1743507326.094582
1743507326.127120
1743507326.174719
1743507326.206724
1743507326.238495
1743507326.270945
1743507326.302949
1743507326.334698
1743507326.366352
1743507326.382411
1743507326.398879
1743507326.430974
1743507326.462627
1743507326.510551
1743507326.542753
1743507326.574892
1743507326.606272
1743507326.638955
1743507326.670799
1743507326.703058
1743507326.734471
1743507326.766815
1743507326.798864
1743507326.831040
1743507326.862416
1743507326.894676
1743507326.926679
1743507326.958774
1743507326.990338
1743507327.023180
1743507327.054915
1743507327.086984
1743507327.118401
1743507327.150982
1743507327.182615
1743507327.214541
1743507327.246088
1743507327.262396
1743507327.294682
1743507327.326749
1743507327.358421
1743507327.391089
1743507327.423163
1743507327.455364
1743507327.486288
1743507327.502346
1743507327.534582
1743507327.566257
1743507327.597949
1743507327.614568
1743507327.646438
1743507327.678818
1743507327.710559
1743507327.743087
1743507327.775040
1743507327.806945
1743507327.838132
1743507327.870793
1743507327.903164
1743507327.934856
1743507327.966025
1743507327.982273
1743507327.998734
1743507328.030657
1743507328.062247
1743507328.094959
1743507328.126754
1743507328.158654
1743507328.190222
1743507328.222917
1743507328.254742
1743507328.286800
1743507328.318471
1743507328.350809
1743507328.382771
1743507328.414602
1743507328.462394
1743507328.494461
1743507328.526666
1743507328.558675
1743507328.590264
1743507328.622274
1743507328.654854
1743507328.686940
1743507328.719068
1743507328.750640
1743507328.782865
1743507328.814319
1743507328.830352
1743507328.846276
1743507328.878080
1743507328.894263
1743507328.926980
1743507328.958897
1743507328.990282
1743507329.022974
1743507329.055224
1743507329.102484
1743507329.133998
1743507329.150247
1743507329.182372
1743507329.198409
1743507329.230108
1743507329.262628
1743507329.294549
1743507329.326806
1743507329.358339
1743507329.374448
1743507329.407155
1743507329.438930
1743507329.470071
1743507329.502979
1743507329.534364
1743507329.566457
1743507329.597980
1743507329.614387
1743507329.630641
1743507329.662567
1743507329.694384
1743507329.727000
1743507329.758988
1743507329.790751
1743507329.822095
1743507329.854674
1743507329.886824
1743507329.918882
1743507329.950070
1743507329.966431
1743507329.998578
1743507330.030670
1743507330.078615
1743507330.110566
1743507330.142727
1743507330.174846
1743507330.206250
1743507330.238954
1743507330.271108
1743507330.302866
1743507330.334084
1743507330.350475
1743507330.382789
1743507330.414801
1743507330.445949
1743507330.462155
1743507330.494633
1743507330.526555
1743507330.558237
1743507330.590714
1743507330.623119
1743507330.654961
1743507330.686210
1743507330.734524
1743507330.766114
1743507330.782317
1743507330.798448
1743507330.830294
1743507330.846391
1743507330.878690
1743507330.910246
1743507330.943363
1743507330.974916
1743507331.006949
1743507331.054553
1743507331.086565
1743507331.118711
1743507331.149745
1743507331.166329
1743507331.198626
1743507331.230261
1743507331.246728
1743507331.278621
1743507331.310974
1743507331.342775
1743507331.390709
1743507331.422188
1743507331.454578
1743507331.486747
1743507331.518735
1743507331.549963
1743507331.566267
1743507331.598555
1743507331.630650
1743507331.662162
1743507331.678278
1743507331.711112
1743507331.742685
1743507331.773978
1743507331.806641
1743507331.838680
1743507331.870543
1743507331.902489
1743507331.934522
1743507331.966591
1743507331.999148
1743507332.030045
1743507332.046180
1743507332.062394
1743507332.078523
1743507332.110208
1743507332.142849
1743507332.174795
1743507332.207121
1743507332.238137
1743507332.271020
1743507332.303008
1743507332.334715
1743507332.366322
1743507332.398160
1743507332.414182
1743507332.430328
1743507332.461968
1743507332.478028
1743507332.494233
1743507332.526577
1743507332.558394
1743507332.591060
1743507332.623013
1743507332.654859
1743507332.686177
1743507332.718261
1743507332.750200
1743507332.782369
1743507332.813954
1743507332.830268
1743507332.862538
1743507332.894560
1743507332.926273
1743507332.959127
1743507333.006428
1743507333.038621
1743507333.069952
1743507333.102792
1743507333.134570
1743507333.166451
1743507333.182213
1743507333.198349
1743507333.230563
1743507333.262787
1743507333.294273
1743507333.342603
1743507333.374674
1743507333.406767
1743507333.438004
1743507333.470543
1743507333.502769
1743507333.534319
1743507333.565954
1743507333.582461
1743507333.614822
1743507333.662131
1743507333.693982
1743507333.726693
1743507333.758470
1743507333.790968
1743507333.822021
1743507333.854592
1743507333.887016
1743507333.918854
1743507333.950113
1743507333.982806
1743507334.014100
1743507334.030180
1743507334.062055
1743507334.094874
1743507334.126992
1743507334.158767
1743507334.190171
1743507334.222727
1743507334.254780
1743507334.286891
1743507334.318068
1743507334.350100
1743507334.382423
1743507334.414404
1743507334.446007
1743507334.462116
1743507334.494578
1743507334.526798
1743507334.558186
1743507334.590766
1743507334.638432
1743507334.670622
1743507334.702165
1743507334.734254
1743507334.766076
1743507334.782220
1743507334.798377
1743507334.830491
1743507334.862663
1743507334.894403
1743507334.910630
1743507334.958696
1743507334.990632
1743507335.022450
1743507335.054185
1743507335.086774
1743507335.118558
1743507335.150475
1743507335.182002
1743507335.198465
1743507335.230505
1743507335.262565
1743507335.294008
1743507335.326559
1743507335.358732
1743507335.390470
1743507335.421981
1743507335.454533
1743507335.487168
1743507335.518799
1743507335.550012
1743507335.566300
1743507335.613962
1743507335.646318
1743507335.677923
1743507335.694023
1743507335.726686
1743507335.758676
1743507335.790067
1743507335.822631
1743507335.854706
1743507335.887063
1743507335.934550
1743507335.966515
1743507335.998480
1743507336.030495
1743507336.061864
1743507336.078060
1743507336.110542
1743507336.142765
1743507336.174080
1743507336.206272
1743507336.238759
1743507336.270778
1743507336.302554
1743507336.334337
1743507336.366252
1743507336.382256
1743507336.398378
1743507336.430329
1743507336.461938
1743507336.494734
1743507336.526798
1743507336.558906
1743507336.589926
1743507336.622441
1743507336.654624
1743507336.686586
1743507336.718045
1743507336.734198
1743507336.766259
1743507336.798514
1743507336.829936
1743507336.846301
1743507336.878777
1743507336.910950
1743507336.941899
1743507336.974632
1743507337.006500
1743507337.038560
1743507337.069939
1743507337.102621
1743507337.134415
1743507337.166434
1743507337.198049
1743507337.214376
1743507337.246720
1743507337.278411
1743507337.309881
1743507337.342576
1743507337.374623
1743507337.406619
1743507337.438088
1743507337.470935
1743507337.502964
1743507337.534712
1743507337.566198
1743507337.598031
1743507337.614003
1743507337.630318
1743507337.661901
1743507337.677999
1743507337.710697
1743507337.742702
1743507337.773952
1743507337.789981
1743507337.806179
1743507337.822242
1743507337.854247
1743507337.886993
1743507337.918724
1743507337.949958
1743507337.981745
1743507337.998218
1743507338.030216
1743507338.062462
1743507338.093952
1743507338.126607
1743507338.158694
1743507338.190844
1743507338.221993
1743507338.254659
1743507338.286577
1743507338.318559
1743507338.349841
1743507338.382206
1743507338.398255
1743507338.430017
1743507338.446136
1743507338.462387
1743507338.494438
1743507338.542431
1743507338.573830
1743507338.606519
1743507338.638664
1743507338.670378
1743507338.701993
1743507338.734134
1743507338.766331
1743507338.798315
1743507338.830011
1743507338.862729
1743507338.894362
1743507338.926613
1743507338.958062
1743507338.990649
1743507339.022436
1743507339.054544
1743507339.085984
1743507339.102251
1743507339.134460
1743507339.166476
1743507339.197875
1743507339.229882
1743507339.246046
1743507339.278264
1743507339.309854
1743507339.342865
1743507339.374552
1743507339.406725
1743507339.438027
1743507339.470727
1743507339.518661
1743507339.549928
1743507339.581603
1743507339.598039
1743507339.630191
1743507339.662146
1743507339.694009
1743507339.726499
1743507339.758603
1743507339.790843
1743507339.838412
1743507339.870226
1743507339.902096
1743507339.918328
1743507339.949709
1743507339.965938
1743507339.982265
1743507339.998377
1743507340.029815
1743507340.046171
1743507340.078512
1743507340.110697
1743507340.142264
1743507340.174578
1743507340.206424
1743507340.238677
1743507340.269776
1743507340.302493
1743507340.334145
1743507340.366132
1743507340.397860
1743507340.414186
1743507340.446657
1743507340.493944
1743507340.525768
1743507340.558493
1743507340.590588
1743507340.622568
1743507340.653849
1743507340.686498
1743507340.718633
1743507340.750213
1743507340.782046
1743507340.814425
1743507340.846095
1743507340.878225
1743507340.909986
1743507340.942494
1743507340.974405
1743507341.006449
1743507341.037999
1743507341.070876
1743507341.102789
1743507341.150285
1743507341.181557
1743507341.197958
1743507341.230554
1743507341.262187
1743507341.294242
1743507341.326609
1743507341.358466
1743507341.390518
1743507341.422305
1743507341.470143
1743507341.502446
1743507341.534403
1743507341.565532
1743507341.582083
1743507341.614220
1743507341.646310
1743507341.678142
1743507341.710643
1743507341.742772
1743507341.790194
1743507341.821718
1743507341.854278
1743507341.886336
1743507341.918349
1743507341.949623
1743507341.965872
1743507341.982187
1743507342.014193
1743507342.045773
1743507342.062066
1743507342.094422
1743507342.126531
1743507342.157795
1743507342.190448
1743507342.222351
1743507342.254531
1743507342.285948
1743507342.302224
1743507342.334559
1743507342.366342
1743507342.397937
1743507342.414173
1743507342.446436
1743507342.478315
1743507342.509701
1743507342.542507
1743507342.574406
1743507342.606384
1743507342.638058
1743507342.670490
1743507342.702755
1743507342.734541
1743507342.765923
1743507342.798201
1743507342.829951
1743507342.862249
1743507342.894048
1743507342.926379
1743507342.958327
1743507342.990741
1743507343.022049
1743507343.054443
1743507343.102331
1743507343.134365
1743507343.165617
1743507343.181837
1743507343.214036
1743507343.245887
1743507343.261841
1743507343.294311
1743507343.326329
1743507343.358412
1743507343.390064
1743507343.422861
1743507343.454198
1743507343.486245
1743507343.517934
1743507343.550156
1743507343.582138
1743507343.614264
1743507343.645769
1743507343.678240
1743507343.710376
1743507343.742393
1743507343.773589
1743507343.805889
1743507343.838366
1743507343.870416
1743507343.902271
1743507343.934010
1743507343.965992
1743507343.982079
1743507343.998247
1743507344.030231
1743507344.077971
1743507344.110206
1743507344.142179
1743507344.174535
1743507344.205689
1743507344.238433
1743507344.270370
1743507344.302728
1743507344.333950
1743507344.350029
1743507344.397966
1743507344.430133
1743507344.461723
1743507344.477653
1743507344.494008
1743507344.526443
1743507344.557785
1743507344.590589
1743507344.622411
1743507344.654494
1743507344.686403
1743507344.718533
1743507344.749960
1743507344.782155
1743507344.813796
1743507344.845955
1743507344.878322
1743507344.910316
1743507344.941977
1743507344.958117
1743507344.990787
1743507345.022876
1743507345.053768
1743507345.086228
1743507345.118421
1743507345.150000
1743507345.181466
1743507345.198031
1743507345.229885
1743507345.246021
1743507345.262008
1743507345.294374
1743507345.326557
1743507345.374202
1743507345.405530
1743507345.438396
1743507345.470385
1743507345.502390
1743507345.533940
1743507345.566058
1743507345.597864
1743507345.630085
1743507345.661771
1743507345.694315
1743507345.726165
1743507345.758196
1743507345.789769
1743507345.822225
1743507345.854528
1743507345.886426
1743507345.917878
1743507345.950334
1743507345.982136
1743507346.029667
1743507346.061479
1743507346.094237
1743507346.126149
1743507346.158180
1743507346.189805
1743507346.222536
1743507346.254422
1743507346.286424
1743507346.318092
1743507346.350665
1743507346.381778
1743507346.398029
1743507346.429441
1743507346.445799
1743507346.462122
1743507346.494013
1743507346.526106
1743507346.558484
1743507346.590577
1743507346.622597
1743507346.669970
1743507346.702605
1743507346.734161
1743507346.765762
1743507346.797431
1743507346.813765
1743507346.846055
1743507346.878313
1743507346.909852
1743507346.942473
1743507346.974343
1743507347.006628
1743507347.037516
1743507347.070353
1743507347.102570
1743507347.134223
1743507347.165390
1743507347.181699
1743507347.214245
1743507347.246121
1743507347.262016
1743507347.294408
1743507347.326359
1743507347.357347
1743507347.373812
1743507347.406201
1743507347.438274
1743507347.470332
1743507347.502091
1743507347.534208
1743507347.566160
1743507347.598047
1743507347.645760
1743507347.678077
1743507347.709086
1743507347.725459
1743507347.757557
1743507347.773588
1743507347.806560
1743507347.838670
1743507347.869812
1743507347.902409
1743507347.934333
1743507347.981742
1743507348.013586
1743507348.029812
1743507348.062070
1743507348.094248
1743507348.125993
1743507348.158395
1743507348.190429
1743507348.222320
1743507348.253743
1743507348.302409
1743507348.334159
1743507348.365605
1743507348.397480
1743507348.413757
1743507348.446064
1743507348.477955
1743507348.509704
1743507348.542362
1743507348.574268
1743507348.621915
1743507348.653515
1743507348.686170
1743507348.718108
1743507348.749872
1743507348.781420
1743507348.797938
1743507348.830162
1743507348.862013
1743507348.893748
1743507348.926316
1743507348.958268
1743507348.989999
1743507349.021472
1743507349.054368
1743507349.086056
1743507349.118281
1743507349.149386
1743507349.165860
1743507349.198048
1743507349.230035
1743507349.277907
1743507349.310174
1743507349.342157
1743507349.374198
1743507349.405530
1743507349.421753
1743507349.437836
1743507349.470290
1743507349.501881
1743507349.533101
1743507349.549947
1743507349.597637
1743507349.629384
1743507349.662010
1743507349.694011
1743507349.725979
1743507349.757552
1743507349.790135
1743507349.822238
1743507349.854162
1743507349.885782
1743507349.933878
1743507349.965549
1743507349.997721
1743507350.029447
1743507350.061765
1743507350.093762
1743507350.126594
1743507350.157734
1743507350.190482
1743507350.222205
1743507350.254631
1743507350.285436
1743507350.301673
1743507350.333686
1743507350.365629
1743507350.397301
1743507350.413704
1743507350.429828
1743507350.462006
1743507350.493665
1743507350.526246
1743507350.574139
1743507350.605957
1743507350.637436
1743507350.670264
1743507350.702396
1743507350.734090
1743507350.765346
1743507350.781764
1743507350.813853
1743507350.829896
1743507350.861613
1743507350.877728
1743507350.910694
1743507350.942183
1743507350.973727
1743507351.006143
1743507351.038151
1743507351.070053
1743507351.101950
1743507351.133999
1743507351.166023
1743507351.197945
1743507351.229546
1743507351.245610
1743507351.261752
1743507351.294151
1743507351.325547
1743507351.358037
1743507351.389955
1743507351.422120
1743507351.453690
1743507351.485856
1743507351.518583
1743507351.550317
1743507351.581707
1743507351.613710
1743507351.645846
1743507351.677922
1743507351.710032
1743507351.742093
1743507351.773548
1743507351.806775
1743507351.838323
1743507351.886024
1743507351.917380
1743507351.949574
1743507351.981692
1743507351.997771
1743507352.029330
1743507352.045633
1743507352.078255
1743507352.110271
1743507352.141531
1743507352.157555
1743507352.205964
1743507352.238103
1743507352.269346
1743507352.302090
1743507352.333768
1743507352.365855
1743507352.397383
1743507352.413736
1743507352.446017
1743507352.478100
1743507352.525742
1743507352.557943
1743507352.590054
1743507352.622231
1743507352.653804
1743507352.685898
1743507352.718123
1743507352.749739
1743507352.781443
1743507352.797988
1743507352.829967
1743507352.862177
1743507352.893613
1743507352.926088
1743507352.958252
1743507352.989981
1743507353.021485
1743507353.054105
1743507353.086458
1743507353.118591
1743507353.149500
1743507353.182049
1743507353.213604
1743507353.245548
1743507353.277441
1743507353.310133
1743507353.342018
1743507353.374127
1743507353.406132
1743507353.438510
1743507353.470101
1743507353.502289
1743507353.533652
1743507353.565623
1743507353.597456
1743507353.613586
1743507353.645378
1743507353.661493
1743507353.693787
1743507353.725905
1743507353.757563
1743507353.790234
1743507353.837990
1743507353.869888
1743507353.901378
1743507353.933921
1743507353.965502
1743507353.981749
1743507354.013297
1743507354.029593
1743507354.061957
1743507354.093906
1743507354.125735
1743507354.158314
1743507354.190078
1743507354.222088
1743507354.253373
1743507354.286096
1743507354.318036
1743507354.349531
1743507354.381198
1743507354.397754
1743507354.413857
1743507354.445988
1743507354.477583
1743507354.510023
1743507354.541964
1743507354.574014
1743507354.605483
1743507354.638229
1743507354.669997
1743507354.702418
1743507354.733630
1743507354.765931
1743507354.813451
1743507354.845797
1743507354.877270
1743507354.909885
1743507354.942085
1743507354.974035
1743507355.005419
1743507355.021466
1743507355.037682
1743507355.053702
1743507355.085698
1743507355.133941
1743507355.165545
1743507355.197441
1743507355.229262
1743507355.245605
1743507355.277825
1743507355.309805
1743507355.341748
1743507355.357390
1743507355.373805
1743507355.406132
1743507355.453928
1743507355.485953
1743507355.517953
1743507355.549728
1743507355.581402
1743507355.597645
1743507355.629832
1743507355.661871
1743507355.693792
1743507355.726348
1743507355.758173
1743507355.790031
1743507355.821443
1743507355.854027
1743507355.886048
1743507355.918091
1743507355.949202
1743507355.965407
1743507355.981778
1743507356.014040
1743507356.045490
1743507356.078104
1743507356.110256
1743507356.142148
1743507356.173483
1743507356.206017
1743507356.237946
1743507356.269830
1743507356.301444
1743507356.317595
1743507356.349699
1743507356.365667
1743507356.397381
1743507356.430150
1743507356.461548
1743507356.493799
1743507356.525292
1743507356.558016
1743507356.589963
1743507356.622126
1743507356.653378
1743507356.686279
1743507356.718090
1743507356.765455
1743507356.796481
1743507356.812806
1743507356.829811
1743507356.861899
1743507356.893336
1743507356.926023
1743507356.958210
1743507356.989922
1743507357.021985
1743507357.054053
1743507357.085994
1743507357.118290
1743507357.149234
1743507357.165485
1743507357.197680
1743507357.229657
1743507357.261669
1743507357.293920
1743507357.326150
1743507357.358082
1743507357.405932
1743507357.437781
1743507357.470087
1743507357.501975
1743507357.533333
1743507357.549586
1743507357.581783
1743507357.613646
1743507357.645369
1743507357.661717
1743507357.694122
1743507357.741840
1743507357.773214
1743507357.805910
1743507357.837991
1743507357.870060
1743507357.901454
1743507357.917527
1743507357.949821
1743507357.981612
1743507358.013230
1743507358.029563
1743507358.061762
1743507358.093707
1743507358.125360
1743507358.157893
1743507358.189828
1743507358.222023
1743507358.253316
1743507358.286078
1743507358.318045
1743507358.349804
1743507358.381215
1743507358.397562
1743507358.429571
1743507358.461584
1743507358.493314
1743507358.525712
1743507358.557000
1743507358.573039
1743507358.589558
1743507358.622371
1743507358.654160
1743507358.686363
1743507358.717376
1743507358.749579
1743507358.781312
1743507358.797803
1743507358.829448
1743507358.861682
1743507358.893794
1743507358.925993
1743507358.957423
1743507358.990546
1743507359.037588
1743507359.069989
1743507359.101576
1743507359.133425
1743507359.165622
1743507359.197571
1743507359.229531
1743507359.261669
1743507359.293864
1743507359.326050
1743507359.357991
1743507359.389772
1743507359.421227
1743507359.454028
1743507359.485899
1743507359.518037
1743507359.549006
1743507359.565409
1743507359.597562
1743507359.613603
1743507359.645330
1743507359.661771
1743507359.694246
1743507359.725676
1743507359.757223
1743507359.789934
1743507359.822041
1743507359.854247
1743507359.885302
1743507359.917950
1743507359.949604
1743507359.981583
1743507360.013603
1743507360.045724
1743507360.077688
1743507360.109828
1743507360.141335
1743507360.173845
1743507360.205913
1743507360.237850
1743507360.269499
1743507360.302249
1743507360.334042
1743507360.365188
1743507360.396904
1743507360.413330
1743507360.445571
1743507360.477883
1743507360.509268
1743507360.542094
1743507360.574061
1743507360.605964
1743507360.637471
1743507360.670230
1743507360.701809
1743507360.733206
1743507360.764957
1743507360.781309
1743507360.797595
1743507360.829488
1743507360.861432
1743507360.893789
1743507360.925971
1743507360.957949
1743507360.989242
1743507361.021838
1743507361.054231
1743507361.085895
1743507361.117573
1743507361.149595
1743507361.181482
1743507361.213584
1743507361.230222
1743507361.262101
1743507361.309865
1743507361.341662
1743507361.373094
1743507361.405894
1743507361.437698
1743507361.469722
1743507361.501268
1743507361.517369
1743507361.533622
1743507361.565601
1743507361.597188
1743507361.613606
1743507361.646151
1743507361.677739
1743507361.709088
1743507361.725097
1743507361.757847
1743507361.789845
1743507361.821171
1743507361.853791
1743507361.885917
1743507361.918189
1743507361.965654
1743507361.997226
1743507362.029633
1743507362.061530
1743507362.093244
1743507362.125657
1743507362.157719
1743507362.189853
1743507362.221379
1743507362.254098
1743507362.285965
1743507362.317692
1743507362.348851
1743507362.365173
1743507362.397568
1743507362.429616
1743507362.461147
1743507362.493683
1743507362.525787
1743507362.557965
1743507362.589465
1743507362.622121
1743507362.653684
1743507362.685829
1743507362.717069
1743507362.749465
1743507362.781428
1743507362.797713
1743507362.829099
1743507362.845405
1743507362.861723
1743507362.893580
1743507362.941842
1743507362.973799
1743507363.005953
1743507363.037895
1743507363.069399
1743507363.102219
1743507363.133972
1743507363.165499
1743507363.197202
1743507363.213519
1743507363.229657
1743507363.262104
1743507363.293132
1743507363.325988
1743507363.357600
1743507363.389907
1743507363.421129
1743507363.436989
1743507363.453267
1743507363.469292
1743507363.501428
1743507363.517697
1743507363.549566
1743507363.597181
1743507363.628834
1743507363.645201
1743507363.677658
1743507363.709595
1743507363.741140
1743507363.773904
1743507363.805819
1743507363.837874
1743507363.869275
1743507363.917722
1743507363.949145
1743507363.981346
1743507364.013096
1743507364.029406
1743507364.061617
1743507364.093606
1743507364.125256
1743507364.157903
1743507364.189910
1743507364.237453
1743507364.269135
1743507364.301778
1743507364.333671
1743507364.365492
1743507364.396886
1743507364.413348
1743507364.445581
1743507364.477822
1743507364.509383
1743507364.542026
1743507364.573992
1743507364.605519
1743507364.636971
1743507364.653087
1743507364.669234
1743507364.685207
1743507364.701316
1743507364.717418
1743507364.749638
1743507364.781515
1743507364.813523
1743507364.845576
1743507364.893512
1743507364.925781
1743507364.957106
1743507364.989665
1743507365.021845
1743507365.053705
1743507365.085623
1743507365.117811
1743507365.149507
1743507365.181595
1743507365.213166
1743507365.245246
1743507365.277527
1743507365.309706
1743507365.341071
1743507365.373792
1743507365.405685
1743507365.438241
1743507365.469273
1743507365.501998
1743507365.549536
1743507365.581109
1743507365.612849
1743507365.629138
1743507365.661521
1743507365.693493
1743507365.725493
1743507365.757996
1743507365.790025
1743507365.821933
1743507365.869662
1743507365.901964
1743507365.933719
1743507365.965330
1743507365.996868
1743507366.013198
1743507366.045549
1743507366.077461
1743507366.109487
1743507366.141764
1743507366.189537
1743507366.221595
1743507366.252940
1743507366.269236
1743507366.301736
1743507366.333478
1743507366.364836
1743507366.381347
1743507366.413456
1743507366.445606
1743507366.477189
1743507366.525533
1743507366.557594
1743507366.589682
1743507366.621101
1743507366.654067
1743507366.685683
1743507366.717730
1743507366.749160
1743507366.765495
1743507366.797520
1743507366.813726
1743507366.861154
1743507366.893227
1743507366.926033
1743507366.957729
1743507366.989764
1743507367.021636
1743507367.052988
1743507367.069050
1743507367.085246
1743507367.101438
1743507367.133065
1743507367.165816
1743507367.197086
1743507367.229175
1743507367.260966
1743507367.293418
1743507367.325617
1743507367.357735
1743507367.389047
1743507367.421708
1743507367.453944
1743507367.501502
1743507367.532921
1743507367.549052
1743507367.581442
1743507367.613376
1743507367.644854
1743507367.677461
1743507367.709646
1743507367.741853
1743507367.773149
1743507367.806081
1743507367.837687
1743507367.869611
1743507367.901292
1743507367.933210
1743507367.965296
1743507367.997411
1743507368.028843
1743507368.045300
1743507368.061443
1743507368.093824
1743507368.141632
1743507368.173693
1743507368.205581
1743507368.237437
1743507368.268987
1743507368.301734
1743507368.333577
1743507368.365360
1743507368.397090
1743507368.429637
1743507368.477166
1743507368.509510
1743507368.541084
1743507368.573652
1743507368.605434
1743507368.637603
1743507368.668987
1743507368.701837
1743507368.733894
1743507368.765481
1743507368.797118
1743507368.829039
1743507368.861224
1743507368.893635
1743507368.925109
1743507368.957767
1743507368.989614
1743507369.021648
1743507369.053058
1743507369.085924
1743507369.134523
1743507369.165009
1743507369.196678
1743507369.213082
1743507369.229239
1743507369.261407
1743507369.293107
1743507369.325505
1743507369.357970
1743507369.389733
1743507369.421376
1743507369.453919
1743507369.485378
1743507369.501205
1743507369.532682
1743507369.548952
1743507369.581135
1743507369.597224
1743507369.628763
1743507369.645098
1743507369.677589
1743507369.709912
1743507369.741305
1743507369.789401
1743507369.821480
1743507369.853557
1743507369.885087
1743507369.917481
1743507369.949299
1743507369.981399
1743507370.012872
1743507370.029263
1743507370.061453
1743507370.093760
1743507370.124835
1743507370.157502
1743507370.189500
1743507370.221433
1743507370.252917
1743507370.285620
1743507370.317589
1743507370.349477
1743507370.380892
1743507370.397346
1743507370.429587
1743507370.461362
1743507370.493114
1743507370.525736
1743507370.557401
1743507370.589618
1743507370.621343
1743507370.653878
1743507370.685794
1743507370.717769
1743507370.764968
1743507370.797113
1743507370.829064
1743507370.845102
1743507370.877015
1743507370.909620
1743507370.941542
1743507370.973575
1743507371.005086
1743507371.038198
1743507371.069822
1743507371.101439
1743507371.132870
1743507371.148920
1743507371.181164
1743507371.197144
1743507371.228746
1743507371.245087
1743507371.261333
1743507371.293418
1743507371.325062
1743507371.357848
1743507371.405356
1743507371.437309
1743507371.468822
1743507371.501545
1743507371.516924
1743507371.532931
1743507371.564635
1743507371.581199
1743507371.613128
1743507371.629267
1743507371.661170
1743507371.693508
1743507371.741351
1743507371.773325
1743507371.804836
1743507371.837469
1743507371.869626
1743507371.901567
1743507371.932920
1743507371.949045
1743507371.965200
1743507371.981393
1743507372.012932
1743507372.029604
1743507372.061967
1743507372.093518
1743507372.125050
1743507372.157447
1743507372.189614
1743507372.221584
1743507372.252985
1743507372.285648
1743507372.317567
1743507372.349553
1743507372.381192
1743507372.412980
1743507372.429223
1743507372.461183
1743507372.493263
1743507372.525476
1743507372.557519
1743507372.589531
1743507372.620920
1743507372.653600
1743507372.685760
1743507372.717898
1743507372.748500
1743507372.764793
1743507372.781043
1743507372.813310
1743507372.844990
1743507372.861064
1743507372.893375
1743507372.925712
1743507372.957158
1743507372.989628
1743507373.037162
1743507373.069310
1743507373.101021
1743507373.133064
1743507373.165201
1743507373.196875
1743507373.228604
1743507373.245060
1743507373.277541
1743507373.309725
1743507373.357277
1743507373.389528
1743507373.421396
1743507373.453366
1743507373.484890
1743507373.517658
1743507373.549473
1743507373.581157
1743507373.612747
1743507373.629181
1743507373.661259
1743507373.693270
1743507373.724791
1743507373.757449
1743507373.789259
1743507373.821325
1743507373.852944
1743507373.885777
1743507373.917485
1743507373.949141
1743507373.996991
1743507374.028926
1743507374.044915
1743507374.060953
1743507374.092795
1743507374.125403
1743507374.157337
1743507374.189742
1743507374.220907
1743507374.253778
1743507374.285979
1743507374.333400
1743507374.364489
1743507374.381005
1743507374.413113
1743507374.445062
1743507374.477456
1743507374.509463
1743507374.541551
1743507374.573501
1743507374.605637
1743507374.637745
1743507374.668774
1743507374.701777
1743507374.733419
1743507374.765013
1743507374.796559
1743507374.813051
1743507374.845161
1743507374.877601
1743507374.908978
1743507374.941654
1743507374.973667
1743507375.005190
1743507375.036848
1743507375.069357
1743507375.101548
1743507375.133380
1743507375.164530
1743507375.180978
1743507375.213106
1743507375.245379
1743507375.276964
1743507375.309755
1743507375.341324
1743507375.373288
1743507375.404750
1743507375.437429
1743507375.469217
1743507375.501733
1743507375.532969
1743507375.549019
1743507375.581138
1743507375.597216
1743507375.644946
1743507375.677376
1743507375.709332
1743507375.741656
1743507375.772761
1743507375.805444
1743507375.837538
1743507375.869356
1743507375.901225
1743507375.949595
1743507375.980864
1743507376.012663
1743507376.044563
1743507376.060904
1743507376.093175
1743507376.125459
1743507376.156737
1743507376.189476
1743507376.221493
1743507376.252127
1743507376.284942
1743507376.317468
1743507376.349058
1743507376.365123
1743507376.396679
1743507376.413018
1743507376.445108
1743507376.461077
1743507376.492880
1743507376.525571
1743507376.557658
1743507376.589493
1743507376.620707
1743507376.653183
1743507376.685214
1743507376.717222
1743507376.748531
1743507376.764801
1743507376.797016
1743507376.829366
1743507376.860734
1743507376.893300
1743507376.925413
1743507376.957161
1743507376.988637
1743507377.021316
1743507377.053488
1743507377.085367
1743507377.116681
1743507377.132949
1743507377.165333
1743507377.197365
1743507377.228843
1743507377.261591
1743507377.293058
1743507377.325279
1743507377.356677
1743507377.388989
1743507377.421650
1743507377.453303
1743507377.484749
1743507377.517689
1743507377.549190
1743507377.564975
1743507377.596757
1743507377.628989
1743507377.660848
1743507377.693055
1743507377.724700
1743507377.757437
1743507377.789368
1743507377.821414
1743507377.852823
1743507377.885426
1743507377.917286
1743507377.948877
1743507377.980515
1743507377.996909
1743507378.012970
1743507378.029013
1743507378.060582
1743507378.093188
1743507378.125436
1743507378.157727
1743507378.188774
1743507378.237248
1743507378.269534
1743507378.301460
1743507378.332782
1743507378.364925
1743507378.397149
1743507378.428975
1743507378.460683
1743507378.476915
1743507378.509351
1743507378.541540
1743507378.572621
1743507378.605324
1743507378.637437
1743507378.669283
1743507378.700680
1743507378.716811
1743507378.748953
1743507378.781242
1743507378.812647
1743507378.829063
1743507378.877017
1743507378.909062
1743507378.940541
1743507378.973321
1743507379.005233
1743507379.037543
1743507379.068672
1743507379.101440
1743507379.133552
1743507379.165019
1743507379.212907
1743507379.244896
1743507379.277083
1743507379.309167
1743507379.340814
1743507379.373306
1743507379.405416
1743507379.437326
1743507379.469020
1743507379.501542
1743507379.549350
1743507379.580854
1743507379.612353
1743507379.628738
1743507379.660760
1743507379.693004
1743507379.724751
1743507379.757235
1743507379.789341
1743507379.821435
1743507379.852769
1743507379.885112
1743507379.917153
1743507379.948976
1743507379.980344
1743507379.996871
1743507380.029168
1743507380.060995
1743507380.092759
1743507380.125152
1743507380.157444
1743507380.189470
1743507380.220574
1743507380.253232
1743507380.285198
1743507380.317170
1743507380.348361
1743507380.364793
1743507380.397061
1743507380.428923
1743507380.460649
1743507380.493548
1743507380.525567
1743507380.557102
1743507380.588504
1743507380.621385
1743507380.653248
1743507380.685296
1743507380.716599
1743507380.732753
1743507380.765121
1743507380.797012
1743507380.844856
1743507380.877085
1743507380.909138
1743507380.941506
1743507380.972698
1743507381.005416
1743507381.037272
1743507381.069355
1743507381.100875
1743507381.133250
1743507381.165162
1743507381.196694
1743507381.228344
1743507381.244736
1743507381.277255
1743507381.309142
1743507381.340610
1743507381.373414
1743507381.405571
1743507381.437827
1743507381.468385
1743507381.501554
1743507381.532930
1743507381.564781
1743507381.580606
1743507381.596920
1743507381.628820
1743507381.661011
1743507381.692600
1743507381.725098
1743507381.757632
1743507381.789571
1743507381.820559
1743507381.853632
1743507381.885173
1743507381.917312
1743507381.948375
1743507381.964659
1743507381.996976
1743507382.013213
1743507382.044124
1743507382.060613
1743507382.077145
1743507382.109559
1743507382.141439
1743507382.173463
1743507382.205314
1743507382.237055
1743507382.269391
1743507382.301305
1743507382.332640
1743507382.364979
1743507382.396864
1743507382.412911
1743507382.444659
1743507382.477674
1743507382.509115
1743507382.541204
1743507382.572517
1743507382.605062
1743507382.637376
1743507382.667992
1743507382.684544
1743507382.700940
1743507382.732521
1743507382.748945
1743507382.796214
1743507382.812629
1743507382.844601
1743507382.877224
1743507382.908511
1743507382.941189
1743507382.973219
1743507383.005182
1743507383.036664
1743507383.069433
1743507383.117089
1743507383.148653
1743507383.180265
1743507383.196661
1743507383.212776
1743507383.244851
1743507383.276672
1743507383.309054
1743507383.341229
1743507383.373439
1743507383.404891
1743507383.452984
1743507383.484985
1743507383.517117
1743507383.548267
1743507383.564669
1743507383.597043
1743507383.612650
1743507383.644519
1743507383.677167
1743507383.709350
1743507383.741211
1743507383.772565
1743507383.804920
1743507383.837174
1743507383.869014
1743507383.900547
1743507383.932841
1743507383.964944
1743507383.997055
1743507384.028840
1743507384.061147
1743507384.093265
1743507384.125244
1743507384.156381
1743507384.189069
1743507384.221075
1743507384.253160
1743507384.284640
1743507384.317526
1743507384.349005
1743507384.380909
1743507384.428719
1743507384.460872
1743507384.493009
1743507384.525007
1743507384.556494
1743507384.589259
1743507384.621192
1743507384.653339
1743507384.684821
1743507384.717507
1743507384.749278
1743507384.780575
1743507384.812218
1743507384.828618
1743507384.860920
1743507384.892458
1743507384.908802
1743507384.941130
1743507384.973240
1743507385.004958
1743507385.036821
1743507385.069273
1743507385.101343
1743507385.133138
1743507385.164315
1743507385.180764
1743507385.212748
1743507385.244866
1743507385.276578
1743507385.309174
1743507385.341183
1743507385.373473
1743507385.404555
1743507385.437028
1743507385.469115
1743507385.501210
1743507385.532464
1743507385.548580
1743507385.581012
1743507385.612687
1743507385.628734
1743507385.644862
1743507385.660986
1743507385.693446
1743507385.724654
1743507385.757041
1743507385.789076
1743507385.821107
1743507385.852367
1743507385.885141
1743507385.917178
1743507385.948912
1743507385.980389
1743507385.996872
1743507386.012978
1743507386.044977
1743507386.076414
1743507386.108742
1743507386.141402
1743507386.173037
1743507386.204401
1743507386.237145
1743507386.269190
1743507386.301371
1743507386.332727
1743507386.380494
1743507386.412533
1743507386.444564
1743507386.476426
1743507386.508993
1743507386.541098
1743507386.573421
1743507386.604547
1743507386.620555
1743507386.636726
1743507386.652755
1743507386.701031
1743507386.732838
1743507386.764668
1743507386.796454
1743507386.828219
1743507386.844736
1743507386.877099
1743507386.908999
1743507386.940561
1743507386.973412
1743507387.021041
1743507387.052881
1743507387.084372
1743507387.100499
1743507387.116655
1743507387.148744
1743507387.180142
1743507387.196671
1743507387.228774
1743507387.261213
1743507387.292498
1743507387.325361
1743507387.357285
1743507387.388791
1743507387.420296
1743507387.453051
1743507387.485189
1743507387.517038
1743507387.548395
1743507387.564546
1743507387.596688
1743507387.612895
1743507387.644428
1743507387.677544
1743507387.708824
1743507387.741125
1743507387.772483
1743507387.805327
1743507387.836894
1743507387.869213
1743507387.900585
1743507387.932861
1743507387.964813
1743507387.997137
1743507388.028223
1743507388.044432
1743507388.060543
1743507388.092943
1743507388.124392
1743507388.157276
1743507388.189076
1743507388.221008
1743507388.252544
1743507388.285273
1743507388.332920
1743507388.364782
1743507388.396264
1743507388.412405
1743507388.428566
1743507388.460882
1743507388.492332
1743507388.524893
1743507388.557123
1743507388.589076
1743507388.620557
1743507388.653151
1743507388.685093
1743507388.716945
1743507388.748088
1743507388.764541
1743507388.796619
1743507388.828796
1743507388.860353
1743507388.892971
1743507388.925183
1743507388.972841
1743507389.004230
1743507389.036946
1743507389.069053
1743507389.100964
1743507389.132343
1743507389.148420
1743507389.180448
1743507389.196619
1743507389.228384
1743507389.244638
1743507389.260870
1743507389.308796
1743507389.340305
1743507389.372939
1743507389.404924
1743507389.436921
1743507389.468266
1743507389.501029
1743507389.533141
1743507389.564963
1743507389.596468
1743507389.628554
1743507389.644612
1743507389.676699
1743507389.708946
1743507389.741006
1743507389.772930
1743507389.805073
1743507389.837085
1743507389.868915
1743507389.900611
1743507389.948480
1743507389.980264
1743507389.996424
1743507390.012592
1743507390.044790
1743507390.076912
1743507390.109112
1743507390.140440
1743507390.173095
1743507390.205258
1743507390.237101
1743507390.284965
1743507390.316801
1743507390.348411
1743507390.364533
1743507390.396086
1743507390.412455
1743507390.428633
1743507390.460822
1743507390.492303
1743507390.525319
1743507390.557167
1743507390.604757
1743507390.636264
1743507390.668778
1743507390.700934
1743507390.732404
1743507390.764120
1743507390.780432
1743507390.796630
1743507390.828579
1743507390.860321
1743507390.876706
1743507390.924838
1743507390.956890
1743507390.988239
1743507391.020759
1743507391.052975
1743507391.084860
1743507391.116502
1743507391.148779
1743507391.180655
1743507391.197108
1743507391.228439
1743507391.260873
1743507391.292658
1743507391.324734
1743507391.356438
1743507391.388972
1743507391.420866
1743507391.452889
1743507391.484545
1743507391.517336
1743507391.548728
1743507391.581039
1743507391.611943
1743507391.628392
1743507391.660544
1743507391.692883
1743507391.724313
1743507391.757008
1743507391.789039
1743507391.821027
1743507391.852564
1743507391.900692
1743507391.932126
1743507391.964709
1743507391.995997
1743507392.012401
1743507392.044823
1743507392.076893
1743507392.108422
1743507392.141063
1743507392.173013
1743507392.205117
1743507392.236481
1743507392.268846
1743507392.300791
1743507392.332559
1743507392.363953
1743507392.380509
1743507392.412592
1743507392.444616
1743507392.476334
1743507392.508965
1743507392.556672
1743507392.588653
1743507392.620238
1743507392.652657
1743507392.684863
1743507392.717047
1743507392.748361
1743507392.764523
1743507392.780751
1743507392.812719
1743507392.844587
1743507392.877212
1743507392.909424
1743507392.940865
1743507392.972306
1743507393.004956
1743507393.036891
1743507393.068977
1743507393.100471
1743507393.116468
1743507393.148646
1743507393.180566
1743507393.212569
1743507393.244602
1743507393.276792
1743507393.308755
1743507393.340503
1743507393.372931
1743507393.405307
1743507393.436884
1743507393.468346
1743507393.484315
1743507393.500628
1743507393.532984
1743507393.563902
1743507393.580259
1743507393.612579
1743507393.644597
1743507393.676155
1743507393.692118
1743507393.724728
1743507393.757132
1743507393.788348
1743507393.821020
1743507393.853109
1743507393.884728
1743507393.916195
1743507393.948630
1743507393.980356
1743507394.012333
1743507394.043992
1743507394.060406
1743507394.093010
1743507394.124972
1743507394.156057
1743507394.187693
1743507394.204545
1743507394.236853
1743507394.268238
1743507394.301085
1743507394.332712
1743507394.364513
1743507394.396103
1743507394.412651
1743507394.444686
1743507394.476836
1743507394.508241
1743507394.540869
1743507394.572958
1743507394.604684
1743507394.636185
1743507394.668855
1743507394.700976
1743507394.732904
1743507394.764145
1743507394.780436
1743507394.796725
1743507394.828973
1743507394.859984
1743507394.876018
1743507394.909457
1743507394.940708
1743507394.972427
1743507395.004933
1743507395.036971
1743507395.068675
1743507395.100545
1743507395.132663
1743507395.164731
1743507395.196346
1743507395.228090
1743507395.260508
1743507395.292667
1743507395.324735
1743507395.356258
1743507395.389041
1743507395.420972
1743507395.452980
1743507395.484281
1743507395.516785
1743507395.548489
1743507395.580400
1743507395.611914
1743507395.628287
1743507395.660645
1743507395.692780
1743507395.724503
1743507395.756953
1743507395.804561
1743507395.836601
1743507395.868205
1743507395.901032
1743507395.932637
1743507395.964538
1743507395.995900
1743507396.012412
1743507396.044699
1743507396.076752
1743507396.108338
1743507396.140912
1743507396.172713
1743507396.204662
1743507396.236213
1743507396.268604
1743507396.300897
1743507396.332754
1743507396.364110
1743507396.396875
1743507396.428582
1743507396.460872
1743507396.492126
1743507396.524713
1743507396.556680
1743507396.588888
1743507396.620105
1743507396.652798
1743507396.684686
1743507396.717200
1743507396.748127
1743507396.780844
1743507396.812315
1743507396.844610
1743507396.876140
1743507396.908837
1743507396.941013
1743507396.972753
1743507397.004170
1743507397.036832
1743507397.068847
1743507397.116727
1743507397.147945
1743507397.164262
1743507397.196500
1743507397.228495
1743507397.259950
1743507397.292173
1743507397.324730
1743507397.356720
1743507397.389315
1743507397.436467
1743507397.468776
1743507397.500693
1743507397.532672
1743507397.564539
1743507397.595849
1743507397.612479
1743507397.644520
1743507397.676884
1743507397.708220
1743507397.724249
1743507397.757066
1743507397.788757
1743507397.820278
1743507397.852643
1743507397.884719
1743507397.916901
1743507397.947857
1743507397.964217
1743507397.980400
1743507398.012655
1743507398.044011
1743507398.060309
1743507398.092779
1743507398.124583
1743507398.156062
1743507398.188663
1743507398.220861
1743507398.252657
1743507398.284214
1743507398.316881
1743507398.348660
1743507398.380686
1743507398.412271
1743507398.444367
1743507398.476389
1743507398.508542
1743507398.540087
1743507398.572563
1743507398.604705
1743507398.636880
1743507398.668327
1743507398.701041
1743507398.732663
1743507398.764381
1743507398.795733
1743507398.812133
1743507398.844329
1743507398.876457
1743507398.908230
1743507398.940751
1743507398.972783
1743507399.005125
1743507399.036260
1743507399.068839
1743507399.100807
1743507399.132607
1743507399.163790
1743507399.180031
1743507399.196199
1743507399.212351
1743507399.243837
1743507399.260441
1743507399.292698
1743507399.324669
1743507399.356514
1743507399.388779
1743507399.420595
1743507399.452619
1743507399.484120
1743507399.516637
1743507399.548386
1743507399.580286
1743507399.611932
1743507399.628263
1743507399.660790
1743507399.708282
1743507399.739834
1743507399.772722
1743507399.804825
1743507399.836838
1743507399.867917
1743507399.900762
1743507399.931549
1743507399.948425
1743507399.979738
1743507399.996859
1743507400.044414
1743507400.076551
1743507400.107973
1743507400.140613
1743507400.172659
1743507400.204578
1743507400.236088
1743507400.268950
1743507400.301038
1743507400.333226
1743507400.363943
1743507400.396162
1743507400.428164
1743507400.460153
1743507400.491910
1743507400.524545
1743507400.556777
1743507400.588791
1743507400.620103
1743507400.652781
1743507400.685144
1743507400.716468
1743507400.747813
1743507400.780364
1743507400.812109
1743507400.828258
1743507400.859848
1743507400.875855
1743507400.892388
1743507400.924667
1743507400.956260
1743507400.989260
1743507401.020796
1743507401.052549
1743507401.083804
1743507401.100105
1743507401.132682
1743507401.164217
1743507401.195971
1743507401.212279
1743507401.244474
1743507401.276664
1743507401.308324
1743507401.340789
1743507401.372460
1743507401.404618
1743507401.435931
1743507401.451931
1743507401.484594
1743507401.516592
1743507401.547802
1743507401.564277
1743507401.596408
1743507401.628595
1743507401.659956
1743507401.692369
1743507401.724639
1743507401.756394
1743507401.787869
1743507401.820618
1743507401.852563
1743507401.884724
1743507401.916242
1743507401.948517
1743507401.996135
1743507402.027023
1743507402.044220
1743507402.076559
1743507402.108477
1743507402.140596
1743507402.172011
1743507402.204639
1743507402.236973
1743507402.268654
1743507402.316477
1743507402.347972
1743507402.380232
1743507402.412424
1743507402.443664
1743507402.460150
1743507402.492385
1743507402.524491
1743507402.556138
1743507402.588684
1743507402.636410
1743507402.668307
1743507402.699885
1743507402.715944
1743507402.748190
1743507402.780959
1743507402.811865
1743507402.828175
1743507402.860334
1743507402.892520
1743507402.924171
1743507402.972524
1743507403.004466
1743507403.036531
1743507403.067779
1743507403.100668
1743507403.132563
1743507403.164095
1743507403.195772
1743507403.212335
1743507403.244619
1743507403.292338
1743507403.323755
1743507403.356536
1743507403.388517
1743507403.420476
1743507403.452023
1743507403.484517
1743507403.516732
1743507403.548520
1743507403.579901
1743507403.612781
1743507403.644112
1743507403.676372
1743507403.707675
1743507403.740616
1743507403.772715
1743507403.804466
1743507403.836038
1743507403.868645
1743507403.900893
1743507403.948665
1743507403.979710
1743507404.011962
1743507404.044421
1743507404.076323
1743507404.107854
1743507404.140502
1743507404.172623
1743507404.204584
1743507404.236368
1743507404.268615
1743507404.300462
1743507404.332008
1743507404.363727
1743507404.380097
1743507404.412218
1743507404.444142
1743507404.475851
1743507404.492170
1743507404.524610
1743507404.556954
1743507404.587924
1743507404.620599
1743507404.652477
1743507404.684286
1743507404.715868
1743507404.731934
1743507404.764282
1743507404.796104
1743507404.827818
1743507404.844216
1743507404.876888
1743507404.924259
1743507404.955836
1743507404.987909
1743507405.020899
1743507405.052510
1743507405.084394
1743507405.116785
1743507405.148148
1743507405.180290
1743507405.212611
1743507405.244634
1743507405.275816
1743507405.308371
1743507405.340413
1743507405.372505
1743507405.403892
1743507405.436956
1743507405.468504
1743507405.500771
1743507405.531957
1743507405.564415
1743507405.596506
1743507405.628108
1743507405.659652
1743507405.692287
1743507405.724343
1743507405.756452
1743507405.787887
1743507405.820541
1743507405.852557
1743507405.900247
1743507405.931734
1743507405.963958
1743507405.996057
1743507406.027950
1743507406.059833
1743507406.092474
1743507406.124312
1743507406.156518
1743507406.188040
1743507406.220860
1743507406.252482
1743507406.284606
1743507406.315817
1743507406.347987
1743507406.363943
1743507406.380073
1743507406.411605
1743507406.428149
1743507406.460534
1743507406.492502
1743507406.540273
1743507406.572747
1743507406.604332
1743507406.636408
1743507406.667813
1743507406.684059
1743507406.716174
1743507406.748245
1743507406.779741
1743507406.796222
1743507406.828204
1743507406.844184
1743507406.875836
1743507406.908189
1743507406.940374
1743507406.972295
1743507407.003787
1743507407.036562
1743507407.068482
1743507407.100953
1743507407.131926
1743507407.148145
1743507407.195790
1743507407.227693
1743507407.259544
1743507407.275585
1743507407.291905
1743507407.324378
1743507407.355937
1743507407.388547
1743507407.420568
1743507407.452530
1743507407.484135
1743507407.516903
1743507407.547741
1743507407.563799
1743507407.579917
1743507407.612032
1743507407.643937
1743507407.676139
1743507407.707939
1743507407.740435
1743507407.772567
1743507407.804631
1743507407.852105
1743507407.884205
1743507407.916686
1743507407.947904
1743507407.979722
1743507408.012058
1743507408.044558
1743507408.076426
1743507408.107921
1743507408.140836
1743507408.172476
1743507408.204588
1743507408.235776
1743507408.268217
1743507408.300400
1743507408.332403
1743507408.363521
1743507408.379980
1743507408.396393
1743507408.428141
1743507408.459813
1743507408.492583
1743507408.524177
1743507408.556374
1743507408.587742
1743507408.620546
1743507408.652368
1743507408.684444
1743507408.715876
1743507408.732015
1743507408.764367
1743507408.796229
1743507408.827726
1743507408.843770
1743507408.876224
1743507408.908296
1743507408.939807
1743507408.972465
1743507409.004355
1743507409.036372
1743507409.067820
1743507409.100589
1743507409.148146
1743507409.179710
1743507409.211586
1743507409.244021
1743507409.276291
1743507409.308403
1743507409.339761
1743507409.372404
1743507409.404450
1743507409.436666
1743507409.467697
1743507409.500557
1743507409.532379
1743507409.564003
1743507409.595617
1743507409.612046
1743507409.644171
1743507409.676316
1743507409.707893
1743507409.740729
1743507409.772905
1743507409.804485
1743507409.835600
1743507409.868440
1743507409.900314
1743507409.932151
1743507409.963521
1743507409.979827
1743507409.996172
1743507410.028070
1743507410.059699
1743507410.075814
1743507410.092039
1743507410.124581
1743507410.155776
1743507410.188268
1743507410.220226
1743507410.252335
1743507410.283839
1743507410.316153
1743507410.348473
1743507410.380199
1743507410.411702
1743507410.444557
1743507410.476253
1743507410.508243
1743507410.539595
1743507410.572440
1743507410.604620
1743507410.636475
1743507410.667959
1743507410.700830
1743507410.732612
1743507410.780051
1743507410.811349
1743507410.827762
1743507410.843873
1743507410.860094
1743507410.891828
1743507410.924140
1743507410.956214
1743507410.988436
1743507411.019762
1743507411.052535
1743507411.100078
1743507411.132361
1743507411.163624
1743507411.179884
1743507411.211941
1743507411.244049
1743507411.275748
1743507411.308367
1743507411.340655
1743507411.372458
1743507411.420076
1743507411.452182
1743507411.484262
1743507411.516363
1743507411.547466
1743507411.563793
1743507411.596023
1743507411.628234
1743507411.659637
1743507411.675725
1743507411.708356
1743507411.756005
1743507411.787490
1743507411.803419
1743507411.819656
1743507411.835706
1743507411.867634
1743507411.900404
1743507411.932265
1743507411.964155
1743507411.995625
1743507412.012153
1743507412.044169
1743507412.076406
1743507412.107471
1743507412.123495
1743507412.156503
1743507412.188344
1743507412.219816
1743507412.252346
1743507412.284282
1743507412.316421
1743507412.347621
1743507412.363996
1743507412.396084
1743507412.427631
1743507412.459407
1743507412.475464
1743507412.491760
1743507412.524454
1743507412.555683
1743507412.587765
1743507412.620532
1743507412.652585
1743507412.684828
1743507412.732136
1743507412.763792
1743507412.795998
1743507412.827962
1743507412.859948
1743507412.891592
1743507412.907726
1743507412.940364
1743507412.972794
1743507413.003841
1743507413.051999
1743507413.084014
1743507413.116517
1743507413.147345
1743507413.163860
1743507413.195733
1743507413.212082
1743507413.243549
1743507413.259913
1743507413.292157
1743507413.324524
1743507413.372120
1743507413.404444
1743507413.436060
1743507413.468125
1743507413.499784
1743507413.532033
1743507413.564006
1743507413.595841
1743507413.627528
1743507413.643869
1743507413.660097
1743507413.676187
1743507413.707700
1743507413.740314
1743507413.771943
1743507413.804085
1743507413.835524
1743507413.868094
1743507413.900307
1743507413.932372
1743507413.963496
1743507413.979870
1743507413.996152
1743507414.028373
1743507414.059357
1743507414.075390
1743507414.091711
1743507414.123969
1743507414.155639
1743507414.188471
1743507414.220213
1743507414.252256
1743507414.283894
1743507414.316517
1743507414.348433
1743507414.379833
1743507414.411270
1743507414.427688
1743507414.459854
1743507414.492079
1743507414.523567
1743507414.556144
1743507414.588411
1743507414.620290
1743507414.651802
1743507414.684375
1743507414.716246
1743507414.747892
1743507414.779294
1743507414.795697
1743507414.827969
1743507414.859935
1743507414.891904
1743507414.924841
1743507414.956306
1743507415.004167
1743507415.035529
1743507415.068134
1743507415.100299
1743507415.132112
1743507415.163326
1743507415.179807
1743507415.212046
1743507415.243867
1743507415.275750
1743507415.323844
1743507415.355914
1743507415.388190
1743507415.419521
1743507415.452010
1743507415.484274
1743507415.516389
1743507415.547457
1743507415.563764
1743507415.580327
1743507415.611893
1743507415.659585
1743507415.691983
1743507415.723951
1743507415.756122
1743507415.787618
1743507415.820490
1743507415.852504
1743507415.884193
1743507415.915647
1743507415.931793
1743507415.979755
1743507416.011557
1743507416.043248
1743507416.059763
1743507416.075857
1743507416.107918
1743507416.139516
1743507416.155485
1743507416.188396
1743507416.220298
1743507416.251643
1743507416.300108
1743507416.332147
1743507416.363841
1743507416.395168
1743507416.411581
1743507416.427680
1743507416.443823
1743507416.475526
1743507416.508314
1743507416.540339
1743507416.572240
1743507416.603678
1743507416.636288
1743507416.667902
1743507416.700210
1743507416.731561
1743507416.763684
1743507416.795752
1743507416.827931
1743507416.859452
1743507416.875662
1743507416.891873
1743507416.924148
1743507416.955513
1743507416.987950
1743507417.020121
1743507417.052011
1743507417.083643
1743507417.116211
1743507417.147802
1743507417.179794
1743507417.211759
1743507417.227817
1743507417.275510
1743507417.307928
1743507417.339556
1743507417.372267
1743507417.404043
1743507417.436112
1743507417.467633
1743507417.500494
1743507417.532044
1743507417.563754
1743507417.611630
1743507417.643498
1743507417.659638
1743507417.692195
1743507417.723735
1743507417.756085
1743507417.788108
1743507417.820113
1743507417.851764
1743507417.867491
1743507417.883872
1743507417.899979
1743507417.931897
1743507417.963775
1743507417.995582
1743507418.027654
1743507418.059553
1743507418.091845
1743507418.123962
1743507418.156232
1743507418.187725
1743507418.220191
1743507418.252199
1743507418.283855
1743507418.315408
1743507418.331494
1743507418.363498
1743507418.395998
1743507418.427376
1743507418.459816
1743507418.492129
1743507418.524204
1743507418.555785
1743507418.588268
1743507418.620016
1743507418.652068
1743507418.683482
1743507418.716201
1743507418.748023
1743507418.779861
1743507418.811416
1743507418.827942
1743507418.859891
1743507418.907831
1743507418.939290
1743507418.972208
1743507419.004113
1743507419.035995
1743507419.067516
1743507419.100072
1743507419.132164
1743507419.163731
1743507419.195351
1743507419.228279
1743507419.259593
1743507419.291873
1743507419.323699
1743507419.355776
1743507419.388020
1743507419.420047
1743507419.451524
1743507419.484460
1743507419.516164
1743507419.563584
1743507419.595088
1743507419.611470
1743507419.627605
1743507419.643880
1743507419.675410
1743507419.707821
1743507419.739992
1743507419.772115
1743507419.803585
1743507419.836565
1743507419.883940
1743507419.916204
1743507419.947215
1743507419.963462
1743507419.979571
1743507419.995684
1743507420.011858
1743507420.043774
1743507420.059997
1743507420.091967
1743507420.123889
1743507420.155747
1743507420.203818
1743507420.235813
1743507420.267911
1743507420.300186
1743507420.331992
1743507420.363501
1743507420.395585
1743507420.411814
1743507420.443346
1743507420.476083
1743507420.508220
1743507420.540443
1743507420.571360
1743507420.604027
1743507420.636344
1743507420.667921
1743507420.699401
1743507420.731764
1743507420.763961
1743507420.795766
1743507420.827455
1743507420.860128
1743507420.891732
1743507420.923932
1743507420.955389
1743507420.988154
1743507421.019954
1743507421.052110
1743507421.083474
1743507421.116265
1743507421.147664
1743507421.180232
1743507421.211013
1743507421.227395
1743507421.259828
1743507421.291848
1743507421.323935
1743507421.355703
1743507421.387882
1743507421.420155
1743507421.451486
1743507421.484288
1743507421.516308
1743507421.547618
1743507421.579058
1743507421.595502
1743507421.627700
1743507421.659750
1743507421.691280
1743507421.724011
1743507421.756136
1743507421.788307
1743507421.835851
1743507421.867805
1743507421.899960
1743507421.915413
1743507421.931503
1743507421.963603
1743507421.995802
1743507422.027768
1743507422.059387
1743507422.092017
1743507422.124053
1743507422.156357
1743507422.187355
1743507422.219911
1743507422.251982
1743507422.284028
1743507422.315338
1743507422.331500
1743507422.363463
1743507422.379593
1743507422.411223
1743507422.427724
1743507422.459852
1743507422.492102
1743507422.523261
1743507422.556102
1743507422.587857
1743507422.619717
1743507422.651428
1743507422.683971
1743507422.715978
1743507422.747714
1743507422.779293
1743507422.812275
1743507422.843373
1743507422.875871
1743507422.907243
1743507422.939721
1743507422.971829
1743507423.003960
1743507423.035383
1743507423.067945
1743507423.100363
1743507423.132196
1743507423.163090
1743507423.179375
1743507423.211691
1743507423.243585
1743507423.275425
1743507423.307685
1743507423.339956
1743507423.372076
1743507423.403885
1743507423.436134
1743507423.468030
1743507423.499721
1743507423.530933
1743507423.547344
1743507423.579714
1743507423.611548
1743507423.643326
1743507423.676100
1743507423.707917
1743507423.740022
1743507423.787690
1743507423.819680
1743507423.851934
1743507423.883826
1743507423.915511
1743507423.947841
1743507423.979715
1743507424.011625
1743507424.043269
1743507424.059733
1743507424.107903
1743507424.139726
1743507424.171154
1743507424.204032
1743507424.236012
1743507424.267778
1743507424.299365
1743507424.331603
1743507424.363847
1743507424.395652
1743507424.443346
1743507424.475728
1743507424.507899
1743507424.539957
1743507424.571169
1743507424.604296
1743507424.636092
1743507424.668093
1743507424.699581
1743507424.732149
1743507424.764132
1743507424.795345
1743507424.827083
1743507424.859544
1743507424.891739
1743507424.923880
1743507424.955294
1743507424.987957
1743507425.019977
1743507425.052317
1743507425.083380
1743507425.116107
1743507425.147570
1743507425.179624
1743507425.210988
1743507425.227394
1743507425.243458
1743507425.259528
1743507425.291238
1743507425.323952
1743507425.356050
1743507425.388009
1743507425.419580
1743507425.451745
1743507425.483711
1743507425.515728
1743507425.547242
1743507425.579480
1743507425.611641
1743507425.643665
1743507425.675284
1743507425.691491
1743507425.739649
1743507425.771684
1743507425.803201
1743507425.835999
1743507425.867728
1743507425.900044
1743507425.931307
1743507425.947405
1743507425.979795
1743507426.011836
1743507426.059283
1743507426.091643
1743507426.123724
1743507426.155789
1743507426.187274
1743507426.219821
1743507426.251563
1743507426.283822
1743507426.315390
1743507426.331473
1743507426.363780
1743507426.395879
1743507426.426993
1743507426.459572
1743507426.491708
1743507426.523647
1743507426.555168
1743507426.587903
1743507426.619861
1743507426.651807
1743507426.683509
1743507426.716145
1743507426.747600
1743507426.779199
1743507426.811016
1743507426.827386
1743507426.859455
1743507426.891742
1743507426.923218
1743507426.955861
1743507426.987933
1743507427.035940
1743507427.067074
1743507427.099825
1743507427.131537
1743507427.163466
1743507427.195097
1743507427.227451
1743507427.259509
1743507427.291986
1743507427.323321
1743507427.371671
1743507427.403693
1743507427.435787
1743507427.467213
1743507427.499794
1743507427.531543
1743507427.563487
1743507427.595003
1743507427.611538
1743507427.643840
1743507427.691438
1743507427.723114
1743507427.755802
1743507427.788004
1743507427.820152
1743507427.851175
1743507427.883758
1743507427.916060
1743507427.947437
1743507427.963484
1743507428.011341
1743507428.043396
1743507428.075700
1743507428.107684
1743507428.139571
1743507428.171872
1743507428.203921
1743507428.235808
1743507428.268063
1743507428.299451
1743507428.347315
1743507428.379270
1743507428.411455
1743507428.442879
1743507428.459293
1743507428.491752
1743507428.523728
1743507428.555262
1743507428.587819
1743507428.619816
1743507428.667629
1743507428.699288
1743507428.731346
1743507428.763337
1743507428.795222
1743507428.826873
1743507428.843381
1743507428.875992
1743507428.907906
1743507428.939318
1743507428.987501
1743507429.019801
1743507429.051575
1743507429.083141
1743507429.099214
1743507429.115431
1743507429.147440
1743507429.178906
1743507429.195380
1743507429.227703
1743507429.259426
1743507429.291338
1743507429.323862
1743507429.355832
1743507429.387806
1743507429.419092
1743507429.451845
1743507429.483723
1743507429.515801
1743507429.546960
1743507429.563368
1743507429.595619
1743507429.643078
1743507429.675083
1743507429.691232
1743507429.723760
1743507429.755580
1743507429.787083
1743507429.819917
1743507429.851981
1743507429.883637
1743507429.915399
1743507429.963314
1743507429.979190
1743507429.995205
1743507430.026883
1743507430.043201
1743507430.075460
1743507430.107678
1743507430.139083
1743507430.172095
1743507430.203885
1743507430.235813
1743507430.267216
1743507430.300188
1743507430.331601
1743507430.363057
1743507430.394778
1743507430.411201
1743507430.443465
1743507430.475521
1743507430.507187
1743507430.540071
1743507430.572024
1743507430.619559
1743507430.650906
1743507430.683451
1743507430.715687
1743507430.747281
1743507430.778974
1743507430.795439
1743507430.827371
1743507430.843426
1743507430.875183
1743507430.907873
1743507430.939828
1743507430.971677
1743507431.002939
1743507431.035692
1743507431.067743
1743507431.099614
1743507431.131027
1743507431.147093
1743507431.163406
1743507431.195471
1743507431.227125
1743507431.243311
1743507431.275900
1743507431.307725
1743507431.338982
1743507431.371834
1743507431.403630
1743507431.435704
1743507431.467152
1743507431.500030
1743507431.531780
1743507431.563486
1743507431.595212
1743507431.611300
1743507431.643449
1743507431.675516
1743507431.707249
1743507431.739878
1743507431.771609
1743507431.803672
1743507431.835068
1743507431.867802
1743507431.915790
1743507431.947380
1743507431.978726
1743507431.995199
1743507432.027416
1743507432.059389
1743507432.091104
1743507432.123545
1743507432.155738
1743507432.187754
1743507432.219328
1743507432.251996
1743507432.283783
1743507432.315662
1743507432.346870
1743507432.379288
1743507432.411472
1743507432.443456
1743507432.475349
1743507432.507832
1743507432.539894
1743507432.571861
1743507432.602977
1743507432.635754
1743507432.667596
1743507432.700098
1743507432.731002
1743507432.763377
1743507432.795427
1743507432.827479
1743507432.859013
1743507432.891820
1743507432.923414
1743507432.955478
1743507432.986894
1743507433.019726
1743507433.051908
1743507433.083729
1743507433.115126
1743507433.131192
1743507433.163402
1743507433.195486
1743507433.227162
1743507433.259351
1743507433.291372
1743507433.323600
1743507433.354918
1743507433.387761
1743507433.419524
1743507433.451722
1743507433.483132
1743507433.499047
1743507433.515312
1743507433.547696
1743507433.578715
1743507433.595170
1743507433.627313
1743507433.659263
1743507433.690902
1743507433.723538
1743507433.755533
1743507433.787710
1743507433.819118
1743507433.867426
1743507433.899714
1743507433.931340
1743507433.962647
1743507433.979141
1743507433.995301
1743507434.027348
1743507434.058803
1743507434.075000
1743507434.091234
1743507434.123705
1743507434.155192
1743507434.203388
1743507434.235399
1743507434.267410
1743507434.299090
1743507434.331123
1743507434.363122
1743507434.379124
1743507434.395269
1743507434.427437
1743507434.459478
1743507434.491561
1743507434.523036
1743507434.555344
1743507434.587686
1743507434.619480
1743507434.650884
1743507434.683524
1743507434.715580
1743507434.747446
1743507434.778928
1743507434.795456
1743507434.843067
1743507434.875360
1743507434.906849
1743507434.939458
1743507434.971894
1743507435.003662
1743507435.034995
1743507435.067834
1743507435.099666
1743507435.131917
1743507435.179063
1743507435.195222
1743507435.211521
1743507435.243393
1743507435.274964
1743507435.291060
1743507435.323843
1743507435.355457
1743507435.387207
1743507435.419865
1743507435.451707
1743507435.499437
1743507435.530793
1743507435.546951
1743507435.563210
1743507435.595290
1743507435.626825
1743507435.643095
1743507435.675428
1743507435.707392
1743507435.739627
1743507435.771894
1743507435.819175
1743507435.851327
1743507435.883563
1743507435.915705
1743507435.946600
1743507435.963227
1743507435.995329
1743507436.011252
1743507436.042876
1743507436.059138
1743507436.075450
1743507436.107682
1743507436.155446
1743507436.187838
1743507436.219394
1743507436.251613
1743507436.282963
1743507436.315574
1743507436.347227
1743507436.379034
1743507436.411024
1743507436.427821
1743507436.475049
1743507436.507343
1743507436.538870
1743507436.571453
1743507436.603366
1743507436.635586
1743507436.666882
1743507436.699853
1743507436.731643
1743507436.763329
1743507436.794773
1743507436.827127
1743507436.859141
1743507436.891443
1743507436.923138
1743507436.955624
1743507436.987631
1743507437.019507
1743507437.051099
1743507437.083895
1743507437.131169
1743507437.162999
1743507437.195074
1743507437.211132
1743507437.243276
1743507437.275525
1743507437.306872
1743507437.322854
1743507437.339047
1743507437.355361
1743507437.387547
1743507437.419746
1743507437.451890
1743507437.483605
1743507437.514933
1743507437.547220
1743507437.578959
1743507437.611029
1743507437.642927
1743507437.675513
1743507437.707555
1743507437.739831
1743507437.770856
1743507437.803278
1743507437.835410
1743507437.867545
1743507437.899004
1743507437.931067
1743507437.963195
1743507437.995141
1743507438.011298
1743507438.027188
1743507438.059482
1743507438.107154
1743507438.138670
1743507438.171577
1743507438.203650
1743507438.235300
1743507438.266780
1743507438.282988
1743507438.299178
1743507438.331504
1743507438.362911
1743507438.395394
1743507438.427706
1743507438.459218
1743507438.490756
1743507438.523521
1743507438.555546
1743507438.587373
1743507438.618786
1743507438.651516
1743507438.683538
1743507438.715586
1743507438.746776
1743507438.762862
1743507438.794979
1743507438.826924
1743507438.858626
1743507438.874869
1743507438.891094
1743507438.923409
1743507438.954862
1743507438.987637
1743507439.019520
1743507439.051617
1743507439.082849
1743507439.115363
1743507439.147161
1743507439.179206
1743507439.210630
1743507439.243499
1743507439.275416
1743507439.307505
1743507439.339079
1743507439.371774
1743507439.403586
1743507439.435591
1743507439.466786
1743507439.499472
1743507439.531356
1743507439.563060
1743507439.594618
1743507439.610999
1743507439.643232
1743507439.675499
1743507439.723256
1743507439.755231
1743507439.787326
1743507439.819424
1743507439.851184
1743507439.883587
1743507439.915458
1743507439.947109
1743507439.978892
1743507439.995197
1743507440.011422
1743507440.027189
1743507440.058810
1743507440.074918
1743507440.107454
1743507440.139437
1743507440.170751
1743507440.203406
1743507440.235714
1743507440.267468
1743507440.299037
1743507440.315261
1743507440.347471
1743507440.379367
1743507440.410440
1743507440.426896
1743507440.459090
1743507440.491340
1743507440.523006
1743507440.555733
1743507440.587381
1743507440.619421
1743507440.650876
1743507440.699479
1743507440.731487
1743507440.762978
1743507440.794416
1743507440.811143
1743507440.843168
1743507440.875453
1743507440.906764
1743507440.939652
1743507440.971518
1743507441.003858
1743507441.034797
1743507441.067355
1743507441.099431
1743507441.131229
1743507441.162464
1743507441.178938
1743507441.211182
1743507441.243218
1743507441.275051
1743507441.307717
1743507441.355140
1743507441.387306
1743507441.418990
1743507441.451457
1743507441.483351
1743507441.515726
1743507441.546588
1743507441.562905
1743507441.595359
1743507441.627142
1743507441.674979
1743507441.707281
1743507441.739193
1743507441.771268
1743507441.802726
1743507441.835302
1743507441.867257
1743507441.899684
1743507441.930984
1743507441.947079
1743507441.979279
1743507442.011660
1743507442.041707
1743507442.058003
1743507442.090460
1743507442.123268
1743507442.154745
1743507442.187347
1743507442.219342
1743507442.251522
1743507442.282898
1743507442.299133
1743507442.331518
1743507442.362730
1743507442.394497
1743507442.410961
1743507442.443163
1743507442.475276
1743507442.507039
1743507442.539447
1743507442.571515
1743507442.603337
1743507442.651249
1743507442.683332
1743507442.715327
1743507442.746728
1743507442.778613
1743507442.810929
1743507442.843032
1743507442.875458
1743507442.906754
1743507442.939647
1743507442.987336
1743507443.019110
1743507443.050530
1743507443.083353
1743507443.115350
1743507443.146869
1743507443.178666
1743507443.195089
1743507443.227271
1743507443.259151
1743507443.306923
1743507443.338912
1743507443.371228
1743507443.403517
1743507443.435348
1743507443.467293
1743507443.499639
1743507443.531700
1743507443.563236
1743507443.595463
1743507443.626652
1743507443.659259
1743507443.691056
1743507443.723291
1743507443.754698
1743507443.787295
1743507443.819338
1743507443.851626
1743507443.882876
1743507443.915488
1743507443.962697
1743507443.994875
1743507444.026507
1743507444.042693
1743507444.058925
1743507444.074947
1743507444.106660
1743507444.139357
1743507444.171312
1743507444.203304
1743507444.234774
1743507444.283139
1743507444.315210
1743507444.346914
1743507444.378378
1743507444.395023
1743507444.427058
1743507444.458921
1743507444.490834
1743507444.523302
1743507444.555310
1743507444.603321
1743507444.634451
1743507444.667337
1743507444.699098
1743507444.731103
1743507444.762424
1743507444.778958
1743507444.811202
1743507444.843166
1743507444.874896
1743507444.907712
1743507444.939548
1743507444.971031
1743507445.002630
1743507445.035424
1743507445.067091
1743507445.099362
1743507445.130680
1743507445.163136
1743507445.195108
1743507445.227189
1743507445.258655
1743507445.291213
1743507445.323094
1743507445.355309
1743507445.386463
1743507445.419075
1743507445.451668
1743507445.483424
1743507445.515011
1743507445.547258
1743507445.579374
1743507445.610862
1743507445.642321
1743507445.658489
1743507445.674697
1743507445.690844
1743507445.722614
1743507445.755373
1743507445.787167
1743507445.819248
1743507445.850835
1743507445.883532
1743507445.915411
1743507445.946752
1743507445.978221
1743507445.994926
1743507446.011118
1743507446.043012
1743507446.058727
1743507446.075022
1743507446.107463
1743507446.139438
1743507446.170713
1743507446.203380
1743507446.235379
1743507446.266998
1743507446.298713
1743507446.330947
1743507446.362884
1743507446.394852
1743507446.426816
1743507446.459198
1743507446.491229
1743507446.523169
1743507446.554535
1743507446.587027
1743507446.619166
1743507446.651016
1743507446.682563
1743507446.715557
1743507446.746835
1743507446.779000
1743507446.810554
1743507446.826897
1743507446.858969
1743507446.891240
1743507446.922638
1743507446.955137
1743507446.987198
1743507447.019363
1743507447.050507
1743507447.083212
1743507447.115319
1743507447.146974
1743507447.178451
1743507447.211619
1743507447.242974
1743507447.275043
1743507447.306685
1743507447.339232
1743507447.371137
1743507447.403158
1743507447.434927
1743507447.467452
1743507447.499427
1743507447.531281
1743507447.562292
1743507447.594724
1743507447.626806
1743507447.658891
1743507447.690655
1743507447.723043
1743507447.755107
1743507447.787472
1743507447.818788
1743507447.866966
1743507447.899122
1743507447.931188
1743507447.962208
1743507447.978680
1743507448.010850
1743507448.042788
1743507448.074643
1743507448.090562
1743507448.106704
1743507448.122777
1743507448.154809
1743507448.187384
1743507448.219004
1743507448.251266
1743507448.282676
1743507448.315130
1743507448.346738
1743507448.378651
1743507448.394922
1743507448.411075
1743507448.442970
1743507448.475275
1743507448.506856
1743507448.539059
1743507448.571152
1743507448.603083
1743507448.634429
1743507448.667296
1743507448.699187
1743507448.731243
1743507448.762315
1743507448.778865
1743507448.810958
1743507448.843160
1743507448.874403
1743507448.907006
1743507448.939101
1743507448.971239
1743507449.002536
1743507449.035342
1743507449.067265
1743507449.099478
1743507449.130805
1743507449.163287
1743507449.194582
1743507449.226880
1743507449.258482
1743507449.290882
1743507449.322938
1743507449.355059
1743507449.386581
1743507449.419319
1743507449.451441
1743507449.483289
1743507449.514482
1743507449.546870
1743507449.578827
1743507449.610698
1743507449.642552
1743507449.658711
1743507449.691189
1743507449.723146
1743507449.755179
1743507449.787257
1743507449.819330
1743507449.851192
1743507449.882873
1743507449.915718
1743507449.946948
1743507449.978810
1743507450.010648
1743507450.042897
1743507450.074945
1743507450.090606
1743507450.139058
1743507450.171093
1743507450.202939
1743507450.235300
1743507450.266483
1743507450.299479
1743507450.331213
1743507450.362805
1743507450.394375
1743507450.410749
1743507450.458684
1743507450.490848
1743507450.522528
1743507450.555113
1743507450.587060
1743507450.619105
1743507450.650426
1743507450.683165
1743507450.715385
1743507450.747009
1743507450.794404
1743507450.810564
1743507450.842785
1743507450.874814
1743507450.906384
1743507450.939052
1743507450.971052
1743507451.003294
1743507451.034621
1743507451.066724
1743507451.115404
1743507451.146937
1743507451.178525
1743507451.210603
1743507451.226857
1743507451.258989
1743507451.275137
1743507451.307000
1743507451.338588
1743507451.371080
1743507451.403460
1743507451.435185
1743507451.466272
1743507451.499226
1743507451.530861
1743507451.562917
1743507451.594167
1743507451.610718
1743507451.642938
1743507451.674862
1743507451.706527
1743507451.739316
1743507451.771096
1743507451.803045
1743507451.834567
1743507451.866947
1743507451.898946
1743507451.930683
1743507451.962359
1743507451.995034
1743507452.026643
1743507452.058855
1743507452.090462
1743507452.106158
1743507452.138927
1743507452.171015
1743507452.202348
1743507452.235359
1743507452.266982
1743507452.299034
1743507452.330610
1743507452.362896
1743507452.410599
1743507452.442374
1743507452.474228
1743507452.490198
1743507452.523045
1743507452.554999
1743507452.586378
1743507452.619044
1743507452.651054
1743507452.683090
1743507452.714557
1743507452.747006
1743507452.778535
1743507452.794450
1743507452.826073
1743507452.842449
1743507452.858644
1743507452.890964
1743507452.922391
1743507452.955147
1743507452.987025
1743507453.019214
1743507453.066897
1743507453.098965
1743507453.130481
1743507453.162585
1743507453.194383
1743507453.226931
1743507453.258583
1743507453.290949
1743507453.322819
1743507453.355305
1743507453.387113
1743507453.418834
1743507453.450239
1743507453.483062
1743507453.515005
1743507453.546525
1743507453.578187
1743507453.594601
1743507453.626931
1743507453.658905
1743507453.690771
1743507453.722963
1743507453.754851
1743507453.786950
1743507453.818663
1743507453.850933
1743507453.882968
1743507453.914926
1743507453.946648
1743507453.962710
1743507453.994845
1743507454.042369
1743507454.074105
1743507454.090158
1743507454.106487
1743507454.122413
1743507454.154518
1743507454.186975
1743507454.218953
1743507454.251008
1743507454.282612
1743507454.315304
1743507454.362629
1743507454.394389
1743507454.426030
1743507454.442402
1743507454.458559
1743507454.490823
1743507454.522670
1743507454.555133
1743507454.586999
1743507454.618944
1743507454.650446
1743507454.698877
1743507454.730723
1743507454.762439
1743507454.794071
1743507454.810406
1743507454.842673
1743507454.874985
1743507454.906969
1743507454.939164
1743507454.971288
1743507455.019078
1743507455.050249
1743507455.082959
1743507455.114755
1743507455.146570
1743507455.178045
1743507455.194550
1743507455.226647
1743507455.258703
1743507455.290514
1743507455.338851
1743507455.370874
1743507455.402966
1743507455.434286
1743507455.466931
1743507455.498938
1743507455.531010
1743507455.562158
1743507455.578619
1743507455.610752
1743507455.642778
1743507455.674339
1743507455.707068
1743507455.738782
1743507455.770840
1743507455.802547
1743507455.834910
1743507455.867024
1743507455.899167
1743507455.931010
1743507455.962984
1743507455.995362
1743507456.026452
1743507456.058229
1743507456.090736
1743507456.122931
1743507456.154863
1743507456.186558
1743507456.219090
1743507456.251163
1743507456.283014
1743507456.314312
1743507456.346455
1743507456.378684
1743507456.410423
1743507456.442189
1743507456.474663
1743507456.506778
1743507456.539091
1743507456.570946
1743507456.603055
1743507456.650581
1743507456.682588
1743507456.714325
1743507456.746571
1743507456.778489
1743507456.794628
1743507456.826310
1743507456.842443
1743507456.874918
1743507456.906925
1743507456.938504
1743507456.970896
1743507457.002738
1743507457.034905
1743507457.066290
1743507457.082307
1743507457.114555
1743507457.146471
1743507457.178074
1743507457.194772
1743507457.226735
1743507457.258724
1743507457.290335
1743507457.322704
1743507457.354955
1743507457.386688
1743507457.418194
1743507457.450908
1743507457.482892
1743507457.515114
1743507457.546186
1743507457.562511
1743507457.594808
1743507457.626774
1743507457.657967
1743507457.674129
1743507457.690379
1743507457.706438
1743507457.738509
1743507457.770957
1743507457.802857
1743507457.834788
1743507457.866548
1743507457.899418
1743507457.946595
1743507457.978299
1743507458.010223
1743507458.042597
1743507458.074662
1743507458.106753
1743507458.138215
1743507458.154148
1743507458.170494
1743507458.203368
1743507458.234605
1743507458.267223
1743507458.298701
1743507458.330450
1743507458.361880
1743507458.378206
1743507458.394560
1743507458.426719
1743507458.458060
1743507458.474227
1743507458.506838
1743507458.538991
1743507458.570502
1743507458.602971
1743507458.634693
1743507458.666554
1743507458.698187
1743507458.730196
1743507458.762685
1743507458.794309
1743507458.826483
1743507458.858637
1743507458.890720
1743507458.922972
1743507458.954861
1743507458.986651
1743507459.018183
1743507459.050676
1743507459.082608
1743507459.114927
1743507459.146013
1743507459.162405
1743507459.194623
1743507459.242216
1743507459.274056
1743507459.306845
1743507459.338682
1743507459.370696
1743507459.402640
1743507459.434857
1743507459.467252
1743507459.499276
1743507459.530408
1743507459.578348
1743507459.610527
1743507459.642418
1743507459.674137
1743507459.706686
1743507459.738719
1743507459.770942
1743507459.802382
1743507459.835154
1743507459.866974
1743507459.898978
1743507459.930240
1743507459.962540
1743507459.994512
1743507460.026038
1743507460.042641
1743507460.075091
1743507460.106693
1743507460.138518
1743507460.170304
1743507460.186230
1743507460.219181
1743507460.250837
1743507460.282190
1743507460.298165
1743507460.314261
1743507460.330285
1743507460.346381
1743507460.362374
1743507460.378396
1743507460.394629
1743507460.410525
1743507460.426463
1743507460.442520
1743507460.458667
1743507460.474624
1743507460.490513
1743507460.506475
1743507460.522493
1743507460.554347
1743507460.586764
1743507460.618695
1743507460.650661
1743507460.682127
1743507460.698316
1743507460.714229
1743507460.730303
1743507460.746536
1743507460.762433
1743507460.778389
1743507460.794380
1743507460.810468
1743507460.826473
1743507460.842587
1743507460.874846
1743507460.906174
1743507460.921964
1743507460.938215
1743507460.954184
1743507460.970259
1743507460.986299
1743507461.002339
1743507461.018301
1743507461.034331
1743507461.050549
1743507461.082846
1743507461.115123
1743507461.146111
1743507461.162542
1743507461.194819
1743507461.226481
1743507461.242162
1743507461.258324
1743507461.274402
1743507461.290286
1743507461.306245
1743507461.322326
1743507461.338299
1743507461.354252
1743507461.370516
1743507461.402823
1743507461.434796
1743507461.466871
1743507461.498367
1743507461.531015
1743507461.562222
1743507461.578060
1743507461.594295
1743507461.610406
1743507461.626373
1743507461.642370
1743507461.674345
1743507461.690188
1743507461.706204
1743507461.722143
1743507461.738236
1743507461.754400
1743507461.770566
1743507461.786600
1743507461.802441
1743507461.818474
1743507461.850890
1743507461.882398
1743507461.898208
1743507461.914170
1743507461.930203
1743507461.946232
1743507461.962241
1743507461.978223
1743507461.994385
1743507462.010441
1743507462.026394
1743507462.042396
1743507462.058514
1743507462.074530
1743507462.090398
1743507462.106397
1743507462.122387
1743507462.138457
1743507462.170342
1743507462.186003
1743507462.202144
1743507462.218127
1743507462.234145
1743507462.250303
1743507462.266184
1743507462.282298
1743507462.314195
1743507462.330356
1743507462.346355
1743507462.362364
1743507462.378354
1743507462.394506
1743507462.410606
1743507462.426509
1743507462.442443
1743507462.458580
1743507462.474603
1743507462.507116
1743507462.538070
1743507462.553920
1743507462.570246
1743507462.586281
1743507462.602236
1743507462.618397
1743507462.634373
1743507462.650249
1743507462.666340
1743507462.682388
1743507462.698209
1743507462.714358
1743507462.730372
1743507462.746441
1743507462.762417
1743507462.778532
1743507462.794692
1743507462.826889
1743507462.842326
1743507462.858172
1743507462.874337
1743507462.890259
1743507462.906238
1743507462.938949
1743507462.970081
1743507462.985922
1743507463.002237
1743507463.018325
1743507463.034347
1743507463.050578
1743507463.083007
1743507463.114989
1743507463.145957
1743507463.162149
1743507463.178153
1743507463.194139
1743507463.210332
1743507463.226279
1743507463.242381
1743507463.274579
1743507463.306078
1743507463.321902
1743507463.338330
1743507463.354280
1743507463.370470
1743507463.386378
1743507463.402584
1743507463.435020
1743507463.482416
1743507463.498067
1743507463.514220
1743507463.530112
1743507463.546185
1743507463.562386
1743507463.578237
1743507463.594205
1743507463.610284
1743507463.626456
1743507463.658519
1743507463.674071
1743507463.690246
1743507463.706191
1743507463.722390
1743507463.738403
1743507463.754456
1743507463.770638
1743507463.803050
1743507463.834605
1743507463.865888
1743507463.882067
1743507463.898168
1743507463.914110
1743507463.930153
1743507463.946264
1743507463.962430
1743507463.978338
1743507463.994442
1743507464.010464
1743507464.026537
1743507464.058502
1743507464.074224
1743507464.090518
1743507464.122938
1743507464.154615
1743507464.186794
1743507464.218029
1743507464.233819
1743507464.250273
1743507464.266092
1743507464.282202
1743507464.298253
1743507464.314252
1743507464.330244
1743507464.346258
1743507464.362293
1743507464.378412
1743507464.394297
1743507464.410380
1743507464.426488
1743507464.458828
1743507464.490482
1743507464.521966
1743507464.537838
1743507464.554130
1743507464.570360
1743507464.586353
1743507464.602347
1743507464.618221
1743507464.634246
1743507464.650212
1743507464.666219
1743507464.682506
1743507464.714765
1743507464.730321
1743507464.746373
1743507464.778943
1743507464.794374
1743507464.810401
1743507464.826322
1743507464.842217
1743507464.858289
1743507464.874315
1743507464.890382
1743507464.906230
1743507464.922095
1743507464.938234
1743507464.954155
1743507464.970401
1743507464.986258
1743507465.002346
1743507465.018419
1743507465.034347
1743507465.050314
1743507465.066485
1743507465.098975
1743507465.130134
1743507465.146037
1743507465.162097
1743507465.178203
1743507465.194210
1743507465.210317
1743507465.226352
1743507465.242425
1743507465.258274
1743507465.274201
1743507465.290188
1743507465.306154
1743507465.322227
1743507465.338384
1743507465.354546
1743507465.370457
1743507465.386458
1743507465.402379
1743507465.434161
1743507465.449850
1743507465.466160
1743507465.482173
1743507465.498088
1743507465.514153
1743507465.530040
1743507465.546117
1743507465.562221
1743507465.578297
1743507465.594311
1743507465.610251
1743507465.626256
1743507465.642260
1743507465.658345
1743507465.674357
1743507465.690239
1743507465.706381
1743507465.722320
1743507465.754921
1743507465.786006
1743507465.801708
1743507465.818032
1743507465.834028
1743507465.850050
1743507465.866279
1743507465.882300
1743507465.914564
1743507465.930133
1743507465.946137
1743507465.962098
1743507465.978236
1743507465.994277
1743507466.010340
1743507466.026288
1743507466.042409
1743507466.074387
1743507466.106438
1743507466.138588
1743507466.170434
1743507466.201925
1743507466.217827
1743507466.234248
1743507466.250145
1743507466.266155
1743507466.282166
1743507466.298083
1743507466.314283
1743507466.330234
1743507466.346421
1743507466.362356
1743507466.378323
1743507466.410059
1743507466.426243
1743507466.442348
1743507466.458190
1743507466.489945
1743507466.505797
1743507466.522148
1743507466.538196
1743507466.554271
1743507466.586753
1743507466.618579
1743507466.650703
1743507466.682194
1743507466.698391
1743507466.730640
1743507466.761999
1743507466.778066
1743507466.794393
1743507466.810199
1743507466.826123
1743507466.842190
1743507466.858296
1743507466.890595
1743507466.922534
1743507466.953982
1743507466.969957
1743507466.986254
1743507467.002396
1743507467.050356
1743507467.082475
1743507467.113989
1743507467.129996
1743507467.145941
1743507467.162003
1743507467.178242
1743507467.194142
1743507467.210214
1743507467.226113
1743507467.242344
1743507467.258274
1743507467.274326
1743507467.290300
1743507467.323031
1743507467.354216
1743507467.386950
1743507467.418461
1743507467.450415
1743507467.482015
1743507467.498007
1743507467.514011
1743507467.529997
1743507467.546202
1743507467.562167
1743507467.578215
1743507467.594136
1743507467.610352
1743507467.626301
1743507467.642334
1743507467.658405
1743507467.674463
1743507467.706678
1743507467.738542
1743507467.770485
1743507467.801818
1743507467.817774
1743507467.833975
1743507467.850038
1743507467.866008
1743507467.882053
1743507467.914555
1743507467.946414
1743507467.962175
1743507467.978201
1743507467.994454
1743507468.026795
1743507468.057662
1743507468.073771
1743507468.090087
1743507468.106042
1743507468.122146
1743507468.138111
1743507468.154153
1743507468.170218
1743507468.186162
1743507468.202065
1743507468.218170
1743507468.234145
1743507468.250174
1743507468.266274
1743507468.282343
1743507468.298219
1743507468.314240
1743507468.330382
1743507468.362759
1743507468.394215
1743507468.410146
1743507468.426116
1743507468.442199
1743507468.458150
1743507468.474088
1743507468.490159
1743507468.506160
1743507468.522296
1743507468.538231
1743507468.554216
1743507468.570144
1743507468.586247
1743507468.602280
1743507468.618168
1743507468.634246
1743507468.650346
1743507468.682087
1743507468.698003
1743507468.713957
1743507468.729981
1743507468.746091
1743507468.762099
1743507468.778057
1743507468.794208
1743507468.810235
1743507468.826157
1743507468.842256
1743507468.858170
1743507468.874160
1743507468.890112
1743507468.906274
1743507468.922096
1743507468.938203
1743507468.954234
1743507468.970355
1743507469.002587
1743507469.033947
1743507469.049675
1743507469.066149
1743507469.082110
1743507469.098062
1743507469.114242
1743507469.130163
1743507469.146153
1743507469.162273
1743507469.178242
1743507469.194496
1743507469.210404
1743507469.226368
1743507469.242336
1743507469.258579
1743507469.290807
1743507469.338651
1743507469.370534
1743507469.402631
1743507469.434640
1743507469.466318
1743507469.498809
1743507469.530379
1743507469.545991
1743507469.562356
1743507469.578413
1743507469.594624
1743507469.610478
1743507469.626351
1743507469.658647
1743507469.674346
1743507469.690078
1743507469.706035
1743507469.722151
1743507469.738328
1743507469.754038
1743507469.770241
1743507469.786190
1743507469.802136
1743507469.818230
1743507469.834274
1743507469.850244
1743507469.866175
1743507469.882150
1743507469.914091
1743507469.930240
1743507469.946535
1743507469.978522
1743507469.994392
1743507470.010364
1743507470.026112
1743507470.042241
1743507470.058094
1743507470.074156
1743507470.090806
1743507470.122290
1743507470.137938
1743507470.154221
