1743508053.223866
1743508053.303731
1743508053.336112
1743508053.368202
1743508053.415756
1743508053.447508
1743508053.479138
1743508053.495239
1743508053.511624
1743508053.544338
1743508053.575985
1743508053.608105
1743508053.626322
1743508053.655747
1743508053.686900
1743508053.703524
1743508053.721163
1743508053.752782
1743508053.784800
1743508053.815328
1743508053.848612
1743508053.879941
1743508053.912545
1743508053.944697
1743508053.976905
1743508054.008426
1743508054.040741
1743508054.088737
1743508054.121427
1743508054.153511
1743508054.185755
1743508054.217751
1743508054.249802
1743508054.281774
1743508054.313760
1743508054.345876
1743508054.377794
1743508054.409905
1743508054.441030
1743508054.473223
1743508054.505689
1743508054.537846
1743508054.567872
1743508054.599952
1743508054.632498
1743508054.664726
1743508054.696486
1743508054.728428
1743508054.759712
1743508054.775743
1743508054.792061
1743508054.808074
1743508054.824164
1743508054.856120
1743508054.871842
1743508054.887997
1743508054.904058
1743508054.936500
1743508054.968432
1743508054.999910
1743508055.015893
1743508055.032111
1743508055.064861
1743508055.095854
1743508055.128133
1743508055.160054
1743508055.175818
1743508055.192057
1743508055.208657
1743508055.240269
1743508055.255959
1743508055.272172
1743508055.288099
1743508055.304044
1743508055.320079
1743508055.336179
1743508055.352181
1743508055.384604
1743508055.416548
1743508055.447656
1743508055.463942
1743508055.479961
1743508055.495844
1743508055.511826
1743508055.527961
1743508055.543831
1743508055.560096
1743508055.575952
1743508055.591954
1743508055.608081
1743508055.624134
1743508055.640397
1743508055.656381
1743508055.672244
1743508055.704398
1743508055.735604
1743508055.751818
1743508055.767788
1743508055.783884
1743508055.799847
1743508055.816002
1743508055.831921
1743508055.848003
1743508055.863901
1743508055.880061
1743508055.912015
1743508055.927800
1743508055.943972
1743508055.960196
1743508055.976110
1743508055.992076
1743508056.008346
1743508056.040662
1743508056.072021
1743508056.103494
1743508056.119532
1743508056.135740
1743508056.151830
1743508056.167890
1743508056.183842
1743508056.199757
1743508056.215834
1743508056.231817
1743508056.247814
1743508056.264037
1743508056.279997
1743508056.295959
1743508056.312068
1743508056.344689
1743508056.375821
1743508056.391850
1743508056.407912
1743508056.423865
1743508056.439860
1743508056.455951
1743508056.472020
1743508056.487755
1743508056.503736
1743508056.519836
1743508056.535879
1743508056.551816
1743508056.567892
1743508056.583977
1743508056.599948
1743508056.616038
1743508056.632068
1743508056.647967
1743508056.679814
1743508056.695977
1743508056.711564
1743508056.727743
1743508056.743741
1743508056.759686
1743508056.775818
1743508056.792006
1743508056.808041
1743508056.823945
1743508056.840059
1743508056.855938
1743508056.871899
1743508056.887969
1743508056.903906
1743508056.919972
1743508056.936061
1743508056.952132
1743508056.967950
1743508056.984136
1743508057.016361
1743508057.048308
1743508057.080033
1743508057.112121
1743508057.127656
1743508057.143803
1743508057.160153
1743508057.175861
1743508057.191918
1743508057.208121
1743508057.223855
1743508057.240126
1743508057.256096
1743508057.272235
1743508057.287967
1743508057.304097
1743508057.336005
1743508057.351420
1743508057.367696
1743508057.383798
1743508057.399788
1743508057.415782
1743508057.431679
1743508057.447773
1743508057.463844
1743508057.479740
1743508057.495719
1743508057.511746
1743508057.527812
1743508057.543822
1743508057.559883
1743508057.575889
1743508057.591984
1743508057.608016
1743508057.623989
1743508057.655831
1743508057.671479
1743508057.687646
1743508057.703591
1743508057.719648
1743508057.735804
1743508057.751807
1743508057.767704
1743508057.783778
1743508057.799812
1743508057.815776
1743508057.831711
1743508057.847868
1743508057.863936
1743508057.879638
1743508057.895833
1743508057.911765
1743508057.927943
1743508057.943869
1743508057.959995
1743508057.991583
1743508058.007805
1743508058.023799
1743508058.039764
1743508058.056015
1743508058.071883
1743508058.087748
1743508058.103611
1743508058.119709
1743508058.135864
1743508058.151859
1743508058.167712
1743508058.183813
1743508058.199872
1743508058.216037
1743508058.231909
1743508058.247946
1743508058.264219
1743508058.280018
1743508058.312308
1743508058.343299
1743508058.359612
1743508058.375648
1743508058.391848
1743508058.407846
1743508058.423736
1743508058.439749
1743508058.455885
1743508058.471972
1743508058.487726
1743508058.503667
1743508058.519851
1743508058.535848
1743508058.551892
1743508058.567947
1743508058.583879
1743508058.600041
1743508058.632636
1743508058.664141
1743508058.696202
1743508058.727364
1743508058.743659
1743508058.759714
1743508058.776187
1743508058.792001
1743508058.808159
1743508058.823727
1743508058.839744
1743508058.856106
1743508058.872180
1743508058.904722
1743508058.936233
1743508058.967877
1743508058.983532
1743508058.999806
1743508059.015608
1743508059.031604
1743508059.047619
1743508059.063820
1743508059.079811
1743508059.095652
1743508059.111621
1743508059.127674
1743508059.143732
1743508059.159702
1743508059.175814
1743508059.191831
1743508059.207916
1743508059.223984
1743508059.240037
1743508059.256183
1743508059.288513
1743508059.320096
1743508059.352012
1743508059.384026
1743508059.416169
1743508059.448140
1743508059.480292
1743508059.512536
1743508059.543522
1743508059.559981
1743508059.575912
1743508059.608108
1743508059.639260
1743508059.655704
1743508059.671730
1743508059.687595
1743508059.703576
1743508059.719637
1743508059.735684
1743508059.751671
1743508059.767765
1743508059.783795
1743508059.799710
1743508059.815667
1743508059.831741
1743508059.847829
1743508059.863909
1743508059.879842
1743508059.895856
1743508059.911981
1743508059.944393
1743508059.975546
1743508059.991635
1743508060.007990
1743508060.023926
1743508060.039694
1743508060.055895
1743508060.071911
1743508060.087657
1743508060.104098
1743508060.135612
1743508060.166910
1743508060.183478
1743508060.200022
1743508060.215931
1743508060.231919
1743508060.264544
1743508060.296251
1743508060.327395
1743508060.343515
1743508060.359606
1743508060.375736
1743508060.391702
1743508060.407744
1743508060.423827
1743508060.439833
1743508060.455920
1743508060.471821
1743508060.487771
1743508060.503822
1743508060.519769
1743508060.535996
1743508060.551838
1743508060.584293
1743508060.615538
1743508060.631332
1743508060.647693
1743508060.663795
1743508060.679656
1743508060.695663
1743508060.711556
1743508060.727619
1743508060.743647
1743508060.760075
1743508060.791568
1743508060.807886
1743508060.823901
1743508060.856415
1743508060.888371
1743508060.920567
1743508060.951585
1743508060.967280
1743508060.983531
1743508060.999559
1743508061.015637
1743508061.031659
1743508061.047652
1743508061.063686
1743508061.079663
1743508061.095682
1743508061.111763
1743508061.127832
1743508061.143808
1743508061.159819
1743508061.175801
1743508061.191899
1743508061.207944
1743508061.240202
1743508061.271872
1743508061.287451
1743508061.303692
1743508061.319678
1743508061.335501
1743508061.351638
1743508061.383566
1743508061.399349
1743508061.415591
1743508061.431580
1743508061.447651
1743508061.463840
1743508061.479942
1743508061.495829
1743508061.511874
1743508061.527966
1743508061.560128
1743508061.591593
1743508061.607585
1743508061.623767
1743508061.639808
1743508061.655911
1743508061.671670
1743508061.687529
1743508061.703827
1743508061.719313
1743508061.735834
1743508061.751677
1743508061.767745
1743508061.783804
1743508061.799765
1743508061.815956
1743508061.831875
1743508061.847976
1743508061.863887
1743508061.896455
1743508061.928027
1743508061.959988
1743508061.975603
1743508061.991657
1743508062.007691
1743508062.023627
1743508062.039650
1743508062.056053
1743508062.071633
1743508062.087507
1743508062.103609
1743508062.119788
1743508062.135750
1743508062.151953
1743508062.167825
1743508062.183852
1743508062.216288
1743508062.247975
1743508062.279612
1743508062.295510
1743508062.311624
1743508062.327913
1743508062.343528
1743508062.359630
1743508062.375802
1743508062.391889
1743508062.407751
1743508062.423712
1743508062.439907
1743508062.456065
1743508062.471913
1743508062.487931
1743508062.503815
1743508062.536310
1743508062.567791
1743508062.600209
1743508062.631949
1743508062.664322
1743508062.695618
1743508062.711607
1743508062.727630
1743508062.743729
1743508062.759717
1743508062.775738
1743508062.791794
1743508062.808234
1743508062.823839
1743508062.839917
1743508062.872300
1743508062.903834
1743508062.935760
1743508062.951301
1743508062.967710
1743508062.983658
1743508062.999572
1743508063.015556
1743508063.031741
1743508063.047608
1743508063.063746
1743508063.079703
1743508063.095717
1743508063.111919
1743508063.127809
1743508063.143802
1743508063.159783
1743508063.192062
1743508063.207604
1743508063.223586
1743508063.239525
1743508063.255659
1743508063.287440
1743508063.319810
1743508063.351901
1743508063.383895
1743508063.415704
1743508063.448150
1743508063.480309
1743508063.512306
1743508063.543509
1743508063.575525
1743508063.607633
1743508063.639679
1743508063.671938
1743508063.703777
1743508063.735970
1743508063.768118
1743508063.799969
1743508063.848046
1743508063.879835
1743508063.911947
1743508063.943471
1743508063.959508
1743508063.991888
1743508064.023835
1743508064.055738
1743508064.087926
1743508064.120059
1743508064.167851
1743508064.199422
1743508064.231762
1743508064.264092
1743508064.295962
1743508064.327798
1743508064.359747
1743508064.375923
1743508064.407809
1743508064.439921
1743508064.487496
1743508064.519989
1743508064.552021
1743508064.583656
1743508064.615800
1743508064.648064
1743508064.680127
1743508064.711828
1743508064.743678
1743508064.775816
1743508064.823673
1743508064.855725
1743508064.887703
1743508064.919844
1743508064.952180
1743508064.983986
1743508065.016045
1743508065.047431
1743508065.080089
1743508065.112152
1743508065.144095
1743508065.175034
1743508065.191470
1743508065.223385
1743508065.255765
1743508065.287230
1743508065.320126
1743508065.352070
1743508065.383968
1743508065.415411
1743508065.463524
1743508065.495880
1743508065.527713
1743508065.559186
1743508065.575423
1743508065.591521
1743508065.623617
1743508065.655334
1743508065.671436
1743508065.687636
1743508065.720266
1743508065.751397
1743508065.799847
1743508065.831909
1743508065.864171
1743508065.895262
1743508065.927687
1743508065.959385
1743508065.975424
1743508065.991651
1743508066.023953
1743508066.055838
1743508066.087961
1743508066.119323
1743508066.151915
1743508066.183929
1743508066.215845
1743508066.247494
1743508066.280013
1743508066.311940
1743508066.343652
1743508066.375289
1743508066.391630
1743508066.407832
1743508066.439993
1743508066.471129
1743508066.504074
1743508066.535873
1743508066.567879
1743508066.599322
1743508066.632213
1743508066.664606
1743508066.695963
1743508066.727440
1743508066.743628
1743508066.775917
1743508066.807440
1743508066.839284
1743508066.855422
1743508066.871480
1743508066.903691
1743508066.935310
1743508066.968177
1743508067.000024
1743508067.032219
1743508067.064053
1743508067.096197
1743508067.128146
1743508067.159459
1743508067.191025
1743508067.207430
1743508067.239680
1743508067.271721
1743508067.303297
1743508067.336091
1743508067.368180
1743508067.415461
1743508067.447199
1743508067.479987
1743508067.511855
1743508067.543639
1743508067.575106
1743508067.591477
1743508067.623678
1743508067.655845
1743508067.687500
1743508067.720122
1743508067.752103
1743508067.783803
1743508067.815166
1743508067.847903
1743508067.879888
1743508067.911692
1743508067.943047
1743508067.959399
1743508067.991833
1743508068.023820
1743508068.071476
1743508068.103777
1743508068.135996
1743508068.167840
1743508068.199210
1743508068.231889
1743508068.264161
1743508068.296019
1743508068.327460
1743508068.343500
1743508068.359546
1743508068.391965
1743508068.422968
1743508068.439269
1743508068.455514
1743508068.487671
1743508068.519193
1743508068.552023
1743508068.583922
1743508068.616193
1743508068.647336
1743508068.679980
1743508068.727719
1743508068.759240
1743508068.790976
1743508068.807474
1743508068.839695
1743508068.855650
1743508068.887205
1743508068.919998
1743508068.952047
1743508068.984000
1743508069.015486
1743508069.048282
1743508069.079836
1743508069.111826
1743508069.143045
1743508069.159266
1743508069.175294
1743508069.191292
1743508069.207487
1743508069.239710
1743508069.271926
1743508069.304036
1743508069.335423
1743508069.367948
1743508069.399716
1743508069.431878
1743508069.463500
1743508069.495836
1743508069.527980
1743508069.559345
1743508069.591184
1743508069.607527
1743508069.639796
1743508069.671860
1743508069.703522
1743508069.735795
1743508069.767770
1743508069.799866
1743508069.831243
1743508069.864012
1743508069.896149
1743508069.928015
1743508069.959161
1743508069.975457
1743508069.991608
1743508070.024156
1743508070.055181
1743508070.071385
1743508070.103750
1743508070.135983
1743508070.167192
1743508070.199880
1743508070.231806
1743508070.263944
1743508070.295386
1743508070.311466
1743508070.343839
1743508070.375328
1743508070.406956
1743508070.423271
1743508070.455607
1743508070.487708
1743508070.519310
1743508070.551810
1743508070.583846
1743508070.615926
1743508070.647517
1743508070.679974
1743508070.711773
1743508070.743581
1743508070.775323
1743508070.791366
1743508070.823557
1743508070.855429
1743508070.887334
1743508070.903270
1743508070.935937
1743508070.968002
1743508070.999344
1743508071.031682
1743508071.064032
1743508071.095753
1743508071.127162
1743508071.143315
1743508071.175726
1743508071.207424
1743508071.239106
1743508071.255459
1743508071.271690
1743508071.319533
1743508071.351028
1743508071.383933
1743508071.415884
1743508071.447919
1743508071.479267
1743508071.512039
1743508071.543721
1743508071.575518
1743508071.607504
1743508071.623476
1743508071.655660
1743508071.688048
1743508071.719101
1743508071.735037
1743508071.751350
1743508071.767329
1743508071.799267
1743508071.831831
1743508071.863779
1743508071.895897
1743508071.927403
1743508071.975217
1743508072.007047
1743508072.039388
1743508072.071105
1743508072.087165
1743508072.119628
1743508072.151863
1743508072.183383
1743508072.215409
1743508072.247949
1743508072.295472
1743508072.327598
1743508072.359125
1743508072.391325
1743508072.407518
1743508072.439484
1743508072.471496
1743508072.503116
1743508072.535865
1743508072.567785
1743508072.599834
1743508072.631331
1743508072.663921
1743508072.695905
1743508072.727625
1743508072.758892
1743508072.775339
1743508072.807492
1743508072.839464
1743508072.871193
1743508072.903943
1743508072.951511
1743508072.983653
1743508073.015102
1743508073.047520
1743508073.079787
1743508073.111733
1743508073.142995
1743508073.159279
1743508073.191496
1743508073.223697
1743508073.271113
1743508073.303477
1743508073.335456
1743508073.367829
1743508073.399083
1743508073.431694
1743508073.463930
1743508073.496061
1743508073.527274
1743508073.543297
1743508073.575550
1743508073.607756
1743508073.638779
1743508073.655202
1743508073.687449
1743508073.719359
1743508073.751015
1743508073.783839
1743508073.816133
1743508073.847866
1743508073.879301
1743508073.927577
1743508073.959088
1743508073.975227
1743508074.006822
1743508074.023259
1743508074.039449
1743508074.071518
1743508074.103109
1743508074.135714
1743508074.167777
1743508074.199821
1743508074.247537
1743508074.279843
1743508074.311719
1743508074.343334
1743508074.374824
1743508074.391247
1743508074.423309
1743508074.455458
1743508074.487085
1743508074.503103
1743508074.535777
1743508074.583379
1743508074.614902
1743508074.647674
1743508074.679583
1743508074.711768
1743508074.742799
1743508074.759162
1743508074.775388
1743508074.791386
1743508074.823027
1743508074.839333
1743508074.855571
1743508074.871650
1743508074.903703
1743508074.935598
1743508074.967671
1743508074.999584
1743508075.031432
1743508075.063713
1743508075.095866
1743508075.127753
1743508075.159071
1743508075.175409
1743508075.223411
1743508075.255330
1743508075.286847
1743508075.319496
1743508075.351523
1743508075.383640
1743508075.415185
1743508075.447964
1743508075.480006
1743508075.511717
1743508075.559270
1743508075.591308
1743508075.623303
1743508075.655311
1743508075.686912
1743508075.719596
1743508075.751937
1743508075.783853
1743508075.815189
1743508075.848075
1743508075.879924
1743508075.911541
1743508075.942757
1743508075.959074
1743508075.991260
1743508076.007251
1743508076.039079
1743508076.055243
1743508076.087437
1743508076.119485
1743508076.151358
1743508076.199545
1743508076.231469
1743508076.263459
1743508076.295163
1743508076.327256
1743508076.343280
1743508076.375268
1743508076.407132
1743508076.423171
1743508076.439587
1743508076.471469
1743508076.503431
1743508076.535956
1743508076.567542
1743508076.599775
1743508076.630966
1743508076.663692
1743508076.695991
1743508076.727678
1743508076.758891
1743508076.775319
1743508076.807546
1743508076.855101
1743508076.886803
1743508076.919528
1743508076.951465
1743508076.983691
1743508077.014953
1743508077.047676
1743508077.079809
1743508077.111727
1743508077.143009
1743508077.175826
1743508077.207017
1743508077.223009
1743508077.254702
1743508077.271023
1743508077.303334
1743508077.335541
1743508077.367001
1743508077.382914
1743508077.415758
1743508077.447759
1743508077.479168
1743508077.511745
1743508077.543198
1743508077.575010
1743508077.591337
1743508077.623219
1743508077.655325
1743508077.687591
1743508077.719276
1743508077.752039
1743508077.783875
1743508077.831595
1743508077.862906
1743508077.895680
1743508077.927352
1743508077.959083
1743508077.990695
1743508078.007103
1743508078.023236
1743508078.055400
1743508078.087343
1743508078.119714
1743508078.151769
1743508078.183549
1743508078.214839
1743508078.247534
1743508078.279727
1743508078.311600
1743508078.342799
1743508078.359021
1743508078.391528
1743508078.423436
1743508078.455056
1743508078.487774
1743508078.519397
1743508078.551557
1743508078.583148
1743508078.615592
1743508078.647488
1743508078.679640
1743508078.711284
1743508078.743217
1743508078.759308
1743508078.775398
1743508078.807429
1743508078.839184
1743508078.871437
1743508078.903359
1743508078.935293
1743508078.967589
1743508078.999446
1743508079.031856
1743508079.063621
1743508079.095846
1743508079.127473
1743508079.159106
1743508079.190656
1743508079.207070
1743508079.239260
1743508079.271398
1743508079.302864
1743508079.335552
1743508079.367701
1743508079.383040
1743508079.399205
1743508079.415290
1743508079.463404
1743508079.495480
1743508079.526854
1743508079.543009
1743508079.575300
1743508079.607244
1743508079.638705
1743508079.655176
1743508079.687536
1743508079.719574
1743508079.750978
1743508079.782965
1743508079.815422
1743508079.847439
1743508079.879389
1743508079.911569
1743508079.943105
1743508079.959102
1743508079.991073
1743508080.023861
1743508080.054881
1743508080.071312
1743508080.103833
1743508080.135271
1743508080.166878
1743508080.199479
1743508080.231412
1743508080.263615
1743508080.294924
1743508080.310948
1743508080.343286
1743508080.375322
1743508080.406913
1743508080.439417
1743508080.471308
1743508080.503366
1743508080.534862
1743508080.550926
1743508080.583706
1743508080.615621
1743508080.646913
1743508080.679633
1743508080.711690
1743508080.758984
1743508080.790512
1743508080.806917
1743508080.839132
1743508080.871275
1743508080.902850
1743508080.935541
1743508080.967477
1743508080.999575
1743508081.031065
1743508081.079698
1743508081.111249
1743508081.142888
1743508081.174551
1743508081.190921
1743508081.222978
1743508081.239328
1743508081.255524
1743508081.271769
1743508081.303468
1743508081.335618
1743508081.367120
1743508081.415252
1743508081.447347
1743508081.479395
1743508081.511360
1743508081.542768
1743508081.574766
1743508081.606942
1743508081.638928
1743508081.671519
1743508081.703529
1743508081.735589
1743508081.766769
1743508081.799608
1743508081.831426
1743508081.863676
1743508081.894843
1743508081.911009
1743508081.943146
1743508081.959029
1743508081.990766
1743508082.007170
1743508082.023357
1743508082.055695
1743508082.086710
1743508082.119410
1743508082.151649
1743508082.183420
1743508082.214808
1743508082.247641
1743508082.279811
1743508082.311600
1743508082.342822
1743508082.359254
1743508082.391530
1743508082.422851
1743508082.454595
1743508082.470888
1743508082.503515
1743508082.535380
1743508082.567146
1743508082.599706
1743508082.631787
1743508082.663606
1743508082.711172
1743508082.743132
1743508082.774792
1743508082.807152
1743508082.838684
1743508082.855049
1743508082.887322
1743508082.919218
1743508082.950978
1743508082.983528
1743508083.031257
1743508083.063500
1743508083.094790
1743508083.126934
1743508083.159012
1743508083.191077
1743508083.222922
1743508083.238995
1743508083.255169
1743508083.271302
1743508083.303061
1743508083.335762
1743508083.367207
1743508083.383225
1743508083.414830
1743508083.447379
1743508083.479442
1743508083.511485
1743508083.542540
1743508083.558976
1743508083.591257
1743508083.623421
1743508083.654902
1743508083.687641
1743508083.719228
1743508083.751624
1743508083.782709
1743508083.815230
1743508083.847451
1743508083.879467
1743508083.910854
1743508083.943185
1743508083.975180
1743508084.007403
1743508084.038476
1743508084.054838
1743508084.087258
1743508084.119275
1743508084.150771
1743508084.183336
1743508084.215310
1743508084.247746
1743508084.279008
1743508084.311620
1743508084.343429
1743508084.375195
1743508084.406603
1743508084.422764
1743508084.455007
1743508084.487088
1743508084.518855
1743508084.551722
1743508084.583729
1743508084.615572
1743508084.663180
1743508084.695177
1743508084.726745
1743508084.742783
1743508084.774741
1743508084.791019
1743508084.823144
1743508084.855073
1743508084.886865
1743508084.919400
1743508084.951801
1743508084.983634
1743508085.014774
1743508085.047306
1743508085.079537
1743508085.111414
1743508085.142502
1743508085.158780
1743508085.190862
1743508085.206991
1743508085.238743
1743508085.255010
1743508085.271401
1743508085.319046
1743508085.350708
1743508085.383438
1743508085.415240
1743508085.447212
1743508085.478612
1743508085.494863
1743508085.527243
1743508085.559161
1743508085.590607
1743508085.607211
1743508085.639676
1743508085.671307
1743508085.702731
1743508085.735309
1743508085.767307
1743508085.799297
1743508085.830810
1743508085.863441
1743508085.895654
1743508085.927595
1743508085.958712
1743508085.974886
1743508086.006804
1743508086.022876
1743508086.054867
1743508086.087477
1743508086.119107
1743508086.151323
1743508086.182940
1743508086.215368
1743508086.247530
1743508086.295155
1743508086.326703
1743508086.342710
1743508086.358822
1743508086.391057
1743508086.423020
1743508086.455139
1743508086.487334
1743508086.519258
1743508086.551187
1743508086.583628
1743508086.615778
1743508086.647324
1743508086.678734
1743508086.711546
1743508086.742919
1743508086.774841
1743508086.806816
1743508086.822914
1743508086.839108
1743508086.855156
1743508086.886946
1743508086.935121
1743508086.967240
1743508086.999144
1743508087.030584
1743508087.063190
1743508087.095282
1743508087.127291
1743508087.158696
1743508087.174877
1743508087.207130
1743508087.223178
1743508087.270903
1743508087.302647
1743508087.335305
1743508087.367367
1743508087.399625
1743508087.431324
1743508087.463469
1743508087.495397
1743508087.510955
1743508087.543245
1743508087.590615
1743508087.606778
1743508087.622782
1743508087.638760
1743508087.654893
1743508087.687366
1743508087.719076
1743508087.751447
1743508087.782636
1743508087.798631
1743508087.814950
1743508087.830861
1743508087.846938
1743508087.863000
1743508087.911180
1743508087.942652
1743508087.974345
1743508087.990717
1743508088.006936
1743508088.038798
1743508088.070508
1743508088.086698
1743508088.119142
1743508088.151567
1743508088.182756
1743508088.215750
1743508088.247548
1743508088.279077
1743508088.310575
1743508088.326677
1743508088.342705
1743508088.375032
1743508088.406718
1743508088.422757
1743508088.438937
1743508088.471221
1743508088.502744
1743508088.535415
1743508088.567342
1743508088.599100
1743508088.630651
1743508088.663235
1743508088.695020
1743508088.727160
1743508088.758436
1743508088.774743
1743508088.790956
1743508088.807163
1743508088.838939
1743508088.886672
1743508088.919000
1743508088.950940
1743508088.982574
1743508089.015263
1743508089.047058
1743508089.079281
1743508089.111087
1743508089.143094
1743508089.175183
1743508089.222689
1743508089.254349
1743508089.270719
1743508089.303294
1743508089.335131
1743508089.366651
1743508089.399316
1743508089.431123
1743508089.463352
1743508089.494714
1743508089.510954
1743508089.543455
1743508089.574636
1743508089.606393
1743508089.638910
1743508089.670992
1743508089.703171
1743508089.735030
1743508089.767221
1743508089.799474
1743508089.831320
1743508089.863178
1743508089.895357
1743508089.927037
1743508089.958781
1743508089.990286
1743508090.006775
1743508090.022910
1743508090.054854
1743508090.086598
1743508090.102611
1743508090.118882
1743508090.134983
1743508090.167257
1743508090.199460
1743508090.231072
1743508090.262953
1743508090.294454
1743508090.310635
1743508090.342829
1743508090.374707
1743508090.406409
1743508090.422765
1743508090.438987
1743508090.455065
1743508090.486876
1743508090.519466
1743508090.551028
1743508090.583092
1743508090.614813
1743508090.647359
1743508090.679201
1743508090.711276
1743508090.742496
1743508090.758921
1743508090.791029
1743508090.838517
1743508090.870523
1743508090.902981
1743508090.935240
1743508090.967236
1743508090.998831
1743508091.031300
1743508091.063347
1743508091.095509
1743508091.126939
1743508091.174718
1743508091.206597
1743508091.222900
1743508091.254402
1743508091.270572
1743508091.303091
1743508091.335278
1743508091.366771
1743508091.399454
1743508091.431257
1743508091.463337
1743508091.494799
1743508091.526713
1743508091.542550
1743508091.574589
1743508091.606563
1743508091.622622
1743508091.638722
1743508091.654755
1743508091.686639
1743508091.719449
1743508091.751416
1743508091.783444
1743508091.814712
1743508091.847052
1743508091.879262
1743508091.911186
1743508091.942190
1743508091.958528
1743508091.990924
1743508092.022790
1743508092.054637
1743508092.070766
1743508092.103122
1743508092.150924
1743508092.182546
1743508092.215222
1743508092.247055
1743508092.279195
1743508092.310620
1743508092.342894
1743508092.374864
1743508092.406926
1743508092.438931
1743508092.471372
1743508092.502911
1743508092.535098
1743508092.566904
1743508092.599036
1743508092.631038
1743508092.663121
1743508092.694695
1743508092.726909
1743508092.758989
1743508092.791376
1743508092.822167
1743508092.838598
1743508092.854688
1743508092.887099
1743508092.918676
1743508092.951031
1743508092.983086
1743508093.015059
1743508093.046688
1743508093.079266
1743508093.127063
1743508093.158535
1743508093.190341
1743508093.206554
1743508093.222695
1743508093.254800
1743508093.286627
1743508093.319096
1743508093.351245
1743508093.383561
1743508093.414727
1743508093.447374
1743508093.478927
1743508093.511012
1743508093.542119
1743508093.558485
1743508093.590750
1743508093.606703
1743508093.638297
1743508093.654737
1743508093.670833
1743508093.702998
1743508093.734987
1743508093.767089
1743508093.799097
1743508093.831047
1743508093.862479
1743508093.895125
1743508093.927060
1743508093.958873
1743508093.990363
1743508094.006709
1743508094.038755
1743508094.054803
1743508094.070983
1743508094.103354
1743508094.135162
1743508094.167179
1743508094.198454
1743508094.230940
1743508094.262967
1743508094.295072
1743508094.326520
1743508094.342690
1743508094.374833
1743508094.422684
1743508094.454256
1743508094.470549
1743508094.502801
1743508094.535090
1743508094.566333
1743508094.598444
1743508094.631198
1743508094.663080
1743508094.695264
1743508094.742787
1743508094.774431
1743508094.790811
1743508094.822684
1743508094.854555
1743508094.886415
1743508094.918938
1743508094.951154
1743508094.983376
1743508095.014589
1743508095.047115
1743508095.079307
1743508095.110894
1743508095.142093
1743508095.158651
1743508095.190521
1743508095.206601
1743508095.238278
1743508095.254545
1743508095.271000
1743508095.302819
1743508095.334688
1743508095.367121
1743508095.399074
1743508095.430796
1743508095.462452
1743508095.495015
1743508095.526821
1743508095.558632
1743508095.574444
1743508095.590590
1743508095.622821
1743508095.654856
1743508095.686522
1743508095.719066
1743508095.750876
1743508095.782870
1743508095.814397
1743508095.847030
1743508095.879371
1743508095.911018
1743508095.942423
1743508095.958597
1743508095.974673
1743508095.990660
1743508096.006842
1743508096.022955
1743508096.054813
1743508096.086913
1743508096.118318
1743508096.150955
1743508096.182930
1743508096.215154
1743508096.246424
1743508096.279388
1743508096.311054
1743508096.342895
1743508096.374560
1743508096.390581
1743508096.406714
1743508096.438743
1743508096.470354
1743508096.486410
1743508096.502698
1743508096.535135
1743508096.566568
1743508096.599064
1743508096.631343
1743508096.663267
1743508096.694439
1743508096.726468
1743508096.742422
1743508096.758625
1743508096.790103
1743508096.806701
1743508096.838945
1743508096.870917
1743508096.902363
1743508096.935097
1743508096.967175
1743508096.999136
1743508097.030312
1743508097.062795
1743508097.094864
1743508097.126921
1743508097.158133
1743508097.174711
1743508097.206737
1743508097.238719
1743508097.270883
1743508097.303125
1743508097.350723
1743508097.382942
1743508097.414212
1743508097.447103
1743508097.478916
1743508097.511150
1743508097.542114
1743508097.558486
1743508097.574654
1743508097.590639
1743508097.622411
1743508097.638621
1743508097.671027
1743508097.702796
1743508097.734452
1743508097.766990
1743508097.798978
1743508097.830912
1743508097.862475
1743508097.895025
1743508097.927046
1743508097.958673
1743508098.006382
1743508098.022410
1743508098.054494
1743508098.086706
1743508098.118436
1743508098.150970
1743508098.182848
1743508098.215287
1743508098.246399
1743508098.262489
1743508098.278667
1743508098.326477
1743508098.357997
1743508098.374358
1743508098.390657
1743508098.422764
1743508098.454433
1743508098.470465
1743508098.502910
1743508098.535083
1743508098.566675
1743508098.599049
1743508098.646547
1743508098.678855
1743508098.710182
1743508098.726419
1743508098.742431
1743508098.758561
1743508098.790197
1743508098.806529
1743508098.822588
1743508098.838696
1743508098.870739
1743508098.903010
1743508098.935045
1743508098.982999
1743508099.014213
1743508099.046908
1743508099.079188
1743508099.110778
1743508099.142471
1743508099.174566
1743508099.190537
1743508099.206589
1743508099.238296
1743508099.254647
1743508099.270806
1743508099.303294
1743508099.334270
1743508099.366946
1743508099.398772
1743508099.430979
1743508099.462423
1743508099.494964
1743508099.527043
1743508099.558775
1743508099.590646
1743508099.623082
1743508099.654623
1743508099.686453
1743508099.718211
1743508099.751086
1743508099.782956
1743508099.814927
1743508099.846242
1743508099.862306
1743508099.878654
1743508099.894649
1743508099.926585
1743508099.959219
1743508099.990498
1743508100.022313
1743508100.054388
1743508100.070592
1743508100.102914
1743508100.135101
1743508100.166634
1743508100.198955
1743508100.231020
1743508100.278777
1743508100.310119
1743508100.326182
1743508100.342269
1743508100.358184
1743508100.390166
1743508100.406449
1743508100.438432
1743508100.454486
1743508100.470544
1743508100.502946
1743508100.535026
1743508100.567030
1743508100.598455
1743508100.630715
1743508100.662627
1743508100.694775
1743508100.726265
1743508100.742333
1743508100.774597
1743508100.806612
1743508100.838326
1743508100.854547
1743508100.870691
1743508100.886558
1743508100.934759
1743508100.966696
1743508100.998962
1743508101.030855
1743508101.062608
1743508101.094842
1743508101.126885
1743508101.158604
1743508101.190870
1743508101.222719
1743508101.254333
1743508101.270486
1743508101.302252
1743508101.334918
1743508101.366930
1743508101.398877
1743508101.430280
1743508101.462841
1743508101.495029
1743508101.526960
1743508101.574303
1743508101.606471
1743508101.622262
1743508101.638251
1743508101.654522
1743508101.686559
1743508101.718842
1743508101.750839
1743508101.782398
1743508101.814469
1743508101.847182
1743508101.879009
1743508101.911280
1743508101.942681
1743508101.974249
1743508101.990341
1743508102.006726
1743508102.037470
1743508102.069653
1743508102.086272
1743508102.102472
1743508102.135049
1743508102.166331
1743508102.199165
1743508102.230939
1743508102.262830
1743508102.294140
1743508102.310240
1743508102.326361
1743508102.358249
1743508102.390008
1743508102.406431
1743508102.438901
1743508102.470884
1743508102.502304
1743508102.518256
1743508102.551254
1743508102.582731
1743508102.614167
1743508102.646730
1743508102.678828
1743508102.711040
1743508102.741979
1743508102.758364
1743508102.774574
1743508102.806746
1743508102.838191
1743508102.854550
1743508102.887184
1743508102.918568
1743508102.950245
1743508102.982894
1743508103.014674
1743508103.046853
1743508103.078399
1743508103.110946
1743508103.142723
1743508103.174643
1743508103.206262
1743508103.222281
1743508103.254594
1743508103.286600
1743508103.318854
1743508103.350814
1743508103.383101
1743508103.414743
1743508103.446597
1743508103.479225
1743508103.526634
1743508103.558306
1743508103.589860
1743508103.606234
1743508103.622336
1743508103.638357
1743508103.670122
1743508103.702764
1743508103.734864
1743508103.766887
1743508103.798255
1743508103.830854
1743508103.862792
1743508103.894565
1743508103.926400
1743508103.958567
1743508103.990370
1743508104.022249
1743508104.054066
1743508104.070240
1743508104.086448
1743508104.118829
1743508104.150365
1743508104.183311
1743508104.214776
1743508104.246649
1743508104.278188
1743508104.310778
1743508104.342257
1743508104.374351
1743508104.405954
1743508104.422489
1743508104.454560
1743508104.502314
1743508104.534003
1743508104.566900
1743508104.598597
1743508104.630756
1743508104.662193
1743508104.694804
1743508104.726849
1743508104.758534
1743508104.790197
1743508104.806531
1743508104.838927
1743508104.870743
1743508104.902298
1743508104.934711
1743508104.966948
1743508104.998623
1743508105.030257
1743508105.062901
1743508105.094946
1743508105.126797
1743508105.158145
1743508105.190261
1743508105.222343
1743508105.254214
1743508105.285987
1743508105.318565
1743508105.350719
1743508105.382816
1743508105.414208
1743508105.447156
1743508105.479287
1743508105.510540
1743508105.542133
1743508105.558402
1743508105.590465
1743508105.622438
1743508105.638227
1743508105.670712
1743508105.702873
1743508105.734778
1743508105.766270
1743508105.814428
1743508105.846697
1743508105.878870
1743508105.910077
1743508105.926219
1743508105.958437
1743508105.990415
1743508106.021964
1743508106.038382
1743508106.070718
1743508106.102816
1743508106.134464
1743508106.166681
1743508106.198630
1743508106.230608
1743508106.262039
1743508106.294766
1743508106.326731
1743508106.358556
1743508106.389961
1743508106.406499
1743508106.454161
1743508106.486480
1743508106.517988
1743508106.550576
1743508106.582719
1743508106.614800
1743508106.646097
1743508106.679156
1743508106.711041
1743508106.742573
1743508106.790372
1743508106.822119
1743508106.838071
1743508106.854196
1743508106.870533
1743508106.902537
1743508106.934687
1743508106.967035
1743508106.998194
1743508107.030899
1743508107.062969
1743508107.110622
1743508107.142003
1743508107.158108
1743508107.190302
1743508107.222396
1743508107.253947
1743508107.270204
1743508107.302844
1743508107.334705
1743508107.366616
1743508107.398945
1743508107.430768
1743508107.462681
1743508107.494664
1743508107.526555
1743508107.558206
1743508107.590076
1743508107.606323
1743508107.638538
1743508107.654295
1743508107.670536
1743508107.702160
1743508107.718077
1743508107.734400
1743508107.766978
1743508107.798106
1743508107.830599
1743508107.862864
1743508107.894716
1743508107.926200
1743508107.958406
1743508107.990367
1743508108.022352
1743508108.053985
1743508108.086920
1743508108.118621
1743508108.150576
1743508108.182003
1743508108.214667
1743508108.246732
1743508108.278922
1743508108.310184
1743508108.326276
1743508108.358303
1743508108.406342
1743508108.437743
1743508108.454049
1743508108.470210
1743508108.502508
1743508108.533989
1743508108.566755
1743508108.598390
1743508108.630700
1743508108.662357
1743508108.694815
1743508108.742516
1743508108.774015
1743508108.805792
1743508108.822060
1743508108.838203
1743508108.854264
1743508108.886345
1743508108.918474
1743508108.950594
1743508108.982825
1743508109.014421
1743508109.062530
1743508109.094449
1743508109.126485
1743508109.157675
1743508109.174321
1743508109.206394
1743508109.238381
1743508109.269996
1743508109.302154
1743508109.335129
1743508109.382550
1743508109.414500
1743508109.446594
1743508109.478684
1743508109.510671
1743508109.542233
1743508109.574286
1743508109.605896
1743508109.622248
1743508109.654421
1743508109.670534
1743508109.718335
1743508109.750652
1743508109.782501
1743508109.814500
1743508109.845908
1743508109.878709
1743508109.910633
1743508109.942171
1743508109.973942
1743508109.990290
1743508110.037624
1743508110.054108
1743508110.085745
1743508110.101786
1743508110.117963
1743508110.150875
1743508110.181942
1743508110.214675
1743508110.246663
1743508110.278788
1743508110.310069
1743508110.326223
1743508110.358711
1743508110.390112
1743508110.421630
1743508110.438004
1743508110.454166
1743508110.470097
1743508110.501949
1743508110.534551
1743508110.566580
1743508110.598961
1743508110.630197
1743508110.662915
1743508110.694799
1743508110.726400
1743508110.757700
1743508110.773977
1743508110.806095
1743508110.838467
1743508110.870033
1743508110.902436
1743508110.934880
1743508110.966852
1743508111.014506
1743508111.046499
1743508111.078713
1743508111.110733
1743508111.142103
1743508111.174259
1743508111.206190
1743508111.222237
1743508111.238380
1743508111.254556
1743508111.270742
1743508111.286620
1743508111.334121
1743508111.366280
1743508111.398354
1743508111.430319
1743508111.461894
1743508111.494497
1743508111.526532
1743508111.558060
1743508111.589859
1743508111.606165
1743508111.638168
1743508111.670429
1743508111.701583
1743508111.734349
1743508111.766446
1743508111.798246
1743508111.829806
1743508111.862512
1743508111.895197
1743508111.926544
1743508111.957775
1743508111.990517
1743508112.021967
1743508112.053935
1743508112.085698
1743508112.101698
1743508112.134385
1743508112.166450
1743508112.197850
1743508112.230376
1743508112.262495
1743508112.310127
1743508112.341416
1743508112.357986
1743508112.389980
1743508112.421889
1743508112.453591
1743508112.469855
1743508112.502244
1743508112.534559
1743508112.566234
1743508112.598566
1743508112.646082
1743508112.678474
1743508112.709688
1743508112.725884
1743508112.758268
1743508112.790091
1743508112.821581
1743508112.837943
1743508112.854162
1743508112.870280
1743508112.902204
1743508112.934554
1743508112.966493
1743508112.998314
1743508113.029899
1743508113.062621
1743508113.094512
1743508113.126834
1743508113.157609
1743508113.173979
1743508113.190160
1743508113.206324
1743508113.238159
1743508113.254159
1743508113.286758
1743508113.318271
1743508113.349990
1743508113.382666
1743508113.414612
1743508113.446505
1743508113.477993
1743508113.510805
1743508113.542277
1743508113.574272
1743508113.622276
1743508113.654070
1743508113.686327
1743508113.718261
1743508113.749844
1743508113.782490
1743508113.814478
1743508113.846512
1743508113.878098
1743508113.910566
1743508113.942533
1743508113.973999
1743508114.005747
1743508114.022018
1743508114.054035
1743508114.086383
1743508114.117805
1743508114.133919
1743508114.166528
1743508114.198545
1743508114.230217
1743508114.262577
1743508114.294447
1743508114.326617
1743508114.357590
1743508114.373848
1743508114.406285
1743508114.438011
1743508114.469886
1743508114.502364
1743508114.534656
1743508114.566746
1743508114.597785
1743508114.630537
1743508114.662289
1743508114.694398
1743508114.725721
1743508114.741827
1743508114.774148
1743508114.806012
1743508114.837780
1743508114.854258
1743508114.886435
1743508114.918601
1743508114.949676
1743508114.982262
1743508115.014655
1743508115.046467
1743508115.077952
1743508115.110469
1743508115.142415
1743508115.174146
1743508115.205838
1743508115.238460
1743508115.270184
1743508115.302082
1743508115.334036
1743508115.364924
1743508115.396862
1743508115.428897
1743508115.460905
1743508115.476940
1743508115.508693
1743508115.524871
1743508115.572687
1743508115.588804
1743508115.606359
1743508115.637848
1743508115.669658
1743508115.685862
1743508115.702062
1743508115.717733
1743508115.749755
1743508115.782544
1743508115.814492
1743508115.846719
1743508115.894547
1743508115.926300
1743508115.957907
1743508115.989822
1743508116.006092
1743508116.038226
1743508116.070129
1743508116.102425
1743508116.133915
1743508116.166520
1743508116.214340
1743508116.246260
1743508116.277773
1743508116.310461
1743508116.341792
1743508116.374238
1743508116.405614
1743508116.421896
1743508116.438109
1743508116.454155
1743508116.486120
1743508116.518468
1743508116.550313
1743508116.582753
1743508116.613807
1743508116.646365
1743508116.678570
1743508116.711019
1743508116.741962
1743508116.773743
1743508116.790144
1743508116.806290
1743508116.822332
1743508116.869954
1743508116.902175
1743508116.934246
1743508116.966308
1743508116.998385
1743508117.029857
1743508117.062385
1743508117.094342
1743508117.126561
1743508117.157660
1743508117.190514
1743508117.221880
1743508117.253831
1743508117.285728
1743508117.318163
1743508117.350459
1743508117.382639
1743508117.414133
1743508117.446549
1743508117.478779
1743508117.526229
1743508117.557405
1743508117.573734
1743508117.605930
1743508117.638061
1743508117.669646
1743508117.702266
1743508117.717810
1743508117.733996
1743508117.766009
1743508117.798770
1743508117.846139
1743508117.878367
1743508117.909640
1743508117.925807
1743508117.958114
1743508117.989987
1743508118.021654
1743508118.037805
1743508118.054013
1743508118.070369
1743508118.102115
1743508118.134556
1743508118.166481
1743508118.198331
1743508118.229617
1743508118.262133
1743508118.294453
1743508118.326093
1743508118.357497
1743508118.373799
1743508118.390137
1743508118.422032
1743508118.453677
1743508118.469963
1743508118.502656
1743508118.534301
1743508118.565729
1743508118.598353
1743508118.630433
1743508118.662465
1743508118.693759
1743508118.726096
1743508118.742096
1743508118.774166
1743508118.821675
1743508118.853777
1743508118.869755
1743508118.885696
1743508118.917721
1743508118.950429
1743508118.982328
1743508119.014437
1743508119.045871
1743508119.078434
1743508119.110447
1743508119.142450
1743508119.173547
1743508119.189934
1743508119.205983
1743508119.237995
1743508119.269803
1743508119.302201
1743508119.334269
1743508119.366473
1743508119.398253
1743508119.430499
1743508119.478171
1743508119.510114
1743508119.541496
1743508119.557684
1743508119.589980
1743508119.621775
1743508119.653456
1743508119.669801
1743508119.702265
1743508119.717723
1743508119.734056
1743508119.766793
1743508119.798805
1743508119.830187
1743508119.861559
1743508119.877657
1743508119.909826
1743508119.941771
1743508119.973411
1743508119.989821
1743508120.021971
1743508120.054153
1743508120.085749
1743508120.118305
1743508120.150267
1743508120.182287
1743508120.213475
1743508120.246429
1743508120.278500
1743508120.310656
1743508120.341722
1743508120.374262
1743508120.405977
1743508120.421999
1743508120.453738
1743508120.486057
1743508120.518079
1743508120.550485
1743508120.581835
1743508120.614225
1743508120.646357
1743508120.678486
1743508120.709888
1743508120.742110
1743508120.774249
1743508120.805535
1743508120.821975
1743508120.853323
1743508120.869576
1743508120.886379
1743508120.917523
1743508120.933890
1743508120.966391
1743508120.998753
1743508121.029809
1743508121.062390
1743508121.094630
1743508121.126286
1743508121.157515
1743508121.173627
1743508121.189832
1743508121.221765
1743508121.253670
1743508121.286137
1743508121.318048
1743508121.350401
1743508121.382190
1743508121.430251
1743508121.462000
1743508121.494030
1743508121.525691
1743508121.558092
1743508121.589823
1743508121.622024
1743508121.653588
1743508121.669943
1743508121.702170
1743508121.750140
1743508121.781434
1743508121.797469
1743508121.813657
1743508121.829771
1743508121.861814
1743508121.894361
1743508121.926363
1743508121.957930
1743508121.989663
1743508122.005865
1743508122.038219
1743508122.070323
1743508122.101601
1743508122.134286
1743508122.166250
1743508122.198243
1743508122.229979
1743508122.262420
1743508122.294279
1743508122.326326
1743508122.357558
1743508122.373879
1743508122.406159
1743508122.437835
1743508122.469704
1743508122.502087
1743508122.534194
1743508122.566323
1743508122.597559
1743508122.630623
1743508122.662484
1743508122.694294
1743508122.725554
1743508122.757513
1743508122.789820
1743508122.821836
1743508122.853532
1743508122.869817
1743508122.902525
1743508122.934222
1743508122.965842
1743508122.998544
1743508123.046112
1743508123.078245
1743508123.109508
1743508123.125632
1743508123.157934
1743508123.189986
1743508123.221569
1743508123.237762
1743508123.253849
1743508123.270011
1743508123.302283
1743508123.334262
1743508123.382059
1743508123.414019
1743508123.445622
1743508123.478496
1743508123.510177
1743508123.541746
1743508123.573380
1743508123.589764
1743508123.605952
1743508123.638064
1743508123.669625
1743508123.702310
1743508123.734017
1743508123.766096
1743508123.797392
1743508123.830193
1743508123.861925
1743508123.894069
1743508123.925783
1743508123.941825
1743508123.974150
1743508124.021500
1743508124.053304
1743508124.069519
1743508124.085658
1743508124.117903
1743508124.149494
1743508124.181613
1743508124.214247
1743508124.246268
1743508124.278374
1743508124.310252
1743508124.357505
1743508124.389628
1743508124.421631
1743508124.453941
1743508124.485416
1743508124.518019
1743508124.550185
1743508124.582250
1743508124.613810
1743508124.646298
1743508124.678482
1743508124.710064
1743508124.741218
1743508124.757578
1743508124.789882
1743508124.821726
1743508124.853331
1743508124.869518
1743508124.885677
1743508124.901806
1743508124.933811
1743508124.966260
1743508124.998308
1743508125.029930
1743508125.061329
1743508125.093981
1743508125.126229
1743508125.157907
1743508125.189286
1743508125.205770
1743508125.237984
1743508125.269938
1743508125.301582
1743508125.334474
1743508125.366078
1743508125.398000
1743508125.429518
1743508125.462209
1743508125.494153
1743508125.526135
1743508125.557465
1743508125.573865
1743508125.605899
1743508125.653517
1743508125.685198
1743508125.701416
1743508125.717486
1743508125.733570
1743508125.749665
1743508125.782276
1743508125.814122
1743508125.846221
1743508125.877633
1743508125.910271
1743508125.941972
1743508125.974378
1743508126.005363
1743508126.021825
1743508126.053723
1743508126.085938
1743508126.117557
1743508126.150277
1743508126.182086
1743508126.214152
1743508126.245582
1743508126.278582
1743508126.310151
1743508126.341852
1743508126.373107
1743508126.389501
1743508126.405757
1743508126.437950
1743508126.469466
1743508126.502102
1743508126.533985
1743508126.566166
1743508126.597922
1743508126.630519
1743508126.662051
1743508126.693936
1743508126.725432
1743508126.741605
1743508126.773702
1743508126.805797
1743508126.837377
1743508126.853993
1743508126.886075
1743508126.918120
1743508126.949421
1743508126.981943
1743508127.013947
1743508127.045810
1743508127.077617
1743508127.110156
1743508127.141550
1743508127.173868
1743508127.205318
1743508127.221690
1743508127.254129
1743508127.286329
1743508127.317500
1743508127.349892
1743508127.381989
1743508127.414266
1743508127.445420
1743508127.478417
1743508127.510418
1743508127.542160
1743508127.573435
1743508127.606214
1743508127.637590
1743508127.669746
1743508127.701270
1743508127.734379
1743508127.766047
1743508127.798382
1743508127.829404
1743508127.862084
1743508127.894116
1743508127.926016
1743508127.957269
1743508127.973451
1743508128.005529
1743508128.021551
1743508128.053230
1743508128.069471
1743508128.085501
1743508128.117946
1743508128.149702
1743508128.182242
1743508128.214328
1743508128.261800
1743508128.293228
1743508128.309398
1743508128.341692
1743508128.373494
1743508128.389711
1743508128.421890
1743508128.453966
1743508128.485947
1743508128.517487
1743508128.550234
1743508128.582159
1743508128.613863
1743508128.645421
1743508128.661438
1743508128.677647
1743508128.710021
1743508128.741216
1743508128.757416
1743508128.789784
1743508128.821788
1743508128.853611
1743508128.869754
1743508128.902197
1743508128.934053
1743508128.965364
1743508128.998280
1743508129.029823
1743508129.062079
1743508129.093415
1743508129.109637
1743508129.141685
1743508129.157929
1743508129.189844
1743508129.206068
1743508129.238388
1743508129.269895
1743508129.301708
1743508129.333848
1743508129.365907
1743508129.397901
1743508129.429716
1743508129.462432
1743508129.494121
1743508129.526160
1743508129.557401
1743508129.573435
1743508129.605608
1743508129.637337
1743508129.653500
1743508129.669870
1743508129.701754
1743508129.733976
1743508129.765390
1743508129.798092
1743508129.830061
1743508129.877130
1743508129.909175
1743508129.925232
1743508129.941412
1743508129.973694
1743508130.005321
1743508130.021455
1743508130.053683
1743508130.086009
1743508130.117476
1743508130.150118
1743508130.182181
1743508130.214044
1743508130.245320
1743508130.261512
1743508130.277615
1743508130.309902
1743508130.341048
1743508130.357377
1743508130.389826
1743508130.421694
1743508130.453360
1743508130.469554
1743508130.485745
1743508130.533826
1743508130.565285
1743508130.597999
1743508130.629963
1743508130.661886
1743508130.693315
1743508130.709429
1743508130.725617
1743508130.757563
1743508130.789286
1743508130.805632
1743508130.853498
1743508130.885802
1743508130.917261
1743508130.949964
1743508130.981756
1743508131.013899
1743508131.045336
1743508131.078304
1743508131.110147
1743508131.141540
1743508131.157785
1743508131.189980
1743508131.221358
1743508131.253622
1743508131.285328
1743508131.317615
1743508131.349875
1743508131.381915
1743508131.413519
1743508131.446043
1743508131.478275
1743508131.510162
1743508131.541328
1743508131.573088
1743508131.605556
1743508131.637245
1743508131.653426
1743508131.669461
1743508131.701774
1743508131.733939
1743508131.766253
1743508131.798066
1743508131.829294
1743508131.862026
1743508131.894356
1743508131.925941
1743508131.957024
1743508131.973639
1743508132.005432
1743508132.021483
1743508132.053232
1743508132.069567
1743508132.085807
1743508132.118281
1743508132.165715
1743508132.197813
1743508132.229745
1743508132.261796
1743508132.293261
1743508132.325467
1743508132.357544
1743508132.389676
1743508132.421187
1743508132.437583
1743508132.453755
1743508132.486193
1743508132.517183
1743508132.549644
1743508132.581816
1743508132.614055
1743508132.645199
1743508132.677989
1743508132.709788
1743508132.741820
1743508132.773205
1743508132.806131
1743508132.837572
1743508132.869620
1743508132.901234
1743508132.933854
1743508132.965943
1743508132.998134
1743508133.029467
1743508133.061921
1743508133.094289
1743508133.140690
1743508133.173361
1743508133.189647
1743508133.221814
1743508133.253550
1743508133.285243
1743508133.317782
1743508133.349912
1743508133.382017
1743508133.413447
1743508133.461670
1743508133.493696
1743508133.525869
1743508133.556941
1743508133.573404
1743508133.605544
1743508133.637366
1743508133.669207
1743508133.685255
1743508133.717957
1743508133.750200
1743508133.781316
1743508133.813874
1743508133.845717
1743508133.877894
1743508133.909173
1743508133.925385
1743508133.957339
1743508133.989712
1743508134.021066
1743508134.037586
1743508134.069999
1743508134.117476
1743508134.149065
1743508134.182069
1743508134.213746
1743508134.246020
1743508134.277249
1743508134.309927
1743508134.341487
1743508134.357414
1743508134.389109
1743508134.405539
1743508134.437722
1743508134.469495
1743508134.501088
1743508134.533916
1743508134.565746
1743508134.597830
1743508134.629313
1743508134.661724
1743508134.693886
1743508134.725958
1743508134.757128
1743508134.773164
1743508134.789346
1743508134.821381
1743508134.853022
1743508134.869239
1743508134.901957
1743508134.933719
1743508134.965585
1743508134.998059
1743508135.030252
1743508135.061971
1743508135.093539
1743508135.125656
1743508135.157296
1743508135.189557
1743508135.221078
1743508135.237331
1743508135.253596
1743508135.285661
1743508135.317392
1743508135.350126
1743508135.381944
1743508135.414062
1743508135.445113
1743508135.477831
1743508135.509928
1743508135.541324
1743508135.573117
1743508135.589403
1743508135.621557
1743508135.653590
1743508135.685287
1743508135.701282
1743508135.734057
1743508135.765692
1743508135.797093
1743508135.829743
1743508135.861551
1743508135.893938
1743508135.925141
1743508135.941290
1743508135.957447
1743508135.973403
1743508135.989592
1743508136.005783
1743508136.037753
1743508136.069899
1743508136.101275
1743508136.133931
1743508136.165675
1743508136.197583
1743508136.229219
1743508136.262088
1743508136.293940
1743508136.325882
1743508136.357107
1743508136.389833
1743508136.421415
1743508136.453249
1743508136.484995
1743508136.517610
1743508136.549776
1743508136.581798
1743508136.613300
1743508136.645859
1743508136.678185
1743508136.710019
1743508136.740861
1743508136.757212
1743508136.789372
1743508136.821254
1743508136.853115
1743508136.869416
1743508136.902020
1743508136.933973
1743508136.965540
1743508136.998149
1743508137.045677
1743508137.077784
1743508137.109087
1743508137.125177
1743508137.157238
1743508137.173500
1743508137.205240
1743508137.221223
1743508137.237391
1743508137.253372
1743508137.269593
1743508137.301905
1743508137.333838
1743508137.365883
1743508137.396942
1743508137.429732
1743508137.461550
1743508137.493700
1743508137.525111
1743508137.541391
1743508137.573531
1743508137.605632
1743508137.637085
1743508137.653390
1743508137.686226
1743508137.717573
1743508137.748936
1743508137.781705
1743508137.813668
1743508137.845668
1743508137.877244
1743508137.909847
1743508137.941696
1743508137.973515
1743508138.021207
1743508138.053105
1743508138.069141
1743508138.085144
1743508138.117040
1743508138.149948
1743508138.181673
1743508138.213709
1743508138.245272
1743508138.278008
1743508138.309916
1743508138.341953
1743508138.372775
1743508138.389397
1743508138.421408
1743508138.453470
1743508138.485098
1743508138.517702
1743508138.549666
1743508138.581805
1743508138.613254
1743508138.661521
1743508138.693488
1743508138.725773
1743508138.756722
1743508138.773134
1743508138.805126
1743508138.821150
1743508138.837306
1743508138.853377
1743508138.869534
1743508138.901738
1743508138.933239
1743508138.965412
1743508138.997922
1743508139.029666
1743508139.061898
1743508139.093802
1743508139.125641
1743508139.157220
1743508139.189523
1743508139.221464
1743508139.253120
1743508139.269700
1743508139.317354
1743508139.349711
1743508139.381012
1743508139.413697
1743508139.445546
1743508139.478004
1743508139.509150
1743508139.541511
1743508139.573440
1743508139.605441
1743508139.636975
1743508139.653109
1743508139.669470
1743508139.701501
1743508139.733031
1743508139.765707
1743508139.797785
1743508139.829796
1743508139.861206
1743508139.893888
1743508139.925965
1743508139.973102
1743508140.004612
1743508140.037390
1743508140.069517
1743508140.101616
1743508140.133193
1743508140.165675
1743508140.197948
1743508140.230004
1743508140.261333
1743508140.294058
1743508140.325684
1743508140.357032
1743508140.388682
1743508140.405210
1743508140.421371
1743508140.453511
1743508140.485025
1743508140.517755
1743508140.550001
1743508140.581842
1743508140.613483
1743508140.645767
1743508140.677766
1743508140.709649
1743508140.740922
1743508140.757269
1743508140.789490
1743508140.821305
1743508140.852978
1743508140.869554
1743508140.885681
1743508140.917815
1743508140.949242
1743508140.981710
1743508141.013480
1743508141.045947
1743508141.077466
1743508141.109650
1743508141.141314
1743508141.173397
1743508141.205037
1743508141.221582
1743508141.269385
1743508141.301257
1743508141.332826
1743508141.365634
1743508141.397503
1743508141.429524
1743508141.461563
1743508141.493800
1743508141.525821
1743508141.557363
1743508141.589179
1743508141.621228
1743508141.653340
1743508141.685556
1743508141.717100
1743508141.749569
1743508141.781629
1743508141.813675
1743508141.845012
1743508141.878157
1743508141.925449
1743508141.956977
1743508141.973011
1743508141.989162
1743508142.021139
1743508142.037121
1743508142.053317
1743508142.069439
1743508142.101532
1743508142.133700
1743508142.165054
1743508142.197733
1743508142.245376
1743508142.277565
1743508142.308807
1743508142.325008
1743508142.357057
1743508142.389087
1743508142.421125
1743508142.437068
1743508142.453251
1743508142.469412
1743508142.501171
1743508142.533692
1743508142.565948
1743508142.597471
1743508142.628951
1743508142.661577
1743508142.693541
1743508142.725701
1743508142.756704
1743508142.773040
1743508142.805244
1743508142.821206
1743508142.853012
1743508142.869493
1743508142.901716
1743508142.933423
1743508142.965012
1743508142.997911
1743508143.029545
1743508143.061631
1743508143.092970
1743508143.109125
1743508143.125208
1743508143.157456
1743508143.189119
1743508143.221790
1743508143.253074
1743508143.285429
1743508143.317367
1743508143.349343
1743508143.381664
1743508143.413723
1743508143.445106
1743508143.477691
1743508143.509634
1743508143.541468
1743508143.572573
1743508143.588941
1743508143.621138
1743508143.653037
1743508143.684916
1743508143.717345
1743508143.749653
1743508143.781591
1743508143.813043
1743508143.845589
1743508143.877941
1743508143.909338
1743508143.940574
1743508143.956975
1743508143.989149
1743508144.005166
1743508144.036735
1743508144.053159
1743508144.069376
1743508144.101457
1743508144.133079
1743508144.165537
1743508144.197684
1743508144.229278
1743508144.260885
1743508144.293538
1743508144.325378
1743508144.357091
1743508144.388620
1743508144.405222
1743508144.421352
1743508144.453402
1743508144.485161
1743508144.517940
1743508144.549324
1743508144.581627
1743508144.612843
1743508144.645525
1743508144.677782
1743508144.709614
1743508144.740844
1743508144.757064
1743508144.789428
1743508144.805474
1743508144.852908
1743508144.885333
1743508144.917291
1743508144.949720
1743508144.980876
1743508145.013524
1743508145.045625
1743508145.077982
1743508145.109000
1743508145.125094
1743508145.172848
1743508145.204921
1743508145.236554
1743508145.252952
1743508145.269339
1743508145.301345
1743508145.332897
1743508145.365429
1743508145.397500
1743508145.429494
1743508145.461046
1743508145.493637
1743508145.525289
1743508145.557220
1743508145.588815
1743508145.605010
1743508145.637049
1743508145.669262
1743508145.701225
1743508145.733556
1743508145.765466
1743508145.797640
1743508145.829196
1743508145.861575
1743508145.893789
1743508145.925528
1743508145.956604
1743508145.972958
1743508146.005283
1743508146.021023
1743508146.037196
1743508146.069604
1743508146.101489
1743508146.149372
1743508146.180717
1743508146.213367
1743508146.245478
1743508146.277742
1743508146.308879
1743508146.324966
1743508146.357211
1743508146.389114
1743508146.420779
1743508146.437285
1743508146.469983
1743508146.501273
1743508146.533385
1743508146.565590
1743508146.597511
1743508146.629286
1743508146.661417
1743508146.693455
1743508146.725057
1743508146.741131
1743508146.773377
1743508146.805904
1743508146.836580
1743508146.852966
1743508146.885330
1743508146.917965
1743508146.948851
1743508146.981719
1743508147.013642
1743508147.045481
1743508147.077095
1743508147.125637
1743508147.156960
1743508147.188896
1743508147.220562
1743508147.237143
1743508147.269317
1743508147.301240
1743508147.332835
1743508147.365386
1743508147.397579
1743508147.445269
1743508147.476805
1743508147.509381
1743508147.540836
1743508147.572841
1743508147.604545
1743508147.620978
1743508147.653157
1743508147.685380
1743508147.716993
1743508147.749756
1743508147.781404
1743508147.813281
1743508147.844620
1743508147.860663
1743508147.876971
1743508147.909086
1743508147.940541
1743508147.956957
1743508147.989069
1743508148.005059
1743508148.021205
1743508148.037227
1743508148.069633
1743508148.101673
1743508148.132658
1743508148.165327
1743508148.197344
1743508148.229476
1743508148.260738
1743508148.293429
1743508148.325750
1743508148.357041
1743508148.388875
1743508148.421666
1743508148.453055
1743508148.485059
1743508148.516757
1743508148.549418
1743508148.581548
1743508148.613434
1743508148.644875
1743508148.677531
1743508148.709528
1743508148.757153
1743508148.788446
1743508148.804986
1743508148.837017
1743508148.869305
1743508148.900739
1743508148.933560
1743508148.965382
1743508148.997786
1743508149.028908
1743508149.077461
1743508149.109179
1743508149.141050
1743508149.172537
1743508149.205683
1743508149.236766
1743508149.253064
1743508149.269304
1743508149.301427
1743508149.333407
1743508149.365638
1743508149.397122
1743508149.429266
1743508149.461235
1743508149.493536
1743508149.524989
1743508149.557061
1743508149.589084
1743508149.621308
1743508149.652762
1743508149.669052
1743508149.685183
1743508149.733109
1743508149.764907
1743508149.797264
1743508149.829182
1743508149.861468
1743508149.892763
1743508149.908843
1743508149.941363
1743508149.973155
1743508150.004715
1743508150.021029
1743508150.053607
1743508150.085087
1743508150.116558
1743508150.149412
1743508150.181209
1743508150.213970
1743508150.244710
1743508150.277900
1743508150.309499
1743508150.341156
1743508150.372942
1743508150.404768
1743508150.436971
1743508150.469227
1743508150.500595
1743508150.516526
1743508150.549386
1743508150.581450
1743508150.612811
1743508150.645739
1743508150.677796
1743508150.709805
1743508150.740937
1743508150.772755
1743508150.788977
1743508150.821045
1743508150.852460
1743508150.868921
1743508150.901509
1743508150.933346
1743508150.964817
1743508150.997411
1743508151.029677
1743508151.061130
1743508151.092593
1743508151.108701
1743508151.141037
1743508151.173045
1743508151.204477
1743508151.220837
1743508151.236943
1743508151.253078
1743508151.285101
1743508151.317486
1743508151.349454
1743508151.381192
1743508151.412605
1743508151.445459
1743508151.477341
1743508151.509338
1743508151.540513
1743508151.556739
1743508151.589180
1743508151.621148
1743508151.652893
1743508151.685839
1743508151.717069
1743508151.749287
1743508151.780968
1743508151.813120
1743508151.845319
1743508151.877390
1743508151.908900
1743508151.925032
1743508151.957186
1743508152.004787
1743508152.036345
1743508152.052746
1743508152.085198
1743508152.117201
1743508152.148675
1743508152.181498
1743508152.213256
1743508152.245325
1743508152.276877
1743508152.324989
1743508152.356716
1743508152.388863
1743508152.420294
1743508152.436706
1743508152.452788
1743508152.469164
1743508152.500680
1743508152.533556
1743508152.565195
1743508152.597276
1743508152.628817
1743508152.661574
1743508152.693104
1743508152.725193
1743508152.756374
1743508152.772704
1743508152.788792
1743508152.804881
1743508152.836379
1743508152.852850
1743508152.869068
1743508152.901304
1743508152.932900
1743508152.980936
1743508153.013041
1743508153.045108
1743508153.076834
1743508153.109283
1743508153.140910
1743508153.173078
1743508153.204633
1743508153.236962
1743508153.269077
1743508153.301405
1743508153.332505
1743508153.365150
1743508153.397392
1743508153.429114
1743508153.460591
1743508153.493400
1743508153.525601
1743508153.557084
1743508153.588673
1743508153.605182
1743508153.637336
1743508153.668877
1743508153.700536
1743508153.716622
1743508153.749289
1743508153.781174
1743508153.812958
1743508153.845257
1743508153.877511
1743508153.909367
1743508153.956642
1743508153.988387
1743508154.004780
1743508154.036754
1743508154.068954
1743508154.101105
1743508154.133249
1743508154.165185
1743508154.197167
1743508154.229577
1743508154.276973
1743508154.309013
1743508154.340644
1743508154.356724
1743508154.372830
1743508154.404920
1743508154.436829
1743508154.468941
1743508154.500809
1743508154.533373
1743508154.565654
1743508154.613090
1743508154.644536
1743508154.677235
1743508154.709340
1743508154.740922
1743508154.772352
1743508154.788722
1743508154.804850
1743508154.836919
1743508154.868706
1743508154.884767
1743508154.932942
1743508154.965343
1743508154.996568
1743508155.029229
1743508155.061289
1743508155.093150
1743508155.124641
1743508155.140849
1743508155.172923
1743508155.204918
1743508155.252684
1743508155.284999
1743508155.317057
1743508155.349136
1743508155.380503
1743508155.396496
1743508155.412600
1743508155.428658
1743508155.460683
1743508155.493256
1743508155.525503
1743508155.557187
1743508155.588712
1743508155.620613
1743508155.636595
1743508155.652729
1743508155.684822
1743508155.716976
1743508155.749068
1743508155.781182
1743508155.812783
1743508155.845482
1743508155.877482
1743508155.909308
1743508155.940259
1743508155.956600
1743508155.988706
1743508156.004643
1743508156.036353
1743508156.052708
1743508156.085078
1743508156.117132
1743508156.148630
1743508156.181453
1743508156.228864
1743508156.261309
1743508156.292378
1743508156.308601
1743508156.340656
1743508156.372807
1743508156.404527
1743508156.420580
1743508156.436789
1743508156.452849
1743508156.484885
1743508156.517316
1743508156.564845
1743508156.597005
1743508156.628512
1743508156.661122
1743508156.693109
1743508156.725153
1743508156.756392
1743508156.772633
1743508156.788814
1743508156.804985
1743508156.836536
1743508156.852832
1743508156.885519
1743508156.916912
1743508156.948501
1743508156.981155
1743508157.013083
1743508157.045138
1743508157.076611
1743508157.109330
1743508157.140889
1743508157.173178
1743508157.204461
1743508157.220540
1743508157.236618
1743508157.252691
1743508157.284458
1743508157.316999
1743508157.349046
1743508157.381140
1743508157.412440
1743508157.445176
1743508157.477564
1743508157.509225
1743508157.540444
1743508157.572851
1743508157.604617
1743508157.636799
1743508157.668442
1743508157.701103
1743508157.733019
1743508157.765116
1743508157.796967
1743508157.829166
1743508157.861093
1743508157.893096
1743508157.924379
1743508157.940580
1743508157.972905
1743508158.004663
1743508158.036323
1743508158.052674
1743508158.068937
1743508158.101004
1743508158.132727
1743508158.148664
1743508158.181498
1743508158.213097
1743508158.244322
1743508158.277186
1743508158.309020
1743508158.340737
1743508158.372257
1743508158.388778
1743508158.420915
1743508158.452782
1743508158.485126
1743508158.517278
1743508158.548889
1743508158.581061
1743508158.612447
1743508158.645460
1743508158.677197
1743508158.709144
1743508158.740225
1743508158.756664
1743508158.788950
1743508158.836484
1743508158.868268
1743508158.884366
1743508158.900513
1743508158.916501
1743508158.948743
1743508158.981074
1743508159.013139
1743508159.045091
1743508159.076646
1743508159.109133
1743508159.156402
1743508159.188371
1743508159.220431
1743508159.236653
1743508159.268778
1743508159.301045
1743508159.332448
1743508159.365085
1743508159.397164
1743508159.429275
1743508159.460754
1743508159.493318
1743508159.524904
1743508159.556367
1743508159.572609
1743508159.604676
1743508159.636856
1743508159.668877
1743508159.700543
1743508159.733059
1743508159.765308
1743508159.813047
1743508159.844258
1743508159.877055
1743508159.908952
1743508159.940758
1743508159.972331
1743508159.988580
1743508160.004724
1743508160.036824
1743508160.068451
1743508160.084629
1743508160.132785
1743508160.164911
1743508160.196281
1743508160.229069
1743508160.261008
1743508160.293188
1743508160.324393
1743508160.356776
1743508160.388711
1743508160.404790
1743508160.420800
1743508160.436902
1743508160.469204
1743508160.500905
1743508160.532612
1743508160.565010
1743508160.596936
1743508160.629054
1743508160.660401
1743508160.693130
1743508160.725209
1743508160.756890
1743508160.788518
1743508160.820436
1743508160.836452
1743508160.852494
1743508160.868588
1743508160.900920
1743508160.933100
1743508160.964909
1743508160.996382
1743508161.012375
1743508161.028670
1743508161.044638
1743508161.077068
1743508161.109149
1743508161.140406
1743508161.156364
1743508161.188517
1743508161.220649
1743508161.252887
1743508161.285072
1743508161.316700
1743508161.348613
1743508161.381072
1743508161.413099
1743508161.445255
1743508161.477131
1743508161.508817
1743508161.541029
1743508161.572630
1743508161.604473
1743508161.636208
1743508161.652690
1743508161.684966
1743508161.717213
1743508161.764752
1743508161.797059
1743508161.828808
1743508161.860965
1743508161.892249
1743508161.908468
1743508161.940560
1743508161.972707
1743508162.004316
1743508162.021050
1743508162.052164
1743508162.084257
1743508162.100858
1743508162.132833
1743508162.164893
1743508162.196748
1743508162.228506
1743508162.244558
1743508162.260673
1743508162.276632
1743508162.292634
1743508162.308776
1743508162.340735
1743508162.356781
1743508162.372847
1743508162.388941
1743508162.420717
1743508162.452640
1743508162.468985
1743508162.500674
1743508162.532782
1743508162.564749
1743508162.596528
1743508162.612569
1743508162.644780
1743508162.676825
1743508162.708665
1743508162.740718
1743508162.772486
1743508162.804389
1743508162.820523
1743508162.836680
1743508162.868807
1743508162.900995
1743508162.932377
1743508162.964939
1743508162.997091
1743508163.029181
1743508163.060464
1743508163.092791
1743508163.124811
1743508163.156544
1743508163.188037
1743508163.204528
1743508163.236678
1743508163.268797
1743508163.300465
1743508163.333016
1743508163.364933
1743508163.397181
1743508163.428195
1743508163.460931
1743508163.492916
1743508163.524931
1743508163.556049
1743508163.572454
1743508163.604424
1743508163.620807
1743508163.652428
1743508163.668718
1743508163.716776
1743508163.748731
1743508163.780225
1743508163.812855
1743508163.844937
1743508163.877119
1743508163.908298
1743508163.940685
1743508163.972850
1743508164.004956
1743508164.036263
1743508164.052320
1743508164.068625
1743508164.100796
1743508164.132577
1743508164.164892
1743508164.197084
1743508164.228807
1743508164.260477
1743508164.293384
1743508164.325261
1743508164.372365
1743508164.403984
1743508164.420328
1743508164.452526
1743508164.484761
1743508164.516559
1743508164.549163
1743508164.580842
1743508164.613182
1743508164.644403
1743508164.692860
1743508164.724699
1743508164.756528
1743508164.787981
1743508164.804606
1743508164.836426
1743508164.868501
1743508164.900408
1743508164.933030
1743508164.965102
1743508165.012862
1743508165.044144
1743508165.076906
1743508165.108744
1743508165.140292
1743508165.172291
1743508165.188509
1743508165.220779
1743508165.252532
1743508165.268687
1743508165.300976
1743508165.348641
1743508165.380683
1743508165.412299
1743508165.444932
1743508165.477018
1743508165.508878
1743508165.540208
1743508165.556439
1743508165.588603
1743508165.620663
1743508165.668282
1743508165.700773
1743508165.732844
1743508165.764774
1743508165.796697
1743508165.828632
1743508165.860713
1743508165.892996
1743508165.924449
1743508165.956885
1743508165.988923
1743508166.020241
1743508166.036383
1743508166.068569
1743508166.100780
1743508166.133109
1743508166.164237
1743508166.196863
1743508166.229103
1743508166.261215
1743508166.292459
1743508166.325164
1743508166.356483
1743508166.388316
1743508166.419894
1743508166.436357
1743508166.468463
1743508166.500588
1743508166.532247
1743508166.564843
1743508166.596908
1743508166.644829
1743508166.676174
1743508166.708765
1743508166.740596
1743508166.772311
1743508166.803995
1743508166.820327
1743508166.852462
1743508166.884979
1743508166.916319
1743508166.964606
1743508166.996735
1743508167.028806
1743508167.060037
1743508167.076036
1743508167.092320
1743508167.108587
1743508167.140230
1743508167.156372
1743508167.188640
1743508167.220874
1743508167.252109
1743508167.268621
1743508167.301128
1743508167.332850
1743508167.364131
1743508167.396836
1743508167.428636
1743508167.460813
1743508167.492162
1743508167.508247
1743508167.524418
1743508167.540491
1743508167.572247
1743508167.588472
1743508167.620588
1743508167.652369
1743508167.684180
1743508167.716526
1743508167.748986
1743508167.780816
1743508167.812199
1743508167.844960
1743508167.877081
1743508167.909060
1743508167.940326
1743508167.972169
1743508167.988387
1743508168.004363
1743508168.035958
1743508168.052265
1743508168.068437
1743508168.100536
1743508168.132206
1743508168.165181
1743508168.197137
1743508168.228872
1743508168.276618
1743508168.308567
1743508168.340268
1743508168.356278
1743508168.388039
1743508168.404398
1743508168.436495
1743508168.468694
1743508168.500165
1743508168.532945
1743508168.565104
1743508168.596889
1743508168.627992
1743508168.660616
1743508168.692687
1743508168.724679
1743508168.755923
1743508168.772344
1743508168.788523
1743508168.820445
1743508168.852600
1743508168.885142
1743508168.917046
1743508168.948631
1743508168.980527
1743508169.012863
1743508169.044134
1743508169.076967
1743508169.108676
1743508169.140597
1743508169.172282
1743508169.188461
1743508169.220527
1743508169.252623
1743508169.284080
1743508169.316646
1743508169.348675
1743508169.380849
1743508169.412372
1743508169.444807
1743508169.476956
1743508169.508873
1743508169.540430
1743508169.572832
1743508169.604401
1743508169.636344
1743508169.668064
1743508169.700679
1743508169.732732
1743508169.764690
1743508169.796249
1743508169.829100
1743508169.861114
1743508169.893190
1743508169.924006
1743508169.940247
1743508169.972454
1743508170.004345
1743508170.036053
1743508170.052304
1743508170.084529
1743508170.116856
1743508170.148463
1743508170.180882
1743508170.228616
1743508170.260758
1743508170.292044
1743508170.308232
1743508170.340231
1743508170.372168
1743508170.403886
1743508170.420246
1743508170.436434
1743508170.468746
1743508170.500121
1743508170.516125
1743508170.549113
1743508170.580758
1743508170.612081
1743508170.644855
1743508170.676816
1743508170.708892
1743508170.740040
1743508170.756264
1743508170.772470
1743508170.804430
1743508170.836076
1743508170.868794
1743508170.900613
1743508170.932793
1743508170.963998
1743508170.996711
1743508171.028703
1743508171.060661
1743508171.092121
1743508171.108320
1743508171.140705
1743508171.172345
1743508171.204416
1743508171.220425
1743508171.252416
1743508171.268697
1743508171.300528
1743508171.332457
1743508171.364654
1743508171.396722
1743508171.428169
1743508171.461200
1743508171.492797
1743508171.524765
1743508171.555737
1743508171.572028
1743508171.604273
1743508171.636364
1743508171.668047
1743508171.700538
1743508171.732687
1743508171.764584
1743508171.797030
1743508171.844641
1743508171.876455
1743508171.908739
1743508171.939993
1743508171.956201
1743508171.988468
1743508172.020362
1743508172.052031
1743508172.068206
1743508172.084351
1743508172.116835
1743508172.148436
1743508172.180846
1743508172.212670
1743508172.244709
1743508172.276077
1743508172.308807
1743508172.340159
1743508172.356058
1743508172.372326
1743508172.404568
1743508172.436597
1743508172.468695
1743508172.500349
1743508172.532714
1743508172.564490
1743508172.596859
1743508172.628001
1743508172.660561
1743508172.692650
1743508172.724833
1743508172.756002
1743508172.772267
1743508172.819987
1743508172.852191
1743508172.883966
1743508172.916354
1743508172.948840
1743508172.980820
1743508173.012157
1743508173.044936
1743508173.076995
1743508173.108734
1743508173.156167
1743508173.188045
1743508173.204061
1743508173.236366
1743508173.267941
1743508173.283967
1743508173.316538
1743508173.348746
1743508173.380205
1743508173.412884
1743508173.444951
1743508173.476827
1743508173.507947
1743508173.524026
1743508173.556240
1743508173.588381
1743508173.619644
1743508173.636119
1743508173.668334
1743508173.700692
1743508173.732182
1743508173.764748
1743508173.796683
1743508173.828507
1743508173.860098
1743508173.892677
1743508173.924611
1743508173.956314
1743508173.987742
1743508174.004318
1743508174.020397
1743508174.052357
1743508174.084265
1743508174.132529
1743508174.164546
1743508174.196470
1743508174.227908
1743508174.260486
1743508174.292542
1743508174.324812
1743508174.355904
1743508174.372148
1743508174.404319
1743508174.420307
1743508174.451981
1743508174.484443
1743508174.516487
1743508174.548555
1743508174.580024
1743508174.612553
1743508174.644428
1743508174.676740
1743508174.708120
1743508174.724332
1743508174.772114
1743508174.803883
1743508174.835701
1743508174.852138
1743508174.883629
1743508174.900143
1743508174.931940
1743508174.964893
1743508174.996618
1743508175.028786
1743508175.060228
1743508175.108331
1743508175.140087
1743508175.172149
1743508175.203668
1743508175.220136
1743508175.252367
1743508175.284481
1743508175.315987
1743508175.348724
1743508175.380947
1743508175.428322
1743508175.459904
1743508175.492905
1743508175.524386
1743508175.556017
1743508175.587667
1743508175.604238
1743508175.636231
1743508175.652291
1743508175.668312
1743508175.700809
1743508175.748277
1743508175.780557
1743508175.811815
1743508175.844590
1743508175.876631
1743508175.908430
1743508175.940286
1743508175.972192
1743508175.988167
1743508176.004309
1743508176.036552
1743508176.084265
1743508176.116393
1743508176.148333
1743508176.179965
1743508176.212966
1743508176.244546
1743508176.276589
1743508176.308073
1743508176.339991
1743508176.356206
1743508176.403991
1743508176.435940
1743508176.452006
1743508176.484626
1743508176.516544
1743508176.548759
1743508176.580526
1743508176.612024
1743508176.628155
1743508176.660778
1743508176.692891
1743508176.723961
1743508176.756032
1743508176.788277
1743508176.819891
1743508176.836193
1743508176.868385
1743508176.900359
1743508176.932830
1743508176.964056
1743508176.996731
1743508177.028572
1743508177.060744
1743508177.091791
1743508177.107931
1743508177.140396
1743508177.172022
1743508177.203883
1743508177.220122
1743508177.252382
1743508177.284513
1743508177.316231
1743508177.348764
1743508177.380846
1743508177.412550
1743508177.444072
1743508177.476371
1743508177.508500
1743508177.540273
1743508177.571642
1743508177.587978
1743508177.604279
1743508177.620503
1743508177.651859
1743508177.668215
1743508177.700811
1743508177.732517
1743508177.763883
1743508177.796331
1743508177.828369
1743508177.860455
1743508177.892008
1743508177.908006
1743508177.924143
1743508177.940078
1743508177.972232
1743508178.004371
1743508178.036628
1743508178.068179
1743508178.099655
1743508178.115642
1743508178.132113
1743508178.164623
1743508178.195833
1743508178.228455
1743508178.260654
1743508178.292835
1743508178.324040
1743508178.356578
1743508178.388222
1743508178.419957
1743508178.451572
1743508178.467839
1743508178.483892
1743508178.499950
1743508178.531877
1743508178.564440
1743508178.596524
1743508178.628653
1743508178.676338
1743508178.708403
1743508178.739956
1743508178.771948
1743508178.803548
1743508178.820140
1743508178.851976
1743508178.884318
1743508178.915847
1743508178.948657
1743508178.980651
1743508179.012879
1743508179.043718
1743508179.076229
1743508179.108467
1743508179.140172
1743508179.171661
1743508179.188017
1743508179.204150
1743508179.220216
1743508179.251939
1743508179.268123
1743508179.300548
1743508179.332790
1743508179.363849
1743508179.396482
1743508179.428584
1743508179.460582
1743508179.491958
1743508179.524002
1743508179.556519
1743508179.588245
1743508179.620204
1743508179.652585
1743508179.684205
1743508179.716265
1743508179.748068
1743508179.780437
1743508179.812329
1743508179.844486
1743508179.876501
1743508179.908775
1743508179.940430
1743508179.987992
1743508180.019482
1743508180.035868
1743508180.068186
1743508180.100336
1743508180.131807
1743508180.164218
1743508180.196404
1743508180.228486
1743508180.259927
1743508180.308275
1743508180.339957
1743508180.372076
1743508180.388141
1743508180.420307
1743508180.452343
1743508180.484416
1743508180.515901
1743508180.548593
1743508180.580568
1743508180.628056
1743508180.659626
1743508180.692311
1743508180.724442
1743508180.755847
1743508180.787546
1743508180.803929
1743508180.820065
1743508180.836194
1743508180.867765
1743508180.883916
1743508180.900088
1743508180.916509
1743508180.963885
1743508180.997033
1743508181.028186
1743508181.059773
1743508181.091611
1743508181.107964
1743508181.140168
1743508181.171959
1743508181.188225
1743508181.220215
1743508181.252436
1743508181.284640
1743508181.314965
1743508181.331418
1743508181.347829
1743508181.363865
1743508181.396358
1743508181.428378
1743508181.460247
1743508181.492647
1743508181.524086
1743508181.556240
1743508181.603635
1743508181.635794
1743508181.667673
1743508181.700154
1743508181.732256
1743508181.764233
1743508181.795873
1743508181.828399
1743508181.860635
1743508181.892503
1743508181.940163
1743508181.972170
1743508182.004272
1743508182.035988
1743508182.067680
1743508182.083723
1743508182.116241
1743508182.148456
1743508182.180016
1743508182.212491
1743508182.260045
1743508182.292292
1743508182.323589
1743508182.339909
1743508182.372374
1743508182.387855
1743508182.404097
1743508182.436026
1743508182.468144
1743508182.500306
1743508182.531970
1743508182.580113
1743508182.612143
1743508182.644289
1743508182.675639
1743508182.708357
1743508182.739959
1743508182.771848
1743508182.803838
1743508182.819869
1743508182.836121
1743508182.868223
1743508182.916227
1743508182.948267
1743508182.980313
1743508183.012374
1743508183.043640
1743508183.076144
1743508183.108682
1743508183.140378
1743508183.171736
1743508183.188069
1743508183.204190
1743508183.236397
1743508183.267433
1743508183.283646
1743508183.316159
1743508183.348302
1743508183.379945
1743508183.412295
1743508183.444337
1743508183.476230
1743508183.508254
1743508183.555649
1743508183.587849
1743508183.619894
1743508183.651437
1743508183.667755
1743508183.683893
1743508183.716069
1743508183.748089
1743508183.779897
1743508183.812275
1743508183.844411
1743508183.892064
1743508183.924046
1743508183.955730
1743508183.971717
1743508183.987884
1743508184.003886
1743508184.035443
1743508184.051854
1743508184.067937
1743508184.100091
1743508184.131905
1743508184.164447
1743508184.212333
1743508184.244208
1743508184.275660
1743508184.308206
1743508184.339733
1743508184.371890
1743508184.403438
1743508184.419886
1743508184.435972
1743508184.468157
1743508184.499780
1743508184.532562
1743508184.564089
1743508184.596320
1743508184.627786
1743508184.660209
1743508184.692155
1743508184.724283
1743508184.755522
1743508184.771874
1743508184.788028
1743508184.804133
1743508184.835658
1743508184.868650
1743508184.899886
1743508184.932151
1743508184.963697
1743508184.996310
1743508185.028239
1743508185.060309
1743508185.091713
1743508185.107952
1743508185.140090
1743508185.187724
1743508185.219197
1743508185.235668
1743508185.251838
1743508185.267862
1743508185.299935
1743508185.332346
1743508185.364173
1743508185.396216
1743508185.427707
1743508185.460290
1743508185.508013
1743508185.539564
1743508185.571288
1743508185.587670
1743508185.619865
1743508185.651973
1743508185.683872
1743508185.716208
1743508185.748311
1743508185.780505
1743508185.812047
1743508185.844662
1743508185.876035
1743508185.908070
1743508185.939316
1743508185.955664
1743508185.987902
1743508186.020050
1743508186.051668
1743508186.067789
1743508186.084160
1743508186.116424
1743508186.164186
1743508186.196095
1743508186.228151
1743508186.260099
1743508186.291627
1743508186.324107
1743508186.355870
1743508186.387760
1743508186.403979
1743508186.420003
1743508186.452099
1743508186.484479
1743508186.515441
1743508186.548164
1743508186.580377
1743508186.612093
1743508186.643552
1743508186.659545
1743508186.675888
1743508186.708550
1743508186.739775
1743508186.755851
1743508186.788050
1743508186.820291
1743508186.851331
1743508186.867573
1743508186.900226
1743508186.932117
1743508186.963629
1743508186.996228
1743508187.028264
1743508187.060327
1743508187.091820
1743508187.140121
1743508187.171642
1743508187.203816
1743508187.235321
1743508187.251763
1743508187.284011
1743508187.316028
1743508187.347639
1743508187.363548
1743508187.396409
1743508187.428374
1743508187.459518
1743508187.492083
1743508187.524125
1743508187.555710
1743508187.587274
1743508187.603850
1743508187.635957
1743508187.667862
1743508187.699903
1743508187.732431
1743508187.764342
1743508187.796329
1743508187.827406
1743508187.843299
1743508187.876164
1743508187.908305
1743508187.939289
1743508187.955643
1743508187.971865
1743508187.987718
1743508188.003848
1743508188.036160
1743508188.068126
1743508188.115717
1743508188.147359
1743508188.163293
1743508188.179623
1743508188.195743
1743508188.227596
1743508188.260512
1743508188.292129
1743508188.324448
1743508188.355419
1743508188.371765
1743508188.387990
1743508188.404004
1743508188.435782
1743508188.467883
1743508188.499895
1743508188.532119
1743508188.563878
1743508188.596120
1743508188.628267
1743508188.660410
1743508188.691793
1743508188.724445
1743508188.771528
1743508188.803631
1743508188.835261
1743508188.851743
1743508188.884177
1743508188.916109
1743508188.947497
1743508188.963500
1743508188.996375
1743508189.028426
1743508189.059730
1743508189.092262
1743508189.123898
1743508189.155624
1743508189.187402
1743508189.203841
1743508189.235916
1743508189.268023
1743508189.299688
1743508189.332293
1743508189.364460
1743508189.411810
1743508189.443293
1743508189.459552
1743508189.475746
1743508189.508339
1743508189.539804
1743508189.571888
1743508189.603855
1743508189.636020
1743508189.667791
1743508189.700301
1743508189.747864
1743508189.780076
1743508189.811468
1743508189.844129
1743508189.876103
1743508189.908068
1743508189.939288
1743508189.955617
1743508189.971802
1743508189.987780
1743508190.019521
1743508190.035946
1743508190.068187
1743508190.100022
1743508190.131623
1743508190.163938
1743508190.196192
1743508190.228158
1743508190.259477
1743508190.292178
1743508190.324204
1743508190.355796
1743508190.387362
1743508190.403529
1743508190.435712
1743508190.451593
1743508190.483346
1743508190.515918
1743508190.548324
1743508190.580146
1743508190.611576
1743508190.644271
1743508190.676346
1743508190.723906
1743508190.755147
1743508190.771455
1743508190.803756
1743508190.835834
1743508190.868007
1743508190.900231
1743508190.932103
1743508190.964212
1743508190.995599
1743508191.044165
1743508191.076219
1743508191.108076
1743508191.139677
1743508191.170283
1743508191.202219
1743508191.218579
1743508191.234510
1743508191.250619
1743508191.266639
1743508191.298470
1743508191.330580
1743508191.362611
1743508191.394328
1743508191.411477
1743508191.427507
1743508191.443482
1743508191.459612
1743508191.492195
1743508191.524104
1743508191.555586
1743508191.587389
1743508191.603799
1743508191.635942
1743508191.668063
1743508191.699787
1743508191.731970
1743508191.764020
1743508191.795924
1743508191.827646
1743508191.860126
1743508191.892152
1743508191.924126
1743508191.955396
1743508191.971763
1743508192.019518
1743508192.051646
1743508192.083440
1743508192.115806
1743508192.148172
1743508192.180103
1743508192.211752
1743508192.244144
1743508192.276097
1743508192.308137
1743508192.339332
1743508192.371489
1743508192.403631
1743508192.435887
1743508192.451549
1743508192.467689
1743508192.500148
1743508192.532098
1743508192.563623
1743508192.596348
1743508192.628217
1743508192.675945
1743508192.707245
1743508192.723420
1743508192.739586
1743508192.771759
1743508192.803614
1743508192.835752
1743508192.867828
1743508192.899892
1743508192.932085
1743508192.964298
1743508192.996270
1743508193.027824
1743508193.059766
1743508193.092059
1743508193.124010
1743508193.155732
1743508193.187229
1743508193.203632
1743508193.219691
1743508193.251720
1743508193.283522
1743508193.316381
1743508193.347814
1743508193.379970
1743508193.411353
1743508193.443981
1743508193.476065
1743508193.507969
1743508193.539231
1743508193.555575
1743508193.587825
1743508193.619797
1743508193.651330
1743508193.683833
1743508193.716016
1743508193.747871
1743508193.779779
1743508193.812023
1743508193.843934
1743508193.876202
1743508193.907498
1743508193.939930
1743508193.971827
1743508194.003603
1743508194.035122
1743508194.051528
1743508194.083958
1743508194.115935
1743508194.147696
1743508194.179943
1743508194.212041
1743508194.244131
1743508194.291886
1743508194.323768
1743508194.355528
1743508194.387667
1743508194.419594
1743508194.451624
1743508194.467452
1743508194.483527
1743508194.515767
1743508194.548103
1743508194.580227
1743508194.627862
1743508194.659323
1743508194.691962
1743508194.723826
1743508194.755465
1743508194.787102
1743508194.803621
1743508194.835758
1743508194.867818
1743508194.899572
1743508194.947832
1743508194.979833
1743508195.012076
1743508195.043440
1743508195.075905
1743508195.107964
1743508195.139677
1743508195.171158
1743508195.187522
1743508195.203711
1743508195.219697
1743508195.267394
1743508195.299740
1743508195.331818
1743508195.363961
1743508195.395306
1743508195.427893
1743508195.460110
1743508195.491954
1743508195.523465
1743508195.539539
1743508195.571991
1743508195.603929
1743508195.635017
1743508195.651464
1743508195.683593
1743508195.715818
1743508195.747304
1743508195.779958
1743508195.812089
1743508195.844043
1743508195.875720
1743508195.923663
1743508195.955361
1743508195.987344
1743508196.019298
1743508196.035495
1743508196.067647
1743508196.099830
1743508196.131915
1743508196.164019
1743508196.196278
1743508196.243707
1743508196.275611
1743508196.307857
1743508196.339511
1743508196.371614
1743508196.403381
1743508196.419357
1743508196.435607
1743508196.467804
1743508196.483476
1743508196.515972
1743508196.548415
1743508196.579984
1743508196.611172
1743508196.644013
1743508196.675718
1743508196.707873
1743508196.739276
1743508196.771555
1743508196.803520
1743508196.819593
1743508196.851784
1743508196.899676
1743508196.931748
1743508196.963726
1743508196.995712
1743508197.027990
1743508197.060121
1743508197.092242
1743508197.123519
1743508197.155788
1743508197.187674
1743508197.220113
1743508197.251014
1743508197.267172
1743508197.283437
1743508197.315678
1743508197.347373
1743508197.380056
1743508197.411846
1743508197.444209
1743508197.475716
1743508197.508059
1743508197.555402
1743508197.587530
1743508197.619002
1743508197.635556
1743508197.667629
1743508197.699787
1743508197.731566
1743508197.763790
1743508197.795969
1743508197.828054
1743508197.875605
1743508197.907739
1743508197.939485
1743508197.971619
1743508198.003028
1743508198.019372
1743508198.035516
1743508198.067612
1743508198.099296
1743508198.131824
1743508198.163963
1743508198.195819
1743508198.227527
1743508198.259959
1743508198.292195
1743508198.323800
1743508198.354970
1743508198.371368
1743508198.387578
1743508198.419702
1743508198.451414
1743508198.467514
1743508198.483767
1743508198.499557
1743508198.531382
1743508198.563905
1743508198.595780
1743508198.627718
1743508198.659311
1743508198.691499
1743508198.723822
1743508198.755621
1743508198.787588
1743508198.803628
1743508198.851215
1743508198.883692
1743508198.915722
1743508198.947827
1743508198.979255
1743508199.011861
1743508199.044104
1743508199.075843
1743508199.107402
1743508199.123485
1743508199.171288
1743508199.203274
1743508199.234970
1743508199.251385
1743508199.267723
1743508199.299592
1743508199.331198
1743508199.363701
1743508199.395853
1743508199.428043
1743508199.459314
1743508199.475241
1743508199.508212
1743508199.539825
1743508199.570937
1743508199.587127
1743508199.603462
1743508199.635566
1743508199.667135
1743508199.699557
1743508199.731960
1743508199.763812
1743508199.795570
1743508199.828278
1743508199.859646
1743508199.891836
1743508199.923173
1743508199.939459
1743508199.971544
1743508200.003555
1743508200.035399
1743508200.051509
1743508200.084012
1743508200.115914
1743508200.147547
1743508200.179783
1743508200.211696
1743508200.243811
1743508200.275603
1743508200.307784
1743508200.339526
1743508200.371570
1743508200.403223
1743508200.419504
1743508200.451850
1743508200.483760
1743508200.515065
1743508200.547615
1743508200.579613
1743508200.611715
1743508200.643397
1743508200.676019
1743508200.708002
1743508200.739720
1743508200.771172
1743508200.804036
1743508200.835293
1743508200.851243
1743508200.883555
1743508200.915669
1743508200.947872
1743508200.979806
1743508201.011164
1743508201.027312
1743508201.059930
1743508201.092142
1743508201.123183
1743508201.155507
1743508201.187552
1743508201.219392
1743508201.251326
1743508201.267818
1743508201.299700
1743508201.331675
1743508201.363216
1743508201.395907
1743508201.427875
1743508201.459927
1743508201.491411
1743508201.523771
1743508201.555392
1743508201.587249
1743508201.619472
1743508201.651509
1743508201.683619
1743508201.715884
1743508201.747861
1743508201.780000
1743508201.811519
1743508201.843761
1743508201.875458
1743508201.907814
1743508201.939220
1743508201.955414
1743508201.987061
1743508202.003508
1743508202.035547
1743508202.067942
1743508202.099575
1743508202.131598
1743508202.163597
1743508202.195672
1743508202.227356
1743508202.259726
1743508202.292113
1743508202.323783
1743508202.355179
1743508202.387526
1743508202.403589
1743508202.435835
1743508202.466894
1743508202.499697
1743508202.531815
1743508202.563955
1743508202.595079
1743508202.627871
1743508202.659906
1743508202.692056
1743508202.723146
1743508202.755923
1743508202.787470
1743508202.819264
1743508202.850776
1743508202.867134
1743508202.883219
1743508202.915644
1743508202.947146
1743508202.980004
1743508203.011974
1743508203.043896
1743508203.075062
1743508203.107934
1743508203.139445
1743508203.171286
1743508203.202943
1743508203.219238
1743508203.235346
1743508203.267533
1743508203.299204
1743508203.331868
1743508203.363909
1743508203.411397
1743508203.443123
1743508203.475738
1743508203.507548
1743508203.539364
1743508203.571034
1743508203.587296
1743508203.603573
1743508203.635496
1743508203.667402
1743508203.699795
1743508203.731735
1743508203.763501
1743508203.795525
1743508203.827691
1743508203.859430
1743508203.891902
1743508203.923051
1743508203.939197
1743508203.955342
1743508203.971523
1743508204.003549
1743508204.051109
1743508204.083467
1743508204.115516
1743508204.147131
1743508204.179744
1743508204.211611
1743508204.243626
1743508204.275857
1743508204.307687
1743508204.339480
1743508204.355640
1743508204.387008
1743508204.403139
1743508204.435360
1743508204.467632
1743508204.498931
1743508204.531641
1743508204.563696
1743508204.595672
1743508204.627269
1743508204.659838
1743508204.707627
1743508204.739400
1743508204.770873
1743508204.787103
1743508204.803282
1743508204.819194
1743508204.851257
1743508204.883587
1743508204.915720
1743508204.947984
1743508204.979360
1743508205.027536
1743508205.059411
1743508205.091594
1743508205.123123
1743508205.155184
1743508205.171186
1743508205.187207
1743508205.218937
1743508205.235187
1743508205.251445
1743508205.267536
1743508205.299347
1743508205.331714
1743508205.363837
1743508205.395546
1743508205.426842
1743508205.442727
1743508205.459063
1743508205.475159
1743508205.507291
1743508205.539341
1743508205.555298
1743508205.571265
1743508205.587304
1743508205.619494
1743508205.651312
1743508205.683866
1743508205.715504
1743508205.747586
1743508205.779596
1743508205.811656
1743508205.843282
1743508205.876230
1743508205.907677
1743508205.939449
1743508205.971172
1743508206.003560
1743508206.035130
1743508206.051310
1743508206.083314
1743508206.115017
1743508206.147643
1743508206.179653
1743508206.211741
1743508206.243765
1743508206.275809
1743508206.307795
1743508206.339829
1743508206.371008
1743508206.402709
1743508206.419262
1743508206.451240
1743508206.483535
1743508206.514933
1743508206.530984
1743508206.563908
1743508206.595654
1743508206.627220
1743508206.659756
1743508206.691687
1743508206.723762
1743508206.755045
1743508206.787238
1743508206.819363
1743508206.851290
1743508206.882497
1743508206.899582
1743508206.931706
1743508206.979447
1743508207.010835
1743508207.043735
1743508207.075636
1743508207.107629
1743508207.138724
1743508207.155013
1743508207.187324
1743508207.219452
1743508207.250957
1743508207.267284
1743508207.283473
1743508207.315656
1743508207.346890
1743508207.379619
1743508207.411449
1743508207.443655
1743508207.474945
1743508207.507581
1743508207.539267
1743508207.571472
1743508207.602995
1743508207.635839
1743508207.667218
1743508207.699494
1743508207.730938
1743508207.763479
1743508207.795479
1743508207.827640
1743508207.859260
1743508207.891727
1743508207.923646
1743508207.955715
1743508207.986570
1743508208.003003
1743508208.035195
1743508208.067353
1743508208.099319
1743508208.130985
1743508208.162276
1743508208.179696
1743508208.211904
1743508208.243890
1743508208.291604
1743508208.323405
1743508208.354874
1743508208.370931
1743508208.403237
1743508208.435256
1743508208.467347
1743508208.499337
1743508208.531653
1743508208.563796
1743508208.611321
1743508208.643711
1743508208.675483
1743508208.707563
1743508208.738840
1743508208.754983
1743508208.787139
1743508208.819057
1743508208.850858
1743508208.867170
1743508208.899511
1743508208.931694
1743508208.962726
1743508208.995435
1743508209.027545
1743508209.059513
1743508209.091480
1743508209.123677
1743508209.155285
1743508209.171392
1743508209.202822
1743508209.219311
1743508209.235339
1743508209.267509
1743508209.298728
1743508209.331347
1743508209.363485
1743508209.395383
1743508209.426828
1743508209.459624
1743508209.491874
1743508209.523593
1743508209.554819
1743508209.587827
1743508209.618925
1743508209.650997
1743508209.682903
1743508209.715388
1743508209.747365
1743508209.779565
1743508209.810817
1743508209.843554
1743508209.875678
1743508209.907608
1743508209.938683
1743508209.954837
1743508209.987037
1743508210.019103
1743508210.050661
1743508210.066952
1743508210.099461
1743508210.131467
1743508210.163193
1743508210.195861
1743508210.243206
1743508210.275330
1743508210.306801
1743508210.322879
1743508210.355130
1743508210.387193
1743508210.419000
1743508210.435138
1743508210.467476
1743508210.499499
1743508210.531098
1743508210.563282
1743508210.595257
1743508210.627347
1743508210.658849
1743508210.691535
1743508210.723398
1743508210.755210
1743508210.786681
1743508210.803133
1743508210.835165
1743508210.883167
1743508210.914736
1743508210.947679
1743508210.979591
1743508211.011408
1743508211.042963
1743508211.075485
1743508211.107509
1743508211.139269
1743508211.170755
1743508211.187195
1743508211.219645
1743508211.251159
1743508211.282756
1743508211.315543
1743508211.347556
1743508211.379436
1743508211.410815
1743508211.443548
1743508211.475590
1743508211.507800
1743508211.538858
1743508211.571143
1743508211.602808
1743508211.635076
1743508211.666632
1743508211.682774
1743508211.715634
1743508211.747583
1743508211.778926
1743508211.811548
1743508211.859587
1743508211.891400
1743508211.922807
1743508211.938810
1743508211.970932
1743508212.002948
1743508212.034997
1743508212.051049
1743508212.083358
1743508212.115525
1743508212.147468
1743508212.195320
1743508212.227196
1743508212.259372
1743508212.291243
1743508212.323338
1743508212.354994
1743508212.387367
1743508212.418834
1743508212.435092
1743508212.467287
1743508212.515104
1743508212.546697
1743508212.579345
1743508212.611507
1743508212.643529
1743508212.674770
1743508212.690957
1743508212.706867
1743508212.722934
1743508212.738993
1743508212.755157
1743508212.771104
1743508212.787106
1743508212.803233
1743508212.835712
1743508212.867125
1743508212.882650
1743508212.898734
1743508212.914830
1743508212.931038
1743508212.946879
1743508212.962971
1743508212.978955
1743508212.994970
1743508213.010889
1743508213.026931
1743508213.042966
1743508213.059016
1743508213.075035
1743508213.091063
1743508213.107224
1743508213.123174
1743508213.139118
1743508213.170748
1743508213.186885
1743508213.203025
1743508213.218896
1743508213.235020
1743508213.251000
1743508213.266974
1743508213.282886
1743508213.298862
1743508213.314655
1743508213.331096
1743508213.347034
1743508213.363034
1743508213.379048
1743508213.395125
1743508213.411395
1743508213.427105
1743508213.443199
1743508213.459105
1743508213.491965
1743508213.523269
1743508213.538808
1743508213.554751
1743508213.570895
1743508213.586959
1743508213.603216
1743508213.618946
1743508213.635084
1743508213.651028
1743508213.667098
1743508213.683007
1743508213.698901
1743508213.715004
1743508213.731024
1743508213.747138
1743508213.763156
1743508213.779314
1743508213.811821
1743508213.843182
1743508213.875205
1743508213.907287
1743508213.922829
1743508213.938807
1743508213.955046
1743508213.971086
1743508213.986923
1743508214.003043
1743508214.019073
1743508214.035118
1743508214.051367
1743508214.067284
1743508214.083191
1743508214.099135
1743508214.114994
1743508214.147168
1743508214.179417
1743508214.211341
1743508214.243479
1743508214.274695
1743508214.291003
1743508214.307078
1743508214.322956
1743508214.339067
1743508214.355085
1743508214.371017
1743508214.387302
1743508214.403123
1743508214.419170
1743508214.435149
1743508214.467533
1743508214.498842
1743508214.514527
1743508214.530841
1743508214.546874
1743508214.562914
1743508214.579056
1743508214.594920
1743508214.610896
1743508214.626877
1743508214.642907
1743508214.658916
1743508214.675233
1743508214.691254
1743508214.707051
1743508214.723157
1743508214.739291
1743508214.755069
1743508214.787333
1743508214.802758
1743508214.818995
1743508214.834839
1743508214.850998
1743508214.867247
1743508214.882821
1743508214.898763
1743508214.914848
1743508214.930876
1743508214.946956
1743508214.963031
1743508214.978948
1743508214.994947
1743508215.011039
1743508215.027070
1743508215.043075
1743508215.059140
1743508215.075100
1743508215.091202
1743508215.123494
1743508215.154762
1743508215.170754
1743508215.186915
1743508215.203085
1743508215.219007
1743508215.234832
1743508215.250931
1743508215.267039
1743508215.282854
1743508215.298983
1743508215.314970
1743508215.330961
1743508215.347006
1743508215.363037
1743508215.379085
1743508215.395118
1743508215.411103
1743508215.443663
1743508215.474551
1743508215.490775
1743508215.506768
1743508215.523046
1743508215.554515
1743508215.570842
1743508215.587086
1743508215.603002
1743508215.619057
1743508215.634986
1743508215.650981
1743508215.667066
1743508215.683028
1743508215.699033
1743508215.714907
1743508215.731025
1743508215.763012
1743508215.778520
1743508215.794726
1743508215.810672
1743508215.826775
1743508215.842845
1743508215.858829
1743508215.874927
1743508215.890885
1743508215.906909
1743508215.922823
1743508215.938996
1743508215.954852
1743508215.970892
1743508215.987144
1743508216.002930
1743508216.019264
1743508216.035127
1743508216.050966
1743508216.067074
1743508216.099547
1743508216.131195
1743508216.163205
1743508216.194668
1743508216.210426
1743508216.226740
1743508216.242789
1743508216.258788
1743508216.274838
1743508216.290966
1743508216.306851
1743508216.322932
1743508216.339048
1743508216.354933
1743508216.371027
1743508216.387084
1743508216.419386
1743508216.434704
1743508216.450778
1743508216.466812
1743508216.482937
1743508216.498799
1743508216.514720
1743508216.530807
1743508216.546849
1743508216.562923
1743508216.578927
1743508216.594902
1743508216.610840
1743508216.626918
1743508216.642964
1743508216.658944
1743508216.675006
1743508216.691075
1743508216.707045
1743508216.738744
1743508216.754626
1743508216.770720
1743508216.786707
1743508216.802866
1743508216.818940
1743508216.834934
1743508216.850886
1743508216.867016
1743508216.882787
1743508216.899077
1743508216.914796
1743508216.930918
1743508216.946897
1743508216.963000
1743508216.978968
1743508216.995027
1743508217.010965
1743508217.026994
1743508217.043014
1743508217.074802
1743508217.090417
1743508217.106914
1743508217.122750
1743508217.138782
1743508217.154760
1743508217.170808
1743508217.186784
1743508217.202995
1743508217.218875
1743508217.235006
1743508217.250974
1743508217.267073
1743508217.282827
1743508217.299168
1743508217.314894
1743508217.330990
1743508217.347062
1743508217.363148
1743508217.395579
1743508217.426526
1743508217.442399
1743508217.458678
1743508217.474646
1743508217.490799
1743508217.506720
1743508217.523398
1743508217.554985
1743508217.570720
1743508217.586817
1743508217.602985
1743508217.619032
1743508217.634973
1743508217.650973
1743508217.667065
1743508217.683086
1743508217.714957
1743508217.747334
1743508217.779073
1743508217.811189
1743508217.842515
1743508217.858381
1743508217.874837
1743508217.890656
1743508217.923540
1743508217.954991
1743508217.970864
1743508217.987016
1743508218.003176
1743508218.019059
1743508218.051230
1743508218.082369
1743508218.098370
1743508218.114670
1743508218.130842
1743508218.146755
1743508218.162751
1743508218.178822
1743508218.194940
1743508218.210857
1743508218.226873
1743508218.242976
1743508218.258716
1743508218.274878
1743508218.290974
1743508218.306938
1743508218.322965
1743508218.338962
1743508218.371285
1743508218.386711
1743508218.402872
1743508218.418717
1743508218.434755
1743508218.450878
1743508218.466882
1743508218.482871
1743508218.498795
1743508218.514709
1743508218.530841
1743508218.546871
1743508218.562856
1743508218.578857
1743508218.594787
1743508218.610931
1743508218.626935
1743508218.642958
1743508218.658957
1743508218.690765
1743508218.706601
1743508218.722656
1743508218.738577
1743508218.754664
1743508218.770684
1743508218.786716
1743508218.802847
1743508218.818792
1743508218.834863
1743508218.850882
1743508218.866892
1743508218.882870
1743508218.898803
1743508218.914731
1743508218.930866
1743508218.946898
1743508218.962987
1743508218.978950
1743508218.994931
1743508219.026711
1743508219.042383
1743508219.058781
1743508219.074703
1743508219.090706
1743508219.106647
1743508219.122649
1743508219.138706
1743508219.154640
1743508219.170727
1743508219.186730
1743508219.202846
1743508219.218913
1743508219.234884
1743508219.250979
1743508219.266971
1743508219.283116
1743508219.298890
1743508219.314862
1743508219.347355
1743508219.378542
1743508219.394283
1743508219.410583
1743508219.426654
1743508219.442747
1743508219.458743
1743508219.474750
1743508219.490762
1743508219.506716
1743508219.522756
1743508219.538816
1743508219.554706
1743508219.570734
1743508219.587008
1743508219.603034
1743508219.618986
1743508219.635113
1743508219.667257
1743508219.698995
1743508219.731102
1743508219.762452
1743508219.778387
1743508219.794638
1743508219.810782
1743508219.826726
1743508219.842721
1743508219.858720
1743508219.874615
1743508219.890954
1743508219.906846
1743508219.922925
1743508219.938895
1743508219.954921
1743508219.971030
1743508220.003485
1743508220.034731
1743508220.050756
1743508220.066813
1743508220.082743
1743508220.098728
1743508220.114572
1743508220.130843
1743508220.146688
1743508220.162856
1743508220.178870
1743508220.194950
1743508220.210875
1743508220.226827
1743508220.242847
1743508220.258879
1743508220.274932
1743508220.290959
1743508220.323232
1743508220.338813
1743508220.354771
1743508220.370705
1743508220.386669
1743508220.402831
1743508220.418738
1743508220.434896
1743508220.450803
1743508220.466863
1743508220.482883
1743508220.498751
1743508220.514902
1743508220.530935
1743508220.546871
1743508220.562810
1743508220.578874
1743508220.594846
1743508220.610961
1743508220.643261
1743508220.675221
1743508220.690630
1743508220.706782
1743508220.722651
1743508220.738735
1743508220.754777
1743508220.770660
1743508220.786674
1743508220.802820
1743508220.818880
1743508220.834807
1743508220.850890
1743508220.866899
1743508220.882798
1743508220.898919
1743508220.914862
1743508220.930822
1743508220.947052
1743508220.979579
1743508221.011174
1743508221.042870
1743508221.058781
1743508221.074583
1743508221.090857
1743508221.107095
1743508221.122866
1743508221.138938
1743508221.154796
1743508221.170806
1743508221.186811
1743508221.203044
1743508221.218925
1743508221.234884
1743508221.250965
1743508221.266916
1743508221.299517
1743508221.330683
1743508221.346300
1743508221.362666
1743508221.378773
1743508221.394624
1743508221.410714
1743508221.426661
1743508221.442631
1743508221.458637
1743508221.475103
1743508221.490887
1743508221.506877
1743508221.522910
1743508221.538911
1743508221.554893
1743508221.570925
1743508221.587063
1743508221.619288
1743508221.634914
1743508221.650895
1743508221.666854
1743508221.682951
1743508221.714969
1743508221.747196
1743508221.778564
1743508221.794543
1743508221.810754
1743508221.826564
1743508221.842751
1743508221.858876
1743508221.874950
1743508221.891258
1743508221.906888
1743508221.922893
1743508221.955439
1743508221.986799
1743508222.003173
1743508222.019186
1743508222.050148
1743508222.066021
1743508222.082823
1743508222.098948
1743508222.114741
1743508222.130791
1743508222.146784
1743508222.162765
1743508222.178929
1743508222.194802
1743508222.210924
1743508222.226907
1743508222.242942
1743508222.275443
1743508222.306365
1743508222.322807
1743508222.338549
1743508222.354567
1743508222.370743
1743508222.386813
1743508222.402886
1743508222.418902
1743508222.434733
1743508222.450844
1743508222.466770
1743508222.482756
1743508222.498854
1743508222.514763
1743508222.530854
1743508222.546929
1743508222.563090
1743508222.594660
1743508222.610276
1743508222.626515
1743508222.642646
1743508222.658612
