1743506744.020557
1743506744.100368
1743506744.131802
1743506744.164251
1743506744.196879
1743506744.228692
1743506744.260853
1743506744.291914
1743506744.324942
1743506744.356689
1743506744.388655
1743506744.404821
1743506744.426187
1743506744.451718
1743506744.484709
1743506744.516646
1743506744.532542
1743506744.548651
1743506744.564942
1743506744.581081
1743506744.611933
1743506744.628662
1743506744.661285
1743506744.693174
1743506744.725094
1743506744.757312
1743506744.789373
1743506744.821794
1743506744.853951
1743506744.885702
1743506744.917826
1743506744.949756
1743506744.982531
1743506745.014378
1743506745.046564
1743506745.079054
1743506745.110980
1743506745.142761
1743506745.175040
1743506745.206256
1743506745.238972
1743506745.270092
1743506745.300598
1743506745.332182
1743506745.348454
1743506745.364846
1743506745.380707
1743506745.396713
1743506745.412836
1743506745.445463
1743506745.493119
1743506745.524321
1743506745.540149
1743506745.556443
1743506745.572537
1743506745.588752
1743506745.620232
1743506745.636668
1743506745.652643
1743506745.668997
1743506745.700845
1743506745.716678
1743506745.732883
1743506745.748717
1743506745.764894
1743506745.780945
1743506745.797076
1743506745.828532
1743506745.860896
1743506745.893144
1743506745.924937
1743506745.956473
1743506745.972546
1743506745.988533
1743506746.004780
1743506746.036426
1743506746.052648
1743506746.068689
1743506746.084721
1743506746.100933
1743506746.116795
1743506746.149071
1743506746.181038
1743506746.212256
1743506746.228434
1743506746.244447
1743506746.260438
1743506746.276612
1743506746.292571
1743506746.308682
1743506746.324611
1743506746.340672
1743506746.356522
1743506746.372629
1743506746.388571
1743506746.404731
1743506746.420594
1743506746.436684
1743506746.469203
1743506746.500411
1743506746.516426
1743506746.532485
1743506746.548471
1743506746.564643
1743506746.580450
1743506746.596450
1743506746.612419
1743506746.628576
1743506746.644627
1743506746.660551
1743506746.676582
1743506746.692611
1743506746.708612
1743506746.724663
1743506746.740689
1743506746.756708
1743506746.772651
1743506746.804956
1743506746.836346
1743506746.852350
1743506746.868331
1743506746.884567
1743506746.900631
1743506746.916895
1743506746.932745
1743506746.948664
1743506746.964461
1743506746.980407
1743506746.996499
1743506747.012463
1743506747.028600
1743506747.044601
1743506747.060710
1743506747.076746
1743506747.092682
1743506747.124409
1743506747.140065
1743506747.156337
1743506747.172301
1743506747.188361
1743506747.204382
1743506747.220475
1743506747.236343
1743506747.252457
1743506747.268642
1743506747.284472
1743506747.300644
1743506747.316594
1743506747.332610
1743506747.348699
1743506747.364780
1743506747.380685
1743506747.396734
1743506747.412737
1743506747.444873
1743506747.476273
1743506747.492095
1743506747.508362
1743506747.524297
1743506747.540315
1743506747.556556
1743506747.572447
1743506747.588636
1743506747.604443
1743506747.620554
1743506747.636626
1743506747.652435
1743506747.668544
1743506747.684599
1743506747.700798
1743506747.716631
1743506747.732735
1743506747.748845
1743506747.781442
1743506747.812752
1743506747.844311
1743506747.860167
1743506747.876392
1743506747.892515
1743506747.908426
1743506747.924538
1743506747.940474
1743506747.956540
1743506747.972416
1743506747.988499
1743506748.004643
1743506748.020496
1743506748.036610
1743506748.052642
1743506748.068704
1743506748.100916
1743506748.132307
1743506748.148351
1743506748.164319
1743506748.180304
1743506748.196321
1743506748.212517
1743506748.228379
1743506748.244475
1743506748.260489
1743506748.276546
1743506748.292495
1743506748.308533
1743506748.324536
1743506748.340623
1743506748.356544
1743506748.372587
1743506748.388641
1743506748.420737
1743506748.436292
1743506748.452122
1743506748.468253
1743506748.484404
1743506748.501269
1743506748.516606
1743506748.532515
1743506748.548588
1743506748.564449
1743506748.580408
1743506748.596464
1743506748.612436
1743506748.628593
1743506748.644485
1743506748.660657
1743506748.676640
1743506748.692581
1743506748.708607
1743506748.724597
1743506748.757343
1743506748.788912
1743506748.820480
1743506748.836333
1743506748.852362
1743506748.868406
1743506748.884445
1743506748.900562
1743506748.916574
1743506748.932579
1743506748.948611
1743506748.964528
1743506748.980634
1743506748.996551
1743506749.012501
1743506749.028609
1743506749.044673
1743506749.076573
1743506749.092196
1743506749.108344
1743506749.124367
1743506749.140283
1743506749.156297
1743506749.172320
1743506749.188300
1743506749.204411
1743506749.220400
1743506749.236375
1743506749.252381
1743506749.268410
1743506749.284388
1743506749.300741
1743506749.316602
1743506749.332743
1743506749.348638
1743506749.364735
1743506749.396688
1743506749.412218
1743506749.428328
1743506749.444326
1743506749.460374
1743506749.476336
1743506749.492239
1743506749.508394
1743506749.524375
1743506749.540354
1743506749.556337
1743506749.572499
1743506749.588771
1743506749.604546
1743506749.620450
1743506749.636473
1743506749.652564
1743506749.668601
1743506749.684565
1743506749.700706
1743506749.732955
1743506749.764599
1743506749.796846
1743506749.828570
1743506749.844129
1743506749.860376
1743506749.876389
1743506749.892387
1743506749.908643
1743506749.924572
1743506749.940471
1743506749.956579
1743506749.972515
1743506749.988635
1743506750.004617
1743506750.020511
1743506750.052913
1743506750.083925
1743506750.100590
1743506750.116338
1743506750.132373
1743506750.148486
1743506750.164444
1743506750.180302
1743506750.196418
1743506750.212320
1743506750.228501
1743506750.244463
1743506750.260504
1743506750.276520
1743506750.292536
1743506750.308664
1743506750.324422
1743506750.340537
1743506750.372945
1743506750.404831
1743506750.436327
1743506750.452275
1743506750.468306
1743506750.484340
1743506750.500588
1743506750.516290
1743506750.532577
1743506750.548432
1743506750.564535
1743506750.580315
1743506750.596501
1743506750.612424
1743506750.628531
1743506750.644566
1743506750.660610
1743506750.676636
1743506750.709116
1743506750.740254
1743506750.755941
1743506750.772568
1743506750.787962
1743506750.804271
1743506750.820588
1743506750.836360
1743506750.852330
1743506750.868414
1743506750.884370
1743506750.900651
1743506750.916413
1743506750.932555
1743506750.948500
1743506750.964629
1743506750.980467
1743506750.996516
1743506751.029162
1743506751.060863
1743506751.092714
1743506751.124645
1743506751.156735
1743506751.188822
1743506751.204347
1743506751.220363
1743506751.236323
1743506751.252434
1743506751.268419
1743506751.284493
1743506751.300846
1743506751.316651
1743506751.348371
1743506751.364334
1743506751.380198
1743506751.396269
1743506751.412164
1743506751.428229
1743506751.444405
1743506751.460387
1743506751.476362
1743506751.492290
1743506751.508375
1743506751.524336
1743506751.540331
1743506751.556464
1743506751.572530
1743506751.588459
1743506751.604474
1743506751.620463
1743506751.636568
1743506751.652488
1743506751.684787
1743506751.700354
1743506751.716359
1743506751.732321
1743506751.748343
1743506751.764285
1743506751.780203
1743506751.796481
1743506751.812249
1743506751.828311
1743506751.844331
1743506751.860321
1743506751.876533
1743506751.892365
1743506751.908524
1743506751.924461
1743506751.940474
1743506751.956482
1743506751.972649
1743506752.005003
1743506752.036124
1743506752.052176
1743506752.068208
1743506752.084219
1743506752.100465
1743506752.116325
1743506752.132357
1743506752.148432
1743506752.164429
1743506752.180436
1743506752.196517
1743506752.212309
1743506752.228450
1743506752.244453
1743506752.260560
1743506752.276560
1743506752.292696
1743506752.324558
1743506752.339978
1743506752.356221
1743506752.372400
1743506752.387984
1743506752.404311
1743506752.420242
1743506752.436447
1743506752.452278
1743506752.468282
1743506752.484441
1743506752.500404
1743506752.516419
1743506752.532559
1743506752.548527
1743506752.564486
1743506752.580410
1743506752.596680
1743506752.612430
1743506752.628455
1743506752.660702
1743506752.692743
1743506752.724548
1743506752.756678
1743506752.788314
1743506752.804184
1743506752.820325
1743506752.836234
1743506752.852361
1743506752.868475
1743506752.884476
1743506752.900719
1743506752.916581
1743506752.932669
1743506752.948492
1743506752.981168
1743506753.012318
1743506753.027959
1743506753.044167
1743506753.060204
1743506753.076278
1743506753.092259
1743506753.108485
1743506753.124556
1743506753.140236
1743506753.156316
1743506753.172546
1743506753.188431
1743506753.204356
1743506753.220463
1743506753.236573
1743506753.252405
1743506753.268448
1743506753.300958
1743506753.332335
1743506753.348066
1743506753.364204
1743506753.380138
1743506753.396216
1743506753.412314
1743506753.428263
1743506753.444291
1743506753.460416
1743506753.476224
1743506753.492231
1743506753.508383
1743506753.524496
1743506753.540356
1743506753.556344
1743506753.572470
1743506753.588544
1743506753.604419
1743506753.636691
1743506753.652153
1743506753.668365
1743506753.684328
1743506753.700449
1743506753.716250
1743506753.732396
1743506753.748669
1743506753.764280
1743506753.780245
1743506753.796230
1743506753.812158
1743506753.828331
1743506753.844357
1743506753.860466
1743506753.876340
1743506753.892468
1743506753.908535
1743506753.924494
1743506753.957047
1743506753.988374
1743506754.004141
1743506754.020187
1743506754.036398
1743506754.052161
1743506754.084319
1743506754.100652
1743506754.132373
1743506754.164391
1743506754.196552
1743506754.228863
1743506754.276607
1743506754.308086
1743506754.340555
1743506754.372676
1743506754.404542
1743506754.436264
1743506754.452370
1743506754.484597
1743506754.516700
1743506754.548371
1743506754.580904
1743506754.612810
1743506754.644604
1743506754.676384
1743506754.708085
1743506754.740666
1743506754.772796
1743506754.804484
1743506754.836429
1743506754.868501
1743506754.900524
1743506754.932925
1743506754.964211
1743506754.996421
1743506755.028748
1743506755.060515
1743506755.092533
1743506755.124054
1743506755.156810
1743506755.188715
1743506755.220753
1743506755.252264
1743506755.284069
1743506755.300418
1743506755.332225
1743506755.364141
1743506755.396327
1743506755.428606
1743506755.460599
1743506755.492276
1743506755.524784
1743506755.556822
1743506755.588692
1743506755.619877
1743506755.636106
1743506755.668267
1743506755.700188
1743506755.731920
1743506755.748196
1743506755.780590
1743506755.812633
1743506755.844447
1743506755.876815
1743506755.908847
1743506755.940493
1743506755.972148
1743506756.004516
1743506756.036113
1743506756.052283
1743506756.068140
1743506756.100412
1743506756.132423
1743506756.164695
1743506756.196073
1743506756.229018
1743506756.260540
1743506756.292523
1743506756.323952
1743506756.356534
1743506756.388591
1743506756.420619
1743506756.451811
1743506756.468254
1743506756.500453
1743506756.532342
1743506756.563959
1743506756.596430
1743506756.628633
1743506756.660551
1743506756.691935
1743506756.724637
1743506756.756678
1743506756.788806
1743506756.820086
1743506756.836303
1743506756.884194
1743506756.916292
1743506756.947723
1743506756.964050
1743506756.996516
1743506757.028489
1743506757.059954
1743506757.092637
1743506757.124636
1743506757.156787
1743506757.204525
1743506757.236144
1743506757.268352
1743506757.300297
1743506757.331746
1743506757.348075
1743506757.364249
1743506757.396434
1743506757.428064
1743506757.460864
1743506757.492643
1743506757.540343
1743506757.571811
1743506757.587764
1743506757.604200
1743506757.620176
1743506757.651723
1743506757.668078
1743506757.700499
1743506757.732338
1743506757.763927
1743506757.780190
1743506757.812800
1743506757.860397
1743506757.891903
1743506757.924816
1743506757.956747
1743506757.988919
1743506758.020002
1743506758.052193
1743506758.084229
1743506758.100445
1743506758.131961
1743506758.180009
1743506758.212337
1743506758.244510
1743506758.276141
1743506758.308630
1743506758.340519
1743506758.372457
1743506758.404062
1743506758.420298
1743506758.452263
1743506758.484386
1743506758.515993
1743506758.548063
1743506758.580618
1743506758.612422
1743506758.643925
1743506758.676759
1743506758.708544
1743506758.740602
1743506758.771981
1743506758.804984
1743506758.836781
1743506758.868031
1743506758.899667
1743506758.916185
1743506758.948215
1743506758.980561
1743506759.011961
1743506759.044546
1743506759.076797
1743506759.108901
1743506759.156228
1743506759.188431
1743506759.220509
1743506759.252219
1743506759.283642
1743506759.300202
1743506759.332335
1743506759.364311
1743506759.395957
1743506759.428713
1743506759.460706
1743506759.492666
1743506759.523743
1743506759.556650
1743506759.588491
1743506759.620634
1743506759.651842
1743506759.667965
1743506759.700116
1743506759.732397
1743506759.763949
1743506759.780083
1743506759.812679
1743506759.844466
1743506759.875847
1743506759.908542
1743506759.940400
1743506759.972594
1743506760.004142
1743506760.036457
1743506760.068401
1743506760.100363
1743506760.131917
1743506760.164270
1743506760.196126
1743506760.228545
1743506760.259930
1743506760.292587
1743506760.324512
1743506760.356573
1743506760.387979
1743506760.404141
1743506760.420215
1743506760.467909
1743506760.499592
1743506760.515935
1743506760.532304
1743506760.564256
1743506760.595856
1743506760.628488
1743506760.660522
1743506760.692541
1743506760.724086
1743506760.756568
1743506760.788691
1743506760.820269
1743506760.851568
1743506760.867886
1743506760.899986
1743506760.932016
1743506760.963687
1743506760.996507
1743506761.028453
1743506761.061116
1743506761.108403
1743506761.140430
1743506761.172517
1743506761.204288
1743506761.235620
1743506761.252077
1743506761.268107
1743506761.284145
1743506761.300240
1743506761.316500
1743506761.348239
1743506761.380434
1743506761.412106
1743506761.444560
1743506761.476338
1743506761.508474
1743506761.539794
1743506761.572497
1743506761.604460
1743506761.636202
1743506761.667744
1743506761.684109
1743506761.716403
1743506761.763962
1743506761.795663
1743506761.828574
1743506761.860512
1743506761.892367
1743506761.923780
1743506761.956646
1743506761.988600
1743506762.020633
1743506762.051880
1743506762.084598
1743506762.116345
1743506762.132129
1743506762.163678
1743506762.196177
1743506762.228418
1743506762.260500
1743506762.291813
1743506762.324090
1743506762.356647
1743506762.388477
1743506762.420942
1743506762.451856
1743506762.484047
1743506762.515972
1743506762.532089
1743506762.564164
1743506762.595770
1743506762.628481
1743506762.660614
1743506762.692715
1743506762.740288
1743506762.772220
1743506762.804365
1743506762.836154
1743506762.867528
1743506762.883988
1743506762.916164
1743506762.948055
1743506762.979779
1743506763.012590
1743506763.060061
1743506763.092417
1743506763.123727
1743506763.156459
1743506763.188360
1743506763.220469
1743506763.251595
1743506763.268045
1743506763.300198
1743506763.332207
1743506763.363961
1743506763.396310
1743506763.428467
1743506763.460281
1743506763.491769
1743506763.524576
1743506763.556483
1743506763.588569
1743506763.619854
1743506763.636066
1743506763.668476
1743506763.715896
1743506763.747488
1743506763.763718
1743506763.779953
1743506763.812536
1743506763.843914
1743506763.876620
1743506763.908412
1743506763.940548
1743506763.971962
1743506764.004698
1743506764.036757
1743506764.067837
1743506764.099477
1743506764.115956
1743506764.147986
1743506764.163710
1743506764.195754
1743506764.228443
1743506764.260412
1743506764.292533
1743506764.323994
1743506764.372199
1743506764.404203
1743506764.435978
1743506764.467482
1743506764.483855
1743506764.516266
1743506764.548113
1743506764.579673
1743506764.595909
1743506764.628385
1743506764.660681
1743506764.691669
1743506764.724418
1743506764.756348
1743506764.788512
1743506764.819744
1743506764.835950
1743506764.868059
1743506764.900190
1743506764.931568
1743506764.948101
1743506764.980480
1743506765.012555
1743506765.043608
1743506765.076354
1743506765.108234
1743506765.140211
1743506765.171683
1743506765.204308
1743506765.236199
1743506765.268243
1743506765.299777
1743506765.316140
1743506765.348623
1743506765.380112
1743506765.411704
1743506765.444404
1743506765.476275
1743506765.508602
1743506765.539757
1743506765.572792
1743506765.604720
1743506765.636170
1743506765.667663
1743506765.683655
1743506765.699867
1743506765.732012
1743506765.763562
1743506765.779626
1743506765.795708
1743506765.828208
1743506765.859767
1743506765.892423
1743506765.924496
1743506765.956515
1743506765.987711
1743506766.019786
1743506766.051976
1743506766.083953
1743506766.115530
1743506766.131924
1743506766.148137
1743506766.164060
1743506766.195852
1743506766.228338
1743506766.260510
1743506766.292475
1743506766.323740
1743506766.356310
1743506766.388183
1743506766.420151
1743506766.451414
1743506766.467751
1743506766.483889
1743506766.499955
1743506766.531534
1743506766.547955
1743506766.564141
1743506766.596372
1743506766.643980
1743506766.676152
1743506766.708288
1743506766.740254
1743506766.771672
1743506766.804242
1743506766.836066
1743506766.868108
1743506766.899707
1743506766.915929
1743506766.932101
1743506766.964218
1743506766.995458
1743506767.028214
1743506767.060191
1743506767.092319
1743506767.123657
1743506767.156376
1743506767.188394
1743506767.220391
1743506767.251812
1743506767.267985
1743506767.300193
1743506767.331912
1743506767.363538
1743506767.396071
1743506767.428400
1743506767.460450
1743506767.491800
1743506767.524316
1743506767.556630
1743506767.588284
1743506767.619787
1743506767.652055
1743506767.683680
1743506767.699839
1743506767.731419
1743506767.747850
1743506767.764140
1743506767.796148
1743506767.828159
1743506767.860265
1743506767.892374
1743506767.939984
1743506767.971514
1743506768.004149
1743506768.035667
1743506768.067684
1743506768.099406
1743506768.115888
1743506768.132165
1743506768.164197
1743506768.195727
1743506768.228474
1743506768.276174
1743506768.308112
1743506768.339650
1743506768.372160
1743506768.404201
1743506768.436042
1743506768.467536
1743506768.483814
1743506768.500165
1743506768.532082
1743506768.563711
1743506768.596452
1743506768.628077
1743506768.660307
1743506768.691571
1743506768.724342
1743506768.756126
1743506768.788572
1743506768.819648
1743506768.835863
1743506768.868018
1743506768.915890
1743506768.947297
1743506768.963565
1743506768.996208
1743506769.028177
1743506769.059597
1743506769.092389
1743506769.124283
1743506769.156532
1743506769.187721
1743506769.204009
1743506769.251767
1743506769.283801
1743506769.315386
1743506769.331721
1743506769.347805
1743506769.363735
1743506769.395603
1743506769.428354
1743506769.460209
1743506769.492588
1743506769.523862
1743506769.572011
1743506769.604163
1743506769.635704
1743506769.667315
1743506769.683711
1743506769.699877
1743506769.731906
1743506769.763580
1743506769.795716
1743506769.828340
1743506769.860582
1743506769.892374
1743506769.924336
1743506769.955977
1743506769.988351
1743506770.020484
1743506770.051836
1743506770.083365
1743506770.099877
1743506770.132199
1743506770.164255
1743506770.195613
1743506770.228522
1743506770.259978
1743506770.292333
1743506770.323531
1743506770.356130
1743506770.388188
1743506770.420255
1743506770.451445
1743506770.467802
1743506770.483816
1743506770.499997
1743506770.547665
1743506770.579980
1743506770.611916
1743506770.644172
1743506770.675503
1743506770.708241
1743506770.740476
1743506770.772298
1743506770.803750
1743506770.836195
1743506770.868365
1743506770.899600
1743506770.931270
1743506770.947667
1743506770.980052
1743506771.011992
1743506771.043479
1743506771.076210
1743506771.108256
1743506771.140213
1743506771.171758
1743506771.204554
1743506771.236186
1743506771.267610
1743506771.299267
1743506771.315706
1743506771.331919
1743506771.364171
1743506771.395517
1743506771.428168
1743506771.460174
1743506771.492254
1743506771.523618
1743506771.556267
1743506771.587973
1743506771.620026
1743506771.651307
1743506771.667651
1743506771.699695
1743506771.715745
1743506771.731900
1743506771.764197
1743506771.796255
1743506771.843976
1743506771.875365
1743506771.908026
1743506771.940181
1743506771.972235
1743506772.003529
1743506772.035870
1743506772.067980
1743506772.099908
1743506772.131522
1743506772.147966
1743506772.180453
1743506772.211932
1743506772.243388
1743506772.276283
1743506772.308223
1743506772.340118
1743506772.371571
1743506772.404462
1743506772.436583
1743506772.468134
1743506772.499540
1743506772.515630
1743506772.547782
1743506772.579977
1743506772.611491
1743506772.644123
1743506772.676630
1743506772.708239
1743506772.739574
1743506772.772241
1743506772.819708
1743506772.851485
1743506772.883142
1743506772.899682
1743506772.931779
1743506772.963852
1743506772.995396
1743506773.028226
1743506773.060199
1743506773.092199
1743506773.123813
1743506773.156556
1743506773.188076
1743506773.219961
1743506773.251171
1743506773.267543
1743506773.299650
1743506773.331690
1743506773.363449
1743506773.379518
1743506773.395769
1743506773.411829
1743506773.443892
1743506773.476399
1743506773.508525
1743506773.540189
1743506773.571491
1743506773.604156
1743506773.635612
1743506773.667681
1743506773.699404
1743506773.715750
1743506773.731934
1743506773.747911
1743506773.795720
1743506773.828054
1743506773.859980
1743506773.892013
1743506773.923358
1743506773.955862
1743506773.988046
1743506774.020154
1743506774.051323
1743506774.067719
1743506774.099846
1743506774.132242
1743506774.163529
1743506774.179828
1743506774.211701
1743506774.227307
1743506774.243674
1743506774.276157
1743506774.308265
1743506774.340249
1743506774.371569
1743506774.404126
1743506774.451349
1743506774.483520
1743506774.515188
1743506774.531685
1743506774.563894
1743506774.596086
1743506774.627444
1743506774.660038
1743506774.692281
1743506774.724179
1743506774.771780
1743506774.803834
1743506774.835513
1743506774.851621
1743506774.883198
1743506774.899781
1743506774.931776
1743506774.963867
1743506774.995477
1743506775.028393
1743506775.060320
1743506775.108188
1743506775.139274
1743506775.172000
1743506775.203950
1743506775.235978
1743506775.267181
1743506775.283561
1743506775.299769
1743506775.331865
1743506775.363461
1743506775.396213
1743506775.428005
1743506775.459903
1743506775.491260
1743506775.507293
1743506775.540161
1743506775.571946
1743506775.603472
1743506775.619692
1743506775.651954
1743506775.683680
1743506775.715408
1743506775.748302
1743506775.779824
1743506775.811822
1743506775.843391
1743506775.876084
1743506775.907998
1743506775.939992
1743506775.971487
1743506776.004161
1743506776.035939
1743506776.083386
1743506776.115139
1743506776.131418
1743506776.163834
1743506776.195821
1743506776.227560
1743506776.243331
1743506776.276134
1743506776.308158
1743506776.339540
1743506776.372018
1743506776.404278
1743506776.435728
1743506776.467068
1743506776.483537
1743506776.515725
1743506776.547932
1743506776.579328
1743506776.612018
1743506776.644076
1743506776.676091
1743506776.723837
1743506776.756076
1743506776.787847
1743506776.820019
1743506776.851109
1743506776.867483
1743506776.899796
1743506776.931778
1743506776.963419
1743506776.996105
1743506777.028076
1743506777.060201
1743506777.091317
1743506777.123939
1743506777.155743
1743506777.188382
1743506777.219385
1743506777.235419
1743506777.267666
1743506777.299859
1743506777.331406
1743506777.347888
1743506777.380649
1743506777.411798
1743506777.444179
1743506777.476180
1743506777.508151
1743506777.540056
1743506777.572097
1743506777.604303
1743506777.635474
1743506777.667865
1743506777.700175
1743506777.731841
1743506777.763334
1743506777.796077
1743506777.827991
1743506777.859848
1743506777.891309
1743506777.924148
1743506777.956291
1743506777.988164
1743506778.035752
1743506778.067421
1743506778.099690
1743506778.131550
1743506778.163244
1743506778.195926
1743506778.227926
1743506778.260073
1743506778.291435
1743506778.324427
1743506778.356188
1743506778.387988
1743506778.419321
1743506778.451425
1743506778.483401
1743506778.499503
1743506778.531150
1743506778.547547
1743506778.579753
1743506778.611950
1743506778.643509
1743506778.676073
1743506778.708024
1743506778.739930
1743506778.771308
1743506778.804089
1743506778.835530
1743506778.867689
1743506778.899339
1743506778.915802
1743506778.947843
1743506778.979991
1743506779.011336
1743506779.043840
1743506779.075929
1743506779.107860
1743506779.139256
1743506779.172079
1743506779.203984
1743506779.235639
1743506779.267219
1743506779.283707
1743506779.331449
1743506779.363694
1743506779.395120
1743506779.427906
1743506779.459808
1743506779.491995
1743506779.523309
1743506779.555771
1743506779.588497
1743506779.620041
1743506779.651186
1743506779.667315
1743506779.699720
1743506779.731602
1743506779.763013
1743506779.779174
1743506779.795488
1743506779.827931
1743506779.859309
1743506779.891965
1743506779.924058
1743506779.956080
1743506779.987201
1743506780.003348
1743506780.035381
1743506780.067580
1743506780.099125
1743506780.115353
1743506780.147627
1743506780.179492
1743506780.211494
1743506780.244172
1743506780.276024
1743506780.308055
1743506780.339197
1743506780.371724
1743506780.403807
1743506780.435519
1743506780.467040
1743506780.483396
1743506780.499509
1743506780.515572
1743506780.547250
1743506780.563549
1743506780.579802
1743506780.627787
1743506780.659131
1743506780.691775
1743506780.724261
1743506780.755736
1743506780.787592
1743506780.820057
1743506780.851670
1743506780.883680
1743506780.915289
1743506780.931671
1743506780.964063
1743506780.995612
1743506781.027349
1743506781.059898
1743506781.091797
1743506781.123882
1743506781.155260
1743506781.187913
1743506781.220316
1743506781.251706
1743506781.283235
1743506781.299399
1743506781.331386
1743506781.363804
1743506781.395070
1743506781.427874
1743506781.460042
1743506781.492266
1743506781.523415
1743506781.556260
1743506781.603550
1743506781.635335
1743506781.666890
1743506781.683525
1743506781.715611
1743506781.747487
1743506781.779133
1743506781.812106
1743506781.843965
1743506781.875980
1743506781.907500
1743506781.940110
1743506781.971664
1743506782.003946
1743506782.034998
1743506782.066977
1743506782.083369
1743506782.099533
1743506782.130998
1743506782.147859
1743506782.179805
1743506782.211875
1743506782.259879
1743506782.291786
1743506782.323667
1743506782.355735
1743506782.387114
1743506782.403431
1743506782.435451
1743506782.467266
1743506782.499205
1743506782.515721
1743506782.547635
1743506782.579917
1743506782.611004
1743506782.643668
1743506782.675642
1743506782.708340
1743506782.739150
1743506782.771745
1743506782.803883
1743506782.835704
1743506782.867160
1743506782.883696
1743506782.916023
1743506782.947536
1743506782.978984
1743506783.011563
1743506783.043844
1743506783.075754
1743506783.107189
1743506783.140219
1743506783.172040
1743506783.204188
1743506783.235257
1743506783.267223
1743506783.299456
1743506783.331295
1743506783.363021
1743506783.379156
1743506783.411938
1743506783.443840
1743506783.475245
1743506783.508082
1743506783.555656
1743506783.587752
1743506783.619123
1743506783.635215
1743506783.667479
1743506783.699386
1743506783.731003
1743506783.747223
1743506783.763470
1743506783.795559
1743506783.827520
1743506783.859881
1743506783.891940
1743506783.923552
1743506783.955446
1743506783.987811
1743506784.019950
1743506784.051422
1743506784.083354
1743506784.099613
1743506784.131492
1743506784.147610
1743506784.179221
1743506784.211964
1743506784.243540
1743506784.275703
1743506784.307148
1743506784.339631
1743506784.371633
1743506784.403786
1743506784.434948
1743506784.451433
1743506784.483474
1743506784.499636
1743506784.531087
1743506784.547331
1743506784.579665
1743506784.611730
1743506784.643078
1743506784.675793
1743506784.707703
1743506784.740015
1743506784.771256
1743506784.803771
1743506784.835581
1743506784.867640
1743506784.898805
1743506784.915327
1743506784.947579
1743506784.979451
1743506785.011768
1743506785.043736
1743506785.075719
1743506785.107837
1743506785.139763
1743506785.187665
1743506785.219036
1743506785.235355
1743506785.267356
1743506785.299445
1743506785.331008
1743506785.347233
1743506785.363491
1743506785.395424
1743506785.427455
1743506785.459914
1743506785.507636
1743506785.539634
1743506785.571042
1743506785.587124
1743506785.603242
1743506785.619133
1743506785.650819
1743506785.667235
1743506785.699418
1743506785.731388
1743506785.763258
1743506785.795679
1743506785.843853
1743506785.875688
1743506785.907080
1743506785.939764
1743506785.971607
1743506786.003646
1743506786.035073
1743506786.051345
1743506786.083517
1743506786.100001
1743506786.131123
1743506786.163900
1743506786.195472
1743506786.227576
1743506786.259062
1743506786.291755
1743506786.323727
1743506786.355739
1743506786.387180
1743506786.403314
1743506786.435403
1743506786.483233
1743506786.514728
1743506786.531226
1743506786.563430
1743506786.595680
1743506786.627083
1743506786.659610
1743506786.691816
1743506786.723864
1743506786.755255
1743506786.787885
1743506786.819988
1743506786.851226
1743506786.882759
1743506786.899265
1743506786.931363
1743506786.963391
1743506786.995027
1743506787.027692
1743506787.059724
1743506787.091852
1743506787.139571
1743506787.171546
1743506787.203550
1743506787.235288
1743506787.266774
1743506787.283171
1743506787.315417
1743506787.347420
1743506787.379111
1743506787.411766
1743506787.459559
1743506787.491675
1743506787.522889
1743506787.555858
1743506787.587873
1743506787.619463
1743506787.650823
1743506787.667161
1743506787.699692
1743506787.731593
1743506787.763213
1743506787.795765
1743506787.827540
1743506787.859433
1743506787.891011
1743506787.924183
1743506787.955570
1743506787.987899
1743506788.019134
1743506788.035232
1743506788.051454
1743506788.083479
1743506788.115041
1743506788.131107
1743506788.163530
1743506788.195621
1743506788.227018
1743506788.259800
1743506788.291673
1743506788.323757
1743506788.355132
1743506788.387934
1743506788.435624
1743506788.467047
1743506788.498831
1743506788.515128
1743506788.547337
1743506788.579357
1743506788.610987
1743506788.643971
1743506788.675721
1743506788.707767
1743506788.739277
1743506788.772137
1743506788.803622
1743506788.835219
1743506788.866689
1743506788.883307
1743506788.915472
1743506788.947346
1743506788.978937
1743506788.995069
1743506789.011168
1743506789.027363
1743506789.059348
1743506789.092087
1743506789.123644
1743506789.154731
1743506789.171050
1743506789.203742
1743506789.235337
1743506789.267332
1743506789.298903
1743506789.315246
1743506789.347522
1743506789.379683
1743506789.411053
1743506789.443515
1743506789.475557
1743506789.507933
1743506789.538960
1743506789.571801
1743506789.603575
1743506789.635587
1743506789.666883
1743506789.683257
1743506789.699607
1743506789.747011
1743506789.778818
1743506789.794791
1743506789.811029
1743506789.827189
1743506789.859183
1743506789.891598
1743506789.923659
1743506789.955506
1743506789.987225
1743506790.019849
1743506790.067048
1743506790.099308
1743506790.131092
1743506790.163470
1743506790.195459
1743506790.227578
1743506790.259021
1743506790.291634
1743506790.323688
1743506790.355795
1743506790.386989
1743506790.403029
1743506790.435316
1743506790.466979
1743506790.498711
1743506790.515103
1743506790.547324
1743506790.579422
1743506790.611198
1743506790.643728
1743506790.675738
1743506790.723328
1743506790.754881
1743506790.787446
1743506790.819398
1743506790.851089
1743506790.882687
1743506790.899173
1743506790.931168
1743506790.947202
1743506790.963307
1743506790.995640
1743506791.043540
1743506791.075368
1743506791.106876
1743506791.139592
1743506791.171559
1743506791.203588
1743506791.234903
1743506791.251258
1743506791.283439
1743506791.299704
1743506791.331229
1743506791.363636
1743506791.395327
1743506791.427570
1743506791.458921
1743506791.491538
1743506791.523828
1743506791.555528
1743506791.587144
1743506791.619621
1743506791.651306
1743506791.698932
1743506791.730581
1743506791.746939
1743506791.779321
1743506791.811655
1743506791.842896
1743506791.875587
1743506791.907666
1743506791.939516
1743506791.971028
1743506792.019225
1743506792.050911
1743506792.083010
1743506792.114656
1743506792.130944
1743506792.147091
1743506792.163148
1743506792.194849
1743506792.227791
1743506792.259633
1743506792.291734
1743506792.339469
1743506792.371369
1743506792.403540
1743506792.435274
1743506792.466641
1743506792.483054
1743506792.515259
1743506792.547322
1743506792.579460
1743506792.611672
1743506792.643588
1743506792.675685
1743506792.707504
1743506792.739827
1743506792.770822
1743506792.803632
1743506792.835050
1743506792.867245
1743506792.899198
1743506792.931386
1743506792.963579
1743506792.995671
1743506793.026862
1743506793.059433
1743506793.091302
1743506793.123460
1743506793.154856
1743506793.187686
1743506793.219662
1743506793.251201
1743506793.282990
1743506793.315657
1743506793.346890
1743506793.379586
1743506793.410695
1743506793.443514
1743506793.475464
1743506793.507486
1743506793.538969
1743506793.571598
1743506793.603593
1743506793.651359
1743506793.682494
1743506793.698971
1743506793.731217
1743506793.763231
1743506793.794868
1743506793.827450
1743506793.859506
1743506793.891498
1743506793.923009
1743506793.971352
1743506794.003297
1743506794.035034
1743506794.066561
1743506794.083053
1743506794.099190
1743506794.131356
1743506794.162764
1743506794.178922
1743506794.211435
1743506794.243533
1743506794.291334
1743506794.323275
1743506794.355396
1743506794.387444
1743506794.418764
1743506794.451071
1743506794.482969
1743506794.499108
1743506794.530959
1743506794.547115
1743506794.563317
1743506794.595452
1743506794.626870
1743506794.659365
1743506794.691499
1743506794.723503
1743506794.754840
1743506794.787497
1743506794.819605
1743506794.851286
1743506794.882801
1743506794.899210
1743506794.946888
1743506794.978787
1743506795.011003
1743506795.043007
1743506795.075429
1743506795.107721
1743506795.138819
1743506795.171734
1743506795.203465
1743506795.235433
1743506795.266696
1743506795.298947
1743506795.330886
1743506795.363304
1743506795.394708
1743506795.410765
1743506795.443533
1743506795.475598
1743506795.507081
1743506795.539781
1743506795.571596
1743506795.603637
1743506795.634580
1743506795.650832
1743506795.683125
1743506795.715156
1743506795.746783
1743506795.779230
1743506795.811458
1743506795.843584
1743506795.875044
1743506795.923240
1743506795.955351
1743506795.987270
1743506796.018679
1743506796.034815
1743506796.067086
1743506796.099140
1743506796.130649
1743506796.147065
1743506796.163258
1743506796.195347
1743506796.243181
1743506796.275299
1743506796.307512
1743506796.339140
1743506796.370741
1743506796.403437
1743506796.434882
1743506796.450904
1743506796.482764
1743506796.499119
1743506796.531099
1743506796.579019
1743506796.610671
1743506796.643157
1743506796.675344
1743506796.707416
1743506796.738710
1743506796.771552
1743506796.803382
1743506796.835243
1743506796.866727
1743506796.899490
1743506796.931094
1743506796.963058
1743506796.994746
1743506797.027376
1743506797.059181
1743506797.091352
1743506797.122864
1743506797.155487
1743506797.187618
1743506797.219793
1743506797.250469
1743506797.266766
1743506797.282866
1743506797.298982
1743506797.330530
1743506797.346844
1743506797.362928
1743506797.395220
1743506797.426838
1743506797.459983
1743506797.491686
1743506797.523902
1743506797.555111
1743506797.587464
1743506797.619219
1743506797.650726
1743506797.682463
1743506797.699008
1743506797.731032
1743506797.747287
1743506797.779325
1743506797.811544
1743506797.843527
1743506797.875540
1743506797.906629
1743506797.939121
1743506797.971227
1743506798.003333
1743506798.034445
1743506798.050816
1743506798.083038
1743506798.115061
1743506798.146756
1743506798.163057
1743506798.195404
1743506798.227484
1743506798.258610
1743506798.291424
1743506798.323360
1743506798.355517
1743506798.386729
1743506798.403003
1743506798.435233
1743506798.450892
1743506798.466987
1743506798.499134
1743506798.531495
1743506798.563171
1743506798.594507
1743506798.610474
1743506798.643338
1743506798.675270
1743506798.706723
1743506798.722673
1743506798.738852
1743506798.754916
1743506798.786841
1743506798.802981
1743506798.850641
1743506798.882753
1743506798.914477
1743506798.930803
1743506798.963229
1743506798.995236
1743506799.026718
1743506799.059339
1743506799.091481
1743506799.123594
1743506799.170002
1743506799.202072
1743506799.218856
1743506799.250944
1743506799.282511
1743506799.298900
1743506799.331132
1743506799.363027
1743506799.394676
1743506799.427383
1743506799.459493
1743506799.507226
1743506799.538468
1743506799.571185
1743506799.603615
1743506799.635072
1743506799.666422
1743506799.682784
1743506799.699089
1743506799.730996
1743506799.762696
1743506799.778773
1743506799.795060
1743506799.827396
1743506799.858588
1743506799.891102
1743506799.922966
1743506799.955382
1743506799.986698
1743506800.002900
1743506800.019097
1743506800.051107
1743506800.083215
1743506800.115190
1743506800.147396
1743506800.179207
1743506800.210999
1743506800.243184
1743506800.274649
1743506800.307479
1743506800.339337
1743506800.371384
1743506800.402776
1743506800.435052
1743506800.482819
1743506800.498668
1743506800.514805
1743506800.546971
1743506800.579240
1743506800.611209
1743506800.642619
1743506800.675248
1743506800.707724
1743506800.739526
1743506800.770817
1743506800.803478
1743506800.834700
1743506800.866815
1743506800.898319
1743506800.914811
1743506800.946937
1743506800.979122
1743506801.010654
1743506801.043433
1743506801.075287
1743506801.123107
1743506801.154449
1743506801.187257
1743506801.219238
1743506801.250763
1743506801.282432
1743506801.298853
1743506801.331009
1743506801.363126
1743506801.394792
1743506801.427361
1743506801.459323
1743506801.491172
1743506801.522576
1743506801.555046
1743506801.587254
1743506801.619099
1743506801.650418
1743506801.666778
1743506801.698995
1743506801.731215
1743506801.778814
1743506801.811055
1743506801.843310
1743506801.875129
1743506801.906668
1743506801.939112
1743506801.971315
1743506802.003234
1743506802.034502
1743506802.050837
1743506802.098736
1743506802.130682
1743506802.162342
1743506802.178466
1743506802.211182
1743506802.243227
1743506802.274617
1743506802.307507
1743506802.339255
1743506802.371313
1743506802.402758
1743506802.435389
1743506802.466671
1743506802.498724
1743506802.514723
1743506802.530856
1743506802.563078
1743506802.595301
1743506802.626689
1743506802.659266
1743506802.691356
1743506802.723387
1743506802.754559
1743506802.770556
1743506802.802988
1743506802.834638
1743506802.866294
1743506802.882635
1743506802.898840
1743506802.914882
1743506802.946368
1743506802.962653
1743506802.978862
1743506803.011654
1743506803.042789
1743506803.075481
1743506803.107238
1743506803.139173
1743506803.170532
1743506803.203119
1743506803.234700
1743506803.266942
1743506803.298437
1743506803.314832
1743506803.330907
1743506803.346922
1743506803.378830
1743506803.411389
1743506803.442891
1743506803.475442
1743506803.506569
1743506803.539149
1743506803.571036
1743506803.603296
1743506803.634546
1743506803.650801
1743506803.682817
1743506803.698976
1743506803.730653
1743506803.763140
1743506803.794888
1743506803.827142
1743506803.858513
1743506803.891276
1743506803.923181
1743506803.955189
1743506803.986663
1743506804.002789
1743506804.050554
1743506804.082746
1743506804.114341
1743506804.130639
1743506804.163208
1743506804.195008
1743506804.226518
1743506804.259164
1743506804.291251
1743506804.323349
1743506804.354718
1743506804.387289
1743506804.419056
1743506804.450732
1743506804.482241
1743506804.498646
1743506804.514715
1743506804.530809
1743506804.562444
1743506804.578618
1743506804.611327
1743506804.643209
1743506804.675050
1743506804.707528
1743506804.739004
1743506804.771178
1743506804.802427
1743506804.818625
1743506804.850872
1743506804.882927
1743506804.914314
1743506804.930794
1743506804.962959
1743506804.995139
1743506805.026591
1743506805.058999
1743506805.091094
1743506805.123302
1743506805.154426
1743506805.187145
1743506805.219243
1743506805.250914
1743506805.282292
1743506805.299303
1743506805.330962
1743506805.363248
1743506805.394261
1743506805.410245
1743506805.426628
1743506805.459141
1743506805.490463
1743506805.523381
1743506805.555115
1743506805.587216
1743506805.618542
1743506805.634937
1743506805.682515
1743506805.714557
1743506805.746282
1743506805.762544
1743506805.794915
1743506805.827294
1743506805.858479
1743506805.891148
1743506805.923130
1743506805.955214
1743506806.002993
1743506806.034676
1743506806.066499
1743506806.098793
1743506806.130535
1743506806.162850
1743506806.194950
1743506806.226995
1743506806.258559
1743506806.291275
1743506806.338895
1743506806.370993
1743506806.402395
1743506806.418554
1743506806.450964
1743506806.482582
1743506806.514384
1743506806.530698
1743506806.546685
1743506806.562908
1743506806.594485
1743506806.610561
1743506806.658876
1743506806.691110
1743506806.722504
1743506806.754955
1743506806.787262
1743506806.819287
1743506806.850183
1743506806.866562
1743506806.882701
1743506806.898838
1743506806.930346
1743506806.946657
1743506806.979497
1743506807.010961
1743506807.042346
1743506807.075296
1743506807.106755
1743506807.139043
1743506807.170411
1743506807.203118
1743506807.234882
1743506807.266933
1743506807.314780
1743506807.346488
1743506807.379000
1743506807.410912
1743506807.442414
1743506807.474475
1743506807.507053
1743506807.539243
1743506807.571095
1743506807.603408
1743506807.635109
1743506807.666476
1743506807.698661
1743506807.730661
1743506807.762459
1743506807.778534
1743506807.810837
1743506807.843151
1743506807.874488
1743506807.907221
1743506807.954886
1743506807.986965
1743506808.018328
1743506808.034604
1743506808.066698
1743506808.098817
1743506808.130301
1743506808.146736
1743506808.179107
1743506808.211085
1743506808.242609
1743506808.290872
1743506808.322946
1743506808.355158
1743506808.386429
1743506808.402665
1743506808.434553
1743506808.466842
1743506808.498132
1743506808.514737
1743506808.546780
1743506808.562661
1743506808.610678
1743506808.642966
1743506808.675027
1743506808.707126
1743506808.738329
1743506808.771195
1743506808.803123
1743506808.834821
1743506808.866470
1743506808.882703
1743506808.931116
1743506808.962855
1743506808.994348
1743506809.027039
1743506809.058991
1743506809.090942
1743506809.122468
1743506809.155076
1743506809.187122
1743506809.219057
1743506809.266332
1743506809.282401
1743506809.298545
1743506809.330593
1743506809.362232
1743506809.394970
1743506809.427019
1743506809.458935
1743506809.490587
1743506809.523085
1743506809.555144
1743506809.587131
1743506809.618171
1743506809.634348
1743506809.666457
1743506809.698669
1743506809.730070
1743506809.746602
1743506809.778809
1743506809.811097
1743506809.842472
1743506809.875115
1743506809.907335
1743506809.938854
1743506809.970306
1743506810.003289
1743506810.034881
1743506810.066479
1743506810.098273
1743506810.114718
1743506810.145731
1743506810.162944
1743506810.193337
1743506810.211001
1743506810.243218
1743506810.275175
1743506810.306270
1743506810.338805
1743506810.370877
1743506810.402763
1743506810.434077
1743506810.450419
1743506810.482873
1743506810.514889
1743506810.562346
1743506810.578182
1743506810.594484
1743506810.626960
1743506810.658292
1743506810.690880
1743506810.722952
1743506810.755265
1743506810.786385
1743506810.802592
1743506810.834899
1743506810.882474
1743506810.914111
1743506810.930387
1743506810.946510
1743506810.978820
1743506811.010228
1743506811.042972
1743506811.074908
1743506811.106997
1743506811.138411
1743506811.171103
1743506811.218753
1743506811.250257
1743506811.282021
1743506811.298503
1743506811.330764
1743506811.362609
1743506811.394282
1743506811.426953
1743506811.458957
1743506811.490999
1743506811.538758
1743506811.570965
1743506811.602910
1743506811.634454
1743506811.666057
1743506811.682550
1743506811.714602
1743506811.746864
1743506811.778319
1743506811.794394
1743506811.827133
1743506811.859096
1743506811.890173
1743506811.922803
1743506811.954947
1743506811.986909
1743506812.018224
1743506812.034347
1743506812.066765
1743506812.098544
1743506812.130251
1743506812.146528
1743506812.162771
1743506812.194930
1743506812.226202
1743506812.258822
1743506812.290997
1743506812.322802
1743506812.354432
1743506812.370500
1743506812.386523
1743506812.418748
1743506812.450286
1743506812.466546
1743506812.514537
1743506812.546523
1743506812.578013
1743506812.594039
1743506812.610357
1743506812.643024
1743506812.674204
1743506812.706980
1743506812.739032
1743506812.770992
1743506812.802554
1743506812.834787
1743506812.866549
1743506812.898286
1743506812.914468
1743506812.930657
1743506812.962605
1743506812.994893
1743506813.026272
1743506813.058991
1743506813.091214
1743506813.122986
1743506813.170736
1743506813.202764
1743506813.234422
1743506813.266556
1743506813.298014
1743506813.314336
1743506813.330650
1743506813.362765
1743506813.394258
1743506813.410518
1743506813.443329
1743506813.490616
1743506813.522144
1743506813.554889
1743506813.586713
1743506813.618776
1743506813.649951
1743506813.666249
1743506813.682355
1743506813.698484
1743506813.730166
1743506813.746434
1743506813.762656
1743506813.810869
1743506813.842089
1743506813.874885
1743506813.906844
1743506813.938943
1743506813.970314
1743506814.003057
1743506814.034705
1743506814.066569
1743506814.098450
1743506814.114749
1743506814.147215
1743506814.178587
1743506814.210217
1743506814.242899
1743506814.274882
1743506814.306962
1743506814.338194
1743506814.370858
1743506814.402976
1743506814.434639
1743506814.466133
1743506814.498247
1743506814.514307
1743506814.546424
1743506814.578047
1743506814.594086
1743506814.610384
1743506814.642923
1743506814.674174
1743506814.707102
1743506814.739105
1743506814.786779
1743506814.818124
1743506814.834252
1743506814.866493
1743506814.898531
1743506814.929989
1743506814.946446
1743506814.979142
1743506815.010885
1743506815.042894
1743506815.075167
1743506815.122617
1743506815.154668
1743506815.186718
1743506815.218753
1743506815.249921
1743506815.266274
1743506815.298673
1743506815.330574
1743506815.362234
1743506815.394709
1743506815.442675
1743506815.474644
1743506815.506146
1743506815.538783
1743506815.570853
1743506815.602838
1743506815.634224
1743506815.650364
1743506815.666457
1743506815.698603
1743506815.730141
1743506815.762678
1743506815.794696
1743506815.826622
1743506815.858337
1743506815.890656
1743506815.922704
1743506815.954823
1743506815.986148
1743506816.002384
1743506816.034572
1743506816.066549
1743506816.098134
1743506816.114261
1743506816.130317
1743506816.146288
1743506816.178269
1743506816.211116
1743506816.242695
1743506816.274930
1743506816.306146
1743506816.338853
1743506816.370875
1743506816.418553
1743506816.449787
1743506816.466173
1743506816.498327
1743506816.530446
1743506816.562091
1743506816.594551
1743506816.609960
1743506816.626334
1743506816.658348
1743506816.691036
1743506816.738751
1743506816.770540
1743506816.802053
1743506816.818169
1743506816.850420
1743506816.882631
1743506816.913938
1743506816.930314
1743506816.962515
1743506816.994698
1743506817.026272
1743506817.074657
1743506817.106519
1743506817.138939
1743506817.170098
1743506817.202600
1743506817.234569
1743506817.266532
1743506817.298100
1743506817.314556
1743506817.346759
1743506817.394286
1743506817.425980
1743506817.458664
1743506817.490908
1743506817.522582
1743506817.554071
1743506817.586682
1743506817.618781
1743506817.650782
1743506817.682102
1743506817.714933
1743506817.746264
1743506817.778469
1743506817.810206
1743506817.843122
1743506817.874840
1743506817.906939
1743506817.938212
1743506817.970923
1743506818.003257
1743506818.050319
1743506818.081670
1743506818.098144
1743506818.114418
1743506818.146685
1743506818.177933
1743506818.210871
1743506818.242971
1743506818.274777
1743506818.306264
1743506818.338887
1743506818.370920
1743506818.402369
1743506818.433825
1743506818.450180
1743506818.482520
1743506818.514540
1743506818.545917
1743506818.578639
1743506818.610743
1743506818.643012
1743506818.690359
1743506818.722713
1743506818.754588
1743506818.786624
1743506818.818055
1743506818.834195
1743506818.866109
1743506818.898369
1743506818.914572
1743506818.946635
1743506818.978663
1743506819.026227
1743506819.057806
1743506819.074096
1743506819.106604
1743506819.138819
1743506819.170057
1743506819.202678
1743506819.234325
1743506819.266459
1743506819.297978
1743506819.314476
1743506819.346645
1743506819.378569
1743506819.409909
1743506819.442769
1743506819.474556
1743506819.506874
1743506819.538050
1743506819.570876
1743506819.602983
1743506819.634785
1743506819.665936
1743506819.698207
1743506819.730304
1743506819.762330
1743506819.793842
1743506819.809843
1743506819.826264
1743506819.858819
1743506819.890045
1743506819.922782
1743506819.955079
1743506820.002454
1743506820.033791
1743506820.050104
1743506820.082589
1743506820.098608
1743506820.129959
1743506820.146305
1743506820.178661
1743506820.210654
1743506820.242103
1743506820.274993
1743506820.322608
1743506820.354514
1743506820.386001
1743506820.402080
1743506820.434134
1743506820.466424
1743506820.497772
1743506820.514228
1743506820.546467
1743506820.578921
1743506820.610120
1743506820.642960
1743506820.674592
1743506820.706714
1743506820.737830
1743506820.770675
1743506820.802694
1743506820.834483
1743506820.865820
1743506820.882167
1743506820.914781
1743506820.946909
1743506820.977998
1743506821.010496
1743506821.043003
1743506821.074587
1743506821.106043
1743506821.138638
1743506821.170647
1743506821.202780
1743506821.234089
1743506821.250462
1743506821.298288
1743506821.330277
1743506821.361721
1743506821.394392
1743506821.426491
1743506821.458509
1743506821.490057
1743506821.522787
1743506821.554829
1743506821.586791
1743506821.617940
1743506821.650032
1743506821.682111
1743506821.714425
1743506821.745710
1743506821.762015
1743506821.794470
1743506821.826578
1743506821.858092
1743506821.890715
1743506821.922892
1743506821.954772
1743506821.985823
1743506822.018188
1743506822.050036
1743506822.066136
1743506822.097796
1743506822.114222
1743506822.130475
1743506822.162382
1743506822.194094
1743506822.226814
1743506822.274343
1743506822.306444
1743506822.337836
1743506822.370645
1743506822.402328
1743506822.434025
1743506822.465727
1743506822.482085
1743506822.498384
1743506822.530317
1743506822.561988
1743506822.594149
1743506822.626547
1743506822.658375
1743506822.690574
1743506822.722407
1743506822.754771
1743506822.786586
1743506822.818715
1743506822.850745
1743506822.881982
1743506822.898454
1743506822.930938
1743506822.962253
1743506822.993785
1743506823.026438
1743506823.058374
1743506823.090541
1743506823.121940
1743506823.154757
1743506823.186847
1743506823.218702
1743506823.249807
1743506823.282072
1743506823.313959
1743506823.330012
1743506823.346162
1743506823.378322
1743506823.410809
1743506823.442512
1743506823.473967
1743506823.506771
1743506823.538715
1743506823.570643
1743506823.601811
1743506823.618064
1743506823.650168
1743506823.682068
1743506823.713701
1743506823.730084
1743506823.762276
1743506823.794586
1743506823.826115
1743506823.858860
1743506823.906437
1743506823.938352
1743506823.969828
1743506824.002632
1743506824.034146
1743506824.066248
1743506824.097641
1743506824.114164
1743506824.146380
1743506824.178556
1743506824.226005
1743506824.258301
1743506824.290493
1743506824.322561
1743506824.353840
1743506824.386513
1743506824.418491
1743506824.450193
1743506824.481875
1743506824.498287
1743506824.545903
1743506824.578362
1743506824.609710
1743506824.642659
1743506824.674480
1743506824.706630
1743506824.737826
1743506824.770574
1743506824.802582
1743506824.834592
1743506824.882240
1743506824.914040
1743506824.929969
1743506824.945996
1743506824.962306
1743506824.994659
1743506825.026492
1743506825.058589
1743506825.089925
1743506825.122677
1743506825.154864
1743506825.202507
1743506825.233723
1743506825.249970
1743506825.282197
1743506825.314243
1743506825.345699
1743506825.361905
1743506825.378033
1743506825.410473
1743506825.442008
1743506825.474607
1743506825.522413
1743506825.554446
1743506825.585766
1743506825.601948
1743506825.634202
1743506825.666222
1743506825.697575
1743506825.714122
1743506825.746200
1743506825.778748
1743506825.809907
1743506825.858294
1743506825.890484
1743506825.922444
1743506825.953823
1743506825.986475
1743506826.018489
1743506826.050287
1743506826.081697
1743506826.098268
1743506826.130515
1743506826.177892
1743506826.209596
1743506826.242343
1743506826.274473
1743506826.306348
1743506826.338210
1743506826.370434
1743506826.402447
1743506826.434591
1743506826.465818
1743506826.498368
1743506826.530237
1743506826.562096
1743506826.593677
1743506826.626422
1743506826.658611
1743506826.690523
1743506826.721958
1743506826.754630
1743506826.786602
1743506826.834353
1743506826.865583
1743506826.881826
1743506826.898027
1743506826.929918
1743506826.961679
1743506826.994493
1743506827.026637
1743506827.058697
1743506827.089929
1743506827.122511
1743506827.154655
1743506827.186157
1743506827.217746
1743506827.250254
1743506827.282059
1743506827.298094
1743506827.329643
1743506827.345986
1743506827.378361
1743506827.410478
1743506827.441975
1743506827.474821
1743506827.506079
1743506827.538179
1743506827.569824
1743506827.602429
1743506827.634245
1743506827.665983
1743506827.697734
1743506827.714090
1743506827.746183
1743506827.778617
1743506827.809745
1743506827.842791
1743506827.874550
1743506827.906181
1743506827.937746
1743506827.970486
1743506828.002599
1743506828.034731
1743506828.065758
1743506828.082222
1743506828.098339
1743506828.130431
1743506828.161623
1743506828.177755
1743506828.210498
1743506828.242251
1743506828.273829
1743506828.306411
1743506828.338387
1743506828.370381
1743506828.402009
1743506828.418139
1743506828.450563
1743506828.481963
1743506828.513544
1743506828.529882
1743506828.562160
1743506828.594265
1743506828.625825
1743506828.658490
1743506828.690464
1743506828.722803
1743506828.753957
1743506828.786747
1743506828.818221
1743506828.849782
1743506828.881479
1743506828.897912
1743506828.914139
1743506828.946079
1743506828.977860
1743506829.010409
1743506829.042405
1743506829.074456
1743506829.105810
1743506829.138145
1743506829.170311
1743506829.202464
1743506829.233671
1743506829.249876
1743506829.281923
1743506829.314201
1743506829.345663
1743506829.362150
1743506829.394393
1743506829.426394
1743506829.457568
1743506829.490392
1743506829.522432
1743506829.554440
1743506829.585682
1743506829.601833
1743506829.634082
1743506829.666080
1743506829.697715
1743506829.714069
1743506829.761661
1743506829.794199
1743506829.825685
1743506829.858280
1743506829.890210
1743506829.922363
1743506829.953705
1743506829.986550
1743506830.018570
1743506830.050056
1743506830.081600
1743506830.097889
1743506830.129855
1743506830.145852
1743506830.177665
1743506830.209714
1743506830.242358
1743506830.274394
1743506830.306542
1743506830.338390
1743506830.370405
1743506830.402642
1743506830.434371
1743506830.465804
1743506830.497515
1743506830.513967
1743506830.530019
1743506830.562206
1743506830.593759
1743506830.626377
1743506830.658518
1743506830.690411
1743506830.738251
1743506830.770201
1743506830.802265
1743506830.833908
1743506830.865513
1743506830.881854
1743506830.913951
1743506830.946072
1743506830.977877
1743506831.010424
1743506831.058019
1743506831.090096
1743506831.121622
1743506831.154468
1743506831.186087
1743506831.218225
1743506831.249704
1743506831.282185
1743506831.314328
1743506831.346095
1743506831.377647
1743506831.410428
1743506831.442154
1743506831.474223
1743506831.505885
1743506831.538333
1743506831.570355
1743506831.602476
1743506831.633781
1743506831.650007
1743506831.682131
1743506831.714519
1743506831.745330
1743506831.761668
1743506831.794192
1743506831.826337
1743506831.857655
1743506831.890320
1743506831.922424
1743506831.954647
1743506831.985780
1743506832.034194
1743506832.065729
1743506832.097635
1743506832.129539
1743506832.145866
1743506832.178249
1743506832.210152
1743506832.241704
1743506832.274409
1743506832.306456
1743506832.353965
1743506832.385515
1743506832.401712
1743506832.433798
1743506832.465923
1743506832.497400
1743506832.513806
1743506832.545970
1743506832.578274
1743506832.609781
1743506832.642908
1743506832.690044
1743506832.722284
1743506832.753625
1743506832.769420
1743506832.785725
1743506832.801899
1743506832.833460
1743506832.849983
1743506832.881890
1743506832.897974
1743506832.914265
1743506832.946295
1743506832.978288
1743506833.010158
1743506833.041490
1743506833.074169
1743506833.106316
1743506833.138072
1743506833.169586
1743506833.202400
1743506833.234057
1743506833.265991
1743506833.297545
1743506833.330473
1743506833.361931
1743506833.394094
1743506833.425666
1743506833.458190
1743506833.490283
1743506833.522189
1743506833.553654
1743506833.586320
1743506833.618279
1743506833.665737
1743506833.697325
1743506833.713794
1743506833.745831
1743506833.778150
1743506833.809579
1743506833.842483
1743506833.874223
1743506833.906673
1743506833.937789
1743506833.986102
1743506834.018144
1743506834.049840
1743506834.081330
1743506834.097764
1743506834.113894
1743506834.145855
1743506834.177769
1743506834.210347
1743506834.242305
1743506834.274432
1743506834.305707
1743506834.338144
1743506834.370049
1743506834.402043
1743506834.433482
1743506834.449699
1743506834.481947
1743506834.513825
1743506834.545594
1743506834.561744
1743506834.577968
1743506834.610363
1743506834.641579
1743506834.674219
1743506834.706201
1743506834.738171
1743506834.769543
1743506834.785444
1743506834.801711
1743506834.833983
1743506834.865511
1743506834.881854
1743506834.898107
1743506834.930000
1743506834.961603
1743506834.993925
1743506835.026064
1743506835.058119
1743506835.089680
1743506835.122407
1743506835.154189
1743506835.186376
1743506835.217790
1743506835.250202
1743506835.282279
1743506835.313767
1743506835.345272
1743506835.361620
1743506835.393988
1743506835.426184
1743506835.457564
1743506835.490377
1743506835.522539
1743506835.554286
1743506835.585831
1743506835.617954
1743506835.649635
1743506835.681789
1743506835.713290
1743506835.729685
1743506835.745808
1743506835.778119
1743506835.809517
1743506835.842334
1743506835.874174
1743506835.906571
1743506835.937655
1743506835.970188
1743506836.002050
1743506836.033777
1743506836.065228
1743506836.081591
1743506836.113772
1743506836.129770
1743506836.161520
1743506836.177571
1743506836.193838
1743506836.209807
1743506836.258062
1743506836.290143
1743506836.322134
1743506836.354036
1743506836.385514
1743506836.401672
1743506836.433939
1743506836.465895
1743506836.497437
1743506836.513798
1743506836.545937
1743506836.593674
1743506836.625388
1743506836.658599
1743506836.690038
1743506836.722268
1743506836.753483
1743506836.786133
1743506836.801741
1743506836.833976
1743506836.865463
1743506836.881818
1743506836.914134
1743506836.945873
1743506836.977275
1743506837.010093
1743506837.042242
1743506837.074132
1743506837.105522
1743506837.138182
1743506837.170165
1743506837.202373
1743506837.233553
1743506837.265595
1743506837.281644
1743506837.313932
1743506837.345314
1743506837.361541
1743506837.377645
1743506837.410242
1743506837.441483
1743506837.474298
1743506837.506128
1743506837.538190
1743506837.569593
1743506837.602152
1743506837.633432
1743506837.649544
1743506837.681204
1743506837.697795
1743506837.730105
1743506837.761881
1743506837.794084
1743506837.826169
1743506837.858282
1743506837.890352
1743506837.922081
1743506837.953954
1743506837.985467
1743506838.001710
1743506838.033917
1743506838.065731
1743506838.097274
1743506838.113821
1743506838.146028
1743506838.178131
1743506838.209494
1743506838.242177
1743506838.273890
1743506838.305971
1743506838.337440
1743506838.370151
1743506838.402046
1743506838.434034
1743506838.465308
1743506838.481738
1743506838.513972
1743506838.546462
1743506838.577269
1743506838.610106
1743506838.642036
1743506838.674057
1743506838.705579
1743506838.738266
1743506838.770176
1743506838.802184
1743506838.817812
1743506838.865829
1743506838.897746
1743506838.929359
1743506838.961155
1743506838.977284
1743506839.010056
1743506839.042184
1743506839.073431
1743506839.106189
1743506839.138392
1743506839.185967
1743506839.217276
1743506839.233492
1743506839.265515
1743506839.281587
1743506839.297753
1743506839.329815
1743506839.361697
1743506839.394194
1743506839.425502
1743506839.458452
1743506839.490070
1743506839.522267
1743506839.553308
1743506839.586047
1743506839.618048
1743506839.649730
1743506839.681184
1743506839.697651
1743506839.729651
1743506839.745716
1743506839.777603
1743506839.810113
1743506839.842036
1743506839.873842
1743506839.905368
1743506839.921540
1743506839.954062
1743506839.985941
1743506840.017456
1743506840.033553
1743506840.065845
1743506840.097959
1743506840.129597
1743506840.162407
1743506840.193905
1743506840.225960
1743506840.257389
1743506840.289991
1743506840.322076
1743506840.354204
1743506840.385493
1743506840.418273
1743506840.449944
1743506840.497479
1743506840.529069
1743506840.545430
1743506840.561656
1743506840.593739
1743506840.625374
1743506840.657957
1743506840.690048
1743506840.722145
1743506840.753516
1743506840.786170
1743506840.818220
1743506840.849568
1743506840.881062
1743506840.897546
1743506840.929745
1743506840.961887
1743506840.993369
1743506841.025847
1743506841.057980
1743506841.090009
1743506841.137841
1743506841.169954
1743506841.201949
1743506841.233485
1743506841.265074
1743506841.281577
1743506841.313701
1743506841.345615
1743506841.377413
1743506841.410047
1743506841.442361
1743506841.474290
1743506841.505234
1743506841.537919
1743506841.569986
1743506841.602069
1743506841.633322
1743506841.649539
1743506841.681921
1743506841.713626
1743506841.745356
1743506841.793762
1743506841.826001
1743506841.857871
1743506841.889384
1743506841.922171
1743506841.954045
1743506841.986180
1743506842.017674
1743506842.048642
1743506842.065059
1743506842.081788
1743506842.113425
1743506842.129591
1743506842.161708
1743506842.193868
1743506842.225343
1743506842.258091
1743506842.289872
1743506842.322289
1743506842.353460
1743506842.386006
1743506842.418119
1743506842.449918
1743506842.481004
1743506842.497500
1743506842.529545
1743506842.561685
1743506842.593311
1743506842.625710
1743506842.658121
1743506842.690058
1743506842.721578
1743506842.769874
1743506842.801758
1743506842.833437
1743506842.849497
1743506842.881832
1743506842.913768
1743506842.945811
1743506842.977298
1743506842.993778
1743506843.025981
1743506843.058088
1743506843.089302
1743506843.122007
1743506843.154053
1743506843.185845
1743506843.217245
1743506843.233523
1743506843.266029
1743506843.297589
1743506843.329293
1743506843.345666
1743506843.377961
1743506843.425787
1743506843.457187
1743506843.489810
1743506843.521960
1743506843.553930
1743506843.585289
1743506843.601406
1743506843.633936
1743506843.665822
1743506843.697369
1743506843.713701
1743506843.746025
1743506843.777679
1743506843.809135
1743506843.841884
1743506843.873957
1743506843.906004
1743506843.937353
1743506843.969929
1743506844.002035
1743506844.034270
1743506844.065208
1743506844.081317
1743506844.113458
1743506844.145386
1743506844.177122
1743506844.209657
1743506844.241904
1743506844.273965
1743506844.305407
1743506844.338047
1743506844.370100
1743506844.401910
1743506844.432933
1743506844.449260
1743506844.481326
1743506844.497456
1743506844.529113
1743506844.545513
1743506844.577670
1743506844.609889
1743506844.641338
1743506844.673929
1743506844.721760
1743506844.753901
1743506844.785203
1743506844.817586
1743506844.849725
1743506844.865279
1743506844.881545
1743506844.913955
1743506844.945587
1743506844.977957
1743506845.009435
1743506845.042290
1743506845.074005
1743506845.105859
1743506845.137245
1743506845.169911
1743506845.201854
1743506845.233399
1743506845.265122
1743506845.281713
1743506845.313994
1743506845.345673
1743506845.378049
1743506845.409685
1743506845.441799
1743506845.473879
1743506845.505618
1743506845.537894
1743506845.569226
1743506845.601995
1743506845.633996
1743506845.665677
1743506845.697082
1743506845.729352
1743506845.761824
1743506845.793618
1743506845.825308
1743506845.857899
1743506845.889788
1743506845.922015
1743506845.953463
1743506845.986037
1743506846.018185
1743506846.049152
1743506846.080891
1743506846.097382
1743506846.129563
1743506846.161764
1743506846.193202
1743506846.225926
1743506846.257933
1743506846.289966
1743506846.321537
1743506846.353755
1743506846.385623
1743506846.417740
1743506846.448874
1743506846.465204
1743506846.481422
1743506846.513542
1743506846.545018
1743506846.561322
1743506846.593699
1743506846.626105
1743506846.673806
1743506846.705658
1743506846.737708
1743506846.769684
1743506846.801222
1743506846.833493
1743506846.865575
1743506846.881330
1743506846.897540
1743506846.929745
1743506846.961773
1743506846.993952
1743506847.025204
1743506847.057819
1743506847.089778
1743506847.121931
1743506847.153203
1743506847.185783
1743506847.217860
1743506847.249447
1743506847.281137
1743506847.297610
1743506847.329932
1743506847.361750
1743506847.393069
1743506847.425778
1743506847.457676
1743506847.489650
1743506847.521265
1743506847.554080
1743506847.586088
1743506847.618152
1743506847.649264
1743506847.681575
1743506847.713640
1743506847.745346
1743506847.777083
1743506847.809565
1743506847.841933
1743506847.874078
1743506847.905493
1743506847.937983
1743506847.969949
1743506848.001601
1743506848.032819
1743506848.049215
1743506848.065417
1743506848.097402
1743506848.128947
1743506848.145445
1743506848.177815
1743506848.209814
1743506848.241311
1743506848.273949
1743506848.306210
1743506848.337722
1743506848.369084
1743506848.401776
1743506848.433480
1743506848.465317
1743506848.497009
1743506848.513433
1743506848.545746
1743506848.577777
1743506848.625413
1743506848.657730
1743506848.689599
1743506848.722146
1743506848.753107
1743506848.785813
1743506848.817782
1743506848.849539
1743506848.881115
1743506848.897550
1743506848.945434
1743506848.977453
1743506849.009072
1743506849.041699
1743506849.073783
1743506849.105917
1743506849.137124
1743506849.169903
1743506849.201793
1743506849.233636
1743506849.281210
1743506849.313192
1743506849.329309
1743506849.361470
1743506849.392940
1743506849.426065
1743506849.458457
1743506849.489961
1743506849.521369
1743506849.553790
1743506849.601515
1743506849.633618
1743506849.664827
1743506849.681178
1743506849.697342
1743506849.729454
1743506849.761017
1743506849.793560
1743506849.825784
1743506849.858008
1743506849.889338
1743506849.922172
1743506849.953650
1743506849.985504
1743506850.017267
1743506850.049209
1743506850.081528
1743506850.113473
1743506850.145041
1743506850.161280
1743506850.177488
1743506850.209912
1743506850.257620
1743506850.289668
1743506850.321640
1743506850.353639
1743506850.385091
1743506850.401338
1743506850.433464
1743506850.465472
1743506850.496936
1743506850.513519
1743506850.545751
1743506850.577884
1743506850.608871
1743506850.641854
1743506850.673587
1743506850.705963
1743506850.737059
1743506850.769821
1743506850.801759
1743506850.833635
1743506850.865078
1743506850.897701
1743506850.929394
1743506850.961449
1743506850.993071
1743506851.025917
1743506851.057700
1743506851.089624
1743506851.121185
1743506851.153777
1743506851.185750
1743506851.233393
1743506851.265064
1743506851.281331
1743506851.297515
1743506851.313468
1743506851.344865
1743506851.361003
1743506851.377178
1743506851.409593
1743506851.441118
1743506851.473743
1743506851.505738
1743506851.553528
1743506851.585123
1743506851.601450
1743506851.633597
1743506851.665385
1743506851.696765
1743506851.713238
1743506851.745498
1743506851.777714
1743506851.809150
1743506851.842170
1743506851.873718
1743506851.905753
1743506851.936968
1743506851.969696
1743506852.001595
1743506852.033285
1743506852.064862
1743506852.081233
1743506852.097442
1743506852.113524
1743506852.145022
1743506852.161305
1743506852.209330
1743506852.241807
1743506852.273011
1743506852.305923
1743506852.337682
1743506852.369773
1743506852.401035
1743506852.433435
1743506852.465362
1743506852.481459
1743506852.529190
1743506852.561416
1743506852.593420
1743506852.625630
1743506852.656994
1743506852.689742
1743506852.721948
1743506852.753705
1743506852.785271
1743506852.817766
1743506852.849591
1743506852.881006
1743506852.897171
1743506852.913462
1743506852.929454
1743506852.961342
1743506852.993435
1743506853.025648
1743506853.057730
1743506853.089968
1743506853.121902
1743506853.153701
1743506853.185044
1743506853.217594
1743506853.249191
1743506853.281092
1743506853.312842
1743506853.329151
1743506853.361359
1743506853.393533
1743506853.425158
1743506853.457839
1743506853.505475
1743506853.537539
1743506853.568937
1743506853.601528
1743506853.633090
1743506853.665298
1743506853.696815
1743506853.713249
1743506853.745525
1743506853.777635
1743506853.825425
1743506853.857417
1743506853.889717
1743506853.921877
1743506853.952931
1743506853.985624
1743506854.017695
1743506854.049568
1743506854.080816
1743506854.097369
1743506854.129576
1743506854.161590
1743506854.192861
1743506854.225419
1743506854.257544
1743506854.289491
1743506854.321039
1743506854.353494
1743506854.385737
1743506854.417866
1743506854.448831
1743506854.481748
1743506854.512954
1743506854.529121
1743506854.560773
1743506854.576834
1743506854.609545
1743506854.641624
1743506854.672936
1743506854.705798
1743506854.737663
1743506854.769855
1743506854.800989
1743506854.832932
1743506854.865046
1743506854.897271
1743506854.928852
1743506854.945189
1743506854.977499
1743506855.009485
1743506855.041142
1743506855.073744
1743506855.105884
1743506855.137823
1743506855.168800
1743506855.201451
1743506855.232956
1743506855.249073
1743506855.280712
1743506855.297207
1743506855.329478
1743506855.361371
1743506855.392976
1743506855.425577
1743506855.457655
1743506855.489470
1743506855.520975
1743506855.553433
1743506855.585938
1743506855.617663
1743506855.648721
1743506855.665070
1743506855.697312
1743506855.713459
1743506855.744936
1743506855.777676
1743506855.809561
1743506855.841561
1743506855.872810
1743506855.905595
1743506855.937509
1743506855.969765
1743506856.001175
1743506856.033355
1743506856.065328
1743506856.112931
1743506856.144670
1743506856.160932
1743506856.193277
1743506856.225527
1743506856.256899
1743506856.289688
1743506856.321791
1743506856.353827
1743506856.385084
1743506856.433513
1743506856.464902
1743506856.496901
1743506856.528680
1743506856.545037
1743506856.577477
1743506856.609494
1743506856.641258
1743506856.673619
1743506856.705619
1743506856.753415
1743506856.784738
1743506856.800922
1743506856.816996
1743506856.849224
1743506856.880664
1743506856.897096
1743506856.929183
1743506856.945122
1743506856.976917
1743506857.009936
1743506857.041913
1743506857.089469
1743506857.120890
1743506857.153448
1743506857.185481
1743506857.217463
1743506857.248607
1743506857.264984
1743506857.297155
1743506857.313412
1743506857.344890
1743506857.361254
1743506857.409152
1743506857.441456
1743506857.472777
1743506857.505325
1743506857.537509
1743506857.569248
1743506857.600843
1743506857.633194
1743506857.665293
1743506857.697223
1743506857.728899
1743506857.745016
1743506857.777278
1743506857.809377
1743506857.840753
1743506857.873386
1743506857.905451
1743506857.937771
1743506857.969091
1743506858.001838
1743506858.033777
1743506858.065598
1743506858.096525
1743506858.113195
1743506858.144992
1743506858.177242
1743506858.208979
1743506858.241753
1743506858.273628
1743506858.305777
1743506858.337021
1743506858.385461
1743506858.417640
1743506858.449158
1743506858.480517
1743506858.497050
1743506858.529319
1743506858.561171
1743506858.592757
1743506858.625359
1743506858.657548
1743506858.705335
1743506858.736719
1743506858.769266
1743506858.801316
1743506858.833470
1743506858.865166
1743506858.897462
1743506858.929420
1743506858.945095
1743506858.961219
1743506858.993589
1743506859.041289
1743506859.073559
1743506859.104753
1743506859.137453
1743506859.169402
1743506859.201530
1743506859.233038
1743506859.264606
1743506859.281497
1743506859.313314
1743506859.361068
1743506859.393511
1743506859.425512
1743506859.457248
1743506859.488748
1743506859.521770
1743506859.553643
1743506859.585463
1743506859.616862
1743506859.649406
1743506859.681458
1743506859.712924
1743506859.744705
1743506859.777437
1743506859.809320
1743506859.841693
1743506859.872776
1743506859.905623
1743506859.937431
1743506859.969461
1743506860.017368
1743506860.049087
1743506860.080975
1743506860.113086
1743506860.144530
1743506860.160770
1743506860.193177
1743506860.225247
1743506860.257034
1743506860.289673
1743506860.337288
1743506860.369240
1743506860.400755
1743506860.433032
1743506860.464822
1743506860.480918
1743506860.497087
1743506860.529058
1743506860.561419
1743506860.593344
1743506860.624966
1743506860.657045
1743506860.689308
1743506860.721438
1743506860.753165
1743506860.785264
1743506860.817416
1743506860.849084
1743506860.881018
1743506860.897232
1743506860.913314
1743506860.945576
1743506860.993148
1743506861.025216
1743506861.056887
1743506861.089315
1743506861.121623
1743506861.153586
1743506861.184746
1743506861.200878
1743506861.217105
1743506861.249174
1743506861.280649
1743506861.313456
1743506861.344829
1743506861.377143
1743506861.408567
1743506861.441655
1743506861.473457
1743506861.505305
1743506861.536823
1743506861.569620
1743506861.601724
1743506861.633472
1743506861.664449
1743506861.680722
1743506861.697004
1743506861.729212
1743506861.760530
1743506861.793189
1743506861.825280
1743506861.857358
1743506861.888822
1743506861.921957
1743506861.969294
1743506862.001072
1743506862.032464
1743506862.048777
1743506862.081138
1743506862.113135
1743506862.144544
1743506862.177358
1743506862.209478
1743506862.241716
1743506862.289158
1743506862.321414
1743506862.353404
1743506862.385167
1743506862.416660
1743506862.432836
1743506862.465078
1743506862.496936
1743506862.528686
1743506862.544987
1743506862.577412
1743506862.609495
1743506862.640602
1743506862.673310
1743506862.705345
1743506862.737211
1743506862.768670
1743506862.801358
1743506862.833183
1743506862.865112
1743506862.896568
1743506862.913269
1743506862.945690
1743506862.977098
1743506863.008541
1743506863.041310
1743506863.073323
1743506863.105331
1743506863.136687
1743506863.169433
1743506863.201360
1743506863.233283
1743506863.264631
1743506863.280868
1743506863.312956
1743506863.344671
1743506863.376533
1743506863.409362
1743506863.441326
1743506863.473258
1743506863.504759
1743506863.537633
1743506863.585183
1743506863.617196
1743506863.648420
1743506863.664685
1743506863.696798
1743506863.713047
1743506863.744447
1743506863.760768
1743506863.793084
1743506863.825382
1743506863.856859
1743506863.889680
1743506863.921765
1743506863.953140
1743506863.984592
1743506864.016796
1743506864.048977
1743506864.080989
1743506864.112640
1743506864.129090
1743506864.161239
1743506864.193620
1743506864.241078
1743506864.273341
1743506864.305346
1743506864.337128
1743506864.368608
1743506864.401301
1743506864.433012
1743506864.465019
1743506864.496649
1743506864.513180
1743506864.560832
1743506864.592962
1743506864.624634
1743506864.657472
1743506864.689386
1743506864.721409
1743506864.752666
1743506864.785457
1743506864.817633
1743506864.849066
1743506864.896816
1743506864.913120
1743506864.944890
1743506864.977108
1743506865.008768
1743506865.041471
1743506865.073288
1743506865.105316
1743506865.136877
1743506865.169668
1743506865.216936
1743506865.248491
1743506865.280289
1743506865.296813
1743506865.329048
1743506865.361041
1743506865.392584
1743506865.425414
1743506865.457397
1743506865.489530
1743506865.537081
1743506865.569137
1743506865.601183
1743506865.633054
1743506865.664333
1743506865.680718
1743506865.712989
1743506865.729474
1743506865.760607
1743506865.793190
1743506865.825315
1743506865.873085
1743506865.904515
1743506865.937174
1743506865.969103
1743506866.001246
1743506866.032556
1743506866.048880
1743506866.080841
1743506866.096990
1743506866.128731
1743506866.145045
1743506866.192909
1743506866.225131
1743506866.256526
1743506866.289148
1743506866.321229
1743506866.353256
1743506866.384597
1743506866.416903
1743506866.449072
1743506866.480996
1743506866.512671
1743506866.544772
1743506866.576987
1743506866.609201
1743506866.640573
1743506866.673244
1743506866.705201
1743506866.737261
1743506866.768657
1743506866.801356
1743506866.848572
1743506866.880642
1743506866.912422
1743506866.928996
1743506866.960960
1743506866.993074
1743506867.024551
1743506867.057204
1743506867.089296
1743506867.121833
1743506867.169095
1743506867.201120
1743506867.232683
1743506867.264562
1743506867.296315
1743506867.313097
1743506867.345148
1743506867.377205
1743506867.408664
1743506867.441636
1743506867.489039
1743506867.521208
1743506867.552503
1743506867.585009
1743506867.617374
1743506867.649291
1743506867.680394
1743506867.696851
1743506867.713124
1743506867.744960
1743506867.776721
1743506867.825079
1743506867.856973
1743506867.889279
1743506867.920587
1743506867.953596
1743506867.985339
1743506868.017165
1743506868.048569
1743506868.080942
1743506868.113045
1743506868.145199
1743506868.176407
1743506868.209102
1743506868.241065
1743506868.273215
1743506868.304500
1743506868.337466
1743506868.369326
1743506868.401018
1743506868.432529
1743506868.464696
1743506868.496855
1743506868.528865
1743506868.560870
1743506868.592874
1743506868.625095
1743506868.657120
1743506868.689268
1743506868.721451
1743506868.752791
1743506868.801023
1743506868.832535
1743506868.864643
1743506868.896293
1743506868.912955
1743506868.944969
1743506868.977085
1743506869.008514
1743506869.024468
1743506869.040785
1743506869.073413
1743506869.121031
1743506869.153072
1743506869.185043
1743506869.217020
1743506869.248248
1743506869.264562
1743506869.296835
1743506869.328866
1743506869.360486
1743506869.376709
1743506869.409480
1743506869.441327
1743506869.472429
1743506869.505218
1743506869.537116
1743506869.569205
1743506869.600480
1743506869.616674
1743506869.648662
1743506869.680929
1743506869.712495
1743506869.728851
1743506869.776663
1743506869.808924
1743506869.840427
1743506869.873020
1743506869.905129
1743506869.937371
1743506869.968733
1743506870.001157
1743506870.033070
1743506870.065068
1743506870.096386
1743506870.112533
1743506870.144794
1743506870.176968
1743506870.208476
1743506870.241144
1743506870.272951
1743506870.305100
1743506870.336530
1743506870.352726
1743506870.385438
1743506870.417246
1743506870.448143
1743506870.464484
1743506870.496684
1743506870.528732
1743506870.560356
1743506870.576396
1743506870.609196
1743506870.641334
1743506870.672632
1743506870.705132
1743506870.752893
1743506870.784999
1743506870.816325
1743506870.832583
1743506870.864743
1743506870.896734
1743506870.913065
1743506870.944905
1743506870.977298
1743506871.009091
1743506871.040543
1743506871.073197
1743506871.104935
1743506871.137194
1743506871.168394
1743506871.200979
1743506871.232598
1743506871.264490
1743506871.296272
1743506871.312735
1743506871.344893
1743506871.392737
1743506871.424376
1743506871.456996
1743506871.489055
1743506871.521092
1743506871.552412
1743506871.585189
1743506871.617149
1743506871.648985
1743506871.680319
1743506871.696831
1743506871.729231
1743506871.760773
1743506871.792358
1743506871.824902
1743506871.856961
1743506871.889185
1743506871.920442
1743506871.953304
1743506871.985358
1743506872.017183
1743506872.048272
1743506872.080625
1743506872.112650
1743506872.144587
1743506872.176258
1743506872.192440
1743506872.225186
1743506872.257046
1743506872.288434
1743506872.321249
1743506872.368805
1743506872.400755
1743506872.432085
1743506872.448407
1743506872.480680
1743506872.512760
1743506872.544230
1743506872.560546
1743506872.576694
1743506872.609100
1743506872.640660
1743506872.673146
1743506872.705148
1743506872.736898
1743506872.768348
1743506872.800957
1743506872.832672
1743506872.864718
1743506872.896145
1743506872.912790
1743506872.944740
1743506872.977194
1743506873.024996
1743506873.057046
1743506873.089229
1743506873.120976
1743506873.152376
1743506873.185291
1743506873.216888
1743506873.248621
1743506873.280348
1743506873.296741
1743506873.344470
1743506873.376648
1743506873.408311
1743506873.440959
1743506873.472853
1743506873.504949
1743506873.536383
1743506873.569144
1743506873.600992
1743506873.632859
1743506873.680448
1743506873.712333
1743506873.728441
1743506873.744502
1743506873.760654
1743506873.792986
1743506873.824835
1743506873.857091
1743506873.888416
1743506873.921371
1743506873.953153
1743506874.001012
1743506874.032230
1743506874.064343
1743506874.096575
1743506874.128537
1743506874.160264
1743506874.176314
1743506874.209033
1743506874.241319
1743506874.272549
1743506874.320961
1743506874.352845
1743506874.384872
1743506874.416376
1743506874.432420
1743506874.464647
1743506874.496420
1743506874.512648
1743506874.544775
1743506874.576873
1743506874.608985
1743506874.656770
1743506874.688852
1743506874.720908
1743506874.752849
1743506874.784355
1743506874.816647
1743506874.848562
1743506874.880736
1743506874.912451
1743506874.928689
1743506874.976357
1743506875.008700
1743506875.040161
1743506875.056211
1743506875.088940
1743506875.121047
1743506875.152311
1743506875.184981
1743506875.217020
1743506875.248900
1743506875.296466
1743506875.328741
1743506875.360578
1743506875.392739
1743506875.424346
1743506875.456825
1743506875.488957
1743506875.521018
1743506875.552437
1743506875.585120
1743506875.632973
1743506875.664326
1743506875.696030
1743506875.712474
1743506875.744636
1743506875.776871
1743506875.808279
1743506875.841212
1743506875.872990
1743506875.905201
1743506875.952849
1743506875.984926
1743506876.016935
1743506876.048444
1743506876.080033
1743506876.096645
1743506876.128676
1743506876.160713
1743506876.192279
1743506876.224576
1743506876.272875
1743506876.304705
1743506876.336911
1743506876.368906
1743506876.400665
1743506876.432640
1743506876.464630
1743506876.496750
1743506876.528251
1743506876.544744
1743506876.576993
1743506876.609304
1743506876.640253
1743506876.672915
1743506876.704719
1743506876.736788
1743506876.768275
1743506876.800835
1743506876.832734
1743506876.864845
1743506876.896227
1743506876.929348
1743506876.960450
1743506876.992696
1743506877.024256
1743506877.056718
1743506877.088919
1743506877.120905
1743506877.152305
1743506877.185219
1743506877.216962
1743506877.249211
1743506877.279920
1743506877.296403
1743506877.312694
1743506877.344617
1743506877.376194
1743506877.408886
1743506877.440891
1743506877.472858
1743506877.504595
1743506877.537187
1743506877.584626
1743506877.616728
1743506877.647998
1743506877.664259
1743506877.680416
1743506877.712555
1743506877.744199
1743506877.776652
1743506877.808976
1743506877.840898
1743506877.872331
1743506877.905074
1743506877.936707
1743506877.968867
1743506878.000365
1743506878.032582
1743506878.064558
1743506878.096692
1743506878.128139
1743506878.144598
1743506878.176921
1743506878.224484
1743506878.256208
1743506878.288748
1743506878.320871
1743506878.352694
1743506878.384234
1743506878.400393
1743506878.432618
1743506878.464522
1743506878.496189
1743506878.512914
1743506878.560390
1743506878.592483
1743506878.624134
1743506878.656842
1743506878.688689
1743506878.720843
1743506878.752197
1743506878.784943
1743506878.816895
1743506878.848731
1743506878.880282
1743506878.912632
1743506878.944637
1743506878.976765
1743506879.008020
1743506879.040859
1743506879.072761
1743506879.104823
1743506879.136425
1743506879.168930
1743506879.200715
1743506879.232423
1743506879.263923
1743506879.280267
1743506879.312559
1743506879.344545
1743506879.376106
1743506879.408748
1743506879.440901
1743506879.472848
1743506879.504339
1743506879.537231
1743506879.568727
1743506879.600689
1743506879.631926
1743506879.648441
1743506879.680564
1743506879.712326
1743506879.728460
1743506879.760897
1743506879.792700
1743506879.824876
1743506879.856113
1743506879.888597
1743506879.920833
1743506879.952828
1743506879.984091
1743506880.000275
1743506880.016526
1743506880.048642
1743506880.080034
1743506880.096555
1743506880.128808
1743506880.176356
1743506880.208043
1743506880.240715
1743506880.272874
1743506880.304741
1743506880.336182
1743506880.368809
1743506880.400887
1743506880.432688
1743506880.464060
1743506880.480454
1743506880.512804
1743506880.544114
1743506880.576037
1743506880.608840
1743506880.640686
1743506880.672899
1743506880.704135
1743506880.736889
1743506880.768954
1743506880.800804
1743506880.832204
1743506880.864502
1743506880.896320
1743506880.912412
1743506880.943881
1743506880.960125
1743506880.976307
1743506881.008682
1743506881.040226
1743506881.072849
1743506881.104858
1743506881.152650
1743506881.183956
1743506881.200206
1743506881.232226
1743506881.248425
1743506881.280301
1743506881.296400
1743506881.312590
1743506881.328649
1743506881.359964
1743506881.392730
1743506881.424957
1743506881.456892
1743506881.488444
1743506881.521072
1743506881.552713
1743506881.584526
1743506881.616102
1743506881.648584
1743506881.680214
1743506881.696360
1743506881.728065
1743506881.744420
1743506881.776836
1743506881.809066
1743506881.839958
1743506881.872927
1743506881.904620
1743506881.936581
1743506881.968172
1743506882.000766
1743506882.032669
1743506882.064579
1743506882.096087
1743506882.128993
1743506882.160227
1743506882.192568
1743506882.224008
1743506882.256641
1743506882.288649
1743506882.320976
1743506882.352192
1743506882.384858
1743506882.416965
1743506882.464004
1743506882.495717
1743506882.512216
1743506882.544337
1743506882.576773
1743506882.608031
1743506882.640833
1743506882.672672
1743506882.704799
1743506882.736204
1743506882.784844
1743506882.816488
1743506882.848193
1743506882.879811
1743506882.896356
1743506882.928504
1743506882.960445
1743506882.992054
1743506883.008370
1743506883.040929
1743506883.073052
1743506883.104116
1743506883.120585
1743506883.152638
1743506883.184676
1743506883.215990
1743506883.248084
1743506883.264205
1743506883.296384
1743506883.328040
1743506883.344345
1743506883.360471
1743506883.392753
1743506883.440403
1743506883.472743
1743506883.504698
1743506883.536495
1743506883.568051
1743506883.600959
1743506883.632831
1743506883.664609
1743506883.695963
1743506883.712425
1743506883.760081
1743506883.792478
1743506883.824026
1743506883.856064
1743506883.888644
1743506883.921121
1743506883.953041
1743506883.984655
1743506884.017023
1743506884.048532
1743506884.080624
1743506884.111945
1743506884.128489
1743506884.159934
1743506884.191381
1743506884.208373
1743506884.240098
1743506884.272805
1743506884.304713
1743506884.336697
1743506884.368295
1743506884.416466
1743506884.448024
1743506884.480197
1743506884.511853
1743506884.528241
1743506884.560487
1743506884.592923
1743506884.624119
1743506884.656909
1743506884.688820
1743506884.736650
1743506884.767825
1743506884.800375
1743506884.832200
1743506884.864094
1743506884.895991
1743506884.912829
1743506884.944508
1743506884.976624
1743506885.008254
1743506885.056509
1743506885.088436
1743506885.120578
1743506885.151861
1743506885.184827
1743506885.216565
1743506885.248191
1743506885.279832
1743506885.296317
1743506885.328596
1743506885.360528
1743506885.392032
1743506885.424511
1743506885.456533
1743506885.488463
1743506885.520066
1743506885.552707
1743506885.584427
1743506885.616863
1743506885.647944
1743506885.664325
1743506885.712097
1743506885.744164
1743506885.775871
1743506885.808525
1743506885.840473
1743506885.872562
1743506885.903947
1743506885.936609
1743506885.968630
1743506886.000785
1743506886.032104
1743506886.064235
1743506886.096222
1743506886.128430
1743506886.159797
1743506886.192497
1743506886.224614
1743506886.256618
1743506886.288079
1743506886.321040
1743506886.368199
1743506886.400425
1743506886.431964
1743506886.464358
1743506886.496190
1743506886.528238
1743506886.559792
1743506886.575942
1743506886.592224
1743506886.624685
1743506886.656361
1743506886.688857
1743506886.720584
1743506886.752628
1743506886.783918
1743506886.800082
1743506886.832378
1743506886.864317
1743506886.895771
1743506886.912360
1743506886.944518
1743506886.976793
1743506887.008255
1743506887.040453
1743506887.072384
1743506887.104524
1743506887.135897
1743506887.168399
1743506887.200524
1743506887.232334
1743506887.263886
1743506887.280205
1743506887.296362
1743506887.312491
1743506887.343976
1743506887.376361
1743506887.408574
1743506887.440674
1743506887.471953
1743506887.504569
1743506887.536572
1743506887.568455
1743506887.600068
1743506887.632391
1743506887.664846
1743506887.695936
1743506887.712083
1743506887.744380
1743506887.776407
1743506887.808514
1743506887.839907
1743506887.872826
1743506887.904618
1743506887.936902
1743506887.984461
1743506888.016485
1743506888.048421
1743506888.080118
1743506888.111757
1743506888.128056
1743506888.160462
1743506888.192380
1743506888.224025
1743506888.256574
1743506888.288654
1743506888.320826
1743506888.351893
1743506888.384703
1743506888.416793
1743506888.448190
1743506888.479684
1743506888.496105
1743506888.512226
1743506888.544653
1743506888.575894
1743506888.608645
1743506888.640865
1743506888.672423
1743506888.703799
1743506888.736545
1743506888.768403
1743506888.800520
1743506888.831913
1743506888.848007
1743506888.880359
1743506888.912599
1743506888.960096
1743506888.992293
1743506889.024286
1743506889.056694
1743506889.087866
1743506889.120667
1743506889.152573
1743506889.184686
1743506889.215956
1743506889.232226
1743506889.264305
1743506889.296893
1743506889.327558
1743506889.343937
1743506889.360224
1743506889.392278
1743506889.423944
1743506889.456479
1743506889.488504
1743506889.520814
1743506889.551998
1743506889.584527
1743506889.616517
1743506889.648040
1743506889.679553
1743506889.696142
1743506889.728259
1743506889.760335
1743506889.791834
1743506889.824530
1743506889.856743
1743506889.888757
1743506889.936295
1743506889.968343
1743506890.000419
1743506890.032252
1743506890.063547
1743506890.079821
1743506890.096074
1743506890.112179
1743506890.143883
1743506890.176465
1743506890.208549
1743506890.240681
1743506890.271907
1743506890.304324
1743506890.336505
1743506890.368268
1743506890.399835
1743506890.432127
1743506890.464150
1743506890.496116
1743506890.527772
1743506890.544142
1743506890.560318
1743506890.592837
1743506890.623805
1743506890.656338
1743506890.688418
1743506890.720229
1743506890.751916
1743506890.784517
1743506890.816452
1743506890.848450
1743506890.879814
1743506890.912659
1743506890.944056
1743506890.976157
1743506891.007963
1743506891.040653
1743506891.072490
1743506891.104463
1743506891.135961
1743506891.151822
1743506891.168199
1743506891.200753
1743506891.248361
1743506891.280063
1743506891.311859
1743506891.327941
1743506891.359729
1743506891.392314
1743506891.424269
1743506891.456512
1743506891.487827
1743506891.520162
1743506891.568196
1743506891.600238
1743506891.631916
1743506891.664267
1743506891.695967
1743506891.711970
1743506891.744217
1743506891.776347
1743506891.807943
1743506891.840572
1743506891.888091
1743506891.920361
1743506891.951763
1743506891.984562
1743506892.016377
1743506892.047905
1743506892.079600
1743506892.096117
1743506892.128273
1743506892.160122
1743506892.191972
1743506892.224692
1743506892.256250
1743506892.288438
1743506892.319722
1743506892.352707
1743506892.384425
1743506892.416477
1743506892.447695
1743506892.464047
1743506892.496267
1743506892.543806
1743506892.575596
1743506892.608197
1743506892.640571
1743506892.672336
1743506892.703756
1743506892.736430
1743506892.768514
1743506892.800793
1743506892.831992
1743506892.864494
1743506892.895956
1743506892.912081
1743506892.943823
1743506892.976285
1743506893.008444
1743506893.040726
1743506893.072193
1743506893.104680
1743506893.136449
1743506893.168521
1743506893.199759
1743506893.231951
1743506893.263736
1743506893.296076
1743506893.327915
1743506893.360281
1743506893.392119
1743506893.424369
1743506893.455835
1743506893.488476
1743506893.520553
1743506893.552255
1743506893.583817
1743506893.616346
1743506893.647861
1743506893.663874
1743506893.695520
1743506893.711975
1743506893.744315
1743506893.776665
1743506893.807890
1743506893.840569
1743506893.872301
1743506893.904209
1743506893.935759
1743506893.968529
1743506894.000216
1743506894.032222
1743506894.063513
1743506894.079995
1743506894.112056
1743506894.128379
1743506894.176108
1743506894.208136
1743506894.240555
1743506894.272377
1743506894.303724
1743506894.336002
1743506894.368258
1743506894.400928
1743506894.431831
1743506894.447966
1743506894.495703
1743506894.527989
1743506894.559484
1743506894.575600
1743506894.608249
1743506894.640417
1743506894.671745
1743506894.704318
1743506894.736532
1743506894.768703
1743506894.816202
1743506894.848136
1743506894.879750
1743506894.895908
1743506894.927448
1743506894.943977
1743506894.976268
1743506895.008285
1743506895.040016
1743506895.072459
1743506895.104445
1743506895.152113
1743506895.183664
1743506895.215997
1743506895.247952
1743506895.280081
1743506895.311529
1743506895.327946
1743506895.360139
1743506895.392344
1743506895.423843
1743506895.472095
1743506895.504483
1743506895.536300
1743506895.567627
1743506895.600170
1743506895.631998
1743506895.664237
1743506895.695569
1743506895.711986
1743506895.744110
1743506895.792125
1743506895.823545
1743506895.856094
1743506895.888133
1743506895.920318
1743506895.951791
1743506895.984247
1743506896.016294
1743506896.048380
1743506896.079584
1743506896.096031
1743506896.128658
1743506896.159950
1743506896.191499
1743506896.224323
1743506896.256089
1743506896.288555
1743506896.319959
1743506896.352348
1743506896.384422
1743506896.416514
1743506896.447675
1743506896.479830
1743506896.512005
1743506896.543734
1743506896.575478
1743506896.608132
1743506896.640616
1743506896.672558
1743506896.703900
1743506896.736688
1743506896.768619
1743506896.800009
1743506896.831409
1743506896.847651
1743506896.879769
1743506896.912175
1743506896.943588
1743506896.976153
1743506897.008018
1743506897.040370
1743506897.071869
1743506897.104506
1743506897.136062
1743506897.168153
1743506897.199560
1743506897.231970
1743506897.264094
1743506897.295974
1743506897.327613
1743506897.343920
1743506897.376564
1743506897.423977
1743506897.455613
1743506897.488372
1743506897.520283
1743506897.552183
1743506897.583613
1743506897.616266
1743506897.647915
1743506897.680055
1743506897.711652
1743506897.744396
1743506897.776076
1743506897.807871
1743506897.839729
1743506897.872147
1743506897.904101
1743506897.936170
1743506897.967879
1743506898.000476
1743506898.032696
1743506898.079919
1743506898.111287
1743506898.127943
1743506898.159804
1743506898.191950
1743506898.223584
1743506898.256406
1743506898.288199
1743506898.320492
1743506898.351749
1743506898.400159
1743506898.432286
1743506898.463823
1743506898.495313
1743506898.511844
1743506898.544087
1743506898.576224
1743506898.607588
1743506898.640345
1743506898.672557
1743506898.719991
1743506898.751429
1743506898.784178
1743506898.816153
1743506898.847950
1743506898.879366
1743506898.895862
1743506898.911889
1743506898.943902
1743506898.975833
1743506899.008269
1743506899.055969
1743506899.088058
1743506899.119575
1743506899.152201
1743506899.184153
1743506899.216220
1743506899.247351
1743506899.263708
1743506899.279892
1743506899.295974
1743506899.327637
1743506899.344002
1743506899.376804
1743506899.408121
1743506899.440209
1743506899.472107
1743506899.504077
1743506899.536046
1743506899.568221
1743506899.600290
1743506899.631891
1743506899.664179
1743506899.696200
1743506899.727851
1743506899.759355
1743506899.791999
1743506899.824171
1743506899.856243
1743506899.887744
1743506899.920759
1743506899.952281
1743506899.984848
1743506900.032194
1743506900.063715
1743506900.095645
1743506900.111694
1743506900.143440
1743506900.159881
1743506900.191976
1743506900.224386
1743506900.255791
1743506900.288499
1743506900.320511
1743506900.352327
1743506900.383572
1743506900.416015
1743506900.447539
1743506900.479700
1743506900.511334
1743506900.527670
1743506900.560120
1743506900.592089
1743506900.623922
1743506900.672100
1743506900.704039
1743506900.736050
1743506900.767552
1743506900.800007
1743506900.831680
1743506900.863685
1743506900.895549
1743506900.911877
1743506900.944134
1743506900.976178
1743506901.007932
1743506901.039983
1743506901.072026
1743506901.103959
1743506901.135957
1743506901.168109
1743506901.200064
1743506901.215646
1743506901.247384
1743506901.263739
1743506901.279912
1743506901.296039
1743506901.327582
1743506901.360054
1743506901.391973
1743506901.424106
1743506901.455456
1743506901.488276
1743506901.520330
1743506901.552159
1743506901.583604
1743506901.616394
1743506901.648069
1743506901.680027
1743506901.711286
1743506901.727734
1743506901.759720
1743506901.791928
1743506901.823512
1743506901.856166
1743506901.888382
1743506901.920375
1743506901.951609
1743506901.984377
1743506902.015649
1743506902.047234
1743506902.079089
1743506902.095720
1743506902.111894
1743506902.144051
1743506902.175465
1743506902.208166
1743506902.240311
1743506902.272460
1743506902.303418
1743506902.336038
1743506902.367848
1743506902.399963
1743506902.431210
1743506902.447642
1743506902.479750
1743506902.511799
1743506902.543511
1743506902.559839
1743506902.592102
1743506902.624285
1743506902.655357
1743506902.687967
1743506902.720087
1743506902.752160
1743506902.783617
1743506902.816170
1743506902.847875
1743506902.879770
1743506902.911926
1743506902.959672
1743506902.991814
1743506903.024006
1743506903.055711
1743506903.088085
1743506903.120290
1743506903.152409
1743506903.183643
1743506903.216336
1743506903.248038
1743506903.280214
1743506903.311264
1743506903.327733
1743506903.343741
1743506903.359584
1743506903.375606
1743506903.391459
1743506903.407634
1743506903.423570
1743506903.439616
1743506903.455687
1743506903.471779
1743506903.487715
1743506903.503764
1743506903.519801
1743506903.535801
1743506903.551771
1743506903.567757
1743506903.600425
1743506903.631478
1743506903.647501
1743506903.663504
1743506903.679690
1743506903.695711
1743506903.711638
1743506903.727700
1743506903.743674
1743506903.759702
1743506903.775571
1743506903.791605
1743506903.807694
1743506903.823708
1743506903.839690
1743506903.855753
1743506903.871840
1743506903.887794
1743506903.903779
1743506903.935561
1743506903.967891
1743506903.983304
1743506903.999443
1743506904.015474
1743506904.031556
1743506904.047629
1743506904.063704
1743506904.079656
1743506904.095734
1743506904.111673
1743506904.127616
1743506904.143574
1743506904.159841
1743506904.175777
1743506904.191665
1743506904.207811
1743506904.223729
1743506904.256392
1743506904.288107
1743506904.319527
1743506904.335249
1743506904.351534
1743506904.367761
1743506904.383563
1743506904.399715
1743506904.415741
1743506904.431648
1743506904.447636
1743506904.463630
1743506904.479826
1743506904.495975
1743506904.511912
1743506904.527800
1743506904.543736
1743506904.576293
1743506904.607785
1743506904.639951
1743506904.671937
1743506904.703871
1743506904.735788
1743506904.751282
1743506904.767569
1743506904.783647
1743506904.799667
1743506904.815675
1743506904.831663
1743506904.847912
1743506904.863736
1743506904.879782
1743506904.912277
1743506904.943630
1743506904.959422
1743506904.975810
1743506904.991579
1743506905.007502
1743506905.023582
1743506905.039579
1743506905.055782
1743506905.071636
1743506905.087546
1743506905.103660
1743506905.119645
1743506905.135644
1743506905.151720
1743506905.167763
1743506905.183758
1743506905.199796
1743506905.231750
1743506905.247365
1743506905.263410
1743506905.279805
1743506905.295532
1743506905.311821
1743506905.327692
1743506905.343681
1743506905.359596
1743506905.375776
1743506905.391530
1743506905.407472
1743506905.423570
1743506905.439739
1743506905.455681
1743506905.471685
1743506905.487778
1743506905.503758
1743506905.519840
1743506905.552413
1743506905.584348
1743506905.615926
1743506905.647483
1743506905.663670
1743506905.679675
1743506905.695948
1743506905.711785
1743506905.727707
1743506905.743632
1743506905.759664
1743506905.775564
1743506905.791675
1743506905.807636
1743506905.823670
1743506905.839780
1743506905.855787
1743506905.888517
1743506905.920305
1743506905.951238
1743506905.967126
1743506905.983484
1743506905.999605
1743506906.015527
1743506906.031666
1743506906.047612
1743506906.063573
1743506906.079641
1743506906.095833
1743506906.112055
1743506906.127807
1743506906.143798
1743506906.159914
1743506906.175802
1743506906.208038
1743506906.239204
1743506906.255129
1743506906.271481
1743506906.287459
1743506906.303461
1743506906.319550
1743506906.335487
1743506906.351487
1743506906.367546
1743506906.383521
1743506906.399619
1743506906.415466
1743506906.431634
1743506906.447683
1743506906.463657
1743506906.479672
1743506906.495823
1743506906.528096
1743506906.559602
1743506906.575170
1743506906.591490
1743506906.607411
1743506906.623581
1743506906.639466
1743506906.655601
1743506906.671539
1743506906.687535
1743506906.703514
1743506906.719673
1743506906.735681
1743506906.751515
1743506906.767632
1743506906.783658
1743506906.799612
1743506906.815672
1743506906.831730
1743506906.863390
1743506906.879404
1743506906.895484
1743506906.911731
1743506906.927516
1743506906.943536
1743506906.959584
1743506906.975387
1743506906.991507
1743506907.007426
1743506907.023561
1743506907.039522
1743506907.055602
1743506907.071608
1743506907.087618
1743506907.103573
1743506907.119692
1743506907.135689
1743506907.151644
1743506907.184080
1743506907.215190
1743506907.231340
1743506907.247430
1743506907.263397
1743506907.279428
1743506907.295562
1743506907.311762
1743506907.327515
1743506907.343605
1743506907.359680
1743506907.375689
1743506907.391487
1743506907.407474
1743506907.423745
1743506907.439587
1743506907.455714
1743506907.471743
1743506907.504068
1743506907.536032
1743506907.567751
1743506907.599220
1743506907.615415
1743506907.631493
1743506907.647450
1743506907.663537
1743506907.679710
1743506907.695611
1743506907.711619
1743506907.727634
1743506907.743562
1743506907.759801
1743506907.775651
1743506907.791644
1743506907.807631
1743506907.840525
1743506907.871876
1743506907.903228
1743506907.919130
1743506907.935411
1743506907.951365
1743506907.967426
1743506907.983449
1743506907.999551
1743506908.015436
1743506908.031554
1743506908.047672
1743506908.063654
1743506908.079730
1743506908.095859
1743506908.111905
1743506908.127807
1743506908.160123
1743506908.191193
1743506908.207078
1743506908.223324
1743506908.239430
1743506908.255500
1743506908.271463
1743506908.287564
1743506908.303543
1743506908.319507
1743506908.335545
1743506908.351587
1743506908.367550
1743506908.383621
1743506908.399626
1743506908.415794
1743506908.431653
1743506908.447635
1743506908.479950
1743506908.511344
1743506908.527312
1743506908.543598
1743506908.559575
1743506908.575555
1743506908.591462
1743506908.607342
1743506908.623495
1743506908.639498
1743506908.655496
1743506908.671552
1743506908.687526
1743506908.703483
1743506908.719554
1743506908.735656
1743506908.751616
1743506908.767648
1743506908.783643
1743506908.815370
1743506908.831267
1743506908.847360
1743506908.863312
1743506908.879508
1743506908.895452
1743506908.911456
1743506908.927643
1743506908.943576
1743506908.959471
1743506908.975528
1743506908.991497
1743506909.007509
1743506909.023610
1743506909.039638
1743506909.055679
1743506909.071636
1743506909.087581
1743506909.103527
1743506909.136281
1743506909.167645
1743506909.183120
1743506909.199388
1743506909.215256
1743506909.231334
1743506909.247435
1743506909.263443
1743506909.279399
1743506909.295544
1743506909.311516
1743506909.327520
1743506909.343552
1743506909.359610
1743506909.375653
1743506909.391655
1743506909.407562
1743506909.423526
1743506909.456067
1743506909.487806
1743506909.519802
1743506909.551270
1743506909.567097
1743506909.583292
1743506909.599337
1743506909.615488
1743506909.631421
1743506909.647411
1743506909.663515
1743506909.679530
1743506909.695575
1743506909.711705
1743506909.727578
1743506909.743643
1743506909.759676
1743506909.791926
1743506909.823622
1743506909.855233
1743506909.871070
1743506909.887307
1743506909.903385
1743506909.919399
1743506909.935460
1743506909.951379
1743506909.967493
1743506909.983376
1743506909.999422
1743506910.015535
1743506910.031565
1743506910.047496
1743506910.063570
1743506910.079888
1743506910.111959
1743506910.143331
1743506910.159242
1743506910.175439
1743506910.191360
1743506910.207242
1743506910.223361
1743506910.239402
1743506910.255388
1743506910.271478
1743506910.287487
1743506910.303524
1743506910.319475
1743506910.335510
1743506910.351594
1743506910.367543
1743506910.383552
1743506910.399530
1743506910.431763
1743506910.462969
1743506910.479232
1743506910.495409
1743506910.511485
1743506910.527403
1743506910.543489
1743506910.559357
1743506910.575364
1743506910.591432
1743506910.607322
1743506910.623400
1743506910.639496
1743506910.655531
1743506910.671593
1743506910.687564
1743506910.703568
1743506910.719555
1743506910.735544
1743506910.768139
1743506910.799704
1743506910.830938
1743506910.847278
1743506910.863335
1743506910.879251
1743506910.895534
1743506910.911616
1743506910.927556
1743506910.943436
1743506910.959510
1743506910.975592
1743506910.991491
1743506911.007487
1743506911.023543
1743506911.039649
1743506911.055643
1743506911.088092
1743506911.119131
1743506911.134942
1743506911.151321
1743506911.167220
1743506911.183216
1743506911.199297
1743506911.215271
1743506911.231384
1743506911.247547
1743506911.263542
1743506911.279590
1743506911.295633
1743506911.311947
1743506911.327591
1743506911.343532
1743506911.359369
1743506911.375484
1743506911.408366
1743506911.439648
1743506911.471860
1743506911.503666
1743506911.535804
1743506911.567766
1743506911.599680
1743506911.615359
1743506911.631454
1743506911.647440
1743506911.663506
1743506911.679656
1743506911.695591
1743506911.711654
1743506911.743881
1743506911.775068
1743506911.790945
1743506911.807158
1743506911.823225
1743506911.839268
1743506911.855410
1743506911.871343
1743506911.887267
1743506911.903396
1743506911.919428
1743506911.935214
1743506911.951172
1743506911.967345
1743506911.983482
1743506911.999461
1743506912.015566
1743506912.031538
1743506912.063703
1743506912.079365
1743506912.095506
1743506912.111391
1743506912.127543
1743506912.143510
1743506912.159426
1743506912.175522
1743506912.191582
1743506912.207370
1743506912.223446
1743506912.239425
1743506912.255490
1743506912.271142
1743506912.287454
1743506912.303547
1743506912.319591
1743506912.335568
1743506912.351647
1743506912.383398
1743506912.399231
1743506912.415380
1743506912.431310
1743506912.447279
1743506912.463417
1743506912.479521
1743506912.495542
1743506912.511553
1743506912.527559
1743506912.543772
1743506912.559465
1743506912.575554
1743506912.591497
1743506912.607317
1743506912.623332
1743506912.639515
1743506912.655564
1743506912.671578
1743506912.687594
1743506912.719346
1743506912.734994
1743506912.751359
1743506912.767344
1743506912.783385
1743506912.799355
1743506912.815437
1743506912.831407
1743506912.847331
1743506912.863471
1743506912.879374
1743506912.895561
1743506912.911292
1743506912.927676
1743506912.943575
1743506912.959564
1743506912.975611
1743506912.991603
1743506913.007448
1743506913.040195
1743506913.071140
1743506913.087086
1743506913.103359
1743506913.119310
1743506913.135440
1743506913.151406
1743506913.167495
1743506913.183506
1743506913.199407
1743506913.215542
1743506913.231466
