1743506376.999866
1743506377.079859
1743506377.111353
1743506377.144427
1743506377.192354
1743506377.224249
1743506377.255788
1743506377.272924
1743506377.303887
1743506377.336057
1743506377.368138
1743506377.403714
1743506377.431081
1743506377.464191
1743506377.511664
1743506377.528278
1743506377.560077
1743506377.591249
1743506377.611047
1743506377.639468
1743506377.672739
1743506377.704720
1743506377.736939
1743506377.768475
1743506377.801091
1743506377.832613
1743506377.864818
1743506377.896591
1743506377.929491
1743506377.961052
1743506377.993673
1743506378.026105
1743506378.058354
1743506378.088823
1743506378.121307
1743506378.169882
1743506378.201790
1743506378.233835
1743506378.264437
1743506378.297729
1743506378.329199
1743506378.361371
1743506378.391989
1743506378.424039
1743506378.440021
1743506378.456592
1743506378.488199
1743506378.520173
1743506378.535796
1743506378.552044
1743506378.568087
1743506378.584059
1743506378.615366
1743506378.647585
1743506378.680165
1743506378.711667
1743506378.728126
1743506378.744115
1743506378.760271
1743506378.776175
1743506378.808343
1743506378.840173
1743506378.856011
1743506378.871965
1743506378.888150
1743506378.904042
1743506378.920098
1743506378.936262
1743506378.952057
1743506378.967488
1743506378.983299
1743506379.000218
1743506379.016221
1743506379.032201
1743506379.063338
1743506379.079427
1743506379.094975
1743506379.111110
1743506379.144417
1743506379.175764
1743506379.191679
1743506379.207769
1743506379.223911
1743506379.239886
1743506379.256087
1743506379.271940
1743506379.287900
1743506379.304023
1743506379.319911
1743506379.335988
1743506379.351909
1743506379.368039
1743506379.384051
1743506379.400103
1743506379.416132
1743506379.432177
1743506379.464752
1743506379.496030
1743506379.511872
1743506379.527984
1743506379.543842
1743506379.559725
1743506379.575678
1743506379.591887
1743506379.608073
1743506379.623950
1743506379.639933
1743506379.655972
1743506379.671876
1743506379.688036
1743506379.704018
1743506379.720093
1743506379.736024
1743506379.752112
1743506379.784664
1743506379.815590
1743506379.831798
1743506379.847960
1743506379.863788
1743506379.879835
1743506379.895990
1743506379.911941
1743506379.927924
1743506379.943963
1743506379.960056
1743506379.976140
1743506379.991872
1743506380.007968
1743506380.024080
1743506380.040075
1743506380.056020
1743506380.072175
1743506380.088043
1743506380.120526
1743506380.152246
1743506380.183601
1743506380.199739
1743506380.215847
1743506380.231954
1743506380.247857
1743506380.263781
1743506380.279952
1743506380.296035
1743506380.311966
1743506380.328035
1743506380.344104
1743506380.360079
1743506380.376197
1743506380.392021
1743506380.407950
1743506380.440651
1743506380.471610
1743506380.487480
1743506380.503710
1743506380.519711
1743506380.535867
1743506380.551796
1743506380.567711
1743506380.583835
1743506380.599855
1743506380.615870
1743506380.631873
1743506380.647812
1743506380.663936
1743506380.679999
1743506380.696060
1743506380.712221
1743506380.728106
1743506380.760527
1743506380.792259
1743506380.824236
1743506380.855950
1743506380.871701
1743506380.887701
1743506380.903804
1743506380.919774
1743506380.935767
1743506380.951871
1743506380.967925
1743506380.983985
1743506380.999995
1743506381.016018
1743506381.031995
1743506381.047958
1743506381.064129
1743506381.096154
1743506381.111679
1743506381.127896
1743506381.143928
1743506381.159934
1743506381.175748
1743506381.192029
1743506381.207769
1743506381.223901
1743506381.239902
1743506381.255908
1743506381.271908
1743506381.287815
1743506381.303912
1743506381.319899
1743506381.335967
1743506381.351994
1743506381.367975
1743506381.383991
1743506381.416267
1743506381.431733
1743506381.447603
1743506381.463722
1743506381.479793
1743506381.495871
1743506381.511929
1743506381.527838
1743506381.543930
1743506381.559950
1743506381.575740
1743506381.591747
1743506381.607769
1743506381.623918
1743506381.639984
1743506381.655976
1743506381.672012
1743506381.687985
1743506381.704002
1743506381.735705
1743506381.751351
1743506381.767657
1743506381.783577
1743506381.799774
1743506381.815710
1743506381.831840
1743506381.847733
1743506381.863744
1743506381.879851
1743506381.896011
1743506381.911852
1743506381.927859
1743506381.943896
1743506381.959987
1743506381.975914
1743506381.992051
1743506382.007994
1743506382.024090
1743506382.040042
1743506382.071865
1743506382.087695
1743506382.103863
1743506382.119599
1743506382.135677
1743506382.151689
1743506382.167675
1743506382.183769
1743506382.199937
1743506382.215928
1743506382.231942
1743506382.247756
1743506382.263877
1743506382.279951
1743506382.295949
1743506382.311976
1743506382.327956
1743506382.344073
1743506382.360093
1743506382.392211
1743506382.423746
1743506382.439832
1743506382.455679
1743506382.471717
1743506382.487708
1743506382.503797
1743506382.519677
1743506382.535893
1743506382.551865
1743506382.568020
1743506382.583965
1743506382.599775
1743506382.615872
1743506382.631846
1743506382.648024
1743506382.664016
1743506382.680025
1743506382.712351
1743506382.743793
1743506382.759538
1743506382.775839
1743506382.791729
1743506382.807647
1743506382.823762
1743506382.839842
1743506382.855908
1743506382.871785
1743506382.887826
1743506382.903909
1743506382.935916
1743506382.951609
1743506382.967873
1743506382.983914
1743506382.999883
1743506383.016063
1743506383.048253
1743506383.079639
1743506383.095914
1743506383.111701
1743506383.127850
1743506383.143838
1743506383.159973
1743506383.175859
1743506383.191856
1743506383.224176
1743506383.256236
1743506383.287744
1743506383.303845
1743506383.319858
1743506383.335894
1743506383.367751
1743506383.383396
1743506383.399635
1743506383.415819
1743506383.431853
1743506383.447721
1743506383.463716
1743506383.479692
1743506383.495827
1743506383.511943
1743506383.527890
1743506383.543812
1743506383.559991
1743506383.575747
1743506383.591822
1743506383.607831
1743506383.623775
1743506383.639880
1743506383.655831
1743506383.688725
1743506383.719494
1743506383.735281
1743506383.751614
1743506383.767610
1743506383.783727
1743506383.800297
1743506383.831845
1743506383.847667
1743506383.863749
1743506383.879867
1743506383.896063
1743506383.911907
1743506383.927868
1743506383.944069
1743506383.960063
1743506383.976041
1743506383.991937
1743506384.024264
1743506384.056047
1743506384.087931
1743506384.119506
1743506384.135337
1743506384.151838
1743506384.167596
1743506384.183728
1743506384.199804
1743506384.215827
1743506384.231817
1743506384.247799
1743506384.263878
1743506384.279858
1743506384.295942
1743506384.311947
1743506384.344308
1743506384.375967
1743506384.407975
1743506384.439945
1743506384.455369
1743506384.471662
1743506384.487820
1743506384.503701
1743506384.519801
1743506384.535786
1743506384.551665
1743506384.567829
1743506384.583843
1743506384.599839
1743506384.615794
1743506384.631928
1743506384.664307
1743506384.695622
1743506384.711617
1743506384.727835
1743506384.743743
1743506384.759812
1743506384.775678
1743506384.791689
1743506384.807669
1743506384.823735
1743506384.839718
1743506384.855651
1743506384.871681
1743506384.887807
1743506384.903812
1743506384.919846
1743506384.935905
1743506384.951880
1743506384.967893
1743506384.999810
1743506385.015649
1743506385.031665
1743506385.047596
1743506385.063616
1743506385.079838
1743506385.095813
1743506385.111819
1743506385.127669
1743506385.143844
1743506385.159812
1743506385.175648
1743506385.191720
1743506385.207591
1743506385.223852
1743506385.239839
1743506385.255867
1743506385.271904
1743506385.287929
1743506385.320238
1743506385.351373
1743506385.367264
1743506385.383577
1743506385.399580
1743506385.415806
1743506385.431733
1743506385.447641
1743506385.463822
1743506385.479736
1743506385.495859
1743506385.511769
1743506385.527787
1743506385.543888
1743506385.559897
1743506385.576010
1743506385.591781
1743506385.607762
1743506385.640587
1743506385.671915
1743506385.704108
1743506385.735966
1743506385.751382
1743506385.767729
1743506385.783611
1743506385.799643
1743506385.815693
1743506385.831766
1743506385.847947
1743506385.863726
1743506385.879777
1743506385.895931
1743506385.911893
1743506385.927834
1743506385.943845
1743506385.976088
1743506386.007670
1743506386.023540
1743506386.039654
1743506386.055911
1743506386.071646
1743506386.087744
1743506386.103652
1743506386.119653
1743506386.135651
1743506386.151673
1743506386.167662
1743506386.183668
1743506386.199971
1743506386.215727
1743506386.231919
1743506386.247837
1743506386.263785
1743506386.295900
1743506386.311566
1743506386.327752
1743506386.343654
1743506386.359709
1743506386.375617
1743506386.391633
1743506386.407488
1743506386.423693
1743506386.439730
1743506386.455679
1743506386.471647
1743506386.487608
1743506386.503813
1743506386.519758
1743506386.535729
1743506386.551763
1743506386.567793
1743506386.583798
1743506386.616298
1743506386.647094
1743506386.663437
1743506386.679586
1743506386.695654
1743506386.711757
1743506386.727681
1743506386.743720
1743506386.759732
1743506386.775649
1743506386.791702
1743506386.807564
1743506386.823762
1743506386.839810
1743506386.855849
1743506386.871826
1743506386.887865
1743506386.903791
1743506386.919884
1743506386.952470
1743506386.983980
1743506386.999609
1743506387.015618
1743506387.047702
1743506387.079599
1743506387.111499
1743506387.127636
1743506387.159800
1743506387.191838
1743506387.222728
1743506387.238654
1743506387.272165
1743506387.304334
1743506387.335530
1743506387.367901
1743506387.399941
1743506387.431817
1743506387.463596
1743506387.479699
1743506387.511718
1743506387.527990
1743506387.559807
1743506387.592226
1743506387.623960
1743506387.656010
1743506387.687428
1743506387.719992
1743506387.752034
1743506387.784051
1743506387.815709
1743506387.847462
1743506387.863924
1743506387.895931
1743506387.928144
1743506387.959745
1743506387.991665
1743506388.023862
1743506388.055981
1743506388.087983
1743506388.119470
1743506388.152181
1743506388.184153
1743506388.216360
1743506388.247693
1743506388.279583
1743506388.311428
1743506388.327620
1743506388.359397
1743506388.375328
1743506388.391719
1743506388.424167
1743506388.455555
1743506388.488300
1743506388.520210
1743506388.567936
1743506388.599280
1743506388.615438
1743506388.647588
1743506388.679637
1743506388.695880
1743506388.727833
1743506388.759753
1743506388.791986
1743506388.823597
1743506388.856139
1743506388.903805
1743506388.936030
1743506388.967294
1743506388.999855
1743506389.015593
1743506389.047547
1743506389.079165
1743506389.095627
1743506389.127834
1743506389.159935
1743506389.191514
1743506389.224024
1743506389.255886
1743506389.287980
1743506389.319239
1743506389.351892
1743506389.383979
1743506389.415913
1743506389.447197
1743506389.463636
1743506389.495998
1743506389.543541
1743506389.575125
1743506389.591087
1743506389.607379
1743506389.623486
1743506389.655416
1743506389.687941
1743506389.720089
1743506389.752247
1743506389.783470
1743506389.799729
1743506389.832005
1743506389.879499
1743506389.911103
1743506389.927405
1743506389.943609
1743506389.975913
1743506390.007611
1743506390.040209
1743506390.072263
1743506390.104016
1743506390.135628
1743506390.168245
1743506390.199957
1743506390.231678
1743506390.263061
1743506390.279331
1743506390.295520
1743506390.327683
1743506390.359182
1743506390.375264
1743506390.391541
1743506390.424005
1743506390.455497
1743506390.488112
1743506390.519848
1743506390.551819
1743506390.583193
1743506390.599367
1743506390.615461
1743506390.631452
1743506390.663128
1743506390.679378
1743506390.695610
1743506390.727606
1743506390.743673
1743506390.759855
1743506390.791830
1743506390.824166
1743506390.855385
1743506390.887823
1743506390.919961
1743506390.951912
1743506390.983289
1743506390.999469
1743506391.031748
1743506391.047449
1743506391.063568
1743506391.079641
1743506391.111692
1743506391.143728
1743506391.175463
1743506391.207772
1743506391.239972
1743506391.271947
1743506391.303245
1743506391.335986
1743506391.367910
1743506391.400307
1743506391.431684
1743506391.463754
1743506391.496070
1743506391.527416
1743506391.559136
1743506391.591672
1743506391.624045
1743506391.655778
1743506391.687342
1743506391.720315
1743506391.752146
1743506391.784335
1743506391.832019
1743506391.863457
1743506391.895536
1743506391.927531
1743506391.959339
1743506391.991671
1743506392.023937
1743506392.056083
1743506392.087749
1743506392.120060
1743506392.152091
1743506392.183835
1743506392.215460
1743506392.231409
1743506392.263806
1743506392.295588
1743506392.327144
1743506392.343566
1743506392.375975
1743506392.407821
1743506392.439853
1743506392.471807
1743506392.503862
1743506392.535807
1743506392.567404
1743506392.599775
1743506392.631459
1743506392.647586
1743506392.679301
1743506392.695599
1743506392.727943
1743506392.759711
1743506392.807434
1743506392.839981
1743506392.871894
1743506392.903707
1743506392.935283
1743506392.967877
1743506393.000118
1743506393.032099
1743506393.063202
1743506393.079563
1743506393.127204
1743506393.159741
1743506393.191231
1743506393.223971
1743506393.255852
1743506393.287895
1743506393.319314
1743506393.351932
1743506393.384220
1743506393.416285
1743506393.447303
1743506393.479342
1743506393.495359
1743506393.511361
1743506393.543070
1743506393.559272
1743506393.575449
1743506393.607739
1743506393.639371
1743506393.672052
1743506393.703942
1743506393.735960
1743506393.783626
1743506393.816291
1743506393.847254
1743506393.879277
1743506393.895500
1743506393.927114
1743506393.943358
1743506393.959383
1743506393.991296
1743506394.023981
1743506394.056194
1743506394.103713
1743506394.135081
1743506394.167711
1743506394.200047
1743506394.232198
1743506394.263054
1743506394.279354
1743506394.311458
1743506394.343668
1743506394.375240
1743506394.391272
1743506394.423877
1743506394.455674
1743506394.487201
1743506394.519756
1743506394.551721
1743506394.583842
1743506394.615227
1743506394.631407
1743506394.647675
1743506394.679830
1743506394.711192
1743506394.727623
1743506394.759774
1743506394.791359
1743506394.823686
1743506394.855654
1743506394.887852
1743506394.919923
1743506394.951194
1743506394.983966
1743506395.016188
1743506395.047760
1743506395.079138
1743506395.095382
1743506395.127589
1743506395.159633
1743506395.191279
1743506395.223274
1743506395.255990
1743506395.287864
1743506395.319860
1743506395.351608
1743506395.399808
1743506395.431897
1743506395.463664
1743506395.495715
1743506395.527025
1743506395.543361
1743506395.559536
1743506395.591541
1743506395.623373
1743506395.655962
1743506395.687931
1743506395.735829
1743506395.767009
1743506395.799910
1743506395.831473
1743506395.863463
1743506395.894986
1743506395.911458
1743506395.943601
1743506395.976021
1743506396.007548
1743506396.055733
1743506396.087611
1743506396.119777
1743506396.151125
1743506396.184141
1743506396.216206
1743506396.247542
1743506396.279149
1743506396.295512
1743506396.311654
1743506396.327564
1743506396.375491
1743506396.407749
1743506396.440033
1743506396.471698
1743506396.503158
1743506396.535753
1743506396.567832
1743506396.599781
1743506396.631140
1743506396.647463
1743506396.679615
1743506396.711855
1743506396.742875
1743506396.759131
1743506396.775386
1743506396.806407
1743506396.822944
1743506396.839702
1743506396.870947
1743506396.902272
1743506396.934195
1743506396.966522
1743506396.998423
1743506397.032312
1743506397.062834
1743506397.079227
1743506397.111301
1743506397.127313
1743506397.159025
1743506397.175333
1743506397.207767
1743506397.240204
1743506397.271468
1743506397.304093
1743506397.351591
1743506397.383658
1743506397.415040
1743506397.447565
1743506397.479411
1743506397.495507
1743506397.527019
1743506397.543444
1743506397.575558
1743506397.608044
1743506397.639429
1743506397.687757
1743506397.719614
1743506397.751653
1743506397.783043
1743506397.799385
1743506397.831484
1743506397.864008
1743506397.894957
1743506397.911507
1743506397.943786
1743506397.975753
1743506398.007348
1743506398.040066
1743506398.071694
1743506398.103744
1743506398.135054
1743506398.167874
1743506398.199865
1743506398.231755
1743506398.263147
1743506398.279447
1743506398.295664
1743506398.327769
1743506398.358917
1743506398.374922
1743506398.391345
1743506398.423845
1743506398.455171
1743506398.487707
1743506398.519705
1743506398.551848
1743506398.583156
1743506398.599335
1743506398.631545
1743506398.663708
1743506398.694774
1743506398.711201
1743506398.743431
1743506398.775498
1743506398.807079
1743506398.839991
1743506398.871715
1743506398.903820
1743506398.935241
1743506398.983484
1743506399.015423
1743506399.047081
1743506399.078842
1743506399.095255
1743506399.127541
1743506399.159619
1743506399.191265
1743506399.223788
1743506399.256090
1743506399.303358
1743506399.334911
1743506399.367795
1743506399.399708
1743506399.431331
1743506399.462922
1743506399.479236
1743506399.495549
1743506399.527560
1743506399.559110
1743506399.575222
1743506399.607845
1743506399.639963
1743506399.671084
1743506399.703681
1743506399.735714
1743506399.767720
1743506399.799055
1743506399.815154
1743506399.831426
1743506399.863525
1743506399.895000
1743506399.911457
1743506399.959180
1743506399.991283
1743506400.023153
1743506400.055651
1743506400.087731
1743506400.119800
1743506400.151043
1743506400.166935
1743506400.183308
1743506400.215976
1743506400.247152
1743506400.279873
1743506400.311309
1743506400.343350
1743506400.374894
1743506400.390876
1743506400.407150
1743506400.439829
1743506400.471375
1743506400.503711
1743506400.535739
1743506400.567978
1743506400.615552
1743506400.647122
1743506400.663011
1743506400.679016
1743506400.695161
1743506400.711479
1743506400.743278
1743506400.775553
1743506400.807020
1743506400.839836
1743506400.871739
1743506400.903863
1743506400.935173
1743506400.967711
1743506400.999526
1743506401.031396
1743506401.062816
1743506401.079210
1743506401.095299
1743506401.111275
1743506401.143082
1743506401.159187
1743506401.191903
1743506401.223694
1743506401.255150
1743506401.271141
1743506401.287238
1743506401.303314
1743506401.335115
1743506401.351237
1743506401.383593
1743506401.415639
1743506401.446836
1743506401.463287
1743506401.495327
1743506401.527322
1743506401.559039
1743506401.591720
1743506401.623415
1743506401.655486
1743506401.687025
1743506401.719575
1743506401.751610
1743506401.783642
1743506401.815073
1743506401.831354
1743506401.863468
1743506401.911012
1743506401.942740
1743506401.958914
1743506401.991534
1743506402.023422
1743506402.055134
1743506402.087663
1743506402.119761
1743506402.151988
1743506402.183278
1743506402.231553
1743506402.263041
1743506402.295283
1743506402.326727
1743506402.343218
1743506402.375323
1743506402.407749
1743506402.439116
1743506402.471767
1743506402.504119
1743506402.535679
1743506402.567232
1743506402.598853
1743506402.631316
1743506402.663361
1743506402.695209
1743506402.727163
1743506402.759363
1743506402.791388
1743506402.823587
1743506402.855725
1743506402.886932
1743506402.919538
1743506402.951495
1743506402.984039
1743506403.014883
1743506403.031283
1743506403.063409
1743506403.095326
1743506403.111244
1743506403.143532
1743506403.175625
1743506403.207639
1743506403.238867
1743506403.271744
1743506403.303389
1743506403.335709
1743506403.366903
1743506403.399556
1743506403.431469
1743506403.463387
1743506403.494931
1743506403.511333
1743506403.543772
1743506403.575455
1743506403.606793
1743506403.639600
1743506403.671417
1743506403.703299
1743506403.734922
1743506403.767749
1743506403.799709
1743506403.831680
1743506403.862867
1743506403.878923
1743506403.895106
1743506403.927214
1743506403.958696
1743506403.974969
1743506403.991182
1743506404.023676
1743506404.054952
1743506404.087643
1743506404.119680
1743506404.151884
1743506404.182898
1743506404.199006
1743506404.231147
1743506404.262936
1743506404.279213
1743506404.311308
1743506404.343064
1743506404.375490
1743506404.406934
1743506404.439628
1743506404.471660
1743506404.519397
1743506404.550775
1743506404.583489
1743506404.615551
1743506404.647063
1743506404.678679
1743506404.695139
1743506404.727416
1743506404.759318
1743506404.791139
1743506404.839356
1743506404.871489
1743506404.903590
1743506404.934969
1743506404.967846
1743506404.999453
1743506405.031231
1743506405.062754
1743506405.079134
1743506405.095306
1743506405.127426
1743506405.159122
1743506405.175105
1743506405.207330
1743506405.239742
1743506405.270877
1743506405.303637
1743506405.335477
1743506405.367523
1743506405.398942
1743506405.415153
1743506405.447597
1743506405.495203
1743506405.526567
1743506405.542938
1743506405.559168
1743506405.591302
1743506405.622871
1743506405.655556
1743506405.687560
1743506405.719682
1743506405.751062
1743506405.783942
1743506405.815743
1743506405.847380
1743506405.878602
1743506405.894963
1743506405.927370
1743506405.959435
1743506405.990879
1743506406.023376
1743506406.055765
1743506406.087902
1743506406.135377
1743506406.167423
1743506406.199247
1743506406.231167
1743506406.262602
1743506406.278983
1743506406.295145
1743506406.311135
1743506406.342929
1743506406.359001
1743506406.391436
1743506406.423581
1743506406.471275
1743506406.503268
1743506406.535557
1743506406.567468
1743506406.598756
1743506406.614969
1743506406.630979
1743506406.663230
1743506406.694846
1743506406.711095
1743506406.727266
1743506406.743236
1743506406.791060
1743506406.823471
1743506406.855592
1743506406.887275
1743506406.918735
1743506406.934709
1743506406.950960
1743506406.983493
1743506407.014902
1743506407.031150
1743506407.063185
1743506407.110851
1743506407.142877
1743506407.159296
1743506407.190945
1743506407.223383
1743506407.254823
1743506407.287474
1743506407.319818
1743506407.351393
1743506407.382954
1743506407.399098
1743506407.446975
1743506407.478850
1743506407.510835
1743506407.526948
1743506407.543021
1743506407.575240
1743506407.607179
1743506407.639277
1743506407.671470
1743506407.703541
1743506407.734963
1743506407.767588
1743506407.799269
1743506407.831006
1743506407.862584
1743506407.878837
1743506407.895090
1743506407.911065
1743506407.942777
1743506407.958876
1743506407.991553
1743506408.023579
1743506408.055121
1743506408.087568
1743506408.119580
1743506408.151409
1743506408.182639
1743506408.199059
1743506408.231052
1743506408.263288
1743506408.294608
1743506408.311052
1743506408.327193
1743506408.343316
1743506408.375372
1743506408.423530
1743506408.455167
1743506408.487365
1743506408.518800
1743506408.551421
1743506408.583396
1743506408.615506
1743506408.646812
1743506408.662996
1743506408.695216
1743506408.743093
1743506408.774564
1743506408.790532
1743506408.823363
1743506408.855291
1743506408.886945
1743506408.919455
1743506408.951213
1743506408.983429
1743506409.014894
1743506409.031112
1743506409.063580
1743506409.094795
1743506409.126497
1743506409.142949
1743506409.158963
1743506409.191121
1743506409.222961
1743506409.255531
1743506409.287470
1743506409.319603
1743506409.351190
1743506409.399124
1743506409.431087
1743506409.462744
1743506409.494555
1743506409.511099
1743506409.543006
1743506409.575165
1743506409.606749
1743506409.639551
1743506409.671453
1743506409.719137
1743506409.750594
1743506409.783490
1743506409.815346
1743506409.846979
1743506409.878541
1743506409.895004
1743506409.927150
1743506409.959297
1743506409.990864
1743506410.039397
1743506410.071329
1743506410.103275
1743506410.135201
1743506410.167323
1743506410.199213
1743506410.231105
1743506410.263078
1743506410.295090
1743506410.326717
1743506410.343011
1743506410.375760
1743506410.407146
1743506410.438950
1743506410.471413
1743506410.503211
1743506410.535382
1743506410.567067
1743506410.599557
1743506410.631839
1743506410.663118
1743506410.694782
1743506410.727017
1743506410.742986
1743506410.758856
1743506410.790703
1743506410.823559
1743506410.855438
1743506410.887317
1743506410.918715
1743506410.951428
1743506410.983372
1743506411.015281
1743506411.046426
1743506411.062660
1743506411.094752
1743506411.110778
1743506411.142493
1743506411.158696
1743506411.174909
1743506411.207699
1743506411.238835
1743506411.271450
1743506411.303491
1743506411.351149
1743506411.382640
1743506411.398775
1743506411.430918
1743506411.463016
1743506411.494446
1743506411.510868
1743506411.542997
1743506411.575364
1743506411.606807
1743506411.639770
1743506411.671444
1743506411.703274
1743506411.734685
1743506411.767216
1743506411.799407
1743506411.830926
1743506411.862585
1743506411.879017
1743506411.895192
1743506411.927177
1743506411.958802
1743506411.991133
1743506412.023101
1743506412.055104
1743506412.086743
1743506412.119307
1743506412.151208
1743506412.183132
1743506412.214703
1743506412.230938
1743506412.263082
1743506412.279317
1743506412.326724
1743506412.359097
1743506412.391222
1743506412.423293
1743506412.454624
1743506412.487452
1743506412.519179
1743506412.551540
1743506412.582756
1743506412.598992
1743506412.646830
1743506412.678690
1743506412.710412
1743506412.726808
1743506412.742933
1743506412.775230
1743506412.806706
1743506412.839494
1743506412.871388
1743506412.903469
1743506412.934808
1743506412.967466
1743506412.999449
1743506413.031294
1743506413.062482
1743506413.078740
1743506413.094878
1743506413.127015
1743506413.158450
1743506413.174750
1743506413.190897
1743506413.206948
1743506413.239250
1743506413.271486
1743506413.303478
1743506413.335321
1743506413.366511
1743506413.399225
1743506413.431000
1743506413.462806
1743506413.494460
1743506413.510857
1743506413.527001
1743506413.542968
1743506413.574670
1743506413.590991
1743506413.623388
1743506413.655490
1743506413.686600
1743506413.719177
1743506413.751237
1743506413.783131
1743506413.814619
1743506413.830914
1743506413.863265
1743506413.895010
1743506413.911162
1743506413.943603
1743506413.975081
1743506414.007037
1743506414.038725
1743506414.071724
1743506414.103162
1743506414.135454
1743506414.166610
1743506414.199207
1743506414.230993
1743506414.278703
1743506414.310284
1743506414.327017
1743506414.358991
1743506414.391515
1743506414.422651
1743506414.438600
1743506414.454755
1743506414.470790
1743506414.502969
1743506414.535621
1743506414.567393
1743506414.599363
1743506414.630567
1743506414.646696
1743506414.678953
1743506414.710748
1743506414.742695
1743506414.775161
1743506414.807154
1743506414.839261
1743506414.871265
1743506414.919232
1743506414.951057
1743506414.983046
1743506415.014596
1743506415.046861
1743506415.062880
1743506415.095008
1743506415.126451
1743506415.142884
1743506415.158954
1743506415.175178
1743506415.190957
1743506415.223320
1743506415.255359
1743506415.287012
1743506415.318601
1743506415.351216
1743506415.383202
1743506415.415310
1743506415.446387
1743506415.462694
1743506415.479058
1743506415.511064
1743506415.542530
1743506415.575379
1743506415.607108
1743506415.639218
1743506415.670557
1743506415.703256
1743506415.735342
1743506415.767318
1743506415.798701
1743506415.814833
1743506415.847163
1743506415.894762
1743506415.926226
1743506415.942614
1743506415.975139
1743506416.007018
1743506416.038691
1743506416.071357
1743506416.103212
1743506416.135135
1743506416.166658
1743506416.199257
1743506416.231163
1743506416.262854
1743506416.294195
1743506416.310612
1743506416.326779
1743506416.358932
1743506416.390498
1743506416.423199
1743506416.455281
1743506416.487287
1743506416.518839
1743506416.551327
1743506416.583157
1743506416.615036
1743506416.646371
1743506416.662555
1743506416.678769
1743506416.694781
1743506416.726341
1743506416.742752
1743506416.775096
1743506416.807082
1743506416.839182
1743506416.869820
1743506416.885851
1743506416.918927
1743506416.950662
1743506416.966564
1743506416.982965
1743506417.014848
1743506417.046330
1743506417.062627
1743506417.078755
1743506417.094836
1743506417.126486
1743506417.142799
1743506417.158988
1743506417.206774
1743506417.238473
1743506417.270545
1743506417.303368
1743506417.335202
1743506417.367023
1743506417.399611
1743506417.431265
1743506417.447582
1743506417.478935
1743506417.494991
1743506417.526521
1743506417.542778
1743506417.574950
1743506417.607100
1743506417.638486
1743506417.671285
1743506417.703172
1743506417.735168
1743506417.766618
1743506417.799229
1743506417.846570
1743506417.878513
1743506417.910208
1743506417.926628
1743506417.958651
1743506417.991193
1743506418.022483
1743506418.055016
1743506418.087410
1743506418.119216
1743506418.150675
1743506418.183084
1743506418.215094
1743506418.246537
1743506418.278133
1743506418.294876
1743506418.326901
1743506418.358913
1743506418.390429
1743506418.406594
1743506418.422883
1743506418.455427
1743506418.502938
1743506418.535015
1743506418.567060
1743506418.599224
1743506418.630455
1743506418.646567
1743506418.662682
1743506418.694586
1743506418.726407
1743506418.742657
1743506418.758847
1743506418.774861
1743506418.822885
1743506418.854968
1743506418.887107
1743506418.919353
1743506418.950412
1743506418.983343
1743506419.015439
1743506419.046986
1743506419.078311
1743506419.094788
1743506419.126950
1743506419.159254
1743506419.190317
1743506419.223033
1743506419.254786
1743506419.287065
1743506419.318564
1743506419.351109
1743506419.383128
1743506419.415558
1743506419.446405
1743506419.479231
1743506419.510673
1743506419.542822
1743506419.574319
1743506419.590387
1743506419.606618
1743506419.639441
1743506419.670432
1743506419.703167
1743506419.735168
1743506419.767193
1743506419.798404
1743506419.814430
1743506419.830562
1743506419.862901
1743506419.894292
1743506419.910594
1743506419.926692
1743506419.942647
1743506419.974734
1743506420.007257
1743506420.039225
1743506420.071093
1743506420.102727
1743506420.135368
1743506420.167131
1743506420.198999
1743506420.230563
1743506420.262773
1743506420.294547
1743506420.310664
1743506420.342316
1743506420.358765
1743506420.374872
1743506420.407016
1743506420.454930
1743506420.487262
1743506420.518967
1743506420.550823
1743506420.582320
1743506420.598637
1743506420.630865
1743506420.662719
1743506420.694250
1743506420.710974
1743506420.742936
1743506420.775350
1743506420.806444
1743506420.839004
1743506420.870940
1743506420.903052
1743506420.934395
1743506420.967163
1743506420.999193
1743506421.030993
1743506421.062341
1743506421.078819
1743506421.111175
1743506421.142542
1743506421.174241
1743506421.206848
1743506421.239079
1743506421.271202
1743506421.302429
1743506421.335617
1743506421.367126
1743506421.399118
1743506421.430502
1743506421.462445
1743506421.494396
1743506421.526556
1743506421.558192
1743506421.574396
1743506421.606993
1743506421.639145
1743506421.670518
1743506421.686682
1743506421.719298
1743506421.751087
1743506421.782239
1743506421.798319
1743506421.814487
1743506421.846844
1743506421.878056
1743506421.894649
1743506421.926623
1743506421.942653
1743506421.974512
1743506422.007301
1743506422.038393
1743506422.086794
1743506422.118306
1743506422.150889
1743506422.183036
1743506422.215087
1743506422.246109
1743506422.262360
1743506422.278477
1743506422.294644
1743506422.326374
1743506422.342644
1743506422.358794
1743506422.406804
1743506422.438353
1743506422.470898
1743506422.502867
1743506422.534959
1743506422.566602
1743506422.599162
1743506422.631323
1743506422.662739
1743506422.694331
1743506422.726857
1743506422.758737
1743506422.790598
1743506422.822225
1743506422.854942
1743506422.886974
1743506422.919083
1743506422.950416
1743506422.983346
1743506423.015166
1743506423.062714
1743506423.093988
1743506423.110439
1743506423.126561
1743506423.142629
1743506423.174288
1743506423.207117
1743506423.239055
1743506423.270966
1743506423.302429
1743506423.318503
1743506423.334654
1743506423.350609
1743506423.382690
1743506423.415274
1743506423.446716
1743506423.478641
1743506423.510407
1743506423.526655
1743506423.558683
1743506423.590762
1743506423.622495
1743506423.638515
1743506423.671399
1743506423.703183
1743506423.734210
1743506423.766924
1743506423.798826
1743506423.830653
1743506423.862087
1743506423.878460
1743506423.894607
1743506423.910848
1743506423.942578
1743506423.975058
1743506424.006949
1743506424.039071
1743506424.070114
1743506424.086156
1743506424.102305
1743506424.118366
1743506424.150560
1743506424.182979
1743506424.214973
1743506424.246760
1743506424.278210
1743506424.294616
1743506424.310660
1743506424.326808
1743506424.358293
1743506424.390716
1743506424.422949
1743506424.454798
1743506424.486240
1743506424.518406
1743506424.550947
1743506424.583197
1743506424.615259
1743506424.646967
1743506424.678725
1743506424.710392
1743506424.726388
1743506424.742496
1743506424.774308
1743506424.806948
1743506424.839084
1743506424.870910
1743506424.902485
1743506424.935192
1743506424.967021
1743506425.014849
1743506425.046122
1743506425.062448
1743506425.095016
1743506425.126504
1743506425.158238
1743506425.190723
1743506425.222775
1743506425.255113
1743506425.286459
1743506425.334853
1743506425.366829
1743506425.398862
1743506425.430215
1743506425.446491
1743506425.478622
1743506425.510397
1743506425.542140
1743506425.558604
1743506425.590912
1743506425.623009
1743506425.654515
1743506425.686720
1743506425.718858
1743506425.750736
1743506425.782255
1743506425.798388
1743506425.830671
1743506425.862630
1743506425.894110
1743506425.910588
1743506425.942778
1743506425.990511
1743506426.022031
1743506426.038087
1743506426.054331
1743506426.086892
1743506426.118237
1743506426.150883
1743506426.183144
1743506426.214912
1743506426.246243
1743506426.262527
1743506426.278659
1743506426.310946
1743506426.342006
1743506426.358195
1743506426.390660
1743506426.422875
1743506426.454277
1743506426.486886
1743506426.518964
1743506426.550944
1743506426.582567
1743506426.630537
1743506426.662371
1743506426.694471
1743506426.726273
1743506426.742561
1743506426.774616
1743506426.806856
1743506426.838472
1743506426.871016
1743506426.903201
1743506426.935064
1743506426.966462
1743506426.998774
1743506427.030467
1743506427.062586
1743506427.093966
1743506427.110496
1743506427.142575
1743506427.174603
1743506427.206731
1743506427.238144
1743506427.254885
1743506427.286625
1743506427.317299
1743506427.333571
1743506427.365491
1743506427.397325
1743506427.430673
1743506427.462579
1743506427.494581
1743506427.526634
1743506427.558240
1743506427.574594
1743506427.606988
1743506427.638721
1743506427.670336
1743506427.702998
1743506427.734792
1743506427.766719
1743506427.798205
1743506427.814476
1743506427.830507
1743506427.862672
1743506427.894244
1743506427.910602
1743506427.943004
1743506427.974589
1743506428.006228
1743506428.038974
1743506428.070933
1743506428.102869
1743506428.134129
1743506428.166828
1743506428.198915
1743506428.230993
1743506428.262323
1743506428.294252
1743506428.326459
1743506428.358571
1743506428.390132
1743506428.422801
1743506428.455020
1743506428.486835
1743506428.518468
1743506428.550962
1743506428.582997
1743506428.614564
1743506428.645974
1743506428.662229
1743506428.678413
1743506428.694395
1743506428.726060
1743506428.742336
1743506428.758534
1743506428.790753
1743506428.822345
1743506428.855058
1743506428.887228
1743506428.919151
1743506428.950081
1743506428.982664
1743506429.014777
1743506429.046421
1743506429.077974
1743506429.094455
1743506429.126559
1743506429.158561
1743506429.190397
1743506429.238540
1743506429.270688
1743506429.302791
1743506429.334134
1743506429.366986
1743506429.398850
1743506429.430530
1743506429.462017
1743506429.478459
1743506429.494644
1743506429.510682
1743506429.558086
1743506429.590583
1743506429.622620
1743506429.654682
1743506429.686138
1743506429.718919
1743506429.750672
1743506429.782875
1743506429.814435
1743506429.846656
1743506429.894359
1743506429.926380
1743506429.958192
1743506429.990630
1743506430.022765
1743506430.054785
1743506430.086183
1743506430.119165
1743506430.151149
1743506430.183046
1743506430.214176
1743506430.230242
1743506430.262160
1743506430.278253
1743506430.309958
1743506430.326224
1743506430.342354
1743506430.374659
1743506430.406096
1743506430.439034
1743506430.471029
1743506430.502849
1743506430.534155
1743506430.566535
1743506430.598560
1743506430.630535
1743506430.661798
1743506430.678291
1743506430.710276
1743506430.726518
1743506430.758340
1743506430.790672
1743506430.822805
1743506430.870662
1743506430.902000
1743506430.934873
1743506430.966616
1743506430.998729
1743506431.030142
1743506431.046223
1743506431.078432
1743506431.110534
1743506431.142033
1743506431.158437
1743506431.190678
1743506431.222877
1743506431.253984
1743506431.270243
1743506431.286480
1743506431.302426
1743506431.334306
1743506431.350339
1743506431.382756
1743506431.415054
1743506431.446182
1743506431.462361
1743506431.510214
1743506431.542439
1743506431.574249
1743506431.606645
1743506431.638768
1743506431.670716
1743506431.702053
1743506431.734884
1743506431.766737
1743506431.799136
1743506431.846658
1743506431.878314
1743506431.910136
1743506431.942332
1743506431.974187
1743506432.006293
1743506432.038893
1743506432.070687
1743506432.102848
1743506432.134865
1743506432.166921
1743506432.198744
1743506432.230467
1743506432.262136
1743506432.293758
1743506432.310366
1743506432.342372
1743506432.374437
1743506432.406218
1743506432.438515
1743506432.486393
1743506432.518461
1743506432.549983
1743506432.582684
1743506432.614611
1743506432.646326
1743506432.677998
1743506432.694386
1743506432.726435
1743506432.758587
1743506432.790254
1743506432.822785
1743506432.854545
1743506432.886670
1743506432.918103
1743506432.950682
1743506432.982672
1743506433.014688
1743506433.046014
1743506433.062270
1743506433.094474
1743506433.142184
1743506433.173830
1743506433.189859
1743506433.222606
1743506433.254820
1743506433.285981
1743506433.318697
1743506433.350720
1743506433.382806
1743506433.414437
1743506433.462029
1743506433.494158
1743506433.526059
1743506433.557943
1743506433.590416
1743506433.622652
1743506433.654728
1743506433.686021
1743506433.718792
1743506433.750695
1743506433.798486
1743506433.829909
1743506433.846023
1743506433.878407
1743506433.910334
1743506433.941767
1743506433.958128
1743506433.990412
1743506434.022569
1743506434.054261
1743506434.086965
1743506434.118705
1743506434.150436
1743506434.181913
1743506434.198117
1743506434.230376
1743506434.262073
1743506434.293676
1743506434.310067
1743506434.326190
1743506434.358514
1743506434.390045
1743506434.406024
1743506434.438991
1743506434.470371
1743506434.501925
1743506434.534626
1743506434.566522
1743506434.598419
1743506434.629938
1743506434.646123
1743506434.678411
1743506434.710429
1743506434.741994
1743506434.774808
1743506434.806516
1743506434.838912
1743506434.869932
1743506434.902961
1743506434.934848
1743506434.966771
1743506434.998062
1743506435.014285
1743506435.046624
1743506435.094245
1743506435.125620
1743506435.142110
1743506435.174439
1743506435.206589
1743506435.238107
1743506435.270715
1743506435.302506
1743506435.334895
1743506435.366148
1743506435.381932
1743506435.414716
1743506435.446259
1743506435.477682
1743506435.494167
1743506435.510216
1743506435.526256
1743506435.557887
1743506435.573981
1743506435.606635
1743506435.638702
1743506435.670242
1743506435.702638
1743506435.750437
1743506435.782427
1743506435.813845
1743506435.830073
1743506435.862315
1743506435.894237
1743506435.925900
1743506435.942077
1743506435.974761
1743506436.006601
1743506436.038216
1743506436.070641
1743506436.102617
1743506436.134654
1743506436.165861
1743506436.198573
1743506436.230432
1743506436.262287
1743506436.293779
1743506436.310247
1743506436.342573
1743506436.389972
1743506436.421982
1743506436.454763
1743506436.486557
1743506436.518430
1743506436.549910
1743506436.582575
1743506436.614832
1743506436.646569
1743506436.677807
1743506436.694402
1743506436.726796
1743506436.758368
1743506436.789850
1743506436.822288
1743506436.854750
1743506436.886450
1743506436.918173
1743506436.950550
1743506436.982688
1743506437.014732
1743506437.045939
1743506437.077927
1743506437.094059
1743506437.126201
1743506437.157973
1743506437.190173
1743506437.222695
1743506437.254776
1743506437.286029
1743506437.318690
1743506437.366225
1743506437.398517
1743506437.429828
1743506437.445965
1743506437.477982
1743506437.494065
1743506437.525680
1743506437.542029
1743506437.574536
1743506437.606718
1743506437.638269
1743506437.670862
1743506437.702659
1743506437.734440
1743506437.765764
1743506437.798438
1743506437.830227
1743506437.862076
1743506437.893724
1743506437.910141
1743506437.926582
1743506437.958537
1743506437.989940
1743506438.022770
1743506438.054309
1743506438.086477
1743506438.117817
1743506438.133872
1743506438.149965
1743506438.166096
1743506438.197921
1743506438.214000
1743506438.246429
1743506438.278479
1743506438.309763
1743506438.342753
1743506438.374277
1743506438.406261
1743506438.437874
1743506438.470551
1743506438.502428
1743506438.534580
1743506438.565990
1743506438.598665
1743506438.630560
1743506438.677421
1743506438.709687
1743506438.742884
1743506438.774324
1743506438.805859
1743506438.837911
1743506438.870521
1743506438.902708
1743506438.934741
1743506438.966072
1743506438.998574
1743506439.030192
1743506439.061929
1743506439.093586
1743506439.109966
1743506439.126132
1743506439.142326
1743506439.173896
1743506439.206443
1743506439.238581
1743506439.270610
1743506439.318509
1743506439.350259
1743506439.382327
1743506439.397929
1743506439.414096
1743506439.446468
1743506439.478014
1743506439.494090
1743506439.525781
1743506439.542091
1743506439.558457
1743506439.590887
1743506439.622580
1743506439.654881
1743506439.686332
1743506439.718415
1743506439.750515
1743506439.782479
1743506439.813885
1743506439.830068
1743506439.862187
1743506439.894273
1743506439.925845
1743506439.942102
1743506439.974708
1743506440.006281
1743506440.037759
1743506440.070689
1743506440.102376
1743506440.134450
1743506440.165802
1743506440.198795
1743506440.230627
1743506440.262297
1743506440.293763
1743506440.309920
1743506440.326031
1743506440.358161
1743506440.390252
1743506440.422370
1743506440.454479
1743506440.486334
1743506440.517930
1743506440.550560
1743506440.582567
1743506440.630091
1743506440.661518
1743506440.678057
1743506440.709919
1743506440.725909
1743506440.757621
1743506440.773730
1743506440.789985
1743506440.822359
1743506440.853972
1743506440.886726
1743506440.918877
1743506440.950680
1743506440.981687
1743506440.997872
1743506441.030138
1743506441.062255
1743506441.093716
1743506441.109955
1743506441.142118
1743506441.174303
1743506441.205965
1743506441.238679
1743506441.270583
1743506441.302242
1743506441.333675
1743506441.366373
1743506441.398206
1743506441.413971
1743506441.445619
1743506441.461958
1743506441.494238
1743506441.526161
1743506441.557878
1743506441.573881
1743506441.606780
1743506441.638495
1743506441.669697
1743506441.702263
1743506441.734373
1743506441.766408
1743506441.797731
1743506441.813945
1743506441.830152
1743506441.862168
1743506441.893664
1743506441.926418
1743506441.958052
1743506441.990042
1743506442.021830
1743506442.054728
1743506442.086513
1743506442.118411
1743506442.149936
1743506442.182421
1743506442.214535
1743506442.246673
1743506442.277380
1743506442.293893
1743506442.326049
1743506442.357892
1743506442.389656
1743506442.405650
1743506442.422034
1743506442.454634
1743506442.485805
1743506442.518715
1743506442.550629
1743506442.582748
1743506442.613898
1743506442.646197
1743506442.678227
1743506442.709885
1743506442.741649
1743506442.757799
1743506442.774002
1743506442.806599
1743506442.837964
1743506442.870788
1743506442.902621
1743506442.934252
1743506442.965725
1743506442.998400
1743506443.030102
1743506443.062013
1743506443.093483
1743506443.110061
1743506443.142265
1743506443.174373
1743506443.222127
1743506443.254208
1743506443.286258
1743506443.318015
1743506443.349712
1743506443.382367
1743506443.414592
1743506443.430055
1743506443.446106
1743506443.478380
1743506443.510319
1743506443.557994
1743506443.589559
1743506443.622206
1743506443.654118
1743506443.686298
1743506443.717728
1743506443.750317
1743506443.782655
1743506443.814690
1743506443.845741
1743506443.878705
1743506443.909807
1743506443.941767
1743506443.973610
1743506444.006156
1743506444.038354
1743506444.070341
1743506444.101870
1743506444.134569
1743506444.166418
1743506444.198638
1743506444.229650
1743506444.245720
1743506444.277912
1743506444.310088
1743506444.341464
1743506444.357740
1743506444.373946
1743506444.406229
1743506444.437884
1743506444.470426
1743506444.502611
1743506444.534362
1743506444.565534
1743506444.598218
1743506444.629935
1743506444.662096
1743506444.693433
1743506444.709940
1743506444.742501
1743506444.774287
1743506444.805789
1743506444.821971
1743506444.854374
1743506444.886074
1743506444.917595
1743506444.950320
1743506444.982162
1743506445.014484
1743506445.045590
1743506445.061803
1743506445.077953
1743506445.093984
1743506445.125652
1743506445.141990
1743506445.174342
1743506445.206041
1743506445.237682
1743506445.270271
1743506445.302545
1743506445.334204
1743506445.365591
1743506445.381630
1743506445.397988
1743506445.429925
1743506445.446186
1743506445.478227
1743506445.510519
1743506445.541794
1743506445.573516
1743506445.589453
1743506445.605699
1743506445.621800
1743506445.653916
1743506445.686273
1743506445.718368
1743506445.750588
1743506445.781741
1743506445.830202
1743506445.861837
1743506445.893886
1743506445.925430
1743506445.941749
1743506445.957904
1743506445.990293
1743506446.021695
1743506446.054074
1743506446.086175
1743506446.118308
1743506446.149623
1743506446.182233
1743506446.214151
1743506446.245877
1743506446.277412
1743506446.293747
1743506446.309874
1743506446.326061
1743506446.357902
1743506446.390277
1743506446.422310
1743506446.454566
1743506446.485787
1743506446.518322
1743506446.550148
1743506446.582024
1743506446.613593
1743506446.629705
1743506446.661930
1743506446.693873
1743506446.725524
1743506446.741795
1743506446.758096
1743506446.805787
1743506446.837638
1743506446.869508
1743506446.902145
1743506446.934108
1743506446.966113
1743506446.998109
1743506447.030034
1743506447.062133
1743506447.093951
1743506447.126178
1743506447.157338
1743506447.190037
1743506447.222154
1743506447.254025
1743506447.285571
1743506447.318197
1743506447.350376
1743506447.382317
1743506447.413709
1743506447.429855
1743506447.462459
1743506447.493992
1743506447.525325
1743506447.541728
1743506447.574184
1743506447.606197
1743506447.637954
1743506447.670303
1743506447.702368
1743506447.734377
1743506447.782026
1743506447.813989
1743506447.845791
1743506447.877618
1743506447.893892
1743506447.925969
1743506447.957912
1743506447.989910
1743506448.021687
1743506448.054373
1743506448.102097
1743506448.134078
1743506448.165578
1743506448.198532
1743506448.230341
1743506448.261976
1743506448.293302
1743506448.309915
1743506448.342015
1743506448.374216
1743506448.405746
1743506448.438665
1743506448.470073
1743506448.502241
1743506448.533441
1743506448.566118
1743506448.598153
1743506448.629874
1743506448.661631
1743506448.677860
1743506448.693930
1743506448.709920
1743506448.757600
1743506448.790126
1743506448.822165
1743506448.854067
1743506448.885570
1743506448.918308
1743506448.950065
1743506448.982228
1743506449.013839
1743506449.045996
1743506449.078040
1743506449.109616
1743506449.141499
1743506449.157477
1743506449.173722
1743506449.206230
1743506449.237778
1743506449.270185
1743506449.302275
1743506449.334302
1743506449.365642
1743506449.414459
1743506449.445727
1743506449.478005
1743506449.493675
1743506449.525816
1743506449.557967
1743506449.590117
1743506449.621532
1743506449.637608
1743506449.670485
1743506449.702460
1743506449.733439
1743506449.765905
1743506449.797933
1743506449.830264
1743506449.861245
1743506449.877827
1743506449.909760
1743506449.926090
1743506449.957491
1743506449.973557
1743506449.989827
1743506450.022160
1743506450.053617
1743506450.086174
1743506450.118128
1743506450.150037
1743506450.181438
1743506450.213843
1743506450.245890
1743506450.277976
1743506450.309466
1743506450.325870
1743506450.358128
1743506450.390206
1743506450.421354
1743506450.454109
1743506450.485934
1743506450.518067
1743506450.549476
1743506450.582161
1743506450.614290
1743506450.646031
1743506450.677495
1743506450.710359
1743506450.741523
1743506450.774058
1743506450.805461
1743506450.838233
1743506450.870032
1743506450.902192
1743506450.933967
1743506450.966422
1743506450.998150
1743506451.030037
1743506451.061205
1743506451.077533
1743506451.093693
1743506451.110146
1743506451.141646
1743506451.174116
1743506451.205932
1743506451.238521
1743506451.269542
1743506451.302213
1743506451.334160
1743506451.366294
1743506451.397323
1743506451.413500
1743506451.445797
1743506451.477857
1743506451.509241
1743506451.525595
1743506451.541881
1743506451.574170
1743506451.605549
1743506451.638423
1743506451.686089
1743506451.718007
1743506451.749417
1743506451.782399
1743506451.813929
1743506451.845761
1743506451.877256
1743506451.893711
1743506451.925725
1743506451.941962
1743506451.973614
1743506452.005989
1743506452.038034
1743506452.069888
1743506452.101384
1743506452.134073
1743506452.166001
1743506452.198058
1743506452.229497
1743506452.245764
1743506452.277861
1743506452.310008
1743506452.341424
1743506452.373891
1743506452.406021
1743506452.438020
1743506452.469485
1743506452.502026
1743506452.534084
1743506452.566141
1743506452.597472
1743506452.613595
1743506452.629901
1743506452.662202
1743506452.693365
1743506452.709584
1743506452.725601
1743506452.741553
1743506452.773479
1743506452.806233
1743506452.838457
1743506452.870016
1743506452.901947
1743506452.934340
1743506452.981823
1743506453.014058
1743506453.045226
1743506453.061453
1743506453.077729
1743506453.109829
1743506453.141195
1743506453.157663
1743506453.189874
1743506453.222100
1743506453.253648
1743506453.286223
1743506453.318306
1743506453.349942
1743506453.381284
1743506453.413685
1743506453.445661
1743506453.477637
1743506453.509142
1743506453.525593
1743506453.541788
1743506453.574101
1743506453.605573
1743506453.638191
1743506453.669878
1743506453.701768
1743506453.733373
1743506453.765940
1743506453.798002
1743506453.830113
1743506453.861431
1743506453.877618
1743506453.909775
1743506453.957337
1743506453.989194
1743506454.005194
1743506454.021493
1743506454.054340
1743506454.085380
1743506454.118161
1743506454.149987
1743506454.182258
1743506454.213572
1743506454.246011
1743506454.293485
1743506454.325578
1743506454.357154
1743506454.373528
1743506454.406170
1743506454.438147
1743506454.470127
1743506454.501963
1743506454.534113
1743506454.566072
1743506454.613671
1743506454.645566
1743506454.677058
1743506454.693499
1743506454.709505
1743506454.725497
1743506454.757237
1743506454.773447
1743506454.806011
1743506454.838193
1743506454.869546
1743506454.885534
1743506454.933998
1743506454.965916
1743506454.997359
1743506455.013413
1743506455.045822
1743506455.077761
1743506455.109160
1743506455.125591
1743506455.157727
1743506455.189871
1743506455.221477
1743506455.269774
1743506455.301817
1743506455.333939
1743506455.365291
1743506455.397957
1743506455.429592
1743506455.445625
1743506455.477174
1743506455.493832
1743506455.525716
1743506455.541597
1743506455.557827
1743506455.589907
1743506455.621820
1743506455.653829
1743506455.685312
1743506455.718054
1743506455.749820
1743506455.781909
1743506455.813454
1743506455.829532
1743506455.845816
1743506455.877718
1743506455.909273
1743506455.925355
1743506455.957584
1743506455.989809
1743506456.021307
1743506456.054036
1743506456.085914
1743506456.117915
1743506456.149403
1743506456.182051
1743506456.214356
1743506456.246213
1743506456.277037
1743506456.293471
1743506456.325597
1743506456.357736
1743506456.389371
1743506456.421878
1743506456.453868
1743506456.486141
1743506456.517432
1743506456.565606
1743506456.597771
1743506456.629247
1743506456.660991
1743506456.677341
1743506456.693561
1743506456.709546
1743506456.741073
1743506456.757507
1743506456.789683
1743506456.821838
1743506456.853467
1743506456.886295
1743506456.917902
1743506456.949752
1743506456.981390
1743506457.013898
1743506457.045775
1743506457.077508
1743506457.093669
1743506457.125676
1743506457.157616
1743506457.190183
1743506457.221316
1743506457.253878
1743506457.285901
1743506457.317971
1743506457.349276
1743506457.381918
1743506457.413730
1743506457.445751
1743506457.477161
1743506457.493641
1743506457.509832
1743506457.541981
1743506457.573126
1743506457.606026
1743506457.637896
1743506457.669956
1743506457.701387
1743506457.734042
1743506457.766054
1743506457.798031
1743506457.829551
1743506457.862029
1743506457.893417
1743506457.925403
1743506457.957057
1743506457.989689
1743506458.021840
1743506458.053936
1743506458.085326
1743506458.118101
1743506458.150023
1743506458.198267
1743506458.229058
1743506458.245354
1743506458.277655
1743506458.309622
1743506458.341020
1743506458.357261
1743506458.373481
1743506458.405687
1743506458.437435
1743506458.469856
1743506458.517574
1743506458.549671
1743506458.581183
1743506458.597245
1743506458.629503
1743506458.661667
1743506458.693040
1743506458.709368
1743506458.725524
1743506458.757662
1743506458.789344
1743506458.805339
1743506458.838330
1743506458.869922
1743506458.901179
1743506458.933951
1743506458.965826
1743506458.997683
1743506459.029020
1743506459.045485
1743506459.077664
1743506459.109602
1743506459.141391
1743506459.174146
1743506459.205635
1743506459.237916
1743506459.269423
1743506459.301947
1743506459.333764
1743506459.366096
1743506459.397392
1743506459.429550
1743506459.461674
1743506459.494026
1743506459.524877
1743506459.541266
1743506459.557434
1743506459.573425
1743506459.605216
1743506459.637943
1743506459.669824
1743506459.702029
1743506459.733351
1743506459.765978
1743506459.813701
1743506459.845232
1743506459.876902
1743506459.893308
1743506459.925553
1743506459.957511
1743506459.989105
1743506460.021937
1743506460.054071
1743506460.086158
1743506460.117383
1743506460.150184
1743506460.181525
1743506460.213776
1743506460.244959
1743506460.261204
1743506460.293689
1743506460.325294
1743506460.357037
1743506460.373258
1743506460.405913
1743506460.437779
1743506460.469175
1743506460.501769
1743506460.533733
1743506460.565743
1743506460.597123
1743506460.613216
1743506460.645674
1743506460.677539
1743506460.709085
1743506460.725473
1743506460.757689
1743506460.789971
1743506460.821323
1743506460.853679
1743506460.885701
1743506460.917800
1743506460.949293
1743506460.981747
1743506461.013864
1743506461.045602
1743506461.077497
1743506461.125117
1743506461.157580
1743506461.189590
1743506461.221184
1743506461.253425
1743506461.269414
1743506461.285417
1743506461.317397
1743506461.333486
1743506461.365768
1743506461.397845
1743506461.445700
1743506461.477269
1743506461.509186
1743506461.525327
1743506461.556846
1743506461.589952
1743506461.621583
1743506461.653887
1743506461.685384
1743506461.718190
1743506461.765808
1743506461.797594
1743506461.829173
1743506461.845462
1743506461.877620
1743506461.909437
1743506461.941375
1743506461.973672
1743506462.005885
1743506462.037743
1743506462.070104
1743506462.102078
1743506462.133061
1743506462.165830
1743506462.197924
1743506462.229524
1743506462.261128
1743506462.277420
1743506462.309442
1743506462.325463
1743506462.357154
1743506462.373265
1743506462.421538
1743506462.453699
1743506462.484954
1743506462.517774
1743506462.549754
1743506462.581670
1743506462.613134
1743506462.629260
1743506462.661443
1743506462.677634
1743506462.709248
1743506462.742002
1743506462.773501
1743506462.805378
1743506462.837368
1743506462.869719
1743506462.901624
1743506462.933756
1743506462.965119
1743506462.981393
1743506463.013541
1743506463.045583
1743506463.077004
1743506463.093165
1743506463.125581
1743506463.157305
1743506463.188982
1743506463.204944
1743506463.221208
1743506463.253763
1743506463.285112
1743506463.317927
1743506463.349882
1743506463.397450
1743506463.428983
1743506463.445212
1743506463.477206
1743506463.493327
1743506463.524899
1743506463.541222
1743506463.557357
1743506463.589480
1743506463.621221
1743506463.637114
1743506463.653369
1743506463.669466
1743506463.717896
1743506463.749686
1743506463.781543
1743506463.813690
1743506463.844901
1743506463.861175
1743506463.893379
1743506463.925328
1743506463.956993
1743506463.973170
1743506463.989395
1743506464.005370
1743506464.053616
1743506464.085481
1743506464.117562
1743506464.149732
1743506464.181049
1743506464.213724
1743506464.245514
1743506464.277548
1743506464.309009
1743506464.325429
1743506464.341480
1743506464.374028
1743506464.404853
1743506464.437599
1743506464.469747
1743506464.501744
1743506464.532958
1743506464.565723
1743506464.597690
1743506464.629977
1743506464.661025
1743506464.693818
1743506464.725285
1743506464.757317
1743506464.788989
1743506464.804889
1743506464.821213
1743506464.853868
1743506464.885099
1743506464.917753
1743506464.949831
1743506464.981899
1743506465.029843
1743506465.061129
1743506465.077171
1743506465.093290
1743506465.125216
1743506465.141189
1743506465.173630
1743506465.205511
1743506465.237459
1743506465.269746
1743506465.301820
1743506465.349581
1743506465.380917
1743506465.397068
1743506465.429264
1743506465.461261
1743506465.492825
1743506465.509187
1743506465.525400
1743506465.557401
1743506465.589039
1743506465.621696
1743506465.637293
1743506465.670043
1743506465.700875
1743506465.733866
1743506465.765786
1743506465.797565
1743506465.828822
1743506465.845294
1743506465.877361
1743506465.909277
1743506465.941376
1743506465.957376
1743506466.005229
1743506466.037652
1743506466.068961
1743506466.101703
1743506466.133455
1743506466.165846
1743506466.196978
1743506466.213131
1743506466.245458
1743506466.277782
1743506466.325048
1743506466.341176
1743506466.373491
1743506466.405444
1743506466.437121
1743506466.469608
1743506466.501481
1743506466.533628
1743506466.565063
1743506466.597705
1743506466.645167
1743506466.676931
1743506466.708738
1743506466.725041
1743506466.741223
1743506466.773589
1743506466.804902
1743506466.837913
1743506466.869601
1743506466.901688
1743506466.933193
1743506466.981603
1743506467.013619
1743506467.045245
1743506467.076703
1743506467.093198
1743506467.125360
1743506467.157384
1743506467.188927
1743506467.204963
1743506467.221208
1743506467.237341
1743506467.269475
1743506467.301823
1743506467.333454
1743506467.365627
1743506467.396917
1743506467.413130
1743506467.445475
1743506467.477411
1743506467.508818
1743506467.525234
1743506467.557368
1743506467.589637
1743506467.620935
1743506467.653600
1743506467.685745
1743506467.717523
1743506467.749026
1743506467.781726
1743506467.813471
1743506467.845446
1743506467.876917
1743506467.893252
1743506467.909515
1743506467.957009
1743506467.988764
1743506468.004779
1743506468.021013
1743506468.053534
1743506468.084927
1743506468.117510
1743506468.149578
1743506468.181728
1743506468.213057
1743506468.229271
1743506468.245344
1743506468.277563
1743506468.308609
1743506468.325067
1743506468.357088
1743506468.389316
1743506468.421095
1743506468.453629
1743506468.485539
1743506468.517745
1743506468.549132
1743506468.597367
1743506468.629302
1743506468.661207
1743506468.692752
1743506468.709109
1743506468.725361
1743506468.757240
1743506468.788910
1743506468.821480
1743506468.853723
1743506468.885662
1743506468.933595
1743506468.965381
1743506468.997459
1743506469.029086
1743506469.060685
1743506469.076950
1743506469.093182
1743506469.109322
1743506469.141449
1743506469.173127
1743506469.205717
1743506469.253347
1743506469.285510
1743506469.317398
1743506469.349504
1743506469.381686
1743506469.413616
1743506469.445372
1743506469.476788
1743506469.493229
1743506469.525291
1743506469.573038
1743506469.604783
1743506469.637372
1743506469.669418
1743506469.701606
1743506469.732945
1743506469.765662
1743506469.797477
1743506469.829355
1743506469.860816
1743506469.877274
1743506469.909746
1743506469.941001
1743506469.972670
1743506470.005541
1743506470.037594
1743506470.069424
1743506470.100874
1743506470.133607
1743506470.165766
1743506470.197724
1743506470.228920
1743506470.244938
1743506470.277023
1743506470.293189
1743506470.324618
1743506470.341003
1743506470.357140
1743506470.373149
1743506470.404853
1743506470.437643
1743506470.469614
1743506470.501759
1743506470.549355
1743506470.581408
1743506470.613637
1743506470.645362
1743506470.676524
1743506470.693105
1743506470.725320
1743506470.757243
1743506470.788936
1743506470.821867
1743506470.853991
1743506470.885695
1743506470.916722
1743506470.949292
1743506470.981613
1743506471.013480
1743506471.044685
1743506471.061035
1743506471.093257
1743506471.125294
1743506471.157049
1743506471.205214
1743506471.237291
1743506471.269312
1743506471.300790
1743506471.333562
1743506471.365602
1743506471.397391
1743506471.429066
1743506471.445199
1743506471.477357
1743506471.525007
1743506471.556643
1743506471.572675
1743506471.588866
1743506471.621616
1743506471.652863
1743506471.685458
1743506471.717343
1743506471.749477
1743506471.780910
1743506471.797054
1743506471.829417
1743506471.861473
1743506471.892556
1743506471.908925
1743506471.941194
1743506471.973398
1743506472.004740
1743506472.037310
1743506472.069423
1743506472.101615
1743506472.133005
1743506472.181323
1743506472.213235
1743506472.245069
1743506472.276530
1743506472.293080
1743506472.325149
1743506472.357129
1743506472.388791
1743506472.421494
1743506472.453871
1743506472.501389
1743506472.532661
1743506472.565279
1743506472.597301
1743506472.628895
1743506472.660713
1743506472.676850
1743506472.693259
1743506472.725149
1743506472.756914
1743506472.773018
1743506472.805504
1743506472.837403
1743506472.868854
1743506472.901307
1743506472.933414
1743506472.965208
1743506472.996790
1743506473.012856
1743506473.045168
1743506473.077156
1743506473.108706
1743506473.125158
1743506473.157341
1743506473.189100
1743506473.220782
1743506473.253332
1743506473.285360
1743506473.317528
1743506473.348787
1743506473.381439
1743506473.413931
1743506473.445280
1743506473.476810
1743506473.508974
1743506473.524940
1743506473.540892
1743506473.556958
1743506473.589196
1743506473.621315
1743506473.653551
1743506473.684808
1743506473.717415
1743506473.732840
1743506473.749093
1743506473.781059
1743506473.813532
1743506473.844938
1743506473.877088
1743506473.908510
1743506473.925053
1743506473.957136
1743506473.989099
1743506474.020786
1743506474.037005
1743506474.069786
1743506474.101691
1743506474.132732
1743506474.165131
1743506474.197308
1743506474.228906
1743506474.260523
1743506474.276885
1743506474.293074
1743506474.324988
1743506474.356600
1743506474.372746
1743506474.388950
1743506474.421557
1743506474.452819
1743506474.485236
1743506474.517308
1743506474.549581
1743506474.580704
1743506474.596732
1743506474.628884
1743506474.645079
1743506474.676657
1743506474.693126
1743506474.725299
1743506474.757185
1743506474.789116
1743506474.821150
1743506474.853217
1743506474.885473
1743506474.916736
1743506474.949304
1743506474.981330
1743506475.013509
1743506475.045085
1743506475.077214
1743506475.109446
1743506475.140875
1743506475.172611
1743506475.205259
1743506475.237225
1743506475.269692
1743506475.300772
1743506475.333365
1743506475.365718
1743506475.397461
1743506475.428683
1743506475.460936
1743506475.492738
1743506475.508839
1743506475.540505
1743506475.556962
1743506475.589076
1743506475.621431
1743506475.652873
1743506475.685438
1743506475.717445
1743506475.765152
1743506475.796617
1743506475.812770
1743506475.845086
1743506475.876958
1743506475.908627
1743506475.925291
1743506475.957274
1743506475.989206
1743506476.020786
1743506476.053685
1743506476.085445
1743506476.117274
1743506476.148574
1743506476.181236
1743506476.213319
1743506476.245266
1743506476.276474
1743506476.292981
1743506476.325143
1743506476.357103
1743506476.404871
1743506476.437096
1743506476.469147
1743506476.501415
1743506476.532731
1743506476.565280
1743506476.597326
1743506476.628900
1743506476.660593
1743506476.677157
1743506476.709387
1743506476.741513
1743506476.773240
1743506476.805048
1743506476.837180
1743506476.869560
1743506476.901349
1743506476.933375
1743506476.964789
1743506476.997418
1743506477.029657
1743506477.061372
1743506477.092293
1743506477.108781
1743506477.124805
1743506477.140850
1743506477.172657
1743506477.205333
1743506477.237368
1743506477.269263
1743506477.301076
1743506477.333356
1743506477.381141
1743506477.413041
1743506477.444402
1743506477.460736
1743506477.476901
1743506477.508898
1743506477.540429
1743506477.556812
1743506477.572963
1743506477.588919
1743506477.620692
1743506477.636773
1743506477.652973
1743506477.669005
1743506477.717608
1743506477.749099
1743506477.781289
1743506477.813273
1743506477.844492
1743506477.860659
1743506477.876766
1743506477.892953
1743506477.924620
1743506477.940908
1743506477.973399
1743506478.005237
1743506478.036890
1743506478.069189
1743506478.101266
1743506478.133145
1743506478.164670
1743506478.197138
1743506478.228996
1743506478.260925
1743506478.292533
1743506478.308980
1743506478.356666
1743506478.388860
1743506478.420743
1743506478.453443
1743506478.485229
1743506478.517533
1743506478.548620
1743506478.581403
1743506478.613330
1743506478.645021
1743506478.692745
1743506478.724890
1743506478.756927
1743506478.789095
1743506478.820673
1743506478.853581
1743506478.885233
1743506478.917296
1743506478.948732
1743506478.981438
1743506479.013345
1743506479.044721
1743506479.076493
1743506479.092705
1743506479.124705
1743506479.140756
1743506479.157189
1743506479.189336
1743506479.221255
1743506479.253456
1743506479.284995
1743506479.333093
1743506479.365425
1743506479.397075
1743506479.428545
1743506479.444720
1743506479.476955
1743506479.508833
1743506479.540426
1743506479.556772
1743506479.589294
1743506479.621416
1743506479.669158
1743506479.701063
1743506479.733069
1743506479.765110
1743506479.796524
1743506479.828753
1743506479.860821
1743506479.892868
1743506479.924770
1743506479.940899
1743506479.957086
1743506479.989552
1743506480.020583
1743506480.053265
1743506480.085039
1743506480.117145
1743506480.148566
1743506480.181390
1743506480.213234
1743506480.244970
1743506480.276560
1743506480.309526
1743506480.340960
1743506480.372951
1743506480.404622
1743506480.437199
1743506480.469229
1743506480.501081
1743506480.532539
1743506480.565457
1743506480.597311
1743506480.645055
1743506480.676220
1743506480.692674
1743506480.724953
1743506480.756993
1743506480.788492
1743506480.821131
1743506480.853393
1743506480.885199
1743506480.916664
1743506480.965007
1743506480.997009
1743506481.028633
1743506481.060245
1743506481.076603
1743506481.108896
1743506481.140908
1743506481.172550
1743506481.205300
1743506481.237607
1743506481.285028
1743506481.316401
1743506481.349038
1743506481.381020
1743506481.413084
1743506481.444360
1743506481.460660
1743506481.492920
1743506481.524997
1743506481.556697
1743506481.589217
1743506481.621307
1743506481.653277
1743506481.684656
1743506481.717089
1743506481.749236
1743506481.781286
1743506481.812468
1743506481.828652
1743506481.844863
1743506481.877098
1743506481.908471
1743506481.941319
1743506481.972947
1743506482.005157
1743506482.035965
1743506482.068848
1743506482.101178
1743506482.133238
1743506482.164792
1743506482.197550
1743506482.229222
1743506482.261510
1743506482.292204
1743506482.308690
1743506482.340740
1743506482.372899
1743506482.404485
1743506482.437386
1743506482.469075
1743506482.501172
1743506482.532666
1743506482.565093
1743506482.597192
1743506482.628538
1743506482.660207
1743506482.676742
1743506482.692861
1743506482.725155
1743506482.756491
1743506482.772650
1743506482.805087
1743506482.837478
1743506482.868754
1743506482.916981
1743506482.949022
1743506482.981103
1743506483.012383
1743506483.028556
1743506483.044748
1743506483.076867
1743506483.108572
1743506483.124754
1743506483.140919
1743506483.173286
1743506483.204776
1743506483.237547
1743506483.269277
1743506483.301035
1743506483.332552
1743506483.365373
1743506483.397277
1743506483.429221
1743506483.460441
1743506483.476746
1743506483.509043
1743506483.540896
1743506483.572819
1743506483.604970
1743506483.637073
1743506483.669030
1743506483.700477
1743506483.733227
1743506483.765300
1743506483.797189
1743506483.828600
1743506483.844832
1743506483.892496
1743506483.924497
1743506483.956186
1743506483.972426
1743506483.988670
1743506484.021060
1743506484.052780
1743506484.085203
1743506484.117164
1743506484.149158
1743506484.180620
1743506484.212571
1743506484.244618
1743506484.276830
1743506484.308703
1743506484.340635
1743506484.372857
1743506484.404946
1743506484.437093
1743506484.469350
1743506484.500613
1743506484.548930
1743506484.580899
1743506484.612851
1743506484.644247
1743506484.660493
1743506484.676676
1743506484.708794
1743506484.740294
1743506484.757138
1743506484.788909
1743506484.821042
1743506484.868962
1743506484.900883
1743506484.932902
1743506484.965005
1743506484.996535
1743506485.012650
1743506485.044799
1743506485.076586
1743506485.108341
1743506485.124785
1743506485.156917
1743506485.189305
1743506485.220295
1743506485.253269
1743506485.285064
1743506485.316984
1743506485.348525
1743506485.381202
1743506485.413118
1743506485.444913
1743506485.476414
1743506485.492921
1743506485.525330
1743506485.556710
1743506485.588628
1743506485.621171
1743506485.653315
1743506485.684851
1743506485.716381
1743506485.749628
1743506485.781029
1743506485.813134
1743506485.844428
1743506485.876492
1743506485.908582
1743506485.940507
1743506485.972348
1743506486.005136
1743506486.037028
1743506486.069435
1743506486.100536
1743506486.133117
1743506486.165112
1743506486.196780
1743506486.228072
1743506486.244487
1743506486.276759
1743506486.308522
1743506486.340156
1743506486.356662
1743506486.372733
1743506486.405052
1743506486.436425
1743506486.469103
1743506486.501135
1743506486.533002
1743506486.564329
1743506486.596938
1743506486.628770
1743506486.660790
1743506486.692204
1743506486.708684
1743506486.741094
1743506486.773137
1743506486.820517
1743506486.853056
1743506486.884925
1743506486.917042
1743506486.948318
1743506486.981000
1743506487.013202
1743506487.044896
1743506487.076324
1743506487.092694
1743506487.140400
1743506487.172875
1743506487.204200
1743506487.236928
1743506487.268764
1743506487.300934
1743506487.332409
1743506487.364790
1743506487.396934
1743506487.429063
1743506487.476554
1743506487.508373
1743506487.524461
1743506487.540476
1743506487.572245
1743506487.604902
1743506487.636776
1743506487.668843
1743506487.700348
1743506487.733133
1743506487.765254
1743506487.797124
1743506487.828169
1743506487.844393
1743506487.860580
1743506487.892452
1743506487.924131
1743506487.940573
1743506487.973047
1743506488.004787
1743506488.036551
1743506488.069332
1743506488.116943
1743506488.148798
1743506488.180173
1743506488.196349
1743506488.228344
1743506488.244574
1743506488.276449
1743506488.292552
1743506488.324687
1743506488.356732
1743506488.388393
1743506488.404365
1743506488.420757
1743506488.453123
1743506488.484181
1743506488.517019
1743506488.548798
1743506488.580909
1743506488.612293
1743506488.644692
1743506488.676817
1743506488.708617
1743506488.740302
1743506488.773464
1743506488.804994
1743506488.836853
1743506488.868206
1743506488.900959
1743506488.932919
1743506488.964828
1743506488.996309
1743506489.012499
1743506489.044870
1743506489.092241
1743506489.124021
1743506489.140447
1743506489.172727
1743506489.204703
1743506489.236702
1743506489.268786
1743506489.301410
1743506489.333131
1743506489.364455
1743506489.397392
1743506489.429145
1743506489.460410
1743506489.492285
1743506489.508446
1743506489.540533
1743506489.572735
1743506489.604413
1743506489.637052
1743506489.669001
1743506489.701205
1743506489.748443
1743506489.780797
1743506489.812826
1743506489.828334
1743506489.860077
1743506489.876399
1743506489.892490
1743506489.924522
1743506489.956215
1743506489.988979
1743506490.020996
1743506490.068853
1743506490.100115
1743506490.132759
1743506490.164764
1743506490.196777
1743506490.228283
1743506490.244493
1743506490.276575
1743506490.308704
1743506490.340148
1743506490.356619
1743506490.404528
1743506490.436647
1743506490.468219
1743506490.500865
1743506490.532925
1743506490.564604
1743506490.596184
1743506490.628509
1743506490.660558
1743506490.676532
1743506490.724218
1743506490.756604
1743506490.788708
1743506490.820734
1743506490.852295
1743506490.884839
1743506490.916862
1743506490.949049
1743506490.980511
1743506491.013083
1743506491.045105
1743506491.076340
1743506491.107898
1743506491.124252
1743506491.140418
1743506491.156367
1743506491.188141
1743506491.220798
1743506491.252579
1743506491.268610
1743506491.300642
1743506491.316748
1743506491.349193
1743506491.381383
1743506491.412068
1743506491.428281
1743506491.444384
1743506491.460328
1743506491.492096
1743506491.508493
1743506491.540614
1743506491.572653
1743506491.604375
1743506491.637287
1743506491.669011
1743506491.701141
1743506491.732096
1743506491.764214
1743506491.796975
1743506491.828851
1743506491.860481
1743506491.892481
1743506491.924728
1743506491.956647
1743506491.988786
1743506492.020990
1743506492.052217
1743506492.084672
1743506492.116822
1743506492.148718
1743506492.180134
1743506492.196298
1743506492.228694
1743506492.260581
1743506492.292063
1743506492.308514
1743506492.356561
1743506492.388419
1743506492.420126
1743506492.452990
1743506492.484662
1743506492.516849
1743506492.548185
1743506492.580867
1743506492.613165
1743506492.644689
1743506492.676115
1743506492.692316
1743506492.724498
1743506492.756589
1743506492.788154
1743506492.820663
1743506492.853193
1743506492.884817
1743506492.916300
1743506492.948951
1743506492.996651
1743506493.028679
1743506493.059874
1743506493.076167
1743506493.092434
1743506493.124531
1743506493.156112
1743506493.172185
1743506493.204750
1743506493.236880
1743506493.268398
1743506493.301100
1743506493.332869
1743506493.364575
1743506493.396138
1743506493.412416
1743506493.444526
1743506493.476479
1743506493.508008
1743506493.524367
1743506493.556675
1743506493.588820
1743506493.620361
1743506493.653115
1743506493.684564
1743506493.716988
1743506493.748068
1743506493.780737
1743506493.812964
1743506493.844495
1743506493.860314
1743506493.876514
1743506493.908729
1743506493.940531
1743506493.972450
1743506494.004550
1743506494.036775
1743506494.068785
1743506494.100108
1743506494.132781
1743506494.164608
1743506494.196978
1743506494.228312
1743506494.244444
1743506494.276510
1743506494.308762
1743506494.339787
1743506494.356064
1743506494.372363
1743506494.404585
1743506494.436324
1743506494.468806
1743506494.500765
1743506494.532966
1743506494.564238
1743506494.597093
1743506494.628804
1743506494.660279
1743506494.692021
1743506494.708187
1743506494.740622
1743506494.772654
1743506494.804211
1743506494.836921
1743506494.868801
1743506494.900942
1743506494.949271
1743506494.980503
1743506495.012634
1743506495.044805
1743506495.075981
1743506495.092289
1743506495.124351
1743506495.156464
1743506495.188297
1743506495.220859
1743506495.253041
1743506495.284837
1743506495.316108
1743506495.348657
1743506495.381016
1743506495.412769
1743506495.443991
1743506495.460185
1743506495.476446
1743506495.508556
1743506495.540060
1743506495.556360
1743506495.572513
1743506495.604934
1743506495.636026
1743506495.668681
1743506495.700618
1743506495.732697
1743506495.764016
1743506495.796656
1743506495.828448
1743506495.860514
1743506495.876330
1743506495.892579
1743506495.925068
1743506495.956441
1743506495.987842
1743506496.003882
1743506496.020157
1743506496.052835
1743506496.084082
1743506496.116787
1743506496.148736
1743506496.180769
1743506496.212268
1743506496.228388
1743506496.261112
1743506496.292173
1743506496.323778
1743506496.340181
1743506496.372430
1743506496.404574
1743506496.436065
1743506496.468902
1743506496.500878
1743506496.532901
1743506496.580703
1743506496.612738
1743506496.644096
1743506496.660052
1743506496.676242
1743506496.692386
1743506496.724450
1743506496.756353
1743506496.787981
1743506496.820691
1743506496.852879
1743506496.900645
1743506496.932354
1743506496.964596
1743506496.996567
1743506497.028168
1743506497.059783
1743506497.076164
1743506497.108204
1743506497.124284
1743506497.156161
1743506497.172287
1743506497.204840
1743506497.236758
1743506497.267865
1743506497.300666
1743506497.332421
1743506497.364540
1743506497.396030
1743506497.428455
1743506497.460566
1743506497.492500
1743506497.524170
1743506497.556634
1743506497.588219
1743506497.620407
1743506497.652458
1743506497.684786
1743506497.716796
1743506497.748590
1743506497.780349
1743506497.812987
1743506497.844925
1743506497.876882
1743506497.907717
1743506497.924209
1743506497.956288
1743506497.988571
1743506498.020067
1743506498.052978
1743506498.085021
1743506498.116716
1743506498.148078
1743506498.180841
1743506498.212723
1743506498.244322
1743506498.275694
1743506498.292304
1743506498.324359
1743506498.356327
1743506498.387978
1743506498.403993
1743506498.420351
1743506498.452833
1743506498.484127
1743506498.532587
1743506498.564572
1743506498.596459
1743506498.627949
1743506498.644129
1743506498.676242
1743506498.708483
1743506498.739755
1743506498.756240
1743506498.788123
1743506498.821247
1743506498.852091
1743506498.884792
1743506498.916483
1743506498.931752
1743506498.948040
1743506498.980735
1743506499.012643
1743506499.044525
1743506499.060095
1743506499.076370
1743506499.108386
1743506499.140479
1743506499.188298
1743506499.219952
1743506499.252595
1743506499.284402
1743506499.316636
1743506499.348423
1743506499.380768
1743506499.412660
1743506499.444324
1743506499.476392
1743506499.507929
1743506499.524059
1743506499.556307
1743506499.588398
1743506499.619969
1743506499.652929
1743506499.684719
1743506499.716588
1743506499.748019
1743506499.780975
1743506499.828413
1743506499.860025
1743506499.891655
1743506499.908145
1743506499.940129
1743506499.972515
1743506500.004018
1743506500.036738
1743506500.068507
1743506500.100620
1743506500.132218
1743506500.164907
1743506500.196396
1743506500.228181
1743506500.259686
1743506500.276117
1743506500.308317
1743506500.340307
1743506500.371895
1743506500.388176
1743506500.420673
1743506500.452796
1743506500.483899
1743506500.516390
1743506500.548436
1743506500.580697
1743506500.611834
1743506500.644202
1743506500.676134
1743506500.692194
1743506500.708369
1743506500.740361
1743506500.772588
1743506500.804759
1743506500.835834
1743506500.868424
1743506500.900608
1743506500.932635
1743506500.963945
1743506500.996521
1743506501.028298
1743506501.060262
1743506501.091992
1743506501.108414
1743506501.140596
1743506501.172336
1743506501.203852
1743506501.236358
1743506501.268546
1743506501.300718
1743506501.331938
1743506501.364764
1743506501.396667
1743506501.428701
1743506501.459879
1743506501.475955
1743506501.508061
1743506501.540282
1743506501.572249
1743506501.604404
1743506501.636545
1743506501.668479
1743506501.699963
1743506501.732582
1743506501.780348
1743506501.812573
1743506501.843715
1743506501.876018
1743506501.908006
1743506501.924115
1743506501.955743
1743506501.971874
1743506501.988006
1743506502.020502
1743506502.052050
1743506502.084870
1743506502.116612
1743506502.148443
1743506502.179798
1743506502.195856
1743506502.211968
1743506502.244064
1743506502.275630
1743506502.292166
1743506502.324133
1743506502.340141
1743506502.371953
1743506502.388114
1743506502.404197
1743506502.436982
1743506502.467808
1743506502.500422
1743506502.532667
1743506502.564294
1743506502.595898
1743506502.611930
1743506502.644265
1743506502.676144
1743506502.707850
1743506502.724247
1743506502.756466
1743506502.788315
1743506502.819937
1743506502.852664
1743506502.884404
1743506502.916748
1743506502.947931
1743506502.980546
1743506503.012677
1743506503.044284
1743506503.091799
1743506503.107903
1743506503.139950
1743506503.156202
1743506503.187968
1743506503.220321
1743506503.252510
1743506503.284372
1743506503.316667
1743506503.348648
1743506503.381021
1743506503.412743
1743506503.443609
1743506503.459995
1743506503.476036
1743506503.492239
1743506503.523738
1743506503.540122
1743506503.572365
1743506503.604660
1743506503.635845
1743506503.668402
1743506503.700540
1743506503.732395
1743506503.763725
1743506503.796664
1743506503.828489
1743506503.859986
1743506503.891574
1743506503.908093
1743506503.924077
1743506503.940155
1743506503.956219
1743506503.988332
1743506504.020510
1743506504.068339
1743506504.099693
1743506504.132332
1743506504.164335
1743506504.196471
1743506504.227824
1743506504.244125
1743506504.276176
1743506504.308147
1743506504.339755
1743506504.356202
1743506504.388643
1743506504.420242
1743506504.451768
1743506504.484461
1743506504.516402
1743506504.548638
1743506504.579791
1743506504.612315
1743506504.644400
1743506504.676207
1743506504.707729
1743506504.724061
1743506504.755854
1743506504.788272
1743506504.819906
1743506504.835796
1743506504.852090
1743506504.884706
1743506504.915990
1743506504.948485
1743506504.980589
1743506505.012651
1743506505.043920
1743506505.075880
1743506505.107858
1743506505.123918
1743506505.155644
1743506505.171699
1743506505.187894
1743506505.203884
1743506505.236158
1743506505.268519
1743506505.300532
1743506505.333030
1743506505.363829
1743506505.396176
1743506505.427796
1743506505.459902
1743506505.491524
1743506505.508150
1743506505.540090
1743506505.572452
1743506505.603784
1743506505.620041
1743506505.652815
1743506505.684372
1743506505.715646
1743506505.748438
1743506505.780432
1743506505.812229
1743506505.843749
1743506505.859827
1743506505.891895
1743506505.908139
1743506505.924122
1743506505.956364
1743506505.988533
1743506506.020757
1743506506.051699
1743506506.084421
1743506506.116473
1743506506.148331
1743506506.179964
1743506506.212413
1743506506.244461
1743506506.276103
1743506506.307895
1743506506.340689
1743506506.372333
1743506506.404311
1743506506.435732
1743506506.451731
1743506506.484644
1743506506.516465
1743506506.547966
1743506506.580003
1743506506.612537
1743506506.659967
1743506506.691882
1743506506.724024
1743506506.756173
1743506506.788213
1743506506.820231
1743506506.852426
1743506506.883810
1743506506.916681
1743506506.948644
1743506506.995940
1743506507.027652
1743506507.043915
1743506507.076057
1743506507.108059
1743506507.139472
1743506507.155838
1743506507.188105
1743506507.220297
1743506507.251871
1743506507.284574
1743506507.316421
1743506507.348442
1743506507.379782
1743506507.412335
1743506507.443804
1743506507.459952
1743506507.491516
1743506507.507943
1743506507.540205
1743506507.572501
1743506507.603939
1743506507.636530
1743506507.668354
1743506507.700318
1743506507.731711
1743506507.764482
1743506507.796267
1743506507.828100
1743506507.859562
1743506507.876039
1743506507.908285
1743506507.924013
1743506507.940185
1743506507.972854
1743506508.004219
1743506508.036428
1743506508.067848
1743506508.100360
1743506508.132362
1743506508.164608
1743506508.195871
1743506508.211969
1743506508.244125
1743506508.291693
1743506508.308325
1743506508.340076
1743506508.372090
1743506508.404193
1743506508.435835
1743506508.468236
1743506508.500215
1743506508.532504
1743506508.563849
1743506508.612094
1743506508.643986
1743506508.675879
1743506508.707425
1743506508.723767
1743506508.739862
1743506508.772043
1743506508.803654
1743506508.836496
1743506508.868457
1743506508.900584
1743506508.948155
1743506508.980112
1743506509.012414
1743506509.043955
1743506509.075423
1743506509.091945
1743506509.124021
1743506509.156119
1743506509.187803
1743506509.220434
1743506509.268295
1743506509.300112
1743506509.331509
1743506509.364153
1743506509.396568
1743506509.428288
1743506509.459478
1743506509.475809
1743506509.492027
1743506509.524242
1743506509.555722
1743506509.588388
1743506509.620195
1743506509.652371
1743506509.683665
1743506509.716283
1743506509.748273
1743506509.780281
1743506509.811701
1743506509.827907
1743506509.860387
1743506509.892136
1743506509.923739
1743506509.939734
1743506509.972087
1743506510.004075
1743506510.035623
1743506510.068429
1743506510.100570
1743506510.132140
1743506510.163741
1743506510.196393
1743506510.244163
1743506510.275971
1743506510.307363
1743506510.323764
1743506510.355979
1743506510.388232
1743506510.419615
1743506510.452276
1743506510.484375
1743506510.516381
1743506510.563884
1743506510.596087
1743506510.627937
1743506510.659848
1743506510.691361
1743506510.707850
1743506510.740085
1743506510.772087
1743506510.803744
1743506510.836319
1743506510.868421
1743506510.900553
1743506510.931942
1743506510.964138
1743506510.996093
1743506511.027883
1743506511.059447
1743506511.075794
1743506511.108050
1743506511.139907
1743506511.171764
1743506511.220014
1743506511.251994
1743506511.284100
1743506511.315593
1743506511.348203
1743506511.380224
1743506511.412242
1743506511.443507
1743506511.459846
1743506511.492024
1743506511.539542
1743506511.571412
1743506511.604084
1743506511.636229
1743506511.668236
1743506511.700037
1743506511.732389
1743506511.764338
1743506511.796336
1743506511.827920
1743506511.843887
1743506511.876639
1743506511.908019
1743506511.939321
1743506511.955660
1743506511.988115
1743506512.020108
1743506512.051717
1743506512.084195
1743506512.116238
1743506512.147957
1743506512.194763
1743506512.211906
1743506512.243765
1743506512.275816
1743506512.307330
1743506512.323749
1743506512.355830
1743506512.388034
1743506512.419645
1743506512.452370
1743506512.484729
1743506512.516459
1743506512.547495
1743506512.579970
1743506512.612326
1743506512.643798
1743506512.675340
1743506512.691708
1743506512.707863
1743506512.723952
1743506512.755688
1743506512.771673
1743506512.787872
1743506512.820600
1743506512.851720
1743506512.884204
1743506512.916162
1743506512.948258
1743506512.979457
1743506512.995630
1743506513.027761
1743506513.043715
1743506513.059826
1743506513.075832
1743506513.092063
1743506513.124023
1743506513.171646
1743506513.203961
1743506513.236208
1743506513.268196
1743506513.299526
1743506513.332055
1743506513.364283
1743506513.396446
1743506513.427899
1743506513.460076
1743506513.492313
1743506513.523615
1743506513.555562
1743506513.587960
1743506513.620023
1743506513.652195
1743506513.683456
1743506513.699516
1743506513.715822
1743506513.731790
1743506513.764092
1743506513.796289
1743506513.828409
1743506513.859762
1743506513.891241
1743506513.907775
1743506513.939823
1743506513.955643
1743506513.987506
1743506514.020290
1743506514.052339
1743506514.084499
1743506514.115720
1743506514.147674
1743506514.179986
1743506514.212108
1743506514.243898
1743506514.275817
1743506514.307883
1743506514.340184
1743506514.372164
1743506514.404432
1743506514.435786
1743506514.468232
1743506514.499943
1743506514.532077
1743506514.563447
1743506514.596300
1743506514.627948
1743506514.659832
1743506514.691338
1743506514.707840
1743506514.739998
1743506514.772303
1743506514.803549
1743506514.835948
1743506514.868017
1743506514.899874
1743506514.931559
1743506514.964043
1743506514.996159
1743506515.028214
1743506515.059431
1743506515.075709
1743506515.091979
1743506515.124359
1743506515.155228
1743506515.187956
1743506515.219941
1743506515.251930
1743506515.283519
1743506515.316421
1743506515.348115
1743506515.380227
1743506515.411604
1743506515.444210
1743506515.475496
1743506515.491543
1743506515.523401
1743506515.539629
1743506515.571914
1743506515.604246
1743506515.635458
1743506515.668235
1743506515.700381
1743506515.732198
1743506515.779970
1743506515.811884
1743506515.843631
1743506515.875903
1743506515.907236
1743506515.923575
1743506515.955781
1743506515.971499
1743506516.003620
1743506516.036275
1743506516.068279
1743506516.100277
1743506516.131389
1743506516.163957
1743506516.196035
1743506516.227780
1743506516.259334
1743506516.275600
1743506516.291849
1743506516.323831
1743506516.355436
1743506516.371713
1743506516.419816
1743506516.452051
1743506516.483375
1743506516.515915
1743506516.548049
1743506516.580022
1743506516.611451
1743506516.643726
1743506516.675878
1743506516.707927
1743506516.755412
1743506516.787896
1743506516.819997
1743506516.852087
1743506516.883383
1743506516.916358
1743506516.948061
1743506516.980122
1743506517.011565
1743506517.027728
1743506517.075564
1743506517.107445
1743506517.139204
1743506517.155422
1743506517.187934
1743506517.220052
1743506517.251499
1743506517.284149
1743506517.316366
1743506517.348053
1743506517.395767
1743506517.427571
1743506517.459597
1743506517.491433
1743506517.523228
1743506517.539576
1743506517.571865
1743506517.603899
1743506517.635703
1743506517.668382
1743506517.700352
1743506517.732237
1743506517.763286
1743506517.795964
1743506517.827855
1743506517.859710
1743506517.891236
1743506517.907870
1743506517.939899
1743506517.972054
1743506518.003509
1743506518.051838
1743506518.083945
1743506518.115899
1743506518.147306
1743506518.180124
1743506518.211919
1743506518.243646
1743506518.275692
1743506518.307875
1743506518.339850
1743506518.372229
1743506518.403293
1743506518.419960
1743506518.451890
1743506518.483793
1743506518.515389
1743506518.547996
1743506518.580120
1743506518.611967
1743506518.643293
1743506518.659707
1743506518.707501
1743506518.739513
1743506518.771320
1743506518.803986
1743506518.836103
1743506518.868280
1743506518.899410
1743506518.931994
1743506518.964200
1743506518.996271
1743506519.027403
1743506519.059718
1743506519.091520
1743506519.107610
1743506519.139186
1743506519.155520
1743506519.171685
1743506519.204035
1743506519.235326
1743506519.251403
1743506519.267738
1743506519.300175
1743506519.347554
1743506519.379990
1743506519.411737
1743506519.443758
1743506519.475049
1743506519.491537
1743506519.523826
1743506519.555616
1743506519.587518
1743506519.620002
1743506519.652172
1743506519.684160
1743506519.715163
1743506519.747952
1743506519.779871
1743506519.811881
1743506519.843105
1743506519.859494
1743506519.875609
1743506519.907797
1743506519.939321
1743506519.955649
1743506520.003580
1743506520.019323
1743506520.035514
1743506520.051549
1743506520.084004
1743506520.115827
1743506520.147336
1743506520.180096
1743506520.211920
1743506520.243710
1743506520.275323
1743506520.291678
1743506520.323800
1743506520.355608
1743506520.387194
1743506520.419762
1743506520.452021
1743506520.483895
1743506520.515317
1743506520.548123
1743506520.580242
1743506520.612139
1743506520.659595
1743506520.691553
1743506520.723339
1743506520.739333
1743506520.755511
1743506520.771657
1743506520.803882
1743506520.836260
1743506520.867347
1743506520.883465
1743506520.899606
1743506520.932292
1743506520.979868
1743506521.011815
1743506521.043672
1743506521.075780
1743506521.107095
1743506521.123540
1743506521.155745
1743506521.187774
1743506521.219410
1743506521.251784
1743506521.267705
1743506521.299775
1743506521.331570
1743506521.363723
1743506521.396132
1743506521.427813
1743506521.459075
1743506521.475364
1743506521.491613
1743506521.507802
1743506521.539250
1743506521.555566
1743506521.588161
1743506521.635627
1743506521.667138
1743506521.699299
1743506521.732049
1743506521.763908
1743506521.795923
1743506521.827873
1743506521.859694
1743506521.891592
1743506521.924398
1743506521.956027
1743506521.987034
1743506522.019657
1743506522.035159
1743506522.068276
1743506522.099295
1743506522.132053
1743506522.163929
1743506522.196113
1743506522.227411
1743506522.243607
1743506522.276089
1743506522.307294
1743506522.339232
1743506522.371539
1743506522.403834
1743506522.435837
1743506522.467245
1743506522.499896
1743506522.531992
1743506522.564060
1743506522.611569
1743506522.643739
1743506522.675335
1743506522.691319
1743506522.722966
1743506522.739384
1743506522.755500
1743506522.787674
1743506522.819306
1743506522.851971
1743506522.883973
1743506522.931793
1743506522.963114
1743506522.995908
1743506523.027800
1743506523.059547
1743506523.091005
1743506523.107453
1743506523.139849
1743506523.171883
1743506523.203329
1743506523.251669
1743506523.283723
1743506523.315794
1743506523.347199
1743506523.379904
1743506523.412133
1743506523.443580
1743506523.475217
1743506523.491537
1743506523.523633
1743506523.555616
1743506523.587320
1743506523.619746
1743506523.651954
1743506523.683995
1743506523.715213
1743506523.747879
1743506523.779873
1743506523.811884
1743506523.843161
1743506523.859559
1743506523.907543
1743506523.939564
1743506523.971055
1743506524.003709
1743506524.035860
1743506524.067838
1743506524.099664
1743506524.132105
1743506524.164028
1743506524.195986
1743506524.227388
1743506524.259335
1743506524.291212
1743506524.323626
1743506524.355059
1743506524.387603
1743506524.419971
1743506524.451726
1743506524.483496
1743506524.516026
1743506524.563834
1743506524.595645
1743506524.627156
1743506524.659541
1743506524.691279
1743506524.723308
1743506524.755094
1743506524.771256
1743506524.787409
1743506524.819824
1743506524.851430
1743506524.883956
1743506524.915985
1743506524.947709
1743506524.979162
1743506525.011865
1743506525.043541
1743506525.075406
1743506525.107138
1743506525.123441
1743506525.155605
1743506525.203294
1743506525.235002
1743506525.267937
1743506525.299674
1743506525.331771
1743506525.363124
1743506525.379125
1743506525.395276
1743506525.411350
1743506525.443114
1743506525.459478
1743506525.475459
1743506525.491488
1743506525.507549
1743506525.540170
1743506525.571562
1743506525.603682
1743506525.635115
1743506525.667816
1743506525.699922
1743506525.731825
1743506525.763438
1743506525.796202
1743506525.827963
1743506525.859934
1743506525.890839
1743506525.907248
1743506525.923290
1743506525.955387
1743506525.987278
1743506526.019719
1743506526.051806
1743506526.083821
1743506526.115387
1743506526.148064
1743506526.179856
1743506526.211670
1743506526.242892
1743506526.259214
1743506526.291488
1743506526.307460
1743506526.338966
1743506526.355335
1743506526.387760
1743506526.419863
1743506526.451319
1743506526.483938
1743506526.515785
1743506526.547533
1743506526.579062
1743506526.611737
1743506526.643384
1743506526.675264
1743506526.706976
1743506526.723307
1743506526.739558
1743506526.771910
1743506526.803366
1743506526.836139
1743506526.867725
1743506526.899693
1743506526.931032
1743506526.963574
1743506526.995756
1743506527.027706
1743506527.058981
1743506527.075417
1743506527.107566
1743506527.155072
1743506527.186873
1743506527.203052
1743506527.235833
1743506527.267734
1743506527.299206
1743506527.331728
1743506527.364042
1743506527.396031
1743506527.427481
1743506527.459654
1743506527.491702
1743506527.523238
1743506527.555216
1743506527.587490
1743506527.619721
1743506527.651676
1743506527.683102
1743506527.715805
1743506527.747858
1743506527.779854
1743506527.811074
1743506527.827138
1743506527.859381
1743506527.891473
1743506527.923274
1743506527.955402
1743506527.987501
1743506528.019580
1743506528.051213
1743506528.083968
1743506528.131498
1743506528.163631
1743506528.194968
1743506528.211184
1743506528.243238
1743506528.275219
1743506528.306814
1743506528.323282
1743506528.355524
1743506528.387973
1743506528.419404
1743506528.467674
1743506528.499486
1743506528.531646
1743506528.563054
1743506528.595780
1743506528.627708
1743506528.659340
1743506528.690912
1743506528.707385
1743506528.739493
1743506528.787226
1743506528.818988
1743506528.851579
1743506528.883652
1743506528.915714
1743506528.947177
1743506528.979670
1743506529.011870
1743506529.043789
1743506529.075049
1743506529.107780
1743506529.139096
1743506529.171442
1743506529.203029
1743506529.235600
1743506529.267802
1743506529.299716
1743506529.330978
1743506529.363309
1743506529.395785
1743506529.443466
1743506529.475279
1743506529.507363
1743506529.539187
1743506529.571506
1743506529.603600
1743506529.635754
1743506529.667390
1743506529.699852
1743506529.731728
1743506529.763847
1743506529.794888
1743506529.811069
1743506529.843355
1743506529.875522
1743506529.906801
1743506529.923212
1743506529.955358
1743506529.987464
1743506530.019398
1743506530.051923
1743506530.083966
1743506530.115620
1743506530.147061
1743506530.179758
1743506530.211814
1743506530.243437
1743506530.274876
1743506530.291307
1743506530.323557
1743506530.355520
1743506530.387071
1743506530.419770
1743506530.451443
1743506530.483586
1743506530.514974
1743506530.547791
1743506530.579474
1743506530.611673
1743506530.642856
1743506530.659304
1743506530.675408
1743506530.707353
1743506530.738904
1743506530.771561
1743506530.803437
1743506530.835577
1743506530.867050
1743506530.899714
1743506530.931807
1743506530.963677
1743506530.995121
1743506531.011178
1743506531.027315
1743506531.059537
1743506531.090640
1743506531.107045
1743506531.139292
1743506531.171434
1743506531.202801
1743506531.218814
1743506531.235123
1743506531.251227
1743506531.283234
1743506531.315661
1743506531.347645
1743506531.395681
1743506531.426810
1743506531.443027
1743506531.475241
1743506531.507352
1743506531.538830
1743506531.555121
1743506531.571228
1743506531.603494
1743506531.635557
1743506531.667925
1743506531.715503
1743506531.747401
1743506531.778933
1743506531.795033
1743506531.827190
1743506531.859362
1743506531.891405
1743506531.923342
1743506531.955265
1743506531.987678
1743506532.035598
1743506532.067458
1743506532.099646
1743506532.131634
1743506532.162865
1743506532.195597
1743506532.227556
1743506532.259352
1743506532.290938
1743506532.307285
1743506532.339559
1743506532.371733
1743506532.403028
1743506532.435540
1743506532.467652
1743506532.499330
1743506532.530928
1743506532.563773
1743506532.595728
1743506532.627679
1743506532.658931
1743506532.691668
1743506532.723011
1743506532.755288
1743506532.786724
1743506532.819362
1743506532.851674
1743506532.883447
1743506532.915139
1743506532.947919
1743506532.979975
1743506533.011590
1743506533.042652
1743506533.059053
1743506533.090927
1743506533.107172
1743506533.138870
1743506533.155011
1743506533.171178
1743506533.203441
1743506533.234904
1743506533.267899
1743506533.299670
1743506533.347322
1743506533.378711
1743506533.394962
1743506533.427069
1743506533.459059
1743506533.490621
1743506533.507157
1743506533.539274
1743506533.571708
1743506533.603027
1743506533.635646
1743506533.667901
1743506533.699458
1743506533.730967
1743506533.763497
1743506533.795583
1743506533.827404
1743506533.859210
1743506533.891370
1743506533.923407
1743506533.955595
1743506533.986939
1743506534.019305
1743506534.051506
1743506534.083384
1743506534.114796
1743506534.130739
1743506534.147082
1743506534.179701
1743506534.211041
1743506534.227181
1743506534.259340
1743506534.291248
1743506534.322855
1743506534.338974
1743506534.371322
1743506534.403527
1743506534.434851
1743506534.467819
1743506534.499544
1743506534.531506
1743506534.563048
1743506534.595621
1743506534.643251
1743506534.674917
1743506534.706574
1743506534.722925
1743506534.755387
1743506534.787498
1743506534.818913
1743506534.851546
1743506534.883810
1743506534.915656
1743506534.963274
1743506534.995465
1743506535.026953
1743506535.042938
1743506535.059075
1743506535.091329
1743506535.122970
1743506535.155213
1743506535.187108
1743506535.219533
1743506535.251528
1743506535.299284
1743506535.330727
1743506535.363290
1743506535.395426
1743506535.427519
1743506535.458673
1743506535.474979
1743506535.491084
1743506535.507129
1743506535.523208
1743506535.555405
1743506535.587778
1743506535.619436
1743506535.651103
1743506535.683289
1743506535.715451
1743506535.747653
1743506535.778956
1743506535.811501
1743506535.843214
1743506535.875269
1743506535.906838
1743506535.939496
1743506535.971261
1743506536.003258
1743506536.034832
1743506536.067645
1743506536.099518
1743506536.131503
1743506536.162973
1743506536.178794
1743506536.195186
1743506536.211130
1743506536.227148
1743506536.243235
1743506536.275761
1743506536.307162
1743506536.322946
1743506536.338984
1743506536.355094
1743506536.370958
1743506536.386984
1743506536.402930
1743506536.418972
1743506536.434996
1743506536.450999
1743506536.467152
1743506536.483068
1743506536.499075
1743506536.515099
1743506536.531085
1743506536.547264
1743506536.563226
1743506536.594880
1743506536.610939
1743506536.626982
1743506536.642927
1743506536.659004
1743506536.674948
1743506536.691093
1743506536.707154
1743506536.723101
1743506536.739087
1743506536.755077
1743506536.771160
1743506536.786934
1743506536.802970
1743506536.818961
1743506536.835208
1743506536.851134
1743506536.867195
1743506536.883211
1743506536.915544
1743506536.947373
1743506536.979492
1743506537.011030
1743506537.026890
1743506537.043095
1743506537.059064
1743506537.074937
1743506537.091056
1743506537.107059
1743506537.123097
1743506537.139120
1743506537.155265
1743506537.171127
1743506537.187151
1743506537.203121
1743506537.219166
1743506537.251897
1743506537.283445
1743506537.315098
1743506537.330579
1743506537.347166
1743506537.362827
1743506537.378895
1743506537.394902
1743506537.411030
1743506537.426995
1743506537.443081
1743506537.459080
1743506537.475336
1743506537.491270
1743506537.507164
1743506537.523324
1743506537.539172
1743506537.571570
1743506537.603257
1743506537.635342
1743506537.667397
1743506537.699570
1743506537.730921
1743506537.746652
1743506537.762927
1743506537.779128
1743506537.810950
1743506537.827144
1743506537.843041
1743506537.859156
1743506537.890733
1743506537.907002
1743506537.922903
1743506537.938879
1743506537.954956
1743506537.971175
1743506537.987420
1743506538.019374
1743506538.050904
1743506538.066746
1743506538.083012
1743506538.098934
1743506538.115028
1743506538.131018
1743506538.147037
1743506538.163320
1743506538.179104
1743506538.195197
1743506538.227619
1743506538.258800
1743506538.274771
1743506538.290917
1743506538.307372
1743506538.322887
1743506538.339106
1743506538.355082
1743506538.370980
1743506538.386815
1743506538.402961
1743506538.419066
1743506538.435082
1743506538.451124
1743506538.467079
1743506538.483165
1743506538.499111
1743506538.515078
1743506538.547234
1743506538.579516
1743506538.611680
1743506538.643006
1743506538.658935
1743506538.674935
1743506538.690971
1743506538.707208
1743506538.722979
1743506538.739016
1743506538.754976
1743506538.771029
1743506538.787001
1743506538.803045
1743506538.819015
1743506538.835099
1743506538.866927
1743506538.882518
1743506538.898791
1743506538.914796
1743506538.930774
1743506538.946819
1743506538.962934
1743506538.978820
1743506538.994809
1743506539.010959
1743506539.026868
1743506539.042926
1743506539.058943
1743506539.075033
1743506539.091043
1743506539.107079
1743506539.123063
1743506539.139088
1743506539.155265
1743506539.171167
1743506539.202895
1743506539.218508
1743506539.234732
1743506539.250840
1743506539.266921
1743506539.282936
1743506539.298889
1743506539.314850
1743506539.330864
1743506539.346890
1743506539.363028
1743506539.378909
1743506539.395030
1743506539.411127
1743506539.427106
1743506539.443040
1743506539.459129
1743506539.475130
1743506539.491289
1743506539.523452
1743506539.554460
1743506539.570609
1743506539.586722
1743506539.602728
1743506539.618845
1743506539.634878
1743506539.650961
1743506539.667009
1743506539.682901
1743506539.698932
1743506539.714869
1743506539.730948
1743506539.746989
1743506539.763031
1743506539.779051
1743506539.795033
1743506539.811027
1743506539.843215
1743506539.858853
1743506539.874826
1743506539.890886
1743506539.906956
1743506539.922902
1743506539.938887
1743506539.954933
1743506539.971029
1743506539.986810
1743506540.002897
1743506540.018911
1743506540.035003
1743506540.051003
1743506540.067024
1743506540.082962
1743506540.099040
1743506540.115036
1743506540.131068
1743506540.147076
1743506540.179758
1743506540.211318
1743506540.226711
1743506540.242786
1743506540.258915
1743506540.274863
1743506540.290938
1743506540.307002
1743506540.322915
1743506540.338929
1743506540.354983
1743506540.370989
1743506540.386929
1743506540.402831
1743506540.418876
1743506540.434936
1743506540.451082
1743506540.467141
1743506540.499523
1743506540.530588
1743506540.546423
1743506540.562827
1743506540.578800
1743506540.594756
1743506540.610829
1743506540.626758
1743506540.642943
1743506540.658882
1743506540.674978
1743506540.690895
1743506540.706888
1743506540.722894
1743506540.739034
1743506540.755104
1743506540.771063
1743506540.786987
1743506540.819597
1743506540.851220
1743506540.883411
1743506540.914669
1743506540.930442
1743506540.946730
1743506540.962677
1743506540.978754
1743506540.994741
1743506541.010940
1743506541.026892
1743506541.042876
1743506541.058949
1743506541.075019
1743506541.091015
1743506541.107204
1743506541.123116
1743506541.155565
1743506541.187003
1743506541.218585
1743506541.234619
1743506541.250853
1743506541.266961
1743506541.282826
1743506541.298870
1743506541.314884
1743506541.330857
1743506541.346804
1743506541.362799
1743506541.378992
1743506541.395034
1743506541.411073
1743506541.427058
1743506541.442997
1743506541.475680
1743506541.506720
1743506541.522648
1743506541.538786
1743506541.554921
1743506541.570820
1743506541.586821
1743506541.602702
1743506541.618866
1743506541.634843
1743506541.650814
1743506541.666970
1743506541.683009
1743506541.698957
1743506541.714908
1743506541.730986
1743506541.747009
1743506541.762957
1743506541.795016
1743506541.826372
1743506541.842596
1743506541.858857
1743506541.874783
1743506541.890968
1743506541.906868
1743506541.922761
1743506541.938830
1743506541.954705
1743506541.970972
1743506541.986846
1743506542.002952
1743506542.034014
1743506542.049866
1743506542.066372
1743506542.082971
1743506542.098974
1743506542.131701
1743506542.163052
1743506542.195386
1743506542.226494
1743506542.242658
1743506542.258786
1743506542.274658
1743506542.290910
1743506542.306926
1743506542.322922
1743506542.338930
1743506542.355000
1743506542.370982
1743506542.386922
1743506542.402996
1743506542.418998
1743506542.451675
1743506542.483226
1743506542.515612
1743506542.546505
1743506542.562429
1743506542.578699
1743506542.594654
1743506542.610770
1743506542.626920
1743506542.642816
1743506542.658877
1743506542.674960
1743506542.691016
1743506542.707028
1743506542.722955
1743506542.739106
1743506542.771457
1743506542.802989
1743506542.818358
1743506542.834783
1743506542.850693
1743506542.866821
1743506542.882792
1743506542.898891
1743506542.914949
1743506542.930992
1743506542.946814
1743506542.963017
1743506542.978988
1743506542.994963
1743506543.010857
1743506543.026948
1743506543.042923
1743506543.058962
1743506543.074985
1743506543.106640
1743506543.123036
1743506543.138954
1743506543.154810
1743506543.170762
1743506543.186716
1743506543.202703
1743506543.218835
1743506543.234941
1743506543.250815
1743506543.266921
1743506543.282762
1743506543.298877
1743506543.314803
1743506543.330863
1743506543.346903
1743506543.362929
1743506543.379000
1743506543.394734
1743506543.427341
1743506543.458405
1743506543.474647
1743506543.490763
1743506543.506779
1743506543.522816
1743506543.538810
1743506543.554832
1743506543.570897
1743506543.586739
1743506543.602718
1743506543.618826
1743506543.634809
1743506543.650891
1743506543.667008
1743506543.683006
1743506543.698880
1743506543.714938
1743506543.747806
1743506543.779129
1743506543.811211
1743506543.842288
1743506543.858694
1743506543.874721
1743506543.890884
1743506543.906901
1743506543.922830
1743506543.938882
1743506543.954919
1743506543.970908
1743506543.986814
1743506544.002909
1743506544.018890
1743506544.034943
1743506544.050975
1743506544.083811
1743506544.115150
1743506544.146620
1743506544.162399
1743506544.178667
1743506544.194726
1743506544.210775
1743506544.226767
1743506544.242721
1743506544.258748
1743506544.274787
1743506544.290774
1743506544.306986
1743506544.322853
1743506544.338967
1743506544.354999
1743506544.370972
1743506544.403504
1743506544.434525
1743506544.450349
1743506544.466733
1743506544.482643
1743506544.498699
1743506544.514641
1743506544.530742
1743506544.546688
1743506544.562708
1743506544.578730
1743506544.594834
1743506544.610696
1743506544.626932
1743506544.642859
1743506544.658919
1743506544.674894
1743506544.690933
1743506544.723380
1743506544.754991
1743506544.786908
1743506544.818709
1743506544.834408
1743506544.850622
1743506544.866720
1743506544.882748
1743506544.898863
1743506544.914900
1743506544.930776
1743506544.946836
1743506544.962887
1743506544.978893
1743506544.994920
1743506545.010929
1743506545.026939
1743506545.059317
1743506545.074709
1743506545.090856
1743506545.106848
1743506545.122857
1743506545.138998
1743506545.154943
1743506545.171011
1743506545.186892
1743506545.202800
1743506545.218979
1743506545.234936
1743506545.250890
1743506545.266917
1743506545.282972
1743506545.298996
1743506545.314965
1743506545.331135
1743506545.346999
1743506545.379724
1743506545.411644
1743506545.442885
1743506545.458896
1743506545.474881
1743506545.490916
1743506545.506890
1743506545.522939
1743506545.538862
1743506545.554991
1743506545.570994
1743506545.586790
1743506545.602764
1743506545.619015
1743506545.634939
1743506545.650992
1743506545.667053
1743506545.699532
1743506545.731035
1743506545.762577
1743506545.778522
1743506545.794730
1743506545.810851
1743506545.826814
1743506545.858823
1743506545.874912
1743506545.890901
1743506545.906826
1743506545.922844
1743506545.938978
1743506545.955064
1743506545.971156
1743506545.987146
1743506546.002917
1743506546.035731
1743506546.067553
1743506546.099416
1743506546.130791
1743506546.146521
