1743507117.728867
1743507117.793379
1743507117.824744
1743507117.856733
1743507117.888838
1743507117.936252
1743507117.968205
1743507117.984684
1743507118.001318
1743507118.033102
1743507118.065319
1743507118.097042
1743507118.135261
1743507118.160095
1743507118.192947
1743507118.209577
1743507118.257118
1743507118.273497
1743507118.305080
1743507118.336814
1743507118.369308
1743507118.401366
1743507118.433440
1743507118.465589
1743507118.497848
1743507118.529858
1743507118.562494
1743507118.594325
1743507118.626541
1743507118.658189
1743507118.689839
1743507118.722272
1743507118.754265
1743507118.786832
1743507118.818842
1743507118.851482
1743507118.883211
1743507118.915401
1743507118.946713
1743507118.979134
1743507119.009727
1743507119.041897
1743507119.073072
1743507119.104618
1743507119.121198
1743507119.137430
1743507119.153187
1743507119.169136
1743507119.185501
1743507119.233204
1743507119.265365
1743507119.296861
1743507119.312724
1743507119.328887
1743507119.345039
1743507119.361018
1743507119.377178
1743507119.409163
1743507119.424970
1743507119.441026
1743507119.457161
1743507119.473084
1743507119.489087
1743507119.505305
1743507119.521244
1743507119.537204
1743507119.569429
1743507119.600819
1743507119.616922
1743507119.632933
1743507119.648906
1743507119.664987
1743507119.680910
1743507119.696948
1743507119.713630
1743507119.744844
1743507119.761085
1743507119.776960
1743507119.792990
1743507119.809637
1743507119.841866
1743507119.889285
1743507119.921096
1743507119.937095
1743507119.952870
1743507119.969210
1743507120.001316
1743507120.017106
1743507120.032961
1743507120.049064
1743507120.064953
1743507120.081087
1743507120.096887
1743507120.113128
1743507120.145741
1743507120.177023
1743507120.209741
1743507120.241167
1743507120.256860
1743507120.272876
1743507120.288857
1743507120.304971
1743507120.320955
1743507120.337065
1743507120.353166
1743507120.369025
1743507120.384830
1743507120.400900
1743507120.416751
1743507120.432951
1743507120.448962
1743507120.465188
1743507120.481083
1743507120.497167
1743507120.513116
1743507120.544844
1743507120.560566
1743507120.576851
1743507120.592813
1743507120.608709
1743507120.624995
1743507120.656878
1743507120.672761
1743507120.688819
1743507120.704884
1743507120.721070
1743507120.737033
1743507120.753134
1743507120.769143
1743507120.784975
1743507120.800958
1743507120.816919
1743507120.832999
1743507120.865403
1743507120.896643
1743507120.912717
1743507120.928649
1743507120.944589
1743507120.960703
1743507120.976875
1743507120.992841
1743507121.008850
1743507121.024876
1743507121.041037
1743507121.073046
1743507121.089022
1743507121.105016
1743507121.121119
1743507121.137349
1743507121.153196
1743507121.184817
1743507121.200478
1743507121.216709
1743507121.232739
1743507121.248902
1743507121.264993
1743507121.280955
1743507121.297089
1743507121.313005
1743507121.329027
1743507121.361298
1743507121.393324
1743507121.424556
1743507121.440937
1743507121.457113
1743507121.473166
1743507121.489066
1743507121.521386
1743507121.552978
1743507121.568645
1743507121.584748
1743507121.600734
1743507121.616581
1743507121.632806
1743507121.648811
1743507121.664934
1743507121.680866
1743507121.696855
1743507121.712934
1743507121.728893
1743507121.744916
1743507121.760954
1743507121.777098
1743507121.793043
1743507121.808978
1743507121.841107
1743507121.872470
1743507121.888710
1743507121.904875
1743507121.920809
1743507121.936763
1743507121.952760
1743507121.969003
1743507121.984992
1743507122.000748
1743507122.016866
1743507122.032930
1743507122.048882
1743507122.064917
1743507122.080994
1743507122.096929
1743507122.113083
1743507122.128934
1743507122.161694
1743507122.193026
1743507122.208824
1743507122.224800
1743507122.241018
1743507122.256772
1743507122.272817
1743507122.288914
1743507122.305015
1743507122.320934
1743507122.336893
1743507122.352912
1743507122.369068
1743507122.384964
1743507122.401003
1743507122.416916
1743507122.432973
1743507122.449007
1743507122.464949
1743507122.496775
1743507122.512454
1743507122.528654
1743507122.544686
1743507122.560690
1743507122.576700
1743507122.592870
1743507122.608727
1743507122.624811
1743507122.640820
1743507122.656747
1743507122.672756
1743507122.688881
1743507122.705204
1743507122.721038
1743507122.736957
1743507122.753160
1743507122.769208
1743507122.785195
1743507122.817256
1743507122.848673
1743507122.864659
1743507122.880765
1743507122.896723
1743507122.912760
1743507122.928769
1743507122.944736
1743507122.960802
1743507122.976771
1743507122.992774
1743507123.008795
1743507123.024766
1743507123.040857
1743507123.056954
1743507123.072938
1743507123.088967
1743507123.105091
1743507123.137560
1743507123.169023
1743507123.201126
1743507123.233189
1743507123.265294
1743507123.281070
1743507123.296877
1743507123.312879
1743507123.328722
1743507123.344727
1743507123.360909
1743507123.376873
1743507123.393226
1743507123.408986
1743507123.425206
1743507123.440947
1743507123.473198
1743507123.489017
1743507123.504836
1743507123.520797
1743507123.536894
1743507123.552781
1743507123.568801
1743507123.584717
1743507123.600644
1743507123.616776
1743507123.632707
1743507123.648936
1743507123.664842
1743507123.680846
1743507123.696937
1743507123.712955
1743507123.728929
1743507123.745339
1743507123.761249
1743507123.793591
1743507123.824955
1743507123.840699
1743507123.856740
1743507123.872833
1743507123.888747
1743507123.904999
1743507123.920855
1743507123.937045
1743507123.952817
1743507123.969099
1743507124.000712
1743507124.016707
1743507124.032824
1743507124.048890
1743507124.065024
1743507124.081019
1743507124.113638
1743507124.145023
1743507124.176695
1743507124.192642
1743507124.208628
1743507124.224866
1743507124.240682
1743507124.256761
1743507124.272711
1743507124.288745
1743507124.304910
1743507124.320954
1743507124.336957
1743507124.353018
1743507124.368882
1743507124.384687
1743507124.401090
1743507124.416997
1743507124.448842
1743507124.464440
1743507124.480598
1743507124.496766
1743507124.512682
1743507124.528852
1743507124.544698
1743507124.560711
1743507124.576682
1743507124.592762
1743507124.608713
1743507124.624730
1743507124.640843
1743507124.656782
1743507124.672895
1743507124.688974
1743507124.704990
1743507124.721113
1743507124.736991
1743507124.769421
1743507124.800518
1743507124.816385
1743507124.832642
1743507124.848655
1743507124.864612
1743507124.880729
1743507124.896631
1743507124.912840
1743507124.928698
1743507124.944781
1743507124.960714
1743507124.976688
1743507124.992929
1743507125.009001
1743507125.024974
1743507125.040860
1743507125.056895
1743507125.089346
1743507125.120622
1743507125.136570
1743507125.152813
1743507125.168754
1743507125.184684
1743507125.200719
1743507125.216702
1743507125.232933
1743507125.265260
1743507125.297259
1743507125.328960
1743507125.344516
1743507125.360986
1743507125.376964
1743507125.392932
1743507125.425082
1743507125.440704
1743507125.456563
1743507125.472587
1743507125.488649
1743507125.504776
1743507125.520721
1743507125.536745
1743507125.552985
1743507125.568945
1743507125.584589
1743507125.600883
1743507125.616705
1743507125.632653
1743507125.648926
1743507125.664966
1743507125.680908
1743507125.697067
1743507125.712847
1743507125.745537
1743507125.777057
1743507125.808988
1743507125.824584
1743507125.840704
1743507125.856670
1743507125.872679
1743507125.888643
1743507125.904869
1743507125.920719
1743507125.936645
1743507125.952911
1743507125.968867
1743507125.984933
1743507126.000811
1743507126.016851
1743507126.032889
1743507126.065642
1743507126.097022
1743507126.129061
1743507126.160630
1743507126.176416
1743507126.192614
1743507126.209210
1743507126.240313
1743507126.256601
1743507126.272839
1743507126.288795
1743507126.305004
1743507126.321011
1743507126.336922
1743507126.352914
1743507126.368937
1743507126.401211
1743507126.433186
1743507126.465131
1743507126.496500
1743507126.512493
1743507126.528621
1743507126.544615
1743507126.560625
1743507126.576910
1743507126.609162
1743507126.624841
1743507126.640776
1743507126.656873
1743507126.672813
1743507126.688829
1743507126.720704
1743507126.736640
1743507126.752755
1743507126.768703
1743507126.800735
1743507126.816452
1743507126.832752
1743507126.848633
1743507126.864767
1743507126.880752
1743507126.896625
1743507126.912981
1743507126.928756
1743507126.944872
1743507126.960821
1743507126.976754
1743507126.992808
1743507127.008886
1743507127.041204
1743507127.072717
1743507127.088533
1743507127.104785
1743507127.120656
1743507127.136718
1743507127.152701
1743507127.168756
1743507127.184619
1743507127.200490
1743507127.216738
1743507127.232678
1743507127.248805
1743507127.264804
1743507127.280741
1743507127.296766
1743507127.312897
1743507127.328735
1743507127.344795
1743507127.377491
1743507127.409204
1743507127.440751
1743507127.456677
1743507127.472665
1743507127.488736
1743507127.504770
1743507127.520672
1743507127.536731
1743507127.552773
1743507127.568892
1743507127.584562
1743507127.600734
1743507127.616741
1743507127.632818
1743507127.648827
1743507127.664901
1743507127.697588
1743507127.728839
1743507127.760661
1743507127.793033
1743507127.825098
1743507127.856719
1743507127.888424
1743507127.904734
1743507127.936889
1743507127.969258
1743507128.016744
1743507128.048889
1743507128.081242
1743507128.112999
1743507128.144838
1743507128.177243
1743507128.209069
1743507128.240993
1743507128.272830
1743507128.304942
1743507128.352540
1743507128.384793
1743507128.416534
1743507128.449212
1743507128.480908
1743507128.513126
1743507128.544490
1743507128.577073
1743507128.609243
1743507128.640919
1743507128.672300
1743507128.688400
1743507128.704617
1743507128.736581
1743507128.768824
1743507128.800854
1743507128.833239
1743507128.865119
1743507128.896526
1743507128.928677
1743507128.961166
1743507128.993192
1743507129.025253
1743507129.056679
1743507129.088442
1743507129.104788
1743507129.136939
1743507129.168775
1743507129.200327
1743507129.233119
1743507129.265263
1743507129.297209
1743507129.328471
1743507129.360977
1743507129.392941
1743507129.424888
1743507129.456172
1743507129.472564
1743507129.504729
1743507129.536851
1743507129.568441
1743507129.601190
1743507129.648648
1743507129.680844
1743507129.712429
1743507129.745071
1743507129.776894
1743507129.808914
1743507129.840145
1743507129.856533
1743507129.888667
1743507129.904912
1743507129.936354
1743507129.969195
1743507130.000791
1743507130.032922
1743507130.064396
1743507130.097304
1743507130.129152
1743507130.161097
1743507130.192564
1743507130.208693
1743507130.240937
1743507130.272873
1743507130.304463
1743507130.336653
1743507130.368724
1743507130.400754
1743507130.432369
1743507130.464818
1743507130.497091
1743507130.529071
1743507130.560483
1743507130.593272
1743507130.625258
1743507130.656518
1743507130.688101
1743507130.704699
1743507130.736549
1743507130.768718
1743507130.800338
1743507130.833014
1743507130.864974
1743507130.897099
1743507130.944724
1743507130.976859
1743507131.008848
1743507131.040348
1743507131.072255
1743507131.088540
1743507131.120834
1743507131.152887
1743507131.184473
1743507131.217033
1743507131.249271
1743507131.280927
1743507131.312409
1743507131.345008
1743507131.377110
1743507131.408987
1743507131.440126
1743507131.456413
1743507131.488780
1743507131.520800
1743507131.552448
1743507131.568620
1743507131.601245
1743507131.632767
1743507131.664240
1743507131.697041
1743507131.728940
1743507131.760901
1743507131.792295
1743507131.824628
1743507131.856845
1743507131.888692
1743507131.920354
1743507131.952690
1743507131.984791
1743507132.016814
1743507132.048333
1743507132.081136
1743507132.112886
1743507132.144993
1743507132.176670
1743507132.209154
1743507132.256416
1743507132.288442
1743507132.320037
1743507132.336499
1743507132.368682
1743507132.400773
1743507132.432339
1743507132.465117
1743507132.497027
1743507132.529099
1743507132.576867
1743507132.608729
1743507132.640639
1743507132.672528
1743507132.704156
1743507132.720541
1743507132.752663
1743507132.785005
1743507132.816564
1743507132.849039
1743507132.896861
1743507132.928877
1743507132.960257
1743507132.992870
1743507133.024688
1743507133.056554
1743507133.088251
1743507133.104720
1743507133.136892
1743507133.168842
1743507133.200542
1743507133.233143
1743507133.264820
1743507133.296801
1743507133.328333
1743507133.361068
1743507133.392783
1743507133.424905
1743507133.456377
1743507133.488733
1743507133.504949
1743507133.552386
1743507133.584035
1743507133.600051
1743507133.616297
1743507133.632405
1743507133.664601
1743507133.696830
1743507133.729192
1743507133.760977
1743507133.792614
1743507133.808562
1743507133.840772
1743507133.873005
1743507133.904104
1743507133.920310
1743507133.952533
1743507133.984643
1743507134.016282
1743507134.048927
1743507134.081174
1743507134.113036
1743507134.144661
1743507134.177269
1743507134.209146
1743507134.240355
1743507134.271875
1743507134.288317
1743507134.304596
1743507134.336554
1743507134.368172
1743507134.400892
1743507134.433021
1743507134.465013
1743507134.496758
1743507134.529031
1743507134.560893
1743507134.592749
1743507134.624200
1743507134.640281
1743507134.672546
1743507134.704515
1743507134.736045
1743507134.752589
1743507134.785016
1743507134.817141
1743507134.848535
1743507134.880886
1743507134.912647
1743507134.944710
1743507134.976523
1743507135.009086
1743507135.040628
1743507135.072495
1743507135.104382
1743507135.120479
1743507135.152623
1743507135.185159
1743507135.216388
1743507135.248857
1743507135.280858
1743507135.312900
1743507135.344305
1743507135.376859
1743507135.408880
1743507135.440592
1743507135.472220
1743507135.505055
1743507135.536465
1743507135.568756
1743507135.600214
1743507135.632924
1743507135.664942
1743507135.697127
1743507135.728438
1743507135.761093
1743507135.792891
1743507135.825004
1743507135.856193
1743507135.872269
1743507135.904502
1743507135.936779
1743507135.968530
1743507136.000623
1743507136.032918
1743507136.064984
1743507136.096522
1743507136.129017
1743507136.161164
1743507136.192846
1743507136.224103
1743507136.240447
1743507136.272353
1743507136.304675
1743507136.336022
1743507136.352509
1743507136.384715
1743507136.416931
1743507136.448363
1743507136.481183
1743507136.512939
1743507136.544838
1743507136.576164
1743507136.608447
1743507136.640572
1743507136.672570
1743507136.704638
1743507136.736784
1743507136.768956
1743507136.800951
1743507136.832789
1743507136.864668
1743507136.896086
1743507136.928826
1743507136.960926
1743507136.992989
1743507137.024285
1743507137.040582
1743507137.072708
1743507137.104588
1743507137.136422
1743507137.168611
1743507137.200613
1743507137.232785
1743507137.264245
1743507137.296746
1743507137.328839
1743507137.360910
1743507137.392338
1743507137.424610
1743507137.456646
1743507137.488158
1743507137.504473
1743507137.536472
1743507137.568636
1743507137.600885
1743507137.632295
1743507137.664785
1743507137.696976
1743507137.728903
1743507137.776650
1743507137.808791
1743507137.840200
1743507137.856204
1743507137.887847
1743507137.904529
1743507137.936583
1743507137.968555
1743507138.000300
1743507138.033074
1743507138.064933
1743507138.112731
1743507138.143934
1743507138.177035
1743507138.208788
1743507138.240474
1743507138.271939
1743507138.288453
1743507138.320536
1743507138.352546
1743507138.384224
1743507138.400321
1743507138.432893
1743507138.464705
1743507138.496260
1743507138.528768
1743507138.560857
1743507138.592688
1743507138.624228
1743507138.656565
1743507138.688795
1743507138.720675
1743507138.752278
1743507138.784523
1743507138.816507
1743507138.848733
1743507138.880192
1743507138.912853
1743507138.944733
1743507138.976901
1743507139.008238
1743507139.024414
1743507139.056584
1743507139.088516
1743507139.119933
1743507139.136224
1743507139.168704
1743507139.200748
1743507139.232518
1743507139.264827
1743507139.296804
1743507139.328790
1743507139.360349
1743507139.408600
1743507139.440145
1743507139.472141
1743507139.503942
1743507139.520248
1743507139.552538
1743507139.584419
1743507139.616302
1743507139.648927
1743507139.680812
1743507139.728601
1743507139.759965
1743507139.792564
1743507139.824535
1743507139.856389
1743507139.872331
1743507139.904591
1743507139.936600
1743507139.968571
1743507140.000267
1743507140.032762
1743507140.064718
1743507140.096600
1743507140.128589
1743507140.160739
1743507140.192735
1743507140.224730
1743507140.255835
1743507140.272342
1743507140.304511
1743507140.336585
1743507140.384534
1743507140.416507
1743507140.448623
1743507140.480640
1743507140.512110
1743507140.544757
1743507140.576634
1743507140.608947
1743507140.640237
1743507140.656488
1743507140.704330
1743507140.736225
1743507140.767829
1743507140.800706
1743507140.832713
1743507140.864700
1743507140.896273
1743507140.928732
1743507140.960839
1743507140.993037
1743507141.040512
1743507141.072222
1743507141.104021
1743507141.120177
1743507141.151859
1743507141.168480
1743507141.200592
1743507141.232765
1743507141.264246
1743507141.297026
1743507141.328884
1743507141.361026
1743507141.392005
1743507141.424400
1743507141.456230
1743507141.472550
1743507141.504074
1743507141.520459
1743507141.552476
1743507141.584697
1743507141.616322
1743507141.648910
1743507141.681080
1743507141.712817
1743507141.744145
1743507141.776523
1743507141.808651
1743507141.840362
1743507141.871934
1743507141.888203
1743507141.920588
1743507141.952395
1743507141.984539
1743507142.016782
1743507142.047864
1743507142.064446
1743507142.095991
1743507142.128585
1743507142.160949
1743507142.192537
1743507142.224065
1743507142.240396
1743507142.272568
1743507142.304426
1743507142.336283
1743507142.368507
1743507142.400387
1743507142.432771
1743507142.464068
1743507142.496614
1743507142.528719
1743507142.560692
1743507142.592145
1743507142.608351
1743507142.656056
1743507142.687995
1743507142.719994
1743507142.736098
1743507142.752270
1743507142.784344
1743507142.816409
1743507142.848577
1743507142.880856
1743507142.912986
1743507142.944208
1743507142.992300
1743507143.024432
1743507143.056424
1743507143.087729
1743507143.104327
1743507143.136327
1743507143.168342
1743507143.200293
1743507143.232723
1743507143.264891
1743507143.312718
1743507143.343788
1743507143.376559
1743507143.408966
1743507143.440384
1743507143.471820
1743507143.488122
1743507143.504297
1743507143.536327
1743507143.568105
1743507143.584060
1743507143.600362
1743507143.632837
1743507143.663911
1743507143.696703
1743507143.728642
1743507143.760586
1743507143.791983
1743507143.808154
1743507143.824334
1743507143.856509
1743507143.888066
1743507143.904356
1743507143.920411
1743507143.968002
1743507144.000025
1743507144.032644
1743507144.064516
1743507144.096697
1743507144.128207
1743507144.160632
1743507144.192575
1743507144.225102
1743507144.255879
1743507144.288029
1743507144.320105
1743507144.352064
1743507144.384592
1743507144.416338
1743507144.448547
1743507144.480559
1743507144.512792
1743507144.544632
1743507144.576151
1743507144.608811
1743507144.639969
1743507144.672087
1743507144.703822
1743507144.719985
1743507144.752346
1743507144.784518
1743507144.816137
1743507144.848900
1743507144.880655
1743507144.913150
1743507144.944201
1743507144.976342
1743507145.008520
1743507145.040389
1743507145.071672
1743507145.088036
1743507145.120169
1743507145.136144
1743507145.168346
1743507145.200680
1743507145.232901
1743507145.264530
1743507145.295888
1743507145.328489
1743507145.360486
1743507145.392574
1743507145.423931
1743507145.456288
1743507145.488326
1743507145.520188
1743507145.552041
1743507145.584664
1743507145.616389
1743507145.648551
1743507145.679873
1743507145.712640
1743507145.744481
1743507145.776536
1743507145.808040
1743507145.840470
1743507145.872411
1743507145.920391
1743507145.951653
1743507145.967875
1743507146.000233
1743507146.032705
1743507146.064023
1743507146.096417
1743507146.128864
1743507146.160829
1743507146.192034
1743507146.208197
1743507146.240464
1743507146.271952
1743507146.303567
1743507146.320006
1743507146.352182
1743507146.384475
1743507146.415898
1743507146.448673
1743507146.480552
1743507146.512826
1743507146.560362
1743507146.592364
1743507146.624386
1743507146.656080
1743507146.687585
1743507146.704152
1743507146.736171
1743507146.768228
1743507146.799974
1743507146.832635
1743507146.864616
1743507146.896758
1743507146.927842
1743507146.960387
1743507146.992623
1743507147.024383
1743507147.055663
1743507147.071997
1743507147.104200
1743507147.136342
1743507147.168250
1743507147.216164
1743507147.248346
1743507147.280423
1743507147.311919
1743507147.344644
1743507147.376604
1743507147.408615
1743507147.439789
1743507147.455976
1743507147.488126
1743507147.504404
1743507147.535849
1743507147.551853
1743507147.568098
1743507147.600618
1743507147.631825
1743507147.664497
1743507147.696737
1743507147.728599
1743507147.759950
1743507147.792620
1743507147.824562
1743507147.872238
1743507147.903176
1743507147.920145
1743507147.952524
1743507147.968254
1743507147.999854
1743507148.032465
1743507148.064738
1743507148.096606
1743507148.127943
1743507148.160953
1743507148.192970
1743507148.224370
1743507148.255582
1743507148.271853
1743507148.288061
1743507148.304090
1743507148.335773
1743507148.352147
1743507148.384551
1743507148.416537
1743507148.447958
1743507148.480644
1743507148.512575
1743507148.544467
1743507148.575670
1743507148.608409
1743507148.639915
1743507148.672162
1743507148.703577
1743507148.719909
1743507148.736232
1743507148.752456
1743507148.783880
1743507148.816740
1743507148.849033
1743507148.880446
1743507148.911808
1743507148.944471
1743507148.976543
1743507149.008429
1743507149.039783
1743507149.055945
1743507149.072035
1743507149.088196
1743507149.120056
1743507149.136139
1743507149.168530
1743507149.200068
1743507149.231736
1743507149.264313
1743507149.296417
1743507149.328328
1743507149.359832
1743507149.392567
1743507149.424494
1743507149.456094
1743507149.488285
1743507149.519910
1743507149.552019
1743507149.584085
1743507149.615857
1743507149.648608
1743507149.680471
1743507149.712593
1743507149.744029
1743507149.776723
1743507149.824377
1743507149.855836
1743507149.887464
1743507149.904030
1743507149.936028
1743507149.968036
1743507149.984098
1743507150.016379
1743507150.048564
1743507150.080587
1743507150.112219
1743507150.144776
1743507150.176351
1743507150.208329
1743507150.240041
1743507150.256068
1743507150.288154
1743507150.320101
1743507150.351668
1743507150.367967
1743507150.400659
1743507150.432781
1743507150.463730
1743507150.496455
1743507150.528570
1743507150.560461
1743507150.591772
1743507150.607919
1743507150.640003
1743507150.671861
1743507150.688033
1743507150.704258
1743507150.736282
1743507150.768468
1743507150.800063
1743507150.832366
1743507150.864333
1743507150.896388
1743507150.927838
1743507150.960716
1743507150.992570
1743507151.024591
1743507151.055730
1743507151.072035
1743507151.119894
1743507151.151788
1743507151.183617
1743507151.216274
1743507151.248224
1743507151.280301
1743507151.312168
1743507151.328074
1743507151.360519
1743507151.392751
1743507151.440227
1743507151.471638
1743507151.487721
1743507151.504073
1743507151.535488
1743507151.551816
1743507151.567976
1743507151.600369
1743507151.632184
1743507151.664366
1743507151.696441
1743507151.728515
1743507151.776339
1743507151.807940
1743507151.840006
1743507151.872153
1743507151.904188
1743507151.936070
1743507151.968121
1743507152.000347
1743507152.032455
1743507152.064415
1743507152.095737
1743507152.128230
1743507152.160060
1743507152.192170
1743507152.223657
1743507152.255865
1743507152.287877
1743507152.319936
1743507152.351681
1743507152.367948
1743507152.416187
1743507152.448208
1743507152.479642
1743507152.512612
1743507152.544388
1743507152.576404
1743507152.607744
1743507152.623987
1743507152.655995
1743507152.672099
1743507152.703543
1743507152.720052
1743507152.752551
1743507152.784053
1743507152.815797
1743507152.848206
1743507152.880315
1743507152.912567
1743507152.943725
1743507152.976444
1743507153.008508
1743507153.040133
1743507153.071766
1743507153.103849
1743507153.136095
1743507153.168102
1743507153.199622
1743507153.232359
1743507153.264259
1743507153.296514
1743507153.327880
1743507153.360547
1743507153.392049
1743507153.424107
1743507153.455578
1743507153.472396
1743507153.504002
1743507153.536096
1743507153.567733
1743507153.600053
1743507153.632415
1743507153.664604
1743507153.695833
1743507153.728696
1743507153.760326
1743507153.792204
1743507153.823665
1743507153.840025
1743507153.872027
1743507153.887954
1743507153.919648
1743507153.952125
1743507153.984354
1743507154.016366
1743507154.047681
1743507154.080185
1743507154.112585
1743507154.144530
1743507154.175620
1743507154.208155
1743507154.240235
1743507154.271875
1743507154.303629
1743507154.335930
1743507154.368293
1743507154.400060
1743507154.431645
1743507154.464258
1743507154.496165
1743507154.528554
1743507154.559647
1743507154.592432
1743507154.624314
1743507154.655969
1743507154.703712
1743507154.735796
1743507154.767970
1743507154.800003
1743507154.832346
1743507154.864256
1743507154.896014
1743507154.912051
1743507154.944206
1743507154.976683
1743507155.023960
1743507155.055677
1743507155.087542
1743507155.103878
1743507155.135947
1743507155.167956
1743507155.199671
1743507155.232291
1743507155.264392
1743507155.296726
1743507155.344010
1743507155.376041
1743507155.408246
1743507155.439848
1743507155.471346
1743507155.487865
1743507155.504168
1743507155.535976
1743507155.567811
1743507155.600231
1743507155.632489
1743507155.680150
1743507155.711740
1743507155.744054
1743507155.776100
1743507155.808268
1743507155.839665
1743507155.855805
1743507155.887888
1743507155.903974
1743507155.935565
1743507155.952703
1743507155.999927
1743507156.032145
1743507156.063580
1743507156.096156
1743507156.128250
1743507156.160206
1743507156.191608
1743507156.207843
1743507156.223914
1743507156.255942
1743507156.288231
1743507156.320556
1743507156.351727
1743507156.384037
1743507156.415554
1743507156.448308
1743507156.480449
1743507156.512561
1743507156.543624
1743507156.576266
1743507156.608534
1743507156.655646
1743507156.687283
1743507156.703797
1743507156.735918
1743507156.767903
1743507156.799629
1743507156.831944
1743507156.864207
1743507156.896444
1743507156.927722
1743507156.976050
1743507157.008095
1743507157.039609
1743507157.071269
1743507157.087661
1743507157.119849
1743507157.151592
1743507157.183535
1743507157.216127
1743507157.248404
1743507157.295844
1743507157.327662
1743507157.359941
1743507157.392040
1743507157.424103
1743507157.455268
1743507157.471602
1743507157.503813
1743507157.520059
1743507157.551677
1743507157.567828
1743507157.600162
1743507157.632311
1743507157.663641
1743507157.696090
1743507157.728249
1743507157.760178
1743507157.791533
1743507157.823749
1743507157.855989
1743507157.887884
1743507157.919510
1743507157.952309
1743507157.984036
1743507158.016194
1743507158.047465
1743507158.080419
1743507158.112131
1743507158.144194
1743507158.175598
1743507158.208432
1743507158.240174
1743507158.272226
1743507158.303257
1743507158.319613
1743507158.352032
1743507158.384060
1743507158.415692
1743507158.448171
1743507158.480085
1743507158.512317
1743507158.543562
1743507158.576266
1743507158.608287
1743507158.639852
1743507158.671208
1743507158.687566
1743507158.703759
1743507158.735979
1743507158.767758
1743507158.800089
1743507158.832169
1743507158.864406
1743507158.896187
1743507158.928427
1743507158.960092
1743507158.992062
1743507159.023918
1743507159.055865
1743507159.087728
1743507159.103813
1743507159.135535
1743507159.151838
1743507159.184210
1743507159.216324
1743507159.247657
1743507159.279968
1743507159.312149
1743507159.344247
1743507159.375464
1743507159.408095
1743507159.439907
1743507159.472110
1743507159.503461
1743507159.519848
1743507159.552084
1743507159.584351
1743507159.615075
1743507159.647892
1743507159.680727
1743507159.712244
1743507159.743649
1743507159.776076
1743507159.807643
1743507159.840015
1743507159.872176
1743507159.904171
1743507159.935334
1743507159.951546
1743507159.984118
1743507160.016221
1743507160.047447
1743507160.080133
1743507160.112205
1743507160.144266
1743507160.175760
1743507160.223820
1743507160.255747
1743507160.287544
1743507160.319200
1743507160.335602
1743507160.368113
1743507160.400048
1743507160.431490
1743507160.464141
1743507160.496162
1743507160.528350
1743507160.559518
1743507160.592179
1743507160.623906
1743507160.655463
1743507160.687602
1743507160.703763
1743507160.735793
1743507160.767871
1743507160.799580
1743507160.832198
1743507160.880060
1743507160.912007
1743507160.943503
1743507160.975881
1743507161.008582
1743507161.039879
1743507161.071376
1743507161.087571
1743507161.103854
1743507161.135903
1743507161.167900
1743507161.200455
1743507161.232055
1743507161.264072
1743507161.295714
1743507161.327962
1743507161.360125
1743507161.392062
1743507161.423484
1743507161.439582
1743507161.455943
1743507161.487952
1743507161.535890
1743507161.567865
1743507161.599840
1743507161.632038
1743507161.663779
1743507161.696355
1743507161.728033
1743507161.760237
1743507161.791539
1743507161.807620
1743507161.823908
1743507161.855842
1743507161.887094
1743507161.903581
1743507161.935537
1743507161.968159
1743507161.999378
1743507162.032040
1743507162.064063
1743507162.096111
1743507162.127556
1743507162.176228
1743507162.207965
1743507162.239407
1743507162.271106
1743507162.287401
1743507162.319624
1743507162.335613
1743507162.367308
1743507162.383466
1743507162.399760
1743507162.432216
1743507162.463527
1743507162.511938
1743507162.543834
1743507162.576067
1743507162.607399
1743507162.623441
1743507162.655631
1743507162.687617
1743507162.719258
1743507162.735806
1743507162.767917
1743507162.799938
1743507162.831621
1743507162.864169
1743507162.896074
1743507162.928094
1743507162.959358
1743507162.992099
1743507163.024047
1743507163.055677
1743507163.087432
1743507163.103729
1743507163.151504
1743507163.183671
1743507163.215459
1743507163.248082
1743507163.279941
1743507163.312209
1743507163.343293
1743507163.376405
1743507163.408427
1743507163.440000
1743507163.487439
1743507163.503480
1743507163.535436
1743507163.551501
1743507163.583261
1743507163.615974
1743507163.647978
1743507163.679883
1743507163.711761
1743507163.744305
1743507163.776340
1743507163.808151
1743507163.839021
1743507163.855422
1743507163.871673
1743507163.903688
1743507163.935162
1743507163.951440
1743507163.983769
1743507164.016070
1743507164.047454
1743507164.063351
1743507164.079607
1743507164.095675
1743507164.127509
1743507164.159766
1743507164.191922
1743507164.223784
1743507164.255093
1743507164.271520
1743507164.303751
1743507164.335557
1743507164.351786
1743507164.367899
1743507164.399769
1743507164.432225
1743507164.463343
1743507164.496008
1743507164.527807
1743507164.559769
1743507164.591313
1743507164.607358
1743507164.623531
1743507164.655575
1743507164.687492
1743507164.703720
1743507164.735766
1743507164.783342
1743507164.815283
1743507164.847939
1743507164.880247
1743507164.912369
1743507164.943430
1743507164.976354
1743507165.008239
1743507165.039819
1743507165.071299
1743507165.103954
1743507165.135388
1743507165.167706
1743507165.199346
1743507165.231962
1743507165.263913
1743507165.295783
1743507165.327417
1743507165.360006
1743507165.392208
1743507165.439765
1743507165.470975
1743507165.487355
1743507165.503576
1743507165.535429
1743507165.567401
1743507165.599862
1743507165.632002
1743507165.663932
1743507165.695815
1743507165.728115
1743507165.760006
1743507165.792087
1743507165.823561
1743507165.855521
1743507165.887516
1743507165.919475
1743507165.951423
1743507165.983858
1743507166.016021
1743507166.048343
1743507166.079290
1743507166.111955
1743507166.143848
1743507166.176124
1743507166.207234
1743507166.239809
1743507166.271663
1743507166.303689
1743507166.335215
1743507166.351666
1743507166.383872
1743507166.415849
1743507166.447225
1743507166.479918
1743507166.512292
1743507166.543963
1743507166.575236
1743507166.607923
1743507166.639435
1743507166.671531
1743507166.703152
1743507166.736091
1743507166.767768
1743507166.799912
1743507166.831599
1743507166.863802
1743507166.895921
1743507166.927873
1743507166.959260
1743507166.991998
1743507167.023995
1743507167.055785
1743507167.086950
1743507167.103467
1743507167.135613
1743507167.167623
1743507167.199877
1743507167.231790
1743507167.263971
1743507167.295910
1743507167.328076
1743507167.360038
1743507167.391285
1743507167.423274
1743507167.439290
1743507167.455338
1743507167.486928
1743507167.503492
1743507167.535598
1743507167.567623
1743507167.599213
1743507167.632175
1743507167.664500
1743507167.711602
1743507167.743051
1743507167.759035
1743507167.775444
1743507167.807425
1743507167.823570
1743507167.854163
1743507167.871261
1743507167.887369
1743507167.918167
1743507167.934984
1743507167.951603
1743507167.967707
1743507167.999388
1743507168.032142
1743507168.063697
1743507168.095759
1743507168.127189
1743507168.159056
1743507168.190379
1743507168.222252
1743507168.253999
1743507168.270344
1743507168.302256
1743507168.318485
1743507168.366071
1743507168.398182
1743507168.414554
1743507168.431518
1743507168.463511
1743507168.495750
1743507168.527842
1743507168.559787
1743507168.591582
1743507168.607641
1743507168.623763
1743507168.639662
1743507168.655767
1743507168.687671
1743507168.719445
1743507168.751355
1743507168.783016
1743507168.815705
1743507168.847851
1743507168.879714
1743507168.911492
1743507168.944005
1743507168.976045
1743507169.008130
1743507169.039116
1743507169.071219
1743507169.087203
1743507169.103522
1743507169.135207
1743507169.151425
1743507169.183694
1743507169.215536
1743507169.247675
1743507169.279945
1743507169.312193
1743507169.344006
1743507169.375344
1743507169.407854
1743507169.439426
1743507169.471440
1743507169.503051
1743507169.519458
1743507169.551429
1743507169.583931
1743507169.615511
1743507169.663522
1743507169.695641
1743507169.727823
1743507169.759240
1743507169.791867
1743507169.823882
1743507169.855379
1743507169.887053
1743507169.903764
1743507169.935754
1743507169.983259
1743507170.015143
1743507170.047775
1743507170.079790
1743507170.111855
1743507170.143132
1743507170.176058
1743507170.207844
1743507170.239676
1743507170.271084
1743507170.287467
1743507170.320105
1743507170.351487
1743507170.383148
1743507170.415659
1743507170.447779
1743507170.479789
1743507170.511275
1743507170.543849
1743507170.576087
1743507170.607974
1743507170.639199
1743507170.671134
1743507170.687170
1743507170.703509
1743507170.735025
1743507170.751466
1743507170.783551
1743507170.815855
1743507170.847281
1743507170.879996
1743507170.912343
1743507170.959489
1743507170.991046
1743507171.023384
1743507171.055211
1743507171.087347
1743507171.118943
1743507171.135366
1743507171.167473
1743507171.199736
1743507171.231534
1743507171.263887
1743507171.295640
1743507171.327618
1743507171.358953
1743507171.391607
1743507171.423468
1743507171.455200
1743507171.487008
1743507171.503473
1743507171.535650
1743507171.567860
1743507171.615764
1743507171.647483
1743507171.679689
1743507171.711722
1743507171.743345
1743507171.775683
1743507171.807531
1743507171.839381
1743507171.871044
1743507171.887513
1743507171.935053
1743507171.967502
1743507171.999044
1743507172.031890
1743507172.063666
1743507172.095807
1743507172.127094
1743507172.159735
1743507172.191995
1743507172.223892
1743507172.271291
1743507172.303368
1743507172.335278
1743507172.367573
1743507172.398983
1743507172.431729
1743507172.463787
1743507172.495732
1743507172.527773
1743507172.559796
1743507172.592104
1743507172.623597
1743507172.654798
1743507172.671211
1743507172.703392
1743507172.735382
1743507172.766968
1743507172.799797
1743507172.831726
1743507172.863797
1743507172.911662
1743507172.943659
1743507172.975549
1743507173.007759
1743507173.039042
1743507173.055309
1743507173.087167
1743507173.103306
1743507173.135044
1743507173.151307
1743507173.183984
1743507173.215764
1743507173.247141
1743507173.279766
1743507173.311987
1743507173.343822
1743507173.375125
1743507173.407855
1743507173.439369
1743507173.471340
1743507173.503113
1743507173.519361
1743507173.567497
1743507173.599466
1743507173.631090
1743507173.663639
1743507173.695624
1743507173.727675
1743507173.759021
1743507173.791799
1743507173.823595
1743507173.855673
1743507173.887271
1743507173.919456
1743507173.951534
1743507173.983487
1743507174.015152
1743507174.047627
1743507174.079785
1743507174.111933
1743507174.143116
1743507174.176164
1743507174.223534
1743507174.255022
1743507174.286711
1743507174.303344
1743507174.335276
1743507174.367441
1743507174.399040
1743507174.431461
1743507174.463753
1743507174.495814
1743507174.543468
1743507174.575431
1743507174.607838
1743507174.639726
1743507174.670853
1743507174.687432
1743507174.719678
1743507174.751227
1743507174.783711
1743507174.815770
1743507174.863679
1743507174.895533
1743507174.927454
1743507174.959638
1743507174.990950
1743507175.007279
1743507175.039151
1743507175.071251
1743507175.102941
1743507175.119245
1743507175.151423
1743507175.199297
1743507175.231011
1743507175.263592
1743507175.295594
1743507175.327671
1743507175.358936
1743507175.391606
1743507175.423976
1743507175.455576
1743507175.486948
1743507175.519973
1743507175.551062
1743507175.583438
1743507175.614922
1743507175.647511
1743507175.679534
1743507175.711831
1743507175.743002
1743507175.776019
1743507175.807733
1743507175.839759
1743507175.870644
1743507175.887180
1743507175.919136
1743507175.951244
1743507175.982980
1743507176.015462
1743507176.047521
1743507176.080005
1743507176.111240
1743507176.143784
1743507176.175845
1743507176.207445
1743507176.239067
1743507176.271557
1743507176.303312
1743507176.335233
1743507176.366942
1743507176.399535
1743507176.431677
1743507176.463895
1743507176.494921
1743507176.527365
1743507176.559369
1743507176.591483
1743507176.622971
1743507176.639291
1743507176.671298
1743507176.703367
1743507176.734874
1743507176.751275
1743507176.767394
1743507176.815141
1743507176.846853
1743507176.879538
1743507176.911972
1743507176.943529
1743507176.974886
1743507177.007618
1743507177.039354
1743507177.071522
1743507177.102915
1743507177.119335
1743507177.151665
1743507177.183394
1743507177.214839
1743507177.230898
1743507177.263540
1743507177.295517
1743507177.326941
1743507177.359563
1743507177.391670
1743507177.423664
1743507177.470867
1743507177.503158
1743507177.534924
1743507177.550955
1743507177.567160
1743507177.599502
1743507177.631555
1743507177.663656
1743507177.695011
1743507177.727617
1743507177.759618
1743507177.791702
1743507177.822914
1743507177.855187
1743507177.886984
1743507177.903224
1743507177.934708
1743507177.951040
1743507177.983389
1743507178.015623
1743507178.047140
1743507178.079866
1743507178.127299
1743507178.158943
1743507178.190133
1743507178.207206
1743507178.239258
1743507178.271061
1743507178.302690
1743507178.318976
1743507178.335240
1743507178.367455
1743507178.399407
1743507178.447357
1743507178.479339
1743507178.511613
1743507178.542809
1743507178.575615
1743507178.607567
1743507178.639043
1743507178.670715
1743507178.687159
1743507178.703480
1743507178.735379
1743507178.767008
1743507178.799424
1743507178.831437
1743507178.863353
1743507178.895066
1743507178.928101
1743507178.959538
1743507178.991656
1743507179.023108
1743507179.055290
1743507179.102920
1743507179.134999
1743507179.166783
1743507179.199426
1743507179.231468
1743507179.263518
1743507179.294925
1743507179.327676
1743507179.359746
1743507179.391773
1743507179.422849
1743507179.454996
1743507179.486891
1743507179.503152
1743507179.535104
1743507179.567309
1743507179.599377
1743507179.631482
1743507179.663110
1743507179.695731
1743507179.743290
1743507179.775298
1743507179.806736
1743507179.822889
1743507179.855198
1743507179.886966
1743507179.903228
1743507179.935280
1743507179.967306
1743507179.999514
1743507180.031178
1743507180.079307
1743507180.111376
1743507180.143451
1743507180.174840
1743507180.207643
1743507180.239066
1743507180.271228
1743507180.302738
1743507180.319132
1743507180.351401
1743507180.398907
1743507180.430799
1743507180.463404
1743507180.495476
1743507180.527317
1743507180.558825
1743507180.591641
1743507180.623514
1743507180.655278
1743507180.686933
1743507180.719639
1743507180.751008
1743507180.783361
1743507180.814862
1743507180.847489
1743507180.879611
1743507180.911608
1743507180.942879
1743507180.975550
1743507181.007486
1743507181.055022
1743507181.086517
1743507181.102978
1743507181.135134
1743507181.167163
1743507181.199060
1743507181.231396
1743507181.263361
1743507181.295463
1743507181.327436
1743507181.375332
1743507181.407499
1743507181.439089
1743507181.470556
1743507181.486920
1743507181.519052
1743507181.551032
1743507181.582767
1743507181.598928
1743507181.631647
1743507181.663493
1743507181.694802
1743507181.727371
1743507181.759359
1743507181.791415
1743507181.822787
1743507181.839039
1743507181.870898
1743507181.903276
1743507181.934895
1743507181.951163
1743507181.983494
1743507182.031137
1743507182.062602
1743507182.095445
1743507182.127670
1743507182.159345
1743507182.190800
1743507182.206834
1743507182.223048
1743507182.255268
1743507182.286850
1743507182.303316
1743507182.350857
1743507182.383290
1743507182.414672
1743507182.446961
1743507182.479543
1743507182.511266
1743507182.543364
1743507182.575705
1743507182.607569
1743507182.639069
1743507182.671319
1743507182.702931
1743507182.734454
1743507182.750829
1743507182.783159
1743507182.815297
1743507182.846720
1743507182.879267
1743507182.911660
1743507182.943724
1743507182.975079
1743507183.007501
1743507183.038842
1743507183.070778
1743507183.087125
1743507183.119113
1743507183.151043
1743507183.183369
1743507183.214761
1743507183.247421
1743507183.279505
1743507183.327464
1743507183.358640
1743507183.391305
1743507183.423113
1743507183.454852
1743507183.486497
1743507183.503019
1743507183.535148
1743507183.567171
1743507183.598868
1743507183.647279
1743507183.679124
1743507183.711242
1743507183.742763
1743507183.775266
1743507183.807265
1743507183.839199
1743507183.870522
1743507183.887099
1743507183.919293
1743507183.951272
1743507183.983097
1743507184.015316
1743507184.047369
1743507184.079320
1743507184.110773
1743507184.126791
1743507184.142829
1743507184.158856
1743507184.190907
1743507184.207009
1743507184.239634
1743507184.271175
1743507184.302668
1743507184.318769
1743507184.334873
1743507184.351071
1743507184.382936
1743507184.415089
1743507184.447681
1743507184.479369
1743507184.510859
1743507184.543696
1743507184.575863
1743507184.623208
1743507184.654349
1743507184.670730
1743507184.702971
1743507184.734902
1743507184.766701
1743507184.799092
1743507184.831426
1743507184.863421
1743507184.895095
1743507184.927417
1743507184.959634
1743507184.991372
1743507185.022794
1743507185.038810
1743507185.071103
1743507185.103102
1743507185.134559
1743507185.150844
1743507185.167021
1743507185.182972
1743507185.215005
1743507185.247531
1743507185.279618
1743507185.311159
1743507185.342707
1743507185.375326
1743507185.407481
1743507185.438829
1743507185.470909
1743507185.503169
1743507185.535100
1743507185.567182
1743507185.599318
1743507185.631470
1743507185.663105
1743507185.695294
1743507185.727004
1743507185.759275
1743507185.791386
1743507185.823360
1743507185.854502
1743507185.870939
1743507185.903268
1743507185.935767
1743507185.966515
1743507185.982510
1743507185.998745
1743507186.031357
1743507186.062648
1743507186.095291
1743507186.127418
1743507186.159368
1743507186.190851
1743507186.206974
1743507186.223010
1743507186.255342
1743507186.286334
1743507186.302942
1743507186.334963
1743507186.366943
1743507186.398699
1743507186.431247
1743507186.463229
1743507186.495265
1743507186.527054
1743507186.575005
1743507186.607196
1743507186.638756
1743507186.670290
1743507186.686702
1743507186.703109
1743507186.734984
1743507186.766472
1743507186.799108
1743507186.831420
1743507186.863457
1743507186.911095
1743507186.943093
1743507186.975364
1743507187.007325
1743507187.038321
1743507187.054716
1743507187.086873
1743507187.119608
1743507187.150830
1743507187.183370
1743507187.230924
1743507187.262987
1743507187.294703
1743507187.327282
1743507187.359232
1743507187.391221
1743507187.422953
1743507187.455053
1743507187.487008
1743507187.519058
1743507187.550934
1743507187.583129
1743507187.615045
1743507187.647235
1743507187.678602
1743507187.711657
1743507187.743311
1743507187.775361
1743507187.806934
1743507187.839126
1743507187.886760
1743507187.918779
1743507187.950441
1743507187.983000
1743507188.015199
1743507188.047196
1743507188.078825
1743507188.111562
1743507188.143315
1743507188.175309
1743507188.206546
1743507188.238768
1743507188.254746
1743507188.286972
1743507188.318535
1743507188.334692
1743507188.351040
1743507188.383218
1743507188.414702
1743507188.447405
1743507188.479390
1743507188.527327
1743507188.558411
1743507188.591357
1743507188.623547
1743507188.654866
1743507188.686618
1743507188.702853
1743507188.734985
1743507188.767168
1743507188.798670
1743507188.831343
1743507188.863349
1743507188.895066
1743507188.926505
1743507188.942563
1743507188.958831
1743507188.991524
1743507189.022640
1743507189.038754
1743507189.070744
1743507189.086850
1743507189.118556
1743507189.134928
1743507189.182759
1743507189.214882
1743507189.246576
1743507189.279221
1743507189.311300
1743507189.343198
1743507189.374774
1743507189.407393
1743507189.439515
1743507189.470913
1743507189.502634
1743507189.534985
1743507189.566939
1743507189.599293
1743507189.630530
1743507189.663200
1743507189.695058
1743507189.727347
1743507189.758993
1743507189.791388
1743507189.839109
1743507189.870760
1743507189.902353
1743507189.918675
1743507189.950970
1743507189.983192
1743507190.014673
1743507190.046742
1743507190.079404
1743507190.111273
1743507190.159058
1743507190.191128
1743507190.223183
1743507190.254663
1743507190.270674
1743507190.303116
1743507190.334343
1743507190.350760
1743507190.383071
1743507190.415175
1743507190.446736
1743507190.479345
1743507190.511399
1743507190.543238
1743507190.574487
1743507190.607118
1743507190.638601
1743507190.654627
1743507190.686316
1743507190.702871
1743507190.735025
1743507190.767052
1743507190.814856
1743507190.847069
1743507190.878955
1743507190.911272
1743507190.942570
1743507190.975120
1743507191.007048
1743507191.038652
1743507191.070370
1743507191.086766
1743507191.103013
1743507191.135272
1743507191.166272
1743507191.182384
1743507191.214896
1743507191.247241
1743507191.278566
1743507191.294535
1743507191.327241
1743507191.359384
1743507191.390784
1743507191.406814
1743507191.454490
1743507191.486598
1743507191.518232
1743507191.534555
1743507191.550698
1743507191.566672
1743507191.598608
1743507191.631059
1743507191.663067
1743507191.695288
1743507191.726811
1743507191.759300
1743507191.791368
1743507191.823139
1743507191.854281
1743507191.870705
1743507191.902802
1743507191.934831
1743507191.966803
1743507191.998976
1743507192.031139
1743507192.063175
1743507192.111054
1743507192.142873
1743507192.175010
1743507192.207124
1743507192.238197
1743507192.254504
1743507192.286582
1743507192.302721
1743507192.334317
1743507192.350745
1743507192.383420
1743507192.430758
1743507192.462347
1743507192.495127
1743507192.526880
1743507192.559128
1743507192.590439
1743507192.606644
1743507192.638831
1743507192.671046
1743507192.702449
1743507192.718784
1743507192.766570
1743507192.798871
1743507192.830475
1743507192.863278
1743507192.894971
1743507192.927284
1743507192.958596
1743507192.991258
1743507193.023121
1743507193.054828
1743507193.086926
1743507193.118636
1743507193.150581
1743507193.182903
1743507193.214816
1743507193.247030
1743507193.279204
1743507193.311361
1743507193.342608
1743507193.375463
1743507193.407429
1743507193.438743
1743507193.470199
1743507193.486576
1743507193.518649
1743507193.550964
1743507193.582567
1743507193.614793
1743507193.647292
1743507193.679167
1743507193.710883
1743507193.743312
1743507193.775049
1743507193.807052
1743507193.838429
1743507193.870538
1743507193.902830
1743507193.934883
1743507193.966780
1743507193.999204
1743507194.031049
1743507194.062960
1743507194.094236
1743507194.126890
1743507194.158977
1743507194.191076
1743507194.222767
1743507194.254727
1743507194.287011
1743507194.302792
1743507194.334383
1743507194.350815
1743507194.383275
1743507194.414840
1743507194.446287
1743507194.462426
1743507194.494969
1743507194.526920
1743507194.558732
1743507194.590947
1743507194.623063
1743507194.654814
1743507194.686412
1743507194.719326
1743507194.750683
1743507194.782882
1743507194.814591
1743507194.847064
1743507194.879025
1743507194.911237
1743507194.942612
1743507194.975189
1743507195.007403
1743507195.038960
1743507195.070009
1743507195.086495
1743507195.102717
1743507195.134582
1743507195.166359
1743507195.199130
1743507195.231108
1743507195.262993
1743507195.294695
1743507195.327339
1743507195.359111
1743507195.390959
1743507195.422342
1743507195.438421
1743507195.470602
1743507195.502695
1743507195.534282
1743507195.550535
1743507195.566689
1743507195.582608
1743507195.614697
1743507195.647473
1743507195.694705
1743507195.726832
1743507195.758269
1743507195.791192
1743507195.822908
1743507195.854693
1743507195.886188
1743507195.902765
1743507195.934852
1743507195.966602
1743507195.982781
1743507196.014849
1743507196.046709
1743507196.078826
1743507196.110408
1743507196.143334
1743507196.174831
1743507196.206973
1743507196.238193
1743507196.254554
1743507196.286781
1743507196.334456
1743507196.366075
1743507196.398806
1743507196.430937
1743507196.462822
1743507196.494313
1743507196.527039
1743507196.559001
1743507196.591269
1743507196.622541
1743507196.638611
1743507196.670941
1743507196.702362
1743507196.734542
1743507196.766661
1743507196.798742
1743507196.830949
1743507196.862426
1743507196.895283
1743507196.927270
1743507196.959302
1743507196.990312
1743507197.022575
1743507197.054516
1743507197.086447
1743507197.102652
1743507197.134735
1743507197.166770
1743507197.198880
1743507197.230461
1743507197.262975
1743507197.310892
1743507197.342783
1743507197.374281
1743507197.406784
1743507197.438407
1743507197.470497
1743507197.502285
1743507197.518559
1743507197.550745
1743507197.583096
1743507197.614698
1743507197.646469
1743507197.678968
1743507197.711032
1743507197.743009
1743507197.774802
1743507197.806905
1743507197.838666
1743507197.870490
1743507197.902818
1743507197.934331
1743507197.967164
1743507197.999004
1743507198.030946
1743507198.062228
1743507198.094970
1743507198.126843
1743507198.158853
1743507198.190411
1743507198.206520
1743507198.222697
1743507198.254826
1743507198.286234
1743507198.302501
1743507198.334346
1743507198.366592
1743507198.398347
1743507198.430770
1743507198.462938
1743507198.494910
1743507198.526545
1743507198.558958
1743507198.591031
1743507198.623091
1743507198.653963
1743507198.670383
1743507198.702488
1743507198.734296
1743507198.750506
1743507198.766590
1743507198.798982
1743507198.830888
1743507198.862659
1743507198.894950
1743507198.942659
1743507198.974688
1743507199.006207
1743507199.022377
1743507199.054360
1743507199.086260
1743507199.118045
1743507199.134617
1743507199.166809
1743507199.198974
1743507199.230578
1743507199.263233
1743507199.294938
1743507199.326838
1743507199.358201
1743507199.390856
1743507199.422785
1743507199.454508
1743507199.486209
1743507199.502704
1743507199.534713
1743507199.566947
1743507199.598411
1743507199.630729
1743507199.662905
1743507199.695034
1743507199.726180
1743507199.758782
1743507199.790892
1743507199.822944
1743507199.854131
1743507199.870492
1743507199.918436
1743507199.950372
1743507199.981998
1743507199.998099
1743507200.014344
1743507200.030454
1743507200.062786
1743507200.094919
1743507200.127019
1743507200.158921
1743507200.190325
1743507200.206503
1743507200.238993
1743507200.270388
1743507200.302033
1743507200.318322
1743507200.350671
1743507200.382739
1743507200.414120
1743507200.446843
1743507200.478912
1743507200.511224
1743507200.542427
1743507200.574781
1743507200.606640
1743507200.638313
1743507200.670278
1743507200.686533
1743507200.718570
1743507200.750616
1743507200.782176
1743507200.814746
1743507200.846964
1743507200.894845
1743507200.926135
1743507200.958690
1743507200.990686
1743507201.022961
1743507201.053965
1743507201.070233
1743507201.102590
1743507201.134689
1743507201.166256
1743507201.182316
1743507201.214752
1743507201.246806
1743507201.278106
1743507201.294084
1743507201.310321
1743507201.342965
1743507201.374135
1743507201.407027
1743507201.438637
1743507201.470429
1743507201.502237
1743507201.518610
1743507201.550878
1743507201.582564
1743507201.614158
1743507201.646846
1743507201.679016
1743507201.711292
1743507201.742176
1743507201.774847
1743507201.806927
1743507201.838853
1743507201.870524
1743507201.902219
1743507201.934251
1743507201.966466
1743507201.998419
1743507202.029870
1743507202.063067
1743507202.094752
1743507202.125442
1743507202.158780
1743507202.191127
1743507202.222630
1743507202.253919
1743507202.270224
1743507202.302605
1743507202.334479
1743507202.366112
1743507202.398662
1743507202.414091
1743507202.430556
1743507202.462330
1743507202.495158
1743507202.527049
1743507202.558867
1743507202.589999
1743507202.606199
1743507202.638342
1743507202.670598
1743507202.702049
1743507202.718258
1743507202.734617
1743507202.766595
1743507202.798316
1743507202.846639
1743507202.878792
1743507202.911107
1743507202.942183
1743507202.974753
1743507203.006860
1743507203.038495
1743507203.070156
1743507203.086448
1743507203.102731
1743507203.134675
1743507203.166133
1743507203.198671
1743507203.230765
1743507203.262603
1743507203.294200
1743507203.327071
1743507203.358635
1743507203.390960
1743507203.422232
1743507203.454605
1743507203.502205
1743507203.534341
1743507203.565964
1743507203.582132
1743507203.614598
1743507203.646785
1743507203.678116
1743507203.710859
1743507203.742926
1743507203.774900
1743507203.822332
1743507203.854347
1743507203.886189
1743507203.902454
1743507203.934067
1743507203.950220
1743507203.982432
1743507204.014880
1743507204.046126
1743507204.078854
1743507204.110871
1743507204.142799
1743507204.174074
1743507204.206820
1743507204.238500
1743507204.270201
1743507204.301870
1743507204.318160
1743507204.334245
1743507204.350359
1743507204.382266
1743507204.415112
1743507204.446911
1743507204.478877
1743507204.510001
1743507204.542741
1743507204.574677
1743507204.606714
1743507204.637914
1743507204.654229
1743507204.686373
1743507204.702442
1743507204.734128
1743507204.750447
1743507204.798308
1743507204.830586
1743507204.862060
1743507204.894659
1743507204.926674
1743507204.958844
1743507204.990349
1743507205.022472
1743507205.054531
1743507205.086648
1743507205.118032
1743507205.134242
1743507205.166801
1743507205.198593
1743507205.230809
1743507205.263056
1743507205.294865
1743507205.326771
1743507205.358733
1743507205.391127
1743507205.422245
1743507205.455063
1743507205.486082
1743507205.502338
1743507205.533839
1743507205.550147
1743507205.582529
1743507205.614927
1743507205.646439
1743507205.678811
1743507205.711073
1743507205.742982
1743507205.774068
1743507205.806812
1743507205.838460
1743507205.870229
1743507205.901857
1743507205.918099
1743507205.934602
1743507205.966405
1743507205.998319
1743507206.030854
1743507206.062773
1743507206.094590
1743507206.126533
1743507206.158698
1743507206.190873
1743507206.222572
1743507206.253816
1743507206.270075
1743507206.302472
1743507206.334366
1743507206.366187
1743507206.398746
1743507206.430831
1743507206.462793
1743507206.493923
1743507206.510126
1743507206.542813
1743507206.574620
1743507206.606007
1743507206.622296
1743507206.654187
1743507206.686446
1743507206.718202
1743507206.750764
1743507206.782635
1743507206.814354
1743507206.846033
1743507206.878741
1743507206.910265
1743507206.942448
1743507206.974126
1743507207.006747
1743507207.038558
1743507207.070654
1743507207.101825
1743507207.118109
1743507207.150146
1743507207.182516
1743507207.213982
1743507207.246777
1743507207.278563
1743507207.310706
1743507207.342386
1743507207.375045
1743507207.406713
1743507207.438157
1743507207.470012
1743507207.502241
1743507207.534249
1743507207.566272
1743507207.598112
1743507207.630959
1743507207.662701
1743507207.694801
1743507207.726145
1743507207.758683
1743507207.790430
1743507207.822503
1743507207.854208
1743507207.886529
1743507207.918255
1743507207.934430
1743507207.966256
1743507207.998469
1743507208.046409
1743507208.078468
1743507208.109984
1743507208.142741
1743507208.174633
1743507208.206704
1743507208.238005
1743507208.254113
1743507208.286451
1743507208.318525
1743507208.349976
1743507208.382564
1743507208.414500
1743507208.446443
1743507208.477858
1743507208.510883
1743507208.542473
1743507208.574536
1743507208.606043
1743507208.622364
1743507208.654362
1743507208.670326
1743507208.701945
1743507208.717967
1743507208.750175
1743507208.782272
1743507208.814105
1743507208.846677
1743507208.878622
1743507208.910737
1743507208.942128
1743507208.974803
1743507209.022544
1743507209.054076
1743507209.085653
1743507209.102109
1743507209.134115
1743507209.150123
1743507209.181952
1743507209.214817
1743507209.246827
1743507209.278621
1743507209.310191
1743507209.358350
1743507209.390407
1743507209.422242
1743507209.453730
1743507209.470025
1743507209.502586
1743507209.534309
1743507209.566251
1743507209.598536
1743507209.630723
1743507209.678579
1743507209.709867
1743507209.742607
1743507209.774721
1743507209.806554
1743507209.837716
1743507209.854071
1743507209.886184
1743507209.918543
1743507209.949969
1743507209.966154
1743507209.998853
1743507210.030702
1743507210.062112
1743507210.094407
1743507210.126478
1743507210.158260
1743507210.190237
1743507210.222584
1743507210.254646
1743507210.286287
1743507210.333979
1743507210.366266
1743507210.398357
1743507210.430493
1743507210.461930
1743507210.494454
1743507210.526502
1743507210.558519
1743507210.590146
1743507210.622683
1743507210.654505
1743507210.685941
1743507210.702216
1743507210.734062
1743507210.766244
1743507210.798350
1743507210.829957
1743507210.862724
1743507210.894500
1743507210.926701
1743507210.974386
1743507211.006371
1743507211.038009
1743507211.069904
1743507211.101657
1743507211.118168
1743507211.150037
1743507211.182502
1743507211.213906
1743507211.229922
1743507211.246367
1743507211.262364
1743507211.310457
1743507211.342291
1743507211.374299
1743507211.406523
1743507211.437963
1743507211.453992
1743507211.486105
1743507211.502202
1743507211.533795
1743507211.550057
1743507211.566350
1743507211.598833
1743507211.629993
1743507211.662415
1743507211.694306
1743507211.726264
1743507211.757843
1743507211.790585
1743507211.822373
1743507211.854394
1743507211.885847
1743507211.902483
1743507211.950017
1743507211.982314
1743507212.013790
1743507212.046357
1743507212.078671
1743507212.110672
1743507212.141974
1743507212.174515
1743507212.206559
1743507212.238240
1743507212.286128
1743507212.317868
1743507212.333880
1743507212.350111
1743507212.381692
1743507212.414204
1743507212.446448
1743507212.478608
1743507212.510066
1743507212.542578
1743507212.574575
1743507212.606653
1743507212.637984
1743507212.669860
1743507212.701946
1743507212.734253
1743507212.765678
1743507212.781807
1743507212.798258
1743507212.830465
1743507212.862468
1743507212.894603
1743507212.926831
1743507212.958321
1743507212.990471
1743507213.022349
1743507213.053562
1743507213.069895
1743507213.102144
1743507213.134171
1743507213.165885
1743507213.198494
1743507213.230482
1743507213.262586
1743507213.293784
1743507213.325291
1743507213.341878
1743507213.357918
1743507213.389885
1743507213.406010
1743507213.438263
1743507213.470230
1743507213.501802
1743507213.518247
1743507213.550345
1743507213.582505
1743507213.613639
1743507213.646731
1743507213.678366
1743507213.710434
1743507213.741827
1743507213.774580
1743507213.806619
1743507213.838188
1743507213.870129
1743507213.902781
1743507213.933917
1743507213.966192
1743507213.997949
1743507214.030837
1743507214.062508
1743507214.094322
1743507214.125899
1743507214.158451
1743507214.190748
1743507214.238368
1743507214.269472
1743507214.285763
1743507214.301975
1743507214.333957
1743507214.365632
1743507214.381676
1743507214.398031
1743507214.430540
1743507214.461942
1743507214.494393
1743507214.526759
1743507214.558722
1743507214.589602
1743507214.605788
1743507214.637894
1743507214.670044
1743507214.701585
1743507214.718059
1743507214.750138
1743507214.782538
1743507214.813999
1743507214.846825
1743507214.878463
1743507214.910788
1743507214.941697
1743507214.974462
1743507215.006464
1743507215.038388
1743507215.069532
1743507215.085968
1743507215.102256
1743507215.134160
1743507215.165855
1743507215.214079
1743507215.246300
1743507215.278186
1743507215.309720
1743507215.342580
1743507215.374589
1743507215.406540
1743507215.437601
1743507215.453868
1743507215.486226
1743507215.534068
1743507215.565567
1743507215.598293
1743507215.630275
1743507215.662355
1743507215.693849
1743507215.726393
1743507215.758682
1743507215.790513
1743507215.821914
1743507215.854340
1743507215.885790
1743507215.918150
1743507215.949791
1743507215.982291
1743507216.014240
1743507216.046606
1743507216.077745
1743507216.110606
1743507216.142532
1743507216.190432
1743507216.221537
1743507216.237691
1743507216.269726
1743507216.301889
1743507216.333695
1743507216.349968
1743507216.366287
1743507216.398099
1743507216.429784
1743507216.462590
1743507216.510148
1743507216.542321
1743507216.573705
1743507216.606108
1743507216.638054
1743507216.670271
1743507216.701563
1743507216.718002
1743507216.750058
1743507216.782642
1743507216.830117
1743507216.862166
1743507216.894224
1743507216.926281
1743507216.957612
1743507216.973767
1743507217.005885
1743507217.037940
1743507217.069536
1743507217.086028
1743507217.118118
1743507217.165910
1743507217.197477
1743507217.230228
1743507217.262264
1743507217.294123
1743507217.325645
1743507217.358353
1743507217.390325
1743507217.422441
1743507217.453698
1743507217.486369
1743507217.517636
1743507217.533767
1743507217.565705
1743507217.598326
1743507217.630314
1743507217.662239
1743507217.693997
1743507217.726317
1743507217.758305
1743507217.806429
1743507217.837630
1743507217.853814
1743507217.885748
1743507217.901844
1743507217.933511
1743507217.949883
1743507217.982223
1743507218.014354
1743507218.045857
1743507218.078444
1743507218.110549
1743507218.142224
1743507218.173714
1743507218.206289
1743507218.238048
1743507218.269918
1743507218.301706
1743507218.317831
1743507218.349903
1743507218.365917
1743507218.398034
1743507218.430659
1743507218.462172
1743507218.494109
1743507218.525455
1743507218.541520
1743507218.574261
1743507218.606303
1743507218.637634
1743507218.669920
1743507218.702160
1743507218.734109
1743507218.782005
1743507218.814269
1743507218.846219
1743507218.878387
1743507218.909606
1743507218.942181
1743507218.974198
1743507219.006615
1743507219.037984
1743507219.054133
1743507219.086234
1743507219.118530
1743507219.149319
1743507219.165523
1743507219.198019
1743507219.230168
1743507219.261891
1743507219.294257
1743507219.326173
1743507219.358260
1743507219.389951
1743507219.438119
1743507219.469510
1743507219.501852
1743507219.533294
1743507219.549755
1743507219.582178
1743507219.614225
1743507219.645803
1743507219.678054
1743507219.709302
1743507219.726171
1743507219.758013
1743507219.790350
1743507219.822624
1743507219.853903
1743507219.885506
1743507219.902123
1743507219.933961
1743507219.966088
1743507219.997719
1743507220.013791
1743507220.046609
1743507220.094015
1743507220.125533
1743507220.158145
1743507220.190168
1743507220.222516
1743507220.253366
1743507220.269711
1743507220.302088
1743507220.334044
1743507220.365605
1743507220.413908
1743507220.446110
1743507220.478081
1743507220.510082
1743507220.542145
1743507220.574199
1743507220.605973
1743507220.638203
1743507220.670003
1743507220.701599
1743507220.734315
1743507220.765947
1743507220.782167
1743507220.813651
1743507220.846195
1743507220.878114
1743507220.910762
1743507220.941689
1743507220.974473
1743507221.006470
1743507221.038182
1743507221.069586
1743507221.101950
1743507221.133782
1743507221.165872
1743507221.197484
1743507221.230286
1743507221.262417
1743507221.294503
1743507221.325683
1743507221.358417
1743507221.390272
1743507221.421963
1743507221.453294
1743507221.469447
1743507221.501935
1743507221.533708
1743507221.565588
1743507221.598051
1743507221.630226
1743507221.662643
1743507221.710023
1743507221.742100
1743507221.774172
1743507221.806104
1743507221.837266
1743507221.853738
1743507221.885885
1743507221.917877
1743507221.949579
1743507221.965766
1743507221.998221
1743507222.046058
1743507222.077536
1743507222.110076
1743507222.142207
1743507222.174207
1743507222.205535
1743507222.221649
1743507222.253866
1743507222.285919
1743507222.317546
1743507222.333836
1743507222.366241
1743507222.397969
1743507222.429478
1743507222.462097
1743507222.493959
1743507222.526403
1743507222.557592
1743507222.573514
1743507222.606006
1743507222.637825
1743507222.685659
1743507222.701695
1743507222.733955
1743507222.765778
1743507222.797619
1743507222.830114
1743507222.862174
1743507222.893873
1743507222.925594
1743507222.941553
1743507222.957794
1743507222.973762
1743507223.022161
1743507223.053566
1743507223.085532
1743507223.101766
1743507223.133275
1743507223.149692
1743507223.181860
1743507223.214505
1743507223.245676
1743507223.278257
1743507223.310294
1743507223.342202
1743507223.373315
1743507223.406337
1743507223.437948
1743507223.469727
1743507223.501510
1743507223.517738
1743507223.549850
1743507223.582061
1743507223.613639
1743507223.661555
1743507223.693800
1743507223.726108
1743507223.757478
1743507223.790110
1743507223.822196
1743507223.853658
1743507223.885591
1743507223.901960
1743507223.933945
1743507223.965964
1743507223.997755
1743507224.030293
1743507224.062219
1743507224.094074
1743507224.125535
1743507224.158195
1743507224.190485
1743507224.222123
1743507224.253424
1743507224.269779
1743507224.317596
1743507224.349629
1743507224.381568
1743507224.414143
1743507224.445940
1743507224.478115
1743507224.509591
1743507224.542151
1743507224.574098
1743507224.606287
1743507224.637623
1743507224.669814
1743507224.701599
1743507224.733693
1743507224.765344
1743507224.798036
1743507224.830117
1743507224.862214
1743507224.893693
1743507224.926099
1743507224.974139
1743507225.006029
1743507225.037442
1743507225.070001
1743507225.101886
1743507225.133960
1743507225.165457
1743507225.198254
1743507225.230350
1743507225.262171
1743507225.293475
1743507225.326136
1743507225.358143
1743507225.390414
1743507225.421463
1743507225.453733
1743507225.485570
1743507225.501830
1743507225.533412
1743507225.549720
1743507225.565813
1743507225.581825
1743507225.613804
1743507225.645873
1743507225.678048
1743507225.709963
1743507225.741461
1743507225.774142
1743507225.806183
1743507225.837804
1743507225.869463
1743507225.885722
1743507225.901883
1743507225.949497
1743507225.981278
1743507226.014145
1743507226.046064
1743507226.078151
1743507226.109512
1743507226.142056
1743507226.174307
1743507226.206448
1743507226.237770
1743507226.269867
1743507226.301738
1743507226.317736
1743507226.349322
1743507226.382021
1743507226.414020
1743507226.446022
1743507226.477573
1743507226.510479
1743507226.542156
1743507226.589808
1743507226.621229
1743507226.653415
1743507226.685456
1743507226.701571
1743507226.733179
1743507226.749681
1743507226.782041
1743507226.814013
1743507226.845578
1743507226.861781
1743507226.894241
1743507226.926293
1743507226.957741
1743507226.990132
1743507227.021903
1743507227.053646
1743507227.085159
1743507227.101816
1743507227.133763
1743507227.165874
1743507227.197448
1743507227.245912
1743507227.277919
1743507227.310048
1743507227.341310
1743507227.373923
1743507227.405962
1743507227.437604
1743507227.469248
1743507227.485576
1743507227.501901
1743507227.533956
1743507227.565492
1743507227.597902
1743507227.630258
1743507227.662041
1743507227.693481
1743507227.725973
1743507227.758071
1743507227.790314
1743507227.821388
1743507227.837617
1743507227.870022
1743507227.902303
1743507227.933109
1743507227.949496
1743507227.981920
1743507228.013780
1743507228.045414
1743507228.077432
1743507228.110073
1743507228.142129
1743507228.174311
1743507228.221750
1743507228.253560
1743507228.285511
1743507228.317450
1743507228.349636
1743507228.381284
1743507228.414282
1743507228.446090
1743507228.478069
1743507228.509600
1743507228.542427
1743507228.573792
1743507228.605948
1743507228.637056
1743507228.653441
1743507228.685962
1743507228.717379
1743507228.733791
1743507228.765862
1743507228.797956
1743507228.830125
1743507228.877691
1743507228.909923
1743507228.942044
1743507228.973883
1743507229.005454
1743507229.037828
1743507229.069917
1743507229.101779
1743507229.133261
1743507229.149633
1743507229.165903
1743507229.198102
1743507229.229326
1743507229.261897
1743507229.293806
1743507229.325884
1743507229.357253
1743507229.389957
1743507229.422645
1743507229.453934
1743507229.485295
1743507229.518170
1743507229.549833
1743507229.581847
1743507229.613316
1743507229.645778
1743507229.677961
1743507229.709964
1743507229.741422
1743507229.774117
1743507229.806029
1743507229.853265
1743507229.884985
1743507229.901477
1743507229.933727
1743507229.965687
1743507229.997277
1743507230.030032
1743507230.061952
1743507230.094204
1743507230.125458
1743507230.173803
1743507230.205802
1743507230.237490
1743507230.268991
1743507230.285295
1743507230.301613
1743507230.333590
1743507230.365658
1743507230.398113
1743507230.430316
1743507230.462063
1743507230.493355
1743507230.525670
1743507230.557807
1743507230.590040
1743507230.621256
1743507230.637438
1743507230.669538
1743507230.701602
1743507230.733191
1743507230.749518
1743507230.782098
1743507230.829738
1743507230.861237
1743507230.893690
1743507230.925802
1743507230.957932
1743507230.989253
1743507231.005416
1743507231.037616
1743507231.069598
1743507231.101279
1743507231.117661
1743507231.149831
1743507231.181542
1743507231.213200
1743507231.246326
1743507231.277858
1743507231.309837
1743507231.341266
1743507231.374045
1743507231.405909
1743507231.437586
1743507231.469152
1743507231.485244
1743507231.501452
1743507231.533431
1743507231.565158
1743507231.597619
1743507231.629861
1743507231.661898
1743507231.693468
1743507231.726029
1743507231.757945
1743507231.805834
1743507231.837037
1743507231.853337
1743507231.885459
1743507231.901831
1743507231.933308
1743507231.949365
1743507231.965585
1743507231.997864
1743507232.029366
1743507232.061865
1743507232.093985
1743507232.126260
1743507232.157139
1743507232.189873
1743507232.221736
1743507232.253348
1743507232.284938
1743507232.301539
1743507232.333560
1743507232.365689
1743507232.397379
1743507232.445677
1743507232.477961
1743507232.509796
1743507232.541101
1743507232.573852
1743507232.605800
1743507232.637573
1743507232.669033
1743507232.685491
1743507232.717730
1743507232.749909
1743507232.781194
1743507232.813624
1743507232.845804
1743507232.877571
1743507232.909393
1743507232.941808
1743507232.973932
1743507233.005897
1743507233.037230
1743507233.053487
1743507233.101283
1743507233.133489
1743507233.165018
1743507233.181133
1743507233.213666
1743507233.245881
1743507233.277321
1743507233.309867
1743507233.341947
1743507233.374190
1743507233.421781
1743507233.453326
1743507233.485320
1743507233.501443
1743507233.532972
1743507233.549403
1743507233.581752
1743507233.613712
1743507233.645639
1743507233.678087
1743507233.710132
1743507233.757757
1743507233.789040
1743507233.821476
1743507233.853567
1743507233.885274
1743507233.917061
1743507233.933450
1743507233.965588
1743507233.997735
1743507234.029348
1743507234.045287
1743507234.078245
1743507234.109704
1743507234.141492
1743507234.173922
1743507234.205792
1743507234.237432
1743507234.268906
1743507234.285400
1743507234.317879
1743507234.349845
1743507234.397359
1743507234.429679
1743507234.461643
1743507234.493584
1743507234.525179
1743507234.557777
1743507234.589667
1743507234.621847
1743507234.653156
1743507234.669481
1743507234.701642
1743507234.733845
1743507234.764969
1743507234.797754
1743507234.829680
1743507234.861750
1743507234.893173
1743507234.925757
1743507234.957778
1743507234.989857
1743507235.021301
1743507235.053841
1743507235.085361
1743507235.117491
1743507235.148846
1743507235.165371
1743507235.197712
1743507235.230053
1743507235.261260
1743507235.294071
1743507235.325964
1743507235.373664
1743507235.405010
1743507235.421236
1743507235.453237
1743507235.469430
1743507235.501365
1743507235.517465
1743507235.549494
1743507235.581794
1743507235.613164
1743507235.629375
1743507235.662126
1743507235.709615
1743507235.741055
1743507235.773113
1743507235.805663
1743507235.837267
1743507235.869440
1743507235.901512
1743507235.933556
1743507235.965666
1743507235.997796
1743507236.029940
1743507236.060942
1743507236.093694
1743507236.125490
1743507236.157983
1743507236.189021
1743507236.205492
1743507236.237287
1743507236.269496
1743507236.301239
1743507236.317663
1743507236.349645
1743507236.381545
1743507236.413008
1743507236.445764
1743507236.477865
1743507236.509801
1743507236.541124
1743507236.573754
1743507236.605755
1743507236.637622
1743507236.685052
1743507236.701357
1743507236.733231
1743507236.749251
1743507236.780975
1743507236.813547
1743507236.845706
1743507236.877837
1743507236.909119
1743507236.941978
1743507236.973978
1743507237.005867
1743507237.037020
1743507237.053074
1743507237.085397
1743507237.117173
1743507237.148884
1743507237.165223
1743507237.197589
1743507237.229928
1743507237.261201
1743507237.293818
1743507237.325712
1743507237.357544
1743507237.388918
1743507237.405071
1743507237.437344
1743507237.469547
1743507237.500860
1743507237.517137
1743507237.533273
1743507237.549367
1743507237.565494
1743507237.597640
1743507237.629976
1743507237.661793
1743507237.692929
1743507237.725561
1743507237.757591
1743507237.789633
1743507237.821134
1743507237.853298
1743507237.885376
1743507237.901521
1743507237.933323
1743507237.949435
1743507237.981855
1743507238.013596
1743507238.045126
1743507238.077817
1743507238.109607
1743507238.141677
1743507238.173066
1743507238.206217
1743507238.237709
1743507238.269373
1743507238.301736
1743507238.333003
1743507238.349119
1743507238.365199
1743507238.397531
1743507238.429656
1743507238.461487
1743507238.493622
1743507238.525151
1743507238.557736
1743507238.590185
1743507238.637491
1743507238.668623
1743507238.685089
1743507238.701302
1743507238.733423
1743507238.764855
1743507238.780992
1743507238.813789
1743507238.845744
1743507238.877211
1743507238.909994
1743507238.957432
1743507238.989541
1743507239.020943
1743507239.037039
1743507239.069040
1743507239.085300
1743507239.116799
1743507239.133256
1743507239.165487
1743507239.197647
1743507239.229195
1743507239.277444
1743507239.309656
1743507239.341531
1743507239.372914
1743507239.389079
1743507239.421424
1743507239.453241
1743507239.484848
1743507239.501313
1743507239.533660
1743507239.565644
1743507239.613505
1743507239.645639
1743507239.677616
1743507239.709619
1743507239.740949
1743507239.773632
1743507239.805443
1743507239.837273
1743507239.869065
1743507239.885291
1743507239.901518
1743507239.934028
1743507239.964815
1743507239.980902
1743507239.997039
1743507240.013291
1743507240.045451
1743507240.077801
1743507240.109481
1743507240.141508
1743507240.173052
1743507240.205748
1743507240.253378
1743507240.284966
1743507240.316684
1743507240.333299
1743507240.365674
1743507240.397543
1743507240.429220
1743507240.461656
1743507240.493619
1743507240.525961
1743507240.557167
1743507240.589971
1743507240.621641
1743507240.653137
1743507240.684675
1743507240.701329
1743507240.733210
1743507240.765366
1743507240.796910
1743507240.829787
1743507240.861706
1743507240.909215
1743507240.940780
1743507240.973480
1743507241.005623
1743507241.037280
1743507241.068781
1743507241.085100
1743507241.101402
1743507241.133461
1743507241.165360
1743507241.197682
1743507241.229436
1743507241.261350
1743507241.293359
1743507241.325512
1743507241.357558
1743507241.389578
1743507241.420943
1743507241.437198
1743507241.469371
1743507241.501316
1743507241.532968
1743507241.565703
1743507241.597580
1743507241.629582
1743507241.660931
1743507241.693641
1743507241.725516
1743507241.757811
1743507241.789023
1743507241.805181
1743507241.837335
1743507241.884896
1743507241.916683
1743507241.933063
1743507241.965169
1743507241.997495
1743507242.029158
1743507242.061573
1743507242.093553
1743507242.125912
1743507242.157036
1743507242.205397
1743507242.237235
1743507242.269154
1743507242.300628
1743507242.316939
1743507242.333174
1743507242.349122
1743507242.381339
1743507242.413456
1743507242.445682
1743507242.477795
1743507242.509170
1743507242.541877
1743507242.573836
1743507242.605489
1743507242.636883
1743507242.652892
1743507242.685245
1743507242.717255
1743507242.733114
1743507242.765267
1743507242.797568
1743507242.829611
1743507242.860928
1743507242.893311
1743507242.925529
1743507242.957661
1743507242.988867
1743507243.005041
1743507243.037199
1743507243.069224
1743507243.101042
1743507243.117167
1743507243.133495
1743507243.181029
1743507243.212719
1743507243.245000
1743507243.277531
1743507243.309449
1743507243.341618
1743507243.373591
1743507243.405777
1743507243.437468
1743507243.469283
1743507243.485400
1743507243.517058
1743507243.549179
1743507243.581198
1743507243.613637
1743507243.644825
1743507243.677555
1743507243.709343
1743507243.741515
1743507243.772972
1743507243.805874
1743507243.837627
1743507243.869008
1743507243.900557
1743507243.916843
1743507243.933201
1743507243.949203
1743507243.980805
1743507244.013311
1743507244.045492
1743507244.077666
1743507244.109159
1743507244.157274
1743507244.189265
1743507244.221331
1743507244.252590
1743507244.268850
1743507244.284970
1743507244.301173
1743507244.332804
1743507244.349105
1743507244.365345
1743507244.397441
1743507244.429301
1743507244.461645
1743507244.493499
1743507244.525591
1743507244.556721
1743507244.572792
1743507244.589045
1743507244.621607
1743507244.652601
1743507244.668900
1743507244.685231
1743507244.717306
1743507244.733120
1743507244.765396
1743507244.813137
1743507244.845372
1743507244.876930
1743507244.909462
1743507244.941234
1743507244.973550
1743507245.005017
1743507245.021000
1743507245.053293
1743507245.085345
1743507245.133047
1743507245.165327
1743507245.197224
1743507245.229535
1743507245.260833
1743507245.293226
1743507245.325559
1743507245.357566
1743507245.388878
1743507245.405011
1743507245.437363
1743507245.469417
1743507245.500505
1743507245.516879
1743507245.533077
1743507245.565446
1743507245.596725
1743507245.629401
1743507245.661435
1743507245.693736
1743507245.724933
1743507245.757530
1743507245.789679
1743507245.821227
1743507245.852685
1743507245.868871
1743507245.901124
1743507245.933164
1743507245.964685
1743507245.980779
1743507246.013486
1743507246.045607
1743507246.077258
1743507246.109640
1743507246.141321
1743507246.171996
1743507246.203637
1743507246.219906
1743507246.251772
1743507246.267961
1743507246.299795
1743507246.315891
1743507246.347726
1743507246.363898
1743507246.379970
1743507246.412029
1743507246.445994
1743507246.477320
1743507246.508647
1743507246.525014
1743507246.557447
1743507246.589425
1743507246.620779
1743507246.636906
1743507246.669137
1743507246.701143
1743507246.733008
1743507246.765710
1743507246.796939
1743507246.829311
1743507246.860662
1743507246.893253
1743507246.909292
1743507246.941773
1743507246.972816
1743507247.005438
1743507247.037184
1743507247.084917
1743507247.116393
1743507247.132818
1743507247.148998
1743507247.181416
1743507247.212706
1743507247.245368
1743507247.277407
1743507247.309373
1743507247.340897
1743507247.373879
1743507247.421255
1743507247.453113
1743507247.484386
1743507247.500977
1743507247.533127
1743507247.549105
1743507247.581196
1743507247.613450
1743507247.645601
1743507247.677549
1743507247.708979
1743507247.741680
1743507247.773608
1743507247.805249
1743507247.836489
1743507247.852809
1743507247.884997
1743507247.901038
1743507247.933093
1743507247.965228
1743507247.997270
1743507248.029422
1743507248.060703
1743507248.093255
1743507248.125206
1743507248.156990
1743507248.187849
1743507248.204839
1743507248.237253
1743507248.269174
1743507248.300866
1743507248.317040
1743507248.349286
1743507248.397197
1743507248.428869
1743507248.461201
1743507248.493199
1743507248.525322
1743507248.556829
1743507248.589511
1743507248.621493
1743507248.653184
1743507248.684620
1743507248.717679
1743507248.748750
1743507248.764616
1743507248.796690
1743507248.829306
1743507248.861246
1743507248.893185
1743507248.924750
1743507248.957771
1743507248.989346
1743507249.037017
1743507249.068321
1743507249.084813
1743507249.117075
1743507249.148917
1743507249.181023
1743507249.213091
1743507249.245359
1743507249.277488
1743507249.308760
1743507249.341371
1743507249.373275
1743507249.405099
1743507249.436408
1743507249.452677
1743507249.485061
1743507249.516876
1743507249.548485
1743507249.564816
1743507249.580978
1743507249.613398
1743507249.645051
1743507249.693175
1743507249.725078
1743507249.757244
1743507249.788625
1743507249.804953
1743507249.837134
1743507249.869066
1743507249.900583
1743507249.917040
1743507249.949082
1743507249.981304
1743507250.013091
1743507250.045506
1743507250.077062
1743507250.109285
1743507250.140766
1743507250.173347
1743507250.205602
1743507250.237276
1743507250.268651
1743507250.284979
1743507250.317055
1743507250.349304
1743507250.380652
1743507250.413291
1743507250.445277
1743507250.477373
1743507250.508802
1743507250.541658
1743507250.573403
1743507250.605423
1743507250.636878
1743507250.668847
1743507250.701051
1743507250.733092
1743507250.764903
1743507250.780529
1743507250.796689
1743507250.829268
1743507250.861234
1743507250.893134
1743507250.924780
1743507250.957714
1743507250.989626
1743507251.021203
1743507251.052365
1743507251.068770
1743507251.100874
1743507251.132906
1743507251.164664
1743507251.197017
1743507251.229250
1743507251.261363
1743507251.293023
1743507251.325486
1743507251.357031
1743507251.389366
1743507251.420538
1743507251.452793
1743507251.484747
1743507251.516873
1743507251.548630
1743507251.564721
1743507251.581076
1743507251.613608
1743507251.644651
1743507251.677177
1743507251.709259
1743507251.741230
1743507251.772558
1743507251.805120
1743507251.836966
1743507251.868996
1743507251.900496
1743507251.916896
1743507251.933067
1743507251.965418
1743507251.996520
1743507252.029108
1743507252.061126
1743507252.093118
1743507252.124588
1743507252.157112
1743507252.189277
1743507252.221320
1743507252.252741
1743507252.300690
1743507252.332810
1743507252.365051
1743507252.396642
1743507252.429182
1743507252.461158
1743507252.493170
1743507252.524733
1743507252.557398
1743507252.589347
1743507252.621356
1743507252.652317
1743507252.668623
1743507252.684897
1743507252.701033
1743507252.732621
1743507252.748730
1743507252.781147
1743507252.813223
1743507252.844889
1743507252.877306
1743507252.908891
1743507252.941321
1743507252.972475
1743507253.005136
1743507253.036782
1743507253.068602
1743507253.100544
1743507253.116842
1743507253.149123
1743507253.181160
1743507253.212959
1743507253.245486
1743507253.277380
1743507253.309013
1743507253.340467
1743507253.356473
1743507253.372685
1743507253.405065
1743507253.436571
1743507253.469039
1743507253.501125
1743507253.533126
1743507253.564615
1743507253.597517
1743507253.629164
1743507253.661069
1743507253.692571
1743507253.725293
1743507253.757061
1743507253.789174
1743507253.820692
1743507253.836850
1743507253.869030
1743507253.916727
1743507253.948251
1743507253.964436
1743507253.980758
1743507254.013227
1743507254.044597
1743507254.077076
1743507254.109118
1743507254.141705
1743507254.172766
1743507254.205308
1743507254.252593
1743507254.284631
1743507254.316276
1743507254.332728
1743507254.364775
1743507254.397181
1743507254.429261
1743507254.461150
1743507254.493258
1743507254.525457
1743507254.573271
1743507254.605180
1743507254.636849
1743507254.668698
1743507254.700452
1743507254.716665
1743507254.748908
1743507254.781053
1743507254.812761
1743507254.828490
1743507254.844819
1743507254.892938
1743507254.924476
1743507254.940424
1743507254.956639
1743507254.989133
1743507255.020373
1743507255.036965
1743507255.068915
1743507255.100806
1743507255.132456
1743507255.148856
1743507255.181257
1743507255.228781
1743507255.260363
1743507255.293206
1743507255.325140
1743507255.356993
1743507255.388497
1743507255.404713
1743507255.436685
1743507255.468922
1743507255.500491
1743507255.516825
1743507255.549190
1743507255.580899
1743507255.612527
1743507255.645062
1743507255.677103
1743507255.709135
1743507255.740478
1743507255.773263
1743507255.805351
1743507255.837481
1743507255.868474
1743507255.884686
1743507255.916721
1743507255.932782
1743507255.964450
1743507255.997227
1743507256.029029
1743507256.061140
1743507256.092465
1743507256.108524
1743507256.124773
1743507256.140810
1743507256.173114
1743507256.205291
1743507256.237087
1743507256.268716
1743507256.300546
1743507256.332599
1743507256.364820
1743507256.397012
1743507256.428818
1743507256.461299
1743507256.493149
1743507256.525286
1743507256.556421
1743507256.589010
1743507256.620766
1743507256.652588
1743507256.684250
1743507256.700732
1743507256.732816
1743507256.765075
1743507256.796526
1743507256.844873
1743507256.877161
1743507256.909481
1743507256.940437
1743507256.973295
1743507257.005109
1743507257.036817
1743507257.068364
1743507257.084726
1743507257.100966
1743507257.132985
1743507257.180626
1743507257.212946
1743507257.244912
1743507257.277171
1743507257.308660
1743507257.341136
1743507257.372993
1743507257.405117
1743507257.436431
1743507257.452717
1743507257.500651
1743507257.532589
1743507257.564332
1743507257.596901
1743507257.629086
1743507257.661181
1743507257.692437
1743507257.725042
1743507257.757150
1743507257.789445
1743507257.820383
1743507257.852493
1743507257.884578
1743507257.900755
1743507257.932323
1743507257.948556
1743507257.964954
1743507257.997008
1743507258.028481
1743507258.061159
1743507258.093033
1743507258.125115
1743507258.156485
1743507258.188516
1743507258.221167
1743507258.252925
1743507258.285224
1743507258.316759
1743507258.348877
1743507258.381091
1743507258.413160
1743507258.445414
1743507258.476547
1743507258.508956
1743507258.541250
1743507258.572962
1743507258.604396
1743507258.636703
1743507258.668676
1743507258.701180
1743507258.732414
1743507258.748795
1743507258.796507
1743507258.828994
1743507258.860362
1743507258.876159
1743507258.892426
1743507258.908704
1743507258.940519
1743507258.973232
1743507259.005144
1743507259.036805
1743507259.068326
1743507259.084676
1743507259.132765
1743507259.164769
1743507259.196195
1743507259.212300
1743507259.228501
1743507259.261221
1743507259.292851
1743507259.325221
1743507259.357069
1743507259.389271
1743507259.420663
1743507259.453239
1743507259.484479
1743507259.500568
1743507259.532057
1743507259.548538
1743507259.580735
1743507259.612958
1743507259.644382
1743507259.677291
1743507259.709131
1743507259.741159
1743507259.772372
1743507259.804873
1743507259.836538
1743507259.868703
1743507259.900150
1743507259.916439
1743507259.932760
1743507259.965025
1743507259.996583
1743507260.029171
1743507260.061272
1743507260.108944
1743507260.140272
1743507260.173117
1743507260.204935
1743507260.236406
1743507260.268364
1743507260.284526
1743507260.300895
1743507260.332703
1743507260.364775
1743507260.397260
1743507260.428989
1743507260.460886
1743507260.492306
1743507260.524865
1743507260.557103
1743507260.588907
1743507260.620729
1743507260.652809
1743507260.684719
1743507260.716874
1743507260.748688
1743507260.780801
1743507260.812844
1743507260.845077
1743507260.876344
1743507260.892319
1743507260.908616
1743507260.941409
1743507260.972486
1743507261.005532
1743507261.037332
1743507261.084617
1743507261.116018
1743507261.132399
1743507261.148500
1743507261.164699
1743507261.196313
1743507261.229279
1743507261.260972
1743507261.293152
1743507261.324394
1743507261.357069
1743507261.405224
1743507261.436842
1743507261.468075
1743507261.484345
1743507261.500608
1743507261.532579
1743507261.564257
1743507261.596797
1743507261.629198
1743507261.661060
1743507261.692497
1743507261.725101
1743507261.756781
1743507261.788811
1743507261.820310
1743507261.852361
1743507261.884367
1743507261.916559
1743507261.948239
1743507261.964562
1743507261.996965
1743507262.028746
1743507262.060198
1743507262.092811
1743507262.124940
1743507262.156961
1743507262.188244
1743507262.204418
1743507262.220542
1743507262.252711
1743507262.284215
1743507262.300738
1743507262.332462
1743507262.380529
1743507262.412235
1743507262.444971
1743507262.476879
1743507262.508986
1743507262.541057
1743507262.573141
1743507262.604906
1743507262.636771
1743507262.668167
1743507262.701030
1743507262.732305
1743507262.748471
1743507262.780198
1743507262.812950
1743507262.844833
1743507262.877167
1743507262.908653
1743507262.941000
1743507262.973183
1743507263.005420
1743507263.036322
1743507263.068502
1743507263.100351
1743507263.116342
1743507263.148339
1743507263.164506
1743507263.196676
1743507263.228899
1743507263.260383
1743507263.293027
1743507263.325148
1743507263.357100
1743507263.388229
1743507263.404447
1743507263.436534
1743507263.468442
1743507263.500030
1743507263.516396
1743507263.532515
1743507263.564594
1743507263.596377
1743507263.628979
1743507263.676823
1743507263.708717
1743507263.740182
1743507263.772707
1743507263.804829
1743507263.836491
1743507263.867997
1743507263.884389
1743507263.900668
1743507263.916583
1743507263.932765
1743507263.965064
1743507264.012650
1743507264.044779
1743507264.076234
1743507264.109028
1743507264.141174
1743507264.173260
1743507264.204264
1743507264.220369
1743507264.252679
1743507264.284599
1743507264.332466
1743507264.364412
1743507264.396635
1743507264.428794
1743507264.460569
1743507264.492987
1743507264.524816
1743507264.557006
1743507264.588412
1743507264.604525
1743507264.652627
1743507264.684207
1743507264.716348
1743507264.732352
1743507264.764508
1743507264.796654
1743507264.828667
1743507264.860948
1743507264.892969
1743507264.925253
1743507264.956606
1743507264.989121
1743507265.021021
1743507265.052521
1743507265.083949
1743507265.100505
1743507265.132583
1743507265.164970
1743507265.196197
1743507265.229173
1743507265.260946
1743507265.309031
1743507265.340053
1743507265.372716
1743507265.404763
1743507265.436448
1743507265.467968
1743507265.484419
1743507265.516630
1743507265.548560
1743507265.580668
1743507265.628545
1743507265.660794
1743507265.692933
1743507265.724167
1743507265.756287
1743507265.789105
1743507265.820807
1743507265.852631
1743507265.884943
1743507265.916673
1743507265.964341
1743507265.996620
1743507266.028750
1743507266.060186
1743507266.092835
1743507266.124763
1743507266.156800
1743507266.188257
1743507266.221013
1743507266.252682
1743507266.284795
1743507266.315924
1743507266.332301
1743507266.364402
1743507266.396642
1743507266.428299
1743507266.460779
1743507266.492844
1743507266.524964
1743507266.556309
1743507266.604598
1743507266.636123
1743507266.668168
1743507266.699925
1743507266.716145
1743507266.748619
1743507266.780586
1743507266.812351
1743507266.844945
1743507266.876872
1743507266.908925
1743507266.940271
1743507266.972758
1743507267.004707
1743507267.036241
1743507267.067850
1743507267.084226
1743507267.100452
1743507267.116553
1743507267.148035
1743507267.164331
1743507267.180545
1743507267.212892
1743507267.260582
1743507267.292767
1743507267.324737
1743507267.356593
1743507267.388136
1743507267.420250
1743507267.452486
1743507267.484512
1743507267.516062
1743507267.532446
1743507267.548453
1743507267.580847
1743507267.611998
1743507267.644766
1743507267.676682
1743507267.708825
1743507267.740122
1743507267.772841
1743507267.804940
1743507267.837006
1743507267.868092
1743507267.884396
1743507267.916904
1743507267.948705
1743507267.979852
1743507267.996150
1743507268.028645
1743507268.060896
1743507268.092082
1743507268.124584
1743507268.156826
1743507268.188965
1743507268.236716
1743507268.268080
1743507268.284132
1743507268.300533
1743507268.332033
1743507268.348149
1743507268.364373
1743507268.396839
1743507268.428405
1743507268.460640
1743507268.492808
1743507268.524809
1743507268.556291
1743507268.588905
1743507268.620513
1743507268.652200
1743507268.683988
1743507268.700480
1743507268.732556
1743507268.764495
1743507268.796214
1743507268.828784
1743507268.861021
1743507268.892970
1743507268.923955
1743507268.939957
1743507268.973083
1743507269.004519
1743507269.035895
1743507269.052148
1743507269.084536
1743507269.116680
1743507269.148113
1743507269.164352
1743507269.180614
1743507269.212922
1743507269.244200
1743507269.276766
1743507269.308811
1743507269.340680
1743507269.372070
1743507269.404725
1743507269.436516
1743507269.468502
1743507269.500066
1743507269.532835
1743507269.564523
1743507269.596528
1743507269.628129
1743507269.660587
1743507269.692777
1743507269.724761
1743507269.756142
1743507269.789053
1743507269.820798
1743507269.868265
1743507269.899826
1743507269.916132
1743507269.948229
1743507269.980595
1743507270.012125
1743507270.044720
1743507270.076745
1743507270.108715
1743507270.140315
1743507270.188582
1743507270.220609
1743507270.252255
1743507270.283813
1743507270.300438
1743507270.332326
1743507270.364549
1743507270.396063
1743507270.428748
1743507270.461000
1743507270.508580
1743507270.540110
1743507270.572721
1743507270.604368
1743507270.636189
1743507270.668130
1743507270.684184
1743507270.716428
1743507270.748454
1743507270.780739
1743507270.812705
1743507270.844890
1743507270.876728
1743507270.908128
1743507270.940693
1743507270.972679
1743507271.004761
1743507271.036100
1743507271.068577
1743507271.100569
1743507271.132456
1743507271.164171
1743507271.196577
1743507271.228626
1743507271.260439
1743507271.292351
1743507271.325025
1743507271.356597
1743507271.389042
1743507271.420133
1743507271.436266
1743507271.484115
1743507271.515954
1743507271.547681
1743507271.564019
1743507271.596467
1743507271.628452
1743507271.660299
1743507271.692644
1743507271.724679
1743507271.757011
1743507271.788234
1743507271.820807
1743507271.852121
1743507271.883994
1743507271.915710
1743507271.932181
1743507271.948328
1743507271.980450
1743507272.012048
1743507272.027988
1743507272.061003
1743507272.092939
1743507272.140588
1743507272.172566
1743507272.204729
1743507272.236734
1743507272.267789
1743507272.284123
1743507272.316332
1743507272.348397
1743507272.380444
1743507272.412899
1743507272.460427
1743507272.492543
1743507272.523945
1743507272.556549
1743507272.588633
1743507272.620657
1743507272.651771
1743507272.668096
1743507272.700484
1743507272.716610
1743507272.748126
1743507272.764318
1743507272.796793
1743507272.828517
1743507272.859848
1743507272.892483
1743507272.924620
1743507272.956340
1743507272.988039
1743507273.020304
1743507273.052486
1743507273.084356
1743507273.116033
1743507273.148036
1743507273.180425
1743507273.212427
1743507273.243990
1743507273.276605
1743507273.308600
1743507273.340706
1743507273.372702
1743507273.404174
1743507273.436813
1743507273.468054
1743507273.500195
1743507273.532300
1743507273.564239
1743507273.596568
1743507273.628614
1743507273.660522
1743507273.692085
1743507273.724668
1743507273.772214
1743507273.804386
1743507273.835655
1743507273.852086
1743507273.884122
1743507273.900216
1743507273.931711
1743507273.948168
1743507273.964417
1743507273.996503
1743507274.028220
1743507274.061161
1743507274.092653
1743507274.124435
1743507274.155823
1743507274.188476
1743507274.220890
1743507274.252533
1743507274.283743
1743507274.300316
1743507274.332227
1743507274.348206
1743507274.380215
1743507274.412660
1743507274.444445
1743507274.476692
1743507274.507923
1743507274.540565
1743507274.572488
1743507274.604522
1743507274.636261
1743507274.668287
1743507274.700291
1743507274.716634
1743507274.747948
1743507274.780456
1743507274.812405
1743507274.844601
1743507274.875816
1743507274.908439
1743507274.940480
1743507274.972658
1743507275.004197
1743507275.036523
1743507275.068605
1743507275.100269
1743507275.131630
1743507275.147963
1743507275.180506
1743507275.212370
1743507275.243886
1743507275.276635
1743507275.308677
1743507275.340651
1743507275.388715
1743507275.420589
1743507275.452122
1743507275.484079
1743507275.515946
1743507275.532206
1743507275.564376
1743507275.596507
1743507275.627962
1743507275.660892
1743507275.692768
1743507275.724684
1743507275.755721
1743507275.788333
1743507275.820444
1743507275.852269
1743507275.883616
1743507275.900145
1743507275.932307
1743507275.964521
1743507275.996074
1743507276.044397
1743507276.076458
1743507276.108492
1743507276.139756
1743507276.172530
1743507276.204375
1743507276.236296
1743507276.267796
1743507276.284252
1743507276.316546
1743507276.364053
1743507276.395739
1743507276.428433
1743507276.460308
1743507276.492335
1743507276.523848
1743507276.556825
1743507276.588431
1743507276.620494
1743507276.651874
1743507276.668209
1743507276.700639
1743507276.732019
1743507276.764047
1743507276.796295
1743507276.828585
1743507276.860413
1743507276.892002
1743507276.924738
1743507276.956482
1743507276.988551
1743507277.019945
1743507277.035906
1743507277.051863
1743507277.067914
1743507277.083973
1743507277.100259
1743507277.116106
1743507277.131997
1743507277.148056
1743507277.164266
1743507277.180044
1743507277.195930
1743507277.212004
1743507277.228076
1743507277.244175
1743507277.260142
1743507277.276152
1743507277.292277
1743507277.308192
1743507277.340680
1743507277.371868
1743507277.387923
1743507277.403973
1743507277.419928
1743507277.436010
1743507277.451970
1743507277.468042
1743507277.484018
1743507277.500168
1743507277.516124
1743507277.532130
1743507277.548094
1743507277.564170
1743507277.580215
1743507277.596213
1743507277.612107
1743507277.628231
1743507277.644272
1743507277.676725
1743507277.708612
1743507277.739771
1743507277.755632
1743507277.771928
1743507277.787884
1743507277.803943
1743507277.820067
1743507277.835954
1743507277.852006
1743507277.867955
1743507277.884387
1743507277.916436
1743507277.932101
1743507277.948136
1743507277.964354
1743507277.996767
1743507278.028354
1743507278.060217
1743507278.092500
1743507278.124701
1743507278.156472
1743507278.188287
1743507278.204009
1743507278.220154
1743507278.236102
1743507278.252184
1743507278.268336
1743507278.284167
1743507278.316495
1743507278.348048
1743507278.363719
1743507278.379787
1743507278.395886
1743507278.411904
1743507278.427891
1743507278.443959
1743507278.460238
1743507278.476029
1743507278.492104
1743507278.508137
1743507278.523912
1743507278.540064
1743507278.556187
1743507278.572125
1743507278.588135
1743507278.604076
1743507278.620182
1743507278.652747
1743507278.683832
1743507278.700057
1743507278.715976
1743507278.731973
1743507278.747967
1743507278.764033
1743507278.779906
1743507278.795948
1743507278.811831
1743507278.828115
1743507278.844026
1743507278.860063
1743507278.876076
1743507278.892059
1743507278.908167
1743507278.924105
1743507278.940291
1743507278.971893
1743507278.987564
1743507279.003862
1743507279.019830
1743507279.035810
1743507279.051845
1743507279.067901
1743507279.084010
1743507279.100069
1743507279.116058
1743507279.131987
1743507279.148057
1743507279.164080
1743507279.180109
1743507279.196145
1743507279.212094
1743507279.228111
1743507279.244164
1743507279.260188
1743507279.292556
1743507279.323654
1743507279.339470
1743507279.356028
1743507279.371835
1743507279.387920
1743507279.403860
1743507279.420030
1743507279.435985
1743507279.452205
1743507279.467814
1743507279.484357
1743507279.500205
1743507279.532362
1743507279.548046
1743507279.564279
1743507279.580166
1743507279.596120
1743507279.628431
1743507279.659644
1743507279.675548
1743507279.691808
1743507279.708029
1743507279.723966
1743507279.739879
1743507279.756058
1743507279.787020
1743507279.803812
1743507279.836801
1743507279.868189
1743507279.884061
1743507279.900352
1743507279.916231
1743507279.948925
1743507279.980198
1743507280.011634
1743507280.027522
1743507280.043802
1743507280.059986
1743507280.075950
1743507280.092034
1743507280.107935
1743507280.124115
1743507280.140134
1743507280.156060
1743507280.172120
1743507280.188041
1743507280.204170
1743507280.220037
1743507280.236210
1743507280.268854
1743507280.299577
1743507280.315965
1743507280.331951
1743507280.347989
1743507280.363971
1743507280.379803
1743507280.396058
1743507280.412177
1743507280.427965
1743507280.444119
1743507280.460038
1743507280.476067
1743507280.492091
1743507280.508071
1743507280.524112
1743507280.540143
1743507280.556177
1743507280.572112
1743507280.604514
1743507280.635784
1743507280.651788
1743507280.667931
1743507280.683939
1743507280.700078
1743507280.715892
1743507280.732102
1743507280.747955
1743507280.763978
1743507280.779821
1743507280.795951
1743507280.811857
1743507280.827962
1743507280.844172
1743507280.860103
1743507280.876126
1743507280.892048
1743507280.923872
1743507280.939519
1743507280.955798
1743507280.971961
1743507280.987786
1743507281.003854
1743507281.019842
1743507281.035756
1743507281.051782
1743507281.067916
1743507281.083910
1743507281.100018
1743507281.116081
1743507281.132106
1743507281.148012
1743507281.164083
1743507281.180152
1743507281.196031
1743507281.212105
1743507281.244736
1743507281.275566
1743507281.291518
1743507281.307707
1743507281.323919
1743507281.339833
1743507281.355924
1743507281.371879
1743507281.387967
1743507281.403836
1743507281.419942
1743507281.435932
1743507281.451879
1743507281.467915
1743507281.483984
1743507281.500321
1743507281.516115
1743507281.532205
1743507281.548142
1743507281.580734
1743507281.612188
1743507281.643625
1743507281.659554
1743507281.675818
1743507281.691824
1743507281.707815
1743507281.723844
1743507281.739866
1743507281.755808
1743507281.771811
1743507281.787894
1743507281.803895
1743507281.820065
1743507281.835990
1743507281.851933
1743507281.868004
1743507281.900584
1743507281.931422
1743507281.947797
1743507281.963853
1743507281.979838
1743507281.995741
1743507282.011813
1743507282.027874
1743507282.043826
1743507282.059914
1743507282.075953
1743507282.091958
1743507282.107910
1743507282.124089
1743507282.140090
1743507282.155934
1743507282.171981
1743507282.188065
1743507282.220489
1743507282.251886
1743507282.267582
1743507282.283802
1743507282.300018
1743507282.315938
1743507282.331816
1743507282.347839
1743507282.363964
1743507282.379891
1743507282.395778
1743507282.411784
1743507282.427874
1743507282.444048
1743507282.460001
1743507282.476033
1743507282.492089
1743507282.508058
1743507282.524096
1743507282.555784
1743507282.571525
1743507282.587764
1743507282.603747
1743507282.619730
1743507282.635886
1743507282.651793
1743507282.667723
1743507282.683792
1743507282.700038
1743507282.715937
1743507282.731996
1743507282.747917
1743507282.764027
1743507282.780137
1743507282.795926
1743507282.811910
1743507282.828069
1743507282.844095
1743507282.876534
1743507282.907555
1743507282.923431
1743507282.939688
1743507282.955833
1743507282.971726
1743507282.987754
1743507283.003838
1743507283.019770
1743507283.035726
1743507283.051864
1743507283.067837
1743507283.083708
1743507283.100089
1743507283.116239
1743507283.132106
1743507283.148050
1743507283.164215
1743507283.196548
1743507283.228040
1743507283.243341
1743507283.259760
1743507283.275849
1743507283.291746
1743507283.307711
1743507283.323847
1743507283.339775
1743507283.355770
1743507283.371804
1743507283.387920
1743507283.403976
1743507283.419997
1743507283.435962
1743507283.451986
1743507283.468095
1743507283.484041
1743507283.500284
1743507283.531751
1743507283.547738
1743507283.563910
1743507283.579611
1743507283.595853
1743507283.611658
1743507283.627847
1743507283.643813
1743507283.659950
1743507283.675778
1743507283.691848
1743507283.707704
1743507283.723760
1743507283.739843
1743507283.755938
1743507283.771927
1743507283.787890
1743507283.803963
1743507283.820104
1743507283.852265
1743507283.883288
1743507283.899808
1743507283.915751
1743507283.931825
1743507283.947929
1743507283.964081
1743507283.980084
1743507284.012236
1743507284.044543
1743507284.076471
1743507284.108321
1743507284.140302
1743507284.172584
1743507284.204238
1743507284.235545
1743507284.251624
1743507284.267738
1743507284.283722
1743507284.299968
1743507284.316100
1743507284.331953
1743507284.347944
1743507284.363949
1743507284.379768
1743507284.395941
1743507284.411728
1743507284.428033
1743507284.444124
1743507284.460051
1743507284.476000
1743507284.508099
1743507284.540354
1743507284.572136
1743507284.604149
1743507284.635411
1743507284.651670
1743507284.667799
1743507284.683858
1743507284.699890
1743507284.716003
1743507284.731970
1743507284.747955
1743507284.764000
1743507284.780119
1743507284.795999
1743507284.828538
1743507284.859652
1743507284.875650
1743507284.891795
1743507284.908023
1743507284.923699
1743507284.939862
1743507284.956135
1743507284.971730
1743507284.987947
1743507285.003870
1743507285.019804
1743507285.035775
1743507285.051945
1743507285.067926
1743507285.083943
1743507285.100108
1743507285.116110
1743507285.148375
1743507285.179975
1743507285.212027
1743507285.243993
1743507285.259567
1743507285.275984
1743507285.291757
1743507285.307823
1743507285.323872
1743507285.339810
1743507285.356030
1743507285.371915
1743507285.387917
1743507285.403947
1743507285.419865
1743507285.435978
1743507285.452097
1743507285.484513
1743507285.515607
1743507285.531752
1743507285.547852
1743507285.563970
1743507285.579825
1743507285.595737
1743507285.611689
1743507285.627853
1743507285.643710
1743507285.659850
1743507285.675957
1743507285.692078
1743507285.707896
1743507285.723836
1743507285.740086
1743507285.755919
1743507285.771945
1743507285.804266
1743507285.835687
1743507285.851726
1743507285.867952
1743507285.883862
1743507285.900016
1743507285.915859
1743507285.931850
1743507285.947833
1743507285.963998
1743507285.979853
1743507285.995816
1743507286.011810
1743507286.028099
1743507286.043854
1743507286.059921
1743507286.076140
1743507286.092100
1743507286.124636
1743507286.156111
1743507286.188078
1743507286.203635
1743507286.219803
1743507286.235863
1743507286.251829
1743507286.267787
1743507286.284238
1743507286.299954
1743507286.315961
1743507286.331869
1743507286.347984
1743507286.364055
1743507286.380141
1743507286.396005
1743507286.411940
1743507286.427951
1743507286.460239
1743507286.492201
1743507286.507566
1743507286.523787
1743507286.539612
1743507286.555761
1743507286.571732
1743507286.587944
1743507286.603817
1743507286.619709
1743507286.636006
1743507286.651737
1743507286.667804
1743507286.684010
1743507286.700387
1743507286.716237
1743507286.732028
1743507286.747969
1743507286.780760
1743507286.812119
1743507286.844246
1743507286.876322
1743507286.908393
1743507286.940739
1743507286.972043
1743507286.987586
1743507287.003918
