1743409174.957748
1743409175.036794
1743409175.069265
1743409175.100990
1743409175.133256
1743409175.165458
1743409175.197386
1743409175.229456
1743409175.260370
1743409175.277562
1743409175.293995
1743409175.324833
1743409175.359956
1743409175.389177
1743409175.405721
1743409175.421742
1743409175.453920
1743409175.485801
1743409175.518309
1743409175.549814
1743409175.581795
1743409175.613960
1743409175.646146
1743409175.678469
1743409175.709866
1743409175.742091
1743409175.774414
1743409175.806315
1743409175.838012
1743409175.870345
1743409175.902115
1743409175.935375
1743409175.967275
1743409175.999423
1743409176.031519
1743409176.063469
1743409176.095350
1743409176.127146
1743409176.174664
1743409176.207339
1743409176.239203
1743409176.270387
1743409176.301368
1743409176.333734
1743409176.365300
1743409176.381630
1743409176.397519
1743409176.413518
1743409176.429566
1743409176.445585
1743409176.461583
1743409176.493363
1743409176.509300
1743409176.525423
1743409176.541417
1743409176.573174
1743409176.589212
1743409176.605292
1743409176.621349
1743409176.637454
1743409176.653415
1743409176.669556
1743409176.685600
1743409176.701536
1743409176.717669
1743409176.733699
1743409176.749690
1743409176.765413
1743409176.781734
1743409176.814176
1743409176.845787
1743409176.877140
1743409176.893331
1743409176.909286
1743409176.925270
1743409176.941368
1743409176.957567
1743409176.989924
1743409177.005377
1743409177.021406
1743409177.037443
1743409177.053460
1743409177.069721
1743409177.085595
1743409177.101780
1743409177.117582
1743409177.150019
1743409177.181053
1743409177.197243
1743409177.213353
1743409177.229288
1743409177.245383
1743409177.261337
1743409177.277448
1743409177.293440
1743409177.309315
1743409177.325465
1743409177.341541
1743409177.357520
1743409177.373502
1743409177.389466
1743409177.405703
1743409177.421572
1743409177.437484
1743409177.469987
1743409177.501665
1743409177.517274
1743409177.533311
1743409177.549363
1743409177.565327
1743409177.581453
1743409177.597363
1743409177.613513
1743409177.629330
1743409177.645451
1743409177.661359
1743409177.677418
1743409177.693451
1743409177.709525
1743409177.725502
1743409177.741504
1743409177.757552
1743409177.789198
1743409177.805115
1743409177.821198
1743409177.837228
1743409177.853318
1743409177.869327
1743409177.885421
1743409177.901302
1743409177.917370
1743409177.933426
1743409177.949449
1743409177.965358
1743409177.981279
1743409177.997341
1743409178.013525
1743409178.029423
1743409178.045396
1743409178.061479
1743409178.077491
1743409178.093663
1743409178.125821
1743409178.157562
1743409178.173161
1743409178.189234
1743409178.205424
1743409178.221391
1743409178.237228
1743409178.253318
1743409178.269428
1743409178.285373
1743409178.301404
1743409178.317515
1743409178.333582
1743409178.349589
1743409178.365393
1743409178.381478
1743409178.397615
1743409178.413532
1743409178.446111
1743409178.477114
1743409178.492837
1743409178.509159
1743409178.525310
1743409178.541236
1743409178.557291
1743409178.573311
1743409178.589273
1743409178.605284
1743409178.621343
1743409178.637377
1743409178.653342
1743409178.669496
1743409178.685509
1743409178.701578
1743409178.718084
1743409178.733740
1743409178.766065
1743409178.797579
1743409178.829616
1743409178.861269
1743409178.876926
1743409178.893175
1743409178.909213
1743409178.925328
1743409178.941313
1743409178.957308
1743409178.973449
1743409178.989391
1743409179.005433
1743409179.021424
1743409179.037486
1743409179.053477
1743409179.069637
1743409179.102037
1743409179.133323
1743409179.149242
1743409179.165316
1743409179.181216
1743409179.197376
1743409179.213465
1743409179.229526
1743409179.245493
1743409179.261512
1743409179.277420
1743409179.293342
1743409179.309358
1743409179.325446
1743409179.341408
1743409179.357633
1743409179.390029
1743409179.421822
1743409179.452861
1743409179.469286
1743409179.485539
1743409179.501409
1743409179.517364
1743409179.533476
1743409179.549373
1743409179.565267
1743409179.581273
1743409179.597306
1743409179.613422
1743409179.629385
1743409179.645473
1743409179.661539
1743409179.677424
1743409179.693468
1743409179.709474
1743409179.741752
1743409179.773596
1743409179.789132
1743409179.805186
1743409179.821376
1743409179.837304
1743409179.853194
1743409179.869389
1743409179.885501
1743409179.901478
1743409179.917307
1743409179.933431
1743409179.949545
1743409179.965352
1743409179.981414
1743409179.997432
1743409180.013575
1743409180.029543
1743409180.045515
1743409180.078113
1743409180.109698
1743409180.141538
1743409180.157020
1743409180.173205
1743409180.189240
1743409180.205383
1743409180.221368
1743409180.237266
1743409180.253481
1743409180.269542
1743409180.285492
1743409180.301486
1743409180.317494
1743409180.333512
1743409180.349491
1743409180.365528
1743409180.397964
1743409180.429565
1743409180.461630
1743409180.493523
1743409180.509242
1743409180.525553
1743409180.541338
1743409180.557224
1743409180.573192
1743409180.589314
1743409180.605371
1743409180.621411
1743409180.637530
1743409180.653598
1743409180.669443
1743409180.685504
1743409180.717565
1743409180.733322
1743409180.749249
1743409180.765211
1743409180.781312
1743409180.797161
1743409180.813289
1743409180.829272
1743409180.845281
1743409180.861255
1743409180.877259
1743409180.893271
1743409180.909259
1743409180.925256
1743409180.941433
1743409180.957449
1743409180.973434
1743409180.989428
1743409181.005576
1743409181.021483
1743409181.053575
1743409181.069322
1743409181.085243
1743409181.101410
1743409181.117396
1743409181.133487
1743409181.149373
1743409181.165248
1743409181.181195
1743409181.197302
1743409181.213426
1743409181.229398
1743409181.245461
1743409181.261304
1743409181.277375
1743409181.293379
1743409181.309458
1743409181.325579
1743409181.341494
1743409181.374083
1743409181.405388
1743409181.421156
1743409181.437201
1743409181.453288
1743409181.469315
1743409181.485374
1743409181.501418
1743409181.517425
1743409181.533489
1743409181.549517
1743409181.565249
1743409181.581244
1743409181.597377
1743409181.613440
1743409181.629413
1743409181.645523
1743409181.661402
1743409181.694295
1743409181.725727
1743409181.757918
1743409181.789875
1743409181.821193
1743409181.837208
1743409181.853340
1743409181.869483
1743409181.885485
1743409181.901261
1743409181.917391
1743409181.933638
1743409181.949490
1743409181.965423
1743409181.981405
1743409181.997410
1743409182.029942
1743409182.061576
1743409182.093522
1743409182.125706
1743409182.157654
1743409182.173244
1743409182.189240
1743409182.205280
1743409182.221272
1743409182.237384
1743409182.253390
1743409182.269548
1743409182.285514
1743409182.301679
1743409182.317526
1743409182.349870
1743409182.381506
1743409182.396973
1743409182.413250
1743409182.429222
1743409182.445299
1743409182.461259
1743409182.477237
1743409182.493260
1743409182.509201
1743409182.525255
1743409182.541210
1743409182.557288
1743409182.573322
1743409182.589356
1743409182.605390
1743409182.621421
1743409182.637490
1743409182.669648
1743409182.701195
1743409182.717206
1743409182.733334
1743409182.749386
1743409182.765230
1743409182.781201
1743409182.797303
1743409182.813321
1743409182.829339
1743409182.845262
1743409182.861264
1743409182.877285
1743409182.893376
1743409182.909391
1743409182.925589
1743409182.941502
1743409182.957446
1743409182.973474
1743409183.005934
1743409183.037189
1743409183.053180
1743409183.069303
1743409183.085423
1743409183.101251
1743409183.117233
1743409183.133391
1743409183.149374
1743409183.165292
1743409183.181293
1743409183.197293
1743409183.213350
1743409183.229401
1743409183.245472
1743409183.261448
1743409183.277527
1743409183.293413
1743409183.326119
1743409183.357440
1743409183.373140
1743409183.389140
1743409183.405189
1743409183.421361
1743409183.437272
1743409183.453202
1743409183.469462
1743409183.485438
1743409183.501436
1743409183.517367
1743409183.533438
1743409183.549510
1743409183.565439
1743409183.581352
1743409183.597374
1743409183.613447
1743409183.646033
1743409183.677617
1743409183.709457
1743409183.741654
1743409183.773574
1743409183.789112
1743409183.805235
1743409183.821270
1743409183.837241
1743409183.853379
1743409183.869472
1743409183.885524
1743409183.901556
1743409183.917544
1743409183.933500
1743409183.949668
1743409183.981767
1743409184.013732
1743409184.045685
1743409184.077689
1743409184.109634
1743409184.124971
1743409184.141301
1743409184.157302
1743409184.173382
1743409184.189236
1743409184.205377
1743409184.221481
1743409184.237402
1743409184.253472
1743409184.269457
1743409184.301913
1743409184.333421
1743409184.348901
1743409184.365252
1743409184.381186
1743409184.397198
1743409184.413305
1743409184.429227
1743409184.445235
1743409184.461238
1743409184.477333
1743409184.493214
1743409184.509271
1743409184.525298
1743409184.541409
1743409184.557381
1743409184.573487
1743409184.589486
1743409184.621585
1743409184.637177
1743409184.653138
1743409184.669417
1743409184.685408
1743409184.701291
1743409184.717306
1743409184.733344
1743409184.749216
1743409184.765324
1743409184.781197
1743409184.797263
1743409184.813223
1743409184.829259
1743409184.845341
1743409184.861385
1743409184.877409
1743409184.893363
1743409184.909438
1743409184.925402
1743409184.958180
1743409184.989792
1743409185.021354
1743409185.053129
1743409185.070134
1743409185.101144
1743409185.117235
1743409185.133376
1743409185.149377
1743409185.181551
1743409185.213902
1743409185.245675
1743409185.277803
1743409185.309329
1743409185.341432
1743409185.373783
1743409185.405751
1743409185.437395
1743409185.469460
1743409185.501507
1743409185.533474
1743409185.565506
1743409185.597865
1743409185.629517
1743409185.661584
1743409185.693708
1743409185.725722
1743409185.757637
1743409185.789734
1743409185.821580
1743409185.853166
1743409185.885376
1743409185.901463
1743409185.933596
1743409185.965545
1743409185.997698
1743409186.029731
1743409186.061583
1743409186.093683
1743409186.125129
1743409186.157814
1743409186.189641
1743409186.221592
1743409186.253328
1743409186.285248
1743409186.317319
1743409186.349655
1743409186.381260
1743409186.413687
1743409186.445696
1743409186.477664
1743409186.509669
1743409186.541972
1743409186.573767
1743409186.605100
1743409186.637280
1743409186.669151
1743409186.685345
1743409186.717226
1743409186.749339
1743409186.781517
1743409186.813630
1743409186.845652
1743409186.877556
1743409186.909583
1743409186.941507
1743409186.973564
1743409186.989201
1743409187.021410
1743409187.053470
1743409187.069417
1743409187.085526
1743409187.117438
1743409187.149597
1743409187.181745
1743409187.229608
1743409187.261912
1743409187.293583
1743409187.326102
1743409187.357070
1743409187.373131
1743409187.389203
1743409187.421692
1743409187.452838
1743409187.469423
1743409187.485407
1743409187.517526
1743409187.549662
1743409187.581623
1743409187.613603
1743409187.645663
1743409187.677505
1743409187.709514
1743409187.741680
1743409187.773729
1743409187.805799
1743409187.837594
1743409187.885162
1743409187.917213
1743409187.948876
1743409187.964849
1743409187.981274
1743409188.013880
1743409188.045109
1743409188.077663
1743409188.109817
1743409188.141585
1743409188.173486
1743409188.205957
1743409188.237139
1743409188.269328
1743409188.301073
1743409188.317187
1743409188.349406
1743409188.381718
1743409188.413399
1743409188.445830
1743409188.477742
1743409188.525503
1743409188.557024
1743409188.573128
1743409188.605255
1743409188.637181
1743409188.669382
1743409188.701232
1743409188.717305
1743409188.733360
1743409188.765586
1743409188.797737
1743409188.829812
1743409188.861998
1743409188.893000
1743409188.925569
1743409188.958071
1743409188.989718
1743409189.020840
1743409189.037174
1743409189.069395
1743409189.085341
1743409189.117038
1743409189.133348
1743409189.149637
1743409189.182096
1743409189.213457
1743409189.245549
1743409189.277725
1743409189.310024
1743409189.341401
1743409189.373660
1743409189.405412
1743409189.437357
1743409189.468999
1743409189.501816
1743409189.533418
1743409189.565456
1743409189.597095
1743409189.629649
1743409189.661563
1743409189.693632
1743409189.725330
1743409189.757788
1743409189.789821
1743409189.837137
1743409189.868950
1743409189.885069
1743409189.901208
1743409189.917341
1743409189.949348
1743409189.981667
1743409190.013880
1743409190.044787
1743409190.078092
1743409190.109775
1743409190.157489
1743409190.189487
1743409190.221033
1743409190.237130
1743409190.269287
1743409190.301225
1743409190.333252
1743409190.365563
1743409190.397724
1743409190.429868
1743409190.477541
1743409190.509507
1743409190.541431
1743409190.573572
1743409190.605404
1743409190.637060
1743409190.653321
1743409190.669483
1743409190.686018
1743409190.717402
1743409190.749479
1743409190.781677
1743409190.813478
1743409190.845734
1743409190.877704
1743409190.909679
1743409190.941087
1743409190.973799
1743409191.005844
1743409191.037545
1743409191.069150
1743409191.085423
1743409191.133179
1743409191.165473
1743409191.197284
1743409191.229725
1743409191.261686
1743409191.293703
1743409191.325655
1743409191.357694
1743409191.389980
1743409191.421436
1743409191.453190
1743409191.485196
1743409191.517082
1743409191.533308
1743409191.565014
1743409191.597627
1743409191.629437
1743409191.661795
1743409191.693365
1743409191.725819
1743409191.757701
1743409191.789654
1743409191.820694
1743409191.837024
1743409191.853129
1743409191.869277
1743409191.901397
1743409191.933461
1743409191.965509
1743409191.997773
1743409192.029808
1743409192.061777
1743409192.109550
1743409192.141461
1743409192.173412
1743409192.205220
1743409192.237184
1743409192.269099
1743409192.301129
1743409192.317310
1743409192.333529
1743409192.365691
1743409192.397336
1743409192.429643
1743409192.461729
1743409192.493559
1743409192.525543
1743409192.557726
1743409192.589655
1743409192.621388
1743409192.653393
1743409192.669339
1743409192.685369
1743409192.701329
1743409192.717553
1743409192.765444
1743409192.797707
1743409192.829623
1743409192.861137
1743409192.893629
1743409192.925748
1743409192.957675
1743409192.989332
1743409193.021373
1743409193.037223
1743409193.053295
1743409193.085358
1743409193.117068
1743409193.133102
1743409193.149101
1743409193.181307
1743409193.213770
1743409193.245509
1743409193.277514
1743409193.309537
1743409193.341236
1743409193.373773
1743409193.405792
1743409193.436973
1743409193.469031
1743409193.485122
1743409193.517227
1743409193.533198
1743409193.565498
1743409193.597221
1743409193.613124
1743409193.645809
1743409193.677833
1743409193.709651
1743409193.741699
1743409193.773449
1743409193.805118
1743409193.837016
1743409193.869193
1743409193.885210
1743409193.901269
1743409193.933287
1743409193.965635
1743409193.998030
1743409194.029669
1743409194.061610
1743409194.093393
1743409194.125764
1743409194.157605
1743409194.189408
1743409194.221130
1743409194.237142
1743409194.269341
1743409194.301298
1743409194.317383
1743409194.349678
1743409194.381712
1743409194.413396
1743409194.445544
1743409194.477439
1743409194.509578
1743409194.541248
1743409194.573602
1743409194.605424
1743409194.637521
1743409194.669418
1743409194.685444
1743409194.717532
1743409194.749474
1743409194.780938
1743409194.813725
1743409194.845424
1743409194.877466
1743409194.909120
1743409194.941961
1743409194.973981
1743409195.005645
1743409195.036947
1743409195.053000
1743409195.069088
1743409195.101090
1743409195.117171
1743409195.133241
1743409195.165348
1743409195.197691
1743409195.229663
1743409195.261969
1743409195.293634
1743409195.325786
1743409195.357649
1743409195.389574
1743409195.421143
1743409195.453296
1743409195.484902
1743409195.501108
1743409195.517311
1743409195.533338
1743409195.549395
1743409195.580338
1743409195.597293
1743409195.629739
1743409195.661391
1743409195.693513
1743409195.725677
1743409195.757463
1743409195.789502
1743409195.821423
1743409195.853364
1743409195.885391
1743409195.917311
1743409195.933319
1743409195.949461
1743409195.981708
1743409196.013629
1743409196.045434
1743409196.077554
1743409196.109744
1743409196.141397
1743409196.173568
1743409196.205319
1743409196.237387
1743409196.269250
1743409196.285360
1743409196.301503
1743409196.333683
1743409196.365128
1743409196.397452
1743409196.429475
1743409196.461485
1743409196.493481
1743409196.525687
1743409196.557613
1743409196.589687
1743409196.621348
1743409196.637360
1743409196.669779
1743409196.701266
1743409196.733285
1743409196.765577
1743409196.797347
1743409196.829432
1743409196.861714
1743409196.893652
1743409196.925740
1743409196.958077
1743409196.989187
1743409197.021086
1743409197.052991
1743409197.069048
1743409197.101178
1743409197.117113
1743409197.133324
1743409197.165624
1743409197.197324
1743409197.229823
1743409197.261766
1743409197.309432
1743409197.341332
1743409197.373603
1743409197.405134
1743409197.437153
1743409197.469428
1743409197.501266
1743409197.517442
1743409197.549590
1743409197.581544
1743409197.613736
1743409197.645687
1743409197.677158
1743409197.709507
1743409197.741699
1743409197.773653
1743409197.805931
1743409197.836864
1743409197.853125
1743409197.885352
1743409197.917456
1743409197.965133
1743409197.997396
1743409198.030015
1743409198.061592
1743409198.093341
1743409198.125682
1743409198.157761
1743409198.189715
1743409198.221281
1743409198.253362
1743409198.285636
1743409198.317291
1743409198.349285
1743409198.381505
1743409198.413415
1743409198.445554
1743409198.477557
1743409198.509625
1743409198.541591
1743409198.573693
1743409198.621404
1743409198.653413
1743409198.685287
1743409198.717090
1743409198.749262
1743409198.781420
1743409198.813597
1743409198.845733
1743409198.877483
1743409198.909724
1743409198.941756
1743409198.973408
1743409199.004647
1743409199.021032
1743409199.053089
1743409199.069088
1743409199.101062
1743409199.117188
1743409199.149426
1743409199.181615
1743409199.213425
1743409199.261486
1743409199.293728
1743409199.325688
1743409199.357359
1743409199.389615
1743409199.421313
1743409199.453023
1743409199.469236
1743409199.501397
1743409199.517489
1743409199.549505
1743409199.597396
1743409199.629414
1743409199.661401
1743409199.693482
1743409199.724986
1743409199.757380
1743409199.789636
1743409199.821383
1743409199.852938
1743409199.869406
1743409199.916924
1743409199.949235
1743409199.980768
1743409199.996756
1743409200.013232
1743409200.045585
1743409200.077296
1743409200.109642
1743409200.141371
1743409200.173885
1743409200.205861
1743409200.237963
1743409200.269065
1743409200.301272
1743409200.333099
1743409200.365313
1743409200.397675
1743409200.429638
1743409200.461456
1743409200.493727
1743409200.525827
1743409200.573360
1743409200.604954
1743409200.620953
1743409200.637102
1743409200.653061
1743409200.685128
1743409200.717328
1743409200.749397
1743409200.781574
1743409200.813669
1743409200.845189
1743409200.893518
1743409200.925527
1743409200.957389
1743409200.989345
1743409201.021245
1743409201.053002
1743409201.069197
1743409201.085359
1743409201.116931
1743409201.133204
1743409201.166016
1743409201.213358
1743409201.244833
1743409201.277423
1743409201.309443
1743409201.341478
1743409201.373444
1743409201.405257
1743409201.437087
1743409201.453095
1743409201.484926
1743409201.501192
1743409201.517502
1743409201.549677
1743409201.580754
1743409201.613465
1743409201.645764
1743409201.677613
1743409201.708972
1743409201.741714
1743409201.773489
1743409201.805728
1743409201.836851
1743409201.869675
1743409201.900807
1743409201.917053
1743409201.949073
1743409201.981587
1743409202.013497
1743409202.045505
1743409202.077623
1743409202.109705
1743409202.141491
1743409202.189297
1743409202.220600
1743409202.236965
1743409202.269031
1743409202.301197
1743409202.333126
1743409202.349213
1743409202.381415
1743409202.413922
1743409202.445489
1743409202.477754
1743409202.525429
1743409202.557516
1743409202.589280
1743409202.621078
1743409202.653096
1743409202.685138
1743409202.716896
1743409202.733201
1743409202.749322
1743409202.781613
1743409202.813654
1743409202.845601
1743409202.877587
1743409202.909901
1743409202.941078
1743409202.973552
1743409203.005702
1743409203.037095
1743409203.068762
1743409203.085219
1743409203.101300
1743409203.133457
1743409203.166091
1743409203.197327
1743409203.229481
1743409203.261343
1743409203.293319
1743409203.325633
1743409203.357598
1743409203.389704
1743409203.421174
1743409203.453340
1743409203.501071
1743409203.533326
1743409203.564863
1743409203.597481
1743409203.629531
1743409203.661752
1743409203.692971
1743409203.725865
1743409203.757852
1743409203.789883
1743409203.821087
1743409203.853214
1743409203.885052
1743409203.917358
1743409203.948931
1743409203.981573
1743409204.013679
1743409204.045676
1743409204.077353
1743409204.109862
1743409204.141683
1743409204.173398
1743409204.204905
1743409204.237344
1743409204.269152
1743409204.300959
1743409204.317193
1743409204.349520
1743409204.381406
1743409204.413645
1743409204.445564
1743409204.477705
1743409204.509455
1743409204.541391
1743409204.573257
1743409204.605149
1743409204.637098
1743409204.669253
1743409204.701278
1743409204.717183
1743409204.733432
1743409204.765737
1743409204.797661
1743409204.829381
1743409204.861397
1743409204.893437
1743409204.925514
1743409204.957816
1743409204.989460
1743409205.021285
1743409205.052991
1743409205.069162
1743409205.116941
1743409205.132816
1743409205.149147
1743409205.181661
1743409205.213413
1743409205.245496
1743409205.277015
1743409205.309641
1743409205.341753
1743409205.373559
1743409205.405148
1743409205.452932
1743409205.485186
1743409205.517081
1743409205.548996
1743409205.581453
1743409205.613511
1743409205.645472
1743409205.677066
1743409205.709661
1743409205.741592
1743409205.773637
1743409205.804843
1743409205.820940
1743409205.853004
1743409205.869145
1743409205.900961
1743409205.917027
1743409205.933164
1743409205.949153
1743409205.981427
1743409206.013673
1743409206.045705
1743409206.093524
1743409206.125110
1743409206.157400
1743409206.189440
1743409206.221015
1743409206.253202
1743409206.285017
1743409206.301085
1743409206.317185
1743409206.349862
1743409206.381576
1743409206.429100
1743409206.461413
1743409206.493043
1743409206.525678
1743409206.557542
1743409206.589677
1743409206.620884
1743409206.637001
1743409206.653183
1743409206.669216
1743409206.701308
1743409206.748998
1743409206.781273
1743409206.813523
1743409206.845180
1743409206.877592
1743409206.909540
1743409206.941419
1743409206.973296
1743409207.005408
1743409207.037440
1743409207.069629
1743409207.100856
1743409207.117054
1743409207.149252
1743409207.164724
1743409207.181014
1743409207.213615
1743409207.245438
1743409207.277470
1743409207.309020
1743409207.325070
1743409207.357983
1743409207.405364
1743409207.436655
1743409207.453029
1743409207.485385
1743409207.517009
1743409207.549160
1743409207.581587
1743409207.613363
1743409207.645723
1743409207.677257
1743409207.725542
1743409207.757383
1743409207.789283
1743409207.820878
1743409207.836968
1743409207.869144
1743409207.900920
1743409207.917160
1743409207.949506
1743409207.981589
1743409208.013874
1743409208.045051
1743409208.077608
1743409208.109501
1743409208.141427
1743409208.173155
1743409208.205082
1743409208.237264
1743409208.269152
1743409208.285441
1743409208.317504
1743409208.349541
1743409208.381638
1743409208.412948
1743409208.444878
1743409208.477611
1743409208.509527
1743409208.541816
1743409208.573497
1743409208.605324
1743409208.637206
1743409208.653128
1743409208.669147
1743409208.701400
1743409208.733241
1743409208.765268
1743409208.797288
1743409208.829016
1743409208.861494
1743409208.893343
1743409208.925639
1743409208.957253
1743409208.989665
1743409209.021569
1743409209.052942
1743409209.084873
1743409209.100922
1743409209.117069
1743409209.133177
1743409209.165206
1743409209.180716
1743409209.196965
1743409209.213052
1743409209.245150
1743409209.277689
1743409209.309688
1743409209.357213
1743409209.388723
1743409209.404952
1743409209.420987
1743409209.453121
1743409209.484739
1743409209.501032
1743409209.517263
1743409209.549330
1743409209.580980
1743409209.613898
1743409209.645643
1743409209.677438
1743409209.708769
1743409209.741351
1743409209.773423
1743409209.805121
1743409209.836847
1743409209.852932
1743409209.869122
1743409209.901191
1743409209.933028
1743409209.949113
1743409209.997173
1743409210.029326
1743409210.060939
1743409210.093566
1743409210.125592
1743409210.157456
1743409210.189226
1743409210.221212
1743409210.253248
1743409210.285461
1743409210.333088
1743409210.365164
1743409210.397434
1743409210.429385
1743409210.461298
1743409210.493524
1743409210.525556
1743409210.557620
1743409210.589292
1743409210.621263
1743409210.653401
1743409210.684903
1743409210.717007
1743409210.733039
1743409210.765493
1743409210.797388
1743409210.829540
1743409210.861566
1743409210.893821
1743409210.925847
1743409210.973203
1743409211.005075
1743409211.036961
1743409211.069225
1743409211.100890
1743409211.116972
1743409211.149216
1743409211.181489
1743409211.213410
1743409211.245698
1743409211.277719
1743409211.309632
1743409211.340728
1743409211.373536
1743409211.405399
1743409211.437222
1743409211.468631
1743409211.484999
1743409211.517296
1743409211.549295
1743409211.581277
1743409211.629257
1743409211.661291
1743409211.693434
1743409211.724987
1743409211.757444
1743409211.789462
1743409211.821074
1743409211.852838
1743409211.868964
1743409211.885192
1743409211.901262
1743409211.949266
1743409211.981360
1743409212.013476
1743409212.045422
1743409212.076973
1743409212.092966
1743409212.125676
1743409212.157447
1743409212.188958
1743409212.205142
1743409212.237277
1743409212.284796
1743409212.316672
1743409212.333026
1743409212.365225
1743409212.397472
1743409212.429104
1743409212.461426
1743409212.493401
1743409212.525723
1743409212.557218
1743409212.605264
1743409212.637022
1743409212.668804
1743409212.685191
1743409212.717248
1743409212.749318
1743409212.781463
1743409212.813201
1743409212.845530
1743409212.877659
1743409212.925163
1743409212.957008
1743409212.989522
1743409213.021363
1743409213.053186
1743409213.085017
1743409213.117021
1743409213.132965
1743409213.149182
1743409213.181178
1743409213.213711
1743409213.261256
1743409213.293358
1743409213.324918
1743409213.340803
1743409213.356933
1743409213.372933
1743409213.404934
1743409213.420944
1743409213.453173
1743409213.485064
1743409213.516939
1743409213.533137
1743409213.549332
1743409213.581674
1743409213.612933
1743409213.645399
1743409213.677295
1743409213.709372
1743409213.741084
1743409213.773500
1743409213.805501
1743409213.837249
1743409213.868959
1743409213.901423
1743409213.933039
1743409213.964976
1743409213.996822
1743409214.029552
1743409214.061497
1743409214.093503
1743409214.124855
1743409214.157497
1743409214.189439
1743409214.237085
1743409214.268754
1743409214.284968
1743409214.317291
1743409214.349384
1743409214.380956
1743409214.413492
1743409214.445416
1743409214.477509
1743409214.509429
1743409214.557204
1743409214.589342
1743409214.620837
1743409214.652851
1743409214.668944
1743409214.685090
1743409214.717093
1743409214.749433
1743409214.781431
1743409214.813566
1743409214.845736
1743409214.877460
1743409214.909239
1743409214.941382
1743409214.973436
1743409215.005774
1743409215.036948
1743409215.069257
1743409215.101071
1743409215.133736
1743409215.164964
1743409215.214040
1743409215.245408
1743409215.276916
1743409215.309257
1743409215.341576
1743409215.373192
1743409215.404779
1743409215.420929
1743409215.453218
1743409215.469329
1743409215.501018
1743409215.533437
1743409215.565222
1743409215.597410
1743409215.628904
1743409215.661347
1743409215.693520
1743409215.725236
1743409215.757483
1743409215.789473
1743409215.821251
1743409215.853705
1743409215.884498
1743409215.900798
1743409215.916957
1743409215.932967
1743409215.964724
1743409215.996889
1743409216.029364
1743409216.061368
1743409216.093450
1743409216.125620
1743409216.157780
1743409216.189642
1743409216.220821
1743409216.236855
1743409216.268931
1743409216.284984
1743409216.316930
1743409216.332937
1743409216.349089
1743409216.381390
1743409216.413485
1743409216.445575
1743409216.477292
1743409216.509547
1743409216.541477
1743409216.573633
1743409216.605379
1743409216.636961
1743409216.668922
1743409216.685103
1743409216.716921
1743409216.733002
1743409216.749198
1743409216.781853
1743409216.829207
1743409216.861243
1743409216.893337
1743409216.925450
1743409216.957326
1743409216.989646
1743409217.020918
1743409217.052871
1743409217.069015
1743409217.085315
1743409217.117171
1743409217.133258
1743409217.165264
1743409217.197259
1743409217.229437
1743409217.261394
1743409217.292889
1743409217.325418
1743409217.357146
1743409217.389423
1743409217.421159
1743409217.437186
1743409217.453226
1743409217.485732
1743409217.516738
1743409217.532900
1743409217.565307
1743409217.597478
1743409217.629046
1743409217.661333
1743409217.693708
1743409217.725492
1743409217.757269
1743409217.805307
1743409217.836974
1743409217.868961
1743409217.900778
1743409217.917141
1743409217.949258
1743409217.981199
1743409218.012920
1743409218.045647
1743409218.077447
1743409218.109678
1743409218.141140
1743409218.173388
1743409218.205054
1743409218.236892
1743409218.268903
1743409218.300942
1743409218.333257
1743409218.365401
1743409218.397127
1743409218.429594
1743409218.461573
1743409218.493208
1743409218.525206
1743409218.557427
1743409218.589281
1743409218.621050
1743409218.653114
1743409218.685149
1743409218.717947
1743409218.749372
1743409218.781219
1743409218.813187
1743409218.845305
1743409218.877574
1743409218.909136
1743409218.941346
1743409218.973358
1743409219.005146
1743409219.037133
1743409219.069187
1743409219.116705
1743409219.148950
1743409219.180900
1743409219.213313
1743409219.245253
1743409219.277424
1743409219.309024
1743409219.341475
1743409219.373326
1743409219.405163
1743409219.436659
1743409219.452711
1743409219.468785
1743409219.484892
1743409219.516756
1743409219.532863
1743409219.565113
1743409219.597321
1743409219.628784
1743409219.661417
1743409219.693543
1743409219.725671
1743409219.757255
1743409219.789389
1743409219.820770
1743409219.836734
1743409219.868669
1743409219.884870
1743409219.917065
1743409219.949289
1743409219.980836
1743409220.013652
1743409220.045397
1743409220.093207
1743409220.124657
1743409220.157518
1743409220.189536
1743409220.220886
1743409220.253090
1743409220.285147
1743409220.317161
1743409220.333156
1743409220.365341
1743409220.413290
1743409220.445185
1743409220.477282
1743409220.509274
1743409220.541301
1743409220.573622
1743409220.605212
1743409220.636659
1743409220.653256
1743409220.685645
1743409220.733071
1743409220.764878
1743409220.797129
1743409220.829381
1743409220.861260
1743409220.893554
1743409220.925365
1743409220.957240
1743409220.989513
1743409221.021007
1743409221.037043
1743409221.069284
1743409221.100925
1743409221.133179
1743409221.165168
1743409221.197288
1743409221.229386
1743409221.261130
1743409221.276660
1743409221.292875
1743409221.309011
1743409221.341531
1743409221.389129
1743409221.420900
1743409221.452876
1743409221.484445
1743409221.500896
1743409221.517042
1743409221.533051
1743409221.564843
1743409221.597283
1743409221.629651
1743409221.661825
1743409221.709186
1743409221.741255
1743409221.773263
1743409221.804944
1743409221.836983
1743409221.868919
1743409221.884888
1743409221.900874
1743409221.917103
1743409221.933189
1743409221.965416
1743409221.997488
1743409222.045148
1743409222.077296
1743409222.109397
1743409222.141579
1743409222.172875
1743409222.205150
1743409222.237148
1743409222.269117
1743409222.300874
1743409222.317150
1743409222.333239
1743409222.365535
1743409222.396933
1743409222.429544
1743409222.461322
1743409222.493195
1743409222.525211
1743409222.557419
1743409222.589773
1743409222.621118
1743409222.653094
1743409222.685278
1743409222.716868
1743409222.749269
1743409222.781202
1743409222.813402
1743409222.845286
1743409222.877482
1743409222.909375
1743409222.941566
1743409222.973380
1743409223.020827
1743409223.052809
1743409223.068811
1743409223.084877
1743409223.100881
1743409223.133300
1743409223.165301
1743409223.197228
1743409223.229368
1743409223.261540
1743409223.293739
1743409223.340896
1743409223.373170
1743409223.404758
1743409223.420849
1743409223.452902
1743409223.484888
1743409223.516957
1743409223.548862
1743409223.581627
1743409223.613491
1743409223.661158
1743409223.693136
1743409223.725118
1743409223.757234
1743409223.789345
1743409223.821025
1743409223.852547
1743409223.869025
1743409223.901135
1743409223.917113
1743409223.933126
1743409223.965385
1743409223.997678
1743409224.029249
1743409224.060716
1743409224.093225
1743409224.125184
1743409224.157202
1743409224.188955
1743409224.221293
1743409224.253098
1743409224.269051
1743409224.285115
1743409224.317390
1743409224.349222
1743409224.381329
1743409224.412996
1743409224.445681
1743409224.477404
1743409224.509687
1743409224.541123
1743409224.573385
1743409224.605494
1743409224.637298
1743409224.668551
1743409224.684850
1743409224.716883
1743409224.732850
1743409224.765116
1743409224.797302
1743409224.829373
1743409224.861376
1743409224.893488
1743409224.925445
1743409224.972897
1743409225.004895
1743409225.036925
1743409225.068757
1743409225.084752
1743409225.116995
1743409225.149487
1743409225.181206
1743409225.213428
1743409225.245513
1743409225.293041
1743409225.325190
1743409225.357357
1743409225.389273
1743409225.420694
1743409225.436859
1743409225.469048
1743409225.501190
1743409225.532816
1743409225.565247
1743409225.613305
1743409225.645225
1743409225.676982
1743409225.709486
1743409225.741457
1743409225.773200
1743409225.804994
1743409225.837049
1743409225.868970
1743409225.885018
1743409225.917004
1743409225.949690
1743409225.981150
1743409226.013432
1743409226.045338
1743409226.077214
1743409226.109351
1743409226.141288
1743409226.172923
1743409226.205361
1743409226.237100
1743409226.269507
1743409226.300615
1743409226.316755
1743409226.349207
1743409226.381118
1743409226.412882
1743409226.445306
1743409226.477388
1743409226.509491
1743409226.541090
1743409226.589043
1743409226.620749
1743409226.653067
1743409226.684487
1743409226.700823
1743409226.716959
1743409226.733041
1743409226.765010
1743409226.797314
1743409226.829350
1743409226.861382
1743409226.893211
1743409226.925600
1743409226.957207
1743409226.989238
1743409227.020730
1743409227.052832
1743409227.068841
1743409227.084867
1743409227.117001
1743409227.149303
1743409227.181364
1743409227.213513
1743409227.245647
1743409227.277324
1743409227.309323
1743409227.341206
1743409227.373346
1743409227.405501
1743409227.436833
1743409227.453074
1743409227.485082
1743409227.517233
1743409227.564576
1743409227.597429
1743409227.628940
1743409227.661444
1743409227.693436
1743409227.725276
1743409227.757288
1743409227.789222
1743409227.821290
1743409227.853157
1743409227.900696
1743409227.933078
1743409227.965057
1743409227.997139
1743409228.029442
1743409228.061350
1743409228.093501
1743409228.125452
1743409228.157375
1743409228.189613
1743409228.221659
1743409228.252977
1743409228.284976
1743409228.316911
1743409228.332823
1743409228.365045
1743409228.397044
1743409228.429465
1743409228.461357
1743409228.493341
1743409228.541146
1743409228.573116
1743409228.605263
1743409228.636756
1743409228.668957
1743409228.700992
1743409228.733135
1743409228.765081
1743409228.797060
1743409228.829451
1743409228.877131
1743409228.909152
1743409228.941056
1743409228.973388
1743409229.005241
1743409229.036912
1743409229.068975
1743409229.101085
1743409229.133041
1743409229.165339
1743409229.197201
1743409229.228395
1743409229.260762
1743409229.293536
1743409229.325258
1743409229.357319
1743409229.389266
1743409229.420982
1743409229.452652
1743409229.468965
1743409229.485182
1743409229.517455
1743409229.548580
1743409229.581115
1743409229.613324
1743409229.645229
1743409229.676657
1743409229.709280
1743409229.741430
1743409229.773388
1743409229.804824
1743409229.820953
1743409229.853523
1743409229.884996
1743409229.916812
1743409229.932877
1743409229.965091
1743409229.997304
1743409230.028973
1743409230.061361
1743409230.093333
1743409230.125520
1743409230.173218
1743409230.204888
1743409230.236911
1743409230.268942
1743409230.300428
1743409230.316819
1743409230.349250
1743409230.381347
1743409230.412895
1743409230.445499
1743409230.493341
1743409230.525195
1743409230.557109
1743409230.589151
1743409230.620849
1743409230.652882
1743409230.684734
1743409230.700830
1743409230.716925
1743409230.749228
1743409230.781297
1743409230.829028
1743409230.861107
1743409230.893297
1743409230.925077
1743409230.957518
1743409230.989451
1743409231.021085
1743409231.052934
1743409231.068962
1743409231.101279
1743409231.149203
1743409231.180642
1743409231.213194
1743409231.245185
1743409231.277228
1743409231.309115
1743409231.340782
1743409231.356559
1743409231.372828
1743409231.405055
1743409231.436961
1743409231.469485
1743409231.500849
1743409231.532957
1743409231.565174
1743409231.596595
1743409231.629189
1743409231.661462
1743409231.693353
1743409231.725022
1743409231.757483
1743409231.805085
1743409231.836931
1743409231.868632
1743409231.884758
1743409231.916797
1743409231.932747
1743409231.965024
1743409231.997225
1743409232.029325
1743409232.061353
1743409232.093039
1743409232.125592
1743409232.157262
1743409232.189210
1743409232.220399
1743409232.236652
1743409232.252751
1743409232.268762
1743409232.284831
1743409232.317150
1743409232.349015
1743409232.381224
1743409232.413074
1743409232.445212
1743409232.477224
1743409232.509060
1743409232.540690
1743409232.573438
1743409232.605338
1743409232.636836
1743409232.668866
1743409232.684932
1743409232.717072
1743409232.749490
1743409232.781336
1743409232.813095
1743409232.845217
1743409232.877223
1743409232.909058
1743409232.941296
1743409232.973160
1743409233.004907
1743409233.037121
1743409233.069084
1743409233.101267
1743409233.132861
1743409233.164945
1743409233.197369
1743409233.229304
1743409233.261412
1743409233.292932
1743409233.325482
1743409233.357363
1743409233.389321
1743409233.420755
1743409233.452705
1743409233.468783
1743409233.500840
1743409233.532820
1743409233.565116
1743409233.597162
1743409233.629502
1743409233.661150
1743409233.693311
1743409233.725412
1743409233.757402
1743409233.788996
1743409233.820818
1743409233.836912
1743409233.868815
1743409233.900896
1743409233.932957
1743409233.965225
1743409233.997294
1743409234.029211
1743409234.077087
1743409234.109310
1743409234.141144
1743409234.172769
1743409234.204798
1743409234.236916
1743409234.268931
1743409234.300860
1743409234.333469
1743409234.365307
1743409234.397384
1743409234.428730
1743409234.461077
1743409234.493172
1743409234.525421
1743409234.556755
1743409234.589188
1743409234.620751
1743409234.636740
1743409234.652934
1743409234.685100
1743409234.732823
1743409234.764759
1743409234.797026
1743409234.829295
1743409234.861147
1743409234.893483
1743409234.925186
1743409234.957359
1743409234.989339
1743409235.021167
1743409235.053115
1743409235.084799
1743409235.116741
1743409235.149150
1743409235.180953
1743409235.213122
1743409235.245178
1743409235.277645
1743409235.309120
1743409235.341356
1743409235.373381
1743409235.404906
1743409235.436619
1743409235.452928
1743409235.484998
1743409235.517055
1743409235.549045
1743409235.581164
1743409235.613292
1743409235.645347
1743409235.677097
1743409235.709596
1743409235.741186
1743409235.773248
1743409235.805166
1743409235.836713
1743409235.868916
1743409235.900861
1743409235.932948
1743409235.965165
1743409235.997293
1743409236.029254
1743409236.061113
1743409236.093122
1743409236.125236
1743409236.157168
1743409236.189111
1743409236.220897
1743409236.253123
1743409236.285155
1743409236.316788
1743409236.349434
1743409236.381043
1743409236.413091
1743409236.444931
1743409236.477296
1743409236.509058
1743409236.541171
1743409236.573014
1743409236.604906
1743409236.637023
1743409236.684685
1743409236.716658
1743409236.732814
1743409236.748925
1743409236.781016
1743409236.813021
1743409236.845330
1743409236.877394
1743409236.909251
1743409236.941267
1743409236.973262
1743409237.004936
1743409237.037035
1743409237.068770
1743409237.084877
1743409237.116984
1743409237.149250
1743409237.181029
1743409237.213119
1743409237.243882
1743409237.260628
1743409237.292353
1743409237.325592
1743409237.357197
1743409237.388986
1743409237.404676
1743409237.436828
1743409237.469311
1743409237.501003
1743409237.532614
1743409237.548829
1743409237.564971
1743409237.581347
1743409237.613263
1743409237.661137
1743409237.693019
1743409237.724913
1743409237.756406
1743409237.772678
1743409237.805378
1743409237.836947
1743409237.868602
1743409237.884879
1743409237.917098
1743409237.949263
1743409237.981129
1743409238.013164
1743409238.045256
1743409238.077026
1743409238.108959
1743409238.141062
1743409238.173189
1743409238.204970
1743409238.236504
1743409238.252803
1743409238.268982
1743409238.301375
1743409238.332541
1743409238.348569
1743409238.381273
1743409238.413086
1743409238.444896
1743409238.477497
1743409238.509294
1743409238.541262
1743409238.573118
1743409238.605330
1743409238.637387
1743409238.668696
1743409238.700653
1743409238.716935
1743409238.749112
1743409238.781202
1743409238.813255
1743409238.845333
1743409238.877218
1743409238.909499
1743409238.957157
1743409238.988574
1743409239.020778
1743409239.052579
1743409239.068899
1743409239.084876
1743409239.116953
1743409239.149125
1743409239.181162
1743409239.213352
1743409239.245020
1743409239.277429
1743409239.309239
1743409239.341052
1743409239.372653
1743409239.404927
1743409239.420555
1743409239.436750
1743409239.468355
1743409239.484725
1743409239.516898
1743409239.532882
1743409239.548999
1743409239.581346
1743409239.613510
1743409239.645011
1743409239.676565
1743409239.709343
1743409239.741152
1743409239.773045
1743409239.804926
1743409239.836977
1743409239.868825
1743409239.884830
1743409239.932667
1743409239.964901
1743409239.997040
1743409240.029167
1743409240.060953
1743409240.093141
1743409240.125200
1743409240.157434
1743409240.188850
1743409240.220956
1743409240.253286
1743409240.284616
1743409240.316273
1743409240.332673
1743409240.365008
1743409240.396922
1743409240.428537
1743409240.461145
1743409240.493223
1743409240.525305
1743409240.556821
1743409240.589401
1743409240.620627
1743409240.636574
1743409240.652622
1743409240.668691
1743409240.684837
1743409240.716922
1743409240.748713
1743409240.781122
1743409240.813091
1743409240.845171
1743409240.877025
1743409240.909177
1743409240.941093
1743409240.973284
1743409241.005085
1743409241.037041
1743409241.068681
1743409241.084803
1743409241.116948
1743409241.149128
1743409241.181530
1743409241.228874
1743409241.260545
1743409241.293436
1743409241.325157
1743409241.357216
1743409241.388625
1743409241.420779
1743409241.436718
1743409241.452697
1743409241.484698
1743409241.500874
1743409241.532966
1743409241.565391
1743409241.596590
1743409241.629209
1743409241.661186
1743409241.693224
1743409241.724999
1743409241.757233
1743409241.789297
1743409241.821080
1743409241.852602
1743409241.885496
1743409241.917036
1743409241.949095
1743409241.980531
1743409242.013261
1743409242.045142
1743409242.077293
1743409242.109026
1743409242.141566
1743409242.173532
1743409242.205334
1743409242.236238
1743409242.252589
1743409242.268760
1743409242.300832
1743409242.332403
1743409242.348461
1743409242.364740
1743409242.397031
1743409242.428602
1743409242.461292
1743409242.493825
1743409242.540976
1743409242.572571
1743409242.604588
1743409242.620628
1743409242.636695
1743409242.652911
1743409242.669041
1743409242.700749
1743409242.716620
1743409242.732975
1743409242.764888
1743409242.797643
1743409242.829226
1743409242.861077
1743409242.893084
1743409242.925078
1743409242.957151
1743409242.989068
1743409243.020725
1743409243.052801
1743409243.084652
1743409243.100823
1743409243.116983
1743409243.149196
1743409243.181328
1743409243.212646
1743409243.244990
1743409243.277103
1743409243.309154
1743409243.340500
1743409243.373153
1743409243.405142
1743409243.436838
1743409243.452822
1743409243.468897
1743409243.516695
1743409243.548953
1743409243.580399
1743409243.596305
1743409243.629563
1743409243.661203
1743409243.692668
1743409243.725088
1743409243.757231
1743409243.789256
1743409243.836593
1743409243.868813
1743409243.900834
1743409243.932861
1743409243.964786
1743409243.980628
1743409244.013309
1743409244.045192
1743409244.076902
1743409244.109278
1743409244.157016
1743409244.189076
1743409244.220491
1743409244.236506
1743409244.252642
1743409244.284882
1743409244.316507
1743409244.332714
1743409244.348853
1743409244.381225
1743409244.412901
1743409244.445355
1743409244.492939
1743409244.524996
1743409244.556502
1743409244.572605
1743409244.588674
1743409244.621001
1743409244.652292
1743409244.668784
1743409244.700741
1743409244.732962
1743409244.764692
1743409244.813058
1743409244.845000
1743409244.877042
1743409244.908540
1743409244.924627
1743409244.957188
1743409244.989347
1743409245.020371
1743409245.036802
1743409245.069109
1743409245.100973
1743409245.132802
1743409245.164990
1743409245.197039
1743409245.229073
1743409245.260676
1743409245.293307
1743409245.325378
1743409245.357133
1743409245.388684
1743409245.404841
1743409245.437058
1743409245.469019
1743409245.500233
1743409245.516628
1743409245.549099
1743409245.581279
1743409245.612856
1743409245.645283
1743409245.677302
1743409245.709304
1743409245.740762
1743409245.789089
1743409245.820562
1743409245.852851
1743409245.884268
1743409245.900568
1743409245.916705
1743409245.932900
1743409245.964950
1743409245.996946
1743409246.029295
1743409246.061259
1743409246.108880
1743409246.141064
1743409246.172893
1743409246.204936
1743409246.236205
1743409246.252577
1743409246.268896
1743409246.300948
1743409246.332469
1743409246.348567
1743409246.364977
1743409246.397300
1743409246.445013
1743409246.477267
1743409246.508977
1743409246.541307
1743409246.573279
1743409246.605075
1743409246.636301
1743409246.652710
1743409246.685043
1743409246.717074
1743409246.764521
1743409246.796999
1743409246.829130
1743409246.861191
1743409246.892881
1743409246.925204
1743409246.957063
1743409246.989215
1743409247.020638
1743409247.036775
1743409247.052861
1743409247.085304
1743409247.116497
1743409247.132519
1743409247.148663
1743409247.180965
1743409247.212842
1743409247.245099
1743409247.277086
1743409247.309259
1743409247.341154
1743409247.373465
1743409247.420957
1743409247.452551
1743409247.468630
1743409247.484917
1743409247.517012
1743409247.548957
1743409247.580576
1743409247.613297
1743409247.645347
1743409247.677204
1743409247.709061
1743409247.741472
1743409247.772995
1743409247.805095
1743409247.836318
1743409247.852787
1743409247.884904
1743409247.916966
1743409247.948873
1743409247.981128
1743409248.013260
1743409248.061009
1743409248.092811
1743409248.125164
1743409248.157133
1743409248.189220
1743409248.220622
1743409248.252713
1743409248.284943
1743409248.316938
1743409248.348898
1743409248.397092
1743409248.428946
1743409248.461097
1743409248.492474
1743409248.525235
1743409248.557066
1743409248.589320
1743409248.620252
1743409248.636583
1743409248.652784
1743409248.684921
1743409248.716840
1743409248.748842
1743409248.781043
1743409248.813090
1743409248.844779
1743409248.877116
1743409248.909128
1743409248.941407
1743409248.972849
1743409249.004951
1743409249.037179
1743409249.068697
1743409249.100743
1743409249.132863
1743409249.164855
1743409249.196947
1743409249.228798
1743409249.261092
1743409249.293531
1743409249.325290
1743409249.373044
1743409249.405182
1743409249.436653
1743409249.468744
1743409249.484690
1743409249.516869
1743409249.548906
1743409249.581058
1743409249.612905
1743409249.645136
1743409249.692870
1743409249.724997
1743409249.756906
1743409249.789261
1743409249.820871
1743409249.852600
1743409249.884848
1743409249.917015
1743409249.949048
1743409249.981365
1743409250.013174
1743409250.044296
1743409250.077061
1743409250.108991
1743409250.140653
1743409250.173107
1743409250.204746
1743409250.236852
1743409250.268923
1743409250.300998
1743409250.348669
1743409250.380893
1743409250.412639
1743409250.445012
1743409250.477293
1743409250.509050
1743409250.540707
1743409250.573109
1743409250.605109
1743409250.636601
1743409250.669071
1743409250.685517
1743409250.716572
1743409250.732553
1743409250.764836
1743409250.797164
1743409250.829076
1743409250.860996
1743409250.893080
1743409250.925407
1743409250.957450
1743409250.989177
1743409251.020265
1743409251.036417
1743409251.052472
1743409251.068522
1743409251.100458
1743409251.116734
1743409251.132788
1743409251.164977
1743409251.197021
1743409251.229171
1743409251.261191
1743409251.293358
1743409251.325237
1743409251.356996
1743409251.388961
1743409251.420784
1743409251.452460
1743409251.468673
1743409251.500704
1743409251.516710
1743409251.548656
1743409251.581093
1743409251.613156
1743409251.645283
1743409251.676413
1743409251.709263
1743409251.741050
1743409251.773182
1743409251.804707
1743409251.836730
1743409251.868761
1743409251.900990
1743409251.932967
1743409251.965275
1743409251.996902
1743409252.029149
1743409252.060817
1743409252.092968
1743409252.125060
1743409252.157039
1743409252.189129
1743409252.220765
1743409252.236730
1743409252.252744
1743409252.300533
1743409252.316551
1743409252.332664
1743409252.348689
1743409252.380964
1743409252.412891
1743409252.444874
1743409252.477032
1743409252.508961
1743409252.541173
1743409252.573348
1743409252.620770
1743409252.652099
1743409252.668719
1743409252.684820
1743409252.716652
1743409252.748782
1743409252.780929
1743409252.813070
1743409252.845063
1743409252.876978
1743409252.909369
1743409252.941150
1743409252.973276
1743409253.004828
1743409253.036751
1743409253.068891
1743409253.100614
1743409253.132841
1743409253.165106
1743409253.197198
1743409253.229289
1743409253.276805
1743409253.308946
1743409253.341025
1743409253.373036
1743409253.404526
1743409253.420538
1743409253.452734
1743409253.484612
1743409253.500746
1743409253.516930
1743409253.549155
1743409253.596630
1743409253.628655
1743409253.661076
1743409253.692959
1743409253.725057
1743409253.756760
1743409253.788938
1743409253.820851
1743409253.852825
1743409253.884612
1743409253.917027
1743409253.948924
1743409253.980931
1743409254.012765
1743409254.044477
1743409254.077178
1743409254.108879
1743409254.141105
1743409254.173103
1743409254.205043
1743409254.252618
1743409254.284760
1743409254.316704
1743409254.348331
1743409254.380852
1743409254.412944
1743409254.445406
1743409254.476626
1743409254.509397
1743409254.541598
1743409254.573300
1743409254.604398
1743409254.620491
1743409254.652629
1743409254.684466
1743409254.716536
1743409254.732627
1743409254.764895
1743409254.797167
1743409254.829051
1743409254.861160
1743409254.893292
1743409254.924881
1743409254.956833
1743409254.988943
1743409255.020838
1743409255.052911
1743409255.084721
1743409255.116902
1743409255.149084
1743409255.181108
1743409255.228917
1743409255.260983
1743409255.293044
1743409255.325406
1743409255.356588
1743409255.389172
1743409255.420799
1743409255.452739
1743409255.484468
1743409255.500737
1743409255.516828
1743409255.549179
1743409255.580331
1743409255.613149
1743409255.644969
1743409255.677171
1743409255.708515
1743409255.741013
1743409255.773125
1743409255.804973
1743409255.836536
1743409255.869174
1743409255.900669
1743409255.932724
1743409255.964567
1743409255.997023
1743409256.029060
1743409256.061076
1743409256.092699
1743409256.125274
1743409256.157157
1743409256.204701
1743409256.236206
1743409256.252468
1743409256.284733
1743409256.316586
1743409256.349136
1743409256.380824
1743409256.413101
1743409256.445006
1743409256.476915
1743409256.524790
1743409256.556949
1743409256.589130
1743409256.620141
1743409256.636698
1743409256.668640
1743409256.700753
1743409256.732575
1743409256.748716
1743409256.781118
1743409256.813187
1743409256.844862
1743409256.877136
1743409256.908986
1743409256.940852
1743409256.972486
1743409257.004526
1743409257.036488
1743409257.068588
1743409257.100674
1743409257.116709
1743409257.132871
1743409257.148777
1743409257.180894
1743409257.213032
1743409257.244947
1743409257.276953
1743409257.308815
1743409257.340943
1743409257.373612
1743409257.405492
1743409257.436641
1743409257.452803
1743409257.500603
1743409257.532612
1743409257.564309
1743409257.580293
1743409257.613158
1743409257.645086
1743409257.676406
1743409257.709033
1743409257.740931
1743409257.773035
1743409257.821138
1743409257.852715
1743409257.884480
1743409257.916450
1743409257.948595
1743409257.980855
1743409258.012975
1743409258.045096
1743409258.076801
1743409258.109116
1743409258.156720
1743409258.189020
1743409258.220383
1743409258.236450
1743409258.252501
1743409258.268554
1743409258.300464
1743409258.316685
1743409258.349113
1743409258.381008
1743409258.413005
1743409258.445328
1743409258.477379
1743409258.508996
1743409258.540620
1743409258.572913
1743409258.604450
1743409258.620439
1743409258.636540
1743409258.668796
1743409258.700689
1743409258.717067
1743409258.748537
1743409258.796694
1743409258.829011
1743409258.860819
1743409258.892416
1743409258.925166
1743409258.957450
1743409258.989094
1743409259.020413
1743409259.036510
1743409259.068962
1743409259.100973
1743409259.132750
1743409259.164867
1743409259.196799
1743409259.229038
1743409259.260941
1743409259.293141
1743409259.325061
1743409259.357019
1743409259.388961
1743409259.420896
1743409259.453096
1743409259.484741
1743409259.516387
1743409259.532425
1743409259.548635
1743409259.564490
1743409259.596624
1743409259.628981
1743409259.661034
1743409259.693081
1743409259.724676
1743409259.772762
1743409259.804967
1743409259.836400
1743409259.868316
1743409259.884690
1743409259.916668
1743409259.948753
1743409259.980941
1743409260.013299
1743409260.045493
1743409260.077404
1743409260.109045
1743409260.140833
1743409260.172860
1743409260.205052
1743409260.236439
1743409260.252545
1743409260.268680
1743409260.284724
1743409260.316569
1743409260.332621
1743409260.364916
1743409260.397107
1743409260.428467
1743409260.460967
1743409260.492793
1743409260.524884
1743409260.556343
1743409260.572531
1743409260.604802
1743409260.636612
1743409260.668710
1743409260.700799
1743409260.748719
1743409260.780838
1743409260.812499
1743409260.844911
1743409260.877169
1743409260.908982
1743409260.940726
1743409260.973022
1743409261.005093
1743409261.036854
1743409261.084635
1743409261.116849
1743409261.148671
1743409261.180724
1743409261.212976
1743409261.245143
1743409261.276973
1743409261.309221
1743409261.341197
1743409261.373216
1743409261.405201
1743409261.436363
1743409261.452486
1743409261.484574
1743409261.516749
1743409261.548925
1743409261.580525
1743409261.613083
1743409261.645048
1743409261.677115
1743409261.724549
1743409261.756265
1743409261.788926
1743409261.820760
1743409261.852658
1743409261.884723
1743409261.916820
1743409261.948986
1743409261.981471
1743409262.013379
1743409262.060929
1743409262.092845
1743409262.124956
1743409262.157016
1743409262.188642
1743409262.220564
1743409262.252639
1743409262.284559
1743409262.316977
1743409262.348888
1743409262.381075
1743409262.412913
1743409262.444535
1743409262.477188
1743409262.508932
1743409262.541048
1743409262.572413
1743409262.588623
1743409262.620647
1743409262.652861
1743409262.700470
1743409262.716503
1743409262.732503
1743409262.764761
1743409262.796507
1743409262.829020
1743409262.861013
1743409262.893068
1743409262.924855
1743409262.957071
1743409262.989060
1743409263.036264
1743409263.068065
1743409263.084450
1743409263.116908
1743409263.149006
1743409263.180486
1743409263.212977
1743409263.244805
1743409263.276988
1743409263.308744
1743409263.356706
1743409263.388939
1743409263.420494
1743409263.452771
1743409263.484437
1743409263.500753
1743409263.532828
1743409263.564497
1743409263.580286
1743409263.613062
1743409263.645138
1743409263.676313
1743409263.709072
1743409263.740874
1743409263.773124
1743409263.804390
1743409263.820442
1743409263.852506
1743409263.868573
1743409263.900351
1743409263.916549
1743409263.932709
1743409263.948664
1743409263.980979
1743409264.013160
1743409264.044950
1743409264.076894
1743409264.108849
1743409264.141046
1743409264.173123
1743409264.204953
1743409264.236577
1743409264.269020
1743409264.300543
1743409264.332939
1743409264.364566
1743409264.396972
1743409264.428845
1743409264.461166
1743409264.492316
1743409264.525105
1743409264.556893
1743409264.588949
1743409264.620318
1743409264.653011
1743409264.684429
1743409264.716403
1743409264.732473
1743409264.748611
1743409264.780759
1743409264.812973
1743409264.844751
1743409264.876998
1743409264.909332
1743409264.941055
1743409264.989057
1743409265.020738
1743409265.052682
1743409265.084435
1743409265.116485
1743409265.132456
1743409265.164887
1743409265.196776
1743409265.228941
1743409265.261064
1743409265.308821
1743409265.340971
1743409265.372948
1743409265.404921
1743409265.436410
1743409265.452437
1743409265.468532
1743409265.484766
1743409265.516790
1743409265.548860
1743409265.580553
1743409265.596402
1743409265.629130
1743409265.660786
1743409265.692370
1743409265.724750
1743409265.756937
1743409265.788830
1743409265.820099
1743409265.836423
1743409265.852478
1743409265.868564
1743409265.900598
1743409265.916750
1743409265.964527
1743409265.996832
1743409266.028464
1743409266.061056
1743409266.093015
1743409266.124978
1743409266.156683
1743409266.189100
1743409266.220887
1743409266.252597
1743409266.284645
1743409266.316385
1743409266.332394
1743409266.348440
1743409266.380382
1743409266.412997
1743409266.444836
1743409266.477252
1743409266.508566
1743409266.540966
1743409266.573086
1743409266.605249
1743409266.636078
1743409266.652243
1743409266.668390
1743409266.684522
1743409266.716579
1743409266.732459
1743409266.764738
1743409266.796824
1743409266.828883
1743409266.861010
1743409266.893168
1743409266.940545
1743409266.972478
1743409267.004446
1743409267.020366
1743409267.036431
1743409267.068443
1743409267.084440
1743409267.100604
1743409267.132656
1743409267.164961
1743409267.196859
1743409267.229195
1743409267.261012
1743409267.292813
1743409267.324770
1743409267.356873
1743409267.387577
1743409267.404287
1743409267.420513
1743409267.452758
1743409267.484818
1743409267.516324
1743409267.532699
1743409267.580650
1743409267.612683
1743409267.644421
1743409267.677253
1743409267.708807
1743409267.741132
1743409267.772393
1743409267.788412
1743409267.804630
1743409267.837150
1743409267.868684
1743409267.884684
1743409267.916998
1743409267.948626
1743409267.980626
1743409268.012820
1743409268.044960
1743409268.077020
1743409268.108604
1743409268.141088
1743409268.173018
1743409268.204942
1743409268.236477
1743409268.268437
1743409268.300349
1743409268.316347
1743409268.332591
1743409268.348774
1743409268.380767
1743409268.413068
1743409268.444467
1743409268.477078
1743409268.509161
1743409268.556934
1743409268.588160
1743409268.604329
1743409268.636510
1743409268.668547
1743409268.700402
1743409268.716473
1743409268.732709
1743409268.748711
1743409268.780799
1743409268.813103
1743409268.844992
1743409268.892802
1743409268.924401
1743409268.956933
1743409268.988787
1743409269.020579
1743409269.052531
1743409269.084792
1743409269.116783
1743409269.148864
1743409269.180790
1743409269.212425
1743409269.244954
1743409269.276834
1743409269.308732
1743409269.340836
1743409269.372948
1743409269.404743
1743409269.436514
1743409269.468672
1743409269.500274
1743409269.533165
1743409269.564481
1743409269.596776
1743409269.628261
1743409269.660930
1743409269.692874
1743409269.725018
1743409269.756610
1743409269.788991
1743409269.820731
1743409269.868400
1743409269.899989
1743409269.916330
1743409269.948822
1743409269.980909
1743409270.012732
1743409270.044972
1743409270.077141
1743409270.108882
1743409270.141249
1743409270.188676
1743409270.220410
1743409270.252352
1743409270.284340
1743409270.300516
1743409270.332459
1743409270.364843
1743409270.396648
1743409270.429067
1743409270.461011
1743409270.508496
1743409270.540113
1743409270.573037
1743409270.605000
1743409270.636534
1743409270.668336
1743409270.700480
1743409270.716520
1743409270.732666
1743409270.764436
1743409270.797112
1743409270.844694
1743409270.876748
1743409270.908309
1743409270.940823
1743409270.972793
1743409271.004753
1743409271.036404
1743409271.068974
1743409271.100738
1743409271.132737
1743409271.164955
1743409271.196970
1743409271.228894
1743409271.260716
1743409271.292757
1743409271.324933
1743409271.356963
1743409271.389256
1743409271.421126
1743409271.452614
1743409271.485148
1743409271.516497
1743409271.548220
1743409271.580658
1743409271.612798
1743409271.644744
1743409271.676385
1743409271.708979
1743409271.740956
1743409271.773044
1743409271.820606
1743409271.852338
1743409271.868402
1743409271.884448
1743409271.900578
1743409271.932494
1743409271.964688
1743409271.996958
1743409272.028768
1743409272.061053
1743409272.092959
1743409272.140934
1743409272.172696
1743409272.204284
1743409272.220255
1743409272.236440
1743409272.268512
1743409272.284569
1743409272.316812
1743409272.348816
1743409272.380752
1743409272.413042
1743409272.460606
1743409272.492730
1743409272.524560
1743409272.556886
1743409272.589354
1743409272.620640
1743409272.652320
1743409272.668442
1743409272.684605
1743409272.716939
1743409272.748459
1743409272.796864
1743409272.828942
1743409272.860729
1743409272.892530
1743409272.924960
1743409272.956899
1743409272.988821
1743409273.020474
1743409273.036533
1743409273.068614
1743409273.084771
1743409273.116610
1743409273.148671
1743409273.180753
1743409273.212873
1743409273.244674
1743409273.276907
1743409273.309078
1743409273.341214
1743409273.373187
1743409273.405053
1743409273.436803
1743409273.468304
1743409273.500188
1743409273.516323
1743409273.532676
1743409273.564810
1743409273.596327
1743409273.628951
1743409273.660973
1743409273.693042
1743409273.724612
1743409273.772701
1743409273.804713
1743409273.836505
1743409273.868129
1743409273.884329
1743409273.916527
1743409273.948904
1743409273.980619
1743409274.012972
1743409274.044925
1743409274.092652
1743409274.124617
1743409274.156864
1743409274.188798
1743409274.220389
1743409274.252691
1743409274.284425
1743409274.300541
1743409274.316633
1743409274.348716
1743409274.380932
1743409274.413226
1743409274.444632
1743409274.476635
1743409274.508672
1743409274.540703
1743409274.572858
1743409274.604208
1743409274.620472
1743409274.652552
1743409274.684506
1743409274.716350
1743409274.749217
1743409274.780695
1743409274.812988
1743409274.844456
1743409274.877018
1743409274.908944
1743409274.941103
1743409274.972770
1743409275.005060
1743409275.036807
1743409275.068920
1743409275.100274
1743409275.116356
1743409275.148789
1743409275.181036
1743409275.212592
1743409275.243525
1743409275.260434
1743409275.293342
1743409275.325052
1743409275.357395
1743409275.389177
1743409275.420510
1743409275.452483
1743409275.484672
1743409275.516569
1743409275.548651
1743409275.580214
1743409275.613091
1743409275.645080
1743409275.676936
1743409275.724703
1743409275.756722
1743409275.788937
1743409275.820490
1743409275.851994
1743409275.868406
1743409275.900659
1743409275.932720
1743409275.964611
1743409275.996858
1743409276.044584
1743409276.076739
1743409276.108230
1743409276.140870
1743409276.172719
1743409276.204661
1743409276.236290
1743409276.252343
1743409276.284631
1743409276.316862
1743409276.364550
1743409276.396844
1743409276.428665
1743409276.460989
1743409276.492574
1743409276.525003
1743409276.556813
1743409276.588712
1743409276.620518
1743409276.652770
1743409276.700136
1743409276.732492
1743409276.764053
1743409276.796696
1743409276.829296
1743409276.860719
1743409276.892356
1743409276.925133
1743409276.956906
1743409276.988986
1743409277.020366
1743409277.052004
1743409277.068326
1743409277.100536
1743409277.132678
1743409277.164530
1743409277.196625
1743409277.228921
1743409277.260921
1743409277.293005
1743409277.340884
1743409277.372766
1743409277.404562
1743409277.436340
1743409277.468093
1743409277.484390
1743409277.500477
1743409277.516488
1743409277.548685
1743409277.580901
1743409277.613265
1743409277.645007
1743409277.676782
1743409277.708826
1743409277.740828
1743409277.772717
1743409277.804779
1743409277.836699
1743409277.868624
1743409277.900840
1743409277.932644
1743409277.964822
1743409277.997176
1743409278.028681
1743409278.060371
1743409278.092906
1743409278.124889
1743409278.156805
1743409278.188528
1743409278.220526
1743409278.252453
1743409278.268551
1743409278.316254
1743409278.348685
1743409278.380828
1743409278.412648
1743409278.444580
1743409278.477216
1743409278.508761
1743409278.540859
1743409278.572804
1743409278.604949
1743409278.652346
1743409278.684188
1743409278.716265
1743409278.732417
1743409278.764943
1743409278.796649
1743409278.828807
1743409278.860839
1743409278.892941
1743409278.925303
1743409278.972719
1743409279.004763
1743409279.036223
1743409279.068517
1743409279.100310
1743409279.116394
1743409279.132619
1743409279.164506
1743409279.196625
1743409279.228907
1743409279.260918
1743409279.293014
1743409279.324619
1743409279.356644
1743409279.388996
1743409279.420482
1743409279.452519
1743409279.484539
1743409279.516707
1743409279.548838
1743409279.580654
1743409279.628639
1743409279.660743
1743409279.692618
1743409279.724290
1743409279.756861
1743409279.788901
1743409279.820362
1743409279.851989
1743409279.868511
1743409279.884744
1743409279.916701
1743409279.948813
1743409279.980601
1743409280.012748
1743409280.044751
1743409280.076529
1743409280.108796
1743409280.140942
1743409280.173069
1743409280.204793
1743409280.236675
1743409280.268846
1743409280.300349
1743409280.332434
1743409280.364657
1743409280.396805
1743409280.428718
1743409280.460636
1743409280.492913
1743409280.524962
1743409280.556943
1743409280.604757
1743409280.636079
1743409280.652334
1743409280.668710
1743409280.699852
1743409280.716210
1743409280.732262
1743409280.748453
1743409280.780457
1743409280.812883
1743409280.844951
1743409280.877047
1743409280.924548
1743409280.956692
1743409280.988861
1743409281.020335
1743409281.052302
1743409281.068331
1743409281.100527
1743409281.132625
1743409281.164574
1743409281.196876
1743409281.244606
1743409281.276716
1743409281.308325
1743409281.340779
1743409281.372583
1743409281.404333
1743409281.436386
1743409281.468530
1743409281.484498
1743409281.516591
1743409281.548711
1743409281.580852
1743409281.612885
1743409281.644823
1743409281.676198
1743409281.708784
1743409281.740793
1743409281.772933
1743409281.804169
1743409281.820385
1743409281.852870
1743409281.900377
1743409281.931942
1743409281.948080
1743409281.980832
1743409282.012970
1743409282.044382
1743409282.076850
1743409282.108727
1743409282.140728
1743409282.172587
1743409282.220190
1743409282.252364
1743409282.284396
1743409282.316474
1743409282.348743
1743409282.380730
1743409282.412882
1743409282.444948
1743409282.476929
1743409282.509081
1743409282.556579
1743409282.588025
1743409282.604335
1743409282.636502
1743409282.652424
1743409282.683977
1743409282.700342
1743409282.716411
1743409282.732378
1743409282.748448
1743409282.780835
1743409282.813094
1743409282.845028
1743409282.876398
1743409282.908673
1743409282.940775
1743409282.973022
1743409283.004240
1743409283.020334
1743409283.052447
1743409283.084572
1743409283.116595
1743409283.148931
1743409283.196343
1743409283.228805
1743409283.260164
1743409283.292681
1743409283.324824
1743409283.356670
1743409283.388812
1743409283.420675
1743409283.452976
1743409283.484762
1743409283.532235
1743409283.564726
1743409283.596652
1743409283.628729
1743409283.660552
1743409283.692831
1743409283.724936
1743409283.756788
1743409283.788340
1743409283.820544
1743409283.852704
1743409283.884348
1743409283.915989
1743409283.932174
1743409283.948433
1743409283.980571
1743409284.012535
1743409284.044777
1743409284.076665
1743409284.108854
1743409284.140736
1743409284.172747
1743409284.204816
1743409284.236285
1743409284.268227
1743409284.284226
1743409284.316424
1743409284.348638
1743409284.380692
1743409284.412790
1743409284.444898
1743409284.476971
1743409284.508793
1743409284.540871
1743409284.572751
1743409284.604673
1743409284.636000
1743409284.652237
1743409284.668325
1743409284.684462
1743409284.716053
1743409284.732538
1743409284.764991
1743409284.796867
1743409284.829013
1743409284.860574
1743409284.892754
1743409284.924870
1743409284.956596
1743409284.988780
1743409285.020103
1743409285.036479
1743409285.068483
1743409285.084542
1743409285.116792
1743409285.148975
1743409285.180542
1743409285.212754
1743409285.244532
1743409285.276875
1743409285.308556
1743409285.340733
1743409285.372581
1743409285.404736
1743409285.436536
1743409285.484256
1743409285.516193
1743409285.532227
1743409285.548304
1743409285.580695
1743409285.612556
1743409285.644564
1743409285.676794
1743409285.708749
1743409285.740589
1743409285.756182
1743409285.804206
1743409285.836251
1743409285.868096
1743409285.884249
1743409285.916869
1743409285.948847
1743409285.980212
1743409286.012762
1743409286.028867
1743409286.060909
1743409286.092347
1743409286.125110
1743409286.156592
1743409286.188779
1743409286.220159
1743409286.236190
1743409286.268475
1743409286.300357
1743409286.332466
1743409286.364761
1743409286.396784
1743409286.428991
1743409286.461015
1743409286.492640
1743409286.524742
1743409286.556565
1743409286.588570
1743409286.620276
1743409286.652511
1743409286.684319
1743409286.700531
1743409286.732692
1743409286.780442
1743409286.812650
1743409286.844155
1743409286.876672
1743409286.908758
1743409286.940788
1743409286.972190
1743409286.988351
1743409287.020575
1743409287.052474
1743409287.100222
1743409287.132149
1743409287.164496
1743409287.196515
1743409287.228410
1743409287.260753
1743409287.292665
1743409287.324802
1743409287.356566
1743409287.389126
1743409287.436115
1743409287.468304
1743409287.484826
1743409287.516503
1743409287.548750
1743409287.580575
1743409287.612650
1743409287.644858
1743409287.677267
1743409287.708943
1743409287.756719
1743409287.788454
1743409287.820563
1743409287.852257
1743409287.884209
1743409287.900299
1743409287.932342
1743409287.964727
1743409287.996687
1743409288.029077
1743409288.076462
1743409288.108664
1743409288.140432
1743409288.172745
1743409288.204815
1743409288.236296
1743409288.268528
1743409288.300322
1743409288.332561
1743409288.364709
1743409288.412762
1743409288.444534
1743409288.476681
1743409288.508606
1743409288.540396
1743409288.572746
1743409288.604483
1743409288.636452
1743409288.668548
1743409288.700574
1743409288.732617
1743409288.764525
1743409288.796481
1743409288.828867
1743409288.860624
1743409288.892573
1743409288.924721
1743409288.956888
1743409288.988955
1743409289.020590
1743409289.052718
1743409289.084095
1743409289.100143
1743409289.116317
1743409289.148336
1743409289.180600
1743409289.212649
1743409289.244740
1743409289.276949
1743409289.308914
1743409289.341183
1743409289.388417
1743409289.420019
1743409289.436194
1743409289.452358
1743409289.468372
1743409289.500426
1743409289.532389
1743409289.564580
1743409289.596790
1743409289.628334
1743409289.660911
1743409289.708420
1743409289.740777
1743409289.772027
1743409289.788290
1743409289.820297
1743409289.836243
1743409289.867931
1743409289.884296
1743409289.916423
1743409289.948789
1743409289.980422
1743409290.028559
1743409290.060523
1743409290.092562
1743409290.124384
1743409290.157069
1743409290.188662
1743409290.220266
1743409290.252379
1743409290.284388
1743409290.316547
1743409290.364104
1743409290.396253
1743409290.428698
1743409290.460617
1743409290.493031
1743409290.524198
1743409290.556697
1743409290.588707
1743409290.620602
1743409290.652069
1743409290.684733
1743409290.716224
1743409290.748676
1743409290.779972
1743409290.812658
1743409290.844599
1743409290.876776
1743409290.908386
1743409290.940733
1743409290.972860
1743409291.004941
1743409291.036298
1743409291.068440
1743409291.100090
1743409291.116254
1743409291.148747
1743409291.180607
1743409291.212923
1743409291.244674
1743409291.276927
1743409291.309028
1743409291.340963
1743409291.372470
1743409291.404149
1743409291.436451
1743409291.468409
1743409291.500274
1743409291.532486
1743409291.564666
1743409291.596822
1743409291.628773
1743409291.660568
1743409291.692610
1743409291.724591
1743409291.756731
1743409291.788625
1743409291.820479
1743409291.852136
1743409291.868461
1743409291.900026
1743409291.916443
1743409291.948803
1743409291.980797
1743409292.012000
1743409292.044553
1743409292.076620
1743409292.108717
1743409292.140214
1743409292.172711
1743409292.204833
1743409292.236421
1743409292.268301
1743409292.284478
1743409292.316525
1743409292.348638
1743409292.380559
1743409292.412707
1743409292.444553
1743409292.476813
1743409292.508992
1743409292.540188
1743409292.572686
1743409292.604750
1743409292.636887
1743409292.668207
1743409292.700247
1743409292.732347
1743409292.764719
1743409292.796473
1743409292.828087
1743409292.860791
1743409292.892924
1743409292.925162
1743409292.956051
1743409292.988675
1743409293.020148
1743409293.052081
1743409293.068216
1743409293.084411
1743409293.116735
1743409293.148472
1743409293.180455
1743409293.212843
1743409293.244987
1743409293.292523
1743409293.324167
1743409293.356812
1743409293.388744
1743409293.420206
1743409293.452412
1743409293.484286
1743409293.516469
1743409293.548536
1743409293.580508
1743409293.612884
1743409293.644639
1743409293.676610
1743409293.708273
1743409293.740620
1743409293.772486
1743409293.804776
1743409293.835942
1743409293.852240
1743409293.884481
1743409293.900437
1743409293.932185
1743409293.948096
1743409293.980559
1743409294.012833
1743409294.044092
1743409294.076705
1743409294.108740
1743409294.140836
1743409294.172167
1743409294.204682
1743409294.236630
1743409294.268818
1743409294.300152
1743409294.332319
1743409294.364442
1743409294.396433
1743409294.428708
1743409294.460784
1743409294.492758
1743409294.525225
1743409294.556195
1743409294.588835
1743409294.620415
1743409294.652321
1743409294.684234
1743409294.700257
1743409294.716385
1743409294.748588
1743409294.780023
1743409294.812730
1743409294.844971
1743409294.876790
1743409294.908542
1743409294.940627
1743409294.972499
1743409295.004151
1743409295.020275
1743409295.052273
1743409295.084427
1743409295.116293
1743409295.148602
1743409295.180706
1743409295.212745
1743409295.244392
1743409295.276517
1743409295.308768
1743409295.340813
1743409295.372567
1743409295.404658
1743409295.436465
1743409295.468374
1743409295.484338
1743409295.516576
1743409295.564480
1743409295.596592
1743409295.628574
1743409295.660399
1743409295.692610
1743409295.724476
1743409295.756665
1743409295.788708
1743409295.820412
1743409295.836304
1743409295.852353
1743409295.884466
1743409295.916252
1743409295.948545
1743409295.980596
1743409296.012053
1743409296.044891
1743409296.076642
1743409296.108651
1743409296.140378
1743409296.172857
1743409296.220542
1743409296.252252
1743409296.283944
1743409296.300036
1743409296.316199
1743409296.332276
1743409296.364246
1743409296.396425
1743409296.428646
1743409296.460888
1743409296.492487
1743409296.540626
1743409296.572557
1743409296.604653
1743409296.636109
1743409296.652142
1743409296.668202
1743409296.684287
1743409296.716301
1743409296.748664
1743409296.780633
1743409296.812767
1743409296.860654
1743409296.892635
1743409296.924582
1743409296.956676
1743409296.988079
1743409297.004243
1743409297.036561
1743409297.068393
1743409297.099908
1743409297.116516
1743409297.148599
1743409297.196330
1743409297.228362
1743409297.260715
1743409297.292727
1743409297.324399
1743409297.356217
1743409297.388842
1743409297.420398
1743409297.452506
1743409297.484470
1743409297.516867
1743409297.548372
1743409297.580621
1743409297.612614
1743409297.644749
1743409297.676804
1743409297.708723
1743409297.740693
1743409297.772721
1743409297.804957
1743409297.836786
1743409297.867733
1743409297.884125
1743409297.900198
1743409297.916188
1743409297.948052
1743409297.964202
1743409297.996504
1743409298.028853
1743409298.060416
1743409298.092814
1743409298.124820
1743409298.172520
1743409298.204138
1743409298.236188
1743409298.252193
1743409298.268188
1743409298.300186
1743409298.316213
1743409298.332352
1743409298.364971
1743409298.396446
1743409298.428688
1743409298.460710
1743409298.492975
1743409298.524309
1743409298.556533
1743409298.588702
1743409298.620188
1743409298.651789
1743409298.668158
1743409298.700440
1743409298.732376
1743409298.764262
1743409298.812641
1743409298.844513
1743409298.876359
1743409298.908013
1743409298.940695
1743409298.972627
1743409299.004945
1743409299.036173
1743409299.052165
1743409299.068320
1743409299.100608
1743409299.148298
1743409299.180446
1743409299.212764
1743409299.244779
1743409299.276500
1743409299.308797
1743409299.340548
1743409299.372548
1743409299.404618
1743409299.436425
1743409299.468589
1743409299.500315
1743409299.532183
1743409299.564670
1743409299.596661
1743409299.628784
1743409299.660305
1743409299.692713
1743409299.724637
1743409299.756706
1743409299.788364
1743409299.820088
1743409299.852231
1743409299.868067
1743409299.884205
1743409299.916283
1743409299.948490
1743409299.980457
1743409300.012444
1743409300.045043
1743409300.077340
1743409300.124462
1743409300.156030
1743409300.188196
1743409300.220361
1743409300.252253
1743409300.284207
1743409300.316390
1743409300.348403
1743409300.380740
1743409300.412798
1743409300.444322
1743409300.476219
1743409300.508692
1743409300.540780
1743409300.572630
1743409300.604114
1743409300.636394
1743409300.668319
1743409300.700365
1743409300.732094
1743409300.764775
1743409300.796470
1743409300.828608
1743409300.860031
1743409300.876077
1743409300.908920
1743409300.940789
1743409300.972475
1743409301.004926
1743409301.036450
1743409301.068447
1743409301.100618
1743409301.132268
1743409301.164489
1743409301.196554
1743409301.228534
1743409301.260501
1743409301.292822
1743409301.324689
1743409301.356640
1743409301.388779
1743409301.420842
1743409301.452041
1743409301.484278
1743409301.516168
1743409301.548456
1743409301.580521
1743409301.612733
1743409301.645041
1743409301.676880
1743409301.708844
1743409301.740593
1743409301.772578
1743409301.804152
1743409301.836139
1743409301.868072
1743409301.884160
1743409301.900221
1743409301.916268
1743409301.948292
1743409301.980468
1743409302.012763
1743409302.044725
1743409302.076415
1743409302.108710
1743409302.140584
1743409302.172596
1743409302.204648
1743409302.236173
1743409302.252135
1743409302.268315
1743409302.300460
1743409302.332714
1743409302.364653
1743409302.396700
1743409302.428396
1743409302.460698
1743409302.492513
1743409302.524798
1743409302.556494
1743409302.588519
1743409302.620235
1743409302.652536
1743409302.684213
1743409302.716951
1743409302.748417
1743409302.780437
1743409302.811996
1743409302.844606
1743409302.876625
1743409302.908591
1743409302.939931
1743409302.972745
1743409303.004675
1743409303.051962
1743409303.083963
1743409303.100100
1743409303.116140
1743409303.148550
1743409303.180285
1743409303.212592
1743409303.244519
1743409303.276690
1743409303.308493
1743409303.340645
1743409303.372794
1743409303.404397
1743409303.436152
1743409303.452086
1743409303.484528
1743409303.516178
1743409303.548288
1743409303.580755
1743409303.612857
1743409303.644731
1743409303.692605
1743409303.724235
1743409303.756553
1743409303.788692
1743409303.819921
1743409303.836031
1743409303.852139
1743409303.868249
1743409303.884316
1743409303.916421
1743409303.948392
1743409303.980517
1743409304.028319
1743409304.060401
1743409304.092726
1743409304.124729
1743409304.156122
1743409304.188602
1743409304.220315
1743409304.252179
1743409304.284067
1743409304.300323
1743409304.348367
1743409304.380395
1743409304.412344
1743409304.444562
1743409304.476483
1743409304.508481
1743409304.540826
1743409304.572986
1743409304.604705
1743409304.636466
1743409304.668343
1743409304.700007
1743409304.715988
1743409304.732108
1743409304.764182
1743409304.796507
1743409304.828552
1743409304.860621
1743409304.892119
1743409304.924672
1743409304.956643
1743409305.004543
1743409305.035796
1743409305.052098
1743409305.068149
1743409305.100097
1743409305.132376
1743409305.164526
1743409305.196542
1743409305.228827
1743409305.260509
1743409305.292873
1743409305.324736
1743409305.356377
1743409305.388357
1743409305.420016
1743409305.452243
1743409305.484055
1743409305.516086
1743409305.548441
1743409305.580678
1743409305.612863
1743409305.644733
1743409305.676429
1743409305.708339
1743409305.740468
1743409305.771901
1743409305.788148
1743409305.820501
1743409305.852050
1743409305.883883
1743409305.900344
1743409305.916429
1743409305.948551
1743409305.980434
1743409306.012602
1743409306.044633
1743409306.076491
1743409306.108348
1743409306.140620
1743409306.172557
1743409306.204479
1743409306.236312
1743409306.268393
1743409306.300772
1743409306.332255
1743409306.364413
1743409306.396461
1743409306.428638
1743409306.460525
1743409306.492631
1743409306.524676
1743409306.556625
1743409306.588805
1743409306.620431
1743409306.652054
1743409306.668180
1743409306.700314
1743409306.732266
1743409306.764445
1743409306.796569
1743409306.828689
1743409306.860208
1743409306.892886
1743409306.924747
1743409306.956624
1743409306.988150
1743409307.020101
1743409307.052079
1743409307.084029
1743409307.116049
1743409307.132156
1743409307.148471
1743409307.180651
1743409307.212571
1743409307.244753
1743409307.276741
1743409307.308318
1743409307.340468
1743409307.372537
1743409307.404505
1743409307.436189
1743409307.468218
1743409307.500393
1743409307.532243
1743409307.564775
1743409307.596693
1743409307.628522
1743409307.660517
1743409307.692745
1743409307.724490
1743409307.756925
1743409307.788378
1743409307.820394
1743409307.851942
1743409307.884013
1743409307.900412
1743409307.932673
1743409307.964482
1743409307.996422
1743409308.028722
1743409308.060561
1743409308.092598
1743409308.124607
1743409308.156006
1743409308.188670
1743409308.220426
1743409308.267942
1743409308.299736
1743409308.315998
1743409308.332131
1743409308.348130
1743409308.380075
1743409308.412599
1743409308.444516
1743409308.476578
1743409308.508540
1743409308.540576
1743409308.572479
1743409308.604481
1743409308.636037
1743409308.668073
1743409308.684180
1743409308.716481
1743409308.748048
1743409308.780549
1743409308.812621
1743409308.844834
1743409308.876122
1743409308.908451
1743409308.940480
1743409308.972589
1743409309.004095
1743409309.036098
1743409309.052060
1743409309.068061
1743409309.084256
1743409309.116406
1743409309.148495
1743409309.180656
1743409309.228204
1743409309.260422
1743409309.292496
1743409309.324538
1743409309.356330
1743409309.388593
1743409309.420311
1743409309.452184
1743409309.484410
1743409309.516521
1743409309.548654
1743409309.580478
1743409309.612340
1743409309.644480
1743409309.676601
1743409309.708339
1743409309.740363
1743409309.772463
1743409309.804684
1743409309.836309
1743409309.883900
1743409309.916241
1743409309.932059
1743409309.964293
1743409309.996316
1743409310.028328
1743409310.060024
1743409310.092655
1743409310.124654
1743409310.156634
1743409310.204337
1743409310.235909
1743409310.267971
1743409310.284051
1743409310.300260
1743409310.332219
1743409310.364067
1743409310.396480
1743409310.428631
1743409310.460618
1743409310.492710
1743409310.524841
1743409310.556720
1743409310.588490
1743409310.619990
1743409310.652284
1743409310.668206
1743409310.684428
1743409310.715985
1743409310.732074
1743409310.764482
1743409310.796762
1743409310.828912
1743409310.860562
1743409310.892570
1743409310.924621
1743409310.956029
1743409310.988823
1743409311.020087
1743409311.052049
1743409311.084183
1743409311.100167
1743409311.132378
1743409311.164739
1743409311.196498
1743409311.228385
1743409311.260474
1743409311.292434
1743409311.324359
1743409311.356488
1743409311.388571
1743409311.420371
1743409311.452311
1743409311.500024
1743409311.532205
1743409311.564452
1743409311.596317
1743409311.628541
1743409311.660529
1743409311.692485
1743409311.724715
1743409311.756812
1743409311.788922
1743409311.835942
1743409311.867586
1743409311.883976
1743409311.916354
1743409311.931948
1743409311.963912
1743409311.996267
1743409312.028515
1743409312.060509
1743409312.092542
1743409312.124741
1743409312.172294
1743409312.204670
1743409312.235609
1743409312.251955
1743409312.268117
1743409312.284068
1743409312.315897
1743409312.332053
1743409312.364374
1743409312.396504
1743409312.428351
1743409312.476310
1743409312.508529
1743409312.540463
1743409312.572305
1743409312.604591
1743409312.636101
1743409312.668354
1743409312.700336
1743409312.732387
1743409312.764498
1743409312.812402
1743409312.843796
1743409312.876285
1743409312.908585
1743409312.940610
1743409312.972231
1743409313.004410
1743409313.036151
1743409313.068304
1743409313.100077
1743409313.116224
1743409313.148608
1743409313.180288
1743409313.212284
1743409313.244572
1743409313.276465
1743409313.308556
1743409313.340146
1743409313.372586
1743409313.404676
1743409313.452278
1743409313.483928
1743409313.516311
1743409313.548291
1743409313.580397
1743409313.612297
1743409313.644577
1743409313.676564
1743409313.708690
1743409313.740353
1743409313.788439
1743409313.819986
1743409313.852116
1743409313.883619
1743409313.899942
1743409313.932266
1743409313.947836
1743409313.964048
1743409313.996405
1743409314.028911
1743409314.060806
1743409314.092219
1743409314.124751
1743409314.156359
1743409314.188699
1743409314.219848
1743409314.235926
1743409314.268394
1743409314.300011
1743409314.316137
1743409314.348531
1743409314.380528
1743409314.428235
1743409314.459744
1743409314.475900
1743409314.508478
1743409314.540526
1743409314.571924
1743409314.603661
1743409314.619904
1743409314.635966
1743409314.652222
1743409314.684409
1743409314.716332
1743409314.764314
1743409314.795757
1743409314.828409
1743409314.860512
1743409314.892677
1743409314.923838
1743409314.956465
1743409314.988529
1743409315.020185
1743409315.052244
1743409315.068268
1743409315.100723
1743409315.132178
1743409315.163938
1743409315.196628
1743409315.228309
1743409315.260591
1743409315.292322
1743409315.324830
1743409315.356727
1743409315.404492
1743409315.435498
1743409315.451862
1743409315.484150
1743409315.516151
1743409315.548250
1743409315.579976
1743409315.612639
1743409315.644539
1743409315.676865
1743409315.708726
1743409315.740674
1743409315.772366
1743409315.804009
1743409315.836160
1743409315.867892
1743409315.884146
1743409315.916175
1743409315.948311
1743409315.980278
1743409316.012873
1743409316.044645
1743409316.076787
1743409316.107738
1743409316.140476
1743409316.172711
1743409316.204340
1743409316.235921
1743409316.268252
1743409316.300306
1743409316.332321
1743409316.379925
1743409316.412404
1743409316.444532
1743409316.476398
1743409316.508197
1743409316.540525
1743409316.572423
1743409316.604055
1743409316.636037
1743409316.652157
1743409316.684434
1743409316.716630
1743409316.747915
1743409316.780391
1743409316.812528
1743409316.844655
1743409316.876265
1743409316.908661
1743409316.940421
1743409316.972804
1743409317.004238
1743409317.052110
1743409317.084201
1743409317.115974
1743409317.148411
1743409317.180251
1743409317.212487
1743409317.244560
1743409317.276519
1743409317.309004
1743409317.340622
1743409317.372701
1743409317.404144
1743409317.435934
1743409317.451945
1743409317.468021
1743409317.500202
1743409317.532189
1743409317.564516
1743409317.596383
1743409317.628445
1743409317.660872
1743409317.692630
1743409317.724762
1743409317.756215
1743409317.788417
1743409317.820223
1743409317.852130
1743409317.883689
1743409317.900012
1743409317.916259
1743409317.932235
1743409317.964111
1743409317.979938
1743409318.028199
1743409318.060292
1743409318.091998
1743409318.125199
1743409318.156446
1743409318.188485
1743409318.220091
1743409318.236131
1743409318.268271
1743409318.300390
1743409318.347949
1743409318.380361
1743409318.412354
1743409318.444421
1743409318.475998
1743409318.508373
1743409318.540422
1743409318.572505
1743409318.603922
1743409318.620123
1743409318.636207
1743409318.668357
1743409318.699924
1743409318.715939
1743409318.732089
1743409318.764366
1743409318.795991
1743409318.828241
1743409318.860469
1743409318.892509
1743409318.924344
1743409318.956700
1743409319.004290
1743409319.036140
1743409319.067865
1743409319.083935
1743409319.100137
1743409319.132102
1743409319.164027
1743409319.196449
1743409319.228605
1743409319.260520
1743409319.292351
1743409319.324595
1743409319.356700
1743409319.388599
1743409319.419916
1743409319.452039
1743409319.468026
1743409319.484089
1743409319.516293
1743409319.548335
1743409319.580561
1743409319.612706
1743409319.644661
1743409319.676244
1743409319.708260
1743409319.740432
1743409319.772464
1743409319.804335
1743409319.835985
1743409319.851885
1743409319.868202
1743409319.900336
1743409319.932504
1743409319.979987
1743409320.011999
1743409320.028014
1743409320.060751
1743409320.092642
1743409320.123926
1743409320.156632
1743409320.188466
1743409320.220109
1743409320.252286
1743409320.299891
1743409320.331883
1743409320.364275
1743409320.395953
1743409320.428517
1743409320.460427
1743409320.492495
1743409320.524259
1743409320.556510
1743409320.588683
1743409320.620483
1743409320.652004
1743409320.684121
1743409320.715972
1743409320.731956
1743409320.763973
1743409320.796368
1743409320.828601
1743409320.860724
1743409320.892215
1743409320.924726
1743409320.956587
1743409320.988815
1743409321.019984
1743409321.036135
1743409321.068144
1743409321.099931
1743409321.132394
1743409321.164407
1743409321.196401
1743409321.228738
1743409321.276247
1743409321.308281
1743409321.340220
1743409321.372908
1743409321.404455
1743409321.436039
1743409321.452141
1743409321.484413
1743409321.516144
1743409321.532193
1743409321.564432
1743409321.596628
1743409321.628093
1743409321.660340
1743409321.692374
1743409321.724215
1743409321.756621
1743409321.788429
1743409321.820097
1743409321.852260
1743409321.884570
1743409321.932046
1743409321.964470
1743409321.996251
1743409322.027831
1743409322.060371
1743409322.092370
1743409322.124683
1743409322.156082
1743409322.188757
1743409322.220405
1743409322.252616
1743409322.283756
1743409322.300021
1743409322.332071
1743409322.364201
1743409322.396154
1743409322.428303
1743409322.460415
1743409322.492698
1743409322.524336
1743409322.572393
1743409322.604533
1743409322.635852
1743409322.667597
1743409322.684074
1743409322.716313
1743409322.748393
1743409322.780031
1743409322.812641
1743409322.844484
1743409322.876506
1743409322.908507
1743409322.940467
1743409322.972326
1743409323.004260
1743409323.036021
1743409323.068029
1743409323.084027
1743409323.100104
1743409323.132222
1743409323.164309
1743409323.196550
1743409323.228723
1743409323.259990
1743409323.291839
1743409323.324487
1743409323.356394
1743409323.388411
1743409323.420114
1743409323.452345
1743409323.484192
1743409323.516639
1743409323.548562
1743409323.579775
1743409323.612678
1743409323.644347
1743409323.676388
1743409323.708098
1743409323.740645
1743409323.772431
1743409323.804482
1743409323.836231
1743409323.883693
1743409323.915992
1743409323.948187
1743409323.979768
1743409324.012373
1743409324.044411
1743409324.076409
1743409324.107908
1743409324.123848
1743409324.140098
1743409324.156083
1743409324.204344
1743409324.235908
1743409324.268137
1743409324.300100
1743409324.332082
1743409324.364386
1743409324.396437
1743409324.428438
1743409324.460773
1743409324.492730
1743409324.524962
1743409324.556445
1743409324.588147
1743409324.620172
1743409324.652235
1743409324.684352
1743409324.715829
1743409324.732067
1743409324.764448
1743409324.796540
1743409324.828203
1743409324.860681
1743409324.892171
1743409324.924262
1743409324.955951
1743409324.988526
1743409325.020213
1743409325.052163
1743409325.084179
1743409325.116396
1743409325.148328
1743409325.180568
1743409325.211951
1743409325.244390
1743409325.276838
1743409325.308311
1743409325.340113
1743409325.372399
1743409325.404514
1743409325.436203
1743409325.468284
1743409325.500561
1743409325.531800
1743409325.564548
1743409325.596054
1743409325.628401
1743409325.660433
1743409325.692289
1743409325.724374
1743409325.756648
1743409325.788462
1743409325.835692
1743409325.867708
1743409325.883987
1743409325.916257
1743409325.948352
1743409325.980353
1743409326.012704
1743409326.044395
1743409326.076681
1743409326.108244
1743409326.156175
1743409326.188811
1743409326.220248
1743409326.251727
1743409326.268093
1743409326.300132
1743409326.332018
1743409326.363902
1743409326.380007
1743409326.412422
1743409326.444729
1743409326.476456
1743409326.508374
1743409326.540437
1743409326.572225
1743409326.604229
1743409326.636164
1743409326.668062
1743409326.684143
1743409326.715907
1743409326.732072
1743409326.748272
1743409326.780443
1743409326.812309
1743409326.844498
1743409326.876531
1743409326.908562
1743409326.940104
1743409326.972443
1743409327.004437
1743409327.036034
1743409327.068082
1743409327.084202
1743409327.131994
1743409327.164206
1743409327.196085
1743409327.228297
1743409327.260459
1743409327.292312
1743409327.324293
1743409327.356488
1743409327.388519
1743409327.420359
1743409327.451578
1743409327.482841
1743409327.500312
1743409327.531861
1743409327.564178
1743409327.596220
1743409327.628454
1743409327.660432
1743409327.692309
1743409327.724627
1743409327.756906
1743409327.788395
1743409327.820000
1743409327.851885
1743409327.883899
1743409327.899838
1743409327.915975
1743409327.932071
1743409327.964251
1743409327.996302
1743409328.028195
1743409328.043735
1743409328.060116
1743409328.108504
1743409328.139742
1743409328.172338
1743409328.204319
1743409328.235995
1743409328.267776
1743409328.284014
1743409328.300076
1743409328.332310
1743409328.364256
1743409328.396716
1743409328.428408
1743409328.460143
1743409328.492142
1743409328.524420
1743409328.556367
1743409328.588315
1743409328.619688
1743409328.652372
1743409328.684217
1743409328.716410
1743409328.764000
1743409328.796231
1743409328.828437
1743409328.860381
1743409328.891913
1743409328.924475
1743409328.956338
1743409328.988447
1743409329.019805
1743409329.035984
1743409329.083699
1743409329.115841
1743409329.147955
1743409329.180323
1743409329.212446
1743409329.244279
1743409329.276301
1743409329.308713
1743409329.340695
1743409329.372734
1743409329.404393
1743409329.435853
1743409329.467787
1743409329.483902
1743409329.516075
1743409329.548255
1743409329.580299
1743409329.612508
1743409329.644426
1743409329.676340
1743409329.708691
1743409329.740655
1743409329.772577
1743409329.804243
1743409329.836117
1743409329.867787
1743409329.883973
1743409329.916190
1743409329.948374
1743409329.980415
1743409330.012339
1743409330.060314
1743409330.092181
1743409330.124330
1743409330.155795
1743409330.188451
1743409330.220006
1743409330.251894
1743409330.283542
1743409330.299876
1743409330.316181
1743409330.348297
1743409330.380608
1743409330.412457
1743409330.444398
1743409330.476292
1743409330.508269
1743409330.540455
1743409330.572368
1743409330.604235
1743409330.635674
1743409330.651993
1743409330.684122
1743409330.716557
1743409330.747772
1743409330.780017
1743409330.812514
1743409330.844438
1743409330.876144
1743409330.908455
1743409330.940639
1743409330.972567
1743409331.004045
1743409331.035811
1743409331.068048
1743409331.099868
1743409331.132243
1743409331.164114
1743409331.196037
1743409331.228283
1743409331.260644
1743409331.292437
1743409331.324338
1743409331.356480
1743409331.388250
1743409331.419737
1743409331.451914
1743409331.483865
1743409331.499935
1743409331.516057
1743409331.548233
1743409331.580303
1743409331.612413
1743409331.644489
1743409331.692155
1743409331.724250
1743409331.756265
1743409331.788390
1743409331.819969
1743409331.851934
1743409331.883987
1743409331.916014
1743409331.947959
1743409331.980398
1743409332.012527
1743409332.044427
1743409332.075759
1743409332.091557
1743409332.107728
1743409332.123964
1743409332.156079
1743409332.188480
1743409332.220193
1743409332.252141
1743409332.283716
1743409332.300092
1743409332.332707
1743409332.364390
1743409332.396024
1743409332.428333
1743409332.460361
1743409332.492465
1743409332.523794
1743409332.556405
1743409332.588574
1743409332.620159
1743409332.667720
1743409332.683721
1743409332.715782
1743409332.731799
1743409332.748023
1743409332.764094
1743409332.796562
1743409332.828311
1743409332.860195
1743409332.892447
1743409332.924708
1743409332.956673
1743409332.987606
1743409333.020065
1743409333.051947
1743409333.083733
1743409333.115772
1743409333.131865
1743409333.164225
1743409333.196024
1743409333.227851
1743409333.260456
1743409333.308188
1743409333.340198
1743409333.371724
1743409333.387817
1743409333.419955
1743409333.452059
1743409333.483489
1743409333.499921
1743409333.516158
1743409333.548217
1743409333.579803
1743409333.612436
1743409333.644398
1743409333.676274
1743409333.707662
1743409333.740369
1743409333.772083
1743409333.803851
1743409333.835595
1743409333.851800
1743409333.868060
1743409333.900358
1743409333.931718
1743409333.964469
1743409333.996272
1743409334.028254
1743409334.059579
1743409334.092385
1743409334.124376
1743409334.156399
1743409334.187723
1743409334.203981
1743409334.220081
1743409334.235895
1743409334.252103
1743409334.284465
1743409334.315829
1743409334.331733
1743409334.348027
1743409334.363803
1743409334.379940
1743409334.395871
1743409334.411949
1743409334.428064
1743409334.444067
1743409334.459879
1743409334.475994
1743409334.491986
1743409334.507928
1743409334.524013
1743409334.540075
1743409334.556019
1743409334.572000
1743409334.588213
1743409334.620300
1743409334.651855
1743409334.667805
1743409334.683788
1743409334.699961
1743409334.715998
1743409334.731966
1743409334.747978
1743409334.763721
1743409334.779763
1743409334.795983
1743409334.811841
1743409334.827953
1743409334.843975
1743409334.859991
1743409334.876003
1743409334.892129
1743409334.908017
1743409334.940713
1743409334.972230
1743409334.987730
1743409335.003786
1743409335.019902
1743409335.035723
1743409335.051872
1743409335.067926
1743409335.083954
1743409335.099916
1743409335.115972
1743409335.132033
1743409335.147927
1743409335.163945
1743409335.180138
1743409335.195980
1743409335.212133
1743409335.228078
1743409335.260591
1743409335.291281
1743409335.307343
1743409335.323719
1743409335.356551
1743409335.388502
1743409335.420024
1743409335.435985
1743409335.452029
1743409335.468044
1743409335.484050
1743409335.500087
1743409335.516206
1743409335.532102
1743409335.547991
1743409335.564071
1743409335.596444
1743409335.628323
1743409335.660215
1743409335.675644
1743409335.691762
1743409335.707766
1743409335.723926
1743409335.739935
1743409335.755932
1743409335.771918
1743409335.788004
1743409335.803878
1743409335.819995
1743409335.836030
1743409335.851951
1743409335.868104
1743409335.884294
1743409335.916522
1743409335.948097
1743409335.963606
1743409335.979773
1743409335.995768
1743409336.011908
1743409336.027852
1743409336.043946
1743409336.059990
1743409336.075924
1743409336.091788
1743409336.107810
1743409336.124047
1743409336.139833
1743409336.156066
1743409336.171703
1743409336.187995
1743409336.204033
1743409336.236378
1743409336.267733
1743409336.283803
1743409336.299946
1743409336.315878
1743409336.331992
1743409336.347923
1743409336.363886
1743409336.379808
1743409336.395948
1743409336.411833
1743409336.427914
1743409336.443896
1743409336.459982
1743409336.475987
1743409336.491960
1743409336.507940
1743409336.524006
1743409336.540044
1743409336.572592
1743409336.604121
1743409336.619716
1743409336.635736
1743409336.651851
1743409336.667864
1743409336.684073
1743409336.699886
1743409336.716137
1743409336.731992
1743409336.747971
1743409336.763841
1743409336.779903
1743409336.795915
1743409336.812011
1743409336.828152
1743409336.844307
1743409336.860156
1743409336.892464
1743409336.924313
1743409336.956282
1743409336.988236
1743409337.003794
1743409337.019886
1743409337.035777
1743409337.051900
1743409337.067900
1743409337.084116
1743409337.099989
1743409337.116206
1743409337.132142
1743409337.148168
1743409337.164069
1743409337.180096
1743409337.212663
1743409337.244272
1743409337.276061
1743409337.291684
1743409337.307867
1743409337.323867
1743409337.339940
1743409337.356036
1743409337.372105
1743409337.387848
1743409337.403886
1743409337.419934
1743409337.435862
1743409337.452063
1743409337.468067
1743409337.484159
1743409337.500140
1743409337.516141
1743409337.547808
1743409337.563538
1743409337.579782
1743409337.595671
1743409337.611810
1743409337.627896
1743409337.643836
1743409337.659813
1743409337.675839
1743409337.691818
1743409337.707819
1743409337.723898
1743409337.739829
1743409337.755973
1743409337.772047
1743409337.788185
1743409337.804097
1743409337.819993
1743409337.836050
1743409337.868566
1743409337.884037
1743409337.899907
1743409337.915929
1743409337.931857
1743409337.947906
1743409337.963937
1743409337.979980
1743409337.995715
1743409338.011810
1743409338.027938
1743409338.043868
1743409338.059962
1743409338.075943
1743409338.091925
1743409338.108024
1743409338.124064
1743409338.140035
1743409338.156002
1743409338.188608
1743409338.219837
1743409338.235699
1743409338.251763
1743409338.267954
1743409338.283878
1743409338.300012
1743409338.315930
1743409338.332015
1743409338.347978
1743409338.363808
1743409338.379810
1743409338.395822
1743409338.411924
1743409338.427910
1743409338.444064
1743409338.460083
1743409338.476142
1743409338.492061
1743409338.524621
1743409338.556234
1743409338.588162
1743409338.603829
1743409338.619849
1743409338.635792
1743409338.651819
1743409338.667855
1743409338.684046
1743409338.699961
1743409338.716042
1743409338.731979
1743409338.748137
1743409338.763944
1743409338.779943
1743409338.795914
1743409338.812059
1743409338.844587
1743409338.876207
1743409338.907960
1743409338.940069
1743409338.955484
1743409338.971735
1743409338.987746
1743409339.003844
1743409339.019824
1743409339.035800
1743409339.051860
1743409339.068224
1743409339.084072
1743409339.100057
1743409339.116239
1743409339.132167
1743409339.164615
1743409339.196447
1743409339.227617
1743409339.243438
1743409339.259713
1743409339.275733
1743409339.291871
1743409339.308002
1743409339.323833
1743409339.339758
1743409339.355960
1743409339.371797
1743409339.387803
1743409339.403807
1743409339.419975
1743409339.435973
1743409339.451985
1743409339.468070
1743409339.499713
1743409339.515779
1743409339.531801
1743409339.547757
1743409339.563748
1743409339.579667
1743409339.595835
1743409339.611799
1743409339.627998
1743409339.643802
1743409339.659848
1743409339.675800
1743409339.691926
1743409339.707871
1743409339.723968
1743409339.739942
1743409339.755997
1743409339.771984
1743409339.788001
1743409339.820467
1743409339.851297
1743409339.867676
1743409339.883727
1743409339.899755
1743409339.915850
1743409339.931887
1743409339.947736
1743409339.963786
1743409339.979753
1743409339.995870
1743409340.011915
1743409340.027799
1743409340.043922
1743409340.060000
1743409340.076204
1743409340.092197
1743409340.108082
1743409340.140109
1743409340.171611
1743409340.187688
1743409340.203795
1743409340.219860
1743409340.235934
1743409340.251849
1743409340.267936
1743409340.284103
1743409340.300062
1743409340.316116
1743409340.331973
1743409340.347965
1743409340.363885
1743409340.379934
1743409340.396002
1743409340.412014
1743409340.428084
1743409340.444033
1743409340.476842
1743409340.508315
1743409340.539514
1743409340.555661
1743409340.571729
1743409340.587648
1743409340.603903
1743409340.619843
1743409340.635854
1743409340.652064
1743409340.667997
1743409340.683929
1743409340.699795
1743409340.716053
1743409340.731974
1743409340.748061
1743409340.764025
1743409340.796341
1743409340.827711
1743409340.843425
1743409340.859765
1743409340.875747
1743409340.891849
1743409340.907926
1743409340.923834
1743409340.939826
1743409340.955844
1743409340.971870
1743409340.987849
1743409341.003991
1743409341.019996
1743409341.035931
1743409341.051937
1743409341.068055
1743409341.084217
1743409341.116669
1743409341.148327
1743409341.180123
1743409341.212173
1743409341.244209
1743409341.276266
1743409341.308310
1743409341.340004
1743409341.355474
1743409341.371792
1743409341.388025
1743409341.403940
1743409341.419963
1743409341.452476
1743409341.483774
1743409341.499689
1743409341.515696
1743409341.531795
1743409341.547830
1743409341.563702
1743409341.579900
1743409341.595720
1743409341.611852
1743409341.627940
1743409341.643965
1743409341.659810
1743409341.675860
1743409341.691999
1743409341.707940
1743409341.724058
1743409341.739974
1743409341.771840
1743409341.787624
1743409341.803777
1743409341.819689
1743409341.835791
1743409341.851761
1743409341.867812
1743409341.883904
1743409341.899924
1743409341.915915
1743409341.931939
1743409341.948022
1743409341.963777
1743409341.979872
1743409341.995737
1743409342.012023
1743409342.028006
1743409342.043966
1743409342.060081
1743409342.092553
1743409342.123718
1743409342.139446
1743409342.155646
1743409342.171686
1743409342.187776
1743409342.203729
1743409342.219906
1743409342.235739
1743409342.251817
1743409342.267936
1743409342.283998
1743409342.299880
1743409342.316005
1743409342.332114
1743409342.348162
1743409342.364015
1743409342.380242
1743409342.395985
1743409342.428636
1743409342.460209
1743409342.491890
1743409342.507499
1743409342.523829
1743409342.539899
1743409342.555782
1743409342.571767
1743409342.587733
1743409342.603720
1743409342.619818
1743409342.635894
1743409342.651795
1743409342.667990
1743409342.684216
1743409342.700079
1743409342.716223
1743409342.748645
1743409342.779732
1743409342.795685
1743409342.811926
1743409342.827823
1743409342.843829
1743409342.859906
1743409342.875878
1743409342.891902
1743409342.907829
1743409342.923814
1743409342.939832
1743409342.955899
1743409342.971930
1743409342.987964
1743409343.003938
1743409343.019997
1743409343.035995
1743409343.068444
1743409343.083764
1743409343.099807
1743409343.115805
1743409343.131860
1743409343.147825
1743409343.163761
1743409343.179720
1743409343.195757
1743409343.212045
1743409343.227705
1743409343.243841
1743409343.259777
1743409343.275767
1743409343.291757
1743409343.307797
1743409343.324137
1743409343.339853
1743409343.356057
1743409343.371743
1743409343.404464
1743409343.435729
1743409343.451599
1743409343.467663
1743409343.483832
1743409343.499775
1743409343.515874
1743409343.531905
1743409343.547938
1743409343.563892
1743409343.579677
1743409343.595788
1743409343.611856
1743409343.627870
1743409343.643924
1743409343.660076
1743409343.675947
1743409343.692048
1743409343.724222
1743409343.756173
1743409343.788244
1743409343.803654
1743409343.819750
1743409343.835900
1743409343.851688
1743409343.867783
1743409343.884162
1743409343.899936
1743409343.916192
1743409343.931945
1743409343.948216
1743409343.964209
1743409343.979926
1743409343.995962
1743409344.012174
1743409344.044659
1743409344.076358
1743409344.108359
