1743382704.825317
1743382704.905689
1743382704.937553
1743382704.969392
1743382705.001700
1743382705.048612
1743382705.080455
1743382705.097384
1743382705.128888
1743382705.145634
1743382705.161601
1743382705.193415
1743382705.209435
1743382705.240940
1743382705.257966
1743382705.288407
1743382705.304934
1743382705.322608
1743382705.354173
1743382705.386054
1743382705.416624
1743382705.433206
1743382705.449898
1743382705.481754
1743382705.513265
1743382705.545223
1743382705.577441
1743382705.610182
1743382705.642336
1743382705.674503
1743382705.706382
1743382705.739131
1743382705.771000
1743382705.803176
1743382705.835038
1743382705.867027
1743382705.899006
1743382705.930563
1743382705.962770
1743382705.994880
1743382706.027340
1743382706.059055
1743382706.089174
1743382706.120939
1743382706.136772
1743382706.153809
1743382706.185788
1743382706.217695
1743382706.249447
1743382706.265294
1743382706.281532
1743382706.297291
1743382706.313403
1743382706.329677
1743382706.361719
1743382706.392700
1743382706.408920
1743382706.424963
1743382706.440875
1743382706.457071
1743382706.473122
1743382706.505861
1743382706.537708
1743382706.568928
1743382706.584885
1743382706.601170
1743382706.617247
1743382706.633286
1743382706.649313
1743382706.681949
1743382706.713329
1743382706.729066
1743382706.745144
1743382706.761024
1743382706.777216
1743382706.793210
1743382706.809069
1743382706.825247
1743382706.841013
1743382706.857207
1743382706.873197
1743382706.889181
1743382706.905126
1743382706.921254
1743382706.937333
1743382706.953263
1743382706.969299
1743382707.001272
1743382707.016950
1743382707.032999
1743382707.049001
1743382707.065062
1743382707.081056
1743382707.097054
1743382707.113033
1743382707.129314
1743382707.145107
1743382707.161192
1743382707.177124
1743382707.193173
1743382707.209284
1743382707.225050
1743382707.241135
1743382707.257242
1743382707.273378
1743382707.289291
1743382707.305246
1743382707.336963
1743382707.352901
1743382707.368901
1743382707.384902
1743382707.401045
1743382707.417108
1743382707.432988
1743382707.449113
1743382707.465044
1743382707.481221
1743382707.497075
1743382707.513013
1743382707.529248
1743382707.545159
1743382707.561133
1743382707.577156
1743382707.593400
1743382707.609391
1743382707.625171
1743382707.657520
1743382707.689019
1743382707.704661
1743382707.720960
1743382707.736959
1743382707.752921
1743382707.769039
1743382707.784941
1743382707.800982
1743382707.817065
1743382707.832953
1743382707.849065
1743382707.865171
1743382707.881052
1743382707.897294
1743382707.913395
1743382707.929475
1743382707.945501
1743382707.977775
1743382708.009433
1743382708.024945
1743382708.040934
1743382708.056958
1743382708.073169
1743382708.088988
1743382708.105045
1743382708.121033
1743382708.137023
1743382708.152984
1743382708.169022
1743382708.185158
1743382708.201075
1743382708.217024
1743382708.233144
1743382708.249152
1743382708.265162
1743382708.281197
1743382708.313308
1743382708.328925
1743382708.345035
1743382708.360949
1743382708.376960
1743382708.393063
1743382708.409002
1743382708.425002
1743382708.441034
1743382708.457005
1743382708.473326
1743382708.489380
1743382708.504949
1743382708.520989
1743382708.536888
1743382708.553220
1743382708.569238
1743382708.585273
1743382708.601259
1743382708.633248
1743382708.665382
1743382708.681027
1743382708.696969
1743382708.712965
1743382708.729157
1743382708.745209
1743382708.761072
1743382708.777069
1743382708.793082
1743382708.809188
1743382708.825053
1743382708.841000
1743382708.857028
1743382708.873264
1743382708.889264
1743382708.905202
1743382708.921259
1743382708.953979
1743382708.985463
1743382709.017255
1743382709.049072
1743382709.064888
1743382709.081022
1743382709.096894
1743382709.113079
1743382709.129158
1743382709.145158
1743382709.161125
1743382709.177239
1743382709.193216
1743382709.209368
1743382709.225110
1743382709.241157
1743382709.257142
1743382709.289858
1743382709.321432
1743382709.353503
1743382709.385472
1743382709.417612
1743382709.449507
1743382709.465106
1743382709.481042
1743382709.497062
1743382709.513082
1743382709.529328
1743382709.545352
1743382709.561260
1743382709.577302
1743382709.609747
1743382709.641364
1743382709.673575
1743382709.705567
1743382709.737722
1743382709.769690
1743382709.801589
1743382709.833703
1743382709.865449
1743382709.881287
1743382709.897156
1743382709.930230
1743382709.961116
1743382709.976870
1743382709.993020
1743382710.008954
1743382710.024932
1743382710.040980
1743382710.056973
1743382710.072926
1743382710.088958
1743382710.105090
1743382710.121065
1743382710.137090
1743382710.153041
1743382710.169123
1743382710.185152
1743382710.201114
1743382710.217171
1743382710.233145
1743382710.265541
1743382710.297210
1743382710.313125
1743382710.329142
1743382710.345079
1743382710.361050
1743382710.377283
1743382710.393444
1743382710.409272
1743382710.424885
1743382710.440791
1743382710.457059
1743382710.473084
1743382710.489168
1743382710.505112
1743382710.521164
1743382710.537081
1743382710.553115
1743382710.585248
1743382710.600858
1743382710.616859
1743382710.632795
1743382710.648900
1743382710.664976
1743382710.680898
1743382710.696947
1743382710.712936
1743382710.729046
1743382710.745112
1743382710.761017
1743382710.777026
1743382710.793163
1743382710.809251
1743382710.825134
1743382710.841078
1743382710.857066
1743382710.873255
1743382710.905913
1743382710.937370
1743382710.969256
1743382711.001637
1743382711.033550
1743382711.065116
1743382711.080930
1743382711.096957
1743382711.113387
1743382711.129158
1743382711.145073
1743382711.161159
1743382711.177203
1743382711.193232
1743382711.209247
1743382711.241646
1743382711.273559
1743382711.305351
1743382711.337349
1743382711.369558
1743382711.401421
1743382711.433570
1743382711.465196
1743382711.481048
1743382711.497095
1743382711.513096
1743382711.529156
1743382711.545253
1743382711.577538
1743382711.592870
1743382711.609232
1743382711.624882
1743382711.640873
1743382711.656895
1743382711.672886
1743382711.688946
1743382711.704995
1743382711.720866
1743382711.736899
1743382711.752891
1743382711.769018
1743382711.784978
1743382711.801074
1743382711.816999
1743382711.833027
1743382711.849097
1743382711.881478
1743382711.912958
1743382711.928888
1743382711.944996
1743382711.960927
1743382711.976944
1743382711.993019
1743382712.008786
1743382712.024965
1743382712.040994
1743382712.056851
1743382712.072993
1743382712.088967
1743382712.105031
1743382712.121020
1743382712.137066
1743382712.153098
1743382712.169118
1743382712.185125
1743382712.217672
1743382712.249434
1743382712.281091
1743382712.296785
1743382712.312834
1743382712.328863
1743382712.344960
1743382712.360948
1743382712.377046
1743382712.393015
1743382712.409058
1743382712.424915
1743382712.440840
1743382712.456942
1743382712.473054
1743382712.489084
1743382712.505053
1743382712.537592
1743382712.569262
1743382712.601298
1743382712.633228
1743382712.648778
1743382712.664968
1743382712.681000
1743382712.696839
1743382712.713004
1743382712.729060
1743382712.745070
1743382712.760995
1743382712.777106
1743382712.793276
1743382712.809147
1743382712.824961
1743382712.857665
1743382712.889170
1743382712.921139
1743382712.953496
1743382712.985212
1743382713.017486
1743382713.049516
1743382713.081040
1743382713.096791
1743382713.112966
1743382713.129079
1743382713.144967
1743382713.161012
1743382713.193514
1743382713.224990
1743382713.240444
1743382713.256724
1743382713.272818
1743382713.288918
1743382713.321684
1743382713.353420
1743382713.385326
1743382713.400799
1743382713.416907
1743382713.433001
1743382713.449171
1743382713.465073
1743382713.481095
1743382713.513132
1743382713.528725
1743382713.544896
1743382713.560821
1743382713.576746
1743382713.592948
1743382713.608808
1743382713.624870
1743382713.640756
1743382713.656801
1743382713.672999
1743382713.688991
1743382713.704895
1743382713.720915
1743382713.736881
1743382713.752978
1743382713.768978
1743382713.785012
1743382713.801113
1743382713.833429
1743382713.864809
1743382713.880634
1743382713.896769
1743382713.912864
1743382713.928834
1743382713.944800
1743382713.960846
1743382713.976867
1743382713.992850
1743382714.008999
1743382714.024927
1743382714.040873
1743382714.056847
1743382714.072871
1743382714.088801
1743382714.104825
1743382714.120972
1743382714.137006
1743382714.169499
1743382714.201188
1743382714.233166
1743382714.248653
1743382714.264883
1743382714.280835
1743382714.296786
1743382714.312793
1743382714.328964
1743382714.345053
1743382714.360908
1743382714.376879
1743382714.392939
1743382714.409177
1743382714.424855
1743382714.440881
1743382714.456960
1743382714.473099
1743382714.505439
1743382714.537146
1743382714.569211
1743382714.601078
1743382714.616444
1743382714.632738
1743382714.648696
1743382714.664733
1743382714.680704
1743382714.696869
1743382714.712917
1743382714.728973
1743382714.744956
1743382714.760975
1743382714.777047
1743382714.793101
1743382714.825559
1743382714.857526
1743382714.889498
1743382714.921318
1743382714.953483
1743382714.985308
1743382715.017536
1743382715.049318
1743382715.080999
1743382715.113219
1743382715.145307
1743382715.176874
1743382715.209046
1743382715.241086
1743382715.273373
1743382715.305223
1743382715.337334
1743382715.369314
1743382715.401514
1743382715.433428
1743382715.481192
1743382715.512800
1743382715.544751
1743382715.576961
1743382715.609287
1743382715.641582
1743382715.673146
1743382715.705257
1743382715.737480
1743382715.785248
1743382715.817087
1743382715.849119
1743382715.880882
1743382715.913045
1743382715.944724
1743382715.960701
1743382715.976756
1743382716.009325
1743382716.041176
1743382716.073331
1743382716.120933
1743382716.153332
1743382716.184875
1743382716.217281
1743382716.249158
1743382716.281020
1743382716.312536
1743382716.328785
1743382716.361036
1743382716.393214
1743382716.425230
1743382716.457114
1743382716.488898
1743382716.521046
1743382716.553238
1743382716.585148
1743382716.617134
1743382716.649407
1743382716.681124
1743382716.713005
1743382716.744994
1743382716.777231
1743382716.809106
1743382716.840908
1743382716.856379
1743382716.872617
1743382716.888628
1743382716.921436
1743382716.953253
1743382716.985239
1743382717.017389
1743382717.049040
1743382717.096814
1743382717.128737
1743382717.160591
1743382717.192798
1743382717.225160
1743382717.257137
1743382717.289281
1743382717.321229
1743382717.353498
1743382717.385430
1743382717.433025
1743382717.464895
1743382717.496671
1743382717.528656
1743382717.544646
1743382717.576892
1743382717.609041
1743382717.641102
1743382717.673439
1743382717.705248
1743382717.737293
1743382717.768950
1743382717.800966
1743382717.833003
1743382717.864927
1743382717.896576
1743382717.912575
1743382717.928830
1743382717.961021
1743382717.992824
1743382718.025001
1743382718.072993
1743382718.104953
1743382718.137100
1743382718.169252
1743382718.200848
1743382718.233054
1743382718.264810
1743382718.296907
1743382718.328778
1743382718.344948
1743382718.376926
1743382718.409465
1743382718.440731
1743382718.473367
1743382718.505019
1743382718.537064
1743382718.569335
1743382718.601126
1743382718.633103
1743382718.664906
1743382718.712500
1743382718.744586
1743382718.760637
1743382718.792761
1743382718.824946
1743382718.857006
1743382718.889121
1743382718.920967
1743382718.953101
1743382718.985235
1743382719.017221
1743382719.049089
1743382719.080749
1743382719.112727
1743382719.144893
1743382719.176842
1743382719.208872
1743382719.241071
1743382719.273217
1743382719.305256
1743382719.337122
1743382719.385016
1743382719.417114
1743382719.449007
1743382719.480430
1743382719.496785
1743382719.528780
1743382719.560817
1743382719.592925
1743382719.625004
1743382719.657100
1743382719.689145
1743382719.720964
1743382719.752959
1743382719.784965
1743382719.817249
1743382719.848909
1743382719.880881
1743382719.912783
1743382719.944789
1743382719.976909
1743382720.024830
1743382720.057000
1743382720.089072
1743382720.121124
1743382720.152922
1743382720.184978
1743382720.217220
1743382720.249158
1743382720.281055
1743382720.312828
1743382720.328943
1743382720.361302
1743382720.392708
1743382720.424756
1743382720.456879
1743382720.489074
1743382720.521342
1743382720.553021
1743382720.585323
1743382720.617297
1743382720.664932
1743382720.696420
1743382720.728661
1743382720.760723
1743382720.792713
1743382720.808623
1743382720.840866
1743382720.873140
1743382720.904944
1743382720.937119
1743382720.969192
1743382721.000927
1743382721.033135
1743382721.065009
1743382721.096473
1743382721.128668
1743382721.160837
1743382721.192682
1743382721.224879
1743382721.257126
1743382721.289010
1743382721.336814
1743382721.368902
1743382721.401347
1743382721.433208
1743382721.465027
1743382721.496741
1743382721.528600
1743382721.544634
1743382721.560722
1743382721.592837
1743382721.640862
1743382721.672738
1743382721.704912
1743382721.736893
1743382721.768828
1743382721.800939
1743382721.833046
1743382721.865041
1743382721.896760
1743382721.928794
1743382721.976553
1743382722.008865
1743382722.040708
1743382722.072885
1743382722.104863
1743382722.136409
1743382722.168872
1743382722.201175
1743382722.233077
1743382722.265056
1743382722.312400
1743382722.344783
1743382722.376519
1743382722.408879
1743382722.440641
1743382722.473256
1743382722.504868
1743382722.537025
1743382722.569140
1743382722.601106
1743382722.633061
1743382722.664633
1743382722.696552
1743382722.728589
1743382722.760519
1743382722.792590
1743382722.824731
1743382722.856773
1743382722.888958
1743382722.921050
1743382722.952827
1743382722.984791
1743382723.017157
1743382723.049087
1743382723.080398
1743382723.096374
1743382723.128782
1743382723.160678
1743382723.192756
1743382723.224786
1743382723.257163
1743382723.289175
1743382723.320553
1743382723.352661
1743382723.384995
1743382723.416911
1743382723.448978
1743382723.480866
1743382723.512619
1743382723.544660
1743382723.576751
1743382723.609162
1743382723.640959
1743382723.672791
1743382723.704905
1743382723.736784
1743382723.768846
1743382723.801039
1743382723.833023
1743382723.865060
1743382723.896609
1743382723.929012
1743382723.960378
1743382723.992297
1743382724.024621
1743382724.056652
1743382724.088818
1743382724.120841
1743382724.153201
1743382724.185118
1743382724.217249
1743382724.265177
1743382724.296253
1743382724.328667
1743382724.360432
1743382724.392590
1743382724.424604
1743382724.456804
1743382724.488861
1743382724.520983
1743382724.553207
1743382724.585191
1743382724.616878
1743382724.648748
1743382724.680439
1743382724.712417
1743382724.744391
1743382724.776585
1743382724.808700
1743382724.840761
1743382724.873079
1743382724.905082
1743382724.936529
1743382724.968800
1743382725.000777
1743382725.032532
1743382725.064478
1743382725.096566
1743382725.128553
1743382725.160540
1743382725.192561
1743382725.240347
1743382725.272739
1743382725.304956
1743382725.336717
1743382725.368850
1743382725.400856
1743382725.432984
1743382725.464870
1743382725.496535
1743382725.528725
1743382725.560849
1743382725.592282
1743382725.624892
1743382725.656778
1743382725.688659
1743382725.720913
1743382725.752975
1743382725.784736
1743382725.816842
1743382725.848965
1743382725.880782
1743382725.912314
1743382725.944181
1743382725.976535
1743382726.008582
1743382726.040756
1743382726.072657
1743382726.104815
1743382726.137217
1743382726.168964
1743382726.216966
1743382726.248463
1743382726.280310
1743382726.312403
1743382726.344444
1743382726.376421
1743382726.408618
1743382726.440740
1743382726.472990
1743382726.505038
1743382726.536992
1743382726.568742
1743382726.600791
1743382726.632591
1743382726.664278
1743382726.696413
1743382726.728469
1743382726.760423
1743382726.792582
1743382726.824807
1743382726.857093
1743382726.888502
1743382726.920689
1743382726.952794
1743382726.984649
1743382727.016813
1743382727.048969
1743382727.080441
1743382727.112649
1743382727.144590
1743382727.192345
1743382727.224476
1743382727.256668
1743382727.288732
1743382727.320734
1743382727.353014
1743382727.384821
1743382727.416795
1743382727.448820
1743382727.480564
1743382727.512633
1743382727.544171
1743382727.576259
1743382727.608472
1743382727.640601
1743382727.672421
1743382727.704957
1743382727.736740
1743382727.768953
1743382727.800813
1743382727.832680
1743382727.864458
1743382727.896350
1743382727.928164
1743382727.944182
1743382727.976375
1743382728.008611
1743382728.040442
1743382728.073030
1743382728.104712
1743382728.136982
1743382728.168956
1743382728.200665
1743382728.232642
1743382728.264379
1743382728.296436
1743382728.328292
1743382728.360236
1743382728.392593
1743382728.424529
1743382728.456623
1743382728.488526
1743382728.520474
1743382728.552765
1743382728.584935
1743382728.616904
1743382728.648691
1743382728.680479
1743382728.712330
1743382728.744425
1743382728.776467
1743382728.808723
1743382728.840424
1743382728.872276
1743382728.904592
1743382728.936600
1743382728.968646
1743382729.000769
1743382729.032879
1743382729.064672
1743382729.096444
1743382729.144160
1743382729.176115
1743382729.208632
1743382729.240427
1743382729.273013
1743382729.304748
1743382729.336802
1743382729.368862
1743382729.400635
1743382729.432997
1743382729.464939
1743382729.496241
1743382729.528195
1743382729.560231
1743382729.592738
1743382729.624381
1743382729.656477
1743382729.688828
1743382729.720807
1743382729.752965
1743382729.784545
1743382729.816487
1743382729.848448
1743382729.880191
1743382729.896271
1743382729.928339
1743382729.960165
1743382729.992356
1743382730.024618
1743382730.056581
1743382730.088671
1743382730.120695
1743382730.152593
1743382730.184689
1743382730.216975
1743382730.248759
1743382730.280337
1743382730.312470
1743382730.344371
1743382730.376371
1743382730.408921
1743382730.440900
1743382730.472667
1743382730.504770
1743382730.536464
1743382730.568386
1743382730.600560
1743382730.632854
1743382730.664764
1743382730.696371
1743382730.728356
1743382730.760755
1743382730.792180
1743382730.824570
1743382730.856504
1743382730.888395
1743382730.920392
1743382730.952572
1743382730.984624
1743382731.016836
1743382731.048695
1743382731.095865
1743382731.127900
1743382731.143888
1743382731.160029
1743382731.176006
1743382731.208538
1743382731.240398
1743382731.272602
1743382731.304666
1743382731.336588
1743382731.368805
1743382731.416374
1743382731.448441
1743382731.480010
1743382731.512213
1743382731.544079
1743382731.576216
1743382731.608439
1743382731.640314
1743382731.672751
1743382731.704869
1743382731.736744
1743382731.768228
1743382731.800625
1743382731.832508
1743382731.864593
1743382731.896149
1743382731.928176
1743382731.960326
1743382731.992408
1743382732.024653
1743382732.072322
1743382732.104510
1743382732.136066
1743382732.168571
1743382732.200465
1743382732.232552
1743382732.264470
1743382732.295792
1743382732.312084
1743382732.328175
1743382732.344299
1743382732.392174
1743382732.424343
1743382732.456403
1743382732.488247
1743382732.520362
1743382732.552504
1743382732.584452
1743382732.616862
1743382732.648438
1743382732.680331
1743382732.712680
1743382732.744090
1743382732.776006
1743382732.808217
1743382732.840690
1743382732.872459
1743382732.904387
1743382732.936505
1743382732.968700
1743382733.000633
1743382733.048311
1743382733.079908
1743382733.111801
1743382733.128028
1743382733.159895
1743382733.192078
1743382733.224486
1743382733.256417
1743382733.288591
1743382733.320332
1743382733.368439
1743382733.400374
1743382733.432337
1743382733.464241
1743382733.496166
1743382733.528221
1743382733.560286
1743382733.592198
1743382733.624559
1743382733.656514
1743382733.688557
1743382733.720414
1743382733.752302
1743382733.784450
1743382733.816489
1743382733.848257
1743382733.880110
1743382733.912106
1743382733.944157
1743382733.976475
1743382734.024056
1743382734.056240
1743382734.088491
1743382734.120242
1743382734.152385
1743382734.184488
1743382734.216608
1743382734.248086
1743382734.280214
1743382734.312343
1743382734.344675
1743382734.375839
1743382734.391816
1743382734.424365
1743382734.456384
1743382734.488102
1743382734.520269
1743382734.552409
1743382734.584533
1743382734.616875
1743382734.664221
1743382734.695932
1743382734.727854
1743382734.759920
1743382734.792238
1743382734.824321
1743382734.856604
1743382734.888145
1743382734.920441
1743382734.952656
1743382735.000177
1743382735.032035
1743382735.064076
1743382735.096001
1743382735.128089
1743382735.160213
1743382735.192166
1743382735.224303
1743382735.256415
1743382735.288287
1743382735.320609
1743382735.352469
1743382735.384518
1743382735.416253
1743382735.448564
1743382735.479902
1743382735.511981
1743382735.544309
1743382735.576285
1743382735.608337
1743382735.640584
1743382735.672272
1743382735.704189
1743382735.736218
1743382735.768269
1743382735.800427
1743382735.832173
1743382735.863988
1743382735.896185
1743382735.928036
1743382735.944030
1743382735.976259
1743382736.008170
1743382736.040145
1743382736.072537
1743382736.104464
1743382736.136364
1743382736.168190
1743382736.200550
1743382736.232374
1743382736.264694
1743382736.296456
1743382736.327877
1743382736.359784
1743382736.391934
1743382736.424252
1743382736.456397
1743382736.488455
1743382736.520698
1743382736.552572
1743382736.584570
1743382736.616508
1743382736.648140
1743382736.679990
1743382736.711824
1743382736.743837
1743382736.775854
1743382736.808243
1743382736.840404
1743382736.872604
1743382736.904312
1743382736.952187
1743382736.984376
1743382737.016304
1743382737.048790
1743382737.080453
1743382737.111996
1743382737.143841
1743382737.176028
1743382737.208413
1743382737.240461
1743382737.272278
1743382737.304500
1743382737.336334
1743382737.368293
1743382737.400213
1743382737.432233
1743382737.464220
1743382737.496194
1743382737.528040
1743382737.559997
1743382737.592516
1743382737.624286
1743382737.656157
1743382737.688033
1743382737.719983
1743382737.752236
1743382737.784167
1743382737.816439
1743382737.848526
1743382737.880061
1743382737.927766
1743382737.959742
1743382737.991790
1743382738.024011
1743382738.056138
1743382738.088052
1743382738.120078
1743382738.152480
1743382738.184227
1743382738.216575
1743382738.248309
1743382738.279750
1743382738.311603
1743382738.327711
1743382738.360154
1743382738.392078
1743382738.424073
1743382738.455952
1743382738.487952
1743382738.520042
1743382738.568182
1743382738.600054
1743382738.632117
1743382738.663901
1743382738.695860
1743382738.727925
1743382738.759920
1743382738.792081
1743382738.824288
1743382738.856191
1743382738.903941
1743382738.936074
1743382738.968039
1743382739.000084
1743382739.032213
1743382739.063906
1743382739.095928
1743382739.128059
1743382739.160070
1743382739.192027
1743382739.224173
1743382739.255935
1743382739.287787
1743382739.320131
1743382739.352473
1743382739.384120
1743382739.416121
1743382739.448309
1743382739.479965
1743382739.512039
1743382739.544371
1743382739.575788
1743382739.608006
1743382739.640136
1743382739.672227
1743382739.704292
1743382739.736225
1743382739.768346
1743382739.800199
1743382739.832413
1743382739.879953
1743382739.911766
1743382739.943783
1743382739.975730
1743382740.006932
1743382740.023226
1743382740.039703
1743382740.072600
1743382740.104394
1743382740.136433
1743382740.168381
1743382740.200357
1743382740.232250
1743382740.264345
1743382740.295964
1743382740.327322
1743382740.343819
1743382740.375985
1743382740.408104
1743382740.440100
1743382740.472299
1743382740.520222
1743382740.552128
1743382740.584037
1743382740.615950
1743382740.648423
1743382740.679778
1743382740.711761
1743382740.743808
1743382740.776084
1743382740.808058
1743382740.855679
1743382740.887813
1743382740.920230
1743382740.952029
1743382740.984046
1743382741.016165
1743382741.048402
1743382741.080030
1743382741.111994
1743382741.143879
1743382741.176366
1743382741.208060
1743382741.240069
1743382741.271847
1743382741.304131
1743382741.336053
1743382741.368109
1743382741.400226
1743382741.432396
1743382741.464231
1743382741.496281
1743382741.527549
1743382741.559722
1743382741.591876
1743382741.623813
1743382741.655913
1743382741.688055
1743382741.720216
1743382741.752305
1743382741.784154
1743382741.831900
1743382741.863943
1743382741.895749
1743382741.927957
1743382741.959782
1743382741.991852
1743382742.024026
1743382742.055906
1743382742.088049
1743382742.120100
1743382742.152296
1743382742.183796
1743382742.215960
1743382742.248121
1743382742.279580
1743382742.311632
1743382742.327714
1743382742.359840
1743382742.391930
1743382742.424246
1743382742.471996
1743382742.504000
1743382742.536052
1743382742.568249
1743382742.600292
1743382742.631920
1743382742.663737
1743382742.695835
1743382742.727615
1743382742.743769
1743382742.776081
1743382742.808293
1743382742.839988
1743382742.871997
1743382742.904025
1743382742.935969
1743382742.968076
1743382742.999905
1743382743.032195
1743382743.064104
1743382743.079674
1743382743.127413
1743382743.159624
1743382743.191481
1743382743.207374
1743382743.240050
1743382743.272200
1743382743.304171
1743382743.336205
1743382743.368090
1743382743.400268
1743382743.447831
1743382743.479401
1743382743.495358
1743382743.511379
1743382743.527576
1743382743.543699
1743382743.576511
1743382743.607833
1743382743.640101
1743382743.672214
1743382743.704174
1743382743.736282
1743382743.783757
1743382743.815955
1743382743.848040
1743382743.879534
1743382743.911471
1743382743.943755
1743382743.975722
1743382744.007923
1743382744.039920
1743382744.072169
1743382744.104091
1743382744.135903
1743382744.167926
1743382744.199870
1743382744.231870
1743382744.263977
1743382744.295603
1743382744.327763
1743382744.359825
1743382744.391845
1743382744.424184
1743382744.455826
1743382744.487776
1743382744.520082
1743382744.552022
1743382744.583809
1743382744.615719
1743382744.648041
1743382744.680038
1743382744.711868
1743382744.759358
1743382744.791823
1743382744.823693
1743382744.855746
1743382744.887846
1743382744.919924
1743382744.952225
1743382744.984286
1743382745.016320
1743382745.048151
1743382745.080178
1743382745.111382
1743382745.127374
1743382745.143455
1743382745.175758
1743382745.207928
1743382745.239642
1743382745.271953
1743382745.303897
1743382745.336118
1743382745.368247
1743382745.400093
1743382745.431767
1743382745.463440
1743382745.495592
1743382745.527717
1743382745.559543
1743382745.591638
1743382745.623656
1743382745.655849
1743382745.688158
1743382745.735705
1743382745.767951
1743382745.799752
1743382745.831887
1743382745.863418
1743382745.895429
1743382745.927550
1743382745.959722
1743382745.991670
1743382746.023962
1743382746.056039
1743382746.087648
1743382746.120177
1743382746.152050
1743382746.183845
1743382746.215699
1743382746.248058
1743382746.279536
1743382746.295538
1743382746.327744
1743382746.343737
1743382746.376066
1743382746.407501
1743382746.439584
1743382746.471773
1743382746.503790
1743382746.536032
1743382746.568058
1743382746.600106
1743382746.632206
1743382746.663857
1743382746.711184
1743382746.743458
1743382746.775351
1743382746.807575
1743382746.839548
1743382746.871803
1743382746.903882
1743382746.935989
1743382746.968204
1743382747.000138
1743382747.032108
1743382747.063751
1743382747.095505
1743382747.111307
1743382747.127447
1743382747.143442
1743382747.175610
1743382747.207886
1743382747.239765
1743382747.271832
1743382747.303736
1743382747.351776
1743382747.383729
1743382747.415621
1743382747.447807
1743382747.479516
1743382747.511405
1743382747.527422
1743382747.559387
1743382747.575303
1743382747.591727
1743382747.623932
1743382747.655986
1743382747.688134
1743382747.719733
1743382747.751853
1743382747.783872
1743382747.815751
1743382747.848004
1743382747.879601
1743382747.911618
1743382747.943604
1743382747.975653
1743382748.007931
1743382748.039284
1743382748.071713
1743382748.103556
1743382748.136066
1743382748.167575
1743382748.199257
1743382748.232029
1743382748.264067
1743382748.295562
1743382748.327971
1743382748.359240
1743382748.375276
1743382748.391256
1743382748.407253
1743382748.439733
1743382748.471730
1743382748.503846
1743382748.535737
1743382748.568183
1743382748.599751
1743382748.632131
1743382748.663819
1743382748.695238
1743382748.727162
1743382748.759225
1743382748.775295
1743382748.791401
1743382748.823752
1743382748.855853
1743382748.887924
1743382748.920017
1743382748.952055
1743382748.983896
1743382749.015680
1743382749.047671
1743382749.079355
1743382749.111116
1743382749.127199
1743382749.143472
1743382749.175625
1743382749.207606
1743382749.239690
1743382749.271937
1743382749.304113
1743382749.335812
1743382749.367634
1743382749.399727
1743382749.431761
1743382749.463328
1743382749.495393
1743382749.527400
1743382749.559420
1743382749.591654
1743382749.639254
1743382749.671435
1743382749.703693
1743382749.735644
1743382749.767763
1743382749.799587
1743382749.831805
1743382749.863974
1743382749.895600
1743382749.927332
1743382749.959874
1743382749.991422
1743382750.023566
1743382750.055528
1743382750.087736
1743382750.119610
1743382750.151763
1743382750.183791
1743382750.215930
1743382750.247837
1743382750.279925
1743382750.311296
1743382750.327324
1743382750.359383
1743382750.391551
1743382750.423450
1743382750.455638
1743382750.487693
1743382750.519982
1743382750.551706
1743382750.583918
1743382750.615725
1743382750.647708
1743382750.679214
1743382750.711225
1743382750.743249
1743382750.775304
1743382750.807894
1743382750.839606
1743382750.871683
1743382750.903822
1743382750.935852
1743382750.967662
1743382750.999762
1743382751.031627
1743382751.063780
1743382751.095402
1743382751.127308
1743382751.143250
1743382751.175691
1743382751.207848
1743382751.255245
1743382751.287666
1743382751.319294
1743382751.351862
1743382751.383551
1743382751.415434
1743382751.447597
1743382751.479294
1743382751.511545
1743382751.543568
1743382751.591031
1743382751.623258
1743382751.655527
1743382751.687703
1743382751.719892
1743382751.751679
1743382751.783666
1743382751.815814
1743382751.847724
1743382751.879501
1743382751.911709
1743382751.943179
1743382751.975228
1743382752.007333
1743382752.039652
1743382752.071561
1743382752.103396
1743382752.135140
1743382752.167454
1743382752.199654
1743382752.231323
1743382752.263341
1743382752.295392
1743382752.327266
1743382752.359206
1743382752.375263
1743382752.407594
1743382752.439350
1743382752.472010
1743382752.503707
1743382752.535826
1743382752.567794
1743382752.599552
1743382752.631681
1743382752.663359
1743382752.695157
1743382752.727350
1743382752.759393
1743382752.791346
1743382752.823505
1743382752.855687
1743382752.887706
1743382752.919313
1743382752.950847
1743382752.982217
1743382752.998998
1743382753.031470
1743382753.063078
1743382753.095276
1743382753.127453
1743382753.143409
1743382753.175292
1743382753.207644
1743382753.239735
1743382753.271439
1743382753.303469
1743382753.335481
1743382753.367763
1743382753.399511
1743382753.431654
1743382753.463319
1743382753.495400
1743382753.542992
1743382753.575383
1743382753.606961
1743382753.639520
1743382753.671456
1743382753.703558
1743382753.735557
1743382753.767581
1743382753.799836
1743382753.831732
1743382753.863717
1743382753.895190
1743382753.927050
1743382753.943065
1743382753.975142
1743382754.007619
1743382754.039251
1743382754.071516
1743382754.103606
1743382754.136142
1743382754.183422
1743382754.215539
1743382754.247087
1743382754.279034
1743382754.311213
1743382754.343371
1743382754.375215
1743382754.407436
1743382754.439587
1743382754.471781
1743382754.519151
1743382754.551183
1743382754.583460
1743382754.615674
1743382754.647594
1743382754.679331
1743382754.711067
1743382754.727101
1743382754.759297
1743382754.791435
1743382754.839255
1743382754.871240
1743382754.903490
1743382754.935682
1743382754.967350
1743382754.999866
1743382755.031724
1743382755.063471
1743382755.095193
1743382755.127281
1743382755.159641
1743382755.191214
1743382755.223359
1743382755.255434
1743382755.287352
1743382755.319538
1743382755.351496
1743382755.382898
1743382755.414901
1743382755.431296
1743382755.463202
1743382755.495380
1743382755.527091
1743382755.559165
1743382755.591128
1743382755.623211
1743382755.655381
1743382755.687538
1743382755.719585
1743382755.751717
1743382755.783733
1743382755.815557
1743382755.847430
1743382755.879082
1743382755.911074
1743382755.943086
1743382755.975068
1743382756.007524
1743382756.039274
1743382756.071040
1743382756.103620
1743382756.135795
1743382756.167657
1743382756.199272
1743382756.231545
1743382756.263415
1743382756.295088
1743382756.327304
1743382756.359169
1743382756.391166
1743382756.423565
1743382756.471209
1743382756.503286
1743382756.535227
1743382756.567609
1743382756.599286
1743382756.631516
1743382756.663525
1743382756.695137
1743382756.727103
1743382756.759148
1743382756.791299
1743382756.823332
1743382756.855256
1743382756.887304
1743382756.919387
1743382756.951316
1743382756.983394
1743382757.015733
1743382757.047461
1743382757.079148
1743382757.111424
1743382757.142792
1743382757.158761
1743382757.174860
1743382757.190859
1743382757.223270
1743382757.255274
1743382757.287204
1743382757.319183
1743382757.351569
1743382757.383360
1743382757.415856
1743382757.447714
1743382757.478995
1743382757.510834
1743382757.526827
1743382757.542915
1743382757.575239
1743382757.607316
1743382757.639367
1743382757.671625
1743382757.703916
1743382757.735449
1743382757.767294
1743382757.799226
1743382757.831238
1743382757.862805
1743382757.894888
1743382757.927030
1743382757.959071
1743382757.975063
1743382757.991215
1743382758.023384
1743382758.055677
1743382758.087408
1743382758.119178
1743382758.151452
1743382758.183347
1743382758.215431
1743382758.247342
1743382758.279072
1743382758.311094
1743382758.343250
1743382758.375088
1743382758.391042
1743382758.423545
1743382758.455219
1743382758.487276
1743382758.519187
1743382758.551822
1743382758.583145
1743382758.615553
1743382758.647463
1743382758.679304
1743382758.711067
1743382758.743426
1743382758.774913
1743382758.807127
1743382758.838856
1743382758.871321
1743382758.903527
1743382758.935515
1743382758.967631
1743382758.999468
1743382759.031717
1743382759.063385
1743382759.094992
1743382759.127000
1743382759.158901
1743382759.190965
1743382759.206563
1743382759.222820
1743382759.255134
1743382759.287127
1743382759.319491
1743382759.351562
1743382759.399019
1743382759.430980
1743382759.462720
1743382759.478670
1743382759.494691
1743382759.527279
1743382759.558948
1743382759.591130
1743382759.623106
1743382759.655381
1743382759.687262
1743382759.719593
1743382759.751103
1743382759.783361
1743382759.815155
1743382759.847217
1743382759.878860
1743382759.911033
1743382759.942947
1743382759.975126
1743382760.007247
1743382760.039445
1743382760.071383
1743382760.103293
1743382760.135447
1743382760.167047
1743382760.199377
1743382760.231238
1743382760.263214
1743382760.295077
1743382760.327196
1743382760.374680
1743382760.406971
1743382760.439136
1743382760.471294
1743382760.503076
1743382760.535215
1743382760.567342
1743382760.599251
1743382760.631827
1743382760.663253
1743382760.695129
1743382760.726947
1743382760.758767
1743382760.791001
1743382760.822968
1743382760.854957
1743382760.887162
1743382760.919313
1743382760.951842
1743382760.983325
1743382761.015555
1743382761.047104
1743382761.078962
1743382761.110787
1743382761.142613
1743382761.158781
1743382761.190933
1743382761.222941
1743382761.238472
1743382761.254802
1743382761.287175
1743382761.319379
1743382761.351594
1743382761.383082
1743382761.415328
1743382761.447279
1743382761.478962
1743382761.510748
1743382761.542980
1743382761.574989
1743382761.607132
1743382761.639177
1743382761.671360
1743382761.703031
1743382761.735037
1743382761.767070
1743382761.798478
1743382761.831466
1743382761.862998
1743382761.894947
1743382761.926508
1743382761.942886
1743382761.990780
1743382762.022539
1743382762.053640
1743382762.069769
1743382762.086677
1743382762.119479
1743382762.151373
1743382762.183126
1743382762.215490
1743382762.247354
1743382762.278446
1743382762.294807
1743382762.327345
1743382762.358831
1743382762.390866
1743382762.422910
1743382762.454978
1743382762.487334
1743382762.518839
1743382762.551501
1743382762.583382
1743382762.615513
1743382762.647475
1743382762.678743
1743382762.710688
1743382762.742615
1743382762.758732
1743382762.791151
1743382762.822885
1743382762.855181
1743382762.887474
1743382762.919596
1743382762.966960
1743382762.999272
1743382763.030898
1743382763.062725
1743382763.094734
1743382763.126810
1743382763.158798
1743382763.190802
1743382763.223093
1743382763.255299
1743382763.303114
1743382763.335048
1743382763.367016
1743382763.398976
1743382763.431009
1743382763.462906
1743382763.494682
1743382763.526982
1743382763.559047
1743382763.590958
1743382763.623361
1743382763.655018
1743382763.687181
1743382763.719260
1743382763.751159
1743382763.783019
1743382763.814432
1743382763.846325
1743382763.878860
1743382763.911036
1743382763.943134
1743382763.974482
1743382764.006937
1743382764.038927
1743382764.070980
1743382764.103138
1743382764.134424
1743382764.166583
1743382764.199527
1743382764.231143
1743382764.278863
1743382764.310438
1743382764.326479
1743382764.342693
1743382764.374577
1743382764.390566
1743382764.422795
1743382764.454984
1743382764.486388
1743382764.519323
1743382764.551285
1743382764.598982
1743382764.630285
1743382764.646409
1743382764.678681
1743382764.710863
1743382764.742162
1743382764.758533
1743382764.790910
1743382764.823097
1743382764.854926
1743382764.887167
1743382764.919320
1743382764.951041
1743382764.983136
1743382765.014853
1743382765.047266
1743382765.078860
1743382765.110606
1743382765.126684
1743382765.158943
1743382765.190940
1743382765.222907
1743382765.255217
1743382765.286720
1743382765.319133
1743382765.350999
1743382765.383185
1743382765.414916
1743382765.447231
1743382765.478228
1743382765.494585
1743382765.526809
1743382765.574470
1743382765.606538
1743382765.638937
1743382765.670856
1743382765.702832
1743382765.735080
1743382765.766891
1743382765.799032
1743382765.831167
1743382765.863299
1743382765.895052
1743382765.926642
1743382765.958571
1743382765.990636
1743382766.022942
1743382766.054701
1743382766.087120
1743382766.118607
1743382766.151252
1743382766.183222
1743382766.230709
1743382766.262273
1743382766.278336
1743382766.310291
1743382766.326562
1743382766.358836
1743382766.390831
1743382766.422759
1743382766.454986
1743382766.487095
1743382766.519467
1743382766.551047
1743382766.582992
1743382766.614880
1743382766.646843
1743382766.678272
1743382766.694289
1743382766.710467
1743382766.742661
1743382766.774647
1743382766.806842
1743382766.838942
1743382766.870995
1743382766.902928
1743382766.934894
1743382766.966935
1743382766.998961
1743382767.030946
1743382767.063198
1743382767.094534
1743382767.126815
1743382767.158866
1743382767.206627
1743382767.238711
1743382767.270774
1743382767.302762
1743382767.334981
1743382767.366767
1743382767.399097
1743382767.430928
1743382767.462606
1743382767.494535
1743382767.526987
1743382767.558542
1743382767.590566
1743382767.622785
1743382767.654883
1743382767.686929
1743382767.718742
1743382767.750857
1743382767.783141
1743382767.815105
1743382767.847192
1743382767.878553
1743382767.910435
1743382767.942435
1743382767.974422
1743382768.006714
1743382768.039092
1743382768.070984
1743382768.102958
1743382768.135074
1743382768.182800
1743382768.214947
1743382768.246848
1743382768.278374
1743382768.310414
1743382768.326427
1743382768.342479
1743382768.374779
1743382768.406845
1743382768.438931
1743382768.470907
1743382768.502658
1743382768.534622
1743382768.566509
1743382768.599039
1743382768.630927
1743382768.662931
1743382768.694497
1743382768.726420
1743382768.742690
1743382768.774795
1743382768.822683
1743382768.854779
1743382768.886516
1743382768.918717
1743382768.950794
1743382768.982856
1743382769.015202
1743382769.046893
1743382769.078661
1743382769.110593
1743382769.158545
1743382769.190500
1743382769.222644
1743382769.254789
1743382769.286658
1743382769.318772
1743382769.350831
1743382769.382955
1743382769.414966
1743382769.447121
1743382769.478892
1743382769.510278
1743382769.542433
1743382769.574452
1743382769.606545
1743382769.638571
1743382769.670800
1743382769.702788
1743382769.734817
1743382769.767009
1743382769.799055
1743382769.830671
1743382769.862208
1743382769.894371
1743382769.926356
1743382769.942383
1743382769.974504
1743382770.006718
1743382770.038794
1743382770.071181
1743382770.102920
1743382770.134882
1743382770.166516
1743382770.198707
1743382770.230572
1743382770.262561
1743382770.294433
1743382770.310395
1743382770.342577
1743382770.374609
1743382770.406757
1743382770.454652
1743382770.486672
1743382770.518699
1743382770.550553
1743382770.582894
1743382770.614797
1743382770.646931
1743382770.678492
1743382770.710524
1743382770.742658
1743382770.774784
1743382770.806658
1743382770.838536
1743382770.870656
1743382770.902756
1743382770.934936
1743382770.966903
1743382770.998811
1743382771.030818
1743382771.063101
1743382771.110331
1743382771.142287
1743382771.174392
1743382771.206797
1743382771.238401
1743382771.270892
1743382771.303018
1743382771.334992
1743382771.366945
1743382771.398826
1743382771.430858
1743382771.462909
1743382771.494469
1743382771.526351
1743382771.558643
1743382771.590552
1743382771.622681
1743382771.654747
1743382771.686848
1743382771.718828
1743382771.750300
1743382771.782563
1743382771.814678
1743382771.846705
1743382771.878419
1743382771.910205
1743382771.926342
1743382771.942361
1743382771.974475
1743382772.006648
1743382772.038827
1743382772.086594
1743382772.118442
1743382772.150835
1743382772.182716
1743382772.214991
1743382772.246877
1743382772.278414
1743382772.310547
1743382772.342626
1743382772.374605
1743382772.407066
1743382772.438597
1743382772.470545
1743382772.502560
1743382772.534753
1743382772.566770
1743382772.598787
1743382772.630997
1743382772.662667
1743382772.694560
1743382772.726917
1743382772.758258
1743382772.790491
1743382772.822574
1743382772.854634
1743382772.886758
1743382772.918610
1743382772.950822
1743382772.982914
1743382773.014747
1743382773.062654
1743382773.094263
1743382773.126214
1743382773.158297
1743382773.190486
1743382773.222436
1743382773.254515
1743382773.286870
1743382773.318813
1743382773.350968
1743382773.382710
1743382773.414716
1743382773.446263
1743382773.478363
1743382773.510257
1743382773.542525
1743382773.574211
1743382773.606609
1743382773.638706
1743382773.670915
1743382773.702818
1743382773.734876
1743382773.766600
1743382773.798359
1743382773.830582
1743382773.862597
1743382773.894228
1743382773.926426
1743382773.958268
1743382773.990555
1743382774.038331
1743382774.070385
1743382774.102891
1743382774.134584
1743382774.166600
1743382774.198936
1743382774.230630
1743382774.262383
1743382774.294397
1743382774.310364
1743382774.358179
1743382774.390132
1743382774.422302
1743382774.454518
1743382774.486248
1743382774.518676
1743382774.550698
1743382774.582656
1743382774.614913
1743382774.646794
1743382774.678573
1743382774.710199
1743382774.742115
1743382774.758079
1743382774.790260
1743382774.822507
1743382774.854629
1743382774.886615
1743382774.918730
1743382774.950707
1743382774.982690
1743382775.014901
1743382775.046631
1743382775.078142
1743382775.110225
1743382775.142234
1743382775.174248
1743382775.206583
1743382775.238720
1743382775.270765
1743382775.302811
1743382775.334864
1743382775.366475
1743382775.398469
1743382775.430309
1743382775.462153
1743382775.494328
1743382775.526251
1743382775.558158
1743382775.590413
1743382775.622612
1743382775.654619
1743382775.686353
1743382775.718597
1743382775.750639
1743382775.782563
1743382775.814582
1743382775.846657
1743382775.878130
1743382775.910432
1743382775.942288
1743382775.990189
1743382776.022114
1743382776.054358
1743382776.086609
1743382776.118524
1743382776.150642
1743382776.182737
1743382776.214568
1743382776.246653
1743382776.278413
1743382776.310567
1743382776.342207
1743382776.374145
1743382776.406107
1743382776.438532
1743382776.470751
1743382776.502799
1743382776.534457
1743382776.566651
1743382776.598698
1743382776.630482
1743382776.662433
1743382776.694132
1743382776.726110
1743382776.758108
1743382776.790202
1743382776.822411
1743382776.854646
1743382776.886748
1743382776.918959
1743382776.966802
1743382776.998371
1743382777.030297
1743382777.062573
1743382777.094189
1743382777.126322
1743382777.158272
1743382777.190101
1743382777.206103
1743382777.222735
1743382777.254508
1743382777.286857
1743382777.318278
1743382777.350354
1743382777.382405
1743382777.414152
1743382777.446542
1743382777.478039
1743382777.510068
1743382777.542268
1743382777.574289
1743382777.606761
1743382777.638311
1743382777.670506
1743382777.702325
1743382777.734413
1743382777.766414
1743382777.798539
1743382777.830700
1743382777.862488
1743382777.894269
1743382777.942032
1743382777.973852
1743382778.006358
1743382778.038271
1743382778.070599
1743382778.102523
1743382778.134403
1743382778.166373
1743382778.198490
1743382778.230584
1743382778.262707
1743382778.294050
1743382778.325433
1743382778.341937
1743382778.374239
1743382778.406153
1743382778.438420
1743382778.470680
1743382778.502621
1743382778.534597
1743382778.582268
1743382778.614410
1743382778.646713
1743382778.678157
1743382778.710051
1743382778.741987
1743382778.758033
1743382778.773998
1743382778.806490
1743382778.838658
1743382778.870515
1743382778.918236
1743382778.950227
1743382778.982434
1743382779.014295
1743382779.046357
1743382779.078380
1743382779.110078
1743382779.142005
1743382779.174184
1743382779.206514
1743382779.238647
1743382779.270433
1743382779.302213
1743382779.334453
1743382779.366478
1743382779.398355
1743382779.430239
1743382779.462416
1743382779.494127
1743382779.526294
1743382779.558297
1743382779.589961
1743382779.622082
1743382779.654387
1743382779.686306
1743382779.718360
1743382779.749881
1743382779.782481
1743382779.814629
1743382779.846787
1743382779.893990
1743382779.925836
1743382779.958062
1743382779.989907
1743382780.022128
1743382780.054160
1743382780.086478
1743382780.118421
1743382780.150508
1743382780.182105
1743382780.214730
1743382780.246502
1743382780.278124
1743382780.309714
1743382780.326012
1743382780.357970
1743382780.373950
1743382780.406200
1743382780.438390
1743382780.470462
1743382780.502528
1743382780.534363
1743382780.566281
1743382780.598312
1743382780.630520
1743382780.662241
1743382780.694023
1743382780.725833
1743382780.741992
1743382780.774277
1743382780.806431
1743382780.838365
1743382780.870663
1743382780.902189
1743382780.934244
1743382780.966420
1743382780.998302
1743382781.030581
1743382781.062255
1743382781.093981
1743382781.126149
1743382781.158111
1743382781.190653
1743382781.221922
1743382781.253993
1743382781.286066
1743382781.318176
1743382781.350549
1743382781.382366
1743382781.414421
1743382781.446589
1743382781.478161
1743382781.510243
1743382781.541584
1743382781.557731
1743382781.589882
1743382781.622132
1743382781.654296
1743382781.686404
1743382781.718222
1743382781.750423
1743382781.782503
1743382781.814674
1743382781.846657
1743382781.877853
1743382781.909914
1743382781.941872
1743382781.974038
1743382782.006054
1743382782.038216
1743382782.070470
1743382782.102572
1743382782.134614
1743382782.166556
1743382782.198203
1743382782.230149
1743382782.261846
1743382782.293808
1743382782.309933
1743382782.342145
1743382782.374013
1743382782.406003
1743382782.438482
1743382782.485896
1743382782.518408
1743382782.550095
1743382782.582183
1743382782.614333
1743382782.646618
1743382782.678172
1743382782.709991
1743382782.742008
1743382782.773993
1743382782.821714
1743382782.854106
1743382782.886051
1743382782.918130
1743382782.950232
1743382782.982333
1743382783.014546
1743382783.046497
1743382783.077929
1743382783.110066
1743382783.142240
1743382783.173899
1743382783.206145
1743382783.238091
1743382783.270234
1743382783.302165
1743382783.334508
1743382783.366118
1743382783.398284
1743382783.430324
1743382783.461777
1743382783.494227
1743382783.525661
1743382783.557792
1743382783.589863
1743382783.622149
1743382783.654150
1743382783.686336
1743382783.718248
1743382783.750182
1743382783.797918
1743382783.830473
1743382783.862413
1743382783.893885
1743382783.925880
1743382783.957956
1743382783.989874
1743382784.022141
1743382784.054263
1743382784.086452
1743382784.118758
1743382784.150025
1743382784.182179
1743382784.214407
1743382784.246213
1743382784.277994
1743382784.309941
1743382784.342047
1743382784.373912
1743382784.406268
1743382784.438296
1743382784.470091
1743382784.502009
1743382784.534094
1743382784.566100
1743382784.598147
1743382784.630447
1743382784.662060
1743382784.693996
1743382784.726008
1743382784.773689
1743382784.806121
1743382784.837882
1743382784.869977
1743382784.901937
1743382784.934379
1743382784.966343
1743382784.998353
1743382785.030314
1743382785.062436
1743382785.094415
1743382785.125773
1743382785.157833
1743382785.189855
1743382785.221987
1743382785.253942
1743382785.286098
1743382785.318339
1743382785.350646
1743382785.382300
1743382785.414378
1743382785.446154
1743382785.477781
1743382785.509862
1743382785.541713
1743382785.573922
1743382785.606003
1743382785.638356
1743382785.670134
1743382785.702077
1743382785.749970
1743382785.782102
1743382785.814128
1743382785.846198
1743382785.877517
1743382785.893481
1743382785.925821
1743382785.957931
1743382785.989936
1743382786.022147
1743382786.069829
1743382786.101952
1743382786.134061
1743382786.166149
1743382786.197989
1743382786.230045
1743382786.262315
1743382786.293819
1743382786.325889
1743382786.341826
1743382786.389605
1743382786.421849
1743382786.453594
1743382786.485994
1743382786.518021
1743382786.549994
1743382786.582041
1743382786.614170
1743382786.646320
1743382786.677854
1743382786.725645
1743382786.757638
1743382786.789806
1743382786.821878
1743382786.854184
1743382786.886093
1743382786.918179
1743382786.950290
1743382786.982298
1743382787.014118
1743382787.046285
1743382787.077776
1743382787.109720
1743382787.141638
1743382787.173951
1743382787.205862
1743382787.237920
1743382787.270183
1743382787.301987
1743382787.334116
1743382787.366429
1743382787.397970
1743382787.430249
1743382787.461794
1743382787.493567
1743382787.509600
1743382787.541861
1743382787.573787
1743382787.605847
1743382787.638101
1743382787.670395
1743382787.702315
1743382787.733781
1743382787.765420
1743382787.797800
1743382787.830213
1743382787.861941
1743382787.893543
1743382787.925740
1743382787.957791
1743382787.990001
1743382788.022057
1743382788.053957
1743382788.085970
1743382788.117961
1743382788.149952
1743382788.182037
1743382788.214303
1743382788.246222
1743382788.277741
1743382788.309647
1743382788.342246
1743382788.373617
1743382788.405887
1743382788.437477
1743382788.469941
1743382788.501973
1743382788.534031
1743382788.565673
1743382788.598019
1743382788.630211
1743382788.678033
1743382788.709212
1743382788.725455
1743382788.741606
1743382788.773513
1743382788.805995
1743382788.837826
1743382788.870355
1743382788.902234
1743382788.934383
1743382788.966312
1743382788.998221
1743382789.029877
1743382789.062141
1743382789.093442
1743382789.125553
1743382789.157695
1743382789.189657
1743382789.221790
1743382789.254010
1743382789.285899
1743382789.318168
1743382789.350087
1743382789.381838
1743382789.413826
1743382789.445992
1743382789.477558
1743382789.509507
1743382789.525511
1743382789.557541
1743382789.573575
1743382789.589776
1743382789.621808
1743382789.654184
1743382789.685928
1743382789.717859
1743382789.749831
1743382789.781913
1743382789.814171
1743382789.846103
1743382789.877693
1743382789.909712
1743382789.941808
1743382789.973881
1743382790.005669
1743382790.037719
1743382790.069856
1743382790.101824
1743382790.133920
1743382790.165988
1743382790.198007
1743382790.230028
1743382790.261989
1743382790.293643
1743382790.325727
1743382790.357515
1743382790.389433
1743382790.421521
1743382790.454128
1743382790.485862
1743382790.517893
1743382790.549993
1743382790.582114
1743382790.629768
1743382790.661759
1743382790.693414
1743382790.725614
1743382790.757694
1743382790.789512
1743382790.821743
1743382790.854056
1743382790.885874
1743382790.917971
1743382790.950052
1743382790.981913
1743382791.013779
1743382791.046003
1743382791.077552
1743382791.109569
1743382791.141456
1743382791.173865
1743382791.205967
1743382791.238057
1743382791.270075
1743382791.301714
1743382791.333805
1743382791.365940
1743382791.397811
1743382791.430068
1743382791.461734
1743382791.477427
1743382791.509594
1743382791.541691
1743382791.573539
1743382791.606177
1743382791.637761
1743382791.669813
1743382791.701473
1743382791.734062
1743382791.765766
1743382791.798106
1743382791.829804
1743382791.861884
1743382791.893684
1743382791.925840
1743382791.957265
1743382791.989239
1743382792.021430
1743382792.053825
1743382792.085858
1743382792.118000
1743382792.149837
1743382792.181897
1743382792.213900
1743382792.246320
1743382792.277357
1743382792.309439
1743382792.341501
1743382792.373611
1743382792.405778
1743382792.437952
1743382792.469661
1743382792.502088
1743382792.534067
1743382792.581617
1743382792.613562
1743382792.645722
1743382792.677626
1743382792.709441
1743382792.741645
1743382792.773481
1743382792.805592
1743382792.837937
1743382792.870140
1743382792.901823
1743382792.933708
1743382792.965736
1743382792.997810
1743382793.029772
1743382793.061838
1743382793.093471
1743382793.125497
1743382793.157543
1743382793.189589
1743382793.222032
1743382793.253603
1743382793.285692
1743382793.317898
1743382793.350054
1743382793.381687
1743382793.413801
1743382793.445961
1743382793.477660
1743382793.509400
1743382793.525628
1743382793.557789
1743382793.589399
1743382793.621522
1743382793.653844
1743382793.685563
1743382793.717783
1743382793.750039
1743382793.781757
1743382793.813803
1743382793.846222
1743382793.877691
1743382793.909178
1743382793.941298
1743382793.973388
1743382794.005699
1743382794.037628
1743382794.069805
1743382794.101935
1743382794.133805
1743382794.165869
1743382794.197864
1743382794.229605
1743382794.261893
1743382794.293357
1743382794.309342
1743382794.341634
1743382794.373563
1743382794.405632
1743382794.437613
1743382794.469980
1743382794.501643
1743382794.533757
1743382794.565646
1743382794.597741
1743382794.629831
1743382794.661814
1743382794.693448
1743382794.725612
1743382794.757331
1743382794.789735
1743382794.821716
1743382794.853861
1743382794.885675
1743382794.917552
1743382794.949385
1743382794.981498
1743382795.014026
1743382795.045895
1743382795.077248
1743382795.109392
1743382795.141540
1743382795.173825
1743382795.205437
1743382795.237490
1743382795.269822
1743382795.301627
1743382795.333770
1743382795.365564
1743382795.397881
1743382795.429888
1743382795.461925
1743382795.509174
1743382795.541138
1743382795.557128
1743382795.589371
1743382795.621478
1743382795.653575
1743382795.685141
1743382795.717754
1743382795.749794
1743382795.782044
1743382795.829448
1743382795.861682
1743382795.893138
1743382795.925156
1743382795.957181
1743382795.989278
1743382796.021416
1743382796.053757
1743382796.085966
1743382796.117761
1743382796.149778
1743382796.181403
1743382796.213933
1743382796.245649
1743382796.277334
1743382796.309215
1743382796.325336
1743382796.357546
1743382796.389562
1743382796.421631
1743382796.453736
1743382796.485652
1743382796.517431
1743382796.549576
1743382796.581605
1743382796.613882
1743382796.645690
1743382796.677149
1743382796.709330
1743382796.741453
1743382796.773465
1743382796.805816
1743382796.837318
1743382796.869472
1743382796.901528
1743382796.933681
1743382796.965524
1743382796.997884
1743382797.029788
1743382797.061727
1743382797.093338
1743382797.125952
1743382797.157338
1743382797.189156
1743382797.221573
1743382797.253527
1743382797.285386
1743382797.317537
1743382797.350011
1743382797.381768
1743382797.413845
1743382797.461558
1743382797.493154
1743382797.525299
1743382797.541146
1743382797.573333
1743382797.605351
1743382797.637558
1743382797.669616
1743382797.701620
1743382797.733851
1743382797.781329
1743382797.813568
1743382797.845602
1743382797.876966
1743382797.909193
1743382797.941157
1743382797.957117
1743382797.973058
1743382797.989224
1743382798.021677
1743382798.053618
1743382798.101120
1743382798.133520
1743382798.165391
1743382798.197511
1743382798.229553
1743382798.261720
1743382798.293206
1743382798.325265
1743382798.357381
1743382798.389564
1743382798.437167
1743382798.469198
1743382798.501518
1743382798.532964
1743382798.565574
1743382798.597606
1743382798.629512
1743382798.661219
1743382798.693528
1743382798.725272
1743382798.757752
1743382798.789355
1743382798.821440
1743382798.853368
1743382798.885381
1743382798.917423
1743382798.949780
1743382798.981621
1743382799.013807
1743382799.045769
1743382799.077431
1743382799.109005
1743382799.141133
1743382799.173172
1743382799.205251
1743382799.237309
1743382799.269462
1743382799.301502
1743382799.333702
1743382799.365481
1743382799.413073
1743382799.445589
1743382799.477192
1743382799.509030
1743382799.541189
1743382799.573133
1743382799.605502
1743382799.637361
1743382799.669832
1743382799.701338
1743382799.733742
1743382799.765339
1743382799.797491
1743382799.829362
1743382799.860982
1743382799.893363
1743382799.925057
1743382799.957362
1743382799.989358
1743382800.021141
1743382800.053854
1743382800.085564
1743382800.117712
1743382800.149386
1743382800.181383
1743382800.213797
1743382800.245495
1743382800.277125
1743382800.309346
1743382800.341241
1743382800.357154
1743382800.389460
1743382800.421135
1743382800.453431
1743382800.485430
1743382800.517460
1743382800.549452
1743382800.581352
1743382800.613641
1743382800.645826
1743382800.677240
1743382800.709692
1743382800.741195
1743382800.773039
1743382800.805349
1743382800.837298
1743382800.869506
1743382800.901401
1743382800.933419
1743382800.965500
1743382800.997703
1743382801.029769
1743382801.061359
1743382801.092968
1743382801.125091
1743382801.157117
1743382801.188864
1743382801.221346
1743382801.253561
1743382801.285522
1743382801.317626
1743382801.365113
1743382801.397261
1743382801.429376
1743382801.461243
1743382801.493012
1743382801.525071
1743382801.557129
1743382801.572914
1743382801.589054
1743382801.621418
1743382801.653456
1743382801.685372
1743382801.717123
1743382801.749304
1743382801.781353
1743382801.813352
1743382801.845250
1743382801.877092
1743382801.909072
1743382801.941343
1743382801.973153
1743382802.005588
1743382802.037212
1743382802.069419
1743382802.101261
1743382802.133428
1743382802.165429
1743382802.197427
1743382802.229746
1743382802.261666
1743382802.293120
1743382802.340913
1743382802.372913
1743382802.405177
1743382802.437312
1743382802.469364
1743382802.501346
1743382802.533549
1743382802.565484
1743382802.597586
1743382802.629479
1743382802.661519
1743382802.692887
1743382802.724839
1743382802.756826
1743382802.772834
1743382802.805191
1743382802.837298
1743382802.869400
1743382802.901397
1743382802.933611
1743382802.981065
1743382803.013219
1743382803.045092
1743382803.076957
1743382803.108765
1743382803.140953
1743382803.173079
1743382803.205299
1743382803.237260
1743382803.269548
1743382803.317018
1743382803.349368
1743382803.381243
1743382803.413386
1743382803.445153
1743382803.476962
1743382803.509015
1743382803.540988
1743382803.573317
1743382803.588868
1743382803.605068
1743382803.637587
1743382803.668709
1743382803.701167
1743382803.733451
1743382803.765325
1743382803.797275
1743382803.829417
1743382803.861526
1743382803.893116
1743382803.925020
1743382803.957247
1743382803.989027
1743382804.021206
1743382804.053242
1743382804.085483
1743382804.117367
1743382804.149465
1743382804.181243
1743382804.213614
1743382804.245514
1743382804.292820
1743382804.324886
1743382804.356950
1743382804.389061
1743382804.421221
1743382804.453068
1743382804.485475
1743382804.517442
1743382804.549295
1743382804.581395
1743382804.613432
1743382804.645504
1743382804.676924
1743382804.708817
1743382804.740727
1743382804.772968
1743382804.805082
1743382804.837016
1743382804.869331
1743382804.901546
1743382804.933501
1743382804.965407
1743382804.997004
1743382805.029317
1743382805.061048
1743382805.092845
1743382805.124950
1743382805.157027
1743382805.189075
1743382805.221137
1743382805.268873
1743382805.301027
1743382805.333070
1743382805.365054
1743382805.397140
1743382805.429411
1743382805.461237
1743382805.493128
1743382805.525215
1743382805.556976
1743382805.589293
1743382805.620914
1743382805.652893
1743382805.685267
1743382805.717295
1743382805.749112
1743382805.781077
1743382805.813334
1743382805.845196
1743382805.877041
1743382805.909175
1743382805.940777
1743382805.972830
1743382806.005102
1743382806.036877
1743382806.068951
1743382806.101249
1743382806.133088
1743382806.165237
1743382806.197565
1743382806.244860
1743382806.276736
1743382806.308683
1743382806.340888
1743382806.372861
1743382806.405118
1743382806.437476
1743382806.469316
1743382806.501396
1743382806.533394
1743382806.565046
1743382806.597154
1743382806.629197
1743382806.660975
1743382806.692517
1743382806.708585
1743382806.741033
1743382806.772866
1743382806.805191
1743382806.837294
1743382806.884845
1743382806.917145
1743382806.949156
1743382806.981120
1743382807.013273
1743382807.045146
1743382807.076859
1743382807.092766
1743382807.108968
1743382807.140946
1743382807.173001
1743382807.220799
1743382807.252977
1743382807.285044
1743382807.317336
1743382807.349150
1743382807.381154
1743382807.413264
1743382807.445264
1743382807.476875
1743382807.509004
1743382807.541289
1743382807.572745
1743382807.605065
1743382807.637002
1743382807.669019
1743382807.700790
1743382807.733087
1743382807.765225
1743382807.797230
1743382807.829188
1743382807.861224
1743382807.892574
1743382807.924565
1743382807.956727
1743382807.988919
1743382808.020882
1743382808.053086
1743382808.085185
1743382808.117411
1743382808.149374
1743382808.196863
1743382808.228861
1743382808.260793
1743382808.292705
1743382808.324780
1743382808.356832
1743382808.388784
1743382808.420902
1743382808.453125
1743382808.485150
1743382808.517054
1743382808.549048
1743382808.581107
1743382808.612874
1743382808.645135
1743382808.676762
1743382808.708770
1743382808.741148
1743382808.772973
1743382808.805041
1743382808.837171
1743382808.869148
1743382808.900925
1743382808.933210
1743382808.965093
1743382808.997163
1743382809.028953
1743382809.060854
1743382809.092964
1743382809.125065
1743382809.172446
1743382809.204862
1743382809.236982
1743382809.269087
1743382809.301254
1743382809.332994
1743382809.365169
1743382809.397216
1743382809.429311
1743382809.461319
1743382809.493148
1743382809.524370
1743382809.540628
1743382809.572738
1743382809.604776
1743382809.636810
1743382809.652293
1743382809.668571
1743382809.701268
1743382809.733142
1743382809.765046
1743382809.812865
1743382809.845166
1743382809.876606
1743382809.908680
1743382809.940339
1743382809.956680
1743382809.988684
1743382810.020931
1743382810.052916
1743382810.084934
1743382810.117596
1743382810.149304
1743382810.180864
1743382810.212992
1743382810.245028
1743382810.276688
1743382810.308536
1743382810.324545
1743382810.340810
1743382810.372894
1743382810.404896
1743382810.437129
1743382810.469174
1743382810.500997
1743382810.532803
1743382810.565023
1743382810.596752
1743382810.629303
1743382810.660939
1743382810.692661
1743382810.724668
1743382810.756889
1743382810.789131
1743382810.820704
1743382810.852773
1743382810.885560
1743382810.917009
1743382810.948969
1743382810.980997
1743382811.013172
1743382811.045015
1743382811.076797
1743382811.124422
1743382811.156363
1743382811.172360
1743382811.188526
1743382811.220785
1743382811.252802
1743382811.284930
1743382811.317266
1743382811.349104
1743382811.381166
1743382811.413203
1743382811.444968
1743382811.476614
1743382811.508591
1743382811.540621
1743382811.572733
1743382811.604721
1743382811.636284
1743382811.669182
1743382811.701133
1743382811.733270
1743382811.765071
1743382811.796955
1743382811.828937
1743382811.860861
1743382811.892615
1743382811.924597
1743382811.956796
1743382811.988605
1743382812.021118
1743382812.053130
1743382812.100669
1743382812.133050
1743382812.164923
1743382812.196830
1743382812.229026
1743382812.260901
1743382812.292677
1743382812.324593
1743382812.340704
1743382812.372790
1743382812.420986
1743382812.452642
1743382812.484743
1743382812.516993
1743382812.548809
1743382812.580911
1743382812.613108
1743382812.645161
1743382812.676863
1743382812.708869
1743382812.741045
1743382812.772412
1743382812.804758
1743382812.836704
1743382812.869078
1743382812.901013
1743382812.932997
1743382812.964862
1743382812.996968
1743382813.028132
1743382813.044452
1743382813.076859
1743382813.108656
1743382813.140640
1743382813.172558
1743382813.204717
1743382813.236799
1743382813.269165
1743382813.301093
1743382813.333071
1743382813.364953
1743382813.397036
1743382813.428781
1743382813.461061
1743382813.492281
1743382813.524395
1743382813.556483
1743382813.588766
1743382813.620965
1743382813.653030
1743382813.685037
1743382813.716692
1743382813.748790
1743382813.780824
1743382813.812747
1743382813.845072
1743382813.876757
1743382813.908389
1743382813.924668
1743382813.956662
1743382813.988631
1743382814.021109
1743382814.052945
1743382814.084689
1743382814.116660
1743382814.148759
1743382814.180902
1743382814.212793
1743382814.245095
1743382814.276651
1743382814.292361
1743382814.324602
1743382814.372397
1743382814.404506
1743382814.436668
1743382814.468989
1743382814.500956
1743382814.532848
1743382814.564754
1743382814.597038
1743382814.629057
1743382814.661044
1743382814.692875
1743382814.724136
1743382814.740252
1743382814.772198
1743382814.788239
1743382814.820750
1743382814.852790
1743382814.885004
1743382814.916735
1743382814.949118
1743382814.981041
1743382815.028824
1743382815.060890
1743382815.092480
1743382815.124406
1743382815.156586
1743382815.188253
1743382815.220832
1743382815.252805
1743382815.284960
1743382815.316960
1743382815.349326
1743382815.380965
1743382815.412622
1743382815.444820
1743382815.476690
1743382815.508530
1743382815.540265
1743382815.556252
1743382815.588648
1743382815.620829
1743382815.668615
1743382815.700531
1743382815.732745
1743382815.764658
1743382815.796741
1743382815.829000
1743382815.860617
1743382815.892497
1743382815.924554
1743382815.956652
1743382816.004608
1743382816.036466
1743382816.068548
1743382816.100882
1743382816.132705
1743382816.164917
1743382816.196813
1743382816.228955
1743382816.260941
1743382816.292532
1743382816.324833
1743382816.356284
1743382816.388910
1743382816.419657
1743382816.436626
1743382816.468860
1743382816.500611
1743382816.532965
1743382816.564734
1743382816.596861
1743382816.644563
1743382816.676025
1743382816.692110
1743382816.724217
1743382816.756218
1743382816.788627
1743382816.820749
1743382816.852641
1743382816.884620
1743382816.916618
1743382816.948959
1743382816.980872
1743382817.012537
1743382817.044609
1743382817.076378
1743382817.108735
1743382817.140709
1743382817.172424
1743382817.204680
1743382817.236891
1743382817.268951
1743382817.300779
1743382817.332687
1743382817.363519
1743382817.380350
1743382817.412967
1743382817.444584
1743382817.476399
1743382817.508519
1743382817.540576
1743382817.572508
1743382817.620216
1743382817.652276
1743382817.684425
1743382817.716429
1743382817.748864
1743382817.780521
1743382817.812928
1743382817.844919
1743382817.876514
1743382817.908361
1743382817.924380
1743382817.956664
1743382817.988302
1743382818.020290
1743382818.052446
1743382818.084479
1743382818.116864
1743382818.148899
1743382818.180888
1743382818.212783
1743382818.244923
1743382818.276818
1743382818.308115
1743382818.340307
1743382818.372093
1743382818.404517
1743382818.436433
1743382818.468878
1743382818.500543
1743382818.532916
1743382818.564831
1743382818.596707
1743382818.628365
1743382818.660437
1743382818.692662
1743382818.724359
1743382818.756566
1743382818.788368
1743382818.820520
1743382818.852659
1743382818.884707
1743382818.932560
1743382818.964580
1743382818.996574
1743382819.028579
1743382819.060534
1743382819.092432
1743382819.124356
1743382819.156357
1743382819.188731
1743382819.220556
1743382819.252562
1743382819.284604
1743382819.316508
1743382819.348684
1743382819.380539
1743382819.412695
1743382819.444379
1743382819.476425
1743382819.508429
1743382819.540352
1743382819.572739
1743382819.603882
1743382819.636274
1743382819.668768
1743382819.700475
1743382819.732592
1743382819.764762
1743382819.796519
1743382819.828905
1743382819.860848
1743382819.908196
1743382819.940338
1743382819.972214
1743382820.004477
1743382820.036310
1743382820.068629
1743382820.100410
1743382820.132493
1743382820.164592
1743382820.196810
1743382820.228873
1743382820.260500
1743382820.292202
1743382820.324254
1743382820.356224
1743382820.388147
1743382820.420521
1743382820.452586
1743382820.484742
1743382820.516850
1743382820.548809
1743382820.580464
1743382820.612514
1743382820.644686
1743382820.676200
1743382820.708336
1743382820.740219
1743382820.772237
1743382820.804311
1743382820.836552
1743382820.884542
1743382820.916605
1743382820.948193
1743382820.980468
1743382821.012444
1743382821.044445
1743382821.076337
1743382821.108362
1743382821.140136
1743382821.156153
1743382821.204183
1743382821.236502
1743382821.268419
1743382821.300506
1743382821.332707
1743382821.364691
1743382821.396496
1743382821.428489
1743382821.460764
1743382821.492474
1743382821.524569
1743382821.556161
1743382821.588182
1743382821.620373
1743382821.652476
1743382821.684419
1743382821.716742
1743382821.748472
1743382821.780606
1743382821.812720
1743382821.860570
1743382821.891953
1743382821.923994
1743382821.956008
1743382821.988232
1743382822.019373
1743382822.052042
1743382822.083964
1743382822.116843
1743382822.148915
1743382822.180791
1743382822.212900
1743382822.244780
1743382822.275998
1743382822.308227
1743382822.340014
1743382822.372262
1743382822.404418
1743382822.436484
1743382822.468802
1743382822.500725
1743382822.532312
1743382822.564338
1743382822.596463
1743382822.628409
1743382822.660229
1743382822.692066
1743382822.724174
1743382822.756217
1743382822.788263
1743382822.836266
1743382822.868569
1743382822.900147
1743382822.932480
1743382822.964566
1743382822.996584
1743382823.028221
1743382823.060263
1743382823.092181
1743382823.124204
1743382823.156635
1743382823.187969
1743382823.220450
1743382823.252327
1743382823.284420
1743382823.316565
1743382823.348488
1743382823.380436
1743382823.412535
1743382823.444794
1743382823.476668
1743382823.507853
1743382823.540119
1743382823.572007
1743382823.604240
1743382823.636305
1743382823.668644
1743382823.700494
1743382823.732514
1743382823.764516
1743382823.812158
1743382823.843985
1743382823.876055
1743382823.908089
1743382823.939976
1743382823.972094
1743382824.004192
1743382824.036281
1743382824.068616
1743382824.100624
1743382824.132710
1743382824.164603
1743382824.196343
1743382824.228231
1743382824.260023
1743382824.291693
1743382824.307787
1743382824.340147
1743382824.372206
1743382824.404458
1743382824.451906
1743382824.484302
1743382824.516037
1743382824.548258
1743382824.580439
1743382824.612171
1743382824.644247
1743382824.676158
1743382824.708058
1743382824.740088
1743382824.756017
1743382824.788417
1743382824.820105
1743382824.852124
1743382824.884317
1743382824.916334
1743382824.948112
1743382824.980518
1743382825.012649
1743382825.044669
1743382825.075980
1743382825.108418
1743382825.139844
1743382825.171880
1743382825.204327
1743382825.236050
1743382825.268565
1743382825.300390
1743382825.332450
1743382825.364760
1743382825.396647
1743382825.428353
1743382825.460404
1743382825.491903
1743382825.523904
1743382825.555905
1743382825.588140
1743382825.620317
1743382825.652236
1743382825.684581
1743382825.716588
1743382825.764149
1743382825.796119
1743382825.828228
1743382825.860248
1743382825.891982
1743382825.923815
1743382825.955955
1743382825.987970
1743382826.020243
1743382826.052439
1743382826.084584
1743382826.115851
1743382826.148213
1743382826.180203
1743382826.212343
1743382826.244271
1743382826.276036
1743382826.307921
1743382826.340202
1743382826.372276
1743382826.404541
1743382826.436223
1743382826.468336
1743382826.500267
1743382826.532209
1743382826.564261
1743382826.596157
1743382826.628320
1743382826.660484
1743382826.692061
1743382826.739879
1743382826.771610
1743382826.787642
1743382826.820100
1743382826.852020
1743382826.883873
1743382826.916393
1743382826.948282
1743382826.980371
1743382827.012271
1743382827.060159
1743382827.091838
1743382827.124049
1743382827.155794
1743382827.188069
1743382827.220014
1743382827.252033
1743382827.284117
1743382827.316261
1743382827.348427
1743382827.380467
1743382827.412112
1743382827.444391
1743382827.475792
1743382827.507793
1743382827.539998
1743382827.571977
1743382827.603995
1743382827.636252
1743382827.668510
1743382827.716324
1743382827.748158
1743382827.780117
1743382827.812187
1743382827.844242
1743382827.875952
1743382827.907887
1743382827.939936
1743382827.972104
1743382828.003778
1743382828.036279
1743382828.068245
1743382828.100175
1743382828.131602
1743382828.164322
1743382828.196343
1743382828.228362
1743382828.260285
1743382828.292031
1743382828.324150
1743382828.356428
1743382828.387888
1743382828.419899
1743382828.451865
1743382828.484029
1743382828.516003
1743382828.548378
1743382828.580178
1743382828.612466
1743382828.644320
1743382828.691957
1743382828.723665
1743382828.755604
1743382828.787717
1743382828.803724
1743382828.836296
1743382828.868200
1743382828.899950
1743382828.932237
1743382828.964415
1743382829.011878
1743382829.043592
1743382829.075488
1743382829.091501
1743382829.107680
1743382829.139809
1743382829.171968
1743382829.203901
1743382829.236150
1743382829.268425
1743382829.300297
1743382829.332041
1743382829.364485
1743382829.396110
1743382829.428025
1743382829.459852
1743382829.491672
1743382829.524114
1743382829.556177
1743382829.588059
1743382829.620255
1743382829.667923
1743382829.699997
1743382829.731955
1743382829.764136
1743382829.796070
1743382829.828376
1743382829.860124
1743382829.891918
1743382829.923823
1743382829.956091
1743382829.988197
1743382830.019876
1743382830.051521
1743382830.083969
1743382830.116285
1743382830.148390
1743382830.180056
1743382830.212202
1743382830.244356
1743382830.276014
1743382830.308213
1743382830.339765
1743382830.371616
1743382830.387581
1743382830.420049
1743382830.452223
1743382830.484148
1743382830.516073
1743382830.548192
1743382830.580443
1743382830.612396
1743382830.644424
1743382830.675797
1743382830.707527
1743382830.739650
1743382830.771748
1743382830.803842
1743382830.836053
1743382830.868203
1743382830.900154
1743382830.932076
1743382830.964168
1743382830.995964
1743382831.027836
1743382831.059779
1743382831.091665
1743382831.123695
1743382831.139687
1743382831.171882
1743382831.203943
1743382831.236037
1743382831.284060
1743382831.315610
1743382831.348095
1743382831.379968
1743382831.411943
1743382831.443965
1743382831.475867
1743382831.507726
1743382831.539791
1743382831.571864
1743382831.619724
1743382831.652016
1743382831.683916
1743382831.716045
1743382831.747966
1743382831.780113
1743382831.812068
1743382831.844087
1743382831.859653
1743382831.892039
1743382831.939633
1743382831.971582
1743382832.003782
1743382832.035894
1743382832.068042
1743382832.099841
1743382832.132318
1743382832.164245
1743382832.196297
1743382832.228231
1743382832.259893
1743382832.291679
1743382832.323576
1743382832.355501
1743382832.371493
1743382832.403780
1743382832.435835
1743382832.468193
1743382832.500144
1743382832.532108
1743382832.564243
1743382832.596202
1743382832.628025
1743382832.659964
1743382832.691559
1743382832.723722
1743382832.755819
1743382832.787969
1743382832.820046
1743382832.852135
1743382832.884259
1743382832.916192
1743382832.947923
1743382832.979971
1743382833.012054
1743382833.043912
1743382833.075805
1743382833.107663
1743382833.139657
1743382833.171896
1743382833.204147
1743382833.236018
1743382833.268056
1743382833.299840
1743382833.331897
1743382833.364052
1743382833.396048
1743382833.428185
1743382833.460034
1743382833.491744
1743382833.523770
1743382833.571447
1743382833.603918
1743382833.635748
1743382833.667876
1743382833.700081
1743382833.732228
1743382833.763998
1743382833.795938
1743382833.828337
1743382833.860231
1743382833.892007
1743382833.923418
1743382833.955668
1743382833.987566
1743382834.019603
1743382834.051983
1743382834.084127
1743382834.116084
1743382834.147779
1743382834.180244
1743382834.212213
1743382834.243926
1743382834.275406
1743382834.307492
1743382834.323533
1743382834.339669
1743382834.371542
1743382834.403965
1743382834.435733
1743382834.468172
1743382834.499936
1743382834.547881
1743382834.579811
1743382834.612063
1743382834.644157
1743382834.675664
1743382834.707528
1743382834.739495
1743382834.771823
1743382834.803922
1743382834.835805
1743382834.868237
1743382834.899778
1743382834.931850
1743382834.964002
1743382834.995932
1743382835.027762
1743382835.059812
1743382835.091871
1743382835.123804
1743382835.155635
1743382835.187927
1743382835.219820
1743382835.251658
1743382835.284053
1743382835.315828
1743382835.348087
1743382835.379947
1743382835.412111
1743382835.443895
1743382835.475657
1743382835.523518
1743382835.555333
1743382835.571267
1743382835.587498
1743382835.603509
1743382835.635764
1743382835.667409
1743382835.699736
1743382835.731900
1743382835.763995
1743382835.795742
1743382835.843726
1743382835.875477
1743382835.907236
1743382835.939574
1743382835.971313
1743382835.987329
1743382836.003536
1743382836.035609
1743382836.067967
1743382836.100133
1743382836.131956
1743382836.164120
1743382836.195777
1743382836.227867
1743382836.259719
1743382836.291679
1743382836.323486
1743382836.355503
1743382836.387454
1743382836.419875
1743382836.452233
1743382836.499743
1743382836.531874
1743382836.563656
1743382836.595783
1743382836.627853
1743382836.659604
1743382836.691431
1743382836.723570
1743382836.755475
1743382836.771598
1743382836.787558
1743382836.820168
1743382836.851689
1743382836.883806
1743382836.915861
1743382836.947773
1743382836.980042
1743382837.011756
1743382837.043789
1743382837.075738
1743382837.107862
1743382837.139961
1743382837.171329
1743382837.203862
1743382837.235689
1743382837.267895
1743382837.299643
1743382837.331777
1743382837.363902
1743382837.396078
1743382837.427915
1743382837.475656
1743382837.507414
1743382837.539524
1743382837.571442
1743382837.603670
1743382837.635829
1743382837.667870
1743382837.699884
1743382837.732114
1743382837.764181
1743382837.795860
1743382837.827720
1743382837.859438
1743382837.891383
1743382837.907249
1743382837.923219
1743382837.955392
1743382837.987496
1743382838.019760
1743382838.051735
1743382838.083974
1743382838.115903
1743382838.147622
1743382838.179562
1743382838.211819
1743382838.243690
1743382838.275411
1743382838.307447
1743382838.339388
1743382838.371783
1743382838.403768
1743382838.451564
1743382838.483757
1743382838.515651
1743382838.547994
1743382838.579683
1743382838.611742
1743382838.643902
1743382838.675493
1743382838.707425
1743382838.739546
1743382838.771992
1743382838.803495
1743382838.835528
1743382838.867851
1743382838.899930
1743382838.931805
1743382838.963794
1743382838.995803
1743382839.027830
1743382839.059963
1743382839.091924
1743382839.123305
1743382839.155048
1743382839.171031
1743382839.187244
1743382839.219444
1743382839.251639
1743382839.283708
1743382839.316011
1743382839.347837
1743382839.379827
1743382839.427720
1743382839.459631
1743382839.491255
1743382839.523445
1743382839.555228
1743382839.587483
1743382839.619626
1743382839.651658
1743382839.683671
1743382839.715837
1743382839.747702
1743382839.779682
1743382839.811602
1743382839.843577
1743382839.875343
1743382839.907433
1743382839.923252
1743382839.939272
1743382839.971413
1743382840.003623
1743382840.035652
1743382840.067934
1743382840.099422
1743382840.131582
1743382840.163489
1743382840.195411
1743382840.227689
1743382840.259665
1743382840.291418
1743382840.307442
1743382840.339800
1743382840.371610
1743382840.403928
1743382840.435654
1743382840.467651
1743382840.499601
1743382840.531643
1743382840.563782
1743382840.595758
1743382840.628225
1743382840.659793
1743382840.691562
1743382840.723649
1743382840.755136
1743382840.771224
1743382840.803570
1743382840.835648
1743382840.867880
1743382840.899745
1743382840.931711
1743382840.963775
1743382840.995761
1743382841.043526
1743382841.074998
1743382841.107320
1743382841.139306
1743382841.171303
1743382841.203535
1743382841.235517
1743382841.267722
1743382841.299666
1743382841.331636
1743382841.379317
1743382841.411671
1743382841.443511
1743382841.475255
1743382841.507366
1743382841.539177
1743382841.571508
1743382841.603643
1743382841.635786
1743382841.667950
1743382841.699576
1743382841.731579
1743382841.763562
1743382841.795463
1743382841.827473
1743382841.859767
1743382841.891452
1743382841.923149
1743382841.939192
1743382841.955173
1743382841.971465
1743382842.019317
1743382842.051423
1743382842.083504
1743382842.115430
1743382842.147690
1743382842.179486
1743382842.211585
1743382842.243473
1743382842.275508
1743382842.307352
1743382842.355119
1743382842.387151
1743382842.419332
1743382842.451582
1743382842.483496
1743382842.515647
1743382842.547473
1743382842.579588
1743382842.611656
1743382842.643936
1743382842.675623
1743382842.707015
1743382842.739092
1743382842.771201
1743382842.803348
1743382842.835419
1743382842.867522
1743382842.899455
1743382842.931661
1743382842.963738
1743382842.995677
1743382843.027308
1743382843.059178
1743382843.091188
1743382843.123146
1743382843.155160
1743382843.187321
1743382843.219341
1743382843.251538
1743382843.284014
1743382843.331403
1743382843.363421
1743382843.395391
1743382843.427489
1743382843.459474
1743382843.491332
1743382843.523104
1743382843.555193
1743382843.586933
1743382843.619743
1743382843.651748
1743382843.683297
1743382843.715478
1743382843.747634
1743382843.779561
1743382843.811567
1743382843.843442
1743382843.875616
1743382843.907270
1743382843.939355
1743382843.971451
1743382844.003127
1743382844.035441
1743382844.067707
1743382844.099440
1743382844.131442
1743382844.163787
1743382844.195587
1743382844.227705
1743382844.259450
1743382844.306829
1743382844.338824
1743382844.371188
1743382844.403184
1743382844.435193
1743382844.467709
1743382844.499619
1743382844.532258
1743382844.563574
1743382844.595766
1743382844.627522
1743382844.659163
1743382844.691159
1743382844.722927
1743382844.738929
1743382844.771044
1743382844.787005
1743382844.819313
1743382844.851393
1743382844.883612
1743382844.915570
1743382844.947620
1743382844.979477
1743382845.011422
1743382845.043599
1743382845.074988
1743382845.106894
1743382845.123351
1743382845.155415
1743382845.187495
1743382845.219580
1743382845.251619
1743382845.283903
1743382845.315570
1743382845.347552
1743382845.379711
1743382845.411672
1743382845.443792
1743382845.475231
1743382845.507103
1743382845.539180
1743382845.571240
1743382845.603681
1743382845.635325
1743382845.667416
1743382845.699593
1743382845.731358
1743382845.763505
1743382845.795237
1743382845.827539
1743382845.859553
1743382845.891065
1743382845.923540
1743382845.954901
1743382845.970809
1743382846.003245
1743382846.035289
1743382846.067626
1743382846.099268
1743382846.131506
1743382846.163392
1743382846.195532
1743382846.227675
1743382846.259359
1743382846.290830
1743382846.323069
1743382846.355107
1743382846.387103
1743382846.419105
1743382846.451354
1743382846.483464
1743382846.515400
1743382846.547666
1743382846.579553
1743382846.611619
1743382846.643064
1743382846.675064
1743382846.706924
1743382846.739124
1743382846.771314
1743382846.803552
1743382846.835336
1743382846.867615
1743382846.899574
1743382846.931419
1743382846.963245
1743382846.995287
1743382847.027286
1743382847.059267
1743382847.091015
1743382847.123355
1743382847.155304
1743382847.187170
1743382847.235340
1743382847.267276
1743382847.299429
1743382847.331262
1743382847.363305
1743382847.395352
1743382847.427511
1743382847.459284
1743382847.491135
1743382847.523355
1743382847.555526
1743382847.587084
1743382847.619053
1743382847.651139
1743382847.683223
1743382847.715499
1743382847.747510
1743382847.779572
1743382847.811410
1743382847.843411
1743382847.875408
1743382847.906928
1743382847.938826
1743382847.971090
1743382847.986664
1743382848.002912
1743382848.035015
1743382848.067272
1743382848.099447
1743382848.131466
1743382848.163114
1743382848.211168
1743382848.243315
1743382848.274962
1743382848.306903
1743382848.338867
1743382848.370786
1743382848.403003
1743382848.434955
1743382848.467375
1743382848.499460
1743382848.531557
1743382848.562657
1743382848.595189
1743382848.627260
1743382848.659110
1743382848.690529
1743382848.706707
1743382848.738882
1743382848.771056
1743382848.803202
1743382848.850863
1743382848.883362
1743382848.915286
1743382848.947149
1743382848.979279
1743382849.011339
1743382849.043478
1743382849.075151
1743382849.107165
1743382849.139007
1743382849.186656
1743382849.219170
1743382849.251052
1743382849.283364
1743382849.315143
1743382849.347434
1743382849.379302
1743382849.411295
1743382849.443253
1743382849.475225
1743382849.507204
1743382849.538948
1743382849.570638
1743382849.603269
1743382849.635163
1743382849.667511
1743382849.699249
1743382849.731311
1743382849.763418
1743382849.795437
1743382849.827327
1743382849.859160
1743382849.890834
1743382849.922702
1743382849.938839
1743382849.970788
1743382850.003060
1743382850.018578
1743382850.051297
1743382850.083088
1743382850.115497
1743382850.163290
1743382850.195143
1743382850.226925
1743382850.258889
1743382850.290645
1743382850.306614
1743382850.338900
1743382850.354934
1743382850.387148
1743382850.419148
1743382850.451043
1743382850.483447
1743382850.515287
1743382850.547171
1743382850.578873
1743382850.611160
1743382850.643329
1743382850.675024
1743382850.706895
1743382850.738961
1743382850.771084
1743382850.803368
1743382850.834836
1743382850.867314
1743382850.899023
1743382850.931086
1743382850.963129
1743382850.995331
1743382851.027210
1743382851.059400
1743382851.091132
1743382851.138835
1743382851.170782
1743382851.203059
1743382851.235119
1743382851.267220
1743382851.299148
1743382851.331235
1743382851.363207
1743382851.395182
1743382851.427445
1743382851.459421
1743382851.490774
1743382851.522323
1743382851.554835
1743382851.586807
1743382851.618997
1743382851.651099
1743382851.683143
1743382851.715369
1743382851.747232
1743382851.779324
1743382851.811231
1743382851.843225
1743382851.874881
1743382851.906688
1743382851.938818
1743382851.970898
1743382852.002910
1743382852.035253
1743382852.066967
1743382852.114872
1743382852.147007
1743382852.179053
1743382852.210815
1743382852.243376
1743382852.274837
1743382852.306880
1743382852.338823
1743382852.370911
1743382852.403099
1743382852.435276
1743382852.466602
1743382852.499092
1743382852.530855
1743382852.563104
1743382852.594785
1743382852.627349
1743382852.659075
1743382852.691009
1743382852.722820
1743382852.755220
1743382852.786668
1743382852.818951
1743382852.851027
1743382852.883084
1743382852.915152
1743382852.947406
1743382852.979353
1743382853.011276
1743382853.043229
1743382853.090583
1743382853.122679
1743382853.154795
1743382853.186688
1743382853.218932
1743382853.251107
1743382853.283372
1743382853.315429
1743382853.347352
1743382853.379219
1743382853.411267
1743382853.442944
1743382853.474689
1743382853.506480
1743382853.522577
1743382853.554667
1743382853.586918
1743382853.619057
1743382853.651079
1743382853.683085
1743382853.730867
1743382853.763097
1743382853.794900
1743382853.827063
1743382853.859188
1743382853.890931
1743382853.922739
1743382853.954842
1743382853.986922
1743382854.019178
1743382854.066663
1743382854.099026
1743382854.131211
1743382854.162845
1743382854.195140
1743382854.227050
1743382854.259378
1743382854.290822
1743382854.322884
1743382854.354913
1743382854.387281
1743382854.418580
1743382854.450809
1743382854.483027
1743382854.514975
1743382854.546698
1743382854.579332
1743382854.611233
1743382854.643374
1743382854.675142
1743382854.707147
1743382854.738732
1743382854.770542
1743382854.803037
1743382854.834780
1743382854.867059
1743382854.898876
1743382854.931078
1743382854.963199
1743382854.995327
1743382855.042786
1743382855.074263
1743382855.090357
1743382855.122660
1743382855.154748
1743382855.186784
1743382855.218936
1743382855.250842
1743382855.283254
1743382855.315106
1743382855.363134
1743382855.395086
1743382855.426961
1743382855.458999
1743382855.490570
1743382855.522469
1743382855.554707
1743382855.586874
1743382855.618922
1743382855.651233
1743382855.683170
1743382855.715008
1743382855.747046
1743382855.778829
1743382855.811185
1743382855.843056
1743382855.874920
1743382855.906670
1743382855.938740
1743382855.970892
1743382856.018620
1743382856.050683
1743382856.083339
1743382856.114240
1743382856.147143
1743382856.178922
1743382856.211178
1743382856.242314
1743382856.258539
1743382856.290878
1743382856.338320
1743382856.370473
1743382856.402713
1743382856.434605
1743382856.467175
1743382856.498973
1743382856.530996
1743382856.563214
1743382856.595010
1743382856.626723
1743382856.659003
1743382856.690591
1743382856.722496
1743382856.754508
1743382856.786740
1743382856.818756
1743382856.850832
1743382856.882848
1743382856.914974
1743382856.947103
1743382856.994646
1743382857.026900
1743382857.058851
1743382857.090440
1743382857.122482
1743382857.154714
1743382857.186541
1743382857.219080
1743382857.250817
1743382857.283130
1743382857.315071
1743382857.346858
1743382857.379060
1743382857.410938
1743382857.442920
1743382857.474613
1743382857.506586
1743382857.538506
1743382857.570598
1743382857.602843
1743382857.634884
1743382857.666952
1743382857.698748
1743382857.730755
1743382857.762876
1743382857.795056
1743382857.826975
1743382857.858928
1743382857.890708
1743382857.922713
1743382857.970339
1743382858.002596
1743382858.034854
1743382858.067054
1743382858.099035
1743382858.130898
1743382858.163034
1743382858.194882
1743382858.227093
1743382858.259129
1743382858.291008
1743382858.322380
1743382858.354888
1743382858.386567
1743382858.418713
1743382858.451032
1743382858.482606
1743382858.514947
1743382858.547115
1743382858.578879
1743382858.610947
1743382858.643048
1743382858.674469
1743382858.706202
1743382858.722295
1743382858.738499
1743382858.770498
1743382858.802239
1743382858.834692
1743382858.867106
1743382858.899240
1743382858.946677
1743382858.978600
1743382859.010935
1743382859.042862
1743382859.074803
1743382859.106788
1743382859.138529
1743382859.170612
1743382859.202710
1743382859.234878
1743382859.267019
1743382859.298692
1743382859.330843
1743382859.363125
1743382859.394692
1743382859.426936
1743382859.458826
1743382859.490604
1743382859.522647
1743382859.554569
1743382859.586902
1743382859.618183
1743382859.650735
1743382859.682973
1743382859.714936
1743382859.746863
1743382859.778729
1743382859.810725
1743382859.843125
1743382859.875147
1743382859.922290
1743382859.954418
1743382859.986489
1743382860.003039
1743382860.034731
1743382860.066966
1743382860.098907
1743382860.130802
1743382860.162871
1743382860.194980
1743382860.242694
1743382860.274379
1743382860.306150
1743382860.338288
1743382860.370239
1743382860.386403
1743382860.418559
1743382860.450701
1743382860.483150
1743382860.515072
1743382860.562722
1743382860.594665
1743382860.626922
1743382860.658555
1743382860.690393
1743382860.722295
1743382860.754382
1743382860.786414
1743382860.818828
1743382860.850689
1743382860.898694
1743382860.930573
1743382860.962704
1743382860.994690
1743382861.026944
1743382861.058772
1743382861.090498
1743382861.122575
1743382861.154503
1743382861.186614
1743382861.218902
1743382861.250488
1743382861.282769
1743382861.314744
1743382861.346775
1743382861.378969
1743382861.410723
1743382861.442865
1743382861.474576
1743382861.506501
1743382861.538847
1743382861.570304
1743382861.602549
1743382861.634509
1743382861.666555
1743382861.698975
1743382861.730722
1743382861.762784
1743382861.794973
1743382861.826776
1743382861.874355
1743382861.906241
1743382861.938220
1743382861.970241
1743382862.002491
1743382862.034640
1743382862.066872
1743382862.098828
1743382862.130528
1743382862.162791
1743382862.194858
1743382862.226823
1743382862.258285
1743382862.290389
1743382862.322321
1743382862.354344
1743382862.386364
1743382862.418503
1743382862.450640
1743382862.483031
1743382862.514583
1743382862.546831
1743382862.578661
1743382862.610625
1743382862.642528
1743382862.674384
1743382862.706203
1743382862.722248
1743382862.754508
1743382862.786461
1743382862.818760
1743382862.850777
1743382862.882724
1743382862.914725
1743382862.946739
1743382862.978923
1743382863.010708
1743382863.042967
1743382863.074528
1743382863.106255
1743382863.138410
1743382863.170822
1743382863.202404
1743382863.234469
1743382863.266753
1743382863.298618
1743382863.330842
1743382863.362614
1743382863.393390
1743382863.410208
1743382863.426273
1743382863.442252
1743382863.490197
1743382863.522059
1743382863.538026
1743382863.554159
1743382863.586385
1743382863.618628
1743382863.650577
1743382863.682816
1743382863.714563
1743382863.746932
1743382863.778853
1743382863.826714
1743382863.858460
1743382863.890211
1743382863.922401
1743382863.954457
1743382863.986262
1743382864.018644
1743382864.050571
1743382864.082859
1743382864.114456
1743382864.146836
1743382864.178404
1743382864.210717
1743382864.241862
1743382864.258141
1743382864.274152
1743382864.290066
1743382864.306059
1743382864.322110
1743382864.338272
1743382864.354089
1743382864.370289
1743382864.386391
1743382864.402364
1743382864.418166
1743382864.434262
1743382864.467068
1743382864.498759
1743382864.530437
1743382864.562153
1743382864.577706
1743382864.593936
1743382864.610136
1743382864.626083
1743382864.642065
1743382864.658153
1743382864.674088
1743382864.690040
1743382864.706177
1743382864.722093
1743382864.738361
1743382864.754429
1743382864.770309
1743382864.802543
1743382864.834301
1743382864.866758
1743382864.898477
1743382864.930582
1743382864.962525
1743382864.994704
1743382865.026852
1743382865.058155
1743382865.074222
1743382865.090139
1743382865.122668
1743382865.154386
1743382865.169974
1743382865.186052
1743382865.202122
1743382865.217959
1743382865.233966
1743382865.249956
1743382865.266039
1743382865.282094
1743382865.298114
1743382865.314148
1743382865.330175
1743382865.346160
1743382865.362203
1743382865.378250
1743382865.394369
1743382865.410316
1743382865.442633
1743382865.474065
1743382865.489892
1743382865.505945
1743382865.521956
1743382865.538096
1743382865.554000
1743382865.570153
1743382865.586233
1743382865.602036
1743382865.618150
1743382865.634134
1743382865.650076
1743382865.666226
1743382865.682212
1743382865.698271
1743382865.714202
1743382865.730221
1743382865.746280
1743382865.778965
1743382865.810422
1743382865.842509
1743382865.874287
1743382865.889840
1743382865.905891
1743382865.922171
1743382865.938125
1743382865.954018
1743382865.970207
1743382865.986177
1743382866.002227
1743382866.018110
1743382866.034169
1743382866.050209
1743382866.066218
1743382866.098769
1743382866.130538
1743382866.162125
1743382866.177798
1743382866.193914
1743382866.209927
1743382866.225899
1743382866.241991
1743382866.257997
1743382866.273989
1743382866.290144
1743382866.306168
1743382866.322331
1743382866.338358
1743382866.354097
1743382866.370243
1743382866.386298
1743382866.418821
1743382866.450458
1743382866.482382
1743382866.514160
1743382866.546584
1743382866.578572
1743382866.610571
1743382866.642548
1743382866.658059
1743382866.674212
1743382866.690146
1743382866.706168
1743382866.722269
1743382866.754620
1743382866.786122
1743382866.801668
1743382866.817871
1743382866.833900
1743382866.849866
1743382866.865900
1743382866.882027
1743382866.898011
1743382866.913998
1743382866.930005
1743382866.946087
1743382866.962057
1743382866.978099
1743382866.994143
1743382867.010148
1743382867.026130
1743382867.042183
1743382867.074207
1743382867.089795
1743382867.105861
1743382867.121936
1743382867.137938
1743382867.154208
1743382867.170055
1743382867.186075
1743382867.202141
1743382867.217953
1743382867.233910
1743382867.249941
1743382867.266050
1743382867.282018
1743382867.298159
1743382867.314070
1743382867.330186
1743382867.346197
1743382867.362118
1743382867.394753
1743382867.425805
1743382867.441758
1743382867.457867
1743382867.473879
1743382867.489857
1743382867.505976
1743382867.521951
1743382867.538002
1743382867.553923
1743382867.570051
1743382867.586047
1743382867.602147
1743382867.617982
1743382867.634096
1743382867.650034
1743382867.666117
1743382867.682073
1743382867.698164
1743382867.730832
1743382867.762357
1743382867.793767
1743382867.809773
1743382867.825916
1743382867.841830
1743382867.857846
1743382867.873947
1743382867.890021
1743382867.905957
1743382867.922118
1743382867.938058
1743382867.953940
1743382867.970099
1743382867.986142
1743382868.002417
1743382868.018022
1743382868.050616
1743382868.081768
1743382868.097641
1743382868.113789
1743382868.129872
1743382868.145881
1743382868.161953
1743382868.177903
1743382868.193889
1743382868.210053
1743382868.225770
1743382868.241916
1743382868.257980
1743382868.274094
1743382868.290049
1743382868.306004
1743382868.322018
1743382868.338275
1743382868.370636
1743382868.402234
1743382868.417766
1743382868.433900
1743382868.449866
1743382868.465933
1743382868.481878
1743382868.498043
1743382868.513962
1743382868.530052
1743382868.545890
1743382868.562008
1743382868.578043
1743382868.593938
1743382868.609984
1743382868.626149
1743382868.642080
1743382868.658022
1743382868.674101
1743382868.705837
1743382868.721824
1743382868.737928
1743382868.753925
1743382868.769881
1743382868.785978
1743382868.801943
1743382868.817906
1743382868.833857
1743382868.849880
1743382868.865898
1743382868.881963
1743382868.898031
1743382868.914077
1743382868.930095
1743382868.946019
1743382868.962004
1743382868.977992
1743382868.994031
1743382869.026568
1743382869.057696
1743382869.073750
1743382869.089838
1743382869.105802
1743382869.121901
1743382869.138069
1743382869.153924
1743382869.169863
1743382869.185951
1743382869.201972
1743382869.217841
1743382869.233794
1743382869.249949
1743382869.266086
1743382869.282004
1743382869.298060
1743382869.314139
1743382869.346884
1743382869.378416
1743382869.410203
1743382869.441638
1743382869.457778
1743382869.473890
1743382869.489886
1743382869.505894
1743382869.521950
1743382869.538129
1743382869.553919
1743382869.570055
1743382869.585946
1743382869.602274
1743382869.617907
1743382869.634024
1743382869.650008
1743382869.682945
1743382869.714374
1743382869.746104
1743382869.778304
1743382869.810095
1743382869.825931
1743382869.841917
1743382869.857841
1743382869.873957
1743382869.889883
1743382869.905937
1743382869.921994
1743382869.938048
1743382869.953939
1743382869.970253
1743382870.002662
1743382870.034314
1743382870.066149
1743382870.098230
1743382870.113664
1743382870.129745
1743382870.145773
1743382870.161834
1743382870.177833
1743382870.193800
1743382870.209965
1743382870.225704
1743382870.241938
1743382870.257878
1743382870.273979
1743382870.289992
1743382870.322418
1743382870.353872
1743382870.369713
1743382870.385868
1743382870.401875
1743382870.417769
1743382870.433730
1743382870.449790
1743382870.465860
1743382870.481904
1743382870.497918
1743382870.513862
1743382870.529834
1743382870.545895
1743382870.561916
1743382870.577983
1743382870.593989
1743382870.609973
1743382870.626087
1743382870.658246
1743382870.689751
1743382870.705723
1743382870.721698
1743382870.737997
1743382870.753777
1743382870.769813
1743382870.785853
1743382870.801852
1743382870.817831
1743382870.833759
1743382870.849877
1743382870.865852
1743382870.881855
1743382870.897969
1743382870.913937
1743382870.930043
1743382870.946173
1743382870.978934
1743382871.010251
1743382871.042172
1743382871.057674
1743382871.073742
1743382871.089973
1743382871.105870
1743382871.121821
1743382871.137977
1743382871.153822
1743382871.169902
1743382871.185881
1743382871.201906
1743382871.217857
1743382871.233916
1743382871.249878
1743382871.266007
1743382871.298586
1743382871.330281
1743382871.362294
1743382871.394151
1743382871.426357
1743382871.458040
1743382871.473742
1743382871.489825
1743382871.505863
1743382871.521911
1743382871.537921
1743382871.553890
1743382871.569961
1743382871.585897
1743382871.602058
1743382871.634538
1743382871.666033
1743382871.698016
1743382871.730218
1743382871.762281
1743382871.794255
1743382871.826206
1743382871.841673
1743382871.857786
1743382871.873891
1743382871.889897
1743382871.905867
1743382871.921959
1743382871.954517
1743382871.985746
1743382872.001460
1743382872.017607
1743382872.033668
1743382872.049629
1743382872.065705
1743382872.081776
1743382872.097866
1743382872.113798
1743382872.129690
1743382872.145802
1743382872.161806
1743382872.177766
1743382872.193825
1743382872.209824
1743382872.225901
1743382872.241879
1743382872.274224
1743382872.305942
1743382872.321579
1743382872.337745
1743382872.353691
1743382872.369679
1743382872.385794
1743382872.401628
1743382872.417638
1743382872.433658
1743382872.449612
1743382872.465723
1743382872.481735
1743382872.497833
1743382872.513765
1743382872.530070
1743382872.545847
1743382872.561878
1743382872.578015
1743382872.610711
1743382872.642081
1743382872.657607
1743382872.673804
1743382872.689619
1743382872.705584
1743382872.721660
1743382872.737714
1743382872.753648
1743382872.769781
1743382872.785765
1743382872.801975
1743382872.817644
1743382872.833663
1743382872.849829
1743382872.865893
1743382872.881906
1743382872.897914
1743382872.930484
1743382872.962264
1743382872.994073
1743382873.026092
1743382873.041774
1743382873.057687
1743382873.074064
1743382873.105846
1743382873.121782
1743382873.154705
1743382873.186097
1743382873.201713
1743382873.217578
1743382873.250669
1743382873.282163
1743382873.314159
1743382873.346353
1743382873.378450
1743382873.410226
1743382873.442520
1743382873.473925
1743382873.489885
1743382873.505893
1743382873.522046
1743382873.538180
1743382873.553975
1743382873.586565
1743382873.617929
1743382873.650073
1743382873.665620
1743382873.681636
1743382873.697762
1743382873.713956
1743382873.729767
1743382873.745792
1743382873.761880
1743382873.777848
1743382873.793755
1743382873.809838
1743382873.825788
1743382873.841902
1743382873.857990
1743382873.873922
1743382873.906566
1743382873.938088
1743382873.953685
1743382873.969724
1743382873.985728
1743382874.001697
1743382874.017678
1743382874.033712
1743382874.049721
1743382874.065821
1743382874.081712
1743382874.097765
1743382874.113773
1743382874.129858
1743382874.145816
1743382874.161798
1743382874.177955
1743382874.193939
