1743381507.930772
1743381508.011334
1743381508.042740
1743381508.074478
1743381508.106862
1743381508.138929
1743381508.170757
1743381508.202073
1743381508.234296
1743381508.251298
1743381508.283024
1743381508.314898
1743381508.346229
1743381508.362884
1743381508.379232
1743381508.411115
1743381508.443058
1743381508.475502
1743381508.507092
1743381508.538719
1743381508.571056
1743381508.602928
1743381508.635289
1743381508.667113
1743381508.699310
1743381508.731802
1743381508.764507
1743381508.796222
1743381508.828710
1743381508.860716
1743381508.893034
1743381508.924647
1743381508.956719
1743381508.988661
1743381509.020313
1743381509.052106
1743381509.084209
1743381509.116614
1743381509.148282
1743381509.180464
1743381509.213058
1743381509.244743
1743381509.274788
1743381509.306714
1743381509.322574
1743381509.339470
1743381509.371773
1743381509.403017
1743381509.418959
1743381509.451317
1743381509.482651
1743381509.498614
1743381509.514776
1743381509.547102
1743381509.579282
1743381509.610572
1743381509.626569
1743381509.642993
1743381509.658709
1743381509.674849
1743381509.690894
1743381509.707042
1743381509.722917
1743381509.738953
1743381509.771636
1743381509.803167
1743381509.818694
1743381509.835035
1743381509.850766
1743381509.866907
1743381509.882821
1743381509.898941
1743381509.931168
1743381509.946682
1743381509.962713
1743381509.978891
1743381509.994891
1743381510.010872
1743381510.026824
1743381510.042852
1743381510.058924
1743381510.091590
1743381510.123013
1743381510.138760
1743381510.154703
1743381510.170623
1743381510.186699
1743381510.202588
1743381510.218572
1743381510.234927
1743381510.250820
1743381510.266839
1743381510.282808
1743381510.299112
1743381510.314973
1743381510.330833
1743381510.363414
1743381510.395599
1743381510.427318
1743381510.458709
1743381510.474590
1743381510.490685
1743381510.506596
1743381510.522676
1743381510.538668
1743381510.554683
1743381510.570725
1743381510.586836
1743381510.602784
1743381510.618710
1743381510.634923
1743381510.651034
1743381510.667002
1743381510.682885
1743381510.699131
1743381510.715026
1743381510.747135
1743381510.778930
1743381510.811319
1743381510.843030
1743381510.874942
1743381510.906916
1743381510.922365
1743381510.938666
1743381510.954767
1743381510.970781
1743381510.986776
1743381511.002728
1743381511.018953
1743381511.034896
1743381511.067196
1743381511.098771
1743381511.114411
1743381511.130581
1743381511.146507
1743381511.162759
1743381511.178777
1743381511.211284
1743381511.243100
1743381511.275178
1743381511.306926
1743381511.322578
1743381511.338955
1743381511.354901
1743381511.370889
1743381511.403222
1743381511.434593
1743381511.450561
1743381511.466865
1743381511.482668
1743381511.498905
1743381511.514818
1743381511.530580
1743381511.546573
1743381511.562623
1743381511.578692
1743381511.594894
1743381511.610765
1743381511.626757
1743381511.642799
1743381511.658813
1743381511.674815
1743381511.691080
1743381511.723194
1743381511.755132
1743381511.786925
1743381511.802677
1743381511.818646
1743381511.834847
1743381511.850793
1743381511.866853
1743381511.882752
1743381511.898869
1743381511.914927
1743381511.930800
1743381511.947214
1743381511.979394
1743381512.011369
1743381512.043324
1743381512.074950
1743381512.107040
1743381512.139423
1743381512.171204
1743381512.186846
1743381512.202980
1743381512.234991
1743381512.250816
1743381512.266809
1743381512.282964
1743381512.298954
1743381512.315026
1743381512.330785
1743381512.346985
1743381512.379053
1743381512.394477
1743381512.410900
1743381512.442256
1743381512.457724
1743381512.474185
1743381512.490348
1743381512.506700
1743381512.523104
1743381512.555058
1743381512.570759
1743381512.586676
1743381512.602953
1743381512.618897
1743381512.634866
1743381512.651038
1743381512.666923
1743381512.699347
1743381512.731199
1743381512.763156
1743381512.795216
1743381512.827037
1743381512.859056
1743381512.891357
1743381512.923243
1743381512.955533
1743381512.987553
1743381513.019333
1743381513.050750
1743381513.066515
1743381513.082658
1743381513.098792
1743381513.114704
1743381513.130684
1743381513.146819
1743381513.162628
1743381513.178673
1743381513.194605
1743381513.210605
1743381513.226656
1743381513.242840
1743381513.258987
1743381513.274744
1743381513.290981
1743381513.307094
1743381513.322914
1743381513.355414
1743381513.386514
1743381513.402531
1743381513.418890
1743381513.434782
1743381513.450690
1743381513.466722
1743381513.482803
1743381513.499130
1743381513.514950
1743381513.530534
1743381513.546808
1743381513.562936
1743381513.578818
1743381513.594706
1743381513.611001
1743381513.626959
1743381513.642999
1743381513.675435
1743381513.707487
1743381513.739114
1743381513.754764
1743381513.770551
1743381513.786715
1743381513.802600
1743381513.818784
1743381513.834676
1743381513.850918
1743381513.866803
1743381513.882817
1743381513.899022
1743381513.914721
1743381513.930690
1743381513.946768
1743381513.962758
1743381513.995409
1743381514.027202
1743381514.059032
1743381514.091090
1743381514.123303
1743381514.155388
1743381514.187106
1743381514.218757
1743381514.235080
1743381514.250913
1743381514.266883
1743381514.283050
1743381514.298951
1743381514.331478
1743381514.362977
1743381514.394947
1743381514.427345
1743381514.459011
1743381514.490511
1743381514.506689
1743381514.522794
1743381514.538483
1743381514.554669
1743381514.570751
1743381514.586976
1743381514.602903
1743381514.618962
1743381514.651339
1743381514.682811
1743381514.698509
1743381514.714663
1743381514.730658
1743381514.746507
1743381514.762663
1743381514.778723
1743381514.811266
1743381514.843060
1743381514.875158
1743381514.907193
1743381514.939145
1743381514.971103
1743381515.002623
1743381515.018559
1743381515.034771
1743381515.050795
1743381515.082901
1743381515.114983
1743381515.146946
1743381515.162394
1743381515.178663
1743381515.194659
1743381515.210719
1743381515.226751
1743381515.242936
1743381515.258810
1743381515.274729
1743381515.307382
1743381515.339350
1743381515.354846
1743381515.370719
1743381515.386665
1743381515.402539
1743381515.418665
1743381515.434491
1743381515.450687
1743381515.466673
1743381515.482694
1743381515.498729
1743381515.514760
1743381515.530642
1743381515.546664
1743381515.562604
1743381515.578709
1743381515.594643
1743381515.627257
1743381515.658997
1743381515.674409
1743381515.690490
1743381515.706597
1743381515.722594
1743381515.738499
1743381515.754750
1743381515.770469
1743381515.786598
1743381515.802653
1743381515.818558
1743381515.834751
1743381515.850833
1743381515.883102
1743381515.898763
1743381515.915176
1743381515.947367
1743381515.978959
1743381516.010950
1743381516.043059
1743381516.074927
1743381516.107056
1743381516.139202
1743381516.170537
1743381516.186551
1743381516.202658
1743381516.218711
1743381516.235052
1743381516.282545
1743381516.298528
1743381516.314496
1743381516.330481
1743381516.346317
1743381516.362472
1743381516.378588
1743381516.394441
1743381516.410635
1743381516.426560
1743381516.442689
1743381516.458242
1743381516.474563
1743381516.490472
1743381516.506927
1743381516.522581
1743381516.538853
1743381516.554736
1743381516.570872
1743381516.603364
1743381516.634638
1743381516.650448
1743381516.666446
1743381516.682596
1743381516.698720
1743381516.730857
1743381516.762984
1743381516.794957
1743381516.827475
1743381516.859302
1743381516.891355
1743381516.923086
1743381516.955147
1743381516.986484
1743381517.002550
1743381517.018825
1743381517.034620
1743381517.050521
1743381517.066795
1743381517.082539
1743381517.098576
1743381517.114864
1743381517.147046
1743381517.179156
1743381517.210894
1743381517.258922
1743381517.291018
1743381517.322994
1743381517.355148
1743381517.386638
1743381517.402437
1743381517.418661
1743381517.434457
1743381517.450571
1743381517.466790
1743381517.482946
1743381517.498768
1743381517.514753
1743381517.530528
1743381517.546844
1743381517.579334
1743381517.610734
1743381517.642850
1743381517.674995
1743381517.707050
1743381517.738986
1743381517.754460
1743381517.770651
1743381517.786461
1743381517.802596
1743381517.818792
1743381517.834740
1743381517.850675
1743381517.866687
1743381517.899228
1743381517.930931
1743381517.962643
1743381517.994851
1743381518.026775
1743381518.058959
1743381518.091081
1743381518.123168
1743381518.155181
1743381518.186752
1743381518.234489
1743381518.266267
1743381518.298589
1743381518.330655
1743381518.362979
1743381518.394952
1743381518.426271
1743381518.459095
1743381518.491169
1743381518.523012
1743381518.555054
1743381518.586554
1743381518.618423
1743381518.650409
1743381518.666441
1743381518.682470
1743381518.714887
1743381518.746691
1743381518.779146
1743381518.810976
1743381518.843061
1743381518.875120
1743381518.906592
1743381518.938798
1743381518.971249
1743381519.002559
1743381519.034407
1743381519.066553
1743381519.098862
1743381519.131626
1743381519.163064
1743381519.210789
1743381519.242791
1743381519.275045
1743381519.306741
1743381519.339091
1743381519.370937
1743381519.402615
1743381519.418668
1743381519.450675
1743381519.482835
1743381519.530281
1743381519.562925
1743381519.594796
1743381519.627303
1743381519.658917
1743381519.691035
1743381519.722952
1743381519.755355
1743381519.787015
1743381519.818623
1743381519.851100
1743381519.882445
1743381519.914737
1743381519.946690
1743381519.978868
1743381520.011157
1743381520.042962
1743381520.074813
1743381520.106970
1743381520.139031
1743381520.186669
1743381520.218348
1743381520.250353
1743381520.282433
1743381520.314498
1743381520.346497
1743381520.378922
1743381520.410781
1743381520.443063
1743381520.475259
1743381520.506983
1743381520.538674
1743381520.570750
1743381520.602311
1743381520.634376
1743381520.666634
1743381520.698583
1743381520.730734
1743381520.762900
1743381520.795074
1743381520.826456
1743381520.858914
1743381520.890957
1743381520.922896
1743381520.954801
1743381520.986477
1743381521.018458
1743381521.050783
1743381521.082958
1743381521.114769
1743381521.162504
1743381521.194665
1743381521.226682
1743381521.258657
1743381521.290801
1743381521.323030
1743381521.355093
1743381521.386971
1743381521.418653
1743381521.450646
1743381521.483137
1743381521.514635
1743381521.546585
1743381521.578700
1743381521.611051
1743381521.642790
1743381521.675026
1743381521.707019
1743381521.739074
1743381521.770842
1743381521.802658
1743381521.834709
1743381521.866534
1743381521.898522
1743381521.930473
1743381521.962640
1743381521.994817
1743381522.026782
1743381522.058914
1743381522.090836
1743381522.138629
1743381522.170183
1743381522.186120
1743381522.202141
1743381522.218317
1743381522.250648
1743381522.282493
1743381522.314389
1743381522.346857
1743381522.378529
1743381522.410938
1743381522.458526
1743381522.490778
1743381522.522625
1743381522.554829
1743381522.586603
1743381522.618257
1743381522.650587
1743381522.682387
1743381522.698560
1743381522.714537
1743381522.746878
1743381522.779060
1743381522.810744
1743381522.842546
1743381522.874844
1743381522.906766
1743381522.938854
1743381522.970649
1743381523.002489
1743381523.034620
1743381523.066585
1743381523.114345
1743381523.146426
1743381523.178776
1743381523.210934
1743381523.242852
1743381523.274862
1743381523.306673
1743381523.338922
1743381523.370976
1743381523.402561
1743381523.434633
1743381523.466175
1743381523.498272
1743381523.530652
1743381523.562748
1743381523.594703
1743381523.626733
1743381523.658991
1743381523.690987
1743381523.723069
1743381523.755104
1743381523.787017
1743381523.818215
1743381523.850204
1743381523.882309
1743381523.914526
1743381523.946630
1743381523.978843
1743381524.010777
1743381524.042895
1743381524.090739
1743381524.122663
1743381524.154743
1743381524.186613
1743381524.218337
1743381524.234345
1743381524.266180
1743381524.282597
1743381524.314824
1743381524.347065
1743381524.378988
1743381524.410827
1743381524.442708
1743381524.474772
1743381524.506665
1743381524.538986
1743381524.570754
1743381524.602515
1743381524.634500
1743381524.666489
1743381524.698452
1743381524.730791
1743381524.762618
1743381524.794709
1743381524.826783
1743381524.858905
1743381524.890623
1743381524.922611
1743381524.954705
1743381524.986876
1743381525.018083
1743381525.034386
1743381525.066636
1743381525.098257
1743381525.130472
1743381525.163042
1743381525.194663
1743381525.226583
1743381525.258832
1743381525.290730
1743381525.322866
1743381525.354664
1743381525.386776
1743381525.418141
1743381525.450111
1743381525.466077
1743381525.482212
1743381525.514580
1743381525.546686
1743381525.578766
1743381525.610822
1743381525.642683
1743381525.675079
1743381525.706692
1743381525.738827
1743381525.770583
1743381525.801908
1743381525.818156
1743381525.850306
1743381525.882437
1743381525.914447
1743381525.946569
1743381525.978729
1743381526.010654
1743381526.042800
1743381526.074524
1743381526.106616
1743381526.138458
1743381526.170601
1743381526.202420
1743381526.234671
1743381526.266515
1743381526.298314
1743381526.330813
1743381526.362474
1743381526.394441
1743381526.426503
1743381526.458766
1743381526.490448
1743381526.522749
1743381526.554613
1743381526.586417
1743381526.618525
1743381526.650603
1743381526.682655
1743381526.714136
1743381526.746284
1743381526.778558
1743381526.810697
1743381526.842630
1743381526.874471
1743381526.906505
1743381526.938722
1743381526.970627
1743381527.017917
1743381527.050308
1743381527.082051
1743381527.098319
1743381527.130518
1743381527.162534
1743381527.194579
1743381527.226680
1743381527.258598
1743381527.290715
1743381527.338473
1743381527.370521
1743381527.402015
1743381527.434146
1743381527.465987
1743381527.482139
1743381527.498215
1743381527.530594
1743381527.562359
1743381527.594464
1743381527.626671
1743381527.658590
1743381527.690460
1743381527.722425
1743381527.754583
1743381527.786347
1743381527.818117
1743381527.850273
1743381527.882339
1743381527.914547
1743381527.946818
1743381527.994464
1743381528.026467
1743381528.058147
1743381528.090175
1743381528.122675
1743381528.154723
1743381528.186497
1743381528.218287
1743381528.250248
1743381528.282478
1743381528.314732
1743381528.346173
1743381528.378329
1743381528.410471
1743381528.442680
1743381528.474728
1743381528.506298
1743381528.538808
1743381528.570740
1743381528.602389
1743381528.634693
1743381528.666051
1743381528.698031
1743381528.729781
1743381528.762386
1743381528.794777
1743381528.826405
1743381528.858439
1743381528.890435
1743381528.922655
1743381528.970503
1743381529.002008
1743381529.033636
1743381529.050049
1743381529.082237
1743381529.114346
1743381529.146234
1743381529.178492
1743381529.210592
1743381529.242607
1743381529.290437
1743381529.322330
1743381529.354413
1743381529.386190
1743381529.418145
1743381529.450122
1743381529.482129
1743381529.514475
1743381529.546672
1743381529.578713
1743381529.610520
1743381529.642253
1743381529.674663
1743381529.706437
1743381529.738483
1743381529.770412
1743381529.802192
1743381529.834221
1743381529.866187
1743381529.898353
1743381529.946193
1743381529.978402
1743381530.010777
1743381530.042480
1743381530.074509
1743381530.106579
1743381530.138473
1743381530.170605
1743381530.201905
1743381530.218043
1743381530.234224
1743381530.266491
1743381530.297926
1743381530.330268
1743381530.362651
1743381530.394656
1743381530.426444
1743381530.458445
1743381530.490642
1743381530.522612
1743381530.554745
1743381530.586713
1743381530.618257
1743381530.650078
1743381530.682135
1743381530.714145
1743381530.746298
1743381530.778359
1743381530.810499
1743381530.842594
1743381530.874507
1743381530.922412
1743381530.953708
1743381530.985967
1743381531.018042
1743381531.049915
1743381531.082277
1743381531.114326
1743381531.146525
1743381531.178635
1743381531.210546
1743381531.242752
1743381531.274496
1743381531.306286
1743381531.338429
1743381531.370531
1743381531.401964
1743381531.434235
1743381531.466016
1743381531.498324
1743381531.530271
1743381531.562414
1743381531.594173
1743381531.626637
1743381531.658551
1743381531.690282
1743381531.722481
1743381531.754274
1743381531.786105
1743381531.818376
1743381531.850287
1743381531.897865
1743381531.930284
1743381531.962145
1743381531.994368
1743381532.026232
1743381532.058461
1743381532.090493
1743381532.122297
1743381532.154423
1743381532.186116
1743381532.218198
1743381532.249913
1743381532.281937
1743381532.314020
1743381532.346312
1743381532.378318
1743381532.410274
1743381532.442380
1743381532.474674
1743381532.506468
1743381532.538440
1743381532.570405
1743381532.601760
1743381532.633977
1743381532.666077
1743381532.698189
1743381532.730282
1743381532.762532
1743381532.794482
1743381532.826673
1743381532.874405
1743381532.906068
1743381532.938297
1743381532.970283
1743381533.002120
1743381533.033995
1743381533.066043
1743381533.098169
1743381533.130442
1743381533.162473
1743381533.194376
1743381533.226504
1743381533.258302
1743381533.290245
1743381533.322603
1743381533.354235
1743381533.385899
1743381533.418090
1743381533.450102
1743381533.482156
1743381533.514468
1743381533.545970
1743381533.578252
1743381533.610211
1743381533.642229
1743381533.674495
1743381533.706517
1743381533.738268
1743381533.770354
1743381533.802062
1743381533.849778
1743381533.881833
1743381533.914144
1743381533.946423
1743381533.978371
1743381534.010236
1743381534.042408
1743381534.074591
1743381534.106388
1743381534.138460
1743381534.170332
1743381534.201922
1743381534.233855
1743381534.265923
1743381534.297759
1743381534.329906
1743381534.362298
1743381534.394097
1743381534.426347
1743381534.458454
1743381534.490465
1743381534.522510
1743381534.554358
1743381534.586118
1743381534.617852
1743381534.649988
1743381534.682164
1743381534.714368
1743381534.746276
1743381534.778455
1743381534.826146
1743381534.857756
1743381534.890307
1743381534.922420
1743381534.954209
1743381534.985798
1743381535.017868
1743381535.050037
1743381535.082197
1743381535.114221
1743381535.146335
1743381535.178325
1743381535.210060
1743381535.242398
1743381535.274081
1743381535.306196
1743381535.338194
1743381535.370533
1743381535.402101
1743381535.434116
1743381535.466222
1743381535.497893
1743381535.529939
1743381535.562049
1743381535.594038
1743381535.626238
1743381535.658366
1743381535.690128
1743381535.722210
1743381535.754421
1743381535.802184
1743381535.833686
1743381535.865885
1743381535.897907
1743381535.929909
1743381535.962081
1743381535.994344
1743381536.026353
1743381536.058208
1743381536.090406
1743381536.122349
1743381536.153869
1743381536.185581
1743381536.201525
1743381536.217598
1743381536.249936
1743381536.281791
1743381536.314157
1743381536.346180
1743381536.378218
1743381536.410283
1743381536.442326
1743381536.474218
1743381536.506053
1743381536.538199
1743381536.570346
1743381536.601885
1743381536.633824
1743381536.665890
1743381536.697933
1743381536.730174
1743381536.777774
1743381536.809366
1743381536.842098
1743381536.874090
1743381536.905990
1743381536.938243
1743381536.970298
1743381537.001903
1743381537.033805
1743381537.065943
1743381537.097603
1743381537.130057
1743381537.162000
1743381537.194081
1743381537.225762
1743381537.258103
1743381537.290170
1743381537.322030
1743381537.354270
1743381537.385857
1743381537.418097
1743381537.449660
1743381537.481865
1743381537.513989
1743381537.545965
1743381537.578087
1743381537.610115
1743381537.642122
1743381537.674451
1743381537.706311
1743381537.753998
1743381537.785831
1743381537.817717
1743381537.849864
1743381537.882065
1743381537.913937
1743381537.945976
1743381537.978054
1743381538.010299
1743381538.042189
1743381538.074347
1743381538.106039
1743381538.137686
1743381538.169939
1743381538.201719
1743381538.233590
1743381538.265675
1743381538.297869
1743381538.330090
1743381538.362004
1743381538.394089
1743381538.426074
1743381538.458125
1743381538.490030
1743381538.521819
1743381538.553744
1743381538.585419
1743381538.617808
1743381538.649656
1743381538.665665
1743381538.681835
1743381538.729786
1743381538.761850
1743381538.793992
1743381538.826077
1743381538.857991
1743381538.890223
1743381538.922241
1743381538.954160
1743381538.986278
1743381539.017895
1743381539.050067
1743381539.081513
1743381539.113926
1743381539.145649
1743381539.178183
1743381539.210185
1743381539.241710
1743381539.274176
1743381539.306076
1743381539.338398
1743381539.370357
1743381539.401601
1743381539.433464
1743381539.465464
1743381539.497691
1743381539.530062
1743381539.561766
1743381539.594156
1743381539.626038
1743381539.658318
1743381539.706041
1743381539.738063
1743381539.770224
1743381539.801604
1743381539.833393
1743381539.849638
1743381539.881639
1743381539.913976
1743381539.946330
1743381539.978128
1743381540.026199
1743381540.057606
1743381540.090127
1743381540.122156
1743381540.154035
1743381540.185897
1743381540.217491
1743381540.233458
1743381540.249736
1743381540.281866
1743381540.313437
1743381540.346147
1743381540.377717
1743381540.410026
1743381540.442024
1743381540.474089
1743381540.506225
1743381540.538167
1743381540.570347
1743381540.601869
1743381540.633777
1743381540.681514
1743381540.713600
1743381540.745720
1743381540.778023
1743381540.809922
1743381540.841840
1743381540.874219
1743381540.906033
1743381540.938193
1743381540.970243
1743381541.002035
1743381541.033471
1743381541.065702
1743381541.097684
1743381541.129897
1743381541.161745
1743381541.194268
1743381541.226139
1743381541.258211
1743381541.290288
1743381541.322169
1743381541.353925
1743381541.385607
1743381541.417481
1743381541.449545
1743381541.481456
1743381541.497618
1743381541.513578
1743381541.529855
1743381541.561814
1743381541.594110
1743381541.626148
1743381541.657881
1743381541.690085
1743381541.721819
1743381541.753846
1743381541.785527
1743381541.817499
1743381541.849587
1743381541.881825
1743381541.913846
1743381541.946031
1743381541.978164
1743381542.009937
1743381542.041886
1743381542.073853
1743381542.105928
1743381542.137962
1743381542.169563
1743381542.201742
1743381542.233568
1743381542.249515
1743381542.297295
1743381542.329769
1743381542.361756
1743381542.394059
1743381542.425316
1743381542.457960
1743381542.490020
1743381542.522048
1743381542.554153
1743381542.586043
1743381542.633480
1743381542.665524
1743381542.697563
1743381542.729659
1743381542.761846
1743381542.794138
1743381542.826001
1743381542.857897
1743381542.889987
1743381542.922114
1743381542.953897
1743381542.985204
1743381543.017410
1743381543.049419
1743381543.081583
1743381543.097547
1743381543.129878
1743381543.162045
1743381543.193932
1743381543.225987
1743381543.273468
1743381543.305762
1743381543.338008
1743381543.370083
1743381543.401374
1743381543.433546
1743381543.465660
1743381543.497586
1743381543.530032
1743381543.561944
1743381543.609650
1743381543.641727
1743381543.673681
1743381543.705704
1743381543.737709
1743381543.769801
1743381543.801223
1743381543.817241
1743381543.849581
1743381543.881651
1743381543.897556
1743381543.929975
1743381543.961561
1743381543.994175
1743381544.025634
1743381544.057953
1743381544.089734
1743381544.121801
1743381544.153971
1743381544.185745
1743381544.217763
1743381544.249763
1743381544.281388
1743381544.313698
1743381544.345642
1743381544.377840
1743381544.409953
1743381544.441788
1743381544.473904
1743381544.506076
1743381544.538086
1743381544.585839
1743381544.617350
1743381544.649309
1743381544.681146
1743381544.697524
1743381544.729701
1743381544.761460
1743381544.794030
1743381544.825961
1743381544.858028
1743381544.905551
1743381544.937716
1743381544.969625
1743381545.001293
1743381545.033422
1743381545.065228
1743381545.081204
1743381545.097406
1743381545.129764
1743381545.161544
1743381545.193995
1743381545.225907
1743381545.257579
1743381545.289552
1743381545.321638
1743381545.353837
1743381545.385275
1743381545.417307
1743381545.449332
1743381545.481600
1743381545.513612
1743381545.561535
1743381545.593657
1743381545.625954
1743381545.658140
1743381545.689939
1743381545.721848
1743381545.753907
1743381545.785494
1743381545.817596
1743381545.849682
1743381545.881995
1743381545.913600
1743381545.945619
1743381545.977921
1743381546.009870
1743381546.041876
1743381546.073758
1743381546.105813
1743381546.137831
1743381546.169856
1743381546.201786
1743381546.233374
1743381546.265187
1743381546.297609
1743381546.329358
1743381546.361827
1743381546.394047
1743381546.425862
1743381546.457945
1743381546.489923
1743381546.537546
1743381546.569723
1743381546.601478
1743381546.633351
1743381546.665442
1743381546.697439
1743381546.729732
1743381546.761840
1743381546.793969
1743381546.825871
1743381546.857649
1743381546.889504
1743381546.921613
1743381546.953674
1743381546.984967
1743381547.001029
1743381547.033402
1743381547.065387
1743381547.097433
1743381547.129709
1743381547.177427
1743381547.209529
1743381547.241304
1743381547.273681
1743381547.305521
1743381547.337904
1743381547.369664
1743381547.401394
1743381547.433593
1743381547.465521
1743381547.513653
1743381547.545510
1743381547.577671
1743381547.609601
1743381547.641636
1743381547.673632
1743381547.705547
1743381547.737907
1743381547.769855
1743381547.801553
1743381547.833689
1743381547.865061
1743381547.897434
1743381547.929633
1743381547.961394
1743381547.993879
1743381548.025802
1743381548.057837
1743381548.089889
1743381548.121681
1743381548.153845
1743381548.185342
1743381548.217052
1743381548.233037
1743381548.265192
1743381548.297393
1743381548.329347
1743381548.361559
1743381548.393417
1743381548.425914
1743381548.457938
1743381548.489806
1743381548.521323
1743381548.553820
1743381548.585085
1743381548.617324
1743381548.649252
1743381548.681379
1743381548.713399
1743381548.745564
1743381548.777681
1743381548.809745
1743381548.841567
1743381548.873577
1743381548.905282
1743381548.937630
1743381548.969542
1743381549.001267
1743381549.033207
1743381549.065295
1743381549.081155
1743381549.097295
1743381549.129805
1743381549.161312
1743381549.193585
1743381549.225375
1743381549.257608
1743381549.289653
1743381549.321861
1743381549.354173
1743381549.385986
1743381549.417357
1743381549.465111
1743381549.497142
1743381549.529480
1743381549.561488
1743381549.593587
1743381549.625505
1743381549.657738
1743381549.689831
1743381549.722136
1743381549.753978
1743381549.785994
1743381549.816960
1743381549.833102
1743381549.865176
1743381549.897279
1743381549.929347
1743381549.961501
1743381549.993661
1743381550.025779
1743381550.057761
1743381550.105306
1743381550.137511
1743381550.169424
1743381550.201037
1743381550.217165
1743381550.233115
1743381550.265210
1743381550.297204
1743381550.329379
1743381550.361789
1743381550.393483
1743381550.441291
1743381550.473547
1743381550.505559
1743381550.537492
1743381550.569472
1743381550.601098
1743381550.633302
1743381550.665516
1743381550.697367
1743381550.729759
1743381550.761511
1743381550.793316
1743381550.825644
1743381550.857422
1743381550.889535
1743381550.921438
1743381550.953578
1743381550.985214
1743381551.017158
1743381551.049137
1743381551.081700
1743381551.113255
1743381551.145352
1743381551.177593
1743381551.209270
1743381551.241596
1743381551.273470
1743381551.305633
1743381551.337575
1743381551.368370
1743381551.385037
1743381551.417363
1743381551.449562
1743381551.480975
1743381551.513382
1743381551.545506
1743381551.577730
1743381551.609303
1743381551.641422
1743381551.673779
1743381551.705629
1743381551.737709
1743381551.769291
1743381551.800904
1743381551.832928
1743381551.864804
1743381551.880855
1743381551.897012
1743381551.913171
1743381551.945681
1743381551.977534
1743381552.009771
1743381552.057426
1743381552.089335
1743381552.121434
1743381552.152996
1743381552.185079
1743381552.216865
1743381552.232877
1743381552.249114
1743381552.281196
1743381552.313409
1743381552.345532
1743381552.393427
1743381552.425257
1743381552.457524
1743381552.489495
1743381552.521474
1743381552.553333
1743381552.585194
1743381552.617243
1743381552.649256
1743381552.680791
1743381552.713699
1743381552.745086
1743381552.777372
1743381552.809434
1743381552.841284
1743381552.873543
1743381552.905411
1743381552.937701
1743381552.969048
1743381553.001213
1743381553.033573
1743381553.065003
1743381553.096990
1743381553.129058
1743381553.161197
1743381553.193558
1743381553.225610
1743381553.257721
1743381553.289527
1743381553.321582
1743381553.369207
1743381553.400791
1743381553.433273
1743381553.464944
1743381553.497092
1743381553.529327
1743381553.561424
1743381553.593299
1743381553.625486
1743381553.657678
1743381553.689638
1743381553.721189
1743381553.753484
1743381553.785371
1743381553.817263
1743381553.849020
1743381553.881015
1743381553.913316
1743381553.945332
1743381553.977473
1743381554.009310
1743381554.041192
1743381554.073523
1743381554.105280
1743381554.137116
1743381554.169324
1743381554.201071
1743381554.233088
1743381554.265102
1743381554.297185
1743381554.345291
1743381554.377337
1743381554.409147
1743381554.441261
1743381554.473551
1743381554.505531
1743381554.537210
1743381554.569211
1743381554.601127
1743381554.633137
1743381554.665335
1743381554.696673
1743381554.728997
1743381554.761240
1743381554.793647
1743381554.825595
1743381554.857395
1743381554.889249
1743381554.921837
1743381554.953347
1743381554.985219
1743381555.017090
1743381555.048935
1743381555.080911
1743381555.113241
1743381555.145201
1743381555.177462
1743381555.209289
1743381555.241394
1743381555.273649
1743381555.321347
1743381555.353389
1743381555.385336
1743381555.416892
1743381555.448996
1743381555.480863
1743381555.513199
1743381555.545255
1743381555.577438
1743381555.609471
1743381555.641429
1743381555.673381
1743381555.705464
1743381555.737228
1743381555.769229
1743381555.800701
1743381555.832939
1743381555.865188
1743381555.897027
1743381555.929398
1743381555.961536
1743381555.993125
1743381556.025237
1743381556.057467
1743381556.089200
1743381556.121372
1743381556.153361
1743381556.184942
1743381556.217076
1743381556.249126
1743381556.264942
1743381556.296968
1743381556.328548
1743381556.360563
1743381556.376517
1743381556.392466
1743381556.425244
1743381556.457412
1743381556.489596
1743381556.521381
1743381556.553326
1743381556.585228
1743381556.617213
1743381556.648912
1743381556.680850
1743381556.713099
1743381556.745057
1743381556.777366
1743381556.809227
1743381556.841497
1743381556.873461
1743381556.905440
1743381556.937236
1743381556.969163
1743381557.000793
1743381557.032749
1743381557.064999
1743381557.096843
1743381557.128990
1743381557.161341
1743381557.193588
1743381557.225535
1743381557.273150
1743381557.305139
1743381557.337574
1743381557.369190
1743381557.400953
1743381557.432839
1743381557.465105
1743381557.496980
1743381557.529137
1743381557.561322
1743381557.593494
1743381557.625064
1743381557.657198
1743381557.689100
1743381557.721152
1743381557.753198
1743381557.784780
1743381557.816814
1743381557.848952
1743381557.881108
1743381557.913338
1743381557.944951
1743381557.977160
1743381558.009243
1743381558.040987
1743381558.073168
1743381558.105429
1743381558.137223
1743381558.169214
1743381558.201144
1743381558.248795
1743381558.280587
1743381558.296634
1743381558.312645
1743381558.344961
1743381558.377168
1743381558.409240
1743381558.441207
1743381558.472970
1743381558.505341
1743381558.537405
1743381558.569148
1743381558.600855
1743381558.632585
1743381558.648650
1743381558.680819
1743381558.712877
1743381558.744866
1743381558.777395
1743381558.809131
1743381558.841545
1743381558.888964
1743381558.920971
1743381558.953195
1743381558.984940
1743381559.016903
1743381559.048761
1743381559.081063
1743381559.113186
1743381559.144906
1743381559.177087
1743381559.224936
1743381559.257138
1743381559.289093
1743381559.321323
1743381559.353152
1743381559.385454
1743381559.416988
1743381559.448843
1743381559.481004
1743381559.513130
1743381559.545601
1743381559.576970
1743381559.609150
1743381559.641079
1743381559.673043
1743381559.704825
1743381559.737036
1743381559.769388
1743381559.800951
1743381559.817129
1743381559.864651
1743381559.897018
1743381559.928755
1743381559.961230
1743381559.992959
1743381560.025111
1743381560.057177
1743381560.089021
1743381560.121288
1743381560.153236
1743381560.200556
1743381560.232536
1743381560.264604
1743381560.296745
1743381560.312393
1743381560.328685
1743381560.361116
1743381560.393151
1743381560.425415
1743381560.457170
1743381560.489299
1743381560.521468
1743381560.553027
1743381560.584656
1743381560.616596
1743381560.648584
1743381560.680291
1743381560.696686
1743381560.728964
1743381560.761029
1743381560.793558
1743381560.840982
1743381560.872885
1743381560.904868
1743381560.937217
1743381560.968733
1743381561.000562
1743381561.032694
1743381561.064846
1743381561.097132
1743381561.129166
1743381561.176966
1743381561.209017
1743381561.241030
1743381561.273026
1743381561.305167
1743381561.337112
1743381561.369067
1743381561.400702
1743381561.432569
1743381561.448962
1743381561.496439
1743381561.528880
1743381561.560724
1743381561.592864
1743381561.624917
1743381561.657210
1743381561.689109
1743381561.721033
1743381561.753173
1743381561.785330
1743381561.817147
1743381561.848806
1743381561.880633
1743381561.912736
1743381561.944898
1743381561.977176
1743381562.009162
1743381562.040599
1743381562.073176
1743381562.105326
1743381562.153105
1743381562.185233
1743381562.216709
1743381562.248535
1743381562.280666
1743381562.312900
1743381562.345194
1743381562.377310
1743381562.409043
1743381562.440998
1743381562.473340
1743381562.504801
1743381562.537049
1743381562.569115
1743381562.600581
1743381562.632722
1743381562.664581
1743381562.696624
1743381562.728709
1743381562.760975
1743381562.793442
1743381562.824713
1743381562.856927
1743381562.889081
1743381562.921228
1743381562.953086
1743381562.984620
1743381563.016635
1743381563.048623
1743381563.080814
1743381563.128806
1743381563.161122
1743381563.192877
1743381563.225338
1743381563.257206
1743381563.289078
1743381563.321100
1743381563.352949
1743381563.384696
1743381563.416808
1743381563.449045
1743381563.480635
1743381563.512837
1743381563.544908
1743381563.577202
1743381563.608897
1743381563.640936
1743381563.673025
1743381563.704866
1743381563.736973
1743381563.768797
1743381563.800144
1743381563.832370
1743381563.864713
1743381563.896637
1743381563.928693
1743381563.961066
1743381563.993426
1743381564.025112
1743381564.057078
1743381564.104840
1743381564.137014
1743381564.168746
1743381564.200617
1743381564.232755
1743381564.264748
1743381564.296784
1743381564.328874
1743381564.360677
1743381564.393100
1743381564.425234
1743381564.456702
1743381564.488315
1743381564.520714
1743381564.553089
1743381564.585227
1743381564.616817
1743381564.648835
1743381564.680567
1743381564.712590
1743381564.744634
1743381564.777022
1743381564.808825
1743381564.840822
1743381564.872908
1743381564.904853
1743381564.936771
1743381564.968732
1743381565.000693
1743381565.032641
1743381565.048836
1743381565.080836
1743381565.112574
1743381565.144905
1743381565.176818
1743381565.208865
1743381565.240874
1743381565.272988
1743381565.304922
1743381565.337094
1743381565.368940
1743381565.401252
1743381565.432535
1743381565.464530
1743381565.496644
1743381565.528615
1743381565.560797
1743381565.593056
1743381565.625178
1743381565.657278
1743381565.689153
1743381565.721268
1743381565.752679
1743381565.784738
1743381565.816504
1743381565.848371
1743381565.880540
1743381565.912627
1743381565.944798
1743381565.977070
1743381566.009288
1743381566.056770
1743381566.088891
1743381566.120975
1743381566.152758
1743381566.184654
1743381566.216576
1743381566.248517
1743381566.280708
1743381566.312646
1743381566.345026
1743381566.377101
1743381566.408796
1743381566.440682
1743381566.472852
1743381566.504651
1743381566.536889
1743381566.568962
1743381566.600739
1743381566.632825
1743381566.664611
1743381566.696850
1743381566.728490
1743381566.760610
1743381566.792982
1743381566.824887
1743381566.856915
1743381566.888823
1743381566.921002
1743381566.953120
1743381566.985123
1743381567.032263
1743381567.064173
1743381567.096439
1743381567.128515
1743381567.160618
1743381567.192936
1743381567.225005
1743381567.256847
1743381567.288691
1743381567.320941
1743381567.352989
1743381567.384303
1743381567.416114
1743381567.448190
1743381567.480480
1743381567.512700
1743381567.544672
1743381567.576955
1743381567.608842
1743381567.641059
1743381567.672992
1743381567.704682
1743381567.736629
1743381567.768751
1743381567.800506
1743381567.832512
1743381567.864596
1743381567.896320
1743381567.928626
1743381567.960929
1743381568.008498
1743381568.040566
1743381568.072689
1743381568.104853
1743381568.136819
1743381568.168807
1743381568.185225
1743381568.216513
1743381568.248531
1743381568.280634
1743381568.328500
1743381568.360349
1743381568.375957
1743381568.408930
1743381568.440703
1743381568.473066
1743381568.504233
1743381568.520264
1743381568.552330
1743381568.584689
1743381568.616554
1743381568.648794
1743381568.680350
1743381568.712606
1743381568.744141
1743381568.776670
1743381568.808692
1743381568.840566
1743381568.872735
1743381568.904685
1743381568.936943
1743381568.984609
1743381569.016300
1743381569.048173
1743381569.080249
1743381569.096200
1743381569.128402
1743381569.160594
1743381569.192920
1743381569.224858
1743381569.256993
1743381569.304600
1743381569.336808
1743381569.368847
1743381569.400254
1743381569.432383
1743381569.464454
1743381569.496509
1743381569.528520
1743381569.560614
1743381569.592967
1743381569.624760
1743381569.656558
1743381569.688597
1743381569.720681
1743381569.752751
1743381569.785115
1743381569.816316
1743381569.848158
1743381569.864343
1743381569.896464
1743381569.928811
1743381569.960607
1743381569.992463
1743381570.024828
1743381570.056574
1743381570.088681
1743381570.120666
1743381570.152440
1743381570.184713
1743381570.216447
1743381570.232590
1743381570.280087
1743381570.312368
1743381570.344465
1743381570.376712
1743381570.408759
1743381570.440530
1743381570.472824
1743381570.504900
1743381570.536988
1743381570.568644
1743381570.600654
1743381570.632114
1743381570.648301
1743381570.680306
1743381570.712387
1743381570.744449
1743381570.776841
1743381570.808569
1743381570.840545
1743381570.872834
1743381570.904960
1743381570.936752
1743381570.968458
1743381571.000134
1743381571.031983
1743381571.064418
1743381571.096233
1743381571.128845
1743381571.160773
1743381571.192665
1743381571.224727
1743381571.256859
1743381571.288352
1743381571.320473
1743381571.352783
1743381571.384802
1743381571.416250
1743381571.448324
1743381571.480345
1743381571.512580
1743381571.544573
1743381571.576794
1743381571.608433
1743381571.640419
1743381571.672551
1743381571.704745
1743381571.736441
1743381571.768588
1743381571.800219
1743381571.832643
1743381571.864290
1743381571.880428
1743381571.912694
1743381571.944428
1743381571.976499
1743381572.008497
1743381572.040518
1743381572.072812
1743381572.104404
1743381572.136685
1743381572.168878
1743381572.199817
1743381572.232255
1743381572.264150
1743381572.296049
1743381572.328409
1743381572.360315
1743381572.392662
1743381572.424688
1743381572.456576
1743381572.488827
1743381572.520725
1743381572.552741
1743381572.584451
1743381572.616203
1743381572.648064
1743381572.680199
1743381572.712378
1743381572.744518
1743381572.776517
1743381572.808548
1743381572.840601
1743381572.888310
1743381572.920526
1743381572.952711
1743381572.984734
1743381573.016006
1743381573.048169
1743381573.080156
1743381573.112441
1743381573.144588
1743381573.176920
1743381573.208902
1743381573.240225
1743381573.272556
1743381573.304375
1743381573.336496
1743381573.368261
1743381573.400051
1743381573.416048
1743381573.432108
1743381573.464361
1743381573.496317
1743381573.528529
1743381573.560239
1743381573.592422
1743381573.624550
1743381573.656465
1743381573.688629
1743381573.720485
1743381573.752704
1743381573.784404
1743381573.816263
1743381573.863925
1743381573.896198
1743381573.928348
1743381573.960286
1743381573.992797
1743381574.024597
1743381574.056598
1743381574.088591
1743381574.120801
1743381574.152617
1743381574.184517
1743381574.216188
1743381574.248020
1743381574.280167
1743381574.312250
1743381574.344293
1743381574.376483
1743381574.407298
1743381574.423470
1743381574.456701
1743381574.504622
1743381574.536495
1743381574.568418
1743381574.600132
1743381574.632114
1743381574.664106
1743381574.696163
1743381574.728251
1743381574.760277
1743381574.792684
1743381574.840149
1743381574.872502
1743381574.904597
1743381574.936434
1743381574.967903
1743381574.984186
1743381575.016300
1743381575.048168
1743381575.080265
1743381575.112248
1743381575.160166
1743381575.192213
1743381575.224235
1743381575.256453
1743381575.288568
1743381575.320332
1743381575.352573
1743381575.384591
1743381575.416275
1743381575.448398
1743381575.480438
1743381575.512003
1743381575.544341
1743381575.576424
1743381575.608232
1743381575.640337
1743381575.672606
1743381575.704290
1743381575.736519
1743381575.768584
1743381575.815851
1743381575.847926
1743381575.880161
1743381575.912107
1743381575.944302
1743381575.976540
1743381576.008322
1743381576.040709
1743381576.072463
1743381576.104833
1743381576.136451
1743381576.168133
1743381576.199987
1743381576.232030
1743381576.248168
1743381576.280044
1743381576.312105
1743381576.344416
1743381576.376571
1743381576.408351
1743381576.456163
1743381576.488466
1743381576.520162
1743381576.552248
1743381576.583909
1743381576.615880
1743381576.631866
1743381576.648041
1743381576.680097
1743381576.711851
1743381576.744464
1743381576.792233
1743381576.824073
1743381576.856407
1743381576.888064
1743381576.920244
1743381576.952599
1743381576.984519
1743381577.015857
1743381577.031893
1743381577.048146
1743381577.080133
1743381577.112572
1743381577.144214
1743381577.176404
1743381577.208378
1743381577.240491
1743381577.272521
1743381577.304225
1743381577.336572
1743381577.368154
1743381577.400008
1743381577.432420
1743381577.463823
1743381577.495925
1743381577.528191
1743381577.560011
1743381577.592531
1743381577.624250
1743381577.656204
1743381577.688531
1743381577.720364
1743381577.767950
1743381577.799845
1743381577.831759
1743381577.863988
1743381577.895831
1743381577.928378
1743381577.960127
1743381577.992497
1743381578.024359
1743381578.056574
1743381578.088347
1743381578.120242
1743381578.152122
1743381578.184203
1743381578.215775
1743381578.232188
1743381578.264161
1743381578.296028
1743381578.328405
1743381578.360495
1743381578.408259
1743381578.440273
1743381578.472376
1743381578.504148
1743381578.536352
1743381578.568500
1743381578.600056
1743381578.631821
1743381578.664003
1743381578.696107
1743381578.743869
1743381578.776279
1743381578.808331
1743381578.840311
1743381578.872585
1743381578.904310
1743381578.936471
1743381578.968335
1743381578.999968
1743381579.032010
1743381579.064517
1743381579.095940
1743381579.128072
1743381579.160125
1743381579.192046
1743381579.224239
1743381579.256312
1743381579.288718
1743381579.320214
1743381579.352723
1743381579.384421
1743381579.415901
1743381579.447724
1743381579.479947
1743381579.512156
1743381579.544172
1743381579.576502
1743381579.608085
1743381579.640303
1743381579.672462
1743381579.720182
1743381579.752486
1743381579.784275
1743381579.816350
1743381579.848057
1743381579.880096
1743381579.912364
1743381579.944360
1743381579.976411
1743381580.008415
1743381580.040369
1743381580.072155
1743381580.104206
1743381580.136345
1743381580.168109
1743381580.199929
1743381580.231970
1743381580.263975
1743381580.296096
1743381580.328099
1743381580.360317
1743381580.392081
1743381580.424097
1743381580.456175
1743381580.488008
1743381580.520049
1743381580.552203
1743381580.583719
1743381580.615851
1743381580.631824
1743381580.648067
1743381580.695708
1743381580.727992
1743381580.760203
1743381580.792244
1743381580.824360
1743381580.856134
1743381580.888405
1743381580.920425
1743381580.952186
1743381580.984399
1743381581.016294
1743381581.047818
1743381581.063853
1743381581.095961
1743381581.127990
1743381581.160116
1743381581.192100
1743381581.224237
1743381581.256376
1743381581.288379
1743381581.335948
1743381581.367998
1743381581.399693
1743381581.415780
1743381581.431792
1743381581.463892
1743381581.495686
1743381581.511817
1743381581.527776
1743381581.560088
1743381581.592657
1743381581.624540
1743381581.672110
1743381581.704015
1743381581.736265
1743381581.768248
1743381581.799795
1743381581.831776
1743381581.863776
1743381581.895995
1743381581.928142
1743381581.960296
1743381581.992313
1743381582.023840
1743381582.056105
1743381582.087960
1743381582.120008
1743381582.152063
1743381582.183864
1743381582.215778
1743381582.247889
1743381582.280018
1743381582.312243
1743381582.343934
1743381582.376015
1743381582.408255
1743381582.439926
1743381582.472204
1743381582.504116
1743381582.536365
1743381582.568332
1743381582.599891
1743381582.647506
1743381582.679750
1743381582.711832
1743381582.744148
1743381582.776097
1743381582.807986
1743381582.840014
1743381582.872029
1743381582.904042
1743381582.936244
1743381582.968126
1743381582.999672
1743381583.031585
1743381583.063740
1743381583.095620
1743381583.127941
1743381583.160249
1743381583.192258
1743381583.224263
1743381583.256185
1743381583.288259
1743381583.319932
1743381583.352097
1743381583.384284
1743381583.415594
1743381583.447620
1743381583.479789
1743381583.512030
1743381583.544112
1743381583.576167
1743381583.623709
1743381583.656221
1743381583.688054
1743381583.720051
1743381583.751951
1743381583.783906
1743381583.815604
1743381583.831677
1743381583.847676
1743381583.879964
1743381583.911806
1743381583.944285
1743381583.975987
1743381584.008026
1743381584.040168
1743381584.072259
1743381584.104159
1743381584.136042
1743381584.168133
1743381584.199770
1743381584.231749
1743381584.264317
1743381584.295480
1743381584.327745
1743381584.359955
1743381584.392230
1743381584.424038
1743381584.455914
1743381584.487849
1743381584.520451
1743381584.552233
1743381584.599989
1743381584.631504
1743381584.663625
1743381584.695403
1743381584.727727
1743381584.759859
1743381584.792234
1743381584.824299
1743381584.856285
1743381584.888498
1743381584.920046
1743381584.951919
1743381584.983601
1743381585.015584
1743381585.031566
1743381585.047627
1743381585.079666
1743381585.111692
1743381585.143997
1743381585.175978
1743381585.208128
1743381585.240233
1743381585.272093
1743381585.303972
1743381585.335799
1743381585.367849
1743381585.399558
1743381585.431796
1743381585.463602
1743381585.495718
1743381585.528090
1743381585.575499
1743381585.607748
1743381585.639772
1743381585.672329
1743381585.703897
1743381585.735948
1743381585.768166
1743381585.799783
1743381585.831837
1743381585.863680
1743381585.896141
1743381585.927635
1743381585.959670
1743381585.991904
1743381586.023852
1743381586.055840
1743381586.087846
1743381586.120064
1743381586.152046
1743381586.184189
1743381586.215862
1743381586.247498
1743381586.279549
1743381586.311831
1743381586.343821
1743381586.375942
1743381586.407857
1743381586.440517
1743381586.472031
1743381586.504228
1743381586.551708
1743381586.583697
1743381586.615432
1743381586.647183
1743381586.679513
1743381586.711840
1743381586.743882
1743381586.775938
1743381586.807899
1743381586.839881
1743381586.871937
1743381586.904094
1743381586.935941
1743381586.967980
1743381586.999674
1743381587.031582
1743381587.063557
1743381587.095690
1743381587.128002
1743381587.160148
1743381587.191916
1743381587.224219
1743381587.255557
1743381587.287899
1743381587.320062
1743381587.352038
1743381587.383992
1743381587.415789
1743381587.447654
1743381587.479741
1743381587.527445
1743381587.559404
1743381587.591622
1743381587.623902
1743381587.655776
1743381587.687763
1743381587.719972
1743381587.752165
1743381587.784209
1743381587.815636
1743381587.848007
1743381587.879426
1743381587.911539
1743381587.943635
1743381587.975932
1743381588.007857
1743381588.039814
1743381588.071970
1743381588.104035
1743381588.135974
1743381588.167847
1743381588.199466
1743381588.231479
1743381588.247500
1743381588.279410
1743381588.311760
1743381588.343965
1743381588.375941
1743381588.407993
1743381588.440318
1743381588.472157
1743381588.503994
1743381588.535603
1743381588.567719
1743381588.599524
1743381588.631327
1743381588.663399
1743381588.695848
1743381588.727820
1743381588.759977
1743381588.792177
1743381588.823749
1743381588.855831
1743381588.887824
1743381588.919693
1743381588.951750
1743381588.983500
1743381589.015474
1743381589.047562
1743381589.079577
1743381589.111978
1743381589.143846
1743381589.175704
1743381589.207644
1743381589.239698
1743381589.271954
1743381589.303748
1743381589.336062
1743381589.367820
1743381589.399612
1743381589.431656
1743381589.479512
1743381589.511697
1743381589.543525
1743381589.575677
1743381589.607848
1743381589.639859
1743381589.671678
1743381589.703923
1743381589.736128
1743381589.768022
1743381589.799897
1743381589.831355
1743381589.863611
1743381589.895389
1743381589.927395
1743381589.959582
1743381589.992115
1743381590.023775
1743381590.055870
1743381590.087969
1743381590.119993
1743381590.151802
1743381590.183285
1743381590.215354
1743381590.247395
1743381590.279481
1743381590.311490
1743381590.343854
1743381590.375771
1743381590.407706
1743381590.455675
1743381590.487547
1743381590.519787
1743381590.551821
1743381590.583548
1743381590.615193
1743381590.647629
1743381590.679563
1743381590.711592
1743381590.743714
1743381590.775534
1743381590.807742
1743381590.839689
1743381590.871547
1743381590.903840
1743381590.935942
1743381590.967714
1743381590.999425
1743381591.031475
1743381591.063607
1743381591.095929
1743381591.127510
1743381591.159526
1743381591.192018
1743381591.223615
1743381591.255484
1743381591.287692
1743381591.319984
1743381591.351965
1743381591.383946
1743381591.431195
1743381591.463128
1743381591.495273
1743381591.527618
1743381591.559322
1743381591.591874
1743381591.623818
1743381591.655934
1743381591.687726
1743381591.720046
1743381591.751764
1743381591.783527
1743381591.815252
1743381591.847261
1743381591.879329
1743381591.911466
1743381591.943526
1743381591.975841
1743381592.007660
1743381592.039744
1743381592.071732
1743381592.103546
1743381592.135835
1743381592.167627
1743381592.199323
1743381592.231332
1743381592.263440
1743381592.295536
1743381592.327841
1743381592.359849
1743381592.407695
1743381592.439686
1743381592.471700
1743381592.503608
1743381592.535878
1743381592.567783
1743381592.599386
1743381592.631475
1743381592.663389
1743381592.695520
1743381592.727581
1743381592.758922
1743381592.791635
1743381592.823537
1743381592.856058
1743381592.887641
1743381592.919911
1743381592.951839
1743381592.983919
1743381593.015538
1743381593.047642
1743381593.079017
1743381593.095015
1743381593.111338
1743381593.143325
1743381593.175795
1743381593.207679
1743381593.239547
1743381593.271670
1743381593.303869
1743381593.335806
1743381593.383565
1743381593.414998
1743381593.447170
1743381593.479173
1743381593.511425
1743381593.543263
1743381593.575500
1743381593.607491
1743381593.639778
1743381593.671661
1743381593.703813
1743381593.735646
1743381593.767330
1743381593.799201
1743381593.831008
1743381593.847247
1743381593.879029
1743381593.911409
1743381593.943521
1743381593.975673
1743381594.023361
1743381594.055444
1743381594.087622
1743381594.119762
1743381594.151590
1743381594.183503
1743381594.215299
1743381594.247229
1743381594.279367
1743381594.311472
1743381594.359229
1743381594.391722
1743381594.423459
1743381594.455617
1743381594.487572
1743381594.519542
1743381594.551657
1743381594.583517
1743381594.615258
1743381594.631268
1743381594.647518
1743381594.679690
1743381594.711244
1743381594.743427
1743381594.775664
1743381594.807462
1743381594.839631
1743381594.872098
1743381594.903680
1743381594.935688
1743381594.967868
1743381594.999662
1743381595.030905
1743381595.063231
1743381595.095336
1743381595.127382
1743381595.159333
1743381595.191762
1743381595.223718
1743381595.255507
1743381595.287701
1743381595.335463
1743381595.367452
1743381595.398974
1743381595.431132
1743381595.463149
1743381595.495357
1743381595.527460
1743381595.559698
1743381595.591880
1743381595.623752
1743381595.655752
1743381595.687519
1743381595.719489
1743381595.751425
1743381595.783262
1743381595.815182
1743381595.847043
1743381595.879149
1743381595.911462
1743381595.943662
1743381595.975772
1743381596.007372
1743381596.039414
1743381596.071417
1743381596.103503
1743381596.135498
1743381596.167642
1743381596.199347
1743381596.231253
1743381596.247307
1743381596.279394
1743381596.311509
1743381596.343293
1743381596.375444
1743381596.407436
1743381596.439645
1743381596.471596
1743381596.503679
1743381596.535451
1743381596.567633
1743381596.599182
1743381596.631502
1743381596.663293
1743381596.695027
1743381596.727147
1743381596.759277
1743381596.791649
1743381596.823635
1743381596.855727
1743381596.887767
1743381596.919686
1743381596.951466
1743381596.983678
1743381597.015020
1743381597.047149
1743381597.079089
1743381597.111306
1743381597.143475
1743381597.175385
1743381597.207782
1743381597.239731
1743381597.287341
1743381597.319390
1743381597.351485
1743381597.383273
1743381597.415208
1743381597.447163
1743381597.479212
1743381597.511250
1743381597.543246
1743381597.575369
1743381597.607658
1743381597.639277
1743381597.671276
1743381597.703258
1743381597.735413
1743381597.767322
1743381597.799281
1743381597.831045
1743381597.847245
1743381597.879149
1743381597.927077
1743381597.959404
1743381597.991492
1743381598.023496
1743381598.055420
1743381598.087363
1743381598.119454
1743381598.151373
1743381598.183269
1743381598.215306
1743381598.262564
1743381598.294777
1743381598.327246
1743381598.359281
1743381598.391559
1743381598.423619
1743381598.455182
1743381598.487373
1743381598.519266
1743381598.551428
1743381598.583433
1743381598.614805
1743381598.646835
1743381598.679077
1743381598.711197
1743381598.743331
1743381598.775241
1743381598.807396
1743381598.839442
1743381598.871631
1743381598.903497
1743381598.935485
1743381598.967419
1743381598.999000
1743381599.030996
1743381599.063359
1743381599.095139
1743381599.127271
1743381599.159570
1743381599.191497
1743381599.239295
1743381599.271285
1743381599.303285
1743381599.335445
1743381599.367553
1743381599.399002
1743381599.431111
1743381599.463182
1743381599.495168
1743381599.527447
1743381599.559273
1743381599.591172
1743381599.623173
1743381599.655323
1743381599.687369
1743381599.719179
1743381599.751441
1743381599.783675
1743381599.815070
1743381599.847209
1743381599.879654
1743381599.910951
1743381599.943240
1743381599.975448
1743381600.006923
1743381600.039470
1743381600.071449
1743381600.103464
1743381600.135561
1743381600.167338
1743381600.214875
1743381600.247036
1743381600.278735
1743381600.294934
1743381600.326945
1743381600.359143
1743381600.391480
1743381600.423312
1743381600.455506
1743381600.487419
1743381600.535142
1743381600.567146
1743381600.598958
1743381600.630679
1743381600.646763
1743381600.663208
1743381600.695065
1743381600.727287
1743381600.758737
1743381600.791589
1743381600.823470
1743381600.855507
1743381600.887335
1743381600.919486
1743381600.951353
1743381600.982805
1743381601.014897
1743381601.047096
1743381601.079095
1743381601.111164
1743381601.143291
1743381601.191136
1743381601.223227
1743381601.255043
1743381601.287282
1743381601.319318
1743381601.351370
1743381601.383012
1743381601.414892
1743381601.447111
1743381601.479085
1743381601.510970
1743381601.543213
1743381601.575094
1743381601.607180
1743381601.639161
1743381601.671239
1743381601.703267
1743381601.735201
1743381601.767507
1743381601.799095
1743381601.831243
1743381601.862871
1743381601.894873
1743381601.926942
1743381601.959122
1743381601.991462
1743381602.023202
1743381602.055489
1743381602.087524
1743381602.119339
1743381602.166908
1743381602.199136
1743381602.231177
1743381602.262731
1743381602.278912
1743381602.311065
1743381602.342997
1743381602.375222
1743381602.407469
1743381602.439198
1743381602.487176
1743381602.519253
1743381602.551129
1743381602.583145
1743381602.614843
1743381602.646774
1743381602.678853
1743381602.711085
1743381602.743170
1743381602.775399
1743381602.807368
1743381602.839005
1743381602.871161
1743381602.903217
1743381602.935152
1743381602.967181
1743381602.999010
1743381603.030871
1743381603.062902
1743381603.094887
1743381603.142777
1743381603.174766
1743381603.206988
1743381603.239228
1743381603.271343
1743381603.303384
1743381603.335394
1743381603.367332
1743381603.399010
1743381603.431047
1743381603.463352
1743381603.494603
1743381603.526828
1743381603.558909
1743381603.591280
1743381603.623204
1743381603.655198
1743381603.687163
1743381603.719497
1743381603.751379
1743381603.783319
1743381603.814785
1743381603.846849
1743381603.878831
1743381603.910886
1743381603.943172
1743381603.975374
1743381604.007279
1743381604.039371
1743381604.071642
1743381604.119041
1743381604.151107
1743381604.183215
1743381604.214556
1743381604.246518
1743381604.262631
1743381604.294997
1743381604.327157
1743381604.359075
1743381604.391416
1743381604.439200
1743381604.471097
1743381604.503183
1743381604.535517
1743381604.567155
1743381604.598868
1743381604.614726
1743381604.630709
1743381604.662741
1743381604.678692
1743381604.711115
1743381604.758537
1743381604.790738
1743381604.823202
1743381604.855158
1743381604.887269
1743381604.919133
1743381604.951428
1743381604.983358
1743381605.015313
1743381605.046896
1743381605.094537
1743381605.126766
1743381605.158762
1743381605.191109
1743381605.223091
1743381605.255103
1743381605.287029
1743381605.319290
1743381605.351330
1743381605.383374
1743381605.415057
1743381605.446400
1743381605.478668
1743381605.510822
1743381605.542671
1743381605.575053
1743381605.607114
1743381605.639271
1743381605.671444
1743381605.703197
1743381605.735224
1743381605.766749
1743381605.798325
1743381605.830624
1743381605.862636
1743381605.894774
1743381605.926844
1743381605.959035
1743381605.991235
1743381606.023096
1743381606.070918
1743381606.103285
1743381606.135111
1743381606.167047
1743381606.198711
1743381606.231138
1743381606.262943
1743381606.294579
1743381606.327095
1743381606.359315
1743381606.391207
1743381606.422996
1743381606.455204
1743381606.487304
1743381606.519050
1743381606.551027
1743381606.583114
1743381606.614763
1743381606.630537
1743381606.646947
1743381606.678831
1743381606.711246
1743381606.743049
1743381606.774781
1743381606.790607
1743381606.806729
1743381606.839188
1743381606.871119
1743381606.903014
1743381606.935136
1743381606.967174
1743381606.998687
1743381607.015178
1743381607.046981
1743381607.078665
1743381607.110803
1743381607.143048
1743381607.174961
1743381607.207134
1743381607.239154
1743381607.271191
1743381607.303150
1743381607.334949
1743381607.367241
1743381607.398644
1743381607.430652
1743381607.462458
1743381607.494457
1743381607.526776
1743381607.558731
1743381607.591179
1743381607.622909
1743381607.655034
1743381607.687377
1743381607.718976
1743381607.750977
1743381607.782587
1743381607.814498
1743381607.830676
1743381607.862613
1743381607.878700
1743381607.910898
1743381607.943091
1743381607.975177
1743381608.022949
1743381608.054955
1743381608.086845
1743381608.118862
1743381608.150869
1743381608.183103
1743381608.214645
1743381608.230639
1743381608.262639
1743381608.294881
1743381608.342732
1743381608.374791
1743381608.406618
1743381608.438210
1743381608.454586
1743381608.487213
1743381608.518883
1743381608.551145
1743381608.582967
1743381608.614700
1743381608.662496
1743381608.694402
1743381608.726218
1743381608.758614
1743381608.790802
1743381608.823160
1743381608.854731
1743381608.887050
1743381608.918870
1743381608.951087
1743381608.999022
1743381609.030298
1743381609.046362
1743381609.078851
1743381609.110681
1743381609.142868
1743381609.174940
1743381609.206857
1743381609.238864
1743381609.271039
1743381609.318651
1743381609.350864
1743381609.382900
1743381609.414497
1743381609.446634
1743381609.478525
1743381609.510689
1743381609.542692
1743381609.574963
1743381609.607053
1743381609.638961
1743381609.670510
1743381609.702823
1743381609.734761
1743381609.766571
1743381609.798633
1743381609.830772
1743381609.862619
1743381609.894655
1743381609.926885
1743381609.974618
1743381610.006827
1743381610.038850
1743381610.070942
1743381610.102810
1743381610.134896
1743381610.166892
1743381610.198586
1743381610.230755
1743381610.262817
1743381610.294794
1743381610.326860
1743381610.358605
1743381610.390681
1743381610.422709
1743381610.455042
1743381610.487080
1743381610.519119
1743381610.550971
1743381610.583128
1743381610.614927
1743381610.646586
1743381610.678420
1743381610.694148
1743381610.710421
1743381610.742835
1743381610.774942
1743381610.806936
1743381610.839174
1743381610.871028
1743381610.902985
1743381610.950801
1743381610.982761
1743381611.014267
1743381611.046442
1743381611.078680
1743381611.110811
1743381611.142659
1743381611.174935
1743381611.206777
1743381611.238843
1743381611.270940
1743381611.302794
1743381611.334857
1743381611.366767
1743381611.398310
1743381611.415186
1743381611.445567
1743381611.462565
1743381611.495021
1743381611.526949
1743381611.558770
1743381611.590959
1743381611.622603
1743381611.654681
1743381611.686872
1743381611.718676
1743381611.750836
1743381611.782468
1743381611.814638
1743381611.846830
1743381611.878705
1743381611.926358
1743381611.958691
1743381611.990845
1743381612.022655
1743381612.055022
1743381612.086990
1743381612.118966
1743381612.151066
1743381612.182934
1743381612.214604
1743381612.246961
1743381612.278415
1743381612.310507
1743381612.342549
1743381612.374767
1743381612.406897
1743381612.438943
1743381612.470648
1743381612.503193
1743381612.534943
1743381612.567025
1743381612.598219
1743381612.630254
1743381612.662103
1743381612.678361
1743381612.710553
1743381612.742572
1743381612.774573
1743381612.806812
1743381612.838890
1743381612.871208
1743381612.902803
1743381612.934753
1743381612.966873
1743381612.998472
1743381613.030267
1743381613.046404
1743381613.078380
1743381613.110713
1743381613.142861
1743381613.174998
1743381613.222598
1743381613.254767
1743381613.286570
1743381613.318630
1743381613.350839
1743381613.382433
1743381613.414370
1743381613.446368
1743381613.478695
1743381613.510631
1743381613.542837
1743381613.574477
1743381613.606725
1743381613.638528
1743381613.670692
1743381613.702873
1743381613.734570
1743381613.766704
1743381613.798571
1743381613.830524
1743381613.878348
1743381613.910471
1743381613.942511
1743381613.974523
1743381614.006797
1743381614.039056
1743381614.070688
1743381614.102770
1743381614.134888
1743381614.167002
1743381614.198862
1743381614.230290
1743381614.262274
1743381614.294326
1743381614.326548
1743381614.358637
1743381614.390915
1743381614.422736
1743381614.454788
1743381614.486719
1743381614.518907
1743381614.550577
1743381614.582354
1743381614.614447
1743381614.646218
1743381614.678309
1743381614.710362
1743381614.742439
1743381614.774627
1743381614.806775
1743381614.854442
1743381614.886484
1743381614.918230
1743381614.950846
1743381614.982438
1743381615.014462
1743381615.046557
1743381615.078374
1743381615.110557
1743381615.142633
1743381615.175025
1743381615.206542
1743381615.238528
1743381615.270542
1743381615.302854
1743381615.334633
1743381615.366703
1743381615.398250
1743381615.430457
1743381615.462431
1743381615.494617
1743381615.526427
1743381615.558242
1743381615.590732
1743381615.622753
1743381615.654724
1743381615.686582
1743381615.718513
1743381615.750780
1743381615.782832
1743381615.830102
1743381615.862229
1743381615.894238
1743381615.926382
1743381615.958348
1743381615.990662
1743381616.022815
1743381616.054903
1743381616.086639
1743381616.118790
1743381616.150948
1743381616.182581
1743381616.214315
1743381616.246023
1743381616.262093
1743381616.294322
1743381616.326535
1743381616.358708
1743381616.391077
1743381616.422655
1743381616.470359
1743381616.502633
1743381616.534465
1743381616.566549
1743381616.598412
1743381616.630106
1743381616.662222
1743381616.694394
1743381616.726722
1743381616.758163
1743381616.806380
1743381616.838659
1743381616.870475
1743381616.902872
1743381616.934617
1743381616.966675
1743381616.998295
1743381617.030143
1743381617.062178
1743381617.094448
1743381617.126982
1743381617.158443
1743381617.190522
1743381617.222714
1743381617.254466
1743381617.286542
1743381617.318776
1743381617.350566
1743381617.382288
1743381617.414311
1743381617.446639
1743381617.477779
1743381617.494048
1743381617.526346
1743381617.558520
1743381617.590598
1743381617.622703
1743381617.654592
1743381617.686796
1743381617.718734
1743381617.750657
1743381617.782438
1743381617.813898
1743381617.846223
1743381617.878066
1743381617.894009
1743381617.926527
1743381617.958442
1743381617.990632
1743381618.022731
1743381618.054860
1743381618.102295
1743381618.134325
1743381618.166463
1743381618.198169
1743381618.229994
1743381618.246084
1743381618.262126
1743381618.294162
1743381618.326621
1743381618.358638
1743381618.390761
1743381618.422935
1743381618.454465
1743381618.486357
1743381618.518494
1743381618.550490
1743381618.582002
1743381618.598031
1743381618.630117
1743381618.662252
1743381618.694281
1743381618.726584
1743381618.758499
1743381618.790327
1743381618.822637
1743381618.854259
1743381618.886496
1743381618.918593
1743381618.950655
1743381618.982373
1743381619.014174
1743381619.046435
1743381619.078645
1743381619.110111
1743381619.142355
1743381619.174451
1743381619.206567
1743381619.238361
1743381619.270640
1743381619.302849
1743381619.334785
1743381619.367123
1743381619.398611
1743381619.429890
1743381619.460906
1743381619.478270
1743381619.510352
1743381619.542384
1743381619.574340
1743381619.606461
1743381619.638320
1743381619.670727
1743381619.702491
1743381619.734609
1743381619.766413
1743381619.797870
1743381619.830074
1743381619.862089
1743381619.894217
1743381619.925926
1743381619.958416
1743381619.990631
1743381620.022587
1743381620.054843
1743381620.086434
1743381620.118455
1743381620.150642
1743381620.182456
1743381620.214090
1743381620.230235
1743381620.246178
1743381620.278254
1743381620.310271
1743381620.342395
1743381620.374262
1743381620.406359
1743381620.438435
1743381620.470473
1743381620.502595
1743381620.534367
1743381620.566339
1743381620.598204
1743381620.630042
1743381620.662555
1743381620.709884
1743381620.742179
1743381620.774206
1743381620.806124
1743381620.838307
1743381620.870311
1743381620.902455
1743381620.934431
1743381620.966529
1743381620.998356
1743381621.030553
1743381621.061691
1743381621.077889
1743381621.110050
1743381621.142313
1743381621.174522
1743381621.206420
1743381621.238383
1743381621.270726
1743381621.302494
1743381621.350046
1743381621.381944
1743381621.413938
1743381621.446012
1743381621.478207
1743381621.510229
1743381621.542291
1743381621.574612
1743381621.606419
1743381621.638366
1743381621.686573
1743381621.718058
1743381621.750173
1743381621.782054
1743381621.814056
1743381621.846060
1743381621.877942
1743381621.910310
1743381621.942416
1743381621.974465
1743381622.006709
1743381622.037452
1743381622.069685
1743381622.102394
1743381622.134182
1743381622.166382
1743381622.198255
1743381622.230032
1743381622.261855
1743381622.278098
1743381622.294085
1743381622.326551
1743381622.358110
1743381622.390449
1743381622.422333
1743381622.454546
1743381622.486432
1743381622.518300
1743381622.550383
1743381622.582497
1743381622.614071
1743381622.630188
1743381622.662346
1743381622.694055
1743381622.726265
1743381622.757934
1743381622.790327
1743381622.822267
1743381622.854595
1743381622.886564
1743381622.918358
1743381622.950631
1743381622.982447
1743381623.013840
1743381623.045859
1743381623.078117
1743381623.110203
1743381623.142322
1743381623.174438
1743381623.206705
1743381623.238252
1743381623.270784
1743381623.302385
1743381623.334195
1743381623.366286
1743381623.397682
1743381623.413770
1743381623.446025
1743381623.477713
1743381623.493895
1743381623.509885
1743381623.542546
1743381623.574638
1743381623.606421
1743381623.638195
1743381623.670139
1743381623.702038
1743381623.734176
1743381623.766107
1743381623.797726
1743381623.830051
1743381623.861802
1743381623.877952
1743381623.910182
1743381623.957970
1743381623.989880
1743381624.022072
1743381624.054081
1743381624.086133
1743381624.118215
1743381624.150380
1743381624.182390
1743381624.214136
1743381624.245916
1743381624.278196
1743381624.310010
1743381624.341990
1743381624.374153
1743381624.406299
1743381624.438293
1743381624.470331
1743381624.502418
1743381624.534358
1743381624.566749
1743381624.613977
1743381624.645474
1743381624.661759
1743381624.693620
1743381624.726034
1743381624.757949
1743381624.790349
1743381624.822232
1743381624.854319
1743381624.885920
1743381624.934273
1743381624.966366
1743381624.997868
1743381625.029894
1743381625.061759
1743381625.093769
1743381625.126133
1743381625.158387
1743381625.190274
1743381625.222335
1743381625.254370
1743381625.285986
1743381625.318039
1743381625.350134
1743381625.381651
1743381625.413870
1743381625.445997
1743381625.478013
1743381625.510124
1743381625.542107
1743381625.589955
1743381625.622076
1743381625.654016
1743381625.686026
1743381625.718165
1743381625.750083
1743381625.781709
1743381625.813714
1743381625.829803
1743381625.861881
1743381625.909526
1743381625.941691
1743381625.974020
1743381626.006153
1743381626.037991
1743381626.070106
1743381626.102339
1743381626.134257
1743381626.166387
1743381626.198182
1743381626.230241
1743381626.261829
1743381626.293793
1743381626.325938
1743381626.357922
1743381626.390160
1743381626.422417
1743381626.454449
1743381626.486418
1743381626.518484
1743381626.566035
1743381626.597532
1743381626.629581
1743381626.645847
1743381626.677694
1743381626.709801
1743381626.742002
1743381626.774220
1743381626.806154
1743381626.838220
1743381626.885757
1743381626.918308
1743381626.949986
1743381626.981844
1743381627.013830
1743381627.045753
1743381627.078011
1743381627.109927
1743381627.142115
1743381627.174207
1743381627.206509
1743381627.238007
1743381627.270108
1743381627.302075
1743381627.334301
1743381627.366127
1743381627.397777
1743381627.429643
1743381627.445768
1743381627.477812
1743381627.510304
1743381627.542276
1743381627.574304
1743381627.606161
1743381627.638166
1743381627.669845
1743381627.702044
1743381627.734297
1743381627.766277
1743381627.797915
1743381627.829859
1743381627.862372
1743381627.893603
1743381627.925935
1743381627.958107
1743381627.990213
1743381628.022131
1743381628.054097
1743381628.086159
1743381628.118331
1743381628.150179
1743381628.182179
1743381628.213692
1743381628.245663
1743381628.277737
1743381628.309838
1743381628.341878
1743381628.373997
1743381628.405928
1743381628.438169
1743381628.470250
1743381628.517679
1743381628.549570
1743381628.581884
1743381628.613509
1743381628.646046
1743381628.677764
1743381628.709745
1743381628.741875
1743381628.774182
1743381628.806312
1743381628.838342
1743381628.869995
1743381628.901896
1743381628.934072
1743381628.966097
1743381628.997859
1743381629.029674
1743381629.061768
1743381629.093852
1743381629.125948
1743381629.158486
1743381629.189927
1743381629.222034
1743381629.253954
1743381629.285909
1743381629.318142
1743381629.350027
1743381629.381945
1743381629.413844
1743381629.445693
1743381629.461751
1743381629.493885
1743381629.525834
1743381629.558068
1743381629.590035
1743381629.621983
1743381629.654166
1743381629.686227
1743381629.718083
1743381629.750219
1743381629.782182
1743381629.814105
1743381629.845317
1743381629.877625
1743381629.909904
1743381629.941898
1743381629.973961
1743381630.006321
1743381630.037872
1743381630.070130
1743381630.102307
1743381630.134203
1743381630.165767
1743381630.197582
1743381630.229656
1743381630.261729
1743381630.293651
1743381630.325843
1743381630.357689
1743381630.390189
1743381630.422211
1743381630.469733
1743381630.501747
1743381630.533942
1743381630.565930
1743381630.597672
1743381630.629688
1743381630.661767
1743381630.693922
1743381630.726164
1743381630.758062
1743381630.789984
1743381630.821825
1743381630.853845
1743381630.885785
1743381630.917921
1743381630.950123
1743381630.982059
1743381631.013760
1743381631.045528
1743381631.077796
1743381631.110304
1743381631.141973
1743381631.173817
1743381631.205884
1743381631.238044
1743381631.269737
1743381631.302161
1743381631.333769
1743381631.366165
1743381631.398118
1743381631.445334
1743381631.477483
1743381631.509549
1743381631.541854
1743381631.573977
1743381631.605779
1743381631.638008
1743381631.669923
1743381631.701971
1743381631.734078
1743381631.765979
1743381631.797387
1743381631.829720
1743381631.861227
1743381631.877405
1743381631.909557
1743381631.941775
1743381631.973588
1743381632.006168
1743381632.037872
1743381632.085954
1743381632.117333
1743381632.149961
1743381632.181790
1743381632.213569
1743381632.245531
1743381632.277639
1743381632.309686
1743381632.341616
1743381632.374420
1743381632.421854
1743381632.453747
1743381632.485670
1743381632.517844
1743381632.549748
1743381632.581787
1743381632.613558
1743381632.645544
1743381632.677158
1743381632.693438
1743381632.709709
1743381632.742156
1743381632.773753
1743381632.805935
1743381632.837746
1743381632.869898
1743381632.901804
1743381632.933620
1743381632.965973
1743381632.997624
1743381633.029499
1743381633.061852
1743381633.093402
1743381633.125582
1743381633.157590
1743381633.190091
1743381633.221812
1743381633.253701
1743381633.285928
1743381633.318310
1743381633.349951
1743381633.397758
1743381633.429394
1743381633.461249
1743381633.493471
1743381633.525766
1743381633.557855
1743381633.590128
1743381633.621755
1743381633.653888
1743381633.685934
1743381633.718080
1743381633.749829
1743381633.781582
1743381633.813446
1743381633.845392
1743381633.877581
1743381633.909396
1743381633.941565
1743381633.973942
1743381634.006006
1743381634.037833
1743381634.069952
1743381634.101403
1743381634.133540
1743381634.165628
1743381634.196978
1743381634.229306
1743381634.245351
1743381634.261651
1743381634.293717
1743381634.325850
1743381634.373582
1743381634.406044
1743381634.437658
1743381634.469818
1743381634.501720
1743381634.533833
1743381634.565806
1743381634.597517
1743381634.629714
1743381634.661568
1743381634.693777
1743381634.725597
1743381634.757745
1743381634.789775
1743381634.821890
1743381634.853782
1743381634.885793
1743381634.917981
1743381634.949860
1743381634.981851
1743381635.029396
1743381635.061448
1743381635.093477
1743381635.125516
1743381635.157637
1743381635.189749
1743381635.221812
1743381635.253534
1743381635.285923
1743381635.317961
1743381635.349940
1743381635.381620
1743381635.412680
1743381635.429456
1743381635.460016
1743381635.477569
1743381635.509914
1743381635.541670
1743381635.573950
1743381635.606114
1743381635.637983
1743381635.685826
1743381635.717909
1743381635.749471
1743381635.781349
1743381635.813304
1743381635.845368
1743381635.877340
1743381635.909633
1743381635.941659
1743381635.973720
1743381636.005664
1743381636.037651
1743381636.069792
1743381636.101716
1743381636.133604
1743381636.166160
1743381636.197393
1743381636.229286
1743381636.261392
1743381636.293660
1743381636.325819
1743381636.357469
1743381636.389716
1743381636.421943
1743381636.453698
1743381636.485581
1743381636.517655
1743381636.549844
1743381636.582091
1743381636.613457
1743381636.661282
1743381636.693061
1743381636.725464
1743381636.757487
1743381636.790000
1743381636.821915
1743381636.853626
1743381636.885608
1743381636.917904
1743381636.965457
1743381636.997254
1743381637.029279
1743381637.061306
1743381637.093382
1743381637.125386
1743381637.157572
1743381637.189834
1743381637.221834
1743381637.253968
1743381637.301523
1743381637.333677
1743381637.365652
1743381637.397449
1743381637.429174
1743381637.461264
1743381637.493424
1743381637.525518
1743381637.557615
1743381637.589811
1743381637.637266
1743381637.669565
1743381637.701453
1743381637.733869
1743381637.765627
1743381637.797414
1743381637.829323
1743381637.861253
1743381637.893305
1743381637.909446
1743381637.941661
1743381637.973612
1743381638.005684
1743381638.037695
1743381638.069793
1743381638.101482
1743381638.133637
1743381638.165755
1743381638.197443
1743381638.229528
1743381638.277193
1743381638.309541
1743381638.341538
1743381638.373622
1743381638.405621
1743381638.437534
1743381638.469731
1743381638.501779
1743381638.533736
1743381638.566061
1743381638.613276
1743381638.645058
1743381638.677274
1743381638.709450
1743381638.741421
1743381638.773500
1743381638.805731
1743381638.837661
1743381638.869856
1743381638.917519
1743381638.949519
1743381638.981133
1743381639.013132
1743381639.045029
1743381639.060983
1743381639.077359
1743381639.109540
1743381639.141488
1743381639.173945
1743381639.205869
1743381639.253532
1743381639.285269
1743381639.317603
1743381639.349895
1743381639.381539
1743381639.413443
1743381639.445386
1743381639.477288
1743381639.509519
1743381639.541415
1743381639.589323
1743381639.621457
1743381639.653497
1743381639.685377
1743381639.717582
1743381639.749676
1743381639.781586
1743381639.813262
1743381639.845375
1743381639.893042
1743381639.925149
1743381639.957256
1743381639.989330
1743381640.021641
1743381640.053625
1743381640.085558
1743381640.117463
1743381640.149876
1743381640.181648
1743381640.229061
1743381640.260489
1743381640.276912
1743381640.309340
1743381640.341449
1743381640.373392
1743381640.405740
1743381640.437760
1743381640.469677
1743381640.501799
1743381640.533697
1743381640.565671
1743381640.597204
1743381640.628998
1743381640.661470
1743381640.693342
1743381640.725266
1743381640.757535
1743381640.789718
1743381640.821760
1743381640.869318
1743381640.901485
1743381640.933574
1743381640.965390
1743381640.997105
1743381641.029348
1743381641.060928
1743381641.077027
1743381641.109259
1743381641.141486
1743381641.173482
1743381641.205616
1743381641.236850
1743381641.269220
1743381641.301223
1743381641.333677
1743381641.364865
1743381641.397388
1743381641.429255
1743381641.461430
1743381641.493042
1743381641.540813
1743381641.573310
1743381641.605332
1743381641.637141
1743381641.669690
1743381641.701236
1743381641.733421
1743381641.765177
1743381641.797251
1743381641.844962
1743381641.876820
1743381641.909173
1743381641.941349
1743381641.973460
1743381642.005353
1743381642.037305
1743381642.069369
1743381642.101540
1743381642.133743
1743381642.181336
1743381642.212724
1743381642.228753
1743381642.244837
1743381642.277044
1743381642.309210
1743381642.341478
1743381642.373329
1743381642.405478
1743381642.437504
1743381642.469477
1743381642.517210
1743381642.549323
1743381642.581064
1743381642.612917
1743381642.644870
1743381642.677209
1743381642.709122
1743381642.741421
1743381642.773391
1743381642.805697
1743381642.837601
1743381642.869695
1743381642.901378
1743381642.933193
1743381642.965538
1743381642.997107
1743381643.029249
1743381643.061428
1743381643.093138
1743381643.125437
1743381643.157700
1743381643.189364
1743381643.221175
1743381643.253463
1743381643.285428
1743381643.317398
1743381643.349502
1743381643.381109
1743381643.413167
1743381643.445282
1743381643.493003
1743381643.525150
1743381643.557361
1743381643.589364
1743381643.621422
1743381643.653651
1743381643.685500
1743381643.717522
1743381643.749330
1743381643.781144
1743381643.813604
1743381643.844963
1743381643.876705
1743381643.908985
1743381643.941193
1743381643.973371
1743381644.005268
1743381644.037189
1743381644.069414
1743381644.101550
1743381644.133539
1743381644.165180
1743381644.197076
1743381644.229088
1743381644.261232
1743381644.292891
1743381644.325531
1743381644.357185
1743381644.389644
1743381644.421571
1743381644.469107
1743381644.501301
1743381644.533227
1743381644.565304
1743381644.597357
1743381644.629166
1743381644.660996
1743381644.692944
1743381644.725302
1743381644.757409
1743381644.789568
1743381644.821144
1743381644.853311
1743381644.885454
1743381644.917170
1743381644.949309
1743381644.981419
1743381645.012873
1743381645.029263
1743381645.061229
1743381645.108739
1743381645.141019
1743381645.173213
1743381645.205355
1743381645.237372
1743381645.269496
1743381645.301368
1743381645.333337
1743381645.365594
1743381645.396951
1743381645.444970
1743381645.477082
1743381645.508977
1743381645.541021
1743381645.573354
1743381645.605231
1743381645.637297
1743381645.669586
1743381645.701169
1743381645.733309
1743381645.765352
1743381645.796856
1743381645.828650
1743381645.860800
1743381645.876826
1743381645.909092
1743381645.941287
1743381645.973322
1743381646.005478
1743381646.037261
1743381646.085120
1743381646.117240
1743381646.149243
1743381646.181063
1743381646.212714
1743381646.244887
1743381646.276971
1743381646.309008
1743381646.341116
1743381646.373243
1743381646.421329
1743381646.452993
1743381646.485409
1743381646.517172
1743381646.549272
1743381646.581002
1743381646.612939
1743381646.644878
1743381646.677159
1743381646.709324
1743381646.741013
1743381646.773190
1743381646.805009
1743381646.837128
1743381646.869370
1743381646.901150
1743381646.933290
1743381646.965514
1743381646.996898
1743381647.012779
1743381647.060814
1743381647.092413
1743381647.124966
1743381647.157142
1743381647.189523
1743381647.220842
1743381647.253182
1743381647.285380
1743381647.317332
1743381647.349450
1743381647.396928
1743381647.428827
1743381647.460787
1743381647.492673
1743381647.524861
1743381647.557005
1743381647.589303
1743381647.621525
1743381647.653438
1743381647.685421
1743381647.717319
1743381647.749112
1743381647.780483
1743381647.796488
1743381647.812521
1743381647.844996
1743381647.876948
1743381647.909002
1743381647.940927
1743381647.972818
1743381648.005454
1743381648.037008
1743381648.069198
1743381648.100752
1743381648.133169
1743381648.165171
1743381648.196733
1743381648.228868
1743381648.260406
1743381648.276868
1743381648.308894
1743381648.341120
1743381648.373315
1743381648.405044
1743381648.437165
1743381648.469084
1743381648.500976
1743381648.532888
1743381648.565314
1743381648.596743
1743381648.628932
1743381648.660961
1743381648.693103
1743381648.724957
1743381648.757035
1743381648.789305
1743381648.821286
1743381648.853050
1743381648.885060
1743381648.917425
1743381648.949283
1743381648.980820
1743381649.013241
1743381649.044920
1743381649.077082
1743381649.108835
1743381649.140833
1743381649.173243
1743381649.205224
1743381649.237189
1743381649.269304
1743381649.301328
1743381649.348985
1743381649.380773
1743381649.412672
1743381649.444529
1743381649.476620
1743381649.509088
1743381649.541262
1743381649.572720
1743381649.605289
1743381649.637176
1743381649.669421
1743381649.700386
1743381649.733217
1743381649.765010
1743381649.796732
1743381649.828131
1743381649.844561
1743381649.876668
1743381649.908882
1743381649.940677
1743381649.988998
1743381650.021001
1743381650.053362
1743381650.084497
1743381650.117126
1743381650.149132
1743381650.180770
1743381650.212345
1743381650.228724
1743381650.260891
1743381650.292902
1743381650.324491
1743381650.356920
1743381650.389190
1743381650.421190
1743381650.452448
1743381650.485261
1743381650.517182
1743381650.549103
1743381650.580495
1743381650.613231
1743381650.645109
1743381650.676746
1743381650.708134
1743381650.741000
1743381650.772931
1743381650.805194
1743381650.836673
1743381650.869218
1743381650.901436
1743381650.933346
1743381650.964348
1743381650.996807
1743381651.028478
1743381651.044409
1743381651.076023
1743381651.092446
1743381651.108770
1743381651.141026
1743381651.172375
1743381651.205202
1743381651.237026
1743381651.269414
1743381651.300486
1743381651.333054
1743381651.364889
1743381651.396475
1743381651.428763
1743381651.460653
1743381651.492744
1743381651.524887
1743381651.556884
1743381651.589376
1743381651.621247
1743381651.652896
1743381651.684500
1743381651.716971
1743381651.749084
1743381651.780809
1743381651.812446
1743381651.845039
1743381651.876682
1743381651.908879
1743381651.940816
1743381651.973070
1743381652.004752
1743381652.036985
1743381652.068811
1743381652.101035
1743381652.132921
1743381652.164956
1743381652.196802
1743381652.228924
1743381652.276438
1743381652.308642
1743381652.340747
1743381652.372819
1743381652.404920
1743381652.437202
1743381652.468985
1743381652.501251
1743381652.533199
1743381652.565134
1743381652.597016
1743381652.628662
1743381652.660528
1743381652.692624
1743381652.724821
1743381652.756959
1743381652.789087
1743381652.821049
1743381652.853522
1743381652.885372
1743381652.917185
1743381652.949055
1743381652.980866
1743381653.012679
1743381653.044503
1743381653.060392
1743381653.092680
1743381653.124686
1743381653.156836
1743381653.189279
1743381653.220747
1743381653.253306
1743381653.284720
1743381653.316870
1743381653.348254
1743381653.364313
1743381653.396508
1743381653.428652
1743381653.460664
1743381653.492682
1743381653.525170
1743381653.572700
1743381653.604633
1743381653.636801
1743381653.668988
1743381653.700796
1743381653.732815
1743381653.764855
1743381653.796641
1743381653.828785
1743381653.860417
1743381653.893147
1743381653.924531
1743381653.956649
1743381653.989048
1743381654.021087
1743381654.053109
1743381654.084801
1743381654.117029
1743381654.148882
1743381654.180834
1743381654.228469
1743381654.260487
1743381654.292681
1743381654.324662
1743381654.356659
1743381654.388893
1743381654.421143
1743381654.452894
1743381654.485349
1743381654.517019
1743381654.549180
1743381654.580638
1743381654.612491
1743381654.644610
1743381654.676581
1743381654.708795
1743381654.740880
1743381654.772992
1743381654.804990
1743381654.836946
1743381654.869041
1743381654.900819
1743381654.932807
1743381654.964857
1743381654.996409
1743381655.028642
1743381655.060706
1743381655.076400
1743381655.092543
1743381655.124415
1743381655.157201
1743381655.204733
1743381655.236690
1743381655.268104
1743381655.284077
1743381655.316903
1743381655.349121
1743381655.380293
1743381655.396436
1743381655.428715
1743381655.460681
1743381655.492813
1743381655.525026
1743381655.556702
1743381655.588667
1743381655.620547
1743381655.652992
1743381655.685026
1743381655.716813
1743381655.748247
1743381655.780783
1743381655.812764
1743381655.844988
1743381655.876131
1743381655.908701
1743381655.940670
1743381655.972760
1743381656.004916
1743381656.036706
1743381656.068768
1743381656.101022
1743381656.133276
1743381656.180876
1743381656.212320
1743381656.244725
1743381656.276329
1743381656.308642
1743381656.340782
1743381656.372899
1743381656.405008
1743381656.436979
1743381656.469055
1743381656.501141
1743381656.532894
1743381656.564824
1743381656.596470
1743381656.628399
1743381656.660227
1743381656.676508
1743381656.708650
1743381656.740675
1743381656.772848
1743381656.820597
1743381656.852934
1743381656.884667
1743381656.916719
1743381656.948784
1743381656.980959
1743381657.012465
1743381657.044429
1743381657.076995
1743381657.108583
1743381657.156430
1743381657.188658
1743381657.220869
1743381657.252705
1743381657.284892
1743381657.316791
1743381657.348874
1743381657.380871
1743381657.412729
1743381657.444596
1743381657.476947
1743381657.508538
1743381657.540715
1743381657.572672
1743381657.604667
1743381657.636512
1743381657.668879
1743381657.700929
1743381657.732955
1743381657.764716
1743381657.796837
1743381657.828385
1743381657.860185
1743381657.892399
1743381657.924567
1743381657.956771
1743381657.988853
1743381658.020879
1743381658.052933
1743381658.085026
1743381658.132632
1743381658.164617
1743381658.196264
1743381658.228456
1743381658.260252
1743381658.292352
1743381658.324737
1743381658.356818
1743381658.388846
1743381658.420749
1743381658.452798
1743381658.484834
1743381658.516398
1743381658.548635
1743381658.580631
1743381658.612359
1743381658.644443
1743381658.676434
1743381658.708655
1743381658.740601
1743381658.772917
1743381658.804537
1743381658.836379
1743381658.868571
1743381658.900709
1743381658.932833
1743381658.965128
1743381658.996931
1743381659.028395
1743381659.060501
1743381659.108110
1743381659.140450
1743381659.172514
1743381659.204491
1743381659.236617
1743381659.268673
1743381659.300837
1743381659.332738
1743381659.364820
1743381659.396382
1743381659.428783
1743381659.460001
1743381659.475978
1743381659.508494
1743381659.540507
1743381659.572787
1743381659.604500
1743381659.636841
1743381659.668668
1743381659.700657
1743381659.748311
1743381659.780146
1743381659.812568
1743381659.843908
1743381659.859989
1743381659.892564
1743381659.924660
1743381659.956385
1743381659.988683
1743381660.021074
1743381660.052955
1743381660.084840
1743381660.116641
1743381660.148814
1743381660.180507
1743381660.212403
1743381660.244190
1743381660.276368
1743381660.308704
1743381660.340754
1743381660.372806
1743381660.404687
1743381660.436589
1743381660.468494
1743381660.500595
1743381660.532613
1743381660.564561
1743381660.596226
1743381660.628417
1743381660.660588
1743381660.692338
1743381660.724617
1743381660.756262
1743381660.788574
1743381660.820717
1743381660.852561
1743381660.884807
1743381660.916473
1743381660.948833
1743381660.980786
1743381661.012487
1743381661.028399
1743381661.060608
1743381661.092026
1743381661.124337
1743381661.156478
1743381661.188796
1743381661.220620
1743381661.252546
1743381661.284855
1743381661.316950
1743381661.348669
1743381661.380767
1743381661.412307
1743381661.444042
1743381661.476148
1743381661.508158
1743381661.540430
1743381661.572428
1743381661.604619
1743381661.636619
1743381661.668923
1743381661.700568
1743381661.732067
1743381661.764565
1743381661.796247
1743381661.828482
1743381661.860035
1743381661.876016
1743381661.892160
1743381661.924521
1743381661.956955
1743381661.988878
1743381662.036421
1743381662.068337
1743381662.100479
1743381662.132443
1743381662.164566
1743381662.196135
1743381662.228289
1743381662.260320
1743381662.292444
1743381662.324465
1743381662.356646
1743381662.388334
1743381662.420627
1743381662.452596
1743381662.484503
1743381662.516446
1743381662.548470
1743381662.580211
1743381662.612466
1743381662.644394
1743381662.676700
1743381662.708080
1743381662.740206
1743381662.772291
1743381662.804512
1743381662.836684
1743381662.868566
1743381662.900504
1743381662.932758
1743381662.964861
1743381663.011863
1743381663.044118
1743381663.075994
1743381663.108330
1743381663.140109
1743381663.155568
1743381663.171883
1743381663.187976
1743381663.220619
1743381663.253164
1743381663.284936
1743381663.332377
1743381663.364448
1743381663.395995
1743381663.428143
1743381663.460156
1743381663.492206
1743381663.524289
1743381663.556493
1743381663.588576
1743381663.620584
1743381663.652796
1743381663.684421
1743381663.716591
1743381663.748206
1743381663.780038
1743381663.812286
1743381663.844147
1743381663.860634
1743381663.892573
1743381663.924359
1743381663.956736
1743381663.988785
1743381664.020384
1743381664.052433
1743381664.084497
1743381664.116668
1743381664.148082
1743381664.181014
1743381664.212278
1743381664.244238
1743381664.276445
1743381664.308600
1743381664.340083
1743381664.372327
1743381664.404407
1743381664.436468
1743381664.468541
1743381664.500288
1743381664.532612
1743381664.564502
1743381664.596370
1743381664.628481
1743381664.659876
1743381664.692030
1743381664.724273
1743381664.756375
1743381664.788538
1743381664.820429
1743381664.852620
1743381664.884580
1743381664.916642
1743381664.964667
1743381664.995797
1743381665.028057
1743381665.060117
1743381665.092297
1743381665.124649
1743381665.156353
1743381665.188910
1743381665.220035
1743381665.252565
1743381665.284710
1743381665.316342
1743381665.347552
1743381665.363873
1743381665.396079
1743381665.428079
1743381665.459957
1743381665.475918
1743381665.508060
1743381665.540459
1743381665.572534
1743381665.604535
1743381665.636378
1743381665.668409
1743381665.699923
1743381665.732653
1743381665.764375
1743381665.796049
1743381665.827489
1743381665.843927
1743381665.860082
1743381665.876095
1743381665.908250
1743381665.940499
1743381665.972289
1743381666.004406
1743381666.036382
1743381666.068610
1743381666.100207
1743381666.132470
1743381666.164347
1743381666.196169
1743381666.228305
1743381666.260429
1743381666.291432
1743381666.307627
1743381666.324024
1743381666.356177
1743381666.388395
1743381666.420276
1743381666.452319
1743381666.484261
1743381666.516390
1743381666.548766
1743381666.580721
1743381666.612007
1743381666.644133
1743381666.675956
1743381666.708098
1743381666.740010
1743381666.772421
1743381666.804603
1743381666.836553
1743381666.868586
1743381666.916493
1743381666.948549
1743381666.980341
1743381667.011943
1743381667.043876
1743381667.076085
1743381667.108281
1743381667.140535
1743381667.171875
1743381667.187761
1743381667.204043
1743381667.236707
1743381667.268026
1743381667.283565
1743381667.299789
1743381667.315687
1743381667.331601
1743381667.347686
1743381667.363844
1743381667.379710
1743381667.395812
1743381667.411861
1743381667.427856
1743381667.443875
1743381667.460037
1743381667.476123
1743381667.492120
1743381667.508145
1743381667.524560
1743381667.556994
1743381667.588341
1743381667.620419
1743381667.652196
1743381667.684383
1743381667.716116
1743381667.748448
1743381667.779985
1743381667.795810
1743381667.812027
1743381667.827986
1743381667.844094
1743381667.860110
1743381667.892561
1743381667.923987
1743381667.956283
1743381667.988467
1743381668.020415
1743381668.052098
1743381668.084348
1743381668.116588
1743381668.148439
1743381668.163983
1743381668.179905
1743381668.212329
1743381668.227704
1743381668.243854
1743381668.259650
1743381668.275775
1743381668.291695
1743381668.308015
1743381668.340330
1743381668.372379
1743381668.404259
1743381668.436263
1743381668.468476
1743381668.483983
1743381668.499931
1743381668.532655
1743381668.564186
1743381668.596098
1743381668.627878
1743381668.643773
1743381668.659638
1743381668.675810
1743381668.691852
1743381668.707819
1743381668.723881
1743381668.739724
1743381668.755736
1743381668.771831
1743381668.787984
1743381668.803838
1743381668.819870
1743381668.835936
1743381668.868807
1743381668.900289
1743381668.932612
1743381668.964342
1743381668.995834
1743381669.011626
1743381669.027793
1743381669.043880
1743381669.059721
1743381669.075790
1743381669.091990
1743381669.107833
1743381669.124080
1743381669.156432
1743381669.188478
1743381669.220023
1743381669.252227
1743381669.284215
1743381669.316880
1743381669.348338
1743381669.379817
1743381669.395651
1743381669.411838
1743381669.428007
1743381669.443999
1743381669.460015
1743381669.475982
1743381669.508395
1743381669.540064
1743381669.572322
1743381669.604142
1743381669.636246
1743381669.668226
1743381669.700145
1743381669.732447
1743381669.764221
1743381669.795957
1743381669.811890
1743381669.844173
1743381669.859579
1743381669.875659
1743381669.891622
1743381669.907966
1743381669.923792
1743381669.939639
1743381669.955619
1743381669.971709
1743381669.987644
1743381670.003753
1743381670.019766
1743381670.035774
1743381670.051666
1743381670.067716
1743381670.083815
1743381670.099942
1743381670.115862
1743381670.131799
1743381670.164342
1743381670.195893
1743381670.211568
1743381670.227613
1743381670.243987
1743381670.275939
1743381670.291688
1743381670.307808
1743381670.323720
1743381670.339761
1743381670.355596
1743381670.371710
1743381670.387851
1743381670.403822
1743381670.419781
1743381670.435999
1743381670.451885
1743381670.484438
1743381670.515997
1743381670.548183
1743381670.563658
1743381670.579614
1743381670.595577
1743381670.611705
1743381670.627682
1743381670.643759
1743381670.659813
1743381670.675690
1743381670.691730
1743381670.707850
1743381670.724005
1743381670.739688
1743381670.755704
1743381670.771773
1743381670.787902
1743381670.820491
1743381670.852279
1743381670.883595
1743381670.899283
1743381670.915476
1743381670.931537
1743381670.947738
1743381670.963598
1743381670.979562
1743381670.995555
1743381671.011705
1743381671.027722
1743381671.043904
1743381671.059893
1743381671.075782
1743381671.092040
1743381671.140071
1743381671.172068
1743381671.203538
1743381671.219303
1743381671.235504
1743381671.251684
1743381671.267641
1743381671.283663
1743381671.299691
1743381671.315529
1743381671.331691
1743381671.347701
1743381671.363882
1743381671.379756
1743381671.395754
1743381671.411913
1743381671.459684
1743381671.475546
1743381671.491329
1743381671.507726
1743381671.523723
1743381671.556689
1743381671.587396
1743381671.603484
1743381671.619448
1743381671.635817
1743381671.651729
1743381671.667709
1743381671.683810
1743381671.699702
1743381671.715882
1743381671.731885
1743381671.764453
1743381671.796336
1743381671.827089
1743381671.843628
1743381671.859456
1743381671.875759
1743381671.891633
1743381671.907563
1743381671.923569
1743381671.939552
1743381671.955498
1743381671.971532
1743381671.987746
1743381672.003730
1743381672.019769
1743381672.035731
1743381672.051941
1743381672.067710
1743381672.083778
1743381672.116660
1743381672.148100
1743381672.179584
1743381672.195460
1743381672.211627
1743381672.227629
1743381672.243730
1743381672.259850
1743381672.291879
1743381672.307413
1743381672.323439
1743381672.339701
1743381672.355601
1743381672.371804
1743381672.387723
1743381672.403850
1743381672.436660
1743381672.468201
1743381672.500037
1743381672.531987
1743381672.564264
1743381672.579790
1743381672.595618
1743381672.611703
1743381672.627641
1743381672.643778
1743381672.659615
1743381672.675739
1743381672.691690
1743381672.707829
1743381672.723726
1743381672.739755
1743381672.772338
1743381672.804046
1743381672.835846
1743381672.868087
1743381672.899962
1743381672.932155
1743381672.964377
1743381672.995829
1743381673.011798
1743381673.027706
1743381673.044038
1743381673.059843
1743381673.092329
1743381673.123929
1743381673.155938
1743381673.187201
1743381673.203188
1743381673.219474
1743381673.235445
1743381673.251597
1743381673.267610
1743381673.283649
1743381673.299475
1743381673.315488
1743381673.331558
1743381673.347531
1743381673.363742
1743381673.379829
1743381673.412203
1743381673.443568
1743381673.459340
1743381673.475552
1743381673.491588
1743381673.507615
1743381673.523318
1743381673.539573
1743381673.555401
1743381673.571383
1743381673.587644
1743381673.603585
1743381673.619528
1743381673.635701
1743381673.651646
1743381673.667636
1743381673.683757
1743381673.699752
1743381673.715770
1743381673.747944
1743381673.779632
1743381673.795408
1743381673.811483
1743381673.827591
1743381673.843673
1743381673.859586
1743381673.875601
1743381673.891594
1743381673.907740
1743381673.923555
1743381673.939373
1743381673.955449
1743381673.971623
1743381673.987586
1743381674.003625
1743381674.019702
1743381674.035601
1743381674.068327
1743381674.100086
1743381674.132100
1743381674.164216
1743381674.195659
1743381674.211460
1743381674.227557
1743381674.243608
1743381674.259570
1743381674.275617
1743381674.291627
1743381674.307666
1743381674.323618
1743381674.339632
1743381674.355588
1743381674.387994
1743381674.420054
1743381674.452065
1743381674.483796
1743381674.516251
1743381674.548159
1743381674.579568
1743381674.595507
1743381674.611588
1743381674.627572
1743381674.643725
1743381674.659615
1743381674.675760
1743381674.691762
1743381674.724310
1743381674.755689
1743381674.787851
1743381674.819917
1743381674.852008
1743381674.883770
1743381674.915961
1743381674.948081
1743381674.979919
1743381675.011784
1743381675.044030
1743381675.075614
1743381675.091340
1743381675.107392
1743381675.123520
1743381675.139408
1743381675.155454
1743381675.171298
1743381675.187539
1743381675.203440
1743381675.219456
1743381675.235467
1743381675.251599
1743381675.267585
1743381675.283505
1743381675.299654
1743381675.315591
1743381675.331576
1743381675.363952
1743381675.395487
1743381675.411402
1743381675.427398
1743381675.443504
1743381675.459390
1743381675.475467
1743381675.491484
1743381675.507504
1743381675.523591
1743381675.539353
1743381675.571859
1743381675.604075
1743381675.635905
1743381675.667768
1743381675.699643
1743381675.731908
1743381675.763718
1743381675.779276
1743381675.795555
1743381675.827739
1743381675.843589
1743381675.859544
1743381675.875481
1743381675.891744
1743381675.907604
1743381675.923566
1743381675.939509
1743381675.955514
1743381675.971604
1743381675.987639
1743381676.020057
1743381676.051814
1743381676.083941
1743381676.115914
1743381676.147845
1743381676.163321
1743381676.179303
1743381676.195296
1743381676.211454
1743381676.227481
1743381676.243671
1743381676.259675
1743381676.275583
1743381676.291586
1743381676.307594
1743381676.340141
1743381676.371136
1743381676.387106
1743381676.403402
1743381676.419375
1743381676.435299
1743381676.451314
1743381676.467468
1743381676.483317
1743381676.499346
1743381676.515487
1743381676.531380
1743381676.547408
1743381676.563586
1743381676.579631
1743381676.595710
1743381676.611576
1743381676.627827
1743381676.643773
1743381676.676371
1743381676.707538
1743381676.739634
1743381676.771839
1743381676.804170
1743381676.835748
1743381676.867779
1743381676.883263
1743381676.899511
1743381676.915683
1743381676.931659
1743381676.947577
1743381676.963583
1743381676.995997
1743381677.027178
1743381677.043408
1743381677.059419
1743381677.075557
1743381677.107516
1743381677.123197
1743381677.139389
1743381677.155360
1743381677.171402
1743381677.187476
