1743381731.320830
1743381731.401208
1743381731.432764
1743381731.464961
1743381731.496876
1743381731.528316
1743381731.560093
1743381731.592736
1743381731.609953
1743381731.640231
1743381731.656975
1743381731.688976
1743381731.704949
1743381731.726134
1743381731.752109
1743381731.784390
1743381731.800859
1743381731.848945
1743381731.881019
1743381731.897135
1743381731.929602
1743381731.961005
1743381731.993499
1743381732.025330
1743381732.057193
1743381732.089134
1743381732.121515
1743381732.154265
1743381732.186525
1743381732.218797
1743381732.250783
1743381732.282855
1743381732.315144
1743381732.346823
1743381732.378852
1743381732.410640
1743381732.442415
1743381732.474317
1743381732.507296
1743381732.538221
1743381732.570671
1743381732.603030
1743381732.632830
1743381732.664794
1743381732.697286
1743381732.713144
1743381732.728925
1743381732.744954
1743381732.761383
1743381732.793220
1743381732.823748
1743381732.841001
1743381732.857135
1743381732.873147
1743381732.904903
1743381732.936711
1743381732.969415
1743381733.001086
1743381733.033296
1743381733.064917
1743381733.097235
1743381733.129469
1743381733.161539
1743381733.192814
1743381733.208602
1743381733.224831
1743381733.240839
1743381733.256766
1743381733.272807
1743381733.288815
1743381733.305333
1743381733.336648
1743381733.352686
1743381733.368786
1743381733.384899
1743381733.400879
1743381733.416895
1743381733.432862
1743381733.448902
1743381733.480714
1743381733.496708
1743381733.512638
1743381733.528665
1743381733.544614
1743381733.560712
1743381733.577074
1743381733.592695
1743381733.608743
1743381733.624741
1743381733.640878
1743381733.656829
1743381733.672886
1743381733.688983
1743381733.704840
1743381733.720839
1743381733.736749
1743381733.752850
1743381733.768949
1743381733.801494
1743381733.833137
1743381733.864548
1743381733.880539
1743381733.896709
1743381733.912710
1743381733.928725
1743381733.944846
1743381733.960701
1743381733.976594
1743381733.992774
1743381734.008737
1743381734.024846
1743381734.040870
1743381734.056916
1743381734.073017
1743381734.088902
1743381734.105044
1743381734.136985
1743381734.152447
1743381734.168680
1743381734.184639
1743381734.200648
1743381734.216654
1743381734.232573
1743381734.248606
1743381734.264663
1743381734.280708
1743381734.296788
1743381734.312653
1743381734.328652
1743381734.344636
1743381734.360711
1743381734.376794
1743381734.392743
1743381734.408802
1743381734.424883
1743381734.457221
1743381734.488690
1743381734.504405
1743381734.520489
1743381734.536508
1743381734.552719
1743381734.568738
1743381734.584688
1743381734.600641
1743381734.616712
1743381734.632704
1743381734.648707
1743381734.664628
1743381734.680781
1743381734.696722
1743381734.712794
1743381734.728774
1743381734.744872
1743381734.777330
1743381734.808552
1743381734.824473
1743381734.840666
1743381734.856666
1743381734.872684
1743381734.888636
1743381734.904655
1743381734.920653
1743381734.936616
1743381734.952622
1743381734.968718
1743381734.984701
1743381735.000689
1743381735.016848
1743381735.032784
1743381735.048820
1743381735.065307
1743381735.081019
1743381735.113524
1743381735.145111
1743381735.160607
1743381735.176653
1743381735.192832
1743381735.208674
1743381735.224506
1743381735.241028
1743381735.256823
1743381735.273023
1743381735.288836
1743381735.304996
1743381735.320726
1743381735.336837
1743381735.352913
1743381735.368818
1743381735.384904
1743381735.400906
1743381735.433623
1743381735.465125
1743381735.497151
1743381735.529340
1743381735.561346
1743381735.592883
1743381735.624905
1743381735.640748
1743381735.657069
1743381735.672813
1743381735.688890
1743381735.705014
1743381735.721027
1743381735.753644
1743381735.785035
1743381735.817134
1743381735.832504
1743381735.848601
1743381735.864608
1743381735.880720
1743381735.896610
1743381735.912706
1743381735.928634
1743381735.944807
1743381735.960666
1743381735.976729
1743381735.992681
1743381736.008860
1743381736.024872
1743381736.040968
1743381736.056909
1743381736.089467
1743381736.120981
1743381736.152986
1743381736.185048
1743381736.217045
1743381736.249375
1743381736.281390
1743381736.312855
1743381736.345308
1743381736.377109
1743381736.409338
1743381736.440363
1743381736.456499
1743381736.472712
1743381736.488547
1743381736.504709
1743381736.520678
1743381736.536604
1743381736.552768
1743381736.568681
1743381736.584715
1743381736.600749
1743381736.616737
1743381736.632662
1743381736.648759
1743381736.664757
1743381736.680869
1743381736.696817
1743381736.729432
1743381736.761115
1743381736.776596
1743381736.792625
1743381736.808651
1743381736.824731
1743381736.841006
1743381736.856638
1743381736.872921
1743381736.889004
1743381736.904899
1743381736.920763
1743381736.936480
1743381736.952440
1743381736.968713
1743381736.984888
1743381737.000806
1743381737.016831
1743381737.032802
1743381737.064959
1743381737.097374
1743381737.128946
1743381737.144553
1743381737.160536
1743381737.176659
1743381737.192729
1743381737.208601
1743381737.224748
1743381737.240773
1743381737.256767
1743381737.272684
1743381737.288768
1743381737.304866
1743381737.320882
1743381737.336710
1743381737.352771
1743381737.385521
1743381737.417100
1743381737.448884
1743381737.481057
1743381737.513367
1743381737.544744
1743381737.560774
1743381737.576598
1743381737.592423
1743381737.608740
1743381737.624754
1743381737.640942
1743381737.656928
1743381737.672897
1743381737.705161
1743381737.736897
1743381737.768804
1743381737.801345
1743381737.833077
1743381737.865258
1743381737.897095
1743381737.929163
1743381737.961101
1743381737.976673
1743381737.992790
1743381738.008831
1743381738.041001
1743381738.056431
1743381738.072545
1743381738.088596
1743381738.104625
1743381738.120545
1743381738.136618
1743381738.152417
1743381738.168563
1743381738.184617
1743381738.200641
1743381738.216706
1743381738.232673
1743381738.248678
1743381738.264768
1743381738.280661
1743381738.296701
1743381738.312572
1743381738.328907
1743381738.361300
1743381738.392607
1743381738.408405
1743381738.424590
1743381738.440774
1743381738.456615
1743381738.472567
1743381738.488602
1743381738.504680
1743381738.520598
1743381738.536492
1743381738.552657
1743381738.568647
1743381738.584620
1743381738.600658
1743381738.616694
1743381738.632703
1743381738.648766
1743381738.681523
1743381738.712645
1743381738.728155
1743381738.744435
1743381738.760456
1743381738.776708
1743381738.792543
1743381738.808502
1743381738.824796
1743381738.840693
1743381738.856693
1743381738.872610
1743381738.888660
1743381738.904642
1743381738.920799
1743381738.936755
1743381738.952631
1743381738.968633
1743381738.984790
1743381739.017523
1743381739.049010
1743381739.080832
1743381739.113071
1743381739.145069
1743381739.176465
1743381739.192476
1743381739.208518
1743381739.224797
1743381739.240750
1743381739.256701
1743381739.272809
1743381739.288734
1743381739.305203
1743381739.337538
1743381739.368794
1743381739.400811
1743381739.433310
1743381739.464943
1743381739.497138
1743381739.528900
1743381739.561163
1743381739.592765
1743381739.608677
1743381739.625000
1743381739.657116
1743381739.688684
1743381739.704303
1743381739.720328
1743381739.736396
1743381739.752341
1743381739.768479
1743381739.801358
1743381739.832940
1743381739.865339
1743381739.897234
1743381739.929280
1743381739.961168
1743381739.993293
1743381740.024573
1743381740.040444
1743381740.056380
1743381740.072584
1743381740.088697
1743381740.104578
1743381740.120378
1743381740.152925
1743381740.184949
1743381740.217197
1743381740.248900
1743381740.281443
1743381740.313350
1743381740.344800
1743381740.360351
1743381740.376400
1743381740.392397
1743381740.408589
1743381740.424503
1743381740.440611
1743381740.456601
1743381740.472662
1743381740.488585
1743381740.504512
1743381740.520500
1743381740.536581
1743381740.552682
1743381740.568531
1743381740.584743
1743381740.600701
1743381740.633071
1743381740.665358
1743381740.696808
1743381740.728872
1743381740.744416
1743381740.760484
1743381740.776521
1743381740.792525
1743381740.808515
1743381740.824523
1743381740.840650
1743381740.856886
1743381740.872518
1743381740.888549
1743381740.904748
1743381740.920695
1743381740.936647
1743381740.968956
1743381741.000733
1743381741.032969
1743381741.064952
1743381741.097375
1743381741.129061
1743381741.161214
1743381741.192944
1743381741.208585
1743381741.224663
1743381741.241021
1743381741.256579
1743381741.272624
1743381741.305268
1743381741.320886
1743381741.352816
1743381741.385103
1743381741.416839
1743381741.448819
1743381741.480913
1743381741.512991
1743381741.545079
1743381741.576754
1743381741.608985
1743381741.640361
1743381741.672416
1743381741.688557
1743381741.720698
1743381741.752691
1743381741.785073
1743381741.816853
1743381741.849141
1743381741.880909
1743381741.913041
1743381741.944964
1743381741.976763
1743381742.008876
1743381742.039752
1743381742.056372
1743381742.088417
1743381742.120234
1743381742.136183
1743381742.152518
1743381742.168611
1743381742.200973
1743381742.233159
1743381742.264992
1743381742.296853
1743381742.329102
1743381742.360952
1743381742.392420
1743381742.408540
1743381742.440633
1743381742.472693
1743381742.504643
1743381742.536864
1743381742.584812
1743381742.616894
1743381742.648811
1743381742.680798
1743381742.712965
1743381742.744954
1743381742.776465
1743381742.792720
1743381742.824549
1743381742.840843
1743381742.872848
1743381742.920655
1743381742.952667
1743381742.984798
1743381743.016905
1743381743.048899
1743381743.080683
1743381743.112778
1743381743.145066
1743381743.176917
1743381743.208597
1743381743.241015
1743381743.272448
1743381743.304519
1743381743.336664
1743381743.352116
1743381743.368310
1743381743.401077
1743381743.432637
1743381743.465129
1743381743.496940
1743381743.528995
1743381743.576575
1743381743.607865
1743381743.640193
1743381743.656311
1743381743.672665
1743381743.704610
1743381743.736611
1743381743.768497
1743381743.800455
1743381743.833090
1743381743.865140
1743381743.896997
1743381743.928820
1743381743.960719
1743381743.992492
1743381744.024544
1743381744.056467
1743381744.088568
1743381744.120816
1743381744.152877
1743381744.184927
1743381744.232669
1743381744.264526
1743381744.296791
1743381744.328833
1743381744.360926
1743381744.392592
1743381744.424324
1743381744.440475
1743381744.456450
1743381744.488643
1743381744.520874
1743381744.552761
1743381744.584709
1743381744.616751
1743381744.648791
1743381744.680940
1743381744.712745
1743381744.744516
1743381744.776478
1743381744.792590
1743381744.808511
1743381744.840675
1743381744.872887
1743381744.904630
1743381744.936614
1743381744.968911
1743381745.000515
1743381745.032628
1743381745.064783
1743381745.096876
1743381745.128835
1743381745.160965
1743381745.208231
1743381745.240551
1743381745.272500
1743381745.304716
1743381745.336583
1743381745.368588
1743381745.400880
1743381745.432937
1743381745.464969
1743381745.512717
1743381745.545173
1743381745.576690
1743381745.608206
1743381745.640564
1743381745.672554
1743381745.704565
1743381745.736689
1743381745.768977
1743381745.800941
1743381745.848851
1743381745.880833
1743381745.912632
1743381745.944796
1743381745.976604
1743381746.008472
1743381746.040403
1743381746.072573
1743381746.104476
1743381746.136651
1743381746.184550
1743381746.216889
1743381746.248727
1743381746.280831
1743381746.313268
1743381746.344930
1743381746.376917
1743381746.408395
1743381746.440631
1743381746.488342
1743381746.520415
1743381746.552692
1743381746.584746
1743381746.616785
1743381746.648800
1743381746.680659
1743381746.712849
1743381746.744777
1743381746.776780
1743381746.824441
1743381746.856199
1743381746.888344
1743381746.920557
1743381746.952737
1743381746.984638
1743381747.016785
1743381747.048973
1743381747.080923
1743381747.112858
1743381747.160640
1743381747.191964
1743381747.224432
1743381747.256398
1743381747.288290
1743381747.320464
1743381747.352498
1743381747.384675
1743381747.416855
1743381747.464487
1743381747.496541
1743381747.528415
1743381747.560721
1743381747.592366
1743381747.624245
1743381747.656293
1743381747.688302
1743381747.720717
1743381747.752835
1743381747.800413
1743381747.832572
1743381747.864489
1743381747.896569
1743381747.928796
1743381747.960503
1743381747.992504
1743381748.024509
1743381748.056460
1743381748.088642
1743381748.136120
1743381748.168449
1743381748.200429
1743381748.232666
1743381748.264651
1743381748.296746
1743381748.328553
1743381748.360859
1743381748.392498
1743381748.440207
1743381748.472187
1743381748.504109
1743381748.520509
1743381748.552457
1743381748.584851
1743381748.616688
1743381748.648775
1743381748.680838
1743381748.712828
1743381748.744719
1743381748.776506
1743381748.808365
1743381748.840376
1743381748.872144
1743381748.888216
1743381748.904268
1743381748.936446
1743381748.968500
1743381749.000666
1743381749.032581
1743381749.064861
1743381749.112598
1743381749.144608
1743381749.176614
1743381749.208364
1743381749.240398
1743381749.272290
1743381749.304425
1743381749.336543
1743381749.368827
1743381749.400744
1743381749.432716
1743381749.464398
1743381749.496614
1743381749.528759
1743381749.560556
1743381749.592246
1743381749.624300
1743381749.656205
1743381749.672402
1743381749.704524
1743381749.752294
1743381749.784689
1743381749.816435
1743381749.848445
1743381749.880411
1743381749.912616
1743381749.944788
1743381749.977072
1743381750.008431
1743381750.040328
1743381750.056371
1743381750.088302
1743381750.120400
1743381750.152342
1743381750.184466
1743381750.216557
1743381750.248803
1743381750.280685
1743381750.312732
1743381750.344651
1743381750.376859
1743381750.408799
1743381750.440185
1743381750.472129
1743381750.504122
1743381750.536250
1743381750.568433
1743381750.600555
1743381750.632433
1743381750.665008
1743381750.696582
1743381750.728733
1743381750.760437
1743381750.792119
1743381750.823972
1743381750.840164
1743381750.872258
1743381750.904192
1743381750.936475
1743381750.968739
1743381751.000667
1743381751.032729
1743381751.064710
1743381751.096304
1743381751.128642
1743381751.160493
1743381751.192042
1743381751.224262
1743381751.256279
1743381751.288372
1743381751.320488
1743381751.368209
1743381751.400440
1743381751.432572
1743381751.464383
1743381751.496400
1743381751.528425
1743381751.560502
1743381751.592160
1743381751.624320
1743381751.655933
1743381751.704158
1743381751.736282
1743381751.768269
1743381751.800327
1743381751.832440
1743381751.864585
1743381751.896257
1743381751.928459
1743381751.960334
1743381751.992464
1743381752.040051
1743381752.072057
1743381752.104112
1743381752.136178
1743381752.168382
1743381752.200439
1743381752.232404
1743381752.264532
1743381752.296414
1743381752.328670
1743381752.360670
1743381752.391857
1743381752.408049
1743381752.424048
1743381752.456099
1743381752.472095
1743381752.504077
1743381752.536306
1743381752.568612
1743381752.600662
1743381752.632479
1743381752.680435
1743381752.712289
1743381752.744590
1743381752.776387
1743381752.808068
1743381752.840272
1743381752.872108
1743381752.904130
1743381752.936360
1743381752.968483
1743381753.016177
1743381753.048496
1743381753.080404
1743381753.112396
1743381753.144556
1743381753.176085
1743381753.208153
1743381753.240162
1743381753.272153
1743381753.288300
1743381753.336142
1743381753.368183
1743381753.400330
1743381753.432310
1743381753.464295
1743381753.496239
1743381753.528381
1743381753.560546
1743381753.592195
1743381753.624190
1743381753.656461
1743381753.687897
1743381753.720263
1743381753.752299
1743381753.784507
1743381753.816606
1743381753.848556
1743381753.880597
1743381753.912586
1743381753.944895
1743381753.992226
1743381754.023929
1743381754.056025
1743381754.087853
1743381754.120152
1743381754.152425
1743381754.184603
1743381754.216544
1743381754.248773
1743381754.280630
1743381754.312545
1743381754.344301
1743381754.375961
1743381754.408005
1743381754.440194
1743381754.471947
1743381754.504135
1743381754.536377
1743381754.568524
1743381754.600713
1743381754.632322
1743381754.664548
1743381754.696162
1743381754.728587
1743381754.760192
1743381754.792215
1743381754.824199
1743381754.856291
1743381754.888135
1743381754.920581
1743381754.968042
1743381755.000100
1743381755.032275
1743381755.064423
1743381755.096375
1743381755.128226
1743381755.160346
1743381755.191983
1743381755.224052
1743381755.240376
1743381755.287825
1743381755.319821
1743381755.352123
1743381755.384435
1743381755.416309
1743381755.448628
1743381755.480523
1743381755.512596
1743381755.544562
1743381755.576515
1743381755.608316
1743381755.639862
1743381755.671894
1743381755.704229
1743381755.736324
1743381755.768192
1743381755.800287
1743381755.832257
1743381755.864404
1743381755.896452
1743381755.944047
1743381755.976266
1743381756.007807
1743381756.040041
1743381756.071954
1743381756.104201
1743381756.136058
1743381756.168042
1743381756.200150
1743381756.232654
1743381756.264521
1743381756.296262
1743381756.328260
1743381756.360424
1743381756.391855
1743381756.423850
1743381756.455885
1743381756.488010
1743381756.520163
1743381756.552458
1743381756.584424
1743381756.616060
1743381756.648323
1743381756.680344
1743381756.712288
1743381756.744140
1743381756.775858
1743381756.791878
1743381756.807802
1743381756.840189
1743381756.872064
1743381756.919858
1743381756.952067
1743381756.984238
1743381757.016409
1743381757.048405
1743381757.080205
1743381757.112342
1743381757.144468
1743381757.176488
1743381757.207853
1743381757.239996
1743381757.272066
1743381757.303779
1743381757.336035
1743381757.368023
1743381757.400219
1743381757.432233
1743381757.464428
1743381757.496228
1743381757.528541
1743381757.560276
1743381757.591729
1743381757.623765
1743381757.639770
1743381757.672022
1743381757.703864
1743381757.735972
1743381757.768246
1743381757.800385
1743381757.832382
1743381757.864474
1743381757.896430
1743381757.928001
1743381757.960113
1743381757.991999
1743381758.023918
1743381758.055930
1743381758.087920
1743381758.120268
1743381758.152450
1743381758.184581
1743381758.216390
1743381758.248354
1743381758.280074
1743381758.312242
1743381758.344107
1743381758.375964
1743381758.407824
1743381758.440017
1743381758.471988
1743381758.504168
1743381758.536377
1743381758.568290
1743381758.600101
1743381758.632090
1743381758.664214
1743381758.695919
1743381758.728059
1743381758.760080
1743381758.791967
1743381758.823848
1743381758.839958
1743381758.872303
1743381758.903952
1743381758.935834
1743381758.968021
1743381759.000157
1743381759.032026
1743381759.064103
1743381759.096401
1743381759.128390
1743381759.160402
1743381759.192234
1743381759.223553
1743381759.255788
1743381759.287798
1743381759.320073
1743381759.352255
1743381759.384214
1743381759.415555
1743381759.447536
1743381759.464216
1743381759.512166
1743381759.543971
1743381759.575792
1743381759.607646
1743381759.639697
1743381759.671427
1743381759.687664
1743381759.703674
1743381759.736220
1743381759.768215
1743381759.800349
1743381759.848266
1743381759.880022
1743381759.912086
1743381759.943899
1743381759.975814
1743381760.007736
1743381760.039804
1743381760.071720
1743381760.104053
1743381760.136093
1743381760.168169
1743381760.199880
1743381760.232005
1743381760.264034
1743381760.296100
1743381760.327832
1743381760.360474
1743381760.391890
1743381760.423937
1743381760.456141
1743381760.488223
1743381760.519846
1743381760.552042
1743381760.584215
1743381760.616064
1743381760.648293
1743381760.680067
1743381760.712095
1743381760.744129
1743381760.775973
1743381760.823515
1743381760.855575
1743381760.887643
1743381760.903621
1743381760.919669
1743381760.951877
1743381760.984217
1743381761.016255
1743381761.048240
1743381761.080298
1743381761.112251
1743381761.144250
1743381761.175858
1743381761.207752
1743381761.239512
1743381761.255539
1743381761.271637
1743381761.303831
1743381761.335759
1743381761.367912
1743381761.400277
1743381761.432222
1743381761.464522
1743381761.496087
1743381761.527890
1743381761.559987
1743381761.591680
1743381761.623850
1743381761.655758
1743381761.687692
1743381761.703571
1743381761.719687
1743381761.752122
1743381761.799924
1743381761.832023
1743381761.863868
1743381761.896027
1743381761.928103
1743381761.960350
1743381761.991852
1743381762.023824
1743381762.056059
1743381762.087846
1743381762.120169
1743381762.151899
1743381762.183612
1743381762.215896
1743381762.248043
1743381762.279878
1743381762.312011
1743381762.343979
1743381762.376145
1743381762.407906
1743381762.439923
1743381762.471416
1743381762.487478
1743381762.503404
1743381762.535747
1743381762.567880
1743381762.599993
1743381762.631873
1743381762.664038
1743381762.696214
1743381762.728267
1743381762.775836
1743381762.807658
1743381762.839432
1743381762.855519
1743381762.871442
1743381762.887551
1743381762.919980
1743381762.951811
1743381762.983997
1743381763.016332
1743381763.048130
1743381763.095928
1743381763.127970
1743381763.159829
1743381763.191604
1743381763.223595
1743381763.239844
1743381763.271723
1743381763.303771
1743381763.335870
1743381763.368331
1743381763.415800
1743381763.447920
1743381763.479787
1743381763.512036
1743381763.543585
1743381763.575643
1743381763.607551
1743381763.639787
1743381763.671578
1743381763.687622
1743381763.703771
1743381763.719729
1743381763.752270
1743381763.783762
1743381763.815925
1743381763.847920
1743381763.879980
1743381763.911931
1743381763.943993
1743381763.975886
1743381764.007504
1743381764.023620
1743381764.071614
1743381764.103626
1743381764.135669
1743381764.167709
1743381764.199895
1743381764.232165
1743381764.263942
1743381764.295910
1743381764.328025
1743381764.360140
1743381764.392256
1743381764.423388
1743381764.439506
1743381764.455511
1743381764.487582
1743381764.519752
1743381764.551746
1743381764.583821
1743381764.616045
1743381764.647893
1743381764.680104
1743381764.727931
1743381764.759852
1743381764.791375
1743381764.823418
1743381764.839828
1743381764.871735
1743381764.903689
1743381764.935954
1743381764.967801
1743381765.000089
1743381765.047796
1743381765.079843
1743381765.111945
1743381765.143780
1743381765.175460
1743381765.207568
1743381765.223672
1743381765.255716
1743381765.287558
1743381765.319669
1743381765.367618
1743381765.399781
1743381765.431803
1743381765.463657
1743381765.496034
1743381765.528035
1743381765.560099
1743381765.591518
1743381765.623566
1743381765.655780
1743381765.703434
1743381765.735642
1743381765.767810
1743381765.799652
1743381765.832027
1743381765.863759
1743381765.895926
1743381765.928005
1743381765.960211
1743381765.991611
1743381766.023886
1743381766.055574
1743381766.087365
1743381766.119595
1743381766.151831
1743381766.183920
1743381766.215723
1743381766.247869
1743381766.279974
1743381766.311964
1743381766.343848
1743381766.375308
1743381766.407527
1743381766.439377
1743381766.471494
1743381766.503459
1743381766.535595
1743381766.567489
1743381766.600115
1743381766.632103
1743381766.679700
1743381766.711625
1743381766.744105
1743381766.775863
1743381766.807609
1743381766.839505
1743381766.871557
1743381766.903655
1743381766.935745
1743381766.967971
1743381766.999898
1743381767.031621
1743381767.063747
1743381767.095606
1743381767.128059
1743381767.159681
1743381767.191646
1743381767.223467
1743381767.239455
1743381767.255608
1743381767.271575
1743381767.319330
1743381767.351715
1743381767.383970
1743381767.415822
1743381767.447696
1743381767.479292
1743381767.511841
1743381767.543730
1743381767.575805
1743381767.607666
1743381767.655347
1743381767.687249
1743381767.719695
1743381767.751638
1743381767.783218
1743381767.815889
1743381767.847798
1743381767.879860
1743381767.911793
1743381767.943819
1743381767.975881
1743381768.007420
1743381768.039312
1743381768.071352
1743381768.103504
1743381768.135392
1743381768.167887
1743381768.199963
1743381768.232033
1743381768.263960
1743381768.295843
1743381768.327588
1743381768.359727
1743381768.391373
1743381768.423384
1743381768.455350
1743381768.487598
1743381768.519653
1743381768.551961
1743381768.583838
1743381768.631547
1743381768.663647
1743381768.695863
1743381768.727828
1743381768.759774
1743381768.791417
1743381768.823517
1743381768.855423
1743381768.887535
1743381768.919910
1743381768.951856
1743381768.983842
1743381769.015791
1743381769.047542
1743381769.079787
1743381769.111736
1743381769.143850
1743381769.175659
1743381769.207754
1743381769.239724
1743381769.271767
1743381769.303399
1743381769.335507
1743381769.367509
1743381769.399412
1743381769.431776
1743381769.464055
1743381769.495670
1743381769.527827
1743381769.559881
1743381769.607215
1743381769.639194
1743381769.671209
1743381769.703367
1743381769.735426
1743381769.767694
1743381769.799878
1743381769.831820
1743381769.863797
1743381769.895859
1743381769.928038
1743381769.959729
1743381769.991314
1743381770.023275
1743381770.039548
1743381770.071506
1743381770.103338
1743381770.135493
1743381770.167728
1743381770.199602
1743381770.247481
1743381770.279532
1743381770.311494
1743381770.343634
1743381770.375601
1743381770.407423
1743381770.439304
1743381770.471362
1743381770.503461
1743381770.535737
1743381770.583210
1743381770.615505
1743381770.647556
1743381770.679750
1743381770.711642
1743381770.743787
1743381770.775739
1743381770.807384
1743381770.839318
1743381770.855600
1743381770.903268
1743381770.935306
1743381770.967319
1743381770.999447
1743381771.031800
1743381771.063956
1743381771.095526
1743381771.127845
1743381771.159768
1743381771.191379
1743381771.223690
1743381771.254922
1743381771.287125
1743381771.319278
1743381771.351451
1743381771.383772
1743381771.415557
1743381771.447796
1743381771.479827
1743381771.511906
1743381771.559521
1743381771.591253
1743381771.623297
1743381771.655178
1743381771.687326
1743381771.719393
1743381771.751645
1743381771.783665
1743381771.815762
1743381771.847918
1743381771.879831
1743381771.911684
1743381771.943465
1743381771.975258
1743381772.007101
1743381772.023245
1743381772.055405
1743381772.087436
1743381772.119460
1743381772.151425
1743381772.199237
1743381772.231787
1743381772.263506
1743381772.295557
1743381772.327095
1743381772.359759
1743381772.391340
1743381772.423267
1743381772.455463
1743381772.487389
1743381772.535075
1743381772.567290
1743381772.599358
1743381772.631446
1743381772.663751
1743381772.695327
1743381772.727833
1743381772.759526
1743381772.791404
1743381772.823467
1743381772.856008
1743381772.886955
1743381772.919208
1743381772.951302
1743381772.983577
1743381773.015722
1743381773.047499
1743381773.079692
1743381773.111710
1743381773.143801
1743381773.175824
1743381773.207056
1743381773.239182
1743381773.271191
1743381773.303205
1743381773.335218
1743381773.367441
1743381773.399308
1743381773.431693
1743381773.463712
1743381773.511210
1743381773.543470
1743381773.575398
1743381773.607152
1743381773.639014
1743381773.655060
1743381773.671089
1743381773.686998
1743381773.719454
1743381773.751514
1743381773.783730
1743381773.831335
1743381773.863450
1743381773.895477
1743381773.927423
1743381773.959336
1743381773.991297
1743381774.022993
1743381774.039135
1743381774.055235
1743381774.087374
1743381774.119646
1743381774.151683
1743381774.183373
1743381774.215417
1743381774.247679
1743381774.279467
1743381774.311475
1743381774.343539
1743381774.375098
1743381774.407393
1743381774.439239
1743381774.487109
1743381774.519398
1743381774.551204
1743381774.583493
1743381774.615476
1743381774.647598
1743381774.679678
1743381774.711711
1743381774.743524
1743381774.775378
1743381774.807349
1743381774.838887
1743381774.871325
1743381774.903353
1743381774.935496
1743381774.968142
1743381774.999452
1743381775.031583
1743381775.063546
1743381775.095681
1743381775.127757
1743381775.159345
1743381775.191090
1743381775.223090
1743381775.255102
1743381775.287073
1743381775.319444
1743381775.351337
1743381775.383454
1743381775.415460
1743381775.463259
1743381775.495340
1743381775.527684
1743381775.558825
1743381775.590931
1743381775.606735
1743381775.623034
1743381775.655401
1743381775.687126
1743381775.703200
1743381775.719112
1743381775.751386
1743381775.783654
1743381775.815431
1743381775.847261
1743381775.879302
1743381775.911277
1743381775.943608
1743381775.975332
1743381776.007149
1743381776.039317
1743381776.071322
1743381776.103571
1743381776.134916
1743381776.167241
1743381776.199293
1743381776.231194
1743381776.263380
1743381776.295319
1743381776.327854
1743381776.359467
1743381776.391179
1743381776.438949
1743381776.470742
1743381776.486751
1743381776.502771
1743381776.535185
1743381776.567311
1743381776.599365
1743381776.631302
1743381776.663481
1743381776.695497
1743381776.727539
1743381776.759367
1743381776.790998
1743381776.822956
1743381776.839027
1743381776.854990
1743381776.886850
1743381776.919086
1743381776.951181
1743381776.983515
1743381777.015752
1743381777.047613
1743381777.079566
1743381777.111359
1743381777.143565
1743381777.175370
1743381777.206891
1743381777.223120
1743381777.254920
1743381777.287022
1743381777.319556
1743381777.351368
1743381777.383528
1743381777.415634
1743381777.447376
1743381777.479340
1743381777.511479
1743381777.543473
1743381777.575298
1743381777.606982
1743381777.622823
1743381777.639018
1743381777.671334
1743381777.703349
1743381777.735415
1743381777.767285
1743381777.799314
1743381777.831244
1743381777.863341
1743381777.895443
1743381777.927421
1743381777.959668
1743381777.990983
1743381778.023133
1743381778.055448
1743381778.086942
1743381778.119227
1743381778.151095
1743381778.183165
1743381778.215331
1743381778.247386
1743381778.279239
1743381778.311357
1743381778.343606
1743381778.391084
1743381778.422715
1743381778.454912
1743381778.487015
1743381778.519066
1743381778.550880
1743381778.583494
1743381778.615273
1743381778.647580
1743381778.679464
1743381778.711371
1743381778.743157
1743381778.775249
1743381778.807057
1743381778.839029
1743381778.870946
1743381778.903251
1743381778.935265
1743381778.967282
1743381778.999446
1743381779.031452
1743381779.063367
1743381779.095379
1743381779.127541
1743381779.159315
1743381779.190979
1743381779.222851
1743381779.239056
1743381779.270983
1743381779.303083
1743381779.335248
1743381779.367583
1743381779.399070
1743381779.431452
1743381779.463333
1743381779.495207
1743381779.527416
1743381779.559285
1743381779.590947
1743381779.623068
1743381779.638921
1743381779.686925
1743381779.719156
1743381779.751119
1743381779.783049
1743381779.815192
1743381779.847273
1743381779.879288
1743381779.911258
1743381779.943517
1743381779.975401
1743381780.006903
1743381780.038946
1743381780.070861
1743381780.102866
1743381780.135064
1743381780.167376
1743381780.199471
1743381780.231454
1743381780.263460
1743381780.295434
1743381780.342887
1743381780.375123
1743381780.406600
1743381780.438918
1743381780.470879
1743381780.502994
1743381780.535124
1743381780.567223
1743381780.599324
1743381780.631555
1743381780.663028
1743381780.694782
1743381780.727421
1743381780.759131
1743381780.791349
1743381780.822891
1743381780.855073
1743381780.887078
1743381780.919223
1743381780.951419
1743381780.983430
1743381781.015161
1743381781.047376
1743381781.079234
1743381781.111190
1743381781.143088
1743381781.175322
1743381781.206867
1743381781.238929
1743381781.255094
1743381781.286915
1743381781.319312
1743381781.351065
1743381781.383180
1743381781.415037
1743381781.447080
1743381781.479208
1743381781.511513
1743381781.543290
1743381781.575289
1743381781.607069
1743381781.639159
1743381781.654626
1743381781.686973
1743381781.719233
1743381781.750936
1743381781.783153
1743381781.815341
1743381781.847195
1743381781.879276
1743381781.911200
1743381781.959068
1743381781.990563
1743381782.022705
1743381782.054619
1743381782.086803
1743381782.119034
1743381782.150944
1743381782.183199
1743381782.215134
1743381782.247388
1743381782.294920
1743381782.327067
1743381782.358871
1743381782.390828
1743381782.423027
1743381782.454768
1743381782.486844
1743381782.519048
1743381782.551142
1743381782.583327
1743381782.615212
1743381782.647116
1743381782.679139
1743381782.711080
1743381782.742899
1743381782.774587
1743381782.806692
1743381782.838710
1743381782.870920
1743381782.902887
1743381782.935329
1743381782.967014
1743381782.999106
1743381783.031081
1743381783.063230
1743381783.095101
1743381783.127368
1743381783.159229
1743381783.190867
1743381783.222821
1743381783.270642
1743381783.302577
1743381783.334830
1743381783.367122
1743381783.399132
1743381783.430396
1743381783.463297
1743381783.495062
1743381783.527169
1743381783.559261
1743381783.591078
1743381783.622579
1743381783.654699
1743381783.670572
1743381783.702825
1743381783.734950
1743381783.767165
1743381783.799078
1743381783.831106
1743381783.863271
1743381783.911158
1743381783.942934
1743381783.974799
1743381784.006609
1743381784.038597
1743381784.055123
1743381784.086877
1743381784.118933
1743381784.150973
1743381784.183322
1743381784.215261
1743381784.247145
1743381784.279139
1743381784.310831
1743381784.343047
1743381784.374684
1743381784.406602
1743381784.438768
1743381784.470701
1743381784.502818
1743381784.535111
1743381784.567324
1743381784.598900
1743381784.630910
1743381784.662961
1743381784.694820
1743381784.727240
1743381784.759084
1743381784.790716
1743381784.822723
1743381784.854946
1743381784.887199
1743381784.918670
1743381784.950839
1743381784.982645
1743381784.998589
1743381785.031100
1743381785.063163
1743381785.094946
1743381785.127159
1743381785.159301
1743381785.191080
1743381785.223062
1743381785.254647
1743381785.286776
1743381785.318679
1743381785.350886
1743381785.382902
1743381785.414978
1743381785.447177
1743381785.479177
1743381785.511071
1743381785.543193
1743381785.574698
1743381785.606671
1743381785.638641
1743381785.670785
1743381785.686436
1743381785.718890
1743381785.750907
1743381785.783167
1743381785.815248
1743381785.863094
1743381785.894813
1743381785.927100
1743381785.959092
1743381785.990755
1743381786.022524
1743381786.038590
1743381786.054671
1743381786.086629
1743381786.118959
1743381786.150878
1743381786.198818
1743381786.230860
1743381786.262941
1743381786.294883
1743381786.326956
1743381786.358924
1743381786.390694
1743381786.422774
1743381786.454650
1743381786.486742
1743381786.519585
1743381786.550913
1743381786.582977
1743381786.614805
1743381786.647024
1743381786.678871
1743381786.711030
1743381786.743008
1743381786.774603
1743381786.806725
1743381786.839227
1743381786.870530
1743381786.902757
1743381786.934984
1743381786.966743
1743381786.998926
1743381787.031103
1743381787.063229
1743381787.095173
1743381787.127193
1743381787.174724
1743381787.206227
1743381787.238369
1743381787.270611
1743381787.302531
1743381787.335037
1743381787.367075
1743381787.399084
1743381787.431073
1743381787.463134
1743381787.495098
1743381787.526962
1743381787.558903
1743381787.590383
1743381787.622609
1743381787.654405
1743381787.670402
1743381787.686660
1743381787.702421
1743381787.734747
1743381787.767031
1743381787.814857
1743381787.846743
1743381787.878744
1743381787.910878
1743381787.942764
1743381787.974531
1743381788.006590
1743381788.038369
1743381788.054615
1743381788.070655
1743381788.102890
1743381788.150828
1743381788.182747
1743381788.214535
1743381788.246817
1743381788.279102
1743381788.310909
1743381788.343041
1743381788.374721
1743381788.406577
1743381788.438859
1743381788.471029
1743381788.502276
1743381788.534625
1743381788.566747
1743381788.598680
1743381788.630877
1743381788.663068
1743381788.694745
1743381788.726830
1743381788.759180
1743381788.791364
1743381788.822384
1743381788.838379
1743381788.870398
1743381788.902511
1743381788.934848
1743381788.966474
1743381788.998751
1743381789.030949
1743381789.062971
1743381789.094964
1743381789.127076
1743381789.158912
1743381789.190538
1743381789.222451
1743381789.254553
1743381789.286625
1743381789.318891
1743381789.351049
1743381789.383077
1743381789.414981
1743381789.446840
1743381789.478711
1743381789.510524
1743381789.542654
1743381789.574378
1743381789.606256
1743381789.638066
1743381789.654444
1743381789.686470
1743381789.718941
1743381789.766512
1743381789.798502
1743381789.830563
1743381789.862781
1743381789.894511
1743381789.926808
1743381789.958729
1743381789.990683
1743381790.022758
1743381790.054520
1743381790.102244
1743381790.134433
1743381790.166656
1743381790.198846
1743381790.230649
1743381790.262716
1743381790.294985
1743381790.326712
1743381790.358844
1743381790.390673
1743381790.422802
1743381790.454584
1743381790.486406
1743381790.518817
1743381790.550430
1743381790.582944
1743381790.614638
1743381790.646940
1743381790.678994
1743381790.711009
1743381790.742928
1743381790.774498
1743381790.806237
1743381790.838260
1743381790.854319
1743381790.870396
1743381790.902539
1743381790.934680
1743381790.966789
1743381790.998863
1743381791.031013
1743381791.078626
1743381791.110692
1743381791.143025
1743381791.174408
1743381791.206257
1743381791.238466
1743381791.270453
1743381791.302459
1743381791.334106
1743381791.366860
1743381791.398730
1743381791.430993
1743381791.462847
1743381791.494475
1743381791.526741
1743381791.558625
1743381791.590390
1743381791.622790
1743381791.653977
1743381791.685835
1743381791.719293
1743381791.750248
1743381791.782747
1743381791.814682
1743381791.846939
1743381791.878452
1743381791.910721
1743381791.942893
1743381791.975009
1743381792.006371
1743381792.022363
1743381792.054984
1743381792.086123
1743381792.102246
1743381792.134590
1743381792.166666
1743381792.198607
1743381792.231110
1743381792.262818
1743381792.294959
1743381792.326799
1743381792.374426
1743381792.405999
1743381792.438192
1743381792.470468
1743381792.502035
1743381792.518017
1743381792.550487
1743381792.582701
1743381792.614808
1743381792.647018
1743381792.694333
1743381792.726556
1743381792.758701
1743381792.790291
1743381792.822349
1743381792.854074
1743381792.886494
1743381792.918721
1743381792.950751
1743381792.982916
1743381793.030468
1743381793.062596
1743381793.094736
1743381793.126637
1743381793.158651
1743381793.190281
1743381793.222449
1743381793.254446
1743381793.286538
1743381793.318599
1743381793.350778
1743381793.382588
1743381793.414697
1743381793.446793
1743381793.478477
1743381793.510584
1743381793.542801
1743381793.574587
1743381793.606424
1743381793.638400
1743381793.670768
1743381793.702283
1743381793.734375
1743381793.766265
1743381793.798277
1743381793.830875
1743381793.862597
1743381793.894789
1743381793.926743
1743381793.958808
1743381794.006202
1743381794.038076
1743381794.070298
1743381794.102245
1743381794.134261
1743381794.166720
1743381794.198478
1743381794.230821
1743381794.262842
1743381794.294787
1743381794.326769
1743381794.358318
1743381794.390116
1743381794.422147
1743381794.454338
1743381794.486376
1743381794.518388
1743381794.550431
1743381794.582781
1743381794.614598
1743381794.646681
1743381794.678390
1743381794.710145
1743381794.742708
1743381794.774572
1743381794.806076
1743381794.838394
1743381794.870543
1743381794.902465
1743381794.934576
1743381794.982551
1743381795.014594
1743381795.046472
1743381795.078269
1743381795.110620
1743381795.142571
1743381795.174530
1743381795.206118
1743381795.238442
1743381795.270669
1743381795.302804
1743381795.334033
1743381795.366297
1743381795.398594
1743381795.430323
1743381795.462762
1743381795.494566
1743381795.527025
1743381795.558711
1743381795.590317
1743381795.622459
1743381795.654063
1743381795.686165
1743381795.718480
1743381795.750277
1743381795.782386
1743381795.814427
1743381795.846582
1743381795.878853
1743381795.910662
1743381795.958247
1743381795.989808
1743381796.022053
1743381796.038054
1743381796.070184
1743381796.102232
1743381796.134481
1743381796.166545
1743381796.198566
1743381796.230666
1743381796.278473
1743381796.310358
1743381796.342502
1743381796.374452
1743381796.406081
1743381796.438344
1743381796.470185
1743381796.502356
1743381796.534904
1743381796.566551
1743381796.598322
1743381796.630559
1743381796.662725
1743381796.694376
1743381796.726553
1743381796.758399
1743381796.790189
1743381796.822043
1743381796.838093
1743381796.854079
1743381796.886534
1743381796.934427
1743381796.966498
1743381796.998315
1743381797.030305
1743381797.062487
1743381797.094298
1743381797.126638
1743381797.158532
1743381797.190351
1743381797.222290
1743381797.254675
1743381797.285887
1743381797.301925
1743381797.334154
1743381797.366219
1743381797.398688
1743381797.430371
1743381797.462364
1743381797.494491
1743381797.526738
1743381797.574315
1743381797.605877
1743381797.637946
1743381797.670255
1743381797.702120
1743381797.734200
1743381797.766302
1743381797.798214
1743381797.830562
1743381797.862399
1743381797.910185
1743381797.941732
1743381797.957739
1743381797.989872
1743381798.022121
1743381798.053946
1743381798.086046
1743381798.118307
1743381798.150370
1743381798.182473
1743381798.230346
1743381798.262098
1743381798.294337
1743381798.326435
1743381798.358383
1743381798.390110
1743381798.422075
1743381798.453831
1743381798.470024
1743381798.486133
1743381798.518520
1743381798.549990
1743381798.582594
1743381798.614244
1743381798.646477
1743381798.678551
1743381798.710289
1743381798.742395
1743381798.774417
1743381798.806278
1743381798.838243
1743381798.854200
1743381798.886536
1743381798.918195
1743381798.950479
1743381798.982368
1743381799.014442
1743381799.046216
1743381799.078585
1743381799.110261
1743381799.142562
1743381799.174734
1743381799.206576
1743381799.237854
1743381799.270381
1743381799.302118
1743381799.333746
1743381799.366294
1743381799.398601
1743381799.430613
1743381799.462302
1743381799.494459
1743381799.526585
1743381799.558408
1743381799.589847
1743381799.622049
1743381799.653868
1743381799.685960
1743381799.718081
1743381799.750276
1743381799.782490
1743381799.814554
1743381799.862212
1743381799.894227
1743381799.926302
1743381799.958310
1743381799.990002
1743381800.021912
1743381800.054147
1743381800.086035
1743381800.118199
1743381800.150460
1743381800.182588
1743381800.214309
1743381800.246620
1743381800.278482
1743381800.310364
1743381800.342380
1743381800.374147
1743381800.406123
1743381800.438049
1743381800.470450
1743381800.502385
1743381800.534135
1743381800.566106
1743381800.598095
1743381800.630407
1743381800.662571
1743381800.694434
1743381800.726456
1743381800.758572
1743381800.790552
1743381800.837693
1743381800.869722
1743381800.902065
1743381800.934357
1743381800.966376
1743381800.998253
1743381801.030340
1743381801.062496
1743381801.094444
1743381801.126280
1743381801.158635
1743381801.189924
1743381801.221625
1743381801.237722
1743381801.253747
1743381801.269919
1743381801.301839
1743381801.334169
1743381801.366363
1743381801.398302
1743381801.430459
1743381801.478180
1743381801.510284
1743381801.542068
1743381801.573955
1743381801.605759
1743381801.637772
1743381801.670167
1743381801.702057
1743381801.734178
1743381801.766165
1743381801.814022
1743381801.846165
1743381801.878383
1743381801.909973
1743381801.942178
1743381801.974070
1743381802.006063
1743381802.037832
1743381802.069878
1743381802.101786
1743381802.134480
1743381802.166087
1743381802.198170
1743381802.230111
1743381802.262201
1743381802.294111
1743381802.326329
1743381802.358233
1743381802.390088
1743381802.421974
1743381802.454519
1743381802.485990
1743381802.518042
1743381802.550127
1743381802.582248
1743381802.614215
1743381802.646317
1743381802.678301
1743381802.710372
1743381802.742448
1743381802.790176
1743381802.821762
1743381802.853800
1743381802.886006
1743381802.918051
1743381802.950110
1743381802.982514
1743381803.014361
1743381803.046402
1743381803.078383
1743381803.110540
1743381803.142075
1743381803.173774
1743381803.205843
1743381803.237883
1743381803.270063
1743381803.301950
1743381803.334070
1743381803.366279
1743381803.398232
1743381803.430664
1743381803.462153
1743381803.494039
1743381803.526081
1743381803.558225
1743381803.589857
1743381803.621855
1743381803.654018
1743381803.686031
1743381803.718086
1743381803.765837
1743381803.797851
1743381803.830213
1743381803.862361
1743381803.894099
1743381803.926154
1743381803.958047
1743381803.989831
1743381804.021936
1743381804.038112
1743381804.085749
1743381804.117855
1743381804.150044
1743381804.182161
1743381804.214260
1743381804.246197
1743381804.278292
1743381804.310529
1743381804.342337
1743381804.374115
1743381804.406230
1743381804.437923
1743381804.469762
1743381804.501644
1743381804.533804
1743381804.566095
1743381804.598183
1743381804.630107
1743381804.662019
1743381804.694202
1743381804.741905
1743381804.774052
1743381804.805640
1743381804.821661
1743381804.853723
1743381804.885867
1743381804.917924
1743381804.950105
1743381804.982305
1743381805.014848
1743381805.062125
1743381805.093914
1743381805.125919
1743381805.158302
1743381805.189448
1743381805.221753
1743381805.237706
1743381805.269892
1743381805.301944
1743381805.334084
1743381805.382041
1743381805.413986
1743381805.446098
1743381805.478385
1743381805.510179
1743381805.541947
1743381805.573995
1743381805.605862
1743381805.637876
1743381805.654159
1743381805.685959
1743381805.718479
1743381805.749896
1743381805.782074
1743381805.814165
1743381805.846132
1743381805.878274
1743381805.910100
1743381805.941981
1743381805.973990
1743381806.005818
1743381806.038241
1743381806.069596
1743381806.101959
1743381806.133791
1743381806.166060
1743381806.197947
1743381806.230065
1743381806.262295
1743381806.294213
1743381806.326196
1743381806.358137
1743381806.389393
1743381806.421634
1743381806.453543
1743381806.469570
1743381806.501893
1743381806.533712
1743381806.565819
1743381806.598180
1743381806.630283
1743381806.662136
1743381806.693410
1743381806.725851
1743381806.758058
1743381806.789720
1743381806.821041
1743381806.837595
1743381806.869940
1743381806.901758
1743381806.933878
1743381806.966054
1743381807.013912
1743381807.045870
1743381807.077872
1743381807.109970
1743381807.141831
1743381807.174036
1743381807.205647
1743381807.237825
1743381807.269837
1743381807.301950
1743381807.334215
1743381807.365211
1743381807.397679
1743381807.429810
1743381807.461934
1743381807.494178
1743381807.526093
1743381807.558014
1743381807.589724
1743381807.621880
1743381807.669529
1743381807.701699
1743381807.733734
1743381807.765874
1743381807.797810
1743381807.829828
1743381807.862172
1743381807.894228
1743381807.925899
1743381807.958104
1743381807.990048
1743381808.021559
1743381808.053417
1743381808.085611
1743381808.118021
1743381808.149857
1743381808.181964
1743381808.214146
1743381808.246145
1743381808.278251
1743381808.310228
1743381808.342013
1743381808.373744
1743381808.405602
1743381808.437766
1743381808.469539
1743381808.501475
1743381808.517772
1743381808.549805
1743381808.582088
1743381808.614700
1743381808.646121
1743381808.677853
1743381808.709888
1743381808.742241
1743381808.773896
1743381808.805513
1743381808.837832
1743381808.869732
1743381808.901759
1743381808.934017
1743381808.966047
1743381808.997748
1743381809.029753
1743381809.061745
1743381809.094003
1743381809.126005
1743381809.157814
1743381809.189596
1743381809.221746
1743381809.253883
1743381809.286038
1743381809.317686
1743381809.349758
1743381809.381891
1743381809.414050
1743381809.445945
1743381809.478285
1743381809.509946
1743381809.542058
1743381809.573948
1743381809.621317
1743381809.653480
1743381809.685487
1743381809.717680
1743381809.749695
1743381809.781881
1743381809.813932
1743381809.846058
1743381809.878161
1743381809.909905
1743381809.941980
1743381809.973727
1743381810.005402
1743381810.037513
1743381810.069417
1743381810.101512
1743381810.133746
1743381810.166016
1743381810.198064
1743381810.230154
1743381810.261908
1743381810.293979
1743381810.325779
1743381810.357974
1743381810.389511
1743381810.421393
1743381810.453451
1743381810.485560
1743381810.518137
1743381810.549998
1743381810.597465
1743381810.629506
1743381810.661778
1743381810.693713
1743381810.725918
1743381810.758021
1743381810.790042
1743381810.821682
1743381810.853641
1743381810.885611
1743381810.917888
1743381810.949884
1743381810.981708
1743381811.013612
1743381811.045779
1743381811.077915
1743381811.109817
1743381811.142093
1743381811.174135
1743381811.205509
1743381811.237824
1743381811.269267
1743381811.301560
1743381811.333636
1743381811.365801
1743381811.397923
1743381811.429612
1743381811.461995
1743381811.493949
1743381811.526171
1743381811.573766
1743381811.605391
1743381811.637327
1743381811.669450
1743381811.701575
1743381811.733541
1743381811.765815
1743381811.797936
1743381811.830020
1743381811.861893
1743381811.893977
1743381811.925849
1743381811.957711
1743381811.989482
1743381812.021291
1743381812.053410
1743381812.085416
1743381812.117629
1743381812.149742
1743381812.181905
1743381812.213857
1743381812.245910
1743381812.278018
1743381812.309787
1743381812.341764
1743381812.373209
1743381812.405562
1743381812.437589
1743381812.469836
1743381812.501842
1743381812.549477
1743381812.581653
1743381812.613728
1743381812.645704
1743381812.677835
1743381812.709833
1743381812.741926
1743381812.773823
1743381812.805492
1743381812.837482
1743381812.869568
1743381812.901459
1743381812.933396
1743381812.965399
1743381812.997813
1743381813.029786
1743381813.061788
1743381813.093607
1743381813.126245
1743381813.158046
1743381813.189817
1743381813.221257
1743381813.237159
1743381813.269277
1743381813.301595
1743381813.333726
1743381813.365815
1743381813.397789
1743381813.429808
1743381813.461718
1743381813.493995
1743381813.525940
1743381813.557720
1743381813.589255
1743381813.605275
1743381813.637280
1743381813.653537
1743381813.685555
1743381813.717716
1743381813.749855
1743381813.781922
1743381813.813971
1743381813.845894
1743381813.877654
1743381813.909713
1743381813.941865
1743381813.973865
1743381814.005383
1743381814.037273
1743381814.069344
1743381814.101538
1743381814.133736
1743381814.165837
1743381814.197302
1743381814.229723
1743381814.261945
1743381814.293630
1743381814.325844
1743381814.357848
1743381814.389308
1743381814.421427
1743381814.453526
1743381814.501186
1743381814.533357
1743381814.565475
1743381814.597681
1743381814.629832
1743381814.661630
1743381814.693838
1743381814.725876
1743381814.757805
1743381814.789473
1743381814.821705
1743381814.853070
1743381814.885289
1743381814.917441
1743381814.949622
1743381814.981631
1743381815.013888
1743381815.045686
1743381815.077821
1743381815.109697
1743381815.141778
1743381815.173731
1743381815.205174
1743381815.237225
1743381815.269268
1743381815.301412
1743381815.333549
1743381815.365663
1743381815.397374
1743381815.429891
1743381815.477553
1743381815.509608
1743381815.541539
1743381815.573609
1743381815.605198
1743381815.637328
1743381815.669157
1743381815.701461
1743381815.733793
1743381815.765658
1743381815.797668
1743381815.829438
1743381815.861608
1743381815.893682
1743381815.925589
1743381815.957698
1743381815.989425
1743381816.021345
1743381816.053359
1743381816.085311
1743381816.117874
1743381816.149506
1743381816.181482
1743381816.213263
1743381816.245518
1743381816.277761
1743381816.309999
1743381816.341301
1743381816.373388
1743381816.405435
1743381816.453163
1743381816.485390
1743381816.517469
1743381816.549323
1743381816.581616
1743381816.613713
1743381816.645647
1743381816.677798
1743381816.709741
1743381816.741797
1743381816.773835
1743381816.805113
1743381816.837191
1743381816.869116
1743381816.901316
1743381816.933320
1743381816.965592
1743381816.997442
1743381817.029836
1743381817.061616
1743381817.093635
1743381817.125618
1743381817.157446
1743381817.189202
1743381817.221190
1743381817.253048
1743381817.269135
1743381817.301262
1743381817.333417
1743381817.365569
1743381817.397797
1743381817.429666
1743381817.461485
1743381817.493415
1743381817.525603
1743381817.557596
1743381817.589039
1743381817.621192
1743381817.653296
1743381817.685432
1743381817.717639
1743381817.749738
1743381817.781537
1743381817.813383
1743381817.845610
1743381817.877713
1743381817.909658
1743381817.941709
1743381817.973612
1743381818.005068
1743381818.021084
1743381818.037314
1743381818.069496
1743381818.101196
1743381818.133506
1743381818.165075
1743381818.196886
1743381818.229579
1743381818.261433
1743381818.293759
1743381818.325479
1743381818.357711
1743381818.404937
1743381818.436934
1743381818.469142
1743381818.501359
1743381818.533234
1743381818.565530
1743381818.597675
1743381818.629585
1743381818.661656
1743381818.693712
1743381818.725690
1743381818.757444
1743381818.789126
1743381818.821081
1743381818.853041
1743381818.884958
1743381818.917476
1743381818.949504
1743381818.981747
1743381819.013762
1743381819.045608
1743381819.077693
1743381819.109649
1743381819.141380
1743381819.172636
1743381819.188742
1743381819.220924
1743381819.237102
1743381819.269229
1743381819.301214
1743381819.333575
1743381819.381200
1743381819.413388
1743381819.445362
1743381819.477550
1743381819.509597
1743381819.541626
1743381819.573508
1743381819.605581
1743381819.637206
1743381819.669296
1743381819.701720
1743381819.732995
1743381819.765398
1743381819.797199
1743381819.829519
1743381819.861512
1743381819.893468
1743381819.925577
1743381819.957576
1743381819.989218
1743381820.021324
1743381820.053000
1743381820.085029
1743381820.117321
1743381820.149353
1743381820.181283
1743381820.213375
1743381820.245407
1743381820.277433
1743381820.309590
1743381820.357229
1743381820.389259
1743381820.420923
1743381820.452107
1743381820.469634
1743381820.501164
1743381820.533495
1743381820.565381
1743381820.597378
1743381820.629462
1743381820.677461
1743381820.709419
1743381820.741209
1743381820.772753
1743381820.805047
1743381820.837018
1743381820.869008
1743381820.901111
1743381820.933468
1743381820.965326
1743381820.997618
1743381821.029490
1743381821.061271
1743381821.093226
1743381821.125546
1743381821.157507
1743381821.189098
1743381821.221012
1743381821.253192
1743381821.285236
1743381821.333184
1743381821.365193
1743381821.397106
1743381821.429344
1743381821.461327
1743381821.493323
1743381821.525283
1743381821.557560
1743381821.589382
1743381821.621069
1743381821.653484
1743381821.685068
1743381821.717331
1743381821.749214
1743381821.781590
1743381821.813266
1743381821.845351
1743381821.877617
1743381821.909481
1743381821.941606
1743381821.973274
1743381822.004909
1743381822.037101
1743381822.068982
1743381822.101050
1743381822.132992
1743381822.165264
1743381822.197246
1743381822.229110
1743381822.261510
1743381822.309124
1743381822.341052
1743381822.373222
1743381822.404740
1743381822.420701
1743381822.436883
1743381822.469121
1743381822.501048
1743381822.533400
1743381822.565509
1743381822.597510
1743381822.629525
1743381822.661300
1743381822.693079
1743381822.725536
1743381822.757298
1743381822.789067
1743381822.820889
1743381822.853081
1743381822.885049
1743381822.917452
1743381822.949561
1743381822.981290
1743381823.013146
1743381823.045084
1743381823.077307
1743381823.109306
1743381823.141426
1743381823.173208
1743381823.205006
1743381823.237276
1743381823.284937
1743381823.316970
1743381823.349265
1743381823.381186
1743381823.412648
1743381823.445406
1743381823.477342
1743381823.509415
1743381823.541348
1743381823.573438
1743381823.605520
1743381823.636777
1743381823.668903
1743381823.700759
1743381823.732878
1743381823.765408
1743381823.797198
1743381823.829502
1743381823.861490
1743381823.893500
1743381823.925474
1743381823.957182
1743381823.988890
1743381824.004547
1743381824.036932
1743381824.068953
1743381824.100861
1743381824.133208
1743381824.165215
1743381824.197074
1743381824.229334
1743381824.261579
1743381824.293166
1743381824.325107
1743381824.357173
1743381824.388852
1743381824.420890
1743381824.452898
1743381824.485190
1743381824.517238
1743381824.549477
1743381824.581103
1743381824.613268
1743381824.644933
1743381824.677060
1743381824.708924
1743381824.741319
1743381824.773182
1743381824.805161
1743381824.837065
1743381824.868988
1743381824.901382
1743381824.932992
1743381824.964901
1743381824.997199
1743381825.029062
1743381825.061412
1743381825.093379
1743381825.125404
1743381825.157284
1743381825.188955
1743381825.236782
1743381825.268876
1743381825.300829
1743381825.332833
1743381825.365161
1743381825.397263
1743381825.429401
1743381825.461426
1743381825.493368
1743381825.525152
1743381825.557492
1743381825.588806
1743381825.620891
1743381825.652790
1743381825.684903
1743381825.716998
1743381825.749092
1743381825.781216
1743381825.813325
1743381825.845413
1743381825.877183
1743381825.909074
1743381825.941135
1743381825.973068
1743381826.004841
1743381826.020656
1743381826.052918
1743381826.085003
1743381826.117162
1743381826.149343
1743381826.181516
1743381826.213232
1743381826.244890
1743381826.277184
1743381826.309305
1743381826.341191
1743381826.373073
1743381826.404832
1743381826.436914
1743381826.469011
1743381826.501172
1743381826.533170
1743381826.565036
1743381826.596939
1743381826.629069
1743381826.661161
1743381826.693271
1743381826.725303
1743381826.757151
1743381826.788890
1743381826.821055
1743381826.853324
1743381826.884527
1743381826.900552
1743381826.916676
1743381826.948951
1743381826.981268
1743381827.013052
1743381827.045343
1743381827.077210
1743381827.109154
1743381827.141215
1743381827.189015
1743381827.220647
1743381827.252729
1743381827.284499
1743381827.300522
1743381827.316574
1743381827.348924
1743381827.381076
1743381827.413025
1743381827.445143
1743381827.477098
1743381827.509218
1743381827.541097
1743381827.573069
1743381827.604625
1743381827.636817
1743381827.668729
1743381827.700711
1743381827.733112
1743381827.765069
1743381827.797140
1743381827.829052
1743381827.861291
1743381827.892999
1743381827.925303
1743381827.957242
1743381827.988594
1743381828.020582
1743381828.036577
1743381828.068931
1743381828.100997
1743381828.133128
1743381828.165288
1743381828.196940
1743381828.229122
1743381828.261036
1743381828.292886
1743381828.324635
1743381828.357149
1743381828.388841
1743381828.420903
1743381828.452786
1743381828.485321
1743381828.516933
1743381828.548970
1743381828.580844
1743381828.613116
1743381828.645109
1743381828.677205
1743381828.709023
1743381828.741303
1743381828.773270
1743381828.805197
1743381828.836657
1743381828.868404
1743381828.884526
1743381828.916950
1743381828.948915
1743381828.980890
1743381829.012952
1743381829.045119
1743381829.077258
1743381829.109332
1743381829.140910
1743381829.172604
1743381829.204523
1743381829.236576
1743381829.268749
1743381829.300848
1743381829.332982
1743381829.364990
1743381829.397118
1743381829.429202
1743381829.461116
1743381829.493269
1743381829.524937
1743381829.557189
1743381829.588559
1743381829.620892
1743381829.652501
1743381829.684654
1743381829.717039
1743381829.749352
1743381829.781250
1743381829.812832
1743381829.844999
1743381829.876972
1743381829.908938
1743381829.941044
1743381829.973123
1743381830.004614
1743381830.020642
1743381830.052955
1743381830.068620
1743381830.084732
1743381830.117080
1743381830.148988
1743381830.180764
1743381830.212424
1743381830.245153
1743381830.276961
1743381830.309225
1743381830.340875
1743381830.372843
1743381830.404842
1743381830.437310
1743381830.468772
1743381830.499674
1743381830.532702
1743381830.565008
1743381830.597219
1743381830.629041
1743381830.660908
1743381830.693235
1743381830.725236
1743381830.757014
1743381830.788523
1743381830.820634
1743381830.852487
1743381830.884791
1743381830.916976
1743381830.948981
1743381830.980611
1743381831.013102
1743381831.045152
1743381831.092770
1743381831.124663
1743381831.157142
1743381831.188608
1743381831.220586
1743381831.252785
1743381831.284249
1743381831.316873
1743381831.349060
1743381831.381288
1743381831.412954
1743381831.444883
1743381831.477074
1743381831.509115
1743381831.540866
1743381831.573171
1743381831.604614
1743381831.636631
1743381831.652704
1743381831.684877
1743381831.731683
1743381831.764667
1743381831.796999
1743381831.829043
1743381831.860827
1743381831.893024
1743381831.924950
1743381831.957046
1743381831.988677
1743381832.020651
1743381832.068365
1743381832.084374
1743381832.116661
1743381832.148641
1743381832.180978
1743381832.212505
1743381832.244829
1743381832.276900
1743381832.309075
1743381832.341022
1743381832.388835
1743381832.420156
1743381832.452362
1743381832.484623
1743381832.516783
1743381832.549009
1743381832.580937
1743381832.612799
1743381832.645057
1743381832.676924
1743381832.709068
1743381832.740789
1743381832.772444
1743381832.804477
1743381832.836686
1743381832.868612
1743381832.900717
1743381832.932722
1743381832.964786
1743381832.996788
1743381833.044777
1743381833.076863
1743381833.108768
1743381833.140634
1743381833.172833
1743381833.204411
1743381833.236544
1743381833.268628
1743381833.300746
1743381833.332986
1743381833.365056
1743381833.396803
1743381833.428899
1743381833.460830
1743381833.492883
1743381833.524814
1743381833.557010
1743381833.588542
1743381833.620733
1743381833.652734
1743381833.685082
1743381833.716627
1743381833.748729
1743381833.780669
1743381833.812900
1743381833.844820
1743381833.876824
1743381833.908966
1743381833.941110
1743381833.972857
1743381834.020554
1743381834.052223
1743381834.084425
1743381834.100339
1743381834.132619
1743381834.164496
1743381834.196764
1743381834.228849
1743381834.260991
1743381834.292900
1743381834.340590
1743381834.372794
1743381834.404353
1743381834.436499
1743381834.468613
1743381834.500433
1743381834.532540
1743381834.564766
1743381834.596919
1743381834.629210
1743381834.661004
1743381834.692882
1743381834.724596
1743381834.756938
1743381834.788163
1743381834.820476
1743381834.852397
1743381834.884329
1743381834.900502
1743381834.932811
1743381834.965050
1743381834.996872
1743381835.028859
1743381835.060676
1743381835.093010
1743381835.124750
1743381835.156830
1743381835.188483
1743381835.220469
1743381835.252624
1743381835.284665
1743381835.316999
1743381835.348584
1743381835.380720
1743381835.412539
1743381835.444902
1743381835.476917
1743381835.508870
1743381835.540993
1743381835.573223
1743381835.604674
1743381835.636931
1743381835.668343
1743381835.700559
1743381835.732497
1743381835.764618
1743381835.796855
1743381835.828729
1743381835.860927
1743381835.893003
1743381835.925056
1743381835.972615
1743381836.004416
1743381836.036284
1743381836.068259
1743381836.100513
1743381836.116063
1743381836.148754
1743381836.180848
1743381836.212725
1743381836.244858
1743381836.292547
1743381836.324764
1743381836.356860
1743381836.388349
1743381836.420204
1743381836.436283
1743381836.468452
1743381836.500487
1743381836.532724
1743381836.564793
1743381836.612694
1743381836.644572
1743381836.676681
1743381836.708787
1743381836.740559
1743381836.772242
1743381836.804283
1743381836.836380
1743381836.868343
1743381836.900525
1743381836.948352
1743381836.980671
1743381837.012920
1743381837.044618
1743381837.076660
1743381837.108575
1743381837.140659
1743381837.172646
1743381837.204356
1743381837.236510
1743381837.268720
1743381837.300267
1743381837.332663
1743381837.364375
1743381837.396658
1743381837.428791
1743381837.460665
1743381837.492820
1743381837.524694
1743381837.556887
1743381837.588673
1743381837.620228
1743381837.652274
1743381837.684444
1743381837.716440
1743381837.748550
1743381837.780716
1743381837.812556
1743381837.844620
1743381837.876900
1743381837.924473
1743381837.956382
1743381837.988330
1743381838.020485
1743381838.052440
1743381838.084353
1743381838.116458
1743381838.148672
1743381838.180595
1743381838.212872
1743381838.244914
1743381838.276479
1743381838.308536
1743381838.340682
1743381838.372532
1743381838.404277
1743381838.436436
1743381838.468207
1743381838.484264
1743381838.500479
1743381838.516590
1743381838.563933
1743381838.596318
1743381838.628537
1743381838.660801
1743381838.692474
1743381838.724875
1743381838.756543
1743381838.788538
1743381838.820424
1743381838.852233
1743381838.868308
1743381838.900683
1743381838.932259
1743381838.964217
1743381838.996501
1743381839.028563
1743381839.060666
1743381839.092722
1743381839.124568
1743381839.156894
1743381839.188416
1743381839.220551
1743381839.252050
1743381839.284351
1743381839.316017
1743381839.348397
1743381839.380572
1743381839.412611
1743381839.444688
1743381839.476819
1743381839.508827
1743381839.540712
1743381839.572364
1743381839.604024
1743381839.636316
1743381839.668020
1743381839.684150
1743381839.716400
1743381839.748603
1743381839.780574
1743381839.812103
1743381839.844134
1743381839.875894
1743381839.907780
1743381839.939734
1743381839.956067
1743381839.988098
1743381840.004094
1743381840.020202
1743381840.052211
1743381840.084156
1743381840.116653
1743381840.148556
1743381840.196452
1743381840.228296
1743381840.260512
1743381840.292429
1743381840.324384
1743381840.356564
1743381840.388258
1743381840.420126
1743381840.452098
1743381840.468172
1743381840.515907
1743381840.548291
1743381840.580540
1743381840.612407
1743381840.644766
1743381840.676731
1743381840.708707
1743381840.740580
1743381840.772491
1743381840.804565
1743381840.852155
1743381840.883912
1743381840.899916
1743381840.915925
1743381840.948145
1743381840.980681
1743381841.012593
1743381841.044806
1743381841.076475
1743381841.108582
1743381841.140804
1743381841.172850
1743381841.204124
1743381841.236075
1743381841.267961
1743381841.283982
1743381841.316421
1743381841.348141
1743381841.380436
1743381841.412638
1743381841.444629
1743381841.492453
1743381841.524305
1743381841.556526
1743381841.587970
1743381841.603901
1743381841.636196
1743381841.668249
1743381841.700428
1743381841.732487
1743381841.764601
1743381841.796633
1743381841.828789
1743381841.860306
1743381841.892616
1743381841.924596
1743381841.956446
1743381841.988333
1743381842.020071
1743381842.052266
1743381842.084464
1743381842.116669
1743381842.148419
1743381842.180501
1743381842.212274
1743381842.244492
1743381842.277085
1743381842.308449
1743381842.340235
1743381842.372352
1743381842.404000
1743381842.436174
1743381842.468635
1743381842.500145
1743381842.532244
1743381842.564306
1743381842.596514
1743381842.628528
1743381842.660467
1743381842.692585
1743381842.724667
1743381842.756660
1743381842.804114
1743381842.835938
1743381842.868108
1743381842.899924
1743381842.932226
1743381842.964225
1743381842.996312
1743381843.028390
1743381843.060636
1743381843.092588
1743381843.124449
1743381843.156484
1743381843.187753
1743381843.203714
1743381843.236089
1743381843.268215
1743381843.300214
1743381843.332127
1743381843.364354
1743381843.396543
1743381843.444365
1743381843.476396
1743381843.508241
1743381843.540432
1743381843.572183
1743381843.604060
1743381843.635991
1743381843.668018
1743381843.700138
1743381843.732534
1743381843.780179
1743381843.812322
1743381843.844560
1743381843.876363
1743381843.908548
1743381843.940414
1743381843.972383
1743381844.004074
1743381844.036115
1743381844.068282
1743381844.100603
1743381844.131998
1743381844.164309
1743381844.196126
1743381844.228413
1743381844.260492
1743381844.292449
1743381844.324508
1743381844.356531
1743381844.388088
1743381844.420293
1743381844.451811
1743381844.483690
1743381844.499804
1743381844.531994
1743381844.564370
1743381844.596413
1743381844.628403
1743381844.660323
1743381844.692348
1743381844.724670
1743381844.756552
1743381844.788261
1743381844.819845
1743381844.851724
1743381844.884009
1743381844.916153
1743381844.948264
1743381844.980413
1743381845.012253
1743381845.044257
1743381845.076574
1743381845.108165
1743381845.140382
1743381845.172168
1743381845.203818
1743381845.235970
1743381845.267990
1743381845.300234
1743381845.332283
1743381845.364376
1743381845.396512
1743381845.428030
1743381845.460191
1743381845.492150
1743381845.524151
1743381845.556388
1743381845.587872
1743381845.619959
1743381845.651873
1743381845.683967
1743381845.731880
1743381845.764183
1743381845.796416
1743381845.827877
1743381845.860221
1743381845.892522
1743381845.924414
1743381845.956303
1743381845.987981
1743381846.020033
1743381846.052313
1743381846.084143
1743381846.116104
1743381846.148286
1743381846.180308
1743381846.212018
1743381846.244482
1743381846.276441
1743381846.308732
1743381846.340175
1743381846.372425
1743381846.403799
1743381846.435835
1743381846.467690
1743381846.483638
1743381846.499854
1743381846.532267
1743381846.564187
1743381846.596341
1743381846.628453
1743381846.660455
1743381846.708091
1743381846.740083
1743381846.771826
1743381846.803750
1743381846.835859
1743381846.867971
1743381846.899894
1743381846.932048
1743381846.964230
1743381846.996418
1743381847.028447
1743381847.060139
1743381847.091944
1743381847.124042
1743381847.156251
1743381847.187866
1743381847.219909
1743381847.251447
1743381847.267845
1743381847.300048
1743381847.347800
1743381847.380071
1743381847.412090
1743381847.444119
1743381847.476233
1743381847.508193
1743381847.540232
1743381847.572251
1743381847.604072
1743381847.636019
1743381847.683538
1743381847.715881
1743381847.747935
1743381847.779970
1743381847.812145
1743381847.844177
1743381847.876427
1743381847.908378
1743381847.940225
1743381847.972212
1743381848.004334
1743381848.035705
1743381848.067916
1743381848.099926
1743381848.131984
1743381848.164449
1743381848.196017
1743381848.228275
1743381848.260214
1743381848.292100
1743381848.324317
1743381848.355951
1743381848.387871
1743381848.420103
1743381848.451613
1743381848.483842
1743381848.516024
1743381848.548057
1743381848.580437
1743381848.612299
1743381848.659969
1743381848.692052
1743381848.724061
1743381848.755967
1743381848.787826
1743381848.819530
1743381848.852037
1743381848.867947
1743381848.883984
1743381848.899889
1743381848.932022
1743381848.980020
1743381849.012058
1743381849.044186
1743381849.075572
1743381849.108217
1743381849.140076
1743381849.171973
1743381849.203679
1743381849.219722
1743381849.251969
1743381849.299720
1743381849.330874
1743381849.364423
1743381849.396090
1743381849.428125
1743381849.460029
1743381849.492119
1743381849.524381
1743381849.556492
1743381849.588060
1743381849.635812
1743381849.667408
1743381849.699734
1743381849.731966
1743381849.764032
1743381849.796100
1743381849.828114
1743381849.860246
1743381849.892307
1743381849.924258
1743381849.956263
1743381849.988378
1743381850.019450
1743381850.051629
1743381850.083751
1743381850.115763
1743381850.147927
1743381850.180240
1743381850.212383
1743381850.244103
1743381850.276243
1743381850.308116
1743381850.339976
1743381850.371828
1743381850.403607
1743381850.419582
1743381850.451585
1743381850.483715
1743381850.515963
1743381850.548074
1743381850.580218
1743381850.612000
1743381850.644008
1743381850.676072
1743381850.708136
1743381850.740015
1743381850.772089
1743381850.803579
1743381850.835645
1743381850.851866
1743381850.884038
1743381850.931458
1743381850.963913
1743381850.995834
1743381851.028165
1743381851.060505
1743381851.092082
1743381851.124129
1743381851.156224
1743381851.187775
1743381851.219760
1743381851.251882
1743381851.283689
1743381851.315788
1743381851.347678
1743381851.379875
1743381851.411996
1743381851.444092
1743381851.476008
1743381851.508298
1743381851.540285
1743381851.587907
1743381851.619327
1743381851.651546
1743381851.683633
1743381851.715398
1743381851.747614
1743381851.780723
1743381851.812168
1743381851.844300
1743381851.876204
1743381851.908220
1743381851.940004
1743381851.972005
1743381852.003648
1743381852.035624
1743381852.067803
1743381852.099750
1743381852.131639
1743381852.164066
1743381852.195987
1743381852.228151
1743381852.259915
1743381852.292209
1743381852.323980
1743381852.355993
1743381852.387615
1743381852.419480
1743381852.451672
1743381852.483696
1743381852.516049
1743381852.563618
1743381852.595834
1743381852.627948
1743381852.659832
1743381852.691871
1743381852.723863
1743381852.756029
1743381852.787642
1743381852.820009
1743381852.851915
1743381852.883926
1743381852.915718
1743381852.947918
1743381852.980086
1743381853.011827
1743381853.043890
1743381853.076061
1743381853.108043
1743381853.140347
1743381853.172120
1743381853.204116
1743381853.235608
1743381853.267479
1743381853.299660
1743381853.331441
1743381853.364138
1743381853.395825
1743381853.428143
1743381853.460059
1743381853.491895
1743381853.540041
1743381853.571765
1743381853.603478
1743381853.635494
1743381853.667403
1743381853.699491
1743381853.731821
1743381853.763971
1743381853.796257
1743381853.828165
1743381853.860084
1743381853.891738
1743381853.924023
1743381853.956006
1743381853.987557
1743381854.019462
1743381854.051553
1743381854.083739
1743381854.115757
1743381854.147974
1743381854.180190
1743381854.211841
1743381854.243768
1743381854.275766
1743381854.308121
1743381854.339931
1743381854.371884
1743381854.403634
1743381854.419607
1743381854.451569
1743381854.483666
1743381854.516302
1743381854.547730
1743381854.579776
1743381854.611814
1743381854.644176
1743381854.675758
1743381854.707954
1743381854.740002
1743381854.771993
1743381854.803642
1743381854.835998
1743381854.867379
1743381854.899525
1743381854.931607
1743381854.963866
1743381854.995526
1743381855.028108
1743381855.060000
1743381855.092028
1743381855.123761
1743381855.156308
1743381855.187645
1743381855.219482
1743381855.251455
1743381855.283138
1743381855.315577
1743381855.347750
1743381855.379914
1743381855.411886
1743381855.444112
1743381855.491778
1743381855.523655
1743381855.555755
1743381855.587100
1743381855.603220
1743381855.635688
1743381855.667490
1743381855.699596
1743381855.731897
1743381855.763824
1743381855.811643
1743381855.843454
1743381855.875911
1743381855.907792
1743381855.939785
1743381855.971985
1743381856.003342
1743381856.035375
1743381856.051474
1743381856.083829
1743381856.131295
1743381856.163686
1743381856.195694
1743381856.227481
1743381856.259784
1743381856.291746
1743381856.324125
1743381856.355930
1743381856.387706
1743381856.419519
1743381856.435616
1743381856.467474
1743381856.499597
1743381856.531587
1743381856.563701
1743381856.595717
1743381856.627693
1743381856.659797
1743381856.691864
1743381856.723721
1743381856.756045
1743381856.787924
1743381856.819196
1743381856.851201
1743381856.867256
1743381856.899912
1743381856.931583
1743381856.963734
1743381856.995870
1743381857.027911
1743381857.059878
1743381857.107626
1743381857.139715
1743381857.171648
1743381857.203125
1743381857.235250
1743381857.267234
1743381857.283142
1743381857.299467
1743381857.331807
1743381857.363847
1743381857.395883
1743381857.443489
1743381857.475631
1743381857.507899
1743381857.539610
1743381857.571704
1743381857.603402
1743381857.635448
1743381857.667459
1743381857.699743
1743381857.731810
1743381857.763717
1743381857.795469
1743381857.827618
1743381857.859771
1743381857.891623
1743381857.923582
1743381857.955678
1743381857.987447
1743381858.019420
1743381858.051630
1743381858.083563
1743381858.115412
1743381858.147621
1743381858.179651
1743381858.211887
1743381858.243573
1743381858.275821
1743381858.307964
1743381858.339989
1743381858.371740
1743381858.419186
1743381858.450977
1743381858.467150
1743381858.499324
1743381858.531379
1743381858.563612
1743381858.595862
1743381858.627681
1743381858.659873
1743381858.691965
1743381858.739411
1743381858.771823
1743381858.803247
1743381858.835228
1743381858.851454
1743381858.883632
1743381858.915533
1743381858.947623
1743381858.979834
1743381859.011965
1743381859.059757
1743381859.091654
1743381859.123470
1743381859.155601
1743381859.187474
1743381859.219283
1743381859.251362
1743381859.283419
1743381859.315721
1743381859.347853
1743381859.395411
1743381859.427369
1743381859.459648
1743381859.491730
1743381859.523641
1743381859.555709
1743381859.587257
1743381859.619343
1743381859.635339
1743381859.667340
1743381859.715076
1743381859.747508
1743381859.779508
1743381859.811665
1743381859.843605
1743381859.875472
1743381859.907637
1743381859.939822
1743381859.971870
1743381860.003282
1743381860.035664
1743381860.067086
1743381860.099266
1743381860.131519
1743381860.163634
1743381860.195667
1743381860.227605
1743381860.259611
1743381860.291758
1743381860.323910
1743381860.371637
1743381860.403201
1743381860.434980
1743381860.467151
1743381860.499251
1743381860.531598
1743381860.563639
1743381860.595801
1743381860.627744
1743381860.660181
1743381860.691709
1743381860.723516
1743381860.755472
1743381860.787106
1743381860.819265
1743381860.851485
1743381860.883381
1743381860.915429
1743381860.947682
1743381860.979721
1743381861.011685
1743381861.043451
1743381861.075466
1743381861.107593
1743381861.139715
1743381861.171763
1743381861.203280
1743381861.235253
1743381861.267400
1743381861.299630
1743381861.347327
1743381861.379229
1743381861.411459
1743381861.443583
1743381861.475419
1743381861.507829
1743381861.539838
1743381861.571902
1743381861.603381
1743381861.635303
1743381861.667822
1743381861.699330
1743381861.731266
1743381861.763320
1743381861.795524
1743381861.827376
1743381861.859549
1743381861.891595
1743381861.923558
1743381861.955659
1743381861.987392
1743381862.018793
1743381862.050656
1743381862.082508
1743381862.098821
1743381862.115165
1743381862.147438
1743381862.180119
1743381862.211575
1743381862.243684
1743381862.275754
1743381862.323589
1743381862.355411
1743381862.387086
1743381862.419110
1743381862.451117
1743381862.483276
1743381862.515477
1743381862.547476
1743381862.579737
1743381862.611782
1743381862.643798
1743381862.675558
1743381862.707663
1743381862.739757
1743381862.771699
1743381862.803048
1743381862.835144
1743381862.867279
1743381862.899631
1743381862.931498
1743381862.963576
1743381862.995487
1743381863.027560
1743381863.059348
1743381863.091495
1743381863.123738
1743381863.155359
1743381863.187256
1743381863.219393
1743381863.251242
1743381863.298995
1743381863.330882
1743381863.363396
1743381863.395366
1743381863.427476
1743381863.459500
1743381863.491709
1743381863.523625
1743381863.555740
1743381863.587301
1743381863.619566
1743381863.651244
1743381863.683125
1743381863.715385
1743381863.747245
1743381863.778959
1743381863.811246
1743381863.843526
1743381863.875488
1743381863.907951
1743381863.939656
1743381863.971564
1743381864.003140
1743381864.035253
1743381864.067181
1743381864.099049
1743381864.131410
1743381864.163491
1743381864.195428
1743381864.227681
1743381864.275331
1743381864.307656
1743381864.339454
1743381864.371297
1743381864.402903
1743381864.435168
1743381864.467236
1743381864.499258
1743381864.531459
1743381864.563389
1743381864.595585
1743381864.627103
1743381864.659386
1743381864.691172
1743381864.723634
1743381864.755419
1743381864.787178
1743381864.819071
1743381864.851147
1743381864.883110
1743381864.915778
1743381864.947411
1743381864.979170
1743381865.011437
1743381865.043422
1743381865.075678
1743381865.107485
1743381865.139494
1743381865.171637
1743381865.203352
1743381865.250776
1743381865.282949
1743381865.315398
1743381865.347490
1743381865.379239
1743381865.411364
1743381865.443464
1743381865.475442
1743381865.507666
1743381865.539463
1743381865.571612
1743381865.602958
1743381865.635023
1743381865.651088
1743381865.683543
1743381865.715272
1743381865.747203
1743381865.779597
1743381865.811420
1743381865.843681
1743381865.891169
1743381865.923308
1743381865.955180
1743381865.986882
1743381866.019080
1743381866.050940
1743381866.083239
1743381866.115278
1743381866.147426
1743381866.179681
1743381866.227215
1743381866.259038
1743381866.291378
1743381866.323451
1743381866.355446
1743381866.387054
1743381866.419023
1743381866.451143
1743381866.483018
1743381866.515338
1743381866.547533
1743381866.579068
1743381866.611113
1743381866.643504
1743381866.675485
1743381866.707226
1743381866.739381
1743381866.771425
1743381866.803001
1743381866.835139
1743381866.867423
1743381866.899084
1743381866.931112
1743381866.963132
1743381866.995270
1743381867.027418
1743381867.059491
1743381867.091473
1743381867.123359
1743381867.155596
1743381867.202787
1743381867.234823
1743381867.267210
1743381867.299110
1743381867.331081
1743381867.363206
1743381867.395449
1743381867.427427
1743381867.459386
1743381867.491281
1743381867.523541
1743381867.555333
1743381867.586940
1743381867.618876
1743381867.651002
1743381867.682884
1743381867.715358
1743381867.747048
1743381867.779431
1743381867.811490
1743381867.843732
1743381867.875387
1743381867.907393
1743381867.939177
1743381867.971269
1743381868.002986
1743381868.035114
1743381868.066961
1743381868.099017
1743381868.131334
1743381868.179201
1743381868.211047
1743381868.243411
1743381868.275176
1743381868.307371
1743381868.339193
1743381868.354738
1743381868.386939
1743381868.418717
1743381868.434800
1743381868.450953
1743381868.466949
1743381868.498655
1743381868.514952
1743381868.546793
1743381868.579504
1743381868.610996
1743381868.643176
1743381868.675247
1743381868.707113
1743381868.739448
1743381868.771333
1743381868.818521
1743381868.850789
1743381868.882799
1743381868.915102
1743381868.947066
1743381868.979457
1743381869.010523
1743381869.043495
1743381869.075271
1743381869.107396
1743381869.154950
1743381869.186796
1743381869.218603
1743381869.250753
1743381869.282915
1743381869.315200
1743381869.347274
1743381869.379204
1743381869.411101
1743381869.443296
1743381869.475340
1743381869.507185
1743381869.539219
1743381869.571227
1743381869.602758
1743381869.634971
1743381869.667135
1743381869.698807
1743381869.731131
1743381869.763082
1743381869.795249
1743381869.826989
1743381869.859040
1743381869.891251
1743381869.923050
1743381869.955087
1743381869.986901
1743381870.019081
1743381870.050983
1743381870.083058
1743381870.130879
1743381870.163084
1743381870.195088
1743381870.227374
1743381870.259205
1743381870.291139
1743381870.323162
1743381870.355280
1743381870.386847
1743381870.418932
1743381870.450649
1743381870.482722
1743381870.514918
1743381870.547123
1743381870.579092
1743381870.611316
1743381870.643203
1743381870.675369
1743381870.707391
1743381870.739363
1743381870.771349
1743381870.803033
1743381870.834706
1743381870.866787
1743381870.898791
1743381870.930890
1743381870.962690
1743381870.995232
1743381871.027719
1743381871.059374
1743381871.106678
1743381871.138850
1743381871.170673
1743381871.202805
1743381871.234726
1743381871.266625
1743381871.282591
1743381871.298726
1743381871.331146
1743381871.362705
1743381871.395457
1743381871.427341
1743381871.459075
1743381871.491146
1743381871.523226
1743381871.555273
1743381871.586754
1743381871.618732
1743381871.650887
1743381871.683037
1743381871.715457
1743381871.747209
1743381871.778878
1743381871.811056
1743381871.843062
1743381871.875089
1743381871.907113
1743381871.939269
1743381871.971034
1743381872.002916
1743381872.035082
1743381872.082698
1743381872.114801
1743381872.146973
1743381872.178962
1743381872.210911
1743381872.243298
1743381872.275231
1743381872.307133
1743381872.339273
1743381872.371040
1743381872.403444
1743381872.434543
1743381872.467211
1743381872.498666
1743381872.530778
1743381872.562721
1743381872.595244
1743381872.626991
1743381872.659238
1743381872.691177
1743381872.723380
1743381872.755083
1743381872.786587
1743381872.818724
1743381872.850766
1743381872.882863
1743381872.914937
1743381872.946847
1743381872.979315
1743381873.011235
1743381873.058993
1743381873.090591
1743381873.122820
1743381873.154948
1743381873.186632
1743381873.218734
1743381873.250790
1743381873.282810
1743381873.314920
1743381873.347219
1743381873.379331
1743381873.410799
1743381873.442949
1743381873.475099
1743381873.507051
1743381873.539060
1743381873.570963
1743381873.602785
1743381873.634752
1743381873.650698
1743381873.666663
1743381873.698938
1743381873.730864
1743381873.762928
1743381873.794874
1743381873.827205
1743381873.859265
1743381873.891199
1743381873.923147
1743381873.955117
1743381873.986860
1743381874.034701
1743381874.066660
1743381874.098579
1743381874.131009
1743381874.162894
1743381874.194953
1743381874.227022
1743381874.259170
1743381874.291316
1743381874.323245
1743381874.355414
1743381874.386398
1743381874.402282
1743381874.418344
1743381874.450411
1743381874.466476
1743381874.498777
1743381874.530664
1743381874.563027
1743381874.595083
1743381874.626953
1743381874.674865
1743381874.706630
1743381874.738975
1743381874.770811
1743381874.802423
1743381874.834643
1743381874.866525
1743381874.898841
1743381874.931061
1743381874.962803
1743381875.010989
1743381875.042853
1743381875.074806
1743381875.106795
1743381875.138968
1743381875.170841
1743381875.202679
1743381875.234739
1743381875.266798
1743381875.298754
1743381875.330994
1743381875.362833
1743381875.394764
1743381875.426922
1743381875.458941
1743381875.491172
1743381875.522981
1743381875.554982
1743381875.586670
1743381875.618798
1743381875.650955
1743381875.682502
1743381875.714944
1743381875.746768
1743381875.778957
1743381875.810979
1743381875.842995
1743381875.874934
1743381875.907081
1743381875.939172
1743381875.986891
1743381876.018419
1743381876.050593
1743381876.082666
1743381876.114610
1743381876.146797
1743381876.179115
1743381876.210869
1743381876.243182
1743381876.274985
1743381876.306857
1743381876.338998
1743381876.370818
1743381876.402277
1743381876.418319
1743381876.434493
1743381876.466522
1743381876.498696
1743381876.530749
1743381876.562940
1743381876.595141
1743381876.626986
1743381876.658871
1743381876.690945
1743381876.723135
1743381876.754649
1743381876.786592
1743381876.818482
1743381876.850616
1743381876.882694
1743381876.914976
1743381876.962479
1743381876.994575
1743381877.026541
1743381877.058806
1743381877.090804
1743381877.122919
1743381877.155084
1743381877.186707
1743381877.218553
1743381877.250653
1743381877.282977
1743381877.314559
1743381877.346557
1743381877.378770
1743381877.410813
1743381877.442868
1743381877.474835
1743381877.506834
1743381877.538990
1743381877.571108
1743381877.602875
1743381877.634287
1743381877.666312
1743381877.698452
1743381877.730606
1743381877.762711
1743381877.794661
1743381877.827046
1743381877.858903
1743381877.891182
1743381877.938929
1743381877.970570
1743381878.002457
1743381878.034455
1743381878.066477
1743381878.098516
1743381878.130728
1743381878.162860
1743381878.195048
1743381878.227090
1743381878.258947
1743381878.290823
1743381878.323037
1743381878.354962
1743381878.386372
1743381878.418317
1743381878.434379
1743381878.466452
1743381878.498502
1743381878.530746
1743381878.578468
1743381878.610527
1743381878.642922
1743381878.674743
1743381878.706740
1743381878.738851
1743381878.770928
1743381878.802042
1743381878.818284
1743381878.850304
1743381878.882609
1743381878.914927
1743381878.946072
1743381878.978608
1743381879.010661
1743381879.042740
1743381879.074838
1743381879.106762
1743381879.139052
1743381879.170534
1743381879.202411
1743381879.234913
1743381879.266434
1743381879.298442
1743381879.330593
1743381879.362113
1743381879.394843
1743381879.426834
1743381879.458811
1743381879.490967
1743381879.523173
1743381879.555169
1743381879.586702
1743381879.618397
1743381879.650516
1743381879.682446
1743381879.714617
1743381879.746594
1743381879.778676
1743381879.810986
1743381879.843090
1743381879.890454
1743381879.922465
1743381879.954721
1743381879.986385
1743381880.018480
1743381880.050292
1743381880.082441
1743381880.114793
1743381880.146881
1743381880.178382
1743381880.210674
1743381880.242713
1743381880.274509
1743381880.306799
1743381880.338725
1743381880.370955
1743381880.402454
1743381880.434458
1743381880.450296
1743381880.482613
1743381880.530133
1743381880.561975
1743381880.594857
1743381880.626418
1743381880.658950
1743381880.690580
1743381880.722830
1743381880.754628
1743381880.786435
1743381880.818415
1743381880.866238
1743381880.898511
1743381880.930549
1743381880.962115
1743381880.994849
1743381881.026714
1743381881.058775
1743381881.090557
1743381881.122828
1743381881.154878
1743381881.187162
1743381881.218237
1743381881.250224
1743381881.282171
1743381881.314534
1743381881.346534
1743381881.378826
1743381881.410842
1743381881.442836
1743381881.474745
1743381881.506904
1743381881.538628
1743381881.570670
1743381881.602257
1743381881.634037
1743381881.650351
1743381881.682288
1743381881.714659
1743381881.746550
1743381881.778882
1743381881.810878
1743381881.842759
1743381881.874563
1743381881.906392
1743381881.938614
1743381881.970453
1743381882.002302
1743381882.034272
1743381882.066396
1743381882.098469
1743381882.130785
1743381882.162680
1743381882.194699
1743381882.226576
1743381882.258508
1743381882.290764
1743381882.322839
1743381882.354595
1743381882.386310
1743381882.417897
1743381882.450124
1743381882.482958
1743381882.514688
1743381882.546608
1743381882.578406
1743381882.610159
1743381882.642612
1743381882.674868
1743381882.706775
1743381882.738760
1743381882.770921
1743381882.818020
1743381882.850023
1743381882.881968
1743381882.914528
1743381882.946506
1743381882.978741
1743381883.010394
1743381883.042636
1743381883.074682
1743381883.106799
1743381883.138754
1743381883.170728
1743381883.202295
1743381883.234127
1743381883.266260
1743381883.298333
1743381883.330500
1743381883.362774
1743381883.394534
1743381883.426788
1743381883.458804
1743381883.490683
1743381883.522841
1743381883.554678
1743381883.586166
1743381883.618153
1743381883.650440
1743381883.682221
1743381883.714553
1743381883.746756
1743381883.794297
1743381883.826566
1743381883.858449
1743381883.890438
1743381883.922577
1743381883.954508
1743381883.986304
1743381884.018530
1743381884.050392
1743381884.082747
1743381884.114871
1743381884.146666
1743381884.178427
1743381884.210342
1743381884.242707
1743381884.274569
1743381884.306905
1743381884.338493
1743381884.370618
1743381884.402318
1743381884.434381
1743381884.466008
1743381884.481848
1743381884.498136
1743381884.530160
1743381884.562275
1743381884.594422
1743381884.626539
1743381884.658636
1743381884.690604
1743381884.722757
1743381884.770383
1743381884.801630
1743381884.817882
1743381884.850100
1743381884.882151
1743381884.914405
1743381884.946301
1743381884.978417
1743381885.010746
1743381885.042651
1743381885.090281
1743381885.122552
1743381885.154578
1743381885.185769
1743381885.201834
1743381885.234386
1743381885.266158
1743381885.298207
1743381885.330364
1743381885.362447
1743381885.410303
1743381885.442264
1743381885.474466
1743381885.506339
1743381885.538720
1743381885.570454
1743381885.602154
1743381885.633958
1743381885.650351
1743381885.682558
1743381885.714745
1743381885.746799
1743381885.778628
1743381885.810349
1743381885.842497
1743381885.874386
1743381885.906301
1743381885.938627
1743381885.970502
1743381886.002304
1743381886.034168
1743381886.066658
1743381886.098070
1743381886.130223
1743381886.162216
1743381886.194652
1743381886.226541
1743381886.258316
1743381886.290822
1743381886.322695
1743381886.354662
1743381886.386422
1743381886.417856
1743381886.449749
1743381886.465805
1743381886.498250
1743381886.530234
1743381886.561844
1743381886.594587
1743381886.626477
1743381886.658639
1743381886.690394
1743381886.722762
1743381886.754475
1743381886.785910
1743381886.818011
1743381886.850048
1743381886.882048
1743381886.914589
1743381886.945964
1743381886.978748
1743381887.010629
1743381887.042647
1743381887.073739
1743381887.106648
1743381887.138346
1743381887.170599
1743381887.201974
1743381887.233983
1743381887.266049
1743381887.298314
1743381887.330687
1743381887.361909
1743381887.394288
1743381887.426426
1743381887.458249
1743381887.490417
1743381887.522413
1743381887.554447
1743381887.586067
1743381887.618193
1743381887.649908
1743381887.666105
1743381887.698342
1743381887.730422
1743381887.762171
1743381887.794308
1743381887.826587
1743381887.858335
1743381887.890339
1743381887.922619
1743381887.954551
1743381887.986263
1743381888.018476
1743381888.049743
1743381888.065817
1743381888.081737
1743381888.097961
1743381888.130265
1743381888.162160
1743381888.194304
1743381888.226317
1743381888.258497
1743381888.290334
1743381888.338536
1743381888.369942
1743381888.401894
1743381888.433866
1743381888.465874
1743381888.497928
1743381888.530374
1743381888.562390
1743381888.594604
1743381888.626309
1743381888.674215
1743381888.706341
1743381888.738308
1743381888.770249
1743381888.801985
1743381888.833860
1743381888.866018
1743381888.898017
1743381888.930342
1743381888.962255
1743381888.994260
1743381889.025872
1743381889.058359
1743381889.090221
1743381889.122338
1743381889.154384
1743381889.185937
1743381889.218093
1743381889.250034
1743381889.282149
1743381889.314614
1743381889.346010
1743381889.378444
1743381889.410089
1743381889.442287
1743381889.474302
1743381889.506378
1743381889.538236
1743381889.570480
1743381889.602118
1743381889.649667
1743381889.681294
1743381889.697616
1743381889.713874
1743381889.746471
1743381889.777576
1743381889.810174
1743381889.842392
1743381889.874480
1743381889.905863
1743381889.938608
1743381889.970380
1743381890.001700
1743381890.033882
1743381890.065867
1743381890.097907
1743381890.130029
1743381890.162374
1743381890.194259
1743381890.226301
1743381890.258476
1743381890.289522
1743381890.322342
1743381890.354105
1743381890.385795
1743381890.417325
1743381890.433722
1743381890.449792
1743381890.482093
1743381890.513554
1743381890.546434
1743381890.578276
1743381890.593693
1743381890.625777
1743381890.641306
1743381890.657743
1743381890.673608
1743381890.689612
1743381890.705678
1743381890.721765
1743381890.737580
1743381890.754089
1743381890.769844
1743381890.785711
1743381890.801711
1743381890.817776
1743381890.833888
1743381890.849976
1743381890.865865
1743381890.882029
1743381890.898008
1743381890.913979
1743381890.946513
1743381890.978068
1743381890.993372
1743381891.009647
1743381891.025599
1743381891.041619
1743381891.057675
1743381891.073661
1743381891.089683
1743381891.105939
1743381891.121892
1743381891.137821
1743381891.153796
1743381891.169773
1743381891.185789
1743381891.201808
1743381891.218010
1743381891.234108
1743381891.266408
1743381891.297777
1743381891.313433
1743381891.329573
1743381891.345508
1743381891.361681
1743381891.377803
1743381891.393748
1743381891.409893
1743381891.425755
1743381891.441883
1743381891.457653
1743381891.473616
1743381891.489744
1743381891.506047
1743381891.521956
1743381891.537909
1743381891.553862
1743381891.570079
1743381891.602273
1743381891.633584
1743381891.649592
1743381891.665847
1743381891.681635
1743381891.697823
1743381891.713996
1743381891.729665
1743381891.745568
1743381891.761721
1743381891.777730
1743381891.793791
1743381891.809757
1743381891.825908
1743381891.841752
1743381891.857778
1743381891.873850
1743381891.889903
1743381891.922475
1743381891.954237
1743381891.985700
1743381892.001539
1743381892.017685
1743381892.033944
1743381892.049626
1743381892.065785
1743381892.081679
1743381892.097869
1743381892.113673
1743381892.130007
1743381892.162266
1743381892.194467
1743381892.241987
1743381892.274165
1743381892.306069
1743381892.338092
1743381892.369845
1743381892.385582
1743381892.401649
1743381892.417628
1743381892.433760
1743381892.449799
1743381892.465757
1743381892.481767
1743381892.497814
1743381892.513878
1743381892.529766
1743381892.545856
1743381892.578175
1743381892.610088
1743381892.642165
1743381892.657603
1743381892.673710
1743381892.689709
1743381892.705669
1743381892.721739
1743381892.753717
1743381892.769765
1743381892.785851
1743381892.801790
1743381892.817815
1743381892.834108
1743381892.849949
1743381892.865814
1743381892.897514
1743381892.913407
1743381892.929526
1743381892.945392
1743381892.961507
1743381892.977744
1743381892.993607
1743381893.009621
1743381893.025629
1743381893.041728
1743381893.057745
1743381893.073684
1743381893.089742
1743381893.105758
1743381893.121882
1743381893.137771
1743381893.153903
1743381893.169825
1743381893.185807
1743381893.218324
1743381893.249291
1743381893.265482
1743381893.281926
1743381893.297634
1743381893.313710
1743381893.329233
1743381893.345744
1743381893.361748
1743381893.377672
1743381893.393612
1743381893.409792
1743381893.425743
1743381893.441676
1743381893.457684
1743381893.473736
1743381893.490185
1743381893.505811
1743381893.521876
1743381893.553587
1743381893.569582
1743381893.585529
1743381893.601453
1743381893.617605
1743381893.633515
1743381893.649808
1743381893.665671
1743381893.681694
1743381893.697877
1743381893.713833
1743381893.729530
1743381893.761430
1743381893.777329
1743381893.793702
1743381893.809752
1743381893.825751
1743381893.841901
1743381893.874272
1743381893.906005
1743381893.937600
1743381893.953475
1743381893.969598
1743381893.985503
1743381894.001635
1743381894.017731
1743381894.033638
1743381894.049659
1743381894.065783
1743381894.081793
1743381894.097764
1743381894.114086
1743381894.129617
1743381894.145694
1743381894.161750
1743381894.194768
1743381894.225412
1743381894.241132
1743381894.257396
1743381894.273485
1743381894.289477
1743381894.305619
1743381894.321761
1743381894.337616
1743381894.353558
1743381894.369622
1743381894.385699
1743381894.401561
1743381894.417734
1743381894.433695
1743381894.449867
1743381894.465716
1743381894.481900
1743381894.497870
1743381894.530566
1743381894.562067
1743381894.593282
1743381894.609161
1743381894.625467
1743381894.641495
1743381894.657620
1743381894.673621
1743381894.689557
1743381894.705500
1743381894.721643
1743381894.737533
1743381894.753530
1743381894.769644
1743381894.785596
1743381894.801739
1743381894.817746
1743381894.850226
1743381894.881046
1743381894.897574
1743381894.913561
1743381894.929448
1743381894.945541
1743381894.961603
1743381894.977526
1743381894.993523
1743381895.009633
1743381895.025584
1743381895.041600
1743381895.057567
1743381895.073673
1743381895.089662
1743381895.105679
1743381895.121704
1743381895.137501
1743381895.170296
1743381895.201673
1743381895.217351
1743381895.233430
1743381895.249632
1743381895.265528
1743381895.281591
1743381895.297482
1743381895.313685
1743381895.329589
1743381895.345485
1743381895.361551
1743381895.377643
1743381895.393650
1743381895.409614
1743381895.425697
1743381895.441753
1743381895.457813
1743381895.473733
1743381895.505885
1743381895.538179
1743381895.569637
1743381895.585426
1743381895.601360
1743381895.617530
1743381895.633514
1743381895.649684
1743381895.665803
1743381895.681661
1743381895.697822
1743381895.713630
1743381895.729514
1743381895.745650
1743381895.761506
1743381895.777858
1743381895.793649
1743381895.826415
1743381895.858092
1743381895.890186
1743381895.921971
1743381895.954003
1743381895.985646
1743381896.001399
1743381896.017552
1743381896.033882
1743381896.049782
1743381896.065722
1743381896.081660
1743381896.097755
1743381896.113854
1743381896.146205
1743381896.177988
1743381896.209938
1743381896.241992
1743381896.274089
1743381896.305804
1743381896.321170
1743381896.337482
1743381896.353452
1743381896.369620
1743381896.385560
1743381896.401591
1743381896.417653
1743381896.433682
1743381896.449870
1743381896.482059
1743381896.497397
1743381896.513606
1743381896.529387
1743381896.545315
1743381896.561381
1743381896.577481
1743381896.593503
1743381896.609433
1743381896.625515
1743381896.641477
1743381896.657409
1743381896.673544
1743381896.689524
1743381896.705426
1743381896.721646
1743381896.737621
1743381896.753619
1743381896.769588
1743381896.802232
1743381896.833524
1743381896.849318
1743381896.865499
1743381896.881525
1743381896.897355
1743381896.913599
1743381896.929423
1743381896.945415
1743381896.961407
1743381896.977411
1743381896.993495
1743381897.009532
1743381897.025484
1743381897.041521
1743381897.057576
1743381897.073584
1743381897.089661
1743381897.122204
1743381897.153937
1743381897.185349
1743381897.201355
1743381897.217400
1743381897.233523
1743381897.249670
1743381897.265631
1743381897.281470
1743381897.297557
1743381897.313559
1743381897.329435
1743381897.345438
1743381897.361438
1743381897.377590
1743381897.393596
1743381897.409674
1743381897.425626
1743381897.458319
1743381897.490035
1743381897.521851
1743381897.553796
1743381897.569372
1743381897.585365
1743381897.601324
1743381897.617438
1743381897.633501
1743381897.649479
1743381897.665487
1743381897.681576
1743381897.697658
1743381897.713846
1743381897.729561
1743381897.745602
1743381897.778416
1743381897.809817
1743381897.841947
1743381897.873824
1743381897.889176
1743381897.905390
1743381897.921419
1743381897.937380
1743381897.953406
1743381897.969474
1743381897.985368
1743381898.001567
1743381898.017602
1743381898.033767
1743381898.049915
1743381898.065638
1743381898.098117
1743381898.129639
1743381898.144986
1743381898.161309
1743381898.177331
1743381898.193416
1743381898.209429
1743381898.225384
1743381898.241364
1743381898.257380
1743381898.273461
1743381898.289497
1743381898.305474
1743381898.321437
1743381898.337440
1743381898.353473
1743381898.369480
1743381898.385512
1743381898.401583
1743381898.434026
1743381898.465510
1743381898.481237
1743381898.497647
1743381898.514435
1743381898.545465
1743381898.577875
1743381898.609807
1743381898.641960
1743381898.674075
1743381898.706101
1743381898.753662
1743381898.769337
1743381898.785243
1743381898.801339
1743381898.817345
1743381898.833360
1743381898.849407
1743381898.865497
1743381898.881306
1743381898.897401
1743381898.913465
1743381898.929389
1743381898.945304
1743381898.961292
1743381898.977431
1743381898.993466
1743381899.009535
1743381899.025539
1743381899.041432
1743381899.073878
1743381899.105849
1743381899.137941
1743381899.169520
1743381899.185301
1743381899.201334
1743381899.217307
1743381899.233322
1743381899.249495
1743381899.265593
1743381899.281451
1743381899.297482
1743381899.313838
1743381899.329681
1743381899.345514
1743381899.361479
1743381899.377560
1743381899.410269
1743381899.441771
1743381899.473932
1743381899.505134
1743381899.521063
1743381899.537306
1743381899.553469
1743381899.569388
1743381899.585332
1743381899.601436
1743381899.617558
1743381899.633471
1743381899.649519
1743381899.665543
1743381899.681623
1743381899.697595
1743381899.730248
1743381899.761633
1743381899.793067
1743381899.808949
1743381899.825255
1743381899.841281
1743381899.857283
1743381899.873338
1743381899.889393
1743381899.905294
1743381899.921391
1743381899.937479
1743381899.953451
1743381899.969363
1743381899.985430
1743381900.001579
1743381900.017909
1743381900.050010
1743381900.081167
1743381900.097339
1743381900.113319
1743381900.129260
1743381900.145181
1743381900.161219
1743381900.177273
1743381900.193347
1743381900.209398
1743381900.225394
1743381900.241436
1743381900.257383
1743381900.273373
1743381900.289315
1743381900.305622
1743381900.321499
1743381900.337602
1743381900.353582
1743381900.385820
1743381900.417275
1743381900.433494
1743381900.449419
1743381900.465317
1743381900.481364
1743381900.497425
1743381900.513488
1743381900.529308
1743381900.545367
1743381900.561261
