1743383025.890860
1743383025.955573
1743383025.986761
1743383026.019040
1743383026.050700
1743383026.082562
1743383026.114845
1743383026.147194
1743383026.177868
1743383026.194833
1743383026.227026
1743383026.258751
1743383026.274913
1743383026.306757
1743383026.355374
1743383026.371847
1743383026.401884
1743383026.419519
1743383026.449784
1743383026.466570
1743383026.498252
1743383026.515319
1743383026.547627
1743383026.579585
1743383026.611485
1743383026.643787
1743383026.675773
1743383026.707513
1743383026.739339
1743383026.771653
1743383026.803960
1743383026.836558
1743383026.868698
1743383026.900413
1743383026.932411
1743383026.964492
1743383026.997213
1743383027.028660
1743383027.060565
1743383027.092660
1743383027.124881
1743383027.156814
1743383027.186691
1743383027.218596
1743383027.234938
1743383027.251248
1743383027.267143
1743383027.299247
1743383027.331589
1743383027.363008
1743383027.394923
1743383027.426725
1743383027.459156
1743383027.491064
1743383027.523291
1743383027.554622
1743383027.570642
1743383027.586870
1743383027.602875
1743383027.618882
1743383027.650987
1743383027.666711
1743383027.682703
1743383027.699143
1743383027.714725
1743383027.730639
1743383027.746665
1743383027.762665
1743383027.778714
1743383027.794612
1743383027.810757
1743383027.826726
1743383027.842703
1743383027.858793
1743383027.874998
1743383027.890944
1743383027.906947
1743383027.923118
1743383027.939179
1743383027.970949
1743383027.986723
1743383028.002823
1743383028.018795
1743383028.034904
1743383028.050894
1743383028.066985
1743383028.082870
1743383028.098982
1743383028.115067
1743383028.131054
1743383028.162612
1743383028.178904
1743383028.194889
1743383028.210913
1743383028.227161
1743383028.243064
1743383028.258999
1743383028.274979
1743383028.306687
1743383028.322903
1743383028.338721
1743383028.354721
1743383028.370932
1743383028.386952
1743383028.403022
1743383028.418899
1743383028.434993
1743383028.450856
1743383028.482590
1743383028.498674
1743383028.514815
1743383028.530996
1743383028.546790
1743383028.562843
1743383028.578994
1743383028.595032
1743383028.627260
1743383028.658967
1743383028.690786
1743383028.706435
1743383028.722491
1743383028.738696
1743383028.754575
1743383028.770685
1743383028.786622
1743383028.802653
1743383028.818680
1743383028.834641
1743383028.850736
1743383028.866681
1743383028.882807
1743383028.898979
1743383028.914821
1743383028.947017
1743383028.978344
1743383028.994469
1743383029.010432
1743383029.026432
1743383029.042579
1743383029.058666
1743383029.074685
1743383029.090595
1743383029.106718
1743383029.122642
1743383029.138596
1743383029.154701
1743383029.170624
1743383029.186721
1743383029.202731
1743383029.218727
1743383029.234748
1743383029.250884
1743383029.283267
1743383029.314507
1743383029.330765
1743383029.362843
1743383029.378513
1743383029.394705
1743383029.410469
1743383029.426816
1743383029.442550
1743383029.458757
1743383029.474738
1743383029.490737
1743383029.506847
1743383029.522744
1743383029.538729
1743383029.554733
1743383029.570938
1743383029.603503
1743383029.634746
1743383029.651187
1743383029.666648
1743383029.682568
1743383029.698629
1743383029.714583
1743383029.730939
1743383029.746651
1743383029.762759
1743383029.778663
1743383029.794696
1743383029.810766
1743383029.826721
1743383029.842697
1743383029.858757
1743383029.874799
1743383029.890837
1743383029.923376
1743383029.954989
1743383029.987106
1743383030.019185
1743383030.034567
1743383030.050656
1743383030.066594
1743383030.082628
1743383030.098893
1743383030.114736
1743383030.130251
1743383030.146569
1743383030.162709
1743383030.178691
1743383030.194994
1743383030.211018
1743383030.226836
1743383030.259391
1743383030.291011
1743383030.322954
1743383030.338497
1743383030.354516
1743383030.370659
1743383030.386688
1743383030.402637
1743383030.418716
1743383030.434616
1743383030.450786
1743383030.466741
1743383030.482682
1743383030.498817
1743383030.514805
1743383030.531142
1743383030.546978
1743383030.579240
1743383030.610815
1743383030.626350
1743383030.642413
1743383030.658509
1743383030.674537
1743383030.690629
1743383030.706562
1743383030.722583
1743383030.738593
1743383030.754669
1743383030.770740
1743383030.786638
1743383030.802704
1743383030.818814
1743383030.834856
1743383030.850774
1743383030.866766
1743383030.898997
1743383030.914458
1743383030.930624
1743383030.946504
1743383030.962670
1743383030.978503
1743383030.994556
1743383031.010587
1743383031.026794
1743383031.042707
1743383031.058607
1743383031.074641
1743383031.090680
1743383031.106891
1743383031.122749
1743383031.138819
1743383031.154783
1743383031.170743
1743383031.186724
1743383031.202738
1743383031.235221
1743383031.266758
1743383031.282449
1743383031.298498
1743383031.314621
1743383031.330765
1743383031.346880
1743383031.362710
1743383031.378744
1743383031.394679
1743383031.410586
1743383031.426481
1743383031.442833
1743383031.459046
1743383031.475107
1743383031.507039
1743383031.522945
1743383031.554593
1743383031.570239
1743383031.586571
1743383031.602598
1743383031.618519
1743383031.634417
1743383031.650674
1743383031.666818
1743383031.682658
1743383031.698679
1743383031.714625
1743383031.730735
1743383031.746687
1743383031.762785
1743383031.779063
1743383031.794933
1743383031.811142
1743383031.843111
1743383031.875393
1743383031.907171
1743383031.939078
1743383031.971076
1743383032.003235
1743383032.035309
1743383032.066876
1743383032.082559
1743383032.098684
1743383032.114717
1743383032.130965
1743383032.146710
1743383032.162952
1743383032.178816
1743383032.211264
1743383032.242780
1743383032.258168
1743383032.274381
1743383032.290661
1743383032.306581
1743383032.322536
1743383032.338536
1743383032.354511
1743383032.370603
1743383032.386601
1743383032.402715
1743383032.418655
1743383032.434581
1743383032.450748
1743383032.466755
1743383032.482717
1743383032.498873
1743383032.531093
1743383032.546807
1743383032.562741
1743383032.578611
1743383032.594567
1743383032.610507
1743383032.626307
1743383032.642414
1743383032.658483
1743383032.674597
1743383032.690590
1743383032.706580
1743383032.722627
1743383032.738609
1743383032.754566
1743383032.770682
1743383032.786780
1743383032.802732
1743383032.818647
1743383032.850928
1743383032.866495
1743383032.882424
1743383032.898538
1743383032.914414
1743383032.930526
1743383032.946434
1743383032.962674
1743383032.978543
1743383032.994694
1743383033.010720
1743383033.026841
1743383033.042596
1743383033.058636
1743383033.074633
1743383033.090588
1743383033.106684
1743383033.122741
1743383033.138875
1743383033.154823
1743383033.187420
1743383033.219112
1743383033.250568
1743383033.266363
1743383033.282484
1743383033.298584
1743383033.314467
1743383033.330755
1743383033.346617
1743383033.362577
1743383033.378593
1743383033.394636
1743383033.410641
1743383033.426640
1743383033.442676
1743383033.458656
1743383033.474768
1743383033.507333
1743383033.538897
1743383033.571104
1743383033.603081
1743383033.634935
1743383033.650436
1743383033.666433
1743383033.682445
1743383033.698459
1743383033.714573
1743383033.730826
1743383033.746651
1743383033.762724
1743383033.778875
1743383033.794884
1743383033.827275
1743383033.858941
1743383033.891035
1743383033.922163
1743383033.937955
1743383033.954321
1743383033.970472
1743383033.986490
1743383034.002449
1743383034.018474
1743383034.034665
1743383034.050515
1743383034.066633
1743383034.082653
1743383034.098643
1743383034.114693
1743383034.130881
1743383034.163185
1743383034.194589
1743383034.226869
1743383034.258852
1743383034.291023
1743383034.322753
1743383034.338263
1743383034.354515
1743383034.370542
1743383034.386859
1743383034.402604
1743383034.418680
1743383034.434728
1743383034.450649
1743383034.483036
1743383034.514723
1743383034.530485
1743383034.546361
1743383034.562451
1743383034.578530
1743383034.594634
1743383034.610433
1743383034.626780
1743383034.658870
1743383034.691128
1743383034.723291
1743383034.755101
1743383034.802770
1743383034.834842
1743383034.850366
1743383034.866302
1743383034.882331
1743383034.898423
1743383034.914400
1743383034.930619
1743383034.946459
1743383034.962519
1743383034.978482
1743383034.994862
1743383035.010434
1743383035.026280
1743383035.042469
1743383035.058548
1743383035.074569
1743383035.090866
1743383035.138793
1743383035.170665
1743383035.202814
1743383035.218225
1743383035.234547
1743383035.250275
1743383035.266483
1743383035.282388
1743383035.298384
1743383035.314545
1743383035.330764
1743383035.346571
1743383035.362569
1743383035.378700
1743383035.394720
1743383035.410785
1743383035.458680
1743383035.490810
1743383035.522885
1743383035.554958
1743383035.586950
1743383035.619373
1743383035.650706
1743383035.666465
1743383035.682492
1743383035.698470
1743383035.714568
1743383035.730769
1743383035.746716
1743383035.778877
1743383035.810820
1743383035.842607
1743383035.874666
1743383035.906793
1743383035.939054
1743383035.970900
1743383036.002768
1743383036.034856
1743383036.066783
1743383036.114529
1743383036.146393
1743383036.178406
1743383036.211056
1743383036.242785
1743383036.274945
1743383036.306758
1743383036.339043
1743383036.371257
1743383036.403122
1743383036.435018
1743383036.466674
1743383036.498417
1743383036.530936
1743383036.562544
1743383036.594742
1743383036.626888
1743383036.658806
1743383036.690939
1743383036.723240
1743383036.755050
1743383036.786983
1743383036.818682
1743383036.851109
1743383036.882312
1743383036.898382
1743383036.914404
1743383036.946551
1743383036.978489
1743383037.010822
1743383037.043114
1743383037.090893
1743383037.122692
1743383037.154632
1743383037.186753
1743383037.219008
1743383037.251016
1743383037.282535
1743383037.314526
1743383037.346589
1743383037.378728
1743383037.411009
1743383037.442383
1743383037.474612
1743383037.506242
1743383037.538814
1743383037.570803
1743383037.603102
1743383037.634731
1743383037.666622
1743383037.682780
1743383037.730333
1743383037.762741
1743383037.794443
1743383037.826699
1743383037.858816
1743383037.890667
1743383037.922775
1743383037.955014
1743383037.986978
1743383038.019024
1743383038.066523
1743383038.098233
1743383038.130346
1743383038.162284
1743383038.194427
1743383038.226673
1743383038.259089
1743383038.290749
1743383038.322704
1743383038.354788
1743383038.386902
1743383038.418920
1743383038.450597
1743383038.482347
1743383038.514358
1743383038.546376
1743383038.578305
1743383038.594745
1743383038.611245
1743383038.642733
1743383038.674973
1743383038.707005
1743383038.738555
1743383038.770997
1743383038.802722
1743383038.834725
1743383038.866220
1743383038.898295
1743383038.930424
1743383038.962455
1743383038.994781
1743383039.042444
1743383039.074035
1743383039.106820
1743383039.138841
1743383039.170512
1743383039.202815
1743383039.234938
1743383039.266546
1743383039.298565
1743383039.330560
1743383039.362939
1743383039.394430
1743383039.426514
1743383039.458760
1743383039.490939
1743383039.522670
1743383039.554680
1743383039.586631
1743383039.618627
1743383039.651010
1743383039.682792
1743383039.714371
1743383039.746454
1743383039.778509
1743383039.810665
1743383039.842411
1743383039.874649
1743383039.906730
1743383039.938710
1743383039.970851
1743383040.019089
1743383040.050418
1743383040.082254
1743383040.114342
1743383040.146158
1743383040.162220
1743383040.178204
1743383040.194356
1743383040.226786
1743383040.258714
1743383040.290684
1743383040.338565
1743383040.370629
1743383040.402591
1743383040.434568
1743383040.466352
1743383040.498490
1743383040.530353
1743383040.562658
1743383040.594503
1743383040.626902
1743383040.658703
1743383040.690537
1743383040.722389
1743383040.754459
1743383040.786472
1743383040.818607
1743383040.850745
1743383040.882407
1743383040.914317
1743383040.930297
1743383040.962678
1743383040.994677
1743383041.026474
1743383041.058749
1743383041.090661
1743383041.122452
1743383041.154852
1743383041.186783
1743383041.218886
1743383041.250785
1743383041.282663
1743383041.314531
1743383041.346271
1743383041.378376
1743383041.410495
1743383041.442509
1743383041.474919
1743383041.506726
1743383041.538793
1743383041.570769
1743383041.602948
1743383041.634984
1743383041.666625
1743383041.698357
1743383041.730306
1743383041.762238
1743383041.794615
1743383041.826373
1743383041.858590
1743383041.890539
1743383041.922657
1743383041.970598
1743383042.001887
1743383042.034613
1743383042.066293
1743383042.098447
1743383042.130382
1743383042.162276
1743383042.194426
1743383042.226799
1743383042.258877
1743383042.290724
1743383042.322705
1743383042.354654
1743383042.386461
1743383042.418517
1743383042.450706
1743383042.482183
1743383042.514362
1743383042.530344
1743383042.562443
1743383042.610067
1743383042.642057
1743383042.674710
1743383042.706693
1743383042.738768
1743383042.770302
1743383042.802659
1743383042.834260
1743383042.850202
1743383042.866425
1743383042.898321
1743383042.914434
1743383042.946891
1743383042.978317
1743383043.010329
1743383043.042344
1743383043.074568
1743383043.106739
1743383043.138591
1743383043.170594
1743383043.202621
1743383043.234898
1743383043.266907
1743383043.298049
1743383043.330518
1743383043.362438
1743383043.394488
1743383043.426567
1743383043.458416
1743383043.490522
1743383043.522574
1743383043.554758
1743383043.586794
1743383043.618659
1743383043.650525
1743383043.682017
1743383043.714088
1743383043.746319
1743383043.778173
1743383043.810339
1743383043.842409
1743383043.874631
1743383043.922367
1743383043.954431
1743383043.986606
1743383044.018185
1743383044.050474
1743383044.082318
1743383044.114408
1743383044.146327
1743383044.178300
1743383044.210738
1743383044.242312
1743383044.274413
1743383044.306535
1743383044.338581
1743383044.370603
1743383044.402734
1743383044.434425
1743383044.466222
1743383044.498481
1743383044.530190
1743383044.562624
1743383044.594103
1743383044.626398
1743383044.658544
1743383044.690411
1743383044.722515
1743383044.754701
1743383044.786428
1743383044.818677
1743383044.850615
1743383044.898066
1743383044.929511
1743383044.945928
1743383044.962146
1743383044.994166
1743383045.025991
1743383045.058301
1743383045.090287
1743383045.122408
1743383045.154398
1743383045.186812
1743383045.218793
1743383045.250297
1743383045.281937
1743383045.313989
1743383045.330233
1743383045.362102
1743383045.394471
1743383045.425862
1743383045.458771
1743383045.490507
1743383045.538342
1743383045.570367
1743383045.602440
1743383045.634472
1743383045.666599
1743383045.698081
1743383045.730126
1743383045.762179
1743383045.794458
1743383045.826534
1743383045.874471
1743383045.906349
1743383045.938593
1743383045.970242
1743383046.002219
1743383046.017654
1743383046.033840
1743383046.049858
1743383046.082087
1743383046.114371
1743383046.146304
1743383046.193776
1743383046.225715
1743383046.241705
1743383046.274500
1743383046.306644
1743383046.338455
1743383046.370299
1743383046.402422
1743383046.434578
1743383046.466447
1743383046.513877
1743383046.545812
1743383046.577908
1743383046.610175
1743383046.642150
1743383046.674452
1743383046.706567
1743383046.738294
1743383046.770609
1743383046.802433
1743383046.850235
1743383046.881582
1743383046.897888
1743383046.930048
1743383046.961904
1743383046.994080
1743383047.026308
1743383047.058521
1743383047.090382
1743383047.122626
1743383047.170358
1743383047.202418
1743383047.234169
1743383047.265937
1743383047.297762
1743383047.313776
1743383047.330009
1743383047.361992
1743383047.378194
1743383047.410417
1743383047.442371
1743383047.490128
1743383047.522225
1743383047.554415
1743383047.586237
1743383047.618268
1743383047.650342
1743383047.682026
1743383047.713950
1743383047.746132
1743383047.762055
1743383047.794237
1743383047.826507
1743383047.858504
1743383047.890162
1743383047.922159
1743383047.954152
1743383047.986222
1743383048.018391
1743383048.050008
1743383048.082098
1743383048.114053
1743383048.146376
1743383048.177876
1743383048.210105
1743383048.242138
1743383048.274238
1743383048.306389
1743383048.338649
1743383048.370513
1743383048.402337
1743383048.434745
1743383048.466578
1743383048.497589
1743383048.513648
1743383048.529919
1743383048.561982
1743383048.593936
1743383048.626005
1743383048.658233
1743383048.690478
1743383048.722506
1743383048.754436
1743383048.802197
1743383048.834486
1743383048.865966
1743383048.897996
1743383048.930051
1743383048.962087
1743383048.994401
1743383049.026269
1743383049.058320
1743383049.090296
1743383049.122392
1743383049.154377
1743383049.186461
1743383049.218552
1743383049.250190
1743383049.281877
1743383049.313845
1743383049.330051
1743383049.362105
1743383049.394381
1743383049.441719
1743383049.474017
1743383049.506397
1743383049.538318
1743383049.570333
1743383049.602325
1743383049.634223
1743383049.666028
1743383049.698018
1743383049.730020
1743383049.777746
1743383049.810160
1743383049.842118
1743383049.874154
1743383049.906302
1743383049.938564
1743383049.970302
1743383050.002647
1743383050.034170
1743383050.050073
1743383050.097726
1743383050.130078
1743383050.161805
1743383050.193898
1743383050.226163
1743383050.258195
1743383050.290203
1743383050.322190
1743383050.354452
1743383050.386496
1743383050.418272
1743383050.450217
1743383050.481664
1743383050.513746
1743383050.545713
1743383050.561788
1743383050.594009
1743383050.626297
1743383050.658003
1743383050.690495
1743383050.722556
1743383050.754300
1743383050.785916
1743383050.818202
1743383050.850019
1743383050.881704
1743383050.913687
1743383050.929807
1743383050.961743
1743383050.977856
1743383051.010252
1743383051.042328
1743383051.074342
1743383051.106055
1743383051.138298
1743383051.170260
1743383051.202320
1743383051.234211
1743383051.265732
1743383051.297975
1743383051.329836
1743383051.362020
1743383051.394433
1743383051.426056
1743383051.458119
1743383051.490032
1743383051.521999
1743383051.554437
1743383051.586205
1743383051.618351
1743383051.650445
1743383051.681904
1743383051.729664
1743383051.761576
1743383051.793854
1743383051.825994
1743383051.858081
1743383051.890136
1743383051.922218
1743383051.954148
1743383051.986121
1743383052.018462
1743383052.050192
1743383052.081660
1743383052.113616
1743383052.129793
1743383052.161899
1743383052.193969
1743383052.226378
1743383052.258119
1743383052.290099
1743383052.322598
1743383052.370011
1743383052.402004
1743383052.433916
1743383052.465841
1743383052.497640
1743383052.529821
1743383052.561999
1743383052.594076
1743383052.626145
1743383052.658270
1743383052.705773
1743383052.738110
1743383052.770126
1743383052.802182
1743383052.834209
1743383052.865911
1743383052.898044
1743383052.929840
1743383052.961782
1743383052.977721
1743383052.994007
1743383053.026278
1743383053.058005
1743383053.089946
1743383053.121907
1743383053.154223
1743383053.185908
1743383053.218424
1743383053.250037
1743383053.281891
1743383053.313787
1743383053.346041
1743383053.376678
1743383053.393378
1743383053.426049
1743383053.458003
1743383053.489656
1743383053.522091
1743383053.554032
1743383053.586333
1743383053.618347
1743383053.650419
1743383053.682119
1743383053.713575
1743383053.745815
1743383053.777660
1743383053.809948
1743383053.842009
1743383053.874022
1743383053.906125
1743383053.938385
1743383053.970247
1743383054.002103
1743383054.034042
1743383054.065612
1743383054.081408
1743383054.097545
1743383054.129832
1743383054.161757
1743383054.193943
1743383054.225863
1743383054.258104
1743383054.290151
1743383054.322201
1743383054.353946
1743383054.386135
1743383054.417903
1743383054.450106
1743383054.481691
1743383054.513737
1743383054.529894
1743383054.561630
1743383054.594126
1743383054.626037
1743383054.658267
1743383054.689945
1743383054.721953
1743383054.754098
1743383054.786096
1743383054.818055
1743383054.849874
1743383054.881710
1743383054.913734
1743383054.929791
1743383054.977821
1743383055.009829
1743383055.041957
1743383055.074039
1743383055.105692
1743383055.138095
1743383055.170154
1743383055.202198
1743383055.234301
1743383055.266346
1743383055.298364
1743383055.329622
1743383055.361681
1743383055.393670
1743383055.425934
1743383055.457971
1743383055.489984
1743383055.521977
1743383055.554291
1743383055.586186
1743383055.634012
1743383055.666026
1743383055.697431
1743383055.729517
1743383055.761705
1743383055.793707
1743383055.825967
1743383055.857899
1743383055.890040
1743383055.922075
1743383055.954243
1743383055.985971
1743383056.018015
1743383056.049857
1743383056.081667
1743383056.097333
1743383056.129648
1743383056.161657
1743383056.193734
1743383056.225959
1743383056.273543
1743383056.305607
1743383056.337924
1743383056.369962
1743383056.402058
1743383056.433880
1743383056.465720
1743383056.497565
1743383056.529886
1743383056.561829
1743383056.609495
1743383056.641648
1743383056.673994
1743383056.706134
1743383056.737889
1743383056.769898
1743383056.801804
1743383056.833814
1743383056.865760
1743383056.897789
1743383056.929802
1743383056.961548
1743383056.993551
1743383057.025749
1743383057.057794
1743383057.089820
1743383057.120534
1743383057.137567
1743383057.170063
1743383057.202067
1743383057.249897
1743383057.281363
1743383057.313514
1743383057.329529
1743383057.361533
1743383057.393769
1743383057.425640
1743383057.457762
1743383057.489889
1743383057.521885
1743383057.554154
1743383057.585993
1743383057.617779
1743383057.649700
1743383057.681467
1743383057.713483
1743383057.745580
1743383057.777860
1743383057.809817
1743383057.841874
1743383057.874089
1743383057.906145
1743383057.937791
1743383057.969823
1743383058.001569
1743383058.033593
1743383058.065493
1743383058.097700
1743383058.113405
1743383058.129824
1743383058.161696
1743383058.193751
1743383058.225777
1743383058.257869
1743383058.289777
1743383058.321816
1743383058.353828
1743383058.385695
1743383058.417902
1743383058.449929
1743383058.481840
1743383058.513733
1743383058.561555
1743383058.593519
1743383058.625664
1743383058.657744
1743383058.689692
1743383058.721768
1743383058.753959
1743383058.785783
1743383058.817957
1743383058.849968
1743383058.882128
1743383058.913466
1743383058.945471
1743383058.977652
1743383059.009683
1743383059.041633
1743383059.073850
1743383059.106178
1743383059.137980
1743383059.169963
1743383059.202053
1743383059.233617
1743383059.265447
1743383059.297634
1743383059.329645
1743383059.361752
1743383059.393672
1743383059.425749
1743383059.457689
1743383059.489826
1743383059.537714
1743383059.569662
1743383059.601767
1743383059.633624
1743383059.665235
1743383059.697290
1743383059.729426
1743383059.761633
1743383059.793584
1743383059.826019
1743383059.857983
1743383059.889625
1743383059.921740
1743383059.953667
1743383059.985889
1743383060.018133
1743383060.049855
1743383060.081332
1743383060.113529
1743383060.129654
1743383060.177384
1743383060.209506
1743383060.241320
1743383060.273939
1743383060.305777
1743383060.338034
1743383060.369740
1743383060.401876
1743383060.433997
1743383060.466035
1743383060.513385
1743383060.545496
1743383060.577441
1743383060.609656
1743383060.641663
1743383060.673877
1743383060.706044
1743383060.737970
1743383060.769719
1743383060.801995
1743383060.833976
1743383060.865362
1743383060.897165
1743383060.929285
1743383060.945355
1743383060.977324
1743383061.009404
1743383061.041620
1743383061.073881
1743383061.105973
1743383061.153418
1743383061.185524
1743383061.217984
1743383061.249650
1743383061.281184
1743383061.313158
1743383061.345412
1743383061.361667
1743383061.377723
1743383061.409713
1743383061.441784
1743383061.489524
1743383061.521655
1743383061.553766
1743383061.585356
1743383061.617969
1743383061.649792
1743383061.681639
1743383061.713497
1743383061.729441
1743383061.761710
1743383061.809347
1743383061.841599
1743383061.873656
1743383061.905516
1743383061.937859
1743383061.969738
1743383062.001992
1743383062.033388
1743383062.065628
1743383062.097514
1743383062.129717
1743383062.161358
1743383062.193270
1743383062.225678
1743383062.257606
1743383062.289592
1743383062.321616
1743383062.353661
1743383062.385968
1743383062.416421
1743383062.433795
1743383062.466107
1743383062.497408
1743383062.529401
1743383062.561392
1743383062.593430
1743383062.625688
1743383062.657801
1743383062.689786
1743383062.721740
1743383062.753747
1743383062.785897
1743383062.817556
1743383062.849278
1743383062.881213
1743383062.913106
1743383062.929180
1743383062.961573
1743383062.993550
1743383063.025472
1743383063.057718
1743383063.105766
1743383063.137552
1743383063.169539
1743383063.201760
1743383063.233710
1743383063.265114
1743383063.298056
1743383063.329246
1743383063.361739
1743383063.393613
1743383063.441414
1743383063.473529
1743383063.505686
1743383063.537909
1743383063.569874
1743383063.601694
1743383063.633628
1743383063.665655
1743383063.697407
1743383063.729419
1743383063.761248
1743383063.777253
1743383063.793376
1743383063.825222
1743383063.857387
1743383063.889856
1743383063.921757
1743383063.953327
1743383063.986218
1743383064.017675
1743383064.049670
1743383064.081888
1743383064.113241
1743383064.145364
1743383064.161062
1743383064.177143
1743383064.209525
1743383064.241516
1743383064.273838
1743383064.305791
1743383064.337578
1743383064.369904
1743383064.417680
1743383064.449732
1743383064.481181
1743383064.513203
1743383064.545398
1743383064.561461
1743383064.593444
1743383064.625374
1743383064.657936
1743383064.689767
1743383064.737410
1743383064.769514
1743383064.801603
1743383064.833627
1743383064.865694
1743383064.897074
1743383064.929328
1743383064.961440
1743383064.993645
1743383065.025715
1743383065.057671
1743383065.089456
1743383065.121451
1743383065.153676
1743383065.185630
1743383065.217457
1743383065.249555
1743383065.281404
1743383065.313266
1743383065.329231
1743383065.345477
1743383065.393092
1743383065.425476
1743383065.457489
1743383065.489532
1743383065.521515
1743383065.553505
1743383065.585557
1743383065.617645
1743383065.649995
1743383065.681376
1743383065.713484
1743383065.745166
1743383065.777083
1743383065.809407
1743383065.841386
1743383065.873637
1743383065.905615
1743383065.937768
1743383065.969557
1743383066.001629
1743383066.033811
1743383066.065357
1743383066.097254
1743383066.129204
1743383066.161273
1743383066.176955
1743383066.193119
1743383066.225376
1743383066.257536
1743383066.289569
1743383066.322137
1743383066.369350
1743383066.401491
1743383066.433515
1743383066.465131
1743383066.497076
1743383066.529238
1743383066.561268
1743383066.593556
1743383066.625470
1743383066.657589
1743383066.689581
1743383066.721235
1743383066.753369
1743383066.785474
1743383066.817288
1743383066.849476
1743383066.881217
1743383066.913059
1743383066.929186
1743383066.945137
1743383066.977250
1743383067.009743
1743383067.041313
1743383067.073313
1743383067.105656
1743383067.137517
1743383067.169581
1743383067.201631
1743383067.233459
1743383067.265248
1743383067.297409
1743383067.344938
1743383067.377004
1743383067.409431
1743383067.441318
1743383067.473521
1743383067.505550
1743383067.537550
1743383067.569685
1743383067.601651
1743383067.633474
1743383067.665719
1743383067.697062
1743383067.728963
1743383067.761163
1743383067.793348
1743383067.825380
1743383067.857371
1743383067.889476
1743383067.921549
1743383067.953533
1743383067.985396
1743383068.017218
1743383068.049340
1743383068.080842
1743383068.113125
1743383068.145277
1743383068.177191
1743383068.192784
1743383068.209089
1743383068.241442
1743383068.273703
1743383068.321217
1743383068.353347
1743383068.385314
1743383068.417207
1743383068.449198
1743383068.481052
1743383068.513105
1743383068.545315
1743383068.577168
1743383068.609432
1743383068.641540
1743383068.673216
1743383068.705198
1743383068.737510
1743383068.769486
1743383068.801369
1743383068.833425
1743383068.865072
1743383068.897064
1743383068.929154
1743383068.961473
1743383068.993079
1743383069.025201
1743383069.057260
1743383069.089271
1743383069.121363
1743383069.153653
1743383069.184858
1743383069.217701
1743383069.249406
1743383069.296616
1743383069.329015
1743383069.361255
1743383069.393302
1743383069.425154
1743383069.457382
1743383069.489335
1743383069.521234
1743383069.553718
1743383069.585862
1743383069.617688
1743383069.649138
1743383069.680912
1743383069.712966
1743383069.745055
1743383069.777092
1743383069.809289
1743383069.841480
1743383069.873444
1743383069.905483
1743383069.937602
1743383069.969118
1743383070.001375
1743383070.033873
1743383070.065483
1743383070.097031
1743383070.129153
1743383070.161124
1743383070.193152
1743383070.208863
1743383070.241288
1743383070.273336
1743383070.305414
1743383070.337385
1743383070.369122
1743383070.401140
1743383070.433407
1743383070.465651
1743383070.496715
1743383070.512898
1743383070.529010
1743383070.545072
1743383070.561105
1743383070.593618
1743383070.625180
1743383070.657444
1743383070.689155
1743383070.721287
1743383070.753277
1743383070.785411
1743383070.816800
1743383070.849593
1743383070.881146
1743383070.913383
1743383070.944324
1743383070.960955
1743383070.992994
1743383071.025022
1743383071.056928
1743383071.089227
1743383071.121434
1743383071.153281
1743383071.184787
1743383071.217384
1743383071.249537
1743383071.280758
1743383071.312265
1743383071.328770
1743383071.360904
1743383071.376872
1743383071.409160
1743383071.441336
1743383071.473459
1743383071.505412
1743383071.537427
1743383071.569522
1743383071.601163
1743383071.633299
1743383071.665142
1743383071.696940
1743383071.728894
1743383071.744902
1743383071.777149
1743383071.809213
1743383071.841225
1743383071.889141
1743383071.921157
1743383071.953351
1743383071.985514
1743383072.017246
1743383072.049447
1743383072.080780
1743383072.112862
1743383072.129009
1743383072.161319
1743383072.193242
1743383072.225529
1743383072.257153
1743383072.289141
1743383072.321287
1743383072.353004
1743383072.385132
1743383072.417316
1743383072.449442
1743383072.480859
1743383072.496831
1743383072.512961
1743383072.545229
1743383072.576908
1743383072.609027
1743383072.641155
1743383072.673527
1743383072.705149
1743383072.737132
1743383072.769520
1743383072.801648
1743383072.833571
1743383072.865628
1743383072.896989
1743383072.928813
1743383072.960730
1743383072.992910
1743383073.025086
1743383073.057233
1743383073.089060
1743383073.121200
1743383073.153319
1743383073.200948
1743383073.233104
1743383073.264664
1743383073.296822
1743383073.328704
1743383073.360977
1743383073.393215
1743383073.425312
1743383073.457200
1743383073.489135
1743383073.521294
1743383073.553209
1743383073.585146
1743383073.617302
1743383073.649375
1743383073.680834
1743383073.712748
1743383073.728767
1743383073.744831
1743383073.777062
1743383073.809198
1743383073.841298
1743383073.873027
1743383073.905234
1743383073.937209
1743383073.969066
1743383074.001076
1743383074.033122
1743383074.064846
1743383074.096816
1743383074.128884
1743383074.176965
1743383074.209152
1743383074.241067
1743383074.272872
1743383074.305289
1743383074.337106
1743383074.369228
1743383074.401369
1743383074.433122
1743383074.465049
1743383074.497067
1743383074.528940
1743383074.560708
1743383074.592926
1743383074.625042
1743383074.657072
1743383074.689114
1743383074.721094
1743383074.753232
1743383074.785332
1743383074.817267
1743383074.849032
1743383074.880737
1743383074.912825
1743383074.944903
1743383074.976899
1743383075.009142
1743383075.041100
1743383075.073298
1743383075.105352
1743383075.152901
1743383075.185065
1743383075.216657
1743383075.249328
1743383075.281020
1743383075.312585
1743383075.344861
1743383075.376931
1743383075.409251
1743383075.441128
1743383075.473477
1743383075.504854
1743383075.537038
1743383075.569089
1743383075.601408
1743383075.633117
1743383075.664794
1743383075.696849
1743383075.728909
1743383075.761113
1743383075.793184
1743383075.824960
1743383075.856985
1743383075.889125
1743383075.920698
1743383075.952760
1743383075.985255
1743383076.017038
1743383076.049386
1743383076.080944
1743383076.128607
1743383076.160704
1743383076.193138
1743383076.224846
1743383076.257026
1743383076.288951
1743383076.321056
1743383076.353125
1743383076.384057
1743383076.400917
1743383076.449179
1743383076.480646
1743383076.512630
1743383076.544768
1743383076.576587
1743383076.609057
1743383076.640995
1743383076.673237
1743383076.705200
1743383076.737386
1743383076.769150
1743383076.801054
1743383076.833016
1743383076.864573
1743383076.896832
1743383076.928797
1743383076.960985
1743383076.992696
1743383077.025030
1743383077.056821
1743383077.105006
1743383077.137034
1743383077.167672
1743383077.184197
1743383077.200555
1743383077.233239
1743383077.264974
1743383077.296756
1743383077.328302
1743383077.344589
1743383077.376848
1743383077.424734
1743383077.456386
1743383077.488832
1743383077.521098
1743383077.552992
1743383077.584890
1743383077.617094
1743383077.648986
1743383077.680628
1743383077.712824
1743383077.745104
1743383077.776714
1743383077.808755
1743383077.840820
1743383077.873057
1743383077.905257
1743383077.937089
1743383077.969050
1743383078.001412
1743383078.033227
1743383078.080693
1743383078.112415
1743383078.144471
1743383078.160504
1743383078.192727
1743383078.224761
1743383078.256835
1743383078.288828
1743383078.320969
1743383078.353336
1743383078.400778
1743383078.433077
1743383078.464951
1743383078.496451
1743383078.512565
1743383078.544743
1743383078.576647
1743383078.608944
1743383078.640924
1743383078.673172
1743383078.720810
1743383078.752473
1743383078.784666
1743383078.816967
1743383078.849172
1743383078.880854
1743383078.912636
1743383078.928757
1743383078.960833
1743383078.992700
1743383079.025012
1743383079.056958
1743383079.088796
1743383079.121030
1743383079.152612
1743383079.185235
1743383079.216880
1743383079.249019
1743383079.280817
1743383079.312714
1743383079.344781
1743383079.377184
1743383079.408619
1743383079.440718
1743383079.473044
1743383079.505097
1743383079.537177
1743383079.568899
1743383079.600969
1743383079.633142
1743383079.664693
1743383079.696941
1743383079.728653
1743383079.760648
1743383079.792826
1743383079.824438
1743383079.856936
1743383079.888753
1743383079.920775
1743383079.952976
1743383079.985091
1743383080.032908
1743383080.064779
1743383080.096365
1743383080.128703
1743383080.160527
1743383080.192788
1743383080.224725
1743383080.257101
1743383080.288786
1743383080.320896
1743383080.353091
1743383080.384654
1743383080.416586
1743383080.449088
1743383080.480585
1743383080.512458
1743383080.544608
1743383080.576700
1743383080.608773
1743383080.641122
1743383080.672819
1743383080.704715
1743383080.736922
1743383080.768660
1743383080.800877
1743383080.832795
1743383080.864439
1743383080.896688
1743383080.928715
1743383080.960726
1743383081.008524
1743383081.040794
1743383081.072884
1743383081.104875
1743383081.136970
1743383081.168880
1743383081.200781
1743383081.233308
1743383081.265060
1743383081.296624
1743383081.328819
1743383081.360437
1743383081.392632
1743383081.424868
1743383081.456843
1743383081.488727
1743383081.520776
1743383081.553135
1743383081.585189
1743383081.617038
1743383081.648852
1743383081.680335
1743383081.712377
1743383081.744377
1743383081.760390
1743383081.776484
1743383081.808768
1743383081.840678
1743383081.873010
1743383081.904982
1743383081.937119
1743383081.984728
1743383082.016795
1743383082.048682
1743383082.080334
1743383082.112656
1743383082.144480
1743383082.176603
1743383082.208605
1743383082.240914
1743383082.272949
1743383082.304947
1743383082.336381
1743383082.368858
1743383082.400674
1743383082.432690
1743383082.464298
1743383082.496449
1743383082.528667
1743383082.560678
1743383082.592702
1743383082.625010
1743383082.656663
1743383082.688648
1743383082.720653
1743383082.752771
1743383082.785052
1743383082.817118
1743383082.848852
1743383082.880546
1743383082.912594
1743383082.928759
1743383082.960943
1743383082.992594
1743383083.024668
1743383083.056555
1743383083.088559
1743383083.121007
1743383083.152798
1743383083.184823
1743383083.216768
1743383083.248833
1743383083.280849
1743383083.312144
1743383083.344214
1743383083.360237
1743383083.376376
1743383083.392438
1743383083.424775
1743383083.456789
1743383083.488766
1743383083.520843
1743383083.553023
1743383083.600596
1743383083.632660
1743383083.664406
1743383083.696343
1743383083.712396
1743383083.744533
1743383083.776295
1743383083.808717
1743383083.840616
1743383083.872862
1743383083.904783
1743383083.936719
1743383083.968790
1743383084.000726
1743383084.032692
1743383084.064530
1743383084.096353
1743383084.128412
1743383084.160544
1743383084.192606
1743383084.224792
1743383084.256805
1743383084.288585
1743383084.320387
1743383084.352993
1743383084.384728
1743383084.416623
1743383084.448219
1743383084.480494
1743383084.512482
1743383084.544686
1743383084.576835
1743383084.608582
1743383084.640817
1743383084.672666
1743383084.704511
1743383084.736690
1743383084.768715
1743383084.800680
1743383084.832714
1743383084.864606
1743383084.912375
1743383084.943867
1743383084.976399
1743383085.008082
1743383085.040474
1743383085.072957
1743383085.104743
1743383085.136722
1743383085.169082
1743383085.201273
1743383085.233081
1743383085.264614
1743383085.296225
1743383085.328386
1743383085.360381
1743383085.392530
1743383085.424630
1743383085.456715
1743383085.488941
1743383085.520931
1743383085.552731
1743383085.585004
1743383085.616421
1743383085.648521
1743383085.679791
1743383085.695947
1743383085.712140
1743383085.728215
1743383085.760265
1743383085.792501
1743383085.824556
1743383085.856857
1743383085.888438
1743383085.920369
1743383085.952551
1743383085.984692
1743383086.016702
1743383086.048731
1743383086.080335
1743383086.112494
1743383086.144592
1743383086.176412
1743383086.208702
1743383086.240456
1743383086.272482
1743383086.304676
1743383086.336719
1743383086.368490
1743383086.400292
1743383086.432680
1743383086.464434
1743383086.496548
1743383086.528537
1743383086.560209
1743383086.592352
1743383086.624441
1743383086.656460
1743383086.688755
1743383086.720565
1743383086.752799
1743383086.784675
1743383086.816943
1743383086.864531
1743383086.896119
1743383086.928103
1743383086.944212
1743383086.976066
1743383087.008301
1743383087.040720
1743383087.072919
1743383087.104775
1743383087.136733
1743383087.184679
1743383087.216524
1743383087.248420
1743383087.280140
1743383087.312449
1743383087.344248
1743383087.376170
1743383087.408501
1743383087.440267
1743383087.472981
1743383087.504645
1743383087.536349
1743383087.568302
1743383087.600515
1743383087.632508
1743383087.664000
1743383087.696326
1743383087.728192
1743383087.760394
1743383087.792324
1743383087.840385
1743383087.872601
1743383087.904413
1743383087.936569
1743383087.968652
1743383088.000486
1743383088.032764
1743383088.064724
1743383088.096495
1743383088.128475
1743383088.160781
1743383088.192134
1743383088.224370
1743383088.256469
1743383088.288466
1743383088.320430
1743383088.352738
1743383088.384777
1743383088.416750
1743383088.448853
1743383088.480376
1743383088.512101
1743383088.543977
1743383088.560093
1743383088.592335
1743383088.624384
1743383088.656561
1743383088.688412
1743383088.720659
1743383088.752797
1743383088.784693
1743383088.816907
1743383088.848415
1743383088.880082
1743383088.912217
1743383088.944316
1743383088.976343
1743383089.008289
1743383089.040689
1743383089.072726
1743383089.105075
1743383089.136600
1743383089.168614
1743383089.200303
1743383089.232389
1743383089.263953
1743383089.280041
1743383089.311970
1743383089.344298
1743383089.376449
1743383089.408714
1743383089.456210
1743383089.488111
1743383089.520326
1743383089.552554
1743383089.584657
1743383089.616431
1743383089.648995
1743383089.680217
1743383089.712578
1743383089.744444
1743383089.792169
1743383089.824281
1743383089.856251
1743383089.888529
1743383089.920531
1743383089.952671
1743383089.984406
1743383090.016606
1743383090.048693
1743383090.080219
1743383090.127971
1743383090.160154
1743383090.192136
1743383090.224235
1743383090.256260
1743383090.288358
1743383090.320436
1743383090.352511
1743383090.384618
1743383090.432481
1743383090.463731
1743383090.495902
1743383090.528188
1743383090.559997
1743383090.592147
1743383090.624611
1743383090.656578
1743383090.688311
1743383090.720478
1743383090.768421
1743383090.800283
1743383090.832100
1743383090.863993
1743383090.896027
1743383090.928253
1743383090.960049
1743383090.992301
1743383091.024250
1743383091.056596
1743383091.088495
1743383091.120522
1743383091.152400
1743383091.184351
1743383091.216628
1743383091.248418
1743383091.279961
1743383091.311941
1743383091.344271
1743383091.376377
1743383091.408475
1743383091.440261
1743383091.472341
1743383091.504232
1743383091.536597
1743383091.568503
1743383091.600192
1743383091.632565
1743383091.664714
1743383091.696149
1743383091.744006
1743383091.776164
1743383091.808223
1743383091.840172
1743383091.872468
1743383091.904467
1743383091.936426
1743383091.968560
1743383092.000636
1743383092.032646
1743383092.064577
1743383092.095889
1743383092.127774
1743383092.144060
1743383092.176351
1743383092.208376
1743383092.240317
1743383092.272458
1743383092.304428
1743383092.336347
1743383092.384217
1743383092.416340
1743383092.448311
1743383092.479409
1743383092.495922
1743383092.528365
1743383092.560212
1743383092.592043
1743383092.624182
1743383092.656408
1743383092.688284
1743383092.720339
1743383092.752247
1743383092.784251
1743383092.816473
1743383092.848550
1743383092.879941
1743383092.911779
1743383092.927893
1743383092.943963
1743383092.976320
1743383093.007919
1743383093.056307
1743383093.088435
1743383093.120254
1743383093.152608
1743383093.184455
1743383093.216292
1743383093.248516
1743383093.280028
1743383093.311893
1743383093.328070
1743383093.360401
1743383093.392070
1743383093.423917
1743383093.456284
1743383093.488087
1743383093.520332
1743383093.552295
1743383093.584537
1743383093.616480
1743383093.648506
1743383093.695961
1743383093.727729
1743383093.743663
1743383093.759892
1743383093.792164
1743383093.824098
1743383093.856113
1743383093.888497
1743383093.920238
1743383093.952309
1743383093.984505
1743383094.032084
1743383094.064132
1743383094.095807
1743383094.128000
1743383094.159987
1743383094.191981
1743383094.223915
1743383094.256157
1743383094.288473
1743383094.336076
1743383094.368263
1743383094.400430
1743383094.432286
1743383094.464236
1743383094.495937
1743383094.511925
1743383094.527956
1743383094.560020
1743383094.592114
1743383094.624094
1743383094.672330
1743383094.703832
1743383094.736331
1743383094.768168
1743383094.800312
1743383094.832347
1743383094.864028
1743383094.896005
1743383094.928192
1743383094.960188
1743383095.007760
1743383095.040051
1743383095.072402
1743383095.104123
1743383095.136501
1743383095.168270
1743383095.200337
1743383095.232282
1743383095.264037
1743383095.311578
1743383095.343727
1743383095.375684
1743383095.391794
1743383095.407860
1743383095.440158
1743383095.472105
1743383095.504276
1743383095.536458
1743383095.568470
1743383095.600564
1743383095.648074
1743383095.679543
1743383095.711972
1743383095.743692
1743383095.759863
1743383095.791908
1743383095.823926
1743383095.855999
1743383095.888286
1743383095.920461
1743383095.952571
1743383095.984474
1743383096.016303
1743383096.048108
1743383096.079874
1743383096.111761
1743383096.127774
1743383096.159879
1743383096.191972
1743383096.224407
1743383096.256381
1743383096.288191
1743383096.319970
1743383096.352180
1743383096.384084
1743383096.415891
1743383096.431688
1743383096.463910
1743383096.495844
1743383096.527912
1743383096.543968
1743383096.575936
1743383096.623926
1743383096.656144
1743383096.687984
1743383096.719994
1743383096.752366
1743383096.784379
1743383096.816263
1743383096.848369
1743383096.879919
1743383096.912176
1743383096.960240
1743383096.991902
1743383097.024192
1743383097.056070
1743383097.088176
1743383097.120085
1743383097.152382
1743383097.184235
1743383097.216429
1743383097.264026
1743383097.295650
1743383097.327664
1743383097.359897
1743383097.392053
1743383097.423953
1743383097.455943
1743383097.487956
1743383097.520165
1743383097.552479
1743383097.600171
1743383097.632043
1743383097.664189
1743383097.695577
1743383097.727929
1743383097.759796
1743383097.792091
1743383097.823878
1743383097.856321
1743383097.888449
1743383097.935836
1743383097.968283
1743383098.000161
1743383098.032043
1743383098.064181
1743383098.095869
1743383098.127807
1743383098.159857
1743383098.192028
1743383098.239787
1743383098.272144
1743383098.304065
1743383098.336060
1743383098.368217
1743383098.400102
1743383098.432110
1743383098.463720
1743383098.479669
1743383098.495980
1743383098.527761
1743383098.575784
1743383098.607817
1743383098.639837
1743383098.672142
1743383098.704141
1743383098.736261
1743383098.768097
1743383098.799838
1743383098.832248
1743383098.863920
1743383098.911352
1743383098.943578
1743383098.975618
1743383099.008323
1743383099.039841
1743383099.072117
1743383099.104111
1743383099.136383
1743383099.168251
1743383099.216012
1743383099.247735
1743383099.279656
1743383099.311560
1743383099.343771
1743383099.375799
1743383099.408003
1743383099.440103
1743383099.472247
1743383099.504043
1743383099.551871
1743383099.583830
1743383099.615904
1743383099.647846
1743383099.680140
1743383099.711875
1743383099.743840
1743383099.775760
1743383099.808090
1743383099.840266
1743383099.887831
1743383099.919734
1743383099.952180
1743383099.983958
1743383100.016346
1743383100.048097
1743383100.079852
1743383100.112023
1743383100.143771
1743383100.191427
1743383100.223889
1743383100.256126
1743383100.288119
1743383100.319899
1743383100.352064
1743383100.383961
1743383100.416229
1743383100.448096
1743383100.463536
1743383100.479693
1743383100.495666
1743383100.528216
1743383100.559734
1743383100.591655
1743383100.624063
1743383100.655966
1743383100.688229
1743383100.719891
1743383100.752010
1743383100.783978
1743383100.816165
1743383100.863875
1743383100.895583
1743383100.927523
1743383100.959757
1743383100.991749
1743383101.023911
1743383101.055994
1743383101.087533
1743383101.120302
1743383101.152350
1743383101.184225
1743383101.215939
1743383101.247812
1743383101.279620
1743383101.311662
1743383101.343468
1743383101.375672
1743383101.407860
1743383101.439993
1743383101.471950
1743383101.503478
1743383101.535894
1743383101.567695
1743383101.599970
1743383101.631444
1743383101.663440
1743383101.695600
1743383101.727706
1743383101.759599
1743383101.791799
1743383101.839610
1743383101.871943
1743383101.903846
1743383101.935907
1743383101.967749
1743383101.999835
1743383102.032037
1743383102.064137
1743383102.095636
1743383102.143248
1743383102.175430
1743383102.207895
1743383102.239755
1743383102.272188
1743383102.304138
1743383102.336000
1743383102.368096
1743383102.400196
1743383102.431866
1743383102.479252
1743383102.495443
1743383102.511384
1743383102.527446
1743383102.559968
1743383102.591702
1743383102.623816
1743383102.655389
1743383102.688148
1743383102.719861
1743383102.752074
1743383102.784092
1743383102.816036
1743383102.847630
1743383102.879438
1743383102.911438
1743383102.927436
1743383102.959551
1743383102.991680
1743383103.023815
1743383103.056109
1743383103.087930
1743383103.135936
1743383103.167658
1743383103.199684
1743383103.231804
1743383103.263590
1743383103.295526
1743383103.327439
1743383103.343570
1743383103.375831
1743383103.408001
1743383103.455722
1743383103.487723
1743383103.519567
1743383103.551550
1743383103.584088
1743383103.616190
1743383103.647772
1743383103.679422
1743383103.711715
1743383103.743733
1743383103.759786
1743383103.792029
1743383103.823726
1743383103.855787
1743383103.887539
1743383103.920009
1743383103.951971
1743383103.983763
1743383104.016033
1743383104.047913
1743383104.079660
1743383104.111733
1743383104.143522
1743383104.175744
1743383104.207798
1743383104.239930
1743383104.271937
1743383104.303879
1743383104.336116
1743383104.368049
1743383104.400086
1743383104.432222
1743383104.463979
1743383104.495343
1743383104.511316
1743383104.543516
1743383104.575402
1743383104.607665
1743383104.639664
1743383104.671963
1743383104.704070
1743383104.736070
1743383104.768024
1743383104.799954
1743383104.831657
1743383104.863506
1743383104.895299
1743383104.927269
1743383104.943388
1743383104.975502
1743383105.008060
1743383105.039953
1743383105.087535
1743383105.119591
1743383105.151646
1743383105.183804
1743383105.215860
1743383105.247968
1743383105.279385
1743383105.311323
1743383105.327481
1743383105.343617
1743383105.375641
1743383105.407967
1743383105.439472
1743383105.471894
1743383105.503822
1743383105.535770
1743383105.567877
1743383105.599818
1743383105.631993
1743383105.664324
1743383105.695841
1743383105.743203
1743383105.775355
1743383105.807586
1743383105.839435
1743383105.871777
1743383105.903839
1743383105.935860
1743383105.967819
1743383106.000201
1743383106.032202
1743383106.064070
1743383106.095164
1743383106.127276
1743383106.159400
1743383106.191452
1743383106.223393
1743383106.255821
1743383106.287839
1743383106.320136
1743383106.351978
1743383106.383876
1743383106.415903
1743383106.447771
1743383106.479407
1743383106.511424
1743383106.527269
1743383106.559487
1743383106.591573
1743383106.623635
1743383106.655726
1743383106.688018
1743383106.719908
1743383106.751632
1743383106.783798
1743383106.815802
1743383106.847873
1743383106.879531
1743383106.911276
1743383106.943344
1743383106.959408
1743383106.991554
1743383107.039547
1743383107.071530
1743383107.103792
1743383107.135668
1743383107.167701
1743383107.199666
1743383107.231667
1743383107.263480
1743383107.295316
1743383107.327514
1743383107.359797
1743383107.391290
1743383107.423179
1743383107.455795
1743383107.487642
1743383107.519794
1743383107.551818
1743383107.583385
1743383107.615884
1743383107.647687
1743383107.695375
1743383107.727086
1743383107.759200
1743383107.775188
1743383107.791229
1743383107.823588
1743383107.855745
1743383107.887853
1743383107.919862
1743383107.951840
1743383107.983971
1743383108.015783
1743383108.047501
1743383108.079204
1743383108.111223
1743383108.143174
1743383108.175261
1743383108.207665
1743383108.239595
1743383108.271911
1743383108.303880
1743383108.335768
1743383108.367580
1743383108.399670
1743383108.431520
1743383108.463612
1743383108.495297
1743383108.527264
1743383108.543222
1743383108.575417
1743383108.607612
1743383108.639761
1743383108.671782
1743383108.703451
1743383108.735493
1743383108.767685
1743383108.799920
1743383108.831817
1743383108.863958
1743383108.895515
1743383108.927533
1743383108.959435
1743383108.991245
1743383109.023064
1743383109.055461
1743383109.087559
1743383109.119637
1743383109.151708
1743383109.183718
1743383109.215819
1743383109.247938
1743383109.279596
1743383109.311645
1743383109.343098
1743383109.375254
1743383109.407415
1743383109.439614
1743383109.471593
1743383109.503826
1743383109.535576
1743383109.568009
1743383109.599711
1743383109.647360
1743383109.678602
1743383109.694955
1743383109.711206
1743383109.743239
1743383109.775272
1743383109.807284
1743383109.839580
1743383109.871576
1743383109.903613
1743383109.935530
1743383109.967931
1743383109.999322
1743383110.031628
1743383110.063065
1743383110.079109
1743383110.095266
1743383110.127108
1743383110.143167
1743383110.159257
1743383110.191407
1743383110.223816
1743383110.255704
1743383110.287791
1743383110.319579
1743383110.351440
1743383110.383846
1743383110.415529
1743383110.447806
1743383110.479284
1743383110.511250
1743383110.543325
1743383110.559254
1743383110.591527
1743383110.623979
1743383110.655390
1743383110.687339
1743383110.719604
1743383110.751503
1743383110.783618
1743383110.815624
1743383110.847446
1743383110.879426
1743383110.911279
1743383110.943658
1743383110.975029
1743383111.007358
1743383111.039348
1743383111.071546
1743383111.103546
1743383111.135526
1743383111.167569
1743383111.199365
1743383111.231907
1743383111.263630
1743383111.295182
1743383111.327018
1743383111.359279
1743383111.391463
1743383111.423189
1743383111.455269
1743383111.487644
1743383111.519778
1743383111.551679
1743383111.599227
1743383111.631418
1743383111.663495
1743383111.695398
1743383111.727417
1743383111.759380
1743383111.791195
1743383111.823336
1743383111.855410
1743383111.887592
1743383111.919593
1743383111.951236
1743383111.983468
1743383112.015477
1743383112.047531
1743383112.078864
1743383112.111172
1743383112.143242
1743383112.175349
1743383112.207420
1743383112.239512
1743383112.271310
1743383112.303200
1743383112.335482
1743383112.367485
1743383112.399508
1743383112.431368
1743383112.463277
1743383112.495433
1743383112.527428
1743383112.575093
1743383112.590838
1743383112.606842
1743383112.639111
1743383112.671568
1743383112.703519
1743383112.735403
1743383112.767139
1743383112.799526
1743383112.831553
1743383112.863189
1743383112.895335
1743383112.927189
1743383112.959306
1743383112.991092
1743383113.023489
1743383113.055441
1743383113.087610
1743383113.119668
1743383113.151787
1743383113.183521
1743383113.215715
1743383113.247364
1743383113.278869
1743383113.294802
1743383113.327030
1743383113.359061
1743383113.391092
1743383113.423416
1743383113.454981
1743383113.486529
1743383113.519588
1743383113.551677
1743383113.583291
1743383113.615378
1743383113.647200
1743383113.679306
1743383113.711042
1743383113.743180
1743383113.775119
1743383113.807430
1743383113.839647
1743383113.871540
1743383113.903529
1743383113.935683
1743383113.967279
1743383113.999233
1743383114.031413
1743383114.063429
1743383114.095224
1743383114.127089
1743383114.159426
1743383114.191484
1743383114.223388
1743383114.255300
1743383114.287418
1743383114.319201
1743383114.351418
1743383114.383491
1743383114.415341
1743383114.447747
1743383114.479353
1743383114.526983
1743383114.559155
1743383114.591171
1743383114.623182
1743383114.655172
1743383114.687251
1743383114.719277
1743383114.751494
1743383114.783492
1743383114.815676
1743383114.847638
1743383114.878900
1743383114.910959
1743383114.943170
1743383114.975102
1743383115.007219
1743383115.039477
1743383115.071541
1743383115.103515
1743383115.135451
1743383115.167522
1743383115.199304
1743383115.231368
1743383115.262969
1743383115.295117
1743383115.327038
1743383115.359012
1743383115.391069
1743383115.423414
1743383115.455275
1743383115.503242
1743383115.535179
1743383115.567179
1743383115.599299
1743383115.631221
1743383115.662968
1743383115.695074
1743383115.727110
1743383115.759191
1743383115.791245
1743383115.823359
1743383115.855019
1743383115.887095
1743383115.919064
1743383115.951141
1743383115.983250
1743383116.015354
1743383116.047458
1743383116.079081
1743383116.111273
1743383116.143510
1743383116.174955
1743383116.207062
1743383116.239146
1743383116.271338
1743383116.303443
1743383116.335294
1743383116.367504
1743383116.399352
1743383116.431497
1743383116.479242
1743383116.510710
1743383116.526747
1743383116.559152
1743383116.591123
1743383116.622893
1743383116.655238
1743383116.687077
1743383116.719222
1743383116.751012
1743383116.799043
1743383116.831090
1743383116.862776
1743383116.894655
1743383116.926458
1743383116.958996
1743383116.991079
1743383117.023263
1743383117.055252
1743383117.087346
1743383117.119554
1743383117.151109
1743383117.183035
1743383117.215064
1743383117.247182
1743383117.278811
1743383117.310898
1743383117.342901
1743383117.375460
1743383117.407377
1743383117.455014
1743383117.486639
1743383117.519091
1743383117.551176
1743383117.583197
1743383117.614899
1743383117.647189
1743383117.679061
1743383117.711074
1743383117.742936
1743383117.775320
1743383117.807059
1743383117.838971
1743383117.870993
1743383117.903171
1743383117.935246
1743383117.967681
1743383117.999529
1743383118.031370
1743383118.063145
1743383118.095412
1743383118.126371
1743383118.158988
1743383118.191004
1743383118.223239
1743383118.255071
1743383118.287235
1743383118.319250
1743383118.351307
1743383118.382599
1743383118.398849
1743383118.431671
1743383118.463422
1743383118.495077
1743383118.527135
1743383118.558940
1743383118.590979
1743383118.622869
1743383118.638400
1743383118.654776
1743383118.670828
1743383118.703221
1743383118.751081
1743383118.783128
1743383118.815284
1743383118.846894
1743383118.879230
1743383118.910794
1743383118.926795
1743383118.959001
1743383118.991141
1743383119.023406
1743383119.071014
1743383119.102798
1743383119.135156
1743383119.167397
1743383119.199210
1743383119.231239
1743383119.262988
1743383119.294808
1743383119.326867
1743383119.359056
1743383119.406827
1743383119.439038
1743383119.471005
1743383119.502767
1743383119.535337
1743383119.567340
1743383119.599373
1743383119.630994
1743383119.663103
1743383119.694855
1743383119.727353
1743383119.759006
1743383119.790888
1743383119.822799
1743383119.855328
1743383119.887082
1743383119.919450
1743383119.951244
1743383119.983364
1743383120.015347
1743383120.047170
1743383120.078546
1743383120.110886
1743383120.142913
1743383120.174588
1743383120.206996
1743383120.239099
1743383120.271246
1743383120.303193
1743383120.335333
1743383120.382986
1743383120.414710
1743383120.447324
1743383120.478832
1743383120.510787
1743383120.542743
1743383120.574893
1743383120.607100
1743383120.639278
1743383120.671132
1743383120.703395
1743383120.735276
1743383120.767176
1743383120.798836
1743383120.830974
1743383120.862620
1743383120.894632
1743383120.926371
1743383120.942878
1743383120.975054
1743383120.991396
1743383121.022912
1743383121.055160
1743383121.086980
1743383121.118328
1743383121.150772
1743383121.182968
1743383121.215198
1743383121.247196
1743383121.278755
1743383121.310878
1743383121.358593
1743383121.390836
1743383121.422972
1743383121.454985
1743383121.486966
1743383121.519031
1743383121.551129
1743383121.583170
1743383121.615632
1743383121.647271
1743383121.679341
1743383121.710569
1743383121.742573
1743383121.775011
1743383121.806615
1743383121.838958
1743383121.871061
1743383121.903006
1743383121.934763
1743383121.950636
1743383121.999020
1743383122.030606
1743383122.062042
1743383122.078355
1743383122.094510
1743383122.110555
1743383122.142484
1743383122.158571
1743383122.190732
1743383122.223081
1743383122.254827
1743383122.287358
1743383122.334908
1743383122.366937
1743383122.399071
1743383122.430828
1743383122.462556
1743383122.494912
1743383122.526671
1743383122.558843
1743383122.590771
1743383122.623030
1743383122.654959
1743383122.686747
1743383122.718757
1743383122.751216
1743383122.782366
1743383122.815025
1743383122.847130
1743383122.878645
1743383122.910833
1743383122.942881
1743383122.975224
1743383123.006894
1743383123.038692
1743383123.070958
1743383123.102865
1743383123.134861
1743383123.166885
1743383123.199038
1743383123.231183
1743383123.263300
1743383123.310454
1743383123.342495
1743383123.358493
1743383123.374536
1743383123.407519
1743383123.439149
1743383123.470763
1743383123.503043
1743383123.535188
1743383123.567266
1743383123.599037
1743383123.631336
1743383123.662892
1743383123.694468
1743383123.726556
1743383123.758866
1743383123.790411
1743383123.822977
1743383123.854351
1743383123.886324
1743383123.919169
1743383123.951379
1743383123.982998
1743383124.015088
1743383124.046965
1743383124.078727
1743383124.110651
1743383124.142612
1743383124.174718
1743383124.207071
1743383124.238953
1743383124.286630
1743383124.318690
1743383124.350930
1743383124.382796
1743383124.414923
1743383124.447207
1743383124.478809
1743383124.510600
1743383124.526958
1743383124.558841
1743383124.606375
1743383124.638657
1743383124.670859
1743383124.702187
1743383124.718189
1743383124.751056
1743383124.782961
1743383124.814739
1743383124.846506
1743383124.878826
1743383124.926391
1743383124.958499
1743383124.990423
1743383125.022808
1743383125.055207
1743383125.086852
1743383125.119055
1743383125.151022
1743383125.183221
1743383125.215019
1743383125.262830
1743383125.294332
1743383125.326477
1743383125.358555
1743383125.390690
1743383125.422784
1743383125.455064
1743383125.486717
1743383125.518861
1743383125.550963
1743383125.583182
1743383125.615248
1743383125.646897
1743383125.678263
1743383125.694244
1743383125.726412
1743383125.758751
1743383125.790669
1743383125.822684
1743383125.855050
1743383125.902713
1743383125.934002
1743383125.950101
1743383125.966524
1743383125.982632
1743383126.015127
1743383126.046576
1743383126.078545
1743383126.110724
1743383126.142563
1743383126.174709
1743383126.207168
1743383126.239027
1743383126.270824
1743383126.302848
1743383126.334625
1743383126.366728
1743383126.398923
1743383126.430952
1743383126.462816
1743383126.494467
1743383126.526616
1743383126.559013
1743383126.590488
1743383126.622753
1743383126.654611
1743383126.687038
1743383126.718958
1743383126.751083
1743383126.782481
1743383126.814939
1743383126.847094
1743383126.879019
1743383126.910196
1743383126.942263
1743383126.974402
1743383127.006665
1743383127.039006
1743383127.070779
1743383127.102779
1743383127.135069
1743383127.167035
1743383127.214712
1743383127.246821
1743383127.278264
1743383127.310577
1743383127.342473
1743383127.374544
1743383127.406494
1743383127.438967
1743383127.470976
1743383127.503208
1743383127.534842
1743383127.567020
1743383127.598692
1743383127.630715
1743383127.662616
1743383127.694299
1743383127.726404
1743383127.758640
1743383127.790733
1743383127.822417
1743383127.854704
1743383127.886500
1743383127.918694
1743383127.950982
1743383127.983064
1743383128.014704
1743383128.046564
1743383128.078328
1743383128.094293
1743383128.126851
1743383128.158730
1743383128.190894
1743383128.222892
1743383128.254526
1743383128.286597
1743383128.318664
1743383128.350858
1743383128.383013
1743383128.414999
1743383128.446738
1743383128.478518
1743383128.510783
1743383128.542149
1743383128.558424
1743383128.590604
1743383128.622503
1743383128.654485
1743383128.686669
1743383128.718818
1743383128.750935
1743383128.783110
1743383128.830442
1743383128.862179
1743383128.894306
1743383128.926256
1743383128.958374
1743383128.990545
1743383129.022513
1743383129.054699
1743383129.086947
1743383129.119105
1743383129.166554
1743383129.198864
1743383129.230827
1743383129.262638
1743383129.294343
1743383129.326437
1743383129.358360
1743383129.390423
1743383129.422738
1743383129.454779
1743383129.486617
1743383129.518569
1743383129.550653
1743383129.582596
1743383129.614520
1743383129.646661
1743383129.678422
1743383129.710333
1743383129.742364
1743383129.758381
1743383129.774593
1743383129.807146
1743383129.838554
1743383129.870606
1743383129.902684
1743383129.934662
1743383129.966721
1743383129.998638
1743383130.030811
1743383130.062921
1743383130.094355
1743383130.142148
1743383130.174210
1743383130.206352
1743383130.238462
1743383130.270421
1743383130.302604
1743383130.334666
1743383130.367060
1743383130.398989
1743383130.430909
1743383130.462883
1743383130.494445
1743383130.526231
1743383130.558430
1743383130.590187
1743383130.606814
1743383130.638457
1743383130.670842
1743383130.702848
1743383130.734911
1743383130.782938
1743383130.814475
1743383130.846616
1743383130.878048
1743383130.894118
1743383130.910274
1743383130.926386
1743383130.958296
1743383130.990454
1743383131.022461
1743383131.054738
1743383131.086891
1743383131.119003
1743383131.150850
1743383131.182752
1743383131.214576
1743383131.246850
1743383131.278289
1743383131.310274
1743383131.342372
1743383131.374321
1743383131.390360
1743383131.406556
1743383131.438909
1743383131.470931
1743383131.502627
1743383131.534449
1743383131.566547
1743383131.598505
1743383131.630677
1743383131.662498
1743383131.694437
1743383131.726476
1743383131.758563
1743383131.790302
1743383131.822417
1743383131.854426
1743383131.886852
1743383131.918545
1743383131.950612
1743383131.982815
1743383132.014501
1743383132.046396
1743383132.094396
1743383132.125964
1743383132.158101
1743383132.190072
1743383132.222314
1743383132.254436
1743383132.285002
1743383132.302314
1743383132.334659
1743383132.366916
1743383132.414310
1743383132.446365
1743383132.478110
1743383132.510068
1743383132.526279
1743383132.558033
1743383132.590190
1743383132.622362
1743383132.654676
1743383132.686865
1743383132.734385
1743383132.765884
1743383132.781617
1743383132.797839
1743383132.814117
1743383132.846516
1743383132.878247
1743383132.910056
1743383132.926219
1743383132.958093
1743383132.990453
1743383133.022558
1743383133.070486
1743383133.102519
1743383133.134299
1743383133.166647
1743383133.198580
1743383133.230666
1743383133.262634
1743383133.294268
1743383133.326216
1743383133.358521
1743383133.390331
1743383133.420985
1743383133.437504
1743383133.454081
1743383133.486760
1743383133.518515
1743383133.550473
1743383133.582749
1743383133.614647
1743383133.646778
1743383133.678482
1743383133.710647
1743383133.741816
1743383133.757947
1743383133.790110
1743383133.822251
1743383133.854251
1743383133.886739
1743383133.918475
1743383133.950725
1743383133.982403
1743383134.014868
1743383134.046788
1743383134.078159
1743383134.110175
1743383134.142154
1743383134.174182
1743383134.206223
1743383134.238561
1743383134.270459
1743383134.302665
1743383134.334641
1743383134.366739
1743383134.398602
1743383134.430419
1743383134.462039
1743383134.494066
1743383134.526018
1743383134.558409
1743383134.588954
1743383134.605819
1743383134.622085
1743383134.654526
1743383134.686682
1743383134.718105
1743383134.750386
1743383134.782572
1743383134.814718
1743383134.846017
1743383134.878195
1743383134.909963
1743383134.926144
1743383134.958529
1743383134.990424
1743383135.022775
1743383135.054411
1743383135.086363
1743383135.118509
1743383135.150629
1743383135.182713
1743383135.214571
1743383135.246824
1743383135.278271
1743383135.310239
1743383135.342677
1743383135.374063
1743383135.406322
1743383135.438191
1743383135.470414
1743383135.502487
1743383135.534484
1743383135.566631
1743383135.598410
1743383135.630503
1743383135.662402
1743383135.694325
1743383135.724791
1743383135.740838
1743383135.758238
1743383135.774104
1743383135.806183
1743383135.838272
1743383135.870432
1743383135.902363
1743383135.934679
1743383135.966802
1743383135.998624
1743383136.030522
1743383136.062508
1743383136.093969
1743383136.126056
1743383136.158247
1743383136.190232
1743383136.222383
1743383136.254346
1743383136.286623
1743383136.318329
1743383136.350229
1743383136.382493
1743383136.414319
1743383136.446268
1743383136.478051
1743383136.510053
1743383136.542209
1743383136.574434
1743383136.606418
1743383136.638596
1743383136.670121
1743383136.702442
1743383136.734422
1743383136.766659
1743383136.798363
1743383136.830674
1743383136.862553
1743383136.892856
1743383136.910282
1743383136.942521
1743383136.974436
1743383137.006208
1743383137.038194
1743383137.070626
1743383137.102322
1743383137.134383
1743383137.166572
1743383137.198371
1743383137.230601
1743383137.262519
1743383137.294361
1743383137.326123
1743383137.357947
1743383137.390088
1743383137.422180
1743383137.454189
1743383137.486348
1743383137.518815
1743383137.550591
1743383137.582376
1743383137.614690
1743383137.646056
1743383137.677984
1743383137.709937
1743383137.741778
1743383137.757930
1743383137.773980
1743383137.790061
1743383137.822307
1743383137.854294
1743383137.886620
1743383137.918717
1743383137.950356
1743383137.982429
1743383138.014083
1743383138.044900
1743383138.061961
1743383138.094127
1743383138.125965
1743383138.158155
1743383138.190209
1743383138.222494
1743383138.270293
1743383138.302389
1743383138.334370
1743383138.366543
1743383138.398225
1743383138.430161
1743383138.461833
1743383138.478002
1743383138.494071
1743383138.526265
1743383138.557993
1743383138.590456
1743383138.622008
1743383138.654225
1743383138.686210
1743383138.718269
1743383138.750232
1743383138.782546
1743383138.814636
1743383138.846735
1743383138.878083
1743383138.925930
1743383138.957591
1743383138.973758
1743383138.989911
1743383139.022033
1743383139.054259
1743383139.086266
1743383139.118070
1743383139.150146
1743383139.181077
1743383139.214687
1743383139.246480
1743383139.277854
1743383139.309982
1743383139.341820
1743383139.374088
1743383139.406144
1743383139.438397
1743383139.470565
1743383139.502434
1743383139.534469
1743383139.566445
1743383139.598101
1743383139.630138
1743383139.662092
1743383139.693899
1743383139.725900
1743383139.757859
1743383139.790100
1743383139.822147
1743383139.854196
1743383139.902033
1743383139.933999
1743383139.966262
1743383139.998266
1743383140.030333
1743383140.062181
1743383140.094237
1743383140.125942
1743383140.158104
1743383140.190351
1743383140.222215
1743383140.254157
1743383140.286321
1743383140.316734
1743383140.332787
1743383140.349928
1743383140.382481
1743383140.414174
1743383140.445700
1743383140.462104
1743383140.494039
1743383140.541541
1743383140.573914
1743383140.605984
1743383140.638191
1743383140.670053
1743383140.702183
1743383140.733992
1743383140.766600
1743383140.798155
1743383140.830487
1743383140.877705
1743383140.909852
1743383140.941940
1743383140.973854
1743383141.005797
1743383141.038137
1743383141.070248
1743383141.102180
1743383141.134394
1743383141.166292
1743383141.198495
1743383141.230155
1743383141.261689
1743383141.293610
1743383141.325786
1743383141.357700
1743383141.390055
1743383141.421844
1743383141.453926
1743383141.484884
1743383141.518572
1743383141.550170
1743383141.582091
1743383141.614310
1743383141.646199
1743383141.677599
1743383141.693754
1743383141.709829
1743383141.741857
1743383141.774082
1743383141.806170
1743383141.853874
1743383141.885844
1743383141.918106
1743383141.950069
1743383141.982131
1743383142.014088
1743383142.046465
1743383142.077745
1743383142.093733
1743383142.126098
1743383142.173530
1743383142.205873
1743383142.237750
1743383142.270087
1743383142.301997
1743383142.334235
1743383142.366219
1743383142.398250
1743383142.430400
1743383142.462261
1743383142.494195
1743383142.525718
1743383142.557792
1743383142.589852
1743383142.620445
1743383142.637339
1743383142.669062
1743383142.700519
1743383142.716478
1743383142.750615
1743383142.782182
1743383142.829951
1743383142.861922
1743383142.893234
1743383142.925110
1743383142.941400
1743383142.973099
1743383142.989332
1743383143.021445
1743383143.053488
1743383143.085370
1743383143.117486
1743383143.149375
1743383143.181117
1743383143.213341
1743383143.244892
1743383143.261725
1743383143.293409
1743383143.309737
1743383143.342308
1743383143.373523
1743383143.389751
1743383143.421373
1743383143.469118
1743383143.501088
1743383143.533141
1743383143.565169
1743383143.597281
1743383143.630169
1743383143.662072
1743383143.693674
1743383143.725986
1743383143.758022
1743383143.805776
1743383143.837941
1743383143.869985
1743383143.902253
1743383143.934024
1743383143.966239
1743383143.998249
1743383144.030289
1743383144.062531
1743383144.093790
1743383144.126078
1743383144.157541
1743383144.173584
1743383144.189624
1743383144.221787
1743383144.253688
1743383144.285926
1743383144.318180
1743383144.350363
1743383144.382467
1743383144.414210
1743383144.444553
1743383144.476504
1743383144.492594
1743383144.524467
1743383144.540790
1743383144.557794
1743383144.573843
1743383144.590024
1743383144.621772
1743383144.653987
1743383144.686490
1743383144.718057
1743383144.750153
1743383144.782147
1743383144.813599
1743383144.845894
1743383144.877546
1743383144.893526
1743383144.925411
1743383144.941999
1743383144.973656
1743383145.005433
1743383145.021802
1743383145.054054
1743383145.100394
1743383145.132726
1743383145.149343
1743383145.165348
1743383145.181355
1743383145.197477
1743383145.213579
1743383145.245687
1743383145.276807
1743383145.308617
1743383145.324992
1743383145.356610
1743383145.373146
1743383145.420457
1743383145.452462
1743383145.485283
1743383145.516805
1743383145.548396
1743383145.580337
1743383145.597450
1743383145.613734
1743383145.645388
1743383145.661617
1743383145.693545
1743383145.709567
1743383145.725824
1743383145.757770
1743383145.789388
1743383145.821333
1743383145.853576
1743383145.885576
1743383145.917536
1743383145.949834
1743383145.981855
1743383146.013889
1743383146.046096
1743383146.077602
1743383146.109542
1743383146.141464
1743383146.157681
1743383146.189605
1743383146.221798
1743383146.253988
1743383146.286401
1743383146.317916
1743383146.350172
1743383146.398002
1743383146.430118
1743383146.461915
1743383146.493855
1743383146.525611
1743383146.557593
1743383146.589697
1743383146.621731
1743383146.654049
1743383146.686177
1743383146.733696
1743383146.765604
1743383146.797580
1743383146.828715
1743383146.845551
1743383146.877603
1743383146.893234
1743383146.909510
1743383146.925532
1743383146.957986
1743383146.989945
1743383147.021952
1743383147.053940
1743383147.086013
1743383147.117697
1743383147.149874
1743383147.182133
1743383147.213978
1743383147.245815
1743383147.277741
1743383147.309727
1743383147.341842
1743383147.373988
1743383147.405675
1743383147.437742
1743383147.469857
1743383147.502016
1743383147.534019
1743383147.565940
1743383147.597689
1743383147.629905
1743383147.645877
1743383147.677734
1743383147.710040
1743383147.741496
1743383147.773547
1743383147.805685
1743383147.837748
1743383147.869937
1743383147.901958
1743383147.933993
1743383147.965743
1743383147.997473
1743383148.030001
1743383148.061882
1743383148.093555
1743383148.125382
1743383148.157398
1743383148.173496
1743383148.205728
1743383148.237816
1743383148.270036
1743383148.301977
1743383148.349934
1743383148.381942
1743383148.413896
1743383148.445919
1743383148.477514
1743383148.509632
1743383148.541932
1743383148.573467
1743383148.589675
1743383148.621759
1743383148.654102
1743383148.686126
1743383148.717715
1743383148.749720
1743383148.782067
1743383148.813972
1743383148.846012
1743383148.877430
1743383148.909772
1743383148.925427
1743383148.941652
1743383148.973904
1743383149.006090
1743383149.037783
1743383149.069865
1743383149.101709
1743383149.133542
1743383149.165813
1743383149.198162
1743383149.229973
1743383149.262190
1743383149.293733
1743383149.325904
1743383149.357624
1743383149.389637
1743383149.421557
1743383149.453592
1743383149.485827
1743383149.518297
1743383149.549756
1743383149.582009
1743383149.614059
1743383149.661809
1743383149.693585
1743383149.725159
1743383149.757546
1743383149.774147
1743383149.805921
1743383149.837728
1743383149.869990
1743383149.902013
1743383149.934158
1743383149.981783
1743383150.013772
1743383150.045703
1743383150.077162
1743383150.093371
1743383150.125099
1743383150.141499
1743383150.173775
1743383150.205766
1743383150.238037
1743383150.269775
1743383150.302127
1743383150.333804
1743383150.365670
1743383150.397735
1743383150.429803
1743383150.461468
1743383150.493623
1743383150.525463
1743383150.557562
1743383150.573768
1743383150.589742
1743383150.637745
1743383150.669695
1743383150.701820
1743383150.733800
1743383150.765947
1743383150.797744
1743383150.829676
1743383150.861965
1743383150.893581
1743383150.925597
1743383150.957691
1743383150.989552
1743383151.021692
1743383151.053569
1743383151.085796
1743383151.118010
1743383151.149780
1743383151.181941
1743383151.213888
1743383151.245726
1743383151.277859
1743383151.309304
1743383151.341326
1743383151.373575
1743383151.405527
1743383151.437937
1743383151.470329
1743383151.501646
1743383151.533901
1743383151.565809
1743383151.613442
1743383151.645622
1743383151.677087
1743383151.693274
1743383151.725103
1743383151.741290
1743383151.773443
1743383151.805810
1743383151.837621
1743383151.869947
1743383151.901652
1743383151.933868
1743383151.965506
1743383151.997680
1743383152.029751
1743383152.061490
1743383152.093513
1743383152.125315
1743383152.157335
1743383152.189526
1743383152.205752
1743383152.252955
1743383152.284482
1743383152.316219
1743383152.348048
1743383152.380410
1743383152.413752
1743383152.445704
1743383152.477417
1743383152.509477
1743383152.541531
1743383152.589589
1743383152.621449
1743383152.653510
1743383152.685708
1743383152.717798
1743383152.749840
1743383152.781706
1743383152.813819
1743383152.845925
1743383152.877411
1743383152.909777
1743383152.941232
1743383152.957224
1743383152.973473
1743383153.005339
1743383153.037376
1743383153.069562
1743383153.101561
1743383153.133339
1743383153.165394
1743383153.197629
1743383153.229749
1743383153.260749
1743383153.277398
1743383153.309312
1743383153.341186
1743383153.373354
1743383153.404123
1743383153.421196
1743383153.453708
1743383153.485843
1743383153.517941
1743383153.565329
1743383153.597388
1743383153.629627
1743383153.661545
1743383153.693527
1743383153.725376
1743383153.757315
1743383153.789507
1743383153.821514
1743383153.853526
1743383153.885757
1743383153.917570
1743383153.949490
1743383153.981667
1743383154.013719
1743383154.045767
1743383154.077099
1743383154.093187
1743383154.125794
1743383154.157384
1743383154.205159
1743383154.237131
1743383154.269347
1743383154.301564
1743383154.333533
1743383154.365591
1743383154.397684
1743383154.429589
1743383154.461481
1743383154.493490
1743383154.541183
1743383154.573156
1743383154.605471
1743383154.637478
1743383154.669595
1743383154.701463
1743383154.733643
1743383154.765875
1743383154.797772
1743383154.829779
1743383154.861674
1743383154.893119
1743383154.925199
1743383154.957234
1743383154.973010
1743383154.989158
1743383155.005186
1743383155.037071
1743383155.069416
1743383155.101618
1743383155.133825
1743383155.181369
1743383155.213437
1743383155.245432
1743383155.277194
1743383155.309557
1743383155.341295
1743383155.373214
1743383155.405405
1743383155.437569
1743383155.470010
1743383155.517542
1743383155.549398
1743383155.581507
1743383155.613843
1743383155.645258
1743383155.677493
1743383155.709208
1743383155.741354
1743383155.773335
1743383155.805455
1743383155.838125
1743383155.868817
1743383155.901777
1743383155.933464
1743383155.965484
1743383155.997628
1743383156.029839
1743383156.061564
1743383156.093246
1743383156.109392
1743383156.157180
1743383156.189220
1743383156.221476
1743383156.253664
1743383156.285720
1743383156.317686
1743383156.349429
1743383156.381492
1743383156.413674
1743383156.445760
1743383156.493081
1743383156.525148
1743383156.557045
1743383156.589219
1743383156.621407
1743383156.653465
1743383156.685337
1743383156.717510
1743383156.749727
1743383156.781565
1743383156.813666
1743383156.845507
1743383156.877161
1743383156.909121
1743383156.941144
1743383156.973188
1743383156.989114
1743383157.005130
1743383157.037227
1743383157.069728
1743383157.101552
1743383157.133871
1743383157.165126
1743383157.197165
1743383157.229354
1743383157.261209
1743383157.293250
1743383157.325177
1743383157.357168
1743383157.389093
1743383157.421535
1743383157.469100
1743383157.501602
1743383157.533637
1743383157.565498
1743383157.597487
1743383157.629504
1743383157.661420
1743383157.693237
1743383157.725381
1743383157.757387
1743383157.789423
1743383157.821224
1743383157.853192
1743383157.885373
1743383157.917349
1743383157.949261
1743383157.981386
1743383158.013450
1743383158.045475
1743383158.077117
1743383158.109481
1743383158.141010
1743383158.173050
1743383158.205025
1743383158.220871
1743383158.253443
1743383158.285549
1743383158.317723
1743383158.349613
1743383158.381665
1743383158.413655
1743383158.445312
1743383158.476896
1743383158.509101
1743383158.540828
1743383158.573333
1743383158.605382
1743383158.637432
1743383158.669452
1743383158.701576
1743383158.733665
1743383158.765605
1743383158.797537
1743383158.829642
1743383158.861392
1743383158.892863
1743383158.908940
1743383158.941176
1743383158.973161
1743383159.005384
1743383159.037419
1743383159.085294
1743383159.117298
1743383159.149250
1743383159.181202
1743383159.213512
1743383159.245325
1743383159.277085
1743383159.309054
1743383159.341330
1743383159.373541
1743383159.421048
1743383159.453086
1743383159.485128
1743383159.517506
1743383159.549223
1743383159.581406
1743383159.613478
1743383159.645540
1743383159.677097
1743383159.709116
1743383159.741578
1743383159.773110
1743383159.805207
1743383159.837362
1743383159.869312
1743383159.901546
1743383159.933259
1743383159.965343
1743383159.997722
1743383160.029756
1743383160.061408
1743383160.092811
1743383160.124927
1743383160.156951
1743383160.188973
1743383160.221218
1743383160.253168
1743383160.285280
1743383160.317398
1743383160.349514
1743383160.397324
1743383160.429428
1743383160.461163
1743383160.493084
1743383160.524974
1743383160.556984
1743383160.589285
1743383160.621390
1743383160.653466
1743383160.685566
1743383160.717514
1743383160.749268
1743383160.781211
1743383160.813106
1743383160.845413
1743383160.876850
1743383160.908996
1743383160.941279
1743383160.973187
1743383160.989299
1743383161.037072
1743383161.069531
1743383161.101447
1743383161.133281
1743383161.165249
1743383161.197589
1743383161.229639
1743383161.261486
1743383161.292979
1743383161.325221
1743383161.372703
1743383161.405057
1743383161.437061
1743383161.469042
1743383161.501293
1743383161.533335
1743383161.565228
1743383161.597485
1743383161.629787
1743383161.661255
1743383161.693401
1743383161.724848
1743383161.740825
1743383161.756853
1743383161.788943
1743383161.821005
1743383161.853212
1743383161.885207
1743383161.917280
1743383161.949508
1743383161.981642
1743383162.013798
1743383162.045131
1743383162.076698
1743383162.092770
1743383162.108780
1743383162.140868
1743383162.173005
1743383162.204996
1743383162.237207
1743383162.269699
1743383162.301284
1743383162.349092
1743383162.381266
1743383162.413086
1743383162.445192
1743383162.476985
1743383162.509049
1743383162.540823
1743383162.572942
1743383162.605226
1743383162.637136
1743383162.669527
1743383162.700905
1743383162.733060
1743383162.765333
1743383162.797117
1743383162.829259
1743383162.861269
1743383162.892934
1743383162.925114
1743383162.957223
1743383162.989302
1743383163.021111
1743383163.052990
1743383163.085252
1743383163.117109
1743383163.149325
1743383163.181610
1743383163.213179
1743383163.245426
1743383163.277077
1743383163.324577
1743383163.356728
1743383163.389063
1743383163.420916
1743383163.453197
1743383163.485140
1743383163.517412
1743383163.549254
1743383163.581503
1743383163.613460
1743383163.645321
1743383163.676797
1743383163.708576
1743383163.724717
1743383163.740744
1743383163.756832
1743383163.789026
1743383163.820632
1743383163.853218
1743383163.885390
1743383163.917162
1743383163.964881
1743383163.997058
1743383164.029051
1743383164.061423
1743383164.092818
1743383164.124723
1743383164.155424
1743383164.173313
1743383164.204982
1743383164.237147
1743383164.253200
1743383164.301200
1743383164.333254
1743383164.365035
1743383164.397008
1743383164.429089
1743383164.460829
1743383164.492834
1743383164.524991
1743383164.556852
1743383164.588905
1743383164.621089
1743383164.652845
1743383164.685246
1743383164.717007
1743383164.749111
1743383164.781159
1743383164.812963
1743383164.845307
1743383164.876744
1743383164.908920
1743383164.941080
1743383164.972695
1743383165.004854
1743383165.036837
1743383165.069306
1743383165.101041
1743383165.133383
1743383165.165090
1743383165.197424
1743383165.229280
1743383165.277216
1743383165.309040
1743383165.340877
1743383165.372877
1743383165.404963
1743383165.437021
1743383165.468983
1743383165.500437
1743383165.516877
1743383165.549395
1743383165.596995
1743383165.629421
1743383165.660817
1743383165.676700
1743383165.708935
1743383165.740763
1743383165.772685
1743383165.788818
1743383165.821350
1743383165.852974
1743383165.885476
1743383165.917406
1743383165.949010
1743383165.981222
1743383166.013386
1743383166.045443
1743383166.076850
1743383166.107570
1743383166.124763
1743383166.140852
1743383166.173081
1743383166.205329
1743383166.253037
1743383166.285034
1743383166.317087
1743383166.349036
1743383166.379784
1743383166.396319
1743383166.412641
1743383166.428712
1743383166.460727
1743383166.476755
1743383166.493033
1743383166.524870
1743383166.572610
1743383166.605031
1743383166.636844
1743383166.667754
1743383166.684612
1743383166.717094
1743383166.749293
1743383166.781192
1743383166.813059
1743383166.845240
1743383166.892641
1743383166.924614
1743383166.956539
1743383166.988863
1743383167.020893
1743383167.051506
1743383167.068132
1743383167.084603
1743383167.100853
1743383167.133127
1743383167.165272
1743383167.197290
1743383167.229217
1743383167.261223
1743383167.292585
1743383167.324664
1743383167.356772
1743383167.388869
1743383167.421072
1743383167.452958
1743383167.483678
1743383167.500907
1743383167.549091
1743383167.580977
1743383167.612879
1743383167.644873
1743383167.676997
1743383167.708796
1743383167.740560
1743383167.772806
1743383167.804888
1743383167.837064
1743383167.868714
1743383167.900491
1743383167.933377
1743383167.965045
1743383167.996942
1743383168.028871
1743383168.061087
1743383168.092597
1743383168.108707
1743383168.124762
1743383168.156708
1743383168.204696
1743383168.236703
1743383168.268828
1743383168.300990
1743383168.332959
1743383168.365092
1743383168.396832
1743383168.429347
1743383168.461296
1743383168.492908
1743383168.524995
1743383168.556542
1743383168.588651
1743383168.620921
1743383168.652822
1743383168.684990
1743383168.717048
1743383168.747507
1743383168.763907
1743383168.780815
1743383168.813538
1743383168.845161
1743383168.876595
1743383168.908705
1743383168.940579
1743383168.972441
1743383169.004797
1743383169.037046
1743383169.068899
1743383169.101046
1743383169.133145
1743383169.180864
1743383169.212954
1743383169.245089
1743383169.276598
1743383169.308752
1743383169.340964
1743383169.372694
1743383169.405034
1743383169.437172
1743383169.469141
1743383169.501027
1743383169.532857
1743383169.564984
1743383169.596859
1743383169.628866
1743383169.661038
1743383169.692299
1743383169.708426
1743383169.724679
1743383169.757031
1743383169.788828
1743383169.820928
1743383169.852735
1743383169.884951
1743383169.916624
1743383169.948960
1743383169.980855
1743383170.013042
1743383170.045078
1743383170.076770
1743383170.108746
1743383170.124967
1743383170.157040
1743383170.188563
1743383170.220709
1743383170.252780
1743383170.285013
1743383170.317082
1743383170.348893
1743383170.381048
1743383170.413062
1743383170.444985
1743383170.476950
1743383170.508845
1743383170.540415
1743383170.572726
1743383170.604546
1743383170.636563
1743383170.668718
1743383170.700747
1743383170.733228
1743383170.765078
1743383170.797176
1743383170.828808
1743383170.860300
1743383170.876587
1743383170.908473
1743383170.940665
1743383170.972412
1743383171.004762
1743383171.037126
1743383171.068958
1743383171.101074
1743383171.133214
1743383171.164556
1743383171.196944
1743383171.228962
1743383171.260729
1743383171.292371
1743383171.308306
1743383171.324446
1743383171.340508
1743383171.372690
1743383171.404798
1743383171.452583
1743383171.484687
1743383171.516701
1743383171.548405
1743383171.580807
1743383171.612898
1743383171.645081
1743383171.676755
1743383171.708628
1743383171.740655
1743383171.773088
1743383171.804816
1743383171.836465
1743383171.868740
1743383171.900699
1743383171.933001
1743383171.965122
1743383171.996897
1743383172.029082
1743383172.061024
1743383172.108337
1743383172.140219
1743383172.156258
1743383172.172438
1743383172.204711
1743383172.236709
1743383172.268909
1743383172.300718
1743383172.332853
1743383172.365071
1743383172.397173
1743383172.428897
1743383172.460936
1743383172.492339
1743383172.508509
1743383172.540474
1743383172.572484
1743383172.604576
1743383172.636585
1743383172.668664
1743383172.700823
1743383172.748668
1743383172.780704
1743383172.812725
1743383172.844625
1743383172.876426
1743383172.908180
1743383172.924363
1743383172.956652
1743383172.988538
1743383173.020732
1743383173.052819
1743383173.084879
1743383173.116661
1743383173.148647
1743383173.180625
1743383173.212618
1743383173.244894
1743383173.276725
1743383173.308496
1743383173.340635
1743383173.372725
1743383173.405019
1743383173.436737
1743383173.468746
1743383173.500553
1743383173.531353
1743383173.548087
1743383173.580931
1743383173.612945
1743383173.644168
1743383173.660357
1743383173.692592
1743383173.724756
1743383173.756161
1743383173.788511
1743383173.820670
1743383173.852588
1743383173.884593
1743383173.916784
1743383173.948806
1743383173.980936
1743383174.013213
1743383174.060743
1743383174.092387
1743383174.124274
1743383174.140365
1743383174.156369
1743383174.188610
1743383174.220540
1743383174.252641
1743383174.284700
1743383174.316928
1743383174.349018
1743383174.380860
1743383174.412622
1743383174.444612
1743383174.476335
1743383174.508550
1743383174.540437
1743383174.572356
1743383174.588498
1743383174.620622
1743383174.652997
1743383174.700509
1743383174.732492
1743383174.764732
1743383174.796911
1743383174.828251
1743383174.844206
1743383174.860504
1743383174.891738
1743383174.924781
1743383174.956589
1743383174.988523
1743383175.036333
1743383175.068574
1743383175.100567
1743383175.132613
1743383175.164768
1743383175.196720
1743383175.228863
1743383175.260600
1743383175.292484
1743383175.324628
1743383175.356760
1743383175.388489
1743383175.420292
1743383175.452516
1743383175.484606
1743383175.516374
1743383175.548626
1743383175.580676
1743383175.613035
1743383175.644875
1743383175.676894
1743383175.708430
1743383175.740224
1743383175.772269
1743383175.804352
1743383175.836634
1743383175.868708
1743383175.900661
1743383175.932594
1743383175.964995
1743383176.012475
1743383176.044522
1743383176.076233
1743383176.108075
1743383176.140161
1743383176.156355
1743383176.172349
1743383176.204571
1743383176.236514
1743383176.269033
1743383176.301137
1743383176.332870
1743383176.364601
1743383176.397022
1743383176.428647
1743383176.460706
1743383176.492460
1743383176.524282
1743383176.556314
1743383176.588537
1743383176.620734
1743383176.652578
1743383176.684336
1743383176.716455
1743383176.748575
1743383176.780494
1743383176.812904
1743383176.844752
1743383176.876225
1743383176.892253
1743383176.908288
1743383176.940435
1743383176.988165
1743383177.020272
1743383177.052423
1743383177.084581
1743383177.116408
1743383177.148474
1743383177.180599
1743383177.212518
1743383177.244743
1743383177.276581
1743383177.308662
1743383177.339909
1743383177.356027
1743383177.388269
1743383177.420481
1743383177.452391
1743383177.484719
1743383177.516684
1743383177.548836
1743383177.580455
1743383177.628363
1743383177.660416
1743383177.691885
1743383177.724083
1743383177.740050
1743383177.772186
1743383177.804496
1743383177.836289
1743383177.868811
1743383177.900648
1743383177.932791
1743383177.964830
1743383177.996704
1743383178.028449
1743383178.060236
1743383178.092300
1743383178.124073
1743383178.156462
1743383178.188273
1743383178.220654
1743383178.252730
1743383178.284802
1743383178.316350
1743383178.348455
1743383178.380298
1743383178.412629
1743383178.444504
1743383178.476255
1743383178.508224
1743383178.524365
1743383178.556069
1743383178.572246
1743383178.604943
1743383178.636374
1743383178.668631
1743383178.700513
1743383178.732369
1743383178.764570
1743383178.796717
1743383178.828615
1743383178.860655
1743383178.892679
1743383178.939926
1743383178.972203
1743383179.004406
1743383179.036353
1743383179.068363
1743383179.100598
1743383179.132643
1743383179.164422
1743383179.196738
1743383179.228588
1743383179.260805
1743383179.291890
1743383179.323990
1743383179.356088
1743383179.387801
1743383179.420147
1743383179.452495
1743383179.484418
1743383179.516674
1743383179.548684
1743383179.580727
1743383179.612301
1743383179.644246
1743383179.675860
1743383179.691887
1743383179.724229
1743383179.756352
1743383179.788253
1743383179.820415
1743383179.852514
1743383179.884799
1743383179.916521
1743383179.948764
1743383179.980448
1743383180.012557
1743383180.044512
1743383180.076125
1743383180.108176
1743383180.124493
1743383180.156372
1743383180.188340
1743383180.236060
1743383180.268441
1743383180.300500
1743383180.332515
1743383180.364527
1743383180.396596
1743383180.428500
1743383180.460544
1743383180.492369
1743383180.524290
1743383180.556636
1743383180.588130
1743383180.620424
1743383180.652400
1743383180.684249
1743383180.716282
1743383180.748479
1743383180.780407
1743383180.812786
1743383180.844386
1743383180.892158
1743383180.923799
1743383180.956077
1743383180.988134
1743383181.020186
1743383181.052204
1743383181.084682
1743383181.116433
1743383181.148647
1743383181.180516
1743383181.212113
1743383181.244481
1743383181.276179
1743383181.307858
1743383181.340007
1743383181.371946
1743383181.404204
1743383181.436302
1743383181.468318
1743383181.500501
1743383181.532566
1743383181.564159
1743383181.596507
1743383181.628169
1743383181.659916
1743383181.691984
1743383181.723712
1743383181.739941
1743383181.772250
1743383181.804609
1743383181.836219
1743383181.868436
1743383181.900493
1743383181.932590
1743383181.964340
1743383181.996534
1743383182.027277
1743383182.059216
1743383182.092086
1743383182.124458
1743383182.156538
1743383182.188300
1743383182.219972
1743383182.252290
1743383182.284225
1743383182.316354
1743383182.348565
1743383182.380458
1743383182.412503
1743383182.444492
1743383182.476278
1743383182.508311
1743383182.539825
1743383182.572042
1743383182.604458
1743383182.636194
1743383182.668538
1743383182.700384
1743383182.732361
1743383182.764418
1743383182.796623
1743383182.844276
1743383182.876019
1743383182.907764
1743383182.923837
1743383182.939847
1743383182.972058
1743383183.004223
1743383183.036033
1743383183.068350
1743383183.100655
1743383183.130992
1743383183.163053
1743383183.195005
1743383183.210801
1743383183.242834
1743383183.275114
1743383183.306905
1743383183.324189
1743383183.356117
1743383183.387908
1743383183.420361
1743383183.452562
1743383183.484698
1743383183.516359
1743383183.548061
1743383183.580810
1743383183.612388
1743383183.644338
1743383183.675858
1743383183.708044
1743383183.724009
1743383183.755965
1743383183.788147
1743383183.820377
1743383183.852124
1743383183.884235
1743383183.916081
1743383183.948320
1743383183.980386
1743383184.012663
1743383184.044635
1743383184.076197
1743383184.107972
1743383184.139439
1743383184.155893
1743383184.187756
1743383184.220133
1743383184.252252
1743383184.284482
1743383184.316299
1743383184.348571
1743383184.380453
1743383184.412457
1743383184.460208
1743383184.491887
1743383184.523883
1743383184.555760
1743383184.587933
1743383184.620197
1743383184.652036
1743383184.684381
1743383184.716389
1743383184.748486
1743383184.796199
1743383184.828068
1743383184.860280
1743383184.891843
1743383184.907982
1743383184.939767
1743383184.971843
1743383184.987873
1743383185.020329
1743383185.052397
1743383185.084291
1743383185.116472
1743383185.148449
1743383185.180061
1743383185.212129
1743383185.227773
1743383185.243672
1743383185.259741
1743383185.275832
1743383185.291689
1743383185.307786
1743383185.324015
1743383185.339991
1743383185.356207
1743383185.388270
1743383185.436193
1743383185.467922
1743383185.483401
1743383185.499940
1743383185.532199
1743383185.564113
1743383185.595729
1743383185.611773
1743383185.627954
1743383185.643794
1743383185.674554
1743383185.692378
1743383185.707836
1743383185.723903
1743383185.740201
1743383185.772213
1743383185.804120
1743383185.835968
1743383185.868188
1743383185.900215
1743383185.932188
1743383185.964124
1743383185.996377
1743383186.028364
1743383186.060127
1743383186.092100
1743383186.107560
1743383186.123687
1743383186.139781
1743383186.155807
1743383186.171740
1743383186.187713
1743383186.203923
1743383186.219620
1743383186.235646
1743383186.251593
1743383186.267708
1743383186.283791
1743383186.299771
1743383186.315978
1743383186.331713
1743383186.347924
1743383186.363772
1743383186.379969
1743383186.412324
1743383186.444141
1743383186.459492
1743383186.475465
1743383186.491866
1743383186.507612
1743383186.523712
1743383186.539931
1743383186.555801
1743383186.571568
1743383186.587927
1743383186.604045
1743383186.619796
1743383186.635710
1743383186.651643
1743383186.667807
1743383186.683788
1743383186.699984
1743383186.715823
1743383186.748451
1743383186.780275
1743383186.812014
1743383186.844158
1743383186.875688
1743383186.891648
1743383186.907617
1743383186.923748
1743383186.939927
1743383186.955942
1743383186.971867
1743383186.987931
1743383187.003979
1743383187.019788
1743383187.035986
1743383187.068532
1743383187.099998
1743383187.132404
1743383187.163940
1743383187.196337
1743383187.227900
1743383187.243809
1743383187.259744
1743383187.275618
1743383187.291812
1743383187.307930
1743383187.323938
1743383187.340018
1743383187.355891
1743383187.388191
1743383187.420088
1743383187.452016
1743383187.483796
1743383187.516381
1743383187.547821
1743383187.563290
1743383187.579623
1743383187.595592
1743383187.611634
1743383187.627651
1743383187.643730
1743383187.659737
1743383187.675728
1743383187.691780
1743383187.724043
1743383187.739545
1743383187.755480
1743383187.771506
1743383187.787737
1743383187.803645
1743383187.819638
1743383187.835467
1743383187.851589
1743383187.867639
1743383187.883779
1743383187.899562
1743383187.915630
1743383187.931631
1743383187.947716
1743383187.963728
1743383187.979734
1743383187.995792
1743383188.011888
1743383188.044041
1743383188.059628
1743383188.075497
1743383188.091488
1743383188.107641
1743383188.123652
1743383188.139769
1743383188.155712
1743383188.171837
1743383188.187891
1743383188.203798
1743383188.219565
1743383188.235514
1743383188.251573
1743383188.267758
1743383188.283822
1743383188.299714
1743383188.315730
1743383188.331908
1743383188.364545
1743383188.395911
1743383188.427402
1743383188.443433
1743383188.459579
1743383188.475576
1743383188.491652
1743383188.507482
1743383188.523505
1743383188.539530
1743383188.555695
1743383188.571795
1743383188.587778
1743383188.603826
1743383188.619680
1743383188.635660
1743383188.651610
1743383188.667873
1743383188.699561
1743383188.715235
1743383188.731419
1743383188.747381
1743383188.763552
1743383188.779470
1743383188.795452
1743383188.811539
1743383188.827517
1743383188.843615
1743383188.859581
1743383188.875652
1743383188.891491
1743383188.907637
1743383188.923705
1743383188.939697
1743383188.955698
1743383188.971722
1743383188.987966
1743383189.020185
1743383189.051419
1743383189.067138
1743383189.083611
1743383189.099586
1743383189.115562
1743383189.131642
1743383189.147348
1743383189.163406
1743383189.179300
1743383189.195582
1743383189.211587
1743383189.227551
1743383189.243666
1743383189.259631
1743383189.275833
1743383189.291601
1743383189.307763
1743383189.340379
1743383189.371492
1743383189.387436
1743383189.403509
1743383189.419426
1743383189.435432
1743383189.451409
1743383189.467546
1743383189.483592
1743383189.499577
1743383189.515533
1743383189.531585
1743383189.547479
1743383189.563559
1743383189.579602
1743383189.595597
1743383189.611778
1743383189.627462
1743383189.643675
1743383189.676230
1743383189.707645
1743383189.723564
1743383189.739498
1743383189.755644
1743383189.771525
1743383189.787540
1743383189.803549
1743383189.819419
1743383189.835647
1743383189.851448
1743383189.867652
1743383189.883613
1743383189.899739
1743383189.915614
1743383189.931721
1743383189.947664
1743383189.963585
1743383189.996240
1743383190.027929
1743383190.059525
1743383190.075460
1743383190.091411
1743383190.107494
1743383190.123668
1743383190.139607
1743383190.155593
1743383190.171716
1743383190.187613
1743383190.203904
1743383190.236184
1743383190.268311
1743383190.315947
1743383190.347717
1743383190.363405
1743383190.379427
1743383190.395388
1743383190.411349
1743383190.427354
1743383190.443770
1743383190.475818
1743383190.491533
1743383190.507782
1743383190.523817
1743383190.539688
1743383190.555595
1743383190.571722
1743383190.587766
1743383190.603878
1743383190.619705
1743383190.652229
1743383190.683883
1743383190.716197
1743383190.747870
1743383190.779933
1743383190.812146
1743383190.844036
1743383190.875701
1743383190.891475
1743383190.907749
1743383190.923744
1743383190.939889
1743383190.972161
1743383191.003781
1743383191.035719
1743383191.068038
1743383191.099823
1743383191.132130
1743383191.163272
1743383191.179497
1743383191.195664
1743383191.211759
1743383191.227423
1743383191.243658
1743383191.259608
1743383191.292102
1743383191.323502
1743383191.339335
1743383191.355522
1743383191.371413
1743383191.387460
1743383191.403546
1743383191.419419
1743383191.435494
1743383191.451521
1743383191.467548
1743383191.483499
1743383191.499502
1743383191.515566
1743383191.531559
1743383191.547581
1743383191.563576
1743383191.579621
1743383191.595644
1743383191.628013
1743383191.659484
1743383191.675295
1743383191.691345
1743383191.707367
1743383191.723530
1743383191.739559
1743383191.755492
1743383191.771548
1743383191.787599
1743383191.803565
1743383191.819430
1743383191.835468
1743383191.851543
1743383191.867567
1743383191.883579
1743383191.899570
1743383191.915708
1743383191.948170
1743383191.979966
1743383192.011871
1743383192.044031
1743383192.075516
1743383192.091384
1743383192.107351
1743383192.123622
1743383192.139497
1743383192.155656
1743383192.171504
1743383192.187789
1743383192.203696
1743383192.219550
1743383192.235548
1743383192.268091
1743383192.299681
1743383192.331799
1743383192.363520
1743383192.379500
1743383192.395342
1743383192.426415
1743383192.442741
1743383192.459331
1743383192.475224
1743383192.491477
1743383192.507650
1743383192.523863
1743383192.539702
1743383192.555681
1743383192.571712
1743383192.604014
1743383192.635753
1743383192.668061
1743383192.699577
1743383192.715157
1743383192.731303
1743383192.747486
1743383192.763330
1743383192.779287
1743383192.795462
1743383192.811392
1743383192.827466
1743383192.843487
1743383192.859473
1743383192.875533
1743383192.891532
1743383192.923997
1743383192.955487
1743383192.971103
1743383192.987549
1743383193.003364
1743383193.019254
1743383193.035259
1743383193.051315
1743383193.067291
1743383193.083437
1743383193.099433
1743383193.115551
1743383193.131148
1743383193.147137
1743383193.163441
1743383193.179770
1743383193.195448
1743383193.211732
1743383193.243891
1743383193.275453
1743383193.291189
1743383193.307355
1743383193.323460
1743383193.339444
1743383193.355492
1743383193.371415
1743383193.387439
1743383193.403528
1743383193.419291
1743383193.435235
1743383193.451404
1743383193.467380
1743383193.483376
1743383193.499491
1743383193.515608
1743383193.531538
1743383193.547504
1743383193.580290
1743383193.611898
1743383193.643986
1743383193.675534
1743383193.707462
1743383193.723323
1743383193.739612
1743383193.755410
1743383193.771493
1743383193.787519
1743383193.803502
1743383193.819393
1743383193.835403
1743383193.851411
1743383193.867513
1743383193.900013
1743383193.931907
1743383193.963675
1743383193.995503
1743383194.011049
1743383194.027247
1743383194.043417
1743383194.059251
1743383194.075183
1743383194.091305
1743383194.107595
1743383194.123627
1743383194.139558
1743383194.155594
1743383194.171630
1743383194.187612
1743383194.220050
1743383194.251680
1743383194.283480
1743383194.299252
1743383194.315452
1743383194.331385
1743383194.347230
1743383194.363528
1743383194.379405
1743383194.395408
1743383194.411502
1743383194.443979
1743383194.459545
1743383194.475589
1743383194.491547
1743383194.507689
1743383194.523659
1743383194.556086
1743383194.587334
1743383194.603176
1743383194.619209
1743383194.635256
1743383194.651360
1743383194.667316
1743383194.683462
1743383194.699451
1743383194.715422
1743383194.731470
1743383194.747365
1743383194.763480
1743383194.779531
1743383194.795624
1743383194.811610
1743383194.827400
1743383194.843544
1743383194.875961
1743383194.907258
1743383194.923385
1743383194.939431
1743383194.955307
1743383194.971239
1743383194.987437
1743383195.003469
1743383195.019369
1743383195.035345
1743383195.051434
1743383195.067467
1743383195.083415
1743383195.099417
1743383195.115466
1743383195.131450
1743383195.147532
1743383195.163596
1743383195.196323
1743383195.227683
