1743495014.150115
1743495014.229948
1743495014.261535
1743495014.294258
1743495014.342358
1743495014.373844
1743495014.406050
1743495014.437411
1743495014.454483
1743495014.486229
1743495014.518174
1743495014.534375
1743495014.550553
1743495014.581553
1743495014.613584
1743495014.629519
1743495014.645715
1743495014.678903
1743495014.710477
1743495014.741397
1743495014.758655
1743495014.790638
1743495014.822868
1743495014.855100
1743495014.886738
1743495014.918821
1743495014.950817
1743495014.998631
1743495015.030897
1743495015.062521
1743495015.095834
1743495015.127732
1743495015.159902
1743495015.192251
1743495015.223874
1743495015.256226
1743495015.287971
1743495015.319066
1743495015.350581
1743495015.382518
1743495015.415052
1743495015.446818
1743495015.477229
1743495015.510313
1743495015.526304
1743495015.542469
1743495015.558422
1743495015.574465
1743495015.590610
1743495015.622912
1743495015.654926
1743495015.685770
1743495015.702287
1743495015.718193
1743495015.750343
1743495015.766131
1743495015.782144
1743495015.798194
1743495015.814244
1743495015.830166
1743495015.846328
1743495015.862193
1743495015.878251
1743495015.894202
1743495015.910339
1743495015.926494
1743495015.942316
1743495015.974416
1743495015.989949
1743495016.005962
1743495016.021880
1743495016.038029
1743495016.054039
1743495016.070004
1743495016.086017
1743495016.102017
1743495016.118055
1743495016.134457
1743495016.149991
1743495016.166122
1743495016.182246
1743495016.198305
1743495016.214320
1743495016.230288
1743495016.246305
1743495016.262297
1743495016.294759
1743495016.325850
1743495016.341883
1743495016.358076
1743495016.374073
1743495016.390076
1743495016.406139
1743495016.422050
1743495016.437951
1743495016.454076
1743495016.470040
1743495016.486050
1743495016.502065
1743495016.518052
1743495016.534207
1743495016.550151
1743495016.566218
1743495016.582342
1743495016.598368
1743495016.630504
1743495016.645975
1743495016.662053
1743495016.678186
1743495016.693962
1743495016.709901
1743495016.725959
1743495016.742056
1743495016.758111
1743495016.774040
1743495016.790155
1743495016.806191
1743495016.822060
1743495016.838011
1743495016.854187
1743495016.870134
1743495016.886148
1743495016.902228
1743495016.918204
1743495016.950511
1743495016.965904
1743495016.981891
1743495016.998154
1743495017.014200
1743495017.030004
1743495017.046115
1743495017.062043
1743495017.078053
1743495017.093966
1743495017.110098
1743495017.125999
1743495017.142042
1743495017.158121
1743495017.174060
1743495017.190219
1743495017.206136
1743495017.222266
1743495017.238200
1743495017.270117
1743495017.302488
1743495017.334325
1743495017.349914
1743495017.365895
1743495017.381954
1743495017.397966
1743495017.414199
1743495017.430094
1743495017.446213
1743495017.462126
1743495017.478038
1743495017.494028
1743495017.510174
1743495017.526136
1743495017.542073
1743495017.558234
1743495017.574369
1743495017.606822
1743495017.638317
1743495017.670208
1743495017.702283
1743495017.717819
1743495017.734124
1743495017.749993
1743495017.766042
1743495017.781987
1743495017.798297
1743495017.814179
1743495017.830230
1743495017.846188
1743495017.862204
1743495017.878406
1743495017.894489
1743495017.926868
1743495017.958255
1743495017.990315
1743495018.022453
1743495018.054545
1743495018.086510
1743495018.118226
1743495018.133931
1743495018.150091
1743495018.166096
1743495018.182067
1743495018.198185
1743495018.214224
1743495018.246504
1743495018.261983
1743495018.278049
1743495018.293940
1743495018.309993
1743495018.325833
1743495018.341934
1743495018.357926
1743495018.374016
1743495018.390048
1743495018.406089
1743495018.421951
1743495018.437929
1743495018.454031
1743495018.470077
1743495018.486162
1743495018.502120
1743495018.518128
1743495018.534178
1743495018.550137
1743495018.582553
1743495018.613995
1743495018.629819
1743495018.646038
1743495018.662218
1743495018.677991
1743495018.693863
1743495018.709890
1743495018.725950
1743495018.741985
1743495018.758042
1743495018.774135
1743495018.789923
1743495018.806132
1743495018.822085
1743495018.838137
1743495018.854236
1743495018.870192
1743495018.902825
1743495018.934293
1743495018.949837
1743495018.965859
1743495018.982011
1743495018.997971
1743495019.014217
1743495019.029949
1743495019.046142
1743495019.062052
1743495019.078066
1743495019.093977
1743495019.110149
1743495019.125897
1743495019.142075
1743495019.158089
1743495019.174206
1743495019.190177
1743495019.222498
1743495019.254484
1743495019.286287
1743495019.318397
1743495019.349892
1743495019.365866
1743495019.382066
1743495019.397913
1743495019.414183
1743495019.430038
1743495019.446095
1743495019.462137
1743495019.478140
1743495019.494094
1743495019.510207
1743495019.526106
1743495019.558529
1743495019.590293
1743495019.622386
1743495019.654596
1743495019.686806
1743495019.718202
1743495019.734098
1743495019.750103
1743495019.766048
1743495019.781996
1743495019.798075
1743495019.814386
1743495019.830180
1743495019.846175
1743495019.878571
1743495019.910184
1743495019.925670
1743495019.942008
1743495019.957955
1743495019.973901
1743495019.989935
1743495020.005883
1743495020.021905
1743495020.038046
1743495020.053913
1743495020.069942
1743495020.085983
1743495020.101924
1743495020.118186
1743495020.134060
1743495020.150242
1743495020.166261
1743495020.198481
1743495020.229911
1743495020.245838
1743495020.261916
1743495020.278101
1743495020.293920
1743495020.310046
1743495020.325993
1743495020.342171
1743495020.357961
1743495020.373989
1743495020.390098
1743495020.406013
1743495020.421977
1743495020.438315
1743495020.454107
1743495020.470080
1743495020.486083
1743495020.502383
1743495020.534223
1743495020.549802
1743495020.565868
1743495020.581878
1743495020.597921
1743495020.614098
1743495020.629878
1743495020.646091
1743495020.662006
1743495020.677942
1743495020.693861
1743495020.709826
1743495020.725885
1743495020.741973
1743495020.758016
1743495020.774077
1743495020.790032
1743495020.806195
1743495020.822170
1743495020.854663
1743495020.886182
1743495020.901695
1743495020.917767
1743495020.934068
1743495020.949873
1743495020.966178
1743495020.981922
1743495020.998123
1743495021.014056
1743495021.029976
1743495021.046067
1743495021.061996
1743495021.078103
1743495021.093970
1743495021.110121
1743495021.125955
1743495021.142069
1743495021.174229
1743495021.206079
1743495021.238519
1743495021.270263
1743495021.302368
1743495021.317835
1743495021.333853
1743495021.349863
1743495021.366020
1743495021.381890
1743495021.397998
1743495021.414117
1743495021.430135
1743495021.446122
1743495021.461981
1743495021.478232
1743495021.510310
1743495021.542230
1743495021.574441
1743495021.606655
1743495021.638468
1743495021.670315
1743495021.702416
1743495021.734095
1743495021.749979
1743495021.766007
1743495021.782187
1743495021.798121
1743495021.830579
1743495021.861816
1743495021.877573
1743495021.893725
1743495021.909774
1743495021.926245
1743495021.957820
1743495021.989136
1743495022.006031
1743495022.021854
1743495022.038046
1743495022.053947
1743495022.069665
1743495022.086053
1743495022.101634
1743495022.118053
1743495022.150406
1743495022.181795
1743495022.197575
1743495022.213868
1743495022.229846
1743495022.245983
1743495022.261909
1743495022.277985
1743495022.293784
1743495022.309836
1743495022.325838
1743495022.341907
1743495022.357930
1743495022.374025
1743495022.390023
1743495022.406085
1743495022.422105
1743495022.438031
1743495022.454168
1743495022.486637
1743495022.518140
1743495022.533702
1743495022.549775
1743495022.565759
1743495022.581860
1743495022.597841
1743495022.613819
1743495022.629898
1743495022.646107
1743495022.662025
1743495022.677878
1743495022.693854
1743495022.710130
1743495022.725945
1743495022.741984
1743495022.758033
1743495022.774019
1743495022.806766
1743495022.838181
1743495022.870159
1743495022.902238
1743495022.917707
1743495022.933757
1743495022.949836
1743495022.965967
1743495022.981825
1743495022.998020
1743495023.013956
1743495023.030051
1743495023.046094
1743495023.062232
1743495023.078096
1743495023.094159
1743495023.126369
1743495023.158217
1743495023.190106
1743495023.222237
1743495023.254458
1743495023.286288
1743495023.318435
1743495023.333833
1743495023.349897
1743495023.366237
1743495023.382158
1743495023.398025
1743495023.414213
1743495023.430024
1743495023.462579
1743495023.494020
1743495023.525974
1743495023.558246
1743495023.590098
1743495023.622210
1743495023.654609
1743495023.686374
1743495023.718547
1743495023.750178
1743495023.782252
1743495023.813767
1743495023.829677
1743495023.845800
1743495023.862462
1743495023.877824
1743495023.893940
1743495023.909725
1743495023.925844
1743495023.941882
1743495023.957816
1743495023.973885
1743495023.989869
1743495024.005957
1743495024.021873
1743495024.037970
1743495024.054006
1743495024.070000
1743495024.102689
1743495024.134234
1743495024.149666
1743495024.165662
1743495024.181679
1743495024.197940
1743495024.230036
1743495024.262035
1743495024.294061
1743495024.326271
1743495024.358359
1743495024.390441
1743495024.438109
1743495024.470008
1743495024.502466
1743495024.534095
1743495024.565814
1743495024.597687
1743495024.613753
1743495024.629927
1743495024.662171
1743495024.694567
1743495024.726219
1743495024.758204
1743495024.790035
1743495024.822206
1743495024.854375
1743495024.886242
1743495024.918246
1743495024.949957
1743495024.981943
1743495025.013910
1743495025.046143
1743495025.078343
1743495025.110174
1743495025.142053
1743495025.174232
1743495025.206137
1743495025.238283
1743495025.270002
1743495025.302350
1743495025.334289
1743495025.366190
1743495025.413614
1743495025.446100
1743495025.477971
1743495025.510108
1743495025.542164
1743495025.574228
1743495025.606235
1743495025.638363
1743495025.670539
1743495025.702298
1743495025.733899
1743495025.765620
1743495025.781623
1743495025.797653
1743495025.813739
1743495025.829745
1743495025.845895
1743495025.878056
1743495025.910044
1743495025.942047
1743495025.974397
1743495026.006563
1743495026.054192
1743495026.085465
1743495026.118336
1743495026.149673
1743495026.181672
1743495026.198102
1743495026.214181
1743495026.246341
1743495026.277872
1743495026.309980
1743495026.342259
1743495026.390113
1743495026.421999
1743495026.453921
1743495026.486450
1743495026.518220
1743495026.549740
1743495026.581887
1743495026.614268
1743495026.646103
1743495026.678290
1743495026.709967
1743495026.742008
1743495026.774431
1743495026.806021
1743495026.838047
1743495026.870607
1743495026.902148
1743495026.934270
1743495026.965519
1743495026.981806
1743495027.029667
1743495027.061823
1743495027.093889
1743495027.125899
1743495027.158146
1743495027.190104
1743495027.222338
1743495027.254155
1743495027.286356
1743495027.318578
1743495027.366173
1743495027.397755
1743495027.429529
1743495027.445870
1743495027.477902
1743495027.509946
1743495027.542070
1743495027.574266
1743495027.605993
1743495027.638304
1743495027.686122
1743495027.717999
1743495027.749279
1743495027.765589
1743495027.781816
1743495027.797879
1743495027.814032
1743495027.845954
1743495027.862127
1743495027.894029
1743495027.925881
1743495027.958415
1743495028.005938
1743495028.037968
1743495028.069980
1743495028.101990
1743495028.134410
1743495028.165636
1743495028.197726
1743495028.213788
1743495028.246065
1743495028.278113
1743495028.310284
1743495028.342369
1743495028.373969
1743495028.406073
1743495028.437898
1743495028.470052
1743495028.502019
1743495028.534207
1743495028.565499
1743495028.581769
1743495028.614021
1743495028.661765
1743495028.693298
1743495028.725987
1743495028.758054
1743495028.790150
1743495028.821866
1743495028.854242
1743495028.886156
1743495028.918242
1743495028.949812
1743495028.982172
1743495029.013542
1743495029.029667
1743495029.061891
1743495029.093908
1743495029.126039
1743495029.158403
1743495029.189873
1743495029.222069
1743495029.254191
1743495029.286513
1743495029.318416
1743495029.349668
1743495029.381557
1743495029.397581
1743495029.429497
1743495029.445646
1743495029.477879
1743495029.509856
1743495029.541844
1743495029.573989
1743495029.606445
1743495029.638288
1743495029.669626
1743495029.701960
1743495029.733938
1743495029.765585
1743495029.797509
1743495029.813635
1743495029.845892
1743495029.878109
1743495029.910060
1743495029.957836
1743495029.989984
1743495030.022246
1743495030.053581
1743495030.086083
1743495030.118133
1743495030.149614
1743495030.181580
1743495030.197624
1743495030.213908
1743495030.229789
1743495030.245855
1743495030.262088
1743495030.294265
1743495030.325899
1743495030.357567
1743495030.390076
1743495030.421900
1743495030.454290
1743495030.486170
1743495030.518124
1743495030.549756
1743495030.581734
1743495030.613968
1743495030.645853
1743495030.677765
1743495030.709859
1743495030.741903
1743495030.774029
1743495030.806128
1743495030.838061
1743495030.869678
1743495030.902119
1743495030.934204
1743495030.965352
1743495030.997418
1743495031.013612
1743495031.045969
1743495031.077865
1743495031.109693
1743495031.142186
1743495031.173965
1743495031.206060
1743495031.238061
1743495031.270392
1743495031.301839
1743495031.334145
1743495031.365326
1743495031.381524
1743495031.413759
1743495031.445960
1743495031.477452
1743495031.493940
1743495031.510016
1743495031.525959
1743495031.542131
1743495031.590285
1743495031.621980
1743495031.653930
1743495031.685556
1743495031.718045
1743495031.749546
1743495031.765465
1743495031.797554
1743495031.813654
1743495031.845931
1743495031.877959
1743495031.909918
1743495031.941896
1743495031.973882
1743495032.006090
1743495032.037736
1743495032.070092
1743495032.102014
1743495032.133847
1743495032.165735
1743495032.181674
1743495032.197730
1743495032.213817
1743495032.246279
1743495032.277864
1743495032.309902
1743495032.341943
1743495032.374021
1743495032.405929
1743495032.437987
1743495032.470113
1743495032.501998
1743495032.534087
1743495032.565857
1743495032.597448
1743495032.629652
1743495032.661571
1743495032.677648
1743495032.709894
1743495032.741988
1743495032.773925
1743495032.805971
1743495032.838266
1743495032.886063
1743495032.917851
1743495032.949461
1743495032.981599
1743495033.013332
1743495033.029638
1743495033.061696
1743495033.093770
1743495033.125689
1743495033.158567
1743495033.190041
1743495033.222169
1743495033.253584
1743495033.285412
1743495033.317943
1743495033.349669
1743495033.381462
1743495033.413615
1743495033.429803
1743495033.461895
1743495033.494263
1743495033.541665
1743495033.573207
1743495033.589340
1743495033.621996
1743495033.654079
1743495033.685606
1743495033.717957
1743495033.749528
1743495033.781766
1743495033.813438
1743495033.829834
1743495033.862333
1743495033.893741
1743495033.925674
1743495033.957802
1743495033.989991
1743495034.022086
1743495034.053597
1743495034.085929
1743495034.118019
1743495034.149988
1743495034.197482
1743495034.229489
1743495034.261437
1743495034.277116
1743495034.293443
1743495034.325798
1743495034.357964
1743495034.390127
1743495034.421809
1743495034.454494
1743495034.486226
1743495034.518108
1743495034.549359
1743495034.565343
1743495034.597547
1743495034.613576
1743495034.645426
1743495034.661442
1743495034.677523
1743495034.693551
1743495034.725608
1743495034.758413
1743495034.790093
1743495034.837824
1743495034.869332
1743495034.901928
1743495034.933837
1743495034.965401
1743495034.997444
1743495035.013473
1743495035.029652
1743495035.061649
1743495035.093895
1743495035.126196
1743495035.174161
1743495035.205697
1743495035.237898
1743495035.269657
1743495035.301825
1743495035.333957
1743495035.365195
1743495035.381775
1743495035.413835
1743495035.445708
1743495035.493571
1743495035.525777
1743495035.557726
1743495035.589844
1743495035.621878
1743495035.653872
1743495035.685775
1743495035.717928
1743495035.749541
1743495035.781587
1743495035.814009
1743495035.845231
1743495035.877898
1743495035.909720
1743495035.942034
1743495035.973860
1743495036.005861
1743495036.038256
1743495036.070025
1743495036.102118
1743495036.149792
1743495036.181421
1743495036.213502
1743495036.245581
1743495036.277512
1743495036.293197
1743495036.309420
1743495036.325375
1743495036.357907
1743495036.389982
1743495036.421979
1743495036.469820
1743495036.501135
1743495036.517253
1743495036.533344
1743495036.549328
1743495036.581290
1743495036.597521
1743495036.629786
1743495036.661650
1743495036.693567
1743495036.726235
1743495036.758203
1743495036.790204
1743495036.821534
1743495036.854168
1743495036.886037
1743495036.917751
1743495036.949412
1743495036.965319
1743495036.997766
1743495037.029772
1743495037.061817
1743495037.093817
1743495037.126003
1743495037.157913
1743495037.189746
1743495037.222034
1743495037.253687
1743495037.285749
1743495037.317787
1743495037.349764
1743495037.381447
1743495037.397495
1743495037.413688
1743495037.446191
1743495037.477555
1743495037.509679
1743495037.541665
1743495037.573826
1743495037.605808
1743495037.638033
1743495037.670197
1743495037.701884
1743495037.733972
1743495037.765886
1743495037.797525
1743495037.829320
1743495037.845342
1743495037.861326
1743495037.893798
1743495037.925585
1743495037.957987
1743495037.990088
1743495038.022109
1743495038.054070
1743495038.101713
1743495038.133602
1743495038.165224
1743495038.181196
1743495038.213405
1743495038.229483
1743495038.261508
1743495038.293667
1743495038.309114
1743495038.325294
1743495038.357769
1743495038.390131
1743495038.421956
1743495038.453757
1743495038.485728
1743495038.517840
1743495038.549746
1743495038.581410
1743495038.613312
1743495038.645701
1743495038.677625
1743495038.709714
1743495038.741830
1743495038.773653
1743495038.805825
1743495038.838158
1743495038.869522
1743495038.901792
1743495038.933771
1743495038.965514
1743495038.997739
1743495039.029761
1743495039.077313
1743495039.109581
1743495039.141218
1743495039.157147
1743495039.173361
1743495039.205825
1743495039.238135
1743495039.269843
1743495039.301851
1743495039.334061
1743495039.365527
1743495039.397911
1743495039.429451
1743495039.461588
1743495039.493638
1743495039.525658
1743495039.557540
1743495039.589827
1743495039.621551
1743495039.654051
1743495039.685900
1743495039.717947
1743495039.749114
1743495039.765204
1743495039.781300
1743495039.797256
1743495039.829333
1743495039.861297
1743495039.893536
1743495039.925501
1743495039.957580
1743495039.990030
1743495040.022110
1743495040.054254
1743495040.085495
1743495040.117890
1743495040.149216
1743495040.181461
1743495040.213124
1743495040.229301
1743495040.261325
1743495040.293931
1743495040.325522
1743495040.373749
1743495040.405629
1743495040.437763
1743495040.469952
1743495040.501758
1743495040.533590
1743495040.565549
1743495040.597488
1743495040.613510
1743495040.629642
1743495040.661776
1743495040.694068
1743495040.725766
1743495040.757559
1743495040.789586
1743495040.821370
1743495040.853170
1743495040.885747
1743495040.917723
1743495040.949537
1743495040.981699
1743495041.028689
1743495041.061357
1743495041.093560
1743495041.124735
1743495041.157723
1743495041.189974
1743495041.221924
1743495041.253819
1743495041.285429
1743495041.318075
1743495041.349909
1743495041.381182
1743495041.397278
1743495041.429533
1743495041.461551
1743495041.493677
1743495041.525721
1743495041.558011
1743495041.590129
1743495041.622010
1743495041.670083
1743495041.701592
1743495041.733755
1743495041.765290
1743495041.797215
1743495041.813342
1743495041.845518
1743495041.877439
1743495041.909741
1743495041.941878
1743495041.973889
1743495042.005831
1743495042.037725
1743495042.069629
1743495042.101726
1743495042.133794
1743495042.165420
1743495042.197407
1743495042.213420
1743495042.229449
1743495042.261480
1743495042.277495
1743495042.293566
1743495042.325909
1743495042.357085
1743495042.389686
1743495042.421584
1743495042.453798
1743495042.485379
1743495042.517729
1743495042.549168
1743495042.565299
1743495042.597387
1743495042.613501
1743495042.646016
1743495042.677333
1743495042.709380
1743495042.741643
1743495042.773607
1743495042.805630
1743495042.837443
1743495042.869762
1743495042.901715
1743495042.933686
1743495042.981354
1743495043.013097
1743495043.029115
1743495043.045316
1743495043.077403
1743495043.109547
1743495043.141606
1743495043.173532
1743495043.205449
1743495043.237984
1743495043.269950
1743495043.301997
1743495043.333394
1743495043.365303
1743495043.397294
1743495043.429327
1743495043.461478
1743495043.493535
1743495043.525635
1743495043.557805
1743495043.589873
1743495043.621562
1743495043.653987
1743495043.685981
1743495043.717767
1743495043.749561
1743495043.781375
1743495043.813158
1743495043.829276
1743495043.861463
1743495043.893625
1743495043.925703
1743495043.957565
1743495043.989597
1743495044.021428
1743495044.053868
1743495044.085394
1743495044.118254
1743495044.149667
1743495044.181427
1743495044.213322
1743495044.229429
1743495044.277126
1743495044.309479
1743495044.340949
1743495044.356801
1743495044.373115
1743495044.389253
1743495044.421350
1743495044.453734
1743495044.485791
1743495044.517804
1743495044.549734
1743495044.596970
1743495044.629102
1743495044.661344
1743495044.693262
1743495044.725358
1743495044.757554
1743495044.789491
1743495044.821397
1743495044.853659
1743495044.885787
1743495044.933471
1743495044.964969
1743495044.997143
1743495045.013319
1743495045.029246
1743495045.061318
1743495045.093437
1743495045.125629
1743495045.157975
1743495045.189741
1743495045.221781
1743495045.253793
1743495045.285559
1743495045.317563
1743495045.349167
1743495045.365206
1743495045.397397
1743495045.429157
1743495045.445164
1743495045.461218
1743495045.477303
1743495045.509433
1743495045.541808
1743495045.573820
1743495045.605633
1743495045.637380
1743495045.669403
1743495045.701574
1743495045.733709
1743495045.765294
1743495045.797134
1743495045.813201
1743495045.829267
1743495045.861444
1743495045.909154
1743495045.941476
1743495045.973495
1743495046.005470
1743495046.037757
1743495046.069775
1743495046.101553
1743495046.133470
1743495046.165486
1743495046.197448
1743495046.229663
1743495046.260959
1743495046.293356
1743495046.325382
1743495046.357545
1743495046.389263
1743495046.421499
1743495046.453664
1743495046.485647
1743495046.517599
1743495046.549683
1743495046.580866
1743495046.596998
1743495046.629241
1743495046.661228
1743495046.693574
1743495046.725409
1743495046.757341
1743495046.789881
1743495046.821695
1743495046.853871
1743495046.885623
1743495046.917531
1743495046.948981
1743495046.980894
1743495046.997116
1743495047.013260
1743495047.045221
1743495047.077443
1743495047.109319
1743495047.141606
1743495047.173879
1743495047.205727
1743495047.237174
1743495047.269572
1743495047.301353
1743495047.333731
1743495047.365042
1743495047.397267
1743495047.429484
1743495047.461438
1743495047.493548
1743495047.525575
1743495047.557449
1743495047.589740
1743495047.621288
1743495047.653484
1743495047.685416
1743495047.717556
1743495047.749139
1743495047.781225
1743495047.797383
1743495047.829501
1743495047.861612
1743495047.893299
1743495047.925360
1743495047.957661
1743495047.989264
1743495048.021544
1743495048.053498
1743495048.085558
1743495048.117292
1743495048.149382
1743495048.181577
1743495048.212912
1743495048.245050
1743495048.277408
1743495048.309625
1743495048.341534
1743495048.373458
1743495048.405483
1743495048.437629
1743495048.469546
1743495048.501406
1743495048.532826
1743495048.565468
1743495048.597034
1743495048.629265
1743495048.661259
1743495048.693467
1743495048.725393
1743495048.757624
1743495048.789830
1743495048.837515
1743495048.869456
1743495048.901473
1743495048.933390
1743495048.964896
1743495048.980922
1743495048.997088
1743495049.013119
1743495049.045167
1743495049.077473
1743495049.109555
1743495049.157300
1743495049.188953
1743495049.221553
1743495049.253564
1743495049.285517
1743495049.317215
1743495049.349271
1743495049.381222
1743495049.413153
1743495049.445268
1743495049.477797
1743495049.509234
1743495049.541400
1743495049.573206
1743495049.605644
1743495049.637502
1743495049.669466
1743495049.701552
1743495049.733946
1743495049.765352
1743495049.813028
1743495049.844911
1743495049.860909
1743495049.876931
1743495049.892982
1743495049.925602
1743495049.957438
1743495049.989477
1743495050.021553
1743495050.053572
1743495050.085612
1743495050.133041
1743495050.164758
1743495050.196505
1743495050.212876
1743495050.229051
1743495050.245052
1743495050.277193
1743495050.309408
1743495050.341505
1743495050.373645
1743495050.405616
1743495050.453397
1743495050.485304
1743495050.517398
1743495050.548832
1743495050.564890
1743495050.597117
1743495050.629144
1743495050.661327
1743495050.693459
1743495050.725489
1743495050.757599
1743495050.789566
1743495050.821567
1743495050.853482
1743495050.885363
1743495050.917126
1743495050.949041
1743495050.981218
1743495051.013044
1743495051.045117
1743495051.061087
1743495051.108912
1743495051.141286
1743495051.173286
1743495051.205269
1743495051.237550
1743495051.269680
1743495051.301217
1743495051.333395
1743495051.365267
1743495051.397246
1743495051.428008
1743495051.445021
1743495051.477200
1743495051.509255
1743495051.541847
1743495051.573341
1743495051.605384
1743495051.637392
1743495051.669227
1743495051.701560
1743495051.733614
1743495051.765550
1743495051.797149
1743495051.829008
1743495051.861092
1743495051.893242
1743495051.925406
1743495051.957355
1743495051.989490
1743495052.021510
1743495052.053517
1743495052.085670
1743495052.117543
1743495052.148906
1743495052.180963
1743495052.213157
1743495052.245082
1743495052.277249
1743495052.309289
1743495052.341431
1743495052.373654
1743495052.405916
1743495052.437033
1743495052.469263
1743495052.501376
1743495052.533319
1743495052.564989
1743495052.596967
1743495052.613001
1743495052.629048
1743495052.661315
1743495052.693641
1743495052.741388
1743495052.773243
1743495052.805144
1743495052.837484
1743495052.869118
1743495052.901508
1743495052.933165
1743495052.965109
1743495052.997185
1743495053.013110
1743495053.029221
1743495053.061785
1743495053.093083
1743495053.125096
1743495053.157058
1743495053.189388
1743495053.221310
1743495053.253462
1743495053.285364
1743495053.317361
1743495053.349289
1743495053.381461
1743495053.412799
1743495053.428899
1743495053.460976
1743495053.493419
1743495053.525003
1743495053.557878
1743495053.589322
1743495053.621341
1743495053.653734
1743495053.685538
1743495053.717554
1743495053.748929
1743495053.780856
1743495053.796830
1743495053.812963
1743495053.828822
1743495053.861018
1743495053.893301
1743495053.925430
1743495053.957466
1743495053.989337
1743495054.037298
1743495054.069149
1743495054.101261
1743495054.133210
1743495054.164922
1743495054.197100
1743495054.228867
1743495054.260990
1743495054.293371
1743495054.325369
1743495054.357617
1743495054.389100
1743495054.421287
1743495054.453177
1743495054.485100
1743495054.516992
1743495054.548942
1743495054.581181
1743495054.612978
1743495054.644993
1743495054.661014
1743495054.693630
1743495054.725100
1743495054.757161
1743495054.789429
1743495054.821277
1743495054.853416
1743495054.885104
1743495054.917352
1743495054.949184
1743495054.981149
1743495055.013195
1743495055.044831
1743495055.077103
1743495055.109065
1743495055.141394
1743495055.173336
1743495055.205393
1743495055.237427
1743495055.269367
1743495055.301593
1743495055.333593
1743495055.364733
1743495055.396698
1743495055.413042
1743495055.445000
1743495055.477010
1743495055.509110
1743495055.541253
1743495055.573278
1743495055.605541
1743495055.637259
1743495055.669474
1743495055.701146
1743495055.733013
1743495055.764639
1743495055.780643
1743495055.812977
1743495055.845010
1743495055.876890
1743495055.909208
1743495055.941352
1743495055.989211
1743495056.020700
1743495056.053260
1743495056.085123
1743495056.117186
1743495056.148779
1743495056.164723
1743495056.196969
1743495056.213229
1743495056.245117
1743495056.276886
1743495056.309556
1743495056.341284
1743495056.373239
1743495056.405250
1743495056.437330
1743495056.469257
1743495056.501357
1743495056.533178
1743495056.564613
1743495056.580882
1743495056.613212
1743495056.645369
1743495056.676661
1743495056.692678
1743495056.725353
1743495056.757286
1743495056.789131
1743495056.821596
1743495056.853155
1743495056.885347
1743495056.916875
1743495056.932876
1743495056.965104
1743495056.996686
1743495057.028728
1743495057.044744
1743495057.076946
1743495057.109096
1743495057.141079
1743495057.173133
1743495057.205591
1743495057.237548
1743495057.285023
1743495057.317013
1743495057.348773
1743495057.380911
1743495057.412868
1743495057.445063
1743495057.476989
1743495057.509765
1743495057.541329
1743495057.573314
1743495057.621218
1743495057.653059
1743495057.684770
1743495057.717315
1743495057.748827
1743495057.780698
1743495057.796975
1743495057.812963
1743495057.844941
1743495057.860957
1743495057.893365
1743495057.941121
1743495057.973094
1743495058.005218
1743495058.037047
1743495058.069407
1743495058.101516
1743495058.133318
1743495058.164607
1743495058.180765
1743495058.212971
1743495058.260691
1743495058.292934
1743495058.325118
1743495058.357178
1743495058.389088
1743495058.421165
1743495058.453253
1743495058.485191
1743495058.517500
1743495058.548859
1743495058.564893
1743495058.597220
1743495058.628639
1743495058.660623
1743495058.693035
1743495058.724942
1743495058.757096
1743495058.789381
1743495058.821511
1743495058.853265
1743495058.885404
1743495058.917186
1743495058.948707
1743495058.980851
1743495059.012914
1743495059.044668
1743495059.060809
1743495059.093121
1743495059.125101
1743495059.157344
1743495059.189357
1743495059.237136
1743495059.269250
1743495059.300602
1743495059.316588
1743495059.348703
1743495059.380668
1743495059.412862
1743495059.444633
1743495059.460802
1743495059.476997
1743495059.509046
1743495059.541625
1743495059.573185
1743495059.605047
1743495059.636935
1743495059.668994
1743495059.701165
1743495059.733144
1743495059.764776
1743495059.780734
1743495059.813027
1743495059.844941
1743495059.892869
1743495059.925037
1743495059.957280
1743495059.988944
1743495060.021402
1743495060.053185
1743495060.085153
1743495060.117448
1743495060.149232
1743495060.180960
1743495060.213386
1743495060.244719
1743495060.277000
1743495060.309153
1743495060.341117
1743495060.373066
1743495060.404898
1743495060.437108
1743495060.469413
1743495060.501222
1743495060.549046
1743495060.580619
1743495060.612739
1743495060.644846
1743495060.676877
1743495060.708882
1743495060.741132
1743495060.773089
1743495060.805326
1743495060.837296
1743495060.869347
1743495060.900977
1743495060.932816
1743495060.964849
1743495060.996821
1743495061.028714
1743495061.060671
1743495061.076612
1743495061.109083
1743495061.141278
1743495061.189082
1743495061.221037
1743495061.253082
1743495061.285215
1743495061.316806
1743495061.348910
1743495061.380706
1743495061.396889
1743495061.429020
1743495061.460975
1743495061.493354
1743495061.525065
1743495061.557145
1743495061.588676
1743495061.621156
1743495061.653041
1743495061.685075
1743495061.717428
1743495061.749161
1743495061.780786
1743495061.797024
1743495061.844490
1743495061.860707
1743495061.892676
1743495061.924942
1743495061.957143
1743495061.989061
1743495062.021202
1743495062.052889
1743495062.085243
1743495062.117065
1743495062.164968
1743495062.196205
1743495062.212649
1743495062.244674
1743495062.276823
1743495062.308799
1743495062.341201
1743495062.372982
1743495062.405172
1743495062.436893
1743495062.469219
1743495062.501226
1743495062.532450
1743495062.564382
1743495062.580802
1743495062.612782
1743495062.644794
1743495062.675656
1743495062.691746
1743495062.707982
1743495062.724385
1743495062.740723
1743495062.773269
1743495062.821192
1743495062.852936
1743495062.884581
1743495062.917099
1743495062.948527
1743495062.964482
1743495062.980542
1743495063.012821
1743495063.044923
1743495063.077128
1743495063.109090
1743495063.141311
1743495063.172804
1743495063.204958
1743495063.236805
1743495063.268995
1743495063.301193
1743495063.333029
1743495063.364866
1743495063.396825
1743495063.412916
1743495063.444856
1743495063.477175
1743495063.508715
1743495063.541007
1743495063.572859
1743495063.604871
1743495063.637058
1743495063.669225
1743495063.701205
1743495063.732940
1743495063.764957
1743495063.797100
1743495063.828806
1743495063.860767
1743495063.892824
1743495063.924756
1743495063.957146
1743495063.989046
1743495064.020609
1743495064.053211
1743495064.085358
1743495064.117337
1743495064.147975
1743495064.164702
1743495064.196640
1743495064.228449
1743495064.260823
1743495064.292700
1743495064.325097
1743495064.357081
1743495064.389290
1743495064.421031
1743495064.453145
1743495064.484850
1743495064.516999
1743495064.548532
1743495064.580436
1743495064.612786
1743495064.644686
1743495064.676749
1743495064.709003
1743495064.741371
1743495064.773214
1743495064.804659
1743495064.837148
1743495064.868950
1743495064.900830
1743495064.932773
1743495064.964663
1743495064.996942
1743495065.028889
1743495065.060480
1743495065.092960
1743495065.124801
1743495065.157012
1743495065.188848
1743495065.221090
1743495065.252891
1743495065.284965
1743495065.316746
1743495065.348696
1743495065.364986
1743495065.397047
1743495065.427517
1743495065.444743
1743495065.476640
1743495065.508888
1743495065.540767
1743495065.572951
1743495065.605139
1743495065.637062
1743495065.668804
1743495065.701275
1743495065.748760
1743495065.780735
1743495065.812482
1743495065.844745
1743495065.876686
1743495065.909027
1743495065.940876
1743495065.973074
1743495066.004915
1743495066.036981
1743495066.068948
1743495066.100803
1743495066.132788
1743495066.164506
1743495066.196593
1743495066.228540
1743495066.260753
1743495066.292768
1743495066.324772
1743495066.357040
1743495066.404637
1743495066.436731
1743495066.468430
1743495066.500996
1743495066.532746
1743495066.548445
1743495066.580566
1743495066.612862
1743495066.644876
1743495066.676935
1743495066.724715
1743495066.756732
1743495066.788844
1743495066.820944
1743495066.853015
1743495066.884913
1743495066.917024
1743495066.948629
1743495066.980789
1743495067.012703
1743495067.045202
1743495067.076662
1743495067.108639
1743495067.140863
1743495067.172785
1743495067.204787
1743495067.236722
1743495067.269023
1743495067.301039
1743495067.333101
1743495067.380645
1743495067.412809
1743495067.444431
1743495067.476715
1743495067.508686
1743495067.540843
1743495067.573259
1743495067.604906
1743495067.637196
1743495067.669128
1743495067.701207
1743495067.732789
1743495067.764382
1743495067.796766
1743495067.828497
1743495067.860303
1743495067.892698
1743495067.925260
1743495067.956960
1743495067.988939
1743495068.021047
1743495068.052858
1743495068.084741
1743495068.116876
1743495068.148653
1743495068.180545
1743495068.212682
1743495068.244736
1743495068.276869
1743495068.308881
1743495068.356701
1743495068.389047
1743495068.420701
1743495068.452841
1743495068.485129
1743495068.517075
1743495068.548594
1743495068.564420
1743495068.596641
1743495068.628746
1743495068.676350
1743495068.708738
1743495068.740798
1743495068.772774
1743495068.804423
1743495068.836966
1743495068.868855
1743495068.900856
1743495068.932981
1743495068.964787
1743495068.996799
1743495069.028326
1743495069.060598
1743495069.092656
1743495069.124826
1743495069.156855
1743495069.188589
1743495069.221003
1743495069.252892
1743495069.285267
1743495069.332851
1743495069.364180
1743495069.396583
1743495069.428550
1743495069.460205
1743495069.476346
1743495069.508870
1743495069.540842
1743495069.572830
1743495069.605046
1743495069.652388
1743495069.684596
1743495069.716647
1743495069.748442
1743495069.780310
1743495069.796336
1743495069.812515
1743495069.844692
1743495069.876808
1743495069.908687
1743495069.940845
1743495069.972819
1743495070.004693
1743495070.036734
1743495070.068827
1743495070.100940
1743495070.132759
1743495070.164553
1743495070.196530
1743495070.228644
1743495070.260734
1743495070.308503
1743495070.340501
1743495070.372748
1743495070.404833
1743495070.436806
1743495070.468613
1743495070.500861
1743495070.533172
1743495070.564607
1743495070.580525
1743495070.628381
1743495070.660485
1743495070.692610
1743495070.724505
1743495070.756763
1743495070.788844
1743495070.820915
1743495070.852788
1743495070.884981
1743495070.917051
1743495070.948802
1743495070.980427
1743495071.012395
1743495071.044214
1743495071.060358
1743495071.092497
1743495071.124773
1743495071.156918
1743495071.188811
1743495071.220811
1743495071.252991
1743495071.284791
1743495071.316550
1743495071.348355
1743495071.380390
1743495071.412503
1743495071.444485
1743495071.476565
1743495071.508670
1743495071.540764
1743495071.572908
1743495071.604330
1743495071.636690
1743495071.668657
1743495071.700689
1743495071.732702
1743495071.764574
1743495071.796374
1743495071.812501
1743495071.844314
1743495071.860372
1743495071.876582
1743495071.924366
1743495071.956317
1743495071.988106
1743495072.020797
1743495072.052629
1743495072.084874
1743495072.116771
1743495072.148523
1743495072.180368
1743495072.212548
1743495072.260317
1743495072.291996
1743495072.324487
1743495072.356781
1743495072.388678
1743495072.420365
1743495072.452802
1743495072.484979
1743495072.517006
1743495072.548612
1743495072.580351
1743495072.596028
1743495072.612323
1743495072.644033
1743495072.660308
1743495072.692533
1743495072.724526
1743495072.756502
1743495072.788749
1743495072.821093
1743495072.852789
1743495072.900635
1743495072.932536
1743495072.964418
1743495072.996134
1743495073.028282
1743495073.060223
1743495073.092568
1743495073.124749
1743495073.156858
1743495073.188848
1743495073.236465
1743495073.268610
1743495073.300343
1743495073.332243
1743495073.364068
1743495073.380198
1743495073.412375
1743495073.444537
1743495073.476526
1743495073.508683
1743495073.556411
1743495073.588506
1743495073.621110
1743495073.652988
1743495073.684215
1743495073.716745
1743495073.748539
1743495073.780589
1743495073.812456
1743495073.844806
1743495073.877064
1743495073.908649
1743495073.940315
1743495073.972684
1743495074.004852
1743495074.036631
1743495074.068590
1743495074.100908
1743495074.132922
1743495074.164250
1743495074.180416
1743495074.213007
1743495074.244348
1743495074.276576
1743495074.308286
1743495074.340622
1743495074.372563
1743495074.404778
1743495074.436652
1743495074.468762
1743495074.500607
1743495074.532897
1743495074.563895
1743495074.580170
1743495074.612312
1743495074.628123
1743495074.660086
1743495074.692838
1743495074.724548
1743495074.756721
1743495074.788641
1743495074.821059
1743495074.852559
1743495074.884676
1743495074.916336
1743495074.948148
1743495074.980152
1743495075.012568
1743495075.044368
1743495075.076606
1743495075.108598
1743495075.140796
1743495075.188837
1743495075.220513
1743495075.252628
1743495075.284593
1743495075.316547
1743495075.348431
1743495075.380205
1743495075.396322
1743495075.412589
1743495075.444419
1743495075.476591
1743495075.508652
1743495075.540554
1743495075.572649
1743495075.604638
1743495075.636669
1743495075.668188
1743495075.700668
1743495075.732627
1743495075.764293
1743495075.796498
1743495075.828558
1743495075.860173
1743495075.892535
1743495075.924390
1743495075.956700
1743495075.988666
1743495076.020622
1743495076.052676
1743495076.084821
1743495076.116654
1743495076.164153
1743495076.195783
1743495076.212150
1743495076.244308
1743495076.276327
1743495076.308540
1743495076.340761
1743495076.372635
1743495076.404783
1743495076.436877
1743495076.484426
1743495076.516586
1743495076.548151
1743495076.580328
1743495076.612451
1743495076.628177
1743495076.644218
1743495076.676407
1743495076.708520
1743495076.740757
1743495076.772818
1743495076.804612
1743495076.836842
1743495076.868411
1743495076.900545
1743495076.932334
1743495076.964257
1743495076.996129
1743495077.012227
1743495077.044340
1743495077.076792
1743495077.108717
1743495077.140624
1743495077.172269
1743495077.204500
1743495077.236642
1743495077.268730
1743495077.300633
1743495077.332694
1743495077.364351
1743495077.396401
1743495077.428306
1743495077.460853
1743495077.492337
1743495077.524430
1743495077.556319
1743495077.588524
1743495077.620878
1743495077.652591
1743495077.684409
1743495077.716741
1743495077.748419
1743495077.780604
1743495077.812328
1743495077.844290
1743495077.876395
1743495077.908338
1743495077.940304
1743495077.972459
1743495078.004623
1743495078.036843
1743495078.068787
1743495078.116466
1743495078.148216
1743495078.179955
1743495078.212127
1743495078.244304
1743495078.276327
1743495078.308259
1743495078.340656
1743495078.372509
1743495078.404645
1743495078.436842
1743495078.468441
1743495078.500367
1743495078.532505
1743495078.564175
1743495078.596165
1743495078.628295
1743495078.644080
1743495078.660180
1743495078.676293
1743495078.708574
1743495078.756436
1743495078.788582
1743495078.819962
1743495078.852585
1743495078.884681
1743495078.916470
1743495078.947711
1743495078.963917
1743495078.996320
1743495079.028230
1743495079.060330
1743495079.093005
1743495079.124347
1743495079.156794
1743495079.188366
1743495079.220532
1743495079.252527
1743495079.284534
1743495079.316366
1743495079.348424
1743495079.380176
1743495079.412731
1743495079.443634
1743495079.459962
1743495079.476118
1743495079.508523
1743495079.540237
1743495079.572396
1743495079.604540
1743495079.636809
1743495079.668421
1743495079.700842
1743495079.732640
1743495079.763917
1743495079.796138
1743495079.827759
1743495079.843956
1743495079.860093
1743495079.876195
1743495079.908384
1743495079.940499
1743495079.972466
1743495080.004908
1743495080.036621
1743495080.068194
1743495080.100671
1743495080.132624
1743495080.164215
1743495080.196036
1743495080.212227
1743495080.244258
1743495080.276394
1743495080.308269
1743495080.340647
1743495080.388404
1743495080.420287
1743495080.452213
1743495080.484480
1743495080.516514
1743495080.548261
1743495080.579937
1743495080.596113
1743495080.628543
1743495080.644223
1743495080.676598
1743495080.708664
1743495080.740366
1743495080.772239
1743495080.804181
1743495080.836653
1743495080.868274
1743495080.900371
1743495080.932246
1743495080.964226
1743495080.996424
1743495081.043750
1743495081.075909
1743495081.108467
1743495081.140594
1743495081.172402
1743495081.204544
1743495081.236630
1743495081.268640
1743495081.300577
1743495081.332598
1743495081.364747
1743495081.395958
1743495081.411970
1743495081.443598
1743495081.460113
1743495081.492254
1743495081.524483
1743495081.555904
1743495081.588718
1743495081.620558
1743495081.652757
1743495081.684201
1743495081.716305
1743495081.748024
1743495081.764033
1743495081.796192
1743495081.828245
1743495081.860106
1743495081.892329
1743495081.924757
1743495081.956797
1743495081.988533
1743495082.019285
1743495082.051600
1743495082.084604
1743495082.116501
1743495082.148176
1743495082.163962
1743495082.180071
1743495082.212188
1743495082.244381
1743495082.276453
1743495082.308533
1743495082.340602
1743495082.372229
1743495082.404426
1743495082.436432
1743495082.468390
1743495082.500481
1743495082.532149
1743495082.564182
1743495082.596020
1743495082.612348
1743495082.659978
1743495082.675639
1743495082.691804
1743495082.707821
1743495082.740232
1743495082.772384
1743495082.804578
1743495082.836435
1743495082.868055
1743495082.900851
1743495082.932529
1743495082.964188
1743495082.996661
1743495083.028316
1743495083.059929
1743495083.075972
1743495083.108509
1743495083.140532
1743495083.172790
1743495083.204490
1743495083.236313
1743495083.268531
1743495083.316236
1743495083.347814
1743495083.379745
1743495083.395973
1743495083.412082
1743495083.444418
1743495083.475811
1743495083.508191
1743495083.540695
1743495083.572557
1743495083.604079
1743495083.636571
1743495083.668282
1743495083.700250
1743495083.732141
1743495083.764080
1743495083.795934
1743495083.811943
1743495083.843965
1743495083.859994
1743495083.876192
1743495083.908369
1743495083.940295
1743495083.972471
1743495084.004578
1743495084.036360
1743495084.068405
1743495084.100667
1743495084.132388
1743495084.163878
1743495084.196169
1743495084.228198
1743495084.260256
1743495084.292361
1743495084.324035
1743495084.356274
1743495084.388244
1743495084.420395
1743495084.452142
1743495084.484554
1743495084.516527
1743495084.548208
1743495084.580016
1743495084.612507
1743495084.643906
1743495084.676033
1743495084.707873
1743495084.740392
1743495084.772507
1743495084.804773
1743495084.836337
1743495084.868492
1743495084.900465
1743495084.948242
1743495084.979606
1743495084.995796
1743495085.028037
1743495085.059776
1743495085.092074
1743495085.124456
1743495085.156564
1743495085.188463
1743495085.220234
1743495085.268342
1743495085.300507
1743495085.332215
1743495085.363740
1743495085.379934
1743495085.412154
1743495085.444058
1743495085.475618
1743495085.491730
1743495085.524589
1743495085.556722
1743495085.587896
1743495085.620239
1743495085.652171
1743495085.684269
1743495085.715894
1743495085.748036
1743495085.779846
1743495085.795938
1743495085.828029
1743495085.860196
1743495085.892423
1743495085.924638
1743495085.955915
1743495085.988365
1743495086.020430
1743495086.052167
1743495086.084258
1743495086.116723
1743495086.148644
1743495086.180046
1743495086.212050
1743495086.244643
1743495086.275989
1743495086.308129
1743495086.340009
1743495086.372163
1743495086.404500
1743495086.436346
1743495086.468094
1743495086.500515
1743495086.532522
1743495086.564350
1743495086.595688
1743495086.611809
1743495086.643939
1743495086.675984
1743495086.707797
1743495086.723515
1743495086.739833
1743495086.772506
1743495086.804309
1743495086.836579
1743495086.868596
1743495086.900271
1743495086.932231
1743495086.964225
1743495086.996043
1743495087.027851
1743495087.059900
1743495087.092430
1743495087.124402
1743495087.156614
1743495087.188427
1743495087.220608
1743495087.252098
1743495087.284158
1743495087.316146
1743495087.347924
1743495087.379777
1743495087.395918
1743495087.427840
1743495087.444042
1743495087.476649
1743495087.508326
1743495087.540674
1743495087.572244
1743495087.604360
1743495087.636438
1743495087.668291
1743495087.700393
1743495087.732169
1743495087.764006
1743495087.796329
1743495087.828332
1743495087.875756
1743495087.908181
1743495087.940254
1743495087.972382
1743495088.004326
1743495088.036393
1743495088.068270
1743495088.100471
1743495088.132387
1743495088.164168
1743495088.196186
1743495088.227776
1743495088.259910
1743495088.292174
1743495088.324055
1743495088.356228
1743495088.388231
1743495088.420292
1743495088.452667
1743495088.484536
1743495088.516191
1743495088.547908
1743495088.579866
1743495088.611888
1743495088.643620
1743495088.659765
1743495088.692181
1743495088.724120
1743495088.756055
1743495088.788306
1743495088.820276
1743495088.852586
1743495088.883761
1743495088.916587
1743495088.947881
1743495088.979841
1743495089.011826
1743495089.043956
1743495089.076174
1743495089.108259
1743495089.140066
1743495089.172275
1743495089.204227
1743495089.236061
1743495089.267854
1743495089.300346
1743495089.332031
1743495089.363929
1743495089.395809
1743495089.411860
1743495089.443897
1743495089.491595
1743495089.523665
1743495089.556353
1743495089.588143
1743495089.620017
1743495089.652280
1743495089.684464
1743495089.716260
1743495089.747994
1743495089.779914
1743495089.795959
1743495089.828354
1743495089.859894
1743495089.891635
1743495089.924087
1743495089.956059
1743495089.988218
1743495090.020315
1743495090.052347
1743495090.084381
1743495090.116519
1743495090.148202
1743495090.179794
1743495090.211732
1743495090.243607
1743495090.275963
1743495090.308050
1743495090.340277
1743495090.372221
1743495090.404094
1743495090.436529
1743495090.468233
1743495090.500147
1743495090.532029
1743495090.563669
1743495090.595819
1743495090.611831
1743495090.643883
1743495090.675972
1743495090.707897
1743495090.740300
1743495090.772041
1743495090.804341
1743495090.836136
1743495090.868119
1743495090.899951
1743495090.932493
1743495090.963953
1743495090.995990
1743495091.027960
1743495091.059943
1743495091.092174
1743495091.124344
1743495091.155884
1743495091.171976
1743495091.204168
1743495091.236197
1743495091.268000
1743495091.300289
1743495091.332022
1743495091.363933
1743495091.395655
1743495091.411902
1743495091.444355
1743495091.475699
1743495091.491930
1743495091.508059
1743495091.540285
1743495091.572038
1743495091.603976
1743495091.636226
1743495091.668460
1743495091.700289
1743495091.732374
1743495091.779561
1743495091.811851
1743495091.843826
1743495091.875848
1743495091.907941
1743495091.940124
1743495091.972262
1743495092.004134
1743495092.036637
1743495092.068259
1743495092.100347
1743495092.131729
1743495092.163742
1743495092.195542
1743495092.211626
1743495092.243769
1743495092.276040
1743495092.308007
1743495092.340161
1743495092.371991
1743495092.419866
1743495092.451892
1743495092.484099
1743495092.516113
1743495092.547798
1743495092.579628
1743495092.595725
1743495092.627569
1743495092.643764
1743495092.675960
1743495092.708262
1743495092.755863
1743495092.787948
1743495092.820160
1743495092.852050
1743495092.883940
1743495092.916363
1743495092.947923
1743495092.979835
1743495093.011844
1743495093.043953
1743495093.076281
1743495093.107915
1743495093.139801
1743495093.172007
1743495093.204134
1743495093.235968
1743495093.267843
1743495093.300104
1743495093.332244
1743495093.363904
1743495093.395501
1743495093.411503
1743495093.443817
1743495093.475789
1743495093.507642
1743495093.540390
1743495093.572043
1743495093.604002
1743495093.636472
1743495093.668227
1743495093.700147
1743495093.731947
1743495093.763617
1743495093.795760
1743495093.827811
1743495093.859693
1743495093.891592
1743495093.924167
1743495093.956440
1743495093.988247
1743495094.020282
1743495094.052245
1743495094.084060
1743495094.115994
1743495094.147590
1743495094.163514
1743495094.195609
1743495094.227708
1743495094.259749
1743495094.292148
1743495094.324123
1743495094.371915
1743495094.403266
1743495094.436046
1743495094.468143
1743495094.500029
1743495094.531863
1743495094.563967
1743495094.595831
1743495094.627742
1743495094.659870
1743495094.675900
1743495094.708271
1743495094.740001
1743495094.771980
1743495094.787412
1743495094.803549
1743495094.836166
1743495094.867930
1743495094.900263
1743495094.932181
1743495094.963882
1743495094.996022
1743495095.028216
1743495095.059741
1743495095.091766
1743495095.124126
1743495095.155847
1743495095.188020
1743495095.220175
1743495095.251906
1743495095.283685
1743495095.316562
1743495095.348172
1743495095.379415
1743495095.395537
1743495095.411762
1743495095.443938
1743495095.475940
1743495095.507841
1743495095.539944
1743495095.572060
1743495095.604178
1743495095.636385
1743495095.683968
1743495095.715785
1743495095.747754
1743495095.779622
1743495095.811624
1743495095.843753
1743495095.875713
1743495095.907872
1743495095.939855
1743495095.972405
1743495096.004153
1743495096.035953
1743495096.067707
1743495096.100028
1743495096.132027
1743495096.163584
1743495096.195902
1743495096.227864
1743495096.259855
1743495096.292064
1743495096.323930
1743495096.355884
1743495096.388051
1743495096.419958
1743495096.451906
1743495096.483997
1743495096.516143
1743495096.547779
1743495096.579731
1743495096.595689
1743495096.611742
1743495096.627851
1743495096.659814
1743495096.691712
1743495096.723754
1743495096.756024
1743495096.787765
1743495096.803381
1743495096.819684
1743495096.852077
1743495096.884027
1743495096.916114
1743495096.947790
1743495096.980180
1743495097.011330
1743495097.027369
1743495097.043583
1743495097.059569
1743495097.091996
1743495097.123927
1743495097.156068
1743495097.188018
1743495097.219773
1743495097.252053
1743495097.299625
1743495097.331739
1743495097.363412
1743495097.379541
1743495097.411721
1743495097.443692
1743495097.475494
1743495097.507930
1743495097.540039
1743495097.572244
1743495097.603923
1743495097.636179
1743495097.667840
1743495097.699909
1743495097.731759
1743495097.763500
1743495097.795820
1743495097.827710
1743495097.859725
1743495097.875696
1743495097.907825
1743495097.955761
1743495097.987669
1743495098.019777
1743495098.052012
1743495098.083891
1743495098.115847
1743495098.147511
1743495098.179621
1743495098.211664
1743495098.243967
1743495098.276112
1743495098.307722
1743495098.339825
1743495098.371888
1743495098.404021
1743495098.436069
1743495098.467959
1743495098.499881
1743495098.532280
1743495098.563877
1743495098.611411
1743495098.643457
1743495098.675535
1743495098.707724
1743495098.739965
1743495098.771882
1743495098.803958
1743495098.835980
1743495098.868044
1743495098.899778
1743495098.932112
1743495098.963418
1743495098.979364
1743495099.011361
1743495099.043735
1743495099.075750
1743495099.107521
1743495099.139542
1743495099.172095
1743495099.203977
1743495099.251933
1743495099.283216
1743495099.315923
1743495099.347642
1743495099.379442
1743495099.411530
1743495099.443750
1743495099.475749
1743495099.507837
1743495099.539779
1743495099.587813
1743495099.619782
1743495099.651814
1743495099.683760
1743495099.715766
1743495099.747606
1743495099.779704
1743495099.811453
1743495099.827535
1743495099.859553
1743495099.875628
1743495099.907787
1743495099.939771
1743495099.971740
1743495100.003795
1743495100.035725
1743495100.067903
1743495100.099964
1743495100.132290
1743495100.163630
1743495100.179622
1743495100.227482
1743495100.259304
1743495100.291616
1743495100.323492
1743495100.355831
1743495100.388185
1743495100.419685
1743495100.452054
1743495100.484215
1743495100.516242
1743495100.563789
1743495100.595499
1743495100.627314
1743495100.643512
1743495100.675367
1743495100.707586
1743495100.739876
1743495100.771811
1743495100.803520
1743495100.836000
1743495100.883672
1743495100.915691
1743495100.946953
1743495100.963279
1743495100.995362
1743495101.011573
1743495101.042175
1743495101.058774
1743495101.074976
1743495101.091472
1743495101.124035
1743495101.156063
1743495101.203696
1743495101.235730
1743495101.267745
1743495101.300048
1743495101.331987
1743495101.363465
1743495101.395436
1743495101.411501
1743495101.443659
1743495101.475741
1743495101.507552
1743495101.540007
1743495101.571743
1743495101.603725
1743495101.635370
1743495101.667906
1743495101.699787
1743495101.731793
1743495101.763097
1743495101.779530
1743495101.811706
1743495101.859559
1743495101.891134
1743495101.923727
1743495101.955681
1743495101.987925
1743495102.019443
1743495102.051716
1743495102.083797
1743495102.116046
1743495102.148077
1743495102.179733
1743495102.211152
1743495102.227232
1743495102.243398
1743495102.275414
1743495102.307578
1743495102.340139
1743495102.371877
1743495102.403991
1743495102.436164
1743495102.467881
1743495102.515764
1743495102.547493
1743495102.579334
1743495102.611180
1743495102.643299
1743495102.659319
1743495102.691717
1743495102.723771
1743495102.755841
1743495102.788180
1743495102.835735
1743495102.867794
1743495102.899096
1743495102.915158
1743495102.931143
1743495102.947240
1743495102.979242
1743495102.995357
1743495103.011715
1743495103.043608
1743495103.075538
1743495103.107663
1743495103.155608
1743495103.187840
1743495103.219725
1743495103.251642
1743495103.283181
1743495103.315876
1743495103.347551
1743495103.379790
1743495103.411468
1743495103.427540
1743495103.459645
1743495103.491721
1743495103.523626
1743495103.555819
1743495103.587879
1743495103.619900
1743495103.651707
1743495103.684094
1743495103.716101
1743495103.748146
1743495103.779236
1743495103.811874
1743495103.843143
1743495103.859218
1743495103.891116
1743495103.923623
1743495103.955741
1743495103.987918
1743495104.019603
1743495104.051925
1743495104.083870
1743495104.131739
1743495104.163016
1743495104.179203
1743495104.211565
1743495104.243291
1743495104.275529
1743495104.307481
1743495104.339739
1743495104.371603
1743495104.403970
1743495104.436084
1743495104.467929
1743495104.499556
1743495104.531462
1743495104.563474
1743495104.595308
1743495104.611293
1743495104.643338
1743495104.675542
1743495104.707687
1743495104.739952
1743495104.787638
1743495104.819663
1743495104.851647
1743495104.883715
1743495104.915284
1743495104.947576
1743495104.979470
1743495105.011545
1743495105.043455
1743495105.075596
1743495105.107825
1743495105.139771
1743495105.171318
1743495105.203592
1743495105.235680
1743495105.267714
1743495105.299547
1743495105.331717
1743495105.363759
1743495105.394270
1743495105.411447
1743495105.442959
1743495105.475580
1743495105.507865
1743495105.538416
1743495105.555415
1743495105.586328
1743495105.619474
1743495105.650236
1743495105.667483
1743495105.699992
1743495105.731968
1743495105.763647
1743495105.795248
1743495105.811354
1743495105.843334
1743495105.875662
1743495105.907622
1743495105.939673
1743495105.971707
1743495106.003672
1743495106.035888
1743495106.083617
1743495106.115536
1743495106.147178
1743495106.163097
1743495106.179258
1743495106.211409
1743495106.243134
1743495106.259235
1743495106.291561
1743495106.323794
1743495106.355737
1743495106.387821
1743495106.419914
1743495106.451972
1743495106.483784
1743495106.515661
1743495106.547090
1743495106.563102
1743495106.579335
1743495106.611559
1743495106.643467
1743495106.675466
1743495106.707615
1743495106.739865
1743495106.771592
1743495106.803791
1743495106.835170
1743495106.868235
1743495106.899734
1743495106.915167
1743495106.947247
1743495106.979546
1743495107.011302
1743495107.027411
1743495107.059951
1743495107.091769
1743495107.123401
1743495107.155758
1743495107.187639
1743495107.219652
1743495107.251637
1743495107.283547
1743495107.315471
1743495107.347347
1743495107.363510
1743495107.395810
1743495107.427152
1743495107.443165
1743495107.475397
1743495107.507560
1743495107.539434
1743495107.571495
1743495107.603643
1743495107.635702
1743495107.667479
1743495107.715470
1743495107.747045
1743495107.779119
1743495107.795316
1743495107.827428
1743495107.859148
1743495107.875132
1743495107.907351
1743495107.939726
1743495107.971658
1743495108.004021
1743495108.035799
1743495108.067625
1743495108.099742
1743495108.131441
1743495108.163236
1743495108.179319
1743495108.211375
1743495108.243248
1743495108.275286
1743495108.307469
1743495108.339680
1743495108.371649
1743495108.403342
1743495108.435471
1743495108.467588
1743495108.499405
1743495108.531618
1743495108.563568
1743495108.595538
1743495108.626346
1743495108.643414
1743495108.690704
1743495108.722821
1743495108.754939
1743495108.786962
1743495108.819610
1743495108.851617
1743495108.883904
1743495108.915359
1743495108.931334
1743495108.963629
1743495109.011176
1743495109.043119
1743495109.075278
1743495109.107387
1743495109.139630
1743495109.171436
1743495109.203644
1743495109.235685
1743495109.267822
1743495109.299983
1743495109.347322
1743495109.379369
1743495109.410872
1743495109.443492
1743495109.475340
1743495109.507403
1743495109.539758
1743495109.571682
1743495109.603705
1743495109.635966
1743495109.667729
1743495109.699413
1743495109.731549
1743495109.763427
1743495109.795324
1743495109.827236
1743495109.859182
1743495109.891615
1743495109.923618
1743495109.955321
1743495109.988007
1743495110.019584
1743495110.051658
1743495110.083256
1743495110.115527
1743495110.147300
1743495110.179514
1743495110.211319
1743495110.243402
1743495110.275432
1743495110.323239
1743495110.355248
1743495110.387731
1743495110.419563
1743495110.451736
1743495110.483493
1743495110.515523
1743495110.547436
1743495110.579393
1743495110.611245
1743495110.643910
1743495110.675133
1743495110.707464
1743495110.739319
1743495110.771038
1743495110.803571
1743495110.835641
1743495110.867705
1743495110.899695
1743495110.931613
1743495110.963401
1743495110.995223
1743495111.026961
1743495111.058773
1743495111.074904
1743495111.107282
1743495111.139511
1743495111.171153
1743495111.203601
1743495111.236097
1743495111.267851
1743495111.299691
1743495111.331529
1743495111.362978
1743495111.379073
1743495111.411175
1743495111.443283
1743495111.475261
1743495111.507308
1743495111.539353
1743495111.571785
1743495111.619277
1743495111.651406
1743495111.682852
1743495111.715419
1743495111.747182
1743495111.762961
1743495111.795275
1743495111.827247
1743495111.859273
1743495111.891513
1743495111.939199
1743495111.971372
1743495112.003505
1743495112.035298
1743495112.067190
1743495112.099481
1743495112.131697
1743495112.163190
1743495112.195218
1743495112.227300
1743495112.275099
1743495112.305908
1743495112.322824
1743495112.339033
1743495112.355175
1743495112.387870
1743495112.419437
1743495112.451521
1743495112.483671
1743495112.515671
1743495112.547489
1743495112.595194
1743495112.627089
1743495112.659132
1743495112.690996
1743495112.723355
1743495112.755673
1743495112.787691
1743495112.819312
1743495112.851594
1743495112.883715
1743495112.915765
1743495112.946787
1743495112.962869
1743495112.995191
1743495113.026992
1743495113.059191
1743495113.091420
1743495113.123385
1743495113.155584
1743495113.187662
1743495113.219664
1743495113.251701
1743495113.283401
1743495113.315207
1743495113.347205
1743495113.379384
1743495113.410974
1743495113.442865
1743495113.459053
1743495113.475244
1743495113.491250
1743495113.523095
1743495113.571254
1743495113.603392
1743495113.635389
1743495113.666961
1743495113.699643
1743495113.731487
1743495113.763124
1743495113.795080
1743495113.811167
1743495113.843522
1743495113.890932
1743495113.922937
1743495113.955466
1743495113.987447
1743495114.019490
1743495114.051125
1743495114.083575
1743495114.115722
1743495114.147728
1743495114.179271
1743495114.226845
1743495114.258928
1743495114.291279
1743495114.323022
1743495114.355479
1743495114.387533
1743495114.419485
1743495114.451468
1743495114.483532
1743495114.515767
1743495114.547835
1743495114.578795
1743495114.594885
1743495114.627042
1743495114.659161
1743495114.691297
1743495114.723255
1743495114.755439
1743495114.787845
1743495114.819164
1743495114.867309
1743495114.899147
1743495114.931434
1743495114.962585
1743495114.978835
1743495114.995034
1743495115.011140
1743495115.042633
1743495115.059059
1743495115.091251
1743495115.123575
1743495115.155618
1743495115.203274
1743495115.235373
1743495115.267233
1743495115.299118
1743495115.331436
1743495115.363070
1743495115.395284
1743495115.427126
1743495115.443099
1743495115.475411
1743495115.523249
1743495115.554600
1743495115.587489
1743495115.619337
1743495115.651519
1743495115.683070
1743495115.715336
1743495115.747131
1743495115.779325
1743495115.811130
1743495115.843751
1743495115.874930
1743495115.907285
1743495115.939189
1743495115.971406
1743495116.003425
1743495116.035469
1743495116.067214
1743495116.099308
1743495116.131406
1743495116.178853
1743495116.210740
1743495116.226886
1743495116.258867
1743495116.291378
1743495116.323018
1743495116.355546
1743495116.387520
1743495116.419542
1743495116.451377
1743495116.499517
1743495116.531237
1743495116.562833
1743495116.594557
1743495116.610898
1743495116.642871
1743495116.658875
1743495116.675074
1743495116.707242
1743495116.739447
1743495116.771547
1743495116.819286
1743495116.851160
1743495116.883820
1743495116.915330
1743495116.946919
1743495116.962998
1743495116.978876
1743495116.994889
1743495117.027101
1743495117.059362
1743495117.091361
1743495117.123402
1743495117.155552
1743495117.187359
1743495117.219175
1743495117.251364
1743495117.283351
1743495117.315369
1743495117.346982
1743495117.362981
1743495117.395023
1743495117.427194
1743495117.474767
1743495117.507132
1743495117.539169
1743495117.571611
1743495117.603510
1743495117.635354
1743495117.667378
1743495117.699510
1743495117.731390
1743495117.763277
1743495117.795296
1743495117.826802
1743495117.842804
1743495117.858891
1743495117.891053
1743495117.923089
1743495117.955302
1743495117.987321
1743495118.019387
1743495118.051555
1743495118.083522
1743495118.131087
1743495118.162493
1743495118.178694
1743495118.194996
1743495118.210981
1743495118.242975
1743495118.275085
1743495118.307261
1743495118.339312
1743495118.371529
1743495118.403438
1743495118.451104
1743495118.483097
1743495118.515008
1743495118.546468
1743495118.578724
1743495118.594757
1743495118.610920
1743495118.626997
1743495118.658958
1743495118.674951
1743495118.690999
1743495118.723469
1743495118.771126
1743495118.803098
1743495118.835339
1743495118.867340
1743495118.898630
1743495118.914743
1743495118.946832
1743495118.962819
1743495118.995064
1743495119.011030
1743495119.043113
1743495119.075236
1743495119.107369
1743495119.139248
1743495119.171252
1743495119.203291
1743495119.235250
1743495119.267633
1743495119.299265
1743495119.331419
1743495119.363147
1743495119.395309
1743495119.427420
1743495119.458566
1743495119.491046
1743495119.523161
1743495119.555460
1743495119.587317
1743495119.619002
1743495119.651307
1743495119.683289
1743495119.715387
1743495119.746581
1743495119.762713
1743495119.794923
1743495119.826851
1743495119.858815
1743495119.891283
1743495119.923378
1743495119.955129
1743495119.987597
1743495120.019895
1743495120.051483
1743495120.083335
1743495120.115097
1743495120.146995
1743495120.178866
1743495120.210967
1743495120.242962
1743495120.275245
1743495120.307075
1743495120.339372
1743495120.371390
1743495120.403433
1743495120.435152
1743495120.467189
1743495120.499255
1743495120.531174
1743495120.563108
1743495120.594881
1743495120.626986
1743495120.659148
1743495120.691297
1743495120.723496
1743495120.754898
1743495120.787465
1743495120.819281
1743495120.851175
1743495120.883089
1743495120.915245
1743495120.947044
1743495120.979043
1743495121.010801
1743495121.027013
1743495121.059282
1743495121.091060
1743495121.122660
1743495121.155342
1743495121.187375
1743495121.219085
1743495121.251104
1743495121.283425
1743495121.315509
1743495121.347275
1743495121.379072
1743495121.410821
1743495121.442768
1743495121.474698
1743495121.491062
1743495121.523176
1743495121.555193
1743495121.587221
1743495121.619030
1743495121.651525
1743495121.698936
1743495121.731043
1743495121.762353
1743495121.778634
1743495121.794772
1743495121.810794
1743495121.842546
1743495121.858787
1743495121.874975
1743495121.890981
1743495121.922944
1743495121.955281
1743495121.987336
1743495122.035029
1743495122.066667
1743495122.099190
1743495122.131129
1743495122.163065
1743495122.194852
1743495122.211189
1743495122.242201
1743495122.259168
1743495122.291184
1743495122.323366
1743495122.355500
1743495122.387253
1743495122.418768
1743495122.451012
1743495122.483321
1743495122.515245
1743495122.546760
1743495122.578727
1743495122.594826
1743495122.611066
1743495122.627085
1743495122.674852
1743495122.707002
1743495122.739018
1743495122.770838
1743495122.803247
1743495122.835207
1743495122.867181
1743495122.898631
1743495122.914678
1743495122.930853
1743495122.963115
1743495123.010535
1743495123.042564
1743495123.058666
1743495123.074740
1743495123.106919
1743495123.138945
1743495123.171369
1743495123.203112
1743495123.235094
1743495123.267310
1743495123.299696
1743495123.331154
1743495123.362873
1743495123.394805
1743495123.426641
1743495123.442835
1743495123.474863
1743495123.506961
1743495123.539425
1743495123.571364
1743495123.603097
1743495123.651018
1743495123.682953
1743495123.715113
1743495123.746732
1743495123.762636
1743495123.778633
1743495123.794626
1743495123.826496
1743495123.842740
1743495123.874961
1743495123.907134
1743495123.939008
1743495123.986877
1743495124.019248
1743495124.051067
1743495124.082616
1743495124.115138
1743495124.146963
1743495124.178890
1743495124.210780
1743495124.242978
1743495124.275139
1743495124.307185
1743495124.338920
1743495124.371048
1743495124.402940
1743495124.434998
1743495124.467284
1743495124.499273
1743495124.531139
1743495124.563155
1743495124.594847
1743495124.627379
1743495124.658612
1743495124.691096
1743495124.722938
1743495124.755003
1743495124.787029
1743495124.819833
1743495124.850773
1743495124.883308
1743495124.915198
1743495124.962711
1743495124.994170
1743495125.010731
1743495125.042618
1743495125.058532
1743495125.074836
1743495125.106931
1743495125.139159
1743495125.171090
1743495125.203031
1743495125.235422
1743495125.282878
1743495125.314908
1743495125.346374
1743495125.362604
1743495125.394841
1743495125.410863
1743495125.442759
1743495125.458791
1743495125.474830
1743495125.506990
1743495125.539114
1743495125.571457
1743495125.603108
1743495125.634935
1743495125.667270
1743495125.699086
1743495125.731013
1743495125.762867
1743495125.794623
1743495125.810701
1743495125.842839
1743495125.874886
1743495125.906873
1743495125.939053
1743495125.971046
1743495126.003043
1743495126.034874
1743495126.066532
1743495126.099070
1743495126.131355
1743495126.163035
1743495126.194914
1743495126.226882
1743495126.259381
1743495126.290817
1743495126.323052
1743495126.354672
1743495126.386999
1743495126.419175
1743495126.451050
1743495126.482861
1743495126.515112
1743495126.546794
1743495126.578967
1743495126.610064
1743495126.626398
1743495126.642661
1743495126.674737
1743495126.706561
1743495126.738989
1743495126.771013
1743495126.803345
1743495126.835120
1743495126.867389
1743495126.915148
1743495126.946845
1743495126.978465
1743495126.994688
1743495127.026710
1743495127.058689
1743495127.074535
1743495127.090814
1743495127.123204
1743495127.155172
1743495127.186624
1743495127.234881
1743495127.266838
1743495127.298989
1743495127.330760
1743495127.362746
1743495127.394651
1743495127.426582
1743495127.458809
1743495127.491250
1743495127.523212
1743495127.555285
1743495127.586938
1743495127.619126
1743495127.651004
1743495127.683040
1743495127.714696
1743495127.746852
1743495127.778748
1743495127.794791
1743495127.826664
1743495127.858950
1743495127.891076
1743495127.922915
1743495127.954765
1743495127.987103
1743495128.019033
1743495128.051063
1743495128.082909
1743495128.115134
1743495128.145779
1743495128.163167
1743495128.210421
1743495128.242487
1743495128.274719
1743495128.306780
1743495128.338725
1743495128.371037
1743495128.403019
1743495128.435114
1743495128.467342
1743495128.499170
1743495128.530883
1743495128.562678
1743495128.594756
1743495128.626675
1743495128.658738
1743495128.690930
1743495128.722716
1743495128.755374
1743495128.786107
1743495128.802546
1743495128.818725
1743495128.867065
1743495128.898971
1743495128.931047
1743495128.962383
1743495128.994509
1743495129.010505
1743495129.026603
1743495129.058604
1743495129.090893
1743495129.123161
1743495129.155065
1743495129.187036
1743495129.219238
1743495129.250933
1743495129.282991
1743495129.314840
1743495129.346751
1743495129.378817
1743495129.410802
1743495129.442769
1743495129.474806
1743495129.507222
1743495129.538950
1743495129.570848
1743495129.602987
1743495129.634774
1743495129.667371
1743495129.698763
1743495129.731121
1743495129.762774
1743495129.794671
1743495129.842424
1743495129.874868
1743495129.906712
1743495129.938952
1743495129.970717
1743495130.002988
1743495130.035080
1743495130.067119
1743495130.098748
1743495130.131110
1743495130.163273
1743495130.194653
1743495130.226511
1743495130.258786
1743495130.290749
1743495130.322702
1743495130.354933
1743495130.387072
1743495130.418834
1743495130.451002
1743495130.483419
1743495130.514747
1743495130.546360
1743495130.562427
1743495130.594740
1743495130.626742
1743495130.658596
1743495130.690863
1743495130.722789
1743495130.755050
1743495130.787149
1743495130.819032
1743495130.850541
1743495130.882946
1743495130.914842
1743495130.946476
1743495130.978700
1743495131.010475
1743495131.026495
1743495131.042560
1743495131.074590
1743495131.106971
1743495131.139274
1743495131.170763
1743495131.202351
1743495131.234933
1743495131.266841
1743495131.298793
1743495131.330700
1743495131.362633
1743495131.378545
1743495131.394615
1743495131.410840
1743495131.458530
1743495131.490702
1743495131.522717
1743495131.554553
1743495131.586885
1743495131.618896
1743495131.650841
1743495131.682887
1743495131.715056
1743495131.746713
1743495131.794247
1743495131.826035
1743495131.842349
1743495131.858495
1743495131.890785
1743495131.923002
1743495131.955008
1743495131.986947
1743495132.019236
1743495132.050757
1743495132.083027
1743495132.115070
1743495132.146798
1743495132.178643
1743495132.210707
1743495132.242495
1743495132.274638
1743495132.306797
1743495132.339172
1743495132.371188
1743495132.402936
1743495132.434732
1743495132.466721
1743495132.498905
1743495132.530927
1743495132.562603
1743495132.594378
1743495132.610660
1743495132.642436
1743495132.674674
1743495132.706817
1743495132.738897
1743495132.771177
1743495132.802913
1743495132.835173
1743495132.866755
1743495132.898690
1743495132.930778
1743495132.962750
1743495132.994665
1743495133.026752
1743495133.058504
1743495133.091088
1743495133.122585
1743495133.154759
1743495133.186606
1743495133.218663
1743495133.250841
1743495133.282821
1743495133.314722
1743495133.346691
1743495133.378696
1743495133.410842
1743495133.442400
1743495133.458304
1743495133.491161
1743495133.522707
1743495133.554793
1743495133.586965
1743495133.618840
1743495133.651196
1743495133.683218
1743495133.714950
1743495133.746940
1743495133.778362
1743495133.810273
1743495133.842052
1743495133.858377
1743495133.874401
1743495133.906570
1743495133.938800
1743495133.970928
1743495134.002864
1743495134.034974
1743495134.066868
1743495134.098203
1743495134.130373
1743495134.163115
1743495134.194408
1743495134.226199
1743495134.242394
1743495134.274617
1743495134.306875
1743495134.338979
1743495134.386712
1743495134.418717
1743495134.450671
1743495134.482580
1743495134.514837
1743495134.546374
1743495134.562298
1743495134.594168
1743495134.610531
1743495134.642771
1743495134.674745
1743495134.722352
1743495134.754890
1743495134.786664
1743495134.818708
1743495134.850728
1743495134.882845
1743495134.914727
1743495134.946548
1743495134.978454
1743495134.994484
1743495135.010735
1743495135.043017
1743495135.074631
1743495135.106763
1743495135.138777
1743495135.154400
1743495135.186922
1743495135.218819
1743495135.250841
1743495135.283084
1743495135.315152
1743495135.362603
1743495135.394300
1743495135.426482
1743495135.458509
1743495135.490498
1743495135.522709
1743495135.554772
1743495135.586897
1743495135.618951
1743495135.650890
1743495135.698505
1743495135.730535
1743495135.762349
1743495135.794191
1743495135.810283
1743495135.842337
1743495135.874580
1743495135.906552
1743495135.938852
1743495135.970989
1743495136.018572
1743495136.050677
1743495136.082928
1743495136.114471
1743495136.145804
1743495136.162833
1743495136.194509
1743495136.226525
1743495136.258558
1743495136.290954
1743495136.338404
1743495136.370302
1743495136.402642
1743495136.434836
1743495136.466985
1743495136.498690
1743495136.530814
1743495136.562476
1743495136.594572
1743495136.626741
1743495136.674193
1743495136.706597
1743495136.738754
1743495136.770494
1743495136.803011
1743495136.834766
1743495136.866665
1743495136.898757
1743495136.931092
1743495136.962634
1743495136.994967
1743495137.025936
1743495137.042103
1743495137.058282
1743495137.074500
1743495137.106191
1743495137.138900
1743495137.170566
1743495137.202696
1743495137.235063
1743495137.267036
1743495137.314530
1743495137.346554
1743495137.378139
1743495137.394181
1743495137.426204
1743495137.442327
1743495137.474508
1743495137.506547
1743495137.538699
1743495137.570857
1743495137.602755
1743495137.650502
1743495137.682685
1743495137.714706
1743495137.746321
1743495137.778208
1743495137.794485
1743495137.810370
1743495137.842305
1743495137.874516
1743495137.906737
1743495137.938834
1743495137.970263
1743495138.002545
1743495138.034614
1743495138.066661
1743495138.098525
1743495138.130751
1743495138.162541
1743495138.194451
1743495138.226406
1743495138.242394
1743495138.290275
1743495138.322810
1743495138.354212
1743495138.386718
1743495138.418585
1743495138.450817
1743495138.482567
1743495138.514801
1743495138.546577
1743495138.578496
1743495138.626037
1743495138.658510
1743495138.690466
1743495138.722655
1743495138.754613
1743495138.786676
1743495138.818771
1743495138.850697
1743495138.882709
1743495138.914963
1743495138.946908
1743495138.978090
1743495139.010217
1743495139.042147
1743495139.074465
1743495139.106628
1743495139.138779
1743495139.170718
1743495139.202994
1743495139.234828
1743495139.266564
1743495139.298483
1743495139.330610
1743495139.362163
1743495139.394351
1743495139.426196
1743495139.458371
1743495139.490673
1743495139.522485
1743495139.555019
1743495139.602328
1743495139.634574
1743495139.666206
1743495139.698708
1743495139.730650
1743495139.762370
1743495139.794169
1743495139.810252
1743495139.842438
1743495139.874513
1743495139.922321
1743495139.954714
1743495139.986669
1743495140.018592
1743495140.050357
1743495140.082571
1743495140.114518
1743495140.146123
1743495140.178282
1743495140.194256
1743495140.210507
1743495140.242829
1743495140.274062
1743495140.306525
1743495140.338532
1743495140.370655
1743495140.402636
1743495140.434546
1743495140.466649
1743495140.498786
1743495140.531081
1743495140.578139
1743495140.610300
1743495140.642589
1743495140.674153
1743495140.706503
1743495140.738653
1743495140.770667
1743495140.802669
1743495140.834714
1743495140.866928
1743495140.898890
1743495140.930485
1743495140.962000
1743495140.977978
1743495140.994014
1743495141.010311
1743495141.042335
1743495141.074410
1743495141.106509
1743495141.138491
1743495141.170969
1743495141.218442
1743495141.250614
1743495141.281863
1743495141.314647
1743495141.346319
1743495141.378111
1743495141.410043
1743495141.426204
1743495141.458429
1743495141.490738
1743495141.522431
1743495141.555056
1743495141.586490
1743495141.618558
1743495141.650380
1743495141.682027
1743495141.714617
1743495141.746438
1743495141.778331
1743495141.810348
1743495141.842420
1743495141.874751
1743495141.906090
1743495141.938670
1743495141.970149
1743495142.002588
1743495142.034547
1743495142.066602
1743495142.098157
1743495142.130131
1743495142.162700
1743495142.194768
1743495142.225693
1743495142.242011
1743495142.258110
1743495142.274210
1743495142.306230
1743495142.338617
1743495142.370508
1743495142.402465
1743495142.434487
1743495142.466629
1743495142.498672
1743495142.530873
1743495142.561877
1743495142.594113
1743495142.626282
1743495142.658286
1743495142.690320
1743495142.722414
1743495142.754890
1743495142.786735
1743495142.818657
1743495142.850730
1743495142.882497
1743495142.914435
1743495142.946252
1743495142.978129
1743495142.994101
1743495143.010096
1743495143.026204
1743495143.042267
1743495143.074507
1743495143.106532
1743495143.138539
1743495143.170640
1743495143.202558
1743495143.234495
1743495143.266277
1743495143.298560
1743495143.330502
1743495143.362180
1743495143.394055
1743495143.410230
1743495143.442326
1743495143.474509
1743495143.506353
1743495143.538335
1743495143.570402
1743495143.602598
1743495143.634285
1743495143.666862
1743495143.698553
1743495143.730655
1743495143.762426
1743495143.794332
1743495143.826535
1743495143.857965
1743495143.890277
1743495143.922268
1743495143.954794
1743495143.986652
1743495144.018693
1743495144.050650
1743495144.082707
1743495144.114840
1743495144.146414
1743495144.178184
1743495144.210126
1743495144.241857
1743495144.258030
1743495144.274099
1743495144.306224
1743495144.338381
1743495144.370567
1743495144.402662
1743495144.434649
1743495144.482357
1743495144.513838
1743495144.529930
1743495144.546073
1743495144.562063
1743495144.594080
1743495144.610121
1743495144.642272
1743495144.674321
1743495144.706362
1743495144.738584
1743495144.770936
1743495144.802729
1743495144.834280
1743495144.866360
1743495144.898435
1743495144.930315
1743495144.962033
1743495144.977970
1743495144.994025
1743495145.010227
1743495145.042432
1743495145.074334
1743495145.122163
1743495145.154613
1743495145.186137
1743495145.218530
1743495145.250453
1743495145.282479
1743495145.314238
1743495145.346194
1743495145.378318
1743495145.410255
1743495145.457959
1743495145.490241
1743495145.522334
1743495145.554518
1743495145.586458
1743495145.618468
1743495145.650854
1743495145.683274
1743495145.714324
1743495145.746288
1743495145.778643
1743495145.809891
1743495145.842071
1743495145.858028
1743495145.890386
1743495145.922353
1743495145.954464
1743495145.986724
1743495146.018437
1743495146.050493
1743495146.098462
1743495146.130309
1743495146.161978
1743495146.193913
1743495146.210088
1743495146.242226
1743495146.274199
1743495146.306331
1743495146.338097
1743495146.370708
1743495146.402531
1743495146.434702
1743495146.465880
1743495146.498477
1743495146.530522
1743495146.562148
1743495146.593924
1743495146.610077
1743495146.642443
1743495146.674524
1743495146.706441
1743495146.754361
1743495146.786215
1743495146.818273
1743495146.850095
1743495146.882469
1743495146.914346
1743495146.946406
1743495146.978270
1743495147.010259
1743495147.042313
1743495147.074499
1743495147.105998
1743495147.138203
1743495147.170191
1743495147.202418
1743495147.234450
1743495147.266381
1743495147.298382
1743495147.330402
1743495147.361917
1743495147.378097
1743495147.410178
1743495147.441938
1743495147.473823
1743495147.506182
1743495147.538312
1743495147.570642
1743495147.602117
1743495147.634564
1743495147.666466
1743495147.698498
1743495147.730155
1743495147.761965
1743495147.794055
1743495147.825878
1743495147.858258
1743495147.890118
1743495147.922204
1743495147.954500
1743495147.986557
1743495148.018588
1743495148.050504
1743495148.082272
1743495148.114349
1743495148.146118
1743495148.178123
1743495148.210170
1743495148.241576
1743495148.257962
1743495148.274145
1743495148.290241
1743495148.322179
1743495148.354476
1743495148.386648
1743495148.418422
1743495148.449810
1743495148.482502
1743495148.514525
1743495148.546112
1743495148.578077
1743495148.610177
1743495148.642189
1743495148.674171
1743495148.706510
1743495148.738438
1743495148.770141
1743495148.802418
1743495148.834026
1743495148.866154
1743495148.898422
1743495148.930451
1743495148.961976
1743495148.978045
1743495149.025837
1743495149.057893
1743495149.089924
1743495149.122183
1743495149.154764
1743495149.186389
1743495149.218314
1743495149.250662
1743495149.282507
1743495149.314674
1743495149.362491
1743495149.393492
1743495149.409861
1743495149.442042
1743495149.474068
1743495149.506114
1743495149.538305
1743495149.570249
1743495149.602426
1743495149.634411
1743495149.682292
1743495149.714348
1743495149.745836
1743495149.777973
1743495149.809786
1743495149.842077
1743495149.874136
1743495149.906291
1743495149.938148
1743495149.970447
1743495150.002420
1743495150.034260
1743495150.065963
1743495150.098199
1743495150.130311
1743495150.162158
1743495150.193778
1743495150.209956
1743495150.242053
1743495150.274145
1743495150.306113
1743495150.338675
1743495150.370400
1743495150.402271
1743495150.434008
1743495150.466259
1743495150.498377
1743495150.530674
1743495150.562101
1743495150.594182
1743495150.610178
1743495150.657720
1743495150.689642
1743495150.722103
1743495150.754346
1743495150.786254
1743495150.818171
1743495150.850296
1743495150.882290
1743495150.914473
1743495150.946656
1743495150.978416
1743495151.009649
1743495151.041697
1743495151.074057
1743495151.106018
1743495151.138378
1743495151.170233
1743495151.202617
1743495151.234599
1743495151.266499
1743495151.314342
1743495151.345660
1743495151.361663
1743495151.393766
1743495151.409826
1743495151.441468
1743495151.457824
1743495151.490199
1743495151.522272
1743495151.554230
1743495151.586725
1743495151.634063
1743495151.666400
1743495151.697889
1743495151.730276
1743495151.762132
1743495151.793720
1743495151.825961
1743495151.857842
1743495151.873870
1743495151.889992
1743495151.922452
1743495151.954581
1743495151.986574
1743495152.018203
1743495152.049887
1743495152.082246
1743495152.114112
1743495152.146024
1743495152.177683
1743495152.193922
1743495152.210090
1743495152.242098
1743495152.290044
1743495152.322153
1743495152.354228
1743495152.386211
1743495152.417976
1743495152.450274
1743495152.482232
1743495152.514480
1743495152.546409
1743495152.578107
1743495152.610228
1743495152.641654
1743495152.673989
1743495152.705997
1743495152.738221
1743495152.770009
1743495152.802243
1743495152.834240
1743495152.866437
1743495152.898241
1743495152.930141
1743495152.961745
1743495152.993629
1743495153.025974
1743495153.057753
1743495153.073652
1743495153.106029
1743495153.138341
1743495153.170587
1743495153.202492
1743495153.234623
1743495153.266529
1743495153.297857
1743495153.330146
1743495153.361719
1743495153.393744
1743495153.425651
1743495153.441784
1743495153.473992
1743495153.506145
1743495153.538045
1743495153.585994
1743495153.618018
1743495153.650413
1743495153.682316
1743495153.714380
1743495153.746236
1743495153.778036
1743495153.809752
1743495153.825956
1743495153.857978
1743495153.905786
1743495153.937668
1743495153.970243
1743495154.002130
1743495154.034314
1743495154.066202
1743495154.098272
1743495154.130133
1743495154.162013
1743495154.193962
1743495154.210185
1743495154.242525
1743495154.273878
1743495154.305981
1743495154.338198
1743495154.370005
1743495154.402326
1743495154.433932
1743495154.466238
1743495154.498474
1743495154.530239
1743495154.562136
1743495154.593591
1743495154.609593
1743495154.625619
1743495154.657876
1743495154.689920
1743495154.721965
1743495154.754232
1743495154.786080
1743495154.818529
1743495154.850296
1743495154.882319
1743495154.913889
1743495154.945920
1743495154.977646
1743495154.993690
1743495155.009844
1743495155.041933
1743495155.074103
1743495155.105941
1743495155.138226
1743495155.170902
1743495155.217684
1743495155.249994
1743495155.281794
1743495155.297349
1743495155.313633
1743495155.329633
1743495155.361875
1743495155.393713
1743495155.409796
1743495155.442036
1743495155.474134
1743495155.506210
1743495155.538293
1743495155.570122
1743495155.601965
1743495155.634230
1743495155.666107
1743495155.698066
1743495155.729697
1743495155.745829
1743495155.777910
1743495155.793801
1743495155.810064
1743495155.857680
1743495155.889926
1743495155.921954
1743495155.953973
1743495155.986115
1743495156.018263
1743495156.050135
1743495156.082018
1743495156.114200
1743495156.146100
1743495156.193539
1743495156.225462
1743495156.241632
1743495156.257663
1743495156.273820
1743495156.306000
1743495156.338163
1743495156.370223
1743495156.402200
1743495156.434134
1743495156.466229
1743495156.513945
1743495156.545613
1743495156.577609
1743495156.609729
1743495156.641608
1743495156.673857
1743495156.705871
1743495156.738431
1743495156.770378
1743495156.802268
1743495156.834216
1743495156.866441
1743495156.898137
1743495156.929982
1743495156.961889
1743495156.993841
1743495157.025984
1743495157.057883
1743495157.089898
1743495157.121931
1743495157.169975
1743495157.201918
1743495157.233939
1743495157.265971
1743495157.297963
1743495157.313617
1743495157.329711
1743495157.361743
1743495157.393461
1743495157.409798
1743495157.441855
1743495157.489594
1743495157.521652
1743495157.554222
1743495157.586121
1743495157.618006
1743495157.649751
1743495157.682409
1743495157.714154
1743495157.745863
1743495157.777637
1743495157.810370
1743495157.841510
1743495157.873828
1743495157.905712
1743495157.938092
1743495157.970111
1743495158.002028
1743495158.034061
1743495158.066501
1743495158.098445
1743495158.145979
1743495158.177219
1743495158.193498
1743495158.209762
1743495158.241703
1743495158.273940
1743495158.306025
1743495158.338095
1743495158.370414
1743495158.402038
1743495158.434267
1743495158.466255
1743495158.497981
1743495158.529777
1743495158.561591
1743495158.593514
1743495158.609624
1743495158.641752
1743495158.673910
1743495158.706076
1743495158.738099
1743495158.785916
1743495158.817929
1743495158.850139
1743495158.881995
1743495158.913771
1743495158.945601
1743495158.977518
1743495158.993747
1743495159.025773
1743495159.058077
1743495159.090103
1743495159.121991
1743495159.153764
1743495159.185998
1743495159.218117
1743495159.250040
1743495159.281726
1743495159.314394
1743495159.345918
1743495159.377777
1743495159.409769
1743495159.442222
1743495159.473557
1743495159.505927
1743495159.537887
1743495159.569962
1743495159.602094
1743495159.634172
1743495159.665751
1743495159.698082
1743495159.729998
1743495159.761979
1743495159.793067
1743495159.809590
1743495159.841426
1743495159.857488
1743495159.873695
1743495159.905967
1743495159.937926
1743495159.969963
1743495160.002019
1743495160.034209
1743495160.066207
1743495160.098110
1743495160.129746
1743495160.161801
1743495160.193480
1743495160.209625
1743495160.241491
1743495160.257521
1743495160.273614
1743495160.289732
1743495160.321973
1743495160.353981
1743495160.386049
1743495160.418179
1743495160.449931
1743495160.482044
1743495160.513904
1743495160.545750
1743495160.577637
1743495160.609625
1743495160.625612
1743495160.641610
1743495160.673776
1743495160.705904
1743495160.738175
1743495160.769754
1743495160.801944
1743495160.834087
1743495160.866029
1743495160.898001
1743495160.930061
1743495160.961624
1743495160.977627
1743495160.993727
1743495161.010092
1743495161.040839
1743495161.072837
1743495161.089203
1743495161.121286
1743495161.152770
1743495161.184700
1743495161.200762
1743495161.217203
1743495161.233796
1743495161.249789
1743495161.265799
1743495161.297986
1743495161.329964
1743495161.345865
1743495161.361849
1743495161.393879
1743495161.425482
1743495161.441622
1743495161.457624
1743495161.473634
1743495161.489714
1743495161.505908
1743495161.537733
1743495161.569644
1743495161.585654
1743495161.601744
1743495161.617830
1743495161.650076
1743495161.682184
1743495161.713915
1743495161.745540
1743495161.761671
1743495161.793306
1743495161.809466
1743495161.841417
1743495161.873707
1743495161.905949
1743495161.937892
1743495161.970114
1743495162.002079
1743495162.049924
1743495162.081905
1743495162.113923
1743495162.145679
1743495162.177711
1743495162.209570
1743495162.241843
1743495162.273891
1743495162.306050
1743495162.338207
1743495162.370014
1743495162.402144
1743495162.433808
1743495162.465830
1743495162.497901
1743495162.529831
1743495162.561908
1743495162.593582
1743495162.609694
1743495162.641958
1743495162.689354
1743495162.721812
1743495162.753965
1743495162.786083
1743495162.818073
1743495162.849978
1743495162.881872
1743495162.913807
1743495162.945670
1743495162.977672
1743495162.993769
1743495163.026058
1743495163.057458
1743495163.089706
1743495163.122069
1743495163.154319
1743495163.185928
1743495163.218065
1743495163.250033
1743495163.281837
1743495163.314000
1743495163.346023
1743495163.377239
1743495163.408998
1743495163.425422
1743495163.441488
1743495163.473395
1743495163.505603
1743495163.538065
1743495163.570007
1743495163.602029
1743495163.634078
1743495163.666417
1743495163.697715
1743495163.729913
1743495163.761156
1743495163.777321
1743495163.809720
1743495163.841418
1743495163.873613
1743495163.905891
1743495163.938271
1743495163.969821
1743495164.001658
1743495164.033842
1743495164.065738
1743495164.097913
1743495164.129996
1743495164.161783
1743495164.193649
1743495164.225567
1743495164.257665
1743495164.289870
1743495164.321773
1743495164.353656
1743495164.385925
1743495164.417828
1743495164.449886
1743495164.481903
1743495164.513770
1743495164.545303
1743495164.577680
1743495164.609696
1743495164.642263
1743495164.673537
1743495164.705728
1743495164.737793
1743495164.769829
1743495164.801995
1743495164.833442
1743495164.865896
1743495164.897930
1743495164.930072
1743495164.977325
1743495165.009567
1743495165.041424
1743495165.057505
1743495165.089419
1743495165.121761
1743495165.154171
1743495165.185743
1743495165.217981
1743495165.250169
1743495165.297459
1743495165.329776
1743495165.361440
1743495165.377244
1743495165.393305
1743495165.409631
1743495165.441296
1743495165.473548
1743495165.505759
1743495165.537899
1743495165.569452
1743495165.617822
1743495165.649698
1743495165.681850
1743495165.713658
1743495165.745434
1743495165.777625
1743495165.809306
1743495165.841190
1743495165.857399
1743495165.873540
1743495165.905720
1743495165.953812
1743495165.985594
1743495166.017769
1743495166.049855
1743495166.081468
1743495166.113902
1743495166.145407
1743495166.177590
1743495166.209274
1743495166.225571
1743495166.273295
1743495166.305399
1743495166.337667
1743495166.369880
1743495166.401801
1743495166.433632
1743495166.465698
1743495166.497806
1743495166.529929
1743495166.561741
1743495166.593481
1743495166.625354
1743495166.657466
1743495166.689567
1743495166.721646
1743495166.754031
1743495166.785959
1743495166.817813
1743495166.849772
1743495166.881919
1743495166.929859
1743495166.961203
1743495166.993153
1743495167.009442
1743495167.041821
1743495167.073686
1743495167.105698
1743495167.137729
1743495167.169893
1743495167.201909
1743495167.249642
1743495167.281742
1743495167.313560
1743495167.345543
1743495167.377209
1743495167.393218
1743495167.409435
1743495167.425446
1743495167.457481
1743495167.489688
1743495167.521913
1743495167.569645
1743495167.601065
1743495167.633791
1743495167.666001
1743495167.697876
1743495167.729514
1743495167.761620
1743495167.793642
1743495167.825460
1743495167.857484
1743495167.873422
1743495167.905948
1743495167.937686
1743495167.969371
1743495168.001414
1743495168.017452
1743495168.033467
1743495168.049522
1743495168.065486
1743495168.096322
1743495168.113162
1743495168.129297
1743495168.161237
1743495168.177498
1743495168.193542
1743495168.226160
1743495168.257246
1743495168.289492
1743495168.321678
1743495168.353611
1743495168.385863
1743495168.417959
1743495168.449725
1743495168.481770
1743495168.513906
1743495168.546071
1743495168.577591
1743495168.609147
1743495168.625278
1743495168.657619
1743495168.689552
1743495168.721631
1743495168.753725
1743495168.785751
1743495168.817904
1743495168.849969
1743495168.881864
1743495168.913527
1743495168.945239
1743495168.977366
1743495169.009337
1743495169.041439
1743495169.073485
1743495169.105769
1743495169.138118
1743495169.169864
1743495169.201783
1743495169.233695
1743495169.265853
1743495169.297750
1743495169.329886
1743495169.361351
1743495169.393267
1743495169.409357
1743495169.425337
1743495169.441535
1743495169.473755
1743495169.521127
1743495169.553594
1743495169.585166
1743495169.617676
1743495169.649709
1743495169.681773
1743495169.713599
1743495169.745525
1743495169.777701
1743495169.809447
1743495169.857114
1743495169.889530
1743495169.921629
1743495169.953692
1743495169.985497
1743495170.018009
1743495170.049688
1743495170.081739
1743495170.113468
1743495170.129486
1743495170.177283
1743495170.209116
1743495170.240951
1743495170.257202
1743495170.273356
1743495170.289297
1743495170.321463
1743495170.353892
1743495170.385695
1743495170.417762
1743495170.448409
1743495170.464667
1743495170.498248
1743495170.529863
1743495170.561178
1743495170.593194
1743495170.609303
1743495170.641317
1743495170.673095
1743495170.705513
1743495170.737825
1743495170.769808
1743495170.801821
1743495170.833846
1743495170.865667
1743495170.897648
1743495170.929446
1743495170.961346
1743495170.993298
1743495171.025437
1743495171.057380
1743495171.089751
1743495171.122051
1743495171.154060
1743495171.185562
1743495171.217672
1743495171.249642
1743495171.281875
1743495171.313148
1743495171.329198
1743495171.361459
1743495171.393500
1743495171.409470
1743495171.441549
1743495171.473924
1743495171.505400
1743495171.536899
1743495171.569669
1743495171.601567
1743495171.633571
1743495171.665724
1743495171.697875
1743495171.729919
1743495171.761536
1743495171.809166
1743495171.841528
1743495171.873288
1743495171.905561
1743495171.937398
1743495171.969670
1743495172.001530
1743495172.033626
1743495172.065523
1743495172.097830
1743495172.130017
1743495172.161014
1743495172.193114
1743495172.224892
1743495172.257410
1743495172.289467
1743495172.321596
1743495172.353631
1743495172.385808
1743495172.417856
1743495172.449941
1743495172.481504
1743495172.512968
1743495172.529103
1743495172.561351
1743495172.593388
1743495172.625197
1743495172.657351
1743495172.689709
1743495172.722057
1743495172.753423
1743495172.785785
1743495172.817538
1743495172.849594
1743495172.881640
1743495172.913584
1743495172.945387
1743495172.977380
1743495173.009368
1743495173.041463
1743495173.073589
1743495173.105728
1743495173.137527
1743495173.169600
1743495173.201458
1743495173.233510
1743495173.265146
1743495173.297560
1743495173.330054
1743495173.361395
1743495173.393300
1743495173.425680
1743495173.457111
1743495173.472844
1743495173.489067
1743495173.505097
1743495173.521009
1743495173.537034
1743495173.553102
1743495173.569211
1743495173.585123
1743495173.601113
1743495173.617254
1743495173.633170
1743495173.649273
1743495173.665245
1743495173.681255
1743495173.697369
1743495173.713331
1743495173.729392
1743495173.761014
1743495173.776981
1743495173.793010
1743495173.809148
1743495173.825061
1743495173.841259
1743495173.857143
1743495173.873170
1743495173.889155
1743495173.905255
1743495173.921157
1743495173.937189
1743495173.953329
1743495173.969215
1743495173.985314
1743495174.001249
1743495174.017258
1743495174.033303
1743495174.049290
1743495174.081790
1743495174.113381
1743495174.129008
1743495174.144954
1743495174.160963
1743495174.176991
1743495174.193058
1743495174.209496
1743495174.225226
1743495174.241190
1743495174.257257
1743495174.273171
1743495174.289125
1743495174.305144
1743495174.321216
1743495174.337191
1743495174.353308
1743495174.369306
1743495174.402163
1743495174.433601
1743495174.465557
1743495174.497602
1743495174.513034
1743495174.529218
1743495174.545056
1743495174.561053
1743495174.577144
1743495174.593131
1743495174.609449
1743495174.625240
1743495174.641176
1743495174.657293
1743495174.673298
1743495174.689372
1743495174.705285
1743495174.737936
1743495174.769562
1743495174.801441
1743495174.833606
1743495174.865588
1743495174.897553
1743495174.929652
1743495174.945100
1743495174.961232
1743495174.977328
1743495174.993232
1743495175.009456
1743495175.025311
1743495175.057544
1743495175.089364
1743495175.104728
1743495175.120958
1743495175.137012
1743495175.153060
1743495175.169193
1743495175.185195
1743495175.201163
1743495175.217157
1743495175.233073
1743495175.249462
1743495175.265067
1743495175.281159
1743495175.297153
1743495175.313352
1743495175.329504
1743495175.345274
1743495175.377904
1743495175.408962
1743495175.425094
1743495175.441241
1743495175.457092
1743495175.473240
1743495175.489047
1743495175.504975
1743495175.521173
1743495175.537028
1743495175.553261
1743495175.569199
1743495175.585176
1743495175.601134
1743495175.617173
1743495175.633278
1743495175.649215
1743495175.665204
1743495175.681203
1743495175.713679
1743495175.744984
1743495175.760950
1743495175.776932
1743495175.792898
1743495175.809178
1743495175.825228
1743495175.841174
1743495175.857181
1743495175.873158
1743495175.889168
1743495175.905212
1743495175.921127
1743495175.937167
1743495175.953280
1743495175.969171
1743495175.985204
1743495176.001293
1743495176.033743
1743495176.065377
1743495176.097497
1743495176.112943
1743495176.128999
1743495176.145007
1743495176.161010
1743495176.177033
1743495176.193159
1743495176.209122
1743495176.225152
1743495176.241196
1743495176.257168
1743495176.273258
1743495176.289315
1743495176.305198
1743495176.321197
1743495176.354002
1743495176.384748
1743495176.400625
1743495176.416948
1743495176.432955
1743495176.448968
1743495176.465050
1743495176.481008
1743495176.496931
1743495176.513015
1743495176.529083
1743495176.545057
1743495176.561034
1743495176.577140
1743495176.593142
1743495176.609315
1743495176.625245
1743495176.641291
1743495176.657291
1743495176.689786
1743495176.721347
1743495176.752774
1743495176.768779
1743495176.784888
1743495176.801059
1743495176.817069
1743495176.833065
1743495176.849075
1743495176.865045
1743495176.881323
1743495176.897164
1743495176.913222
1743495176.929206
1743495176.945253
1743495176.961220
1743495176.977303
1743495177.009426
1743495177.040601
1743495177.057191
1743495177.073097
1743495177.088999
1743495177.104939
1743495177.120962
1743495177.137360
1743495177.153135
1743495177.169083
1743495177.185141
1743495177.201004
1743495177.217141
1743495177.233086
1743495177.249108
1743495177.265182
1743495177.281263
1743495177.297198
1743495177.329699
1743495177.360880
1743495177.376880
1743495177.392929
1743495177.409092
1743495177.425123
1743495177.441060
1743495177.457114
1743495177.473116
1743495177.489063
1743495177.504998
1743495177.520980
1743495177.536975
1743495177.553004
1743495177.569092
1743495177.585288
1743495177.601140
1743495177.617204
1743495177.633207
1743495177.665634
1743495177.697765
1743495177.729595
1743495177.761395
1743495177.776870
1743495177.793205
1743495177.809113
1743495177.825113
1743495177.841111
1743495177.857087
1743495177.873131
1743495177.889108
1743495177.905111
1743495177.921087
1743495177.937086
1743495177.953210
1743495177.985816
1743495178.017668
1743495178.049472
1743495178.080932
1743495178.096915
1743495178.112992
1743495178.128954
1743495178.144736
1743495178.161247
1743495178.177203
1743495178.193121
1743495178.209087
1743495178.225310
1743495178.241165
1743495178.257215
1743495178.273227
1743495178.305791
1743495178.337259
1743495178.369350
1743495178.400805
1743495178.416598
1743495178.432962
1743495178.449030
1743495178.464970
1743495178.481001
1743495178.497032
1743495178.512980
1743495178.529072
1743495178.545148
1743495178.561171
1743495178.577105
1743495178.593209
1743495178.609350
1743495178.641504
1743495178.656946
1743495178.673060
1743495178.688875
1743495178.704909
1743495178.720951
1743495178.736986
1743495178.752985
1743495178.768954
1743495178.784940
1743495178.801012
1743495178.816951
1743495178.832933
1743495178.849009
1743495178.865039
1743495178.881087
1743495178.897044
1743495178.913161
1743495178.929162
1743495178.961426
1743495178.976835
1743495178.992833
1743495179.008914
1743495179.024955
1743495179.041107
1743495179.056956
1743495179.073127
1743495179.088970
1743495179.104971
1743495179.120916
1743495179.137053
1743495179.153198
1743495179.169104
1743495179.185152
1743495179.201116
1743495179.217119
1743495179.233157
1743495179.249185
1743495179.281712
1743495179.313218
1743495179.328821
1743495179.345159
1743495179.360851
1743495179.376935
1743495179.393045
1743495179.423661
1743495179.439829
1743495179.455894
1743495179.471986
1743495179.487872
1743495179.503947
1743495179.519913
1743495179.536038
1743495179.552085
1743495179.569196
1743495179.585197
1743495179.617713
1743495179.649716
1743495179.681419
1743495179.713265
1743495179.728878
1743495179.744960
1743495179.760849
1743495179.776887
1743495179.793235
1743495179.809184
1743495179.825031
1743495179.841046
1743495179.857178
1743495179.873130
1743495179.889201
1743495179.905116
1743495179.937421
1743495179.969261
1743495180.001154
1743495180.016969
1743495180.033177
1743495180.049008
1743495180.064847
1743495180.080897
1743495180.096882
1743495180.113118
1743495180.128981
1743495180.145125
1743495180.161036
1743495180.177003
1743495180.193057
1743495180.209281
1743495180.225317
1743495180.257337
1743495180.289188
1743495180.321262
1743495180.336511
1743495180.352889
1743495180.368949
1743495180.384894
1743495180.401224
1743495180.416942
1743495180.432884
1743495180.448917
1743495180.465199
1743495180.481096
1743495180.497018
1743495180.513080
1743495180.529080
1743495180.545051
1743495180.561103
1743495180.593611
1743495180.624843
1743495180.641056
1743495180.657226
1743495180.673039
1743495180.688768
1743495180.704955
1743495180.720844
1743495180.736921
1743495180.752889
1743495180.769153
1743495180.785038
1743495180.800986
1743495180.817033
1743495180.833006
1743495180.849084
1743495180.865125
1743495180.881290
1743495180.913320
1743495180.944725
1743495180.960750
1743495180.977057
1743495180.992917
1743495181.008911
1743495181.025039
1743495181.041025
1743495181.057176
1743495181.073003
1743495181.089023
1743495181.104872
1743495181.120953
1743495181.137007
1743495181.153018
1743495181.169213
1743495181.185035
1743495181.201075
1743495181.233789
1743495181.265129
1743495181.280466
1743495181.296732
1743495181.312874
1743495181.328766
1743495181.344843
1743495181.360836
1743495181.376969
1743495181.392847
1743495181.409044
1743495181.424966
1743495181.441008
1743495181.456907
1743495181.473134
1743495181.489769
1743495181.505341
1743495181.521495
1743495181.537430
1743495181.569408
1743495181.601209
1743495181.633343
1743495181.665539
1743495181.697843
1743495181.729491
1743495181.744982
1743495181.760976
1743495181.776896
1743495181.793099
1743495181.809347
1743495181.825235
1743495181.841548
1743495181.857101
1743495181.889582
1743495181.921209
1743495181.953544
1743495181.985417
1743495182.017479
1743495182.049361
1743495182.064892
1743495182.081025
1743495182.097075
1743495182.113087
1743495182.129129
1743495182.145221
1743495182.161016
1743495182.177212
1743495182.209592
1743495182.240885
1743495182.257000
1743495182.272975
1743495182.288817
1743495182.304715
1743495182.320969
1743495182.336872
1743495182.353044
1743495182.368978
1743495182.384962
1743495182.400974
1743495182.417362
1743495182.432943
1743495182.449025
1743495182.465069
1743495182.481128
1743495182.497207
1743495182.513090
1743495182.545400
1743495182.577092
1743495182.592685
1743495182.609044
1743495182.625065
1743495182.641021
1743495182.656806
1743495182.673287
1743495182.689035
1743495182.704936
1743495182.721042
1743495182.736995
1743495182.753089
1743495182.769037
1743495182.785190
1743495182.801045
1743495182.817074
1743495182.833011
1743495182.865949
1743495182.897259
1743495182.912798
1743495182.928928
1743495182.944788
1743495182.960833
1743495182.976855
1743495182.992970
1743495183.009101
1743495183.024995
1743495183.041024
1743495183.057197
1743495183.072966
1743495183.089073
1743495183.105041
1743495183.121108
1743495183.136993
1743495183.153037
1743495183.185687
1743495183.217286
1743495183.232743
1743495183.248835
1743495183.264856
1743495183.280927
1743495183.296983
1743495183.312934
1743495183.328854
1743495183.344974
1743495183.361155
1743495183.376952
1743495183.392951
1743495183.409061
1743495183.425073
1743495183.441046
