1743469622.542063
1743469622.622786
1743469622.654453
1743469622.685555
1743469622.718342
1743469622.750030
1743469622.782202
1743469622.814419
1743469622.846341
1743469622.878453
1743469622.910337
1743469622.946884
1743469622.973142
1743469623.022344
1743469623.038159
1743469623.070720
1743469623.086458
1743469623.102969
1743469623.134935
1743469623.166395
1743469623.198914
1743469623.230761
1743469623.262467
1743469623.294972
1743469623.342574
1743469623.374810
1743469623.407114
1743469623.439066
1743469623.471272
1743469623.504070
1743469623.536086
1743469623.567815
1743469623.599455
1743469623.631354
1743469623.664362
1743469623.695759
1743469623.727894
1743469623.758890
1743469623.791074
1743469623.824008
1743469623.856207
1743469623.888195
1743469623.918371
1743469623.950350
1743469623.998076
1743469624.015048
1743469624.046423
1743469624.078417
1743469624.110793
1743469624.142681
1743469624.174568
1743469624.206446
1743469624.237958
1743469624.270022
1743469624.318273
1743469624.350344
1743469624.382572
1743469624.415026
1743469624.446360
1743469624.462136
1743469624.478284
1743469624.494254
1743469624.510109
1743469624.526869
1743469624.558880
1743469624.590984
1743469624.638723
1743469624.670108
1743469624.685968
1743469624.702114
1743469624.718078
1743469624.734229
1743469624.750260
1743469624.782577
1743469624.798360
1743469624.830828
1743469624.862506
1743469624.878384
1743469624.894339
1743469624.910388
1743469624.926249
1743469624.942308
1743469624.974871
1743469625.006391
1743469625.022099
1743469625.038017
1743469625.054081
1743469625.070117
1743469625.086055
1743469625.102297
1743469625.118157
1743469625.134232
1743469625.150384
1743469625.166483
1743469625.182373
1743469625.213849
1743469625.230417
1743469625.246288
1743469625.262282
1743469625.294040
1743469625.309729
1743469625.325967
1743469625.342272
1743469625.374039
1743469625.389812
1743469625.406138
1743469625.422201
1743469625.438086
1743469625.454221
1743469625.470262
1743469625.486267
1743469625.502281
1743469625.518185
1743469625.534338
1743469625.550224
1743469625.566268
1743469625.582298
1743469625.614741
1743469625.645997
1743469625.662010
1743469625.678185
1743469625.694062
1743469625.709946
1743469625.726135
1743469625.742050
1743469625.758204
1743469625.774091
1743469625.790156
1743469625.806193
1743469625.822200
1743469625.838085
1743469625.854234
1743469625.870248
1743469625.886286
1743469625.902238
1743469625.918420
1743469625.950797
1743469625.981951
1743469625.998075
1743469626.014338
1743469626.030106
1743469626.046189
1743469626.062203
1743469626.078475
1743469626.094348
1743469626.126603
1743469626.158712
1743469626.190038
1743469626.206013
1743469626.222201
1743469626.238178
1743469626.271121
1743469626.302659
1743469626.334501
1743469626.366260
1743469626.398069
1743469626.414206
1743469626.430237
1743469626.446033
1743469626.462216
1743469626.478268
1743469626.494303
1743469626.510292
1743469626.526294
1743469626.542233
1743469626.558333
1743469626.590939
1743469626.622179
1743469626.637644
1743469626.654036
1743469626.669968
1743469626.685972
1743469626.702090
1743469626.718129
1743469626.734224
1743469626.766154
1743469626.781984
1743469626.798110
1743469626.814234
1743469626.830384
1743469626.846258
1743469626.862287
1743469626.878312
1743469626.894370
1743469626.926881
1743469626.958451
1743469626.990542
1743469627.022430
1743469627.038057
1743469627.054146
1743469627.070128
1743469627.086101
1743469627.102113
1743469627.118071
1743469627.134265
1743469627.150277
1743469627.166305
1743469627.182318
1743469627.198264
1743469627.214270
1743469627.246669
1743469627.278397
1743469627.310175
1743469627.342575
1743469627.374420
1743469627.406467
1743469627.438537
1743469627.470747
1743469627.502551
1743469627.535018
1743469627.566751
1743469627.598320
1743469627.614164
1743469627.630048
1743469627.645973
1743469627.662267
1743469627.678141
1743469627.694127
1743469627.709919
1743469627.726018
1743469627.742259
1743469627.774722
1743469627.806540
1743469627.838870
1743469627.870660
1743469627.902540
1743469627.934693
1743469627.966222
1743469627.982088
1743469627.998366
1743469628.014019
1743469628.030153
1743469628.046096
1743469628.062089
1743469628.078257
1743469628.094632
1743469628.110425
1743469628.126302
1743469628.142160
1743469628.158318
1743469628.174227
1743469628.190303
1743469628.222864
1743469628.254719
1743469628.286327
1743469628.318863
1743469628.350359
1743469628.366055
1743469628.382024
1743469628.398309
1743469628.414307
1743469628.430207
1743469628.446251
1743469628.462245
1743469628.478450
1743469628.494328
1743469628.510185
1743469628.542835
1743469628.574358
1743469628.606232
1743469628.621849
1743469628.637976
1743469628.654009
1743469628.670018
1743469628.686034
1743469628.702232
1743469628.717962
1743469628.734132
1743469628.750233
1743469628.766207
1743469628.782347
1743469628.798361
1743469628.814418
1743469628.830610
1743469628.846417
1743469628.878853
1743469628.910258
1743469628.925753
1743469628.942031
1743469628.974490
1743469629.006518
1743469629.038516
1743469629.070377
1743469629.102859
1743469629.134685
1743469629.150306
1743469629.166190
1743469629.198600
1743469629.214043
1743469629.229935
1743469629.245981
1743469629.262168
1743469629.278296
1743469629.294317
1743469629.310165
1743469629.326032
1743469629.342229
1743469629.358196
1743469629.374124
1743469629.390230
1743469629.406057
1743469629.422052
1743469629.438104
1743469629.454352
1743469629.470216
1743469629.486168
1743469629.518590
1743469629.549836
1743469629.565759
1743469629.581911
1743469629.598053
1743469629.614250
1743469629.630213
1743469629.646146
1743469629.662158
1743469629.678095
1743469629.694103
1743469629.710091
1743469629.725996
1743469629.742061
1743469629.758233
1743469629.774220
1743469629.790194
1743469629.806240
1743469629.822379
1743469629.853931
1743469629.869748
1743469629.885927
1743469629.901933
1743469629.917967
1743469629.934157
1743469629.950094
1743469629.966148
1743469629.982680
1743469630.014335
1743469630.030174
1743469630.046147
1743469630.062221
1743469630.078367
1743469630.094326
1743469630.110135
1743469630.126285
1743469630.142190
1743469630.174998
1743469630.206489
1743469630.238500
1743469630.270477
1743469630.302408
1743469630.317878
1743469630.334027
1743469630.349921
1743469630.365981
1743469630.381946
1743469630.398008
1743469630.414197
1743469630.430231
1743469630.446213
1743469630.462243
1743469630.494563
1743469630.526034
1743469630.541928
1743469630.574665
1743469630.606333
1743469630.638488
1743469630.670488
1743469630.702554
1743469630.734587
1743469630.750068
1743469630.766447
1743469630.782140
1743469630.798230
1743469630.830726
1743469630.862115
1743469630.894418
1743469630.926354
1743469630.958516
1743469630.990385
1743469631.022494
1743469631.054613
1743469631.086695
1743469631.118934
1743469631.150690
1743469631.181835
1743469631.197947
1743469631.214035
1743469631.229968
1743469631.246094
1743469631.262109
1743469631.278241
1743469631.294159
1743469631.309912
1743469631.325918
1743469631.341896
1743469631.358109
1743469631.374122
1743469631.390145
1743469631.406238
1743469631.422211
1743469631.438175
1743469631.470810
1743469631.502365
1743469631.534760
1743469631.565733
1743469631.582100
1743469631.597999
1743469631.614097
1743469631.630263
1743469631.646144
1743469631.662052
1743469631.678059
1743469631.694138
1743469631.710100
1743469631.726304
1743469631.758854
1743469631.806274
1743469631.838359
1743469631.870397
1743469631.902432
1743469631.934468
1743469631.949866
1743469631.965883
1743469631.982032
1743469631.998067
1743469632.014102
1743469632.030108
1743469632.046084
1743469632.062289
1743469632.078277
1743469632.094157
1743469632.126730
1743469632.158433
1743469632.190247
1743469632.222416
1743469632.254311
1743469632.270150
1743469632.286129
1743469632.302191
1743469632.318335
1743469632.334230
1743469632.350248
1743469632.365988
1743469632.382065
1743469632.398235
1743469632.414524
1743469632.446511
1743469632.477894
1743469632.493621
1743469632.510052
1743469632.525908
1743469632.541925
1743469632.557928
1743469632.590563
1743469632.622646
1743469632.654337
1743469632.686539
1743469632.718404
1743469632.750413
1743469632.782337
1743469632.814093
1743469632.845871
1743469632.877900
1743469632.910155
1743469632.942345
1743469632.974521
1743469633.006594
1743469633.038662
1743469633.070765
1743469633.102504
1743469633.134432
1743469633.166327
1743469633.198034
1743469633.230377
1743469633.262156
1743469633.294323
1743469633.326526
1743469633.358883
1743469633.390757
1743469633.422166
1743469633.454355
1743469633.486226
1743469633.518545
1743469633.550450
1743469633.581997
1743469633.613926
1743469633.630003
1743469633.662047
1743469633.677966
1743469633.694249
1743469633.710325
1743469633.758524
1743469633.790245
1743469633.822354
1743469633.854204
1743469633.886167
1743469633.918529
1743469633.950591
1743469633.982175
1743469634.014094
1743469634.030121
1743469634.077830
1743469634.110201
1743469634.142307
1743469634.174338
1743469634.206582
1743469634.238595
1743469634.269817
1743469634.302564
1743469634.334478
1743469634.366195
1743469634.398391
1743469634.429815
1743469634.445830
1743469634.461896
1743469634.494074
1743469634.526559
1743469634.558433
1743469634.590394
1743469634.622215
1743469634.654557
1743469634.686344
1743469634.734236
1743469634.765652
1743469634.781829
1743469634.813899
1743469634.846105
1743469634.877871
1743469634.910153
1743469634.942344
1743469634.974553
1743469635.006532
1743469635.054433
1743469635.086198
1743469635.118413
1743469635.150185
1743469635.182032
1743469635.214041
1743469635.246248
1743469635.277898
1743469635.310470
1743469635.342700
1743469635.374489
1743469635.406111
1743469635.437732
1743469635.470349
1743469635.502424
1743469635.534491
1743469635.565990
1743469635.598319
1743469635.630274
1743469635.662240
1743469635.710102
1743469635.741728
1743469635.774367
1743469635.806522
1743469635.838379
1743469635.870381
1743469635.902421
1743469635.934994
1743469635.966598
1743469635.998060
1743469636.030449
1743469636.061991
1743469636.094373
1743469636.126001
1743469636.158450
1743469636.190734
1743469636.222419
1743469636.254490
1743469636.286609
1743469636.318650
1743469636.350745
1743469636.382260
1743469636.413923
1743469636.446193
1743469636.478065
1743469636.510513
1743469636.542402
1743469636.574384
1743469636.606522
1743469636.638273
1743469636.686095
1743469636.718190
1743469636.750418
1743469636.781736
1743469636.797828
1743469636.830114
1743469636.862149
1743469636.894175
1743469636.926320
1743469636.958658
1743469637.006091
1743469637.037951
1743469637.070534
1743469637.102210
1743469637.134287
1743469637.165914
1743469637.198177
1743469637.230079
1743469637.262078
1743469637.294242
1743469637.326364
1743469637.358461
1743469637.390194
1743469637.422412
1743469637.454337
1743469637.486378
1743469637.518290
1743469637.550238
1743469637.582202
1743469637.614168
1743469637.661882
1743469637.693669
1743469637.726196
1743469637.758406
1743469637.790773
1743469637.822103
1743469637.854419
1743469637.886431
1743469637.918436
1743469637.950697
1743469637.982495
1743469638.013829
1743469638.045880
1743469638.077993
1743469638.110187
1743469638.142351
1743469638.174683
1743469638.206093
1743469638.238553
1743469638.270570
1743469638.302828
1743469638.334071
1743469638.365981
1743469638.397892
1743469638.429822
1743469638.445974
1743469638.478220
1743469638.510351
1743469638.542484
1743469638.574491
1743469638.606436
1743469638.638526
1743469638.670293
1743469638.702039
1743469638.734201
1743469638.766278
1743469638.798041
1743469638.829703
1743469638.845951
1743469638.862104
1743469638.878129
1743469638.910214
1743469638.958040
1743469638.990319
1743469639.022339
1743469639.054071
1743469639.086426
1743469639.118246
1743469639.150183
1743469639.181856
1743469639.197996
1743469639.230067
1743469639.277856
1743469639.309729
1743469639.342326
1743469639.374475
1743469639.406228
1743469639.438313
1743469639.470349
1743469639.502869
1743469639.534362
1743469639.566024
1743469639.582001
1743469639.614545
1743469639.645843
1743469639.678115
1743469639.710185
1743469639.742306
1743469639.774232
1743469639.806361
1743469639.838651
1743469639.870403
1743469639.902487
1743469639.934411
1743469639.965823
1743469639.997795
1743469640.013851
1743469640.046137
1743469640.078137
1743469640.109995
1743469640.142298
1743469640.174428
1743469640.206363
1743469640.254106
1743469640.286029
1743469640.318388
1743469640.350435
1743469640.382020
1743469640.414093
1743469640.446193
1743469640.478299
1743469640.510383
1743469640.542289
1743469640.590200
1743469640.622433
1743469640.654345
1743469640.686675
1743469640.717977
1743469640.750046
1743469640.782199
1743469640.813963
1743469640.846017
1743469640.878199
1743469640.910350
1743469640.942171
1743469640.974236
1743469641.006270
1743469641.038316
1743469641.070316
1743469641.102179
1743469641.134643
1743469641.166063
1743469641.198128
1743469641.230325
1743469641.262073
1743469641.294400
1743469641.326215
1743469641.358033
1743469641.390223
1743469641.422521
1743469641.454332
1743469641.486564
1743469641.518494
1743469641.566122
1743469641.597725
1743469641.629693
1743469641.662146
1743469641.694338
1743469641.726300
1743469641.758328
1743469641.790833
1743469641.822363
1743469641.854624
1743469641.886513
1743469641.918103
1743469641.949739
1743469641.965857
1743469641.997724
1743469642.029771
1743469642.045814
1743469642.061873
1743469642.094087
1743469642.126488
1743469642.158618
1743469642.206147
1743469642.238167
1743469642.270277
1743469642.302556
1743469642.334179
1743469642.366064
1743469642.398234
1743469642.429795
1743469642.446216
1743469642.478244
1743469642.510440
1743469642.542536
1743469642.574461
1743469642.606259
1743469642.638332
1743469642.670390
1743469642.702460
1743469642.734318
1743469642.766196
1743469642.798057
1743469642.830131
1743469642.862745
1743469642.894223
1743469642.926323
1743469642.958246
1743469642.990048
1743469643.022177
1743469643.054270
1743469643.086355
1743469643.118357
1743469643.150447
1743469643.182629
1743469643.213863
1743469643.245798
1743469643.261905
1743469643.294122
1743469643.326230
1743469643.358172
1743469643.389651
1743469643.422606
1743469643.454485
1743469643.486672
1743469643.518719
1743469643.550210
1743469643.581752
1743469643.613928
1743469643.646036
1743469643.677931
1743469643.710061
1743469643.742142
1743469643.774258
1743469643.806251
1743469643.838513
1743469643.870139
1743469643.902036
1743469643.934092
1743469643.965931
1743469643.997898
1743469644.014372
1743469644.045345
1743469644.061503
1743469644.078047
1743469644.094148
1743469644.126700
1743469644.158698
1743469644.190109
1743469644.222116
1743469644.254250
1743469644.286135
1743469644.318312
1743469644.350526
1743469644.382040
1743469644.414081
1743469644.446153
1743469644.493814
1743469644.526022
1743469644.558272
1743469644.590212
1743469644.622459
1743469644.654124
1743469644.686571
1743469644.718566
1743469644.750548
1743469644.782002
1743469644.814297
1743469644.845625
1743469644.861587
1743469644.877781
1743469644.910184
1743469644.942249
1743469644.974490
1743469645.005968
1743469645.038580
1743469645.070361
1743469645.102359
1743469645.134063
1743469645.165843
1743469645.197717
1743469645.213780
1743469645.246152
1743469645.278077
1743469645.310190
1743469645.342335
1743469645.374284
1743469645.406438
1743469645.438449
1743469645.470039
1743469645.502179
1743469645.534169
1743469645.565970
1743469645.598067
1743469645.629914
1743469645.661951
1743469645.694252
1743469645.726253
1743469645.758374
1743469645.790138
1743469645.822548
1743469645.854222
1743469645.886022
1743469645.918450
1743469645.950241
1743469645.981783
1743469646.014054
1743469646.046091
1743469646.078045
1743469646.110265
1743469646.142004
1743469646.174268
1743469646.206232
1743469646.238192
1743469646.270133
1743469646.302336
1743469646.334447
1743469646.365867
1743469646.397940
1743469646.414276
1743469646.446272
1743469646.477735
1743469646.510019
1743469646.542231
1743469646.574310
1743469646.606229
1743469646.638101
1743469646.670504
1743469646.702574
1743469646.734315
1743469646.766024
1743469646.797692
1743469646.829679
1743469646.861703
1743469646.894110
1743469646.926190
1743469646.958317
1743469646.990276
1743469647.022432
1743469647.054501
1743469647.086093
1743469647.118064
1743469647.150137
1743469647.181715
1743469647.213809
1743469647.245868
1743469647.277824
1743469647.310066
1743469647.342515
1743469647.374382
1743469647.421962
1743469647.454199
1743469647.486036
1743469647.518161
1743469647.550285
1743469647.582019
1743469647.613898
1743469647.646186
1743469647.677928
1743469647.710143
1743469647.742441
1743469647.774207
1743469647.806224
1743469647.838095
1743469647.870103
1743469647.902230
1743469647.934107
1743469647.966222
1743469647.997825
1743469648.013953
1743469648.030153
1743469648.062502
1743469648.094141
1743469648.125975
1743469648.158177
1743469648.190074
1743469648.222588
1743469648.254469
1743469648.286299
1743469648.318406
1743469648.350354
1743469648.397640
1743469648.429601
1743469648.461687
1743469648.493986
1743469648.526171
1743469648.558514
1743469648.590183
1743469648.622372
1743469648.654498
1743469648.686453
1743469648.718253
1743469648.750293
1743469648.781912
1743469648.813782
1743469648.845904
1743469648.877951
1743469648.910145
1743469648.942204
1743469648.974233
1743469649.006252
1743469649.038321
1743469649.070075
1743469649.102145
1743469649.134194
1743469649.166011
1743469649.198049
1743469649.229965
1743469649.261761
1743469649.294201
1743469649.326279
1743469649.374220
1743469649.405969
1743469649.438126
1743469649.470140
1743469649.502191
1743469649.534007
1743469649.565949
1743469649.597945
1743469649.630046
1743469649.662183
1743469649.694588
1743469649.725557
1743469649.758206
1743469649.790035
1743469649.822210
1743469649.854041
1743469649.886130
1743469649.918080
1743469649.950366
1743469649.981832
1743469650.014434
1743469650.045836
1743469650.077827
1743469650.110025
1743469650.142083
1743469650.173978
1743469650.206111
1743469650.238300
1743469650.270236
1743469650.302615
1743469650.350024
1743469650.381633
1743469650.413563
1743469650.429732
1743469650.461994
1743469650.493984
1743469650.526087
1743469650.558191
1743469650.590481
1743469650.622190
1743469650.669745
1743469650.702151
1743469650.733867
1743469650.765797
1743469650.797763
1743469650.829711
1743469650.861902
1743469650.894164
1743469650.926343
1743469650.958511
1743469650.990529
1743469651.022143
1743469651.054176
1743469651.086257
1743469651.118061
1743469651.150168
1743469651.182130
1743469651.213922
1743469651.246289
1743469651.278003
1743469651.325836
1743469651.358205
1743469651.390241
1743469651.422015
1743469651.454160
1743469651.486133
1743469651.518219
1743469651.550107
1743469651.582047
1743469651.613895
1743469651.646218
1743469651.677954
1743469651.710271
1743469651.741946
1743469651.774382
1743469651.806041
1743469651.838106
1743469651.870086
1743469651.902192
1743469651.934390
1743469651.966419
1743469651.997451
1743469652.013806
1743469652.045673
1743469652.077773
1743469652.109912
1743469652.142036
1743469652.174154
1743469652.206204
1743469652.238142
1743469652.270440
1743469652.302374
1743469652.333940
1743469652.365760
1743469652.397779
1743469652.429637
1743469652.461724
1743469652.493845
1743469652.526197
1743469652.558497
1743469652.590222
1743469652.621978
1743469652.654018
1743469652.686033
1743469652.701751
1743469652.733542
1743469652.766066
1743469652.797767
1743469652.829833
1743469652.861829
1743469652.877821
1743469652.910240
1743469652.942124
1743469652.973990
1743469653.005996
1743469653.038104
1743469653.070128
1743469653.101839
1743469653.134152
1743469653.165825
1743469653.197876
1743469653.229716
1743469653.245789
1743469653.278246
1743469653.309661
1743469653.341845
1743469653.373931
1743469653.406134
1743469653.438069
1743469653.470015
1743469653.502482
1743469653.534465
1743469653.566076
1743469653.598284
1743469653.629915
1743469653.661569
1743469653.693843
1743469653.725849
1743469653.758146
1743469653.789950
1743469653.822246
1743469653.854380
1743469653.886189
1743469653.918300
1743469653.950003
1743469653.981647
1743469654.013711
1743469654.045719
1743469654.077664
1743469654.109956
1743469654.142043
1743469654.174370
1743469654.206427
1743469654.253809
1743469654.286085
1743469654.318238
1743469654.350284
1743469654.381849
1743469654.413998
1743469654.445638
1743469654.461892
1743469654.494187
1743469654.526513
1743469654.574164
1743469654.606006
1743469654.637847
1743469654.670116
1743469654.702016
1743469654.734466
1743469654.766025
1743469654.797837
1743469654.813944
1743469654.845988
1743469654.893776
1743469654.925953
1743469654.958268
1743469654.990054
1743469655.022391
1743469655.054031
1743469655.086255
1743469655.118280
1743469655.150284
1743469655.182096
1743469655.229407
1743469655.261988
1743469655.293647
1743469655.326002
1743469655.358212
1743469655.390345
1743469655.422047
1743469655.454502
1743469655.486162
1743469655.518213
1743469655.550167
1743469655.581601
1743469655.613533
1743469655.629663
1743469655.661873
1743469655.694337
1743469655.725889
1743469655.758146
1743469655.790169
1743469655.822260
1743469655.869790
1743469655.902002
1743469655.933879
1743469655.965462
1743469655.981549
1743469656.014132
1743469656.045910
1743469656.077740
1743469656.110076
1743469656.142158
1743469656.174307
1743469656.206505
1743469656.238046
1743469656.269979
1743469656.302135
1743469656.334190
1743469656.365773
1743469656.397822
1743469656.429985
1743469656.461797
1743469656.494120
1743469656.526634
1743469656.557803
1743469656.589945
1743469656.622197
1743469656.654123
1743469656.686153
1743469656.718094
1743469656.733641
1743469656.749652
1743469656.781817
1743469656.813940
1743469656.846131
1743469656.877775
1743469656.909798
1743469656.942226
1743469656.974067
1743469657.005987
1743469657.038179
1743469657.070150
1743469657.102186
1743469657.134204
1743469657.181447
1743469657.213717
1743469657.245516
1743469657.277642
1743469657.309853
1743469657.341837
1743469657.374195
1743469657.406290
1743469657.437961
1743469657.470483
1743469657.502254
1743469657.533823
1743469657.565661
1743469657.597523
1743469657.613570
1743469657.645794
1743469657.677771
1743469657.709975
1743469657.741980
1743469657.774141
1743469657.821952
1743469657.853938
1743469657.886056
1743469657.918080
1743469657.949874
1743469657.981657
1743469657.997521
1743469658.013669
1743469658.045725
1743469658.077945
1743469658.110037
1743469658.157854
1743469658.189900
1743469658.222043
1743469658.254033
1743469658.286047
1743469658.318532
1743469658.350036
1743469658.381844
1743469658.413921
1743469658.445813
1743469658.478153
1743469658.509900
1743469658.541937
1743469658.574007
1743469658.605995
1743469658.638333
1743469658.670005
1743469658.702036
1743469658.734795
1743469658.766160
1743469658.798211
1743469658.829556
1743469658.845445
1743469658.877609
1743469658.910069
1743469658.942202
1743469658.974315
1743469659.005886
1743469659.038020
1743469659.070108
1743469659.102396
1743469659.134253
1743469659.165735
1743469659.197653
1743469659.229211
1743469659.245750
1743469659.277779
1743469659.309932
1743469659.341867
1743469659.374086
1743469659.406464
1743469659.453843
1743469659.485723
1743469659.517330
1743469659.533553
1743469659.565492
1743469659.597658
1743469659.629735
1743469659.661793
1743469659.694086
1743469659.726290
1743469659.773840
1743469659.805897
1743469659.837828
1743469659.870036
1743469659.901862
1743469659.934146
1743469659.965946
1743469659.997922
1743469660.029703
1743469660.061924
1743469660.109601
1743469660.141761
1743469660.173708
1743469660.205944
1743469660.238017
1743469660.270360
1743469660.301994
1743469660.334151
1743469660.365755
1743469660.397799
1743469660.430039
1743469660.461579
1743469660.493984
1743469660.526022
1743469660.558054
1743469660.589991
1743469660.622024
1743469660.653956
1743469660.686125
1743469660.718061
1743469660.749888
1743469660.781578
1743469660.813493
1743469660.845843
1743469660.877810
1743469660.910022
1743469660.941643
1743469660.974182
1743469661.006088
1743469661.038254
1743469661.085868
1743469661.118018
1743469661.149415
1743469661.165444
1743469661.197989
1743469661.229817
1743469661.261554
1743469661.293968
1743469661.325819
1743469661.358222
1743469661.405938
1743469661.437906
1743469661.469593
1743469661.501961
1743469661.533965
1743469661.565694
1743469661.597844
1743469661.629754
1743469661.661966
1743469661.694050
1743469661.726093
1743469661.757889
1743469661.789882
1743469661.822102
1743469661.853989
1743469661.886055
1743469661.917936
1743469661.950020
1743469661.981721
1743469662.013937
1743469662.061602
1743469662.093911
1743469662.125648
1743469662.158157
1743469662.189918
1743469662.222033
1743469662.253878
1743469662.285943
1743469662.301842
1743469662.317831
1743469662.349982
1743469662.382126
1743469662.413637
1743469662.445627
1743469662.477626
1743469662.509789
1743469662.541884
1743469662.574394
1743469662.606081
1743469662.638074
1743469662.670000
1743469662.702071
1743469662.733822
1743469662.765569
1743469662.781270
1743469662.797640
1743469662.829484
1743469662.845440
1743469662.877967
1743469662.909954
1743469662.941753
1743469662.973985
1743469663.006112
1743469663.038305
1743469663.069807
1743469663.101967
1743469663.133771
1743469663.165570
1743469663.197750
1743469663.229643
1743469663.261673
1743469663.293897
1743469663.325664
1743469663.358292
1743469663.389847
1743469663.421940
1743469663.453821
1743469663.485857
1743469663.517855
1743469663.549865
1743469663.581763
1743469663.613766
1743469663.630814
1743469663.677344
1743469663.709585
1743469663.742130
1743469663.774015
1743469663.805982
1743469663.838020
1743469663.870370
1743469663.902030
1743469663.933971
1743469663.965768
1743469664.013555
1743469664.045803
1743469664.077668
1743469664.109684
1743469664.142224
1743469664.173941
1743469664.205994
1743469664.238328
1743469664.270016
1743469664.302085
1743469664.334013
1743469664.365572
1743469664.397575
1743469664.429552
1743469664.461642
1743469664.493783
1743469664.525821
1743469664.557933
1743469664.590350
1743469664.621881
1743469664.654006
1743469664.685670
1743469664.717866
1743469664.749605
1743469664.781549
1743469664.797356
1743469664.813482
1743469664.845741
1743469664.877681
1743469664.909925
1743469664.941887
1743469664.989830
1743469665.021824
1743469665.053919
1743469665.085891
1743469665.118268
1743469665.149847
1743469665.181854
1743469665.213707
1743469665.245723
1743469665.277704
1743469665.309943
1743469665.341847
1743469665.374170
1743469665.406061
1743469665.437859
1743469665.469872
1743469665.501817
1743469665.533960
1743469665.565826
1743469665.597837
1743469665.629603
1743469665.661828
1743469665.693745
1743469665.725816
1743469665.757907
1743469665.789810
1743469665.821959
1743469665.853942
1743469665.886004
1743469665.918128
1743469665.965832
1743469665.997387
1743469666.029336
1743469666.061499
1743469666.093808
1743469666.125777
1743469666.158099
1743469666.189982
1743469666.222247
1743469666.254419
1743469666.286044
1743469666.317877
1743469666.349246
1743469666.381637
1743469666.413622
1743469666.445489
1743469666.477527
1743469666.509791
1743469666.542001
1743469666.574074
1743469666.605950
1743469666.637741
1743469666.669625
1743469666.701894
1743469666.734002
1743469666.765750
1743469666.797606
1743469666.813511
1743469666.829555
1743469666.861705
1743469666.893726
1743469666.941583
1743469666.973851
1743469667.005886
1743469667.037972
1743469667.069732
1743469667.102021
1743469667.134018
1743469667.166166
1743469667.197297
1743469667.229780
1743469667.261944
1743469667.293729
1743469667.325665
1743469667.357916
1743469667.390218
1743469667.421791
1743469667.453857
1743469667.485998
1743469667.518024
1743469667.550058
1743469667.581509
1743469667.613118
1743469667.629228
1743469667.661684
1743469667.693584
1743469667.725624
1743469667.758063
1743469667.789773
1743469667.821950
1743469667.853863
1743469667.886186
1743469667.918093
1743469667.949846
1743469667.981183
1743469667.997260
1743469668.029879
1743469668.061568
1743469668.093794
1743469668.125740
1743469668.157908
1743469668.190181
1743469668.237624
1743469668.269839
1743469668.301840
1743469668.333970
1743469668.365775
1743469668.397615
1743469668.429577
1743469668.461482
1743469668.493871
1743469668.526164
1743469668.558073
1743469668.589767
1743469668.621829
1743469668.653857
1743469668.685632
1743469668.717934
1743469668.749812
1743469668.781592
1743469668.812632
1743469668.830121
1743469668.860521
1743469668.894480
1743469668.925808
1743469668.957904
1743469668.989769
1743469669.021907
1743469669.053914
1743469669.085829
1743469669.118009
1743469669.150050
1743469669.181761
1743469669.213801
1743469669.245383
1743469669.261405
1743469669.293651
1743469669.325566
1743469669.357946
1743469669.389989
1743469669.421845
1743469669.453810
1743469669.485644
1743469669.533751
1743469669.565647
1743469669.597421
1743469669.629123
1743469669.645324
1743469669.677530
1743469669.709690
1743469669.741632
1743469669.774150
1743469669.806162
1743469669.838077
1743469669.870111
1743469669.901768
1743469669.934175
1743469669.965698
1743469669.997447
1743469670.013524
1743469670.045786
1743469670.077500
1743469670.109928
1743469670.142254
1743469670.189692
1743469670.221678
1743469670.253576
1743469670.285934
1743469670.317876
1743469670.349964
1743469670.381328
1743469670.413450
1743469670.429478
1743469670.461696
1743469670.509456
1743469670.541626
1743469670.573802
1743469670.605666
1743469670.637554
1743469670.669728
1743469670.701968
1743469670.733866
1743469670.765665
1743469670.797620
1743469670.845099
1743469670.861213
1743469670.893876
1743469670.925660
1743469670.958001
1743469670.989920
1743469671.021684
1743469671.053798
1743469671.085798
1743469671.118226
1743469671.165764
1743469671.197743
1743469671.229706
1743469671.261580
1743469671.293665
1743469671.325644
1743469671.357841
1743469671.389806
1743469671.422008
1743469671.453842
1743469671.486004
1743469671.517750
1743469671.549574
1743469671.581645
1743469671.613341
1743469671.645534
1743469671.677618
1743469671.709966
1743469671.741990
1743469671.774171
1743469671.821595
1743469671.853587
1743469671.885740
1743469671.918091
1743469671.949981
1743469671.981653
1743469672.013389
1743469672.045721
1743469672.077721
1743469672.109851
1743469672.141935
1743469672.173949
1743469672.205490
1743469672.237920
1743469672.269858
1743469672.301721
1743469672.333644
1743469672.365518
1743469672.397628
1743469672.429532
1743469672.462259
1743469672.493731
1743469672.525663
1743469672.557677
1743469672.589853
1743469672.621841
1743469672.653915
1743469672.685609
1743469672.717793
1743469672.749906
1743469672.797167
1743469672.829338
1743469672.861556
1743469672.877343
1743469672.909794
1743469672.941837
1743469672.973898
1743469673.005892
1743469673.038198
1743469673.070054
1743469673.117723
1743469673.149717
1743469673.181259
1743469673.197316
1743469673.229413
1743469673.261674
1743469673.293819
1743469673.325521
1743469673.358068
1743469673.389770
1743469673.437673
1743469673.468447
1743469673.501095
1743469673.533908
1743469673.565594
1743469673.597639
1743469673.629367
1743469673.645460
1743469673.677610
1743469673.709788
1743469673.741476
1743469673.774260
1743469673.805549
1743469673.837892
1743469673.869786
1743469673.901736
1743469673.933773
1743469673.965578
1743469673.997629
1743469674.029966
1743469674.061867
1743469674.093937
1743469674.125542
1743469674.157643
1743469674.189604
1743469674.221877
1743469674.253828
1743469674.285810
1743469674.317798
1743469674.349710
1743469674.381723
1743469674.413965
1743469674.445204
1743469674.477171
1743469674.509755
1743469674.541746
1743469674.573653
1743469674.605822
1743469674.637619
1743469674.669938
1743469674.702055
1743469674.749636
1743469674.781117
1743469674.813287
1743469674.829261
1743469674.845266
1743469674.877427
1743469674.893072
1743469674.909278
1743469674.941837
1743469674.973853
1743469675.006023
1743469675.037972
1743469675.069829
1743469675.101688
1743469675.133312
1743469675.165483
1743469675.197483
1743469675.229395
1743469675.261448
1743469675.293546
1743469675.325709
1743469675.357885
1743469675.389973
1743469675.421025
1743469675.453585
1743469675.485498
1743469675.518166
1743469675.549400
1743469675.581452
1743469675.613373
1743469675.629541
1743469675.661536
1743469675.693919
1743469675.725971
1743469675.757651
1743469675.789658
1743469675.821572
1743469675.853550
1743469675.885581
1743469675.917820
1743469675.949788
1743469675.981698
1743469676.013666
1743469676.045997
1743469676.077361
1743469676.109639
1743469676.141801
1743469676.173904
1743469676.206059
1743469676.238161
1743469676.269857
1743469676.302093
1743469676.333923
1743469676.365822
1743469676.397188
1743469676.429501
1743469676.461649
1743469676.493637
1743469676.525499
1743469676.557804
1743469676.589774
1743469676.622036
1743469676.653978
1743469676.702039
1743469676.733873
1743469676.765318
1743469676.797175
1743469676.813446
1743469676.845270
1743469676.861218
1743469676.893708
1743469676.925786
1743469676.957827
1743469676.990078
1743469677.022103
1743469677.053710
1743469677.085494
1743469677.117659
1743469677.149821
1743469677.181446
1743469677.213724
1743469677.245466
1743469677.261510
1743469677.293769
1743469677.341368
1743469677.373650
1743469677.405770
1743469677.437570
1743469677.470124
1743469677.501553
1743469677.533683
1743469677.565414
1743469677.597693
1743469677.629636
1743469677.677198
1743469677.709412
1743469677.741514
1743469677.773723
1743469677.805577
1743469677.837790
1743469677.869964
1743469677.901833
1743469677.934034
1743469677.966008
1743469677.997829
1743469678.029150
1743469678.045405
1743469678.077562
1743469678.109654
1743469678.141740
1743469678.173816
1743469678.206132
1743469678.238155
1743469678.269922
1743469678.317685
1743469678.349597
1743469678.381180
1743469678.397370
1743469678.413352
1743469678.445506
1743469678.477313
1743469678.509515
1743469678.541621
1743469678.573769
1743469678.605917
1743469678.653667
1743469678.685500
1743469678.717490
1743469678.749460
1743469678.781325
1743469678.813217
1743469678.829618
1743469678.861657
1743469678.893618
1743469678.925794
1743469678.973775
1743469679.005633
1743469679.037598
1743469679.069668
1743469679.101640
1743469679.133740
1743469679.165543
1743469679.197144
1743469679.229531
1743469679.261572
1743469679.293980
1743469679.325429
1743469679.357494
1743469679.389705
1743469679.421837
1743469679.453796
1743469679.485888
1743469679.517873
1743469679.549693
1743469679.581586
1743469679.629204
1743469679.661213
1743469679.693588
1743469679.725674
1743469679.757639
1743469679.789623
1743469679.821803
1743469679.853869
1743469679.885764
1743469679.918098
1743469679.949668
1743469679.981453
1743469680.013780
1743469680.045235
1743469680.061249
1743469680.093634
1743469680.125728
1743469680.157843
1743469680.189960
1743469680.222008
1743469680.269539
1743469680.301590
1743469680.333705
1743469680.365305
1743469680.397312
1743469680.429362
1743469680.461371
1743469680.493660
1743469680.525726
1743469680.557906
1743469680.605697
1743469680.637541
1743469680.669525
1743469680.701710
1743469680.733751
1743469680.765310
1743469680.797224
1743469680.829512
1743469680.861313
1743469680.893659
1743469680.925678
1743469680.957713
1743469680.989377
1743469681.021643
1743469681.053391
1743469681.085649
1743469681.117687
1743469681.149241
1743469681.181312
1743469681.213447
1743469681.245839
1743469681.277240
1743469681.309171
1743469681.341419
1743469681.373498
1743469681.405702
1743469681.437753
1743469681.469855
1743469681.501675
1743469681.533956
1743469681.581223
1743469681.613280
1743469681.645206
1743469681.677347
1743469681.709272
1743469681.741525
1743469681.773754
1743469681.805665
1743469681.837812
1743469681.869998
1743469681.901645
1743469681.933591
1743469681.965112
1743469681.997200
1743469682.029038
1743469682.045188
1743469682.077504
1743469682.109571
1743469682.141485
1743469682.173950
1743469682.221438
1743469682.253598
1743469682.285662
1743469682.317570
1743469682.349601
1743469682.381234
1743469682.413336
1743469682.445585
1743469682.477509
1743469682.509776
1743469682.557343
1743469682.589650
1743469682.621534
1743469682.653730
1743469682.685639
1743469682.717445
1743469682.749471
1743469682.781569
1743469682.813449
1743469682.845286
1743469682.877829
1743469682.909516
1743469682.941527
1743469682.973688
1743469683.005568
1743469683.037609
1743469683.069504
1743469683.101610
1743469683.133478
1743469683.165220
1743469683.197768
1743469683.229087
1743469683.261064
1743469683.293581
1743469683.325513
1743469683.357947
1743469683.389531
1743469683.421547
1743469683.453594
1743469683.485781
1743469683.533340
1743469683.564963
1743469683.597009
1743469683.613174
1743469683.645303
1743469683.677333
1743469683.709500
1743469683.741613
1743469683.774001
1743469683.805669
1743469683.853490
1743469683.885469
1743469683.917436
1743469683.948981
1743469683.981095
1743469683.997271
1743469684.029294
1743469684.061551
1743469684.093395
1743469684.125867
1743469684.173502
1743469684.205597
1743469684.237045
1743469684.269476
1743469684.301674
1743469684.333652
1743469684.365275
1743469684.397330
1743469684.413504
1743469684.445366
1743469684.477639
1743469684.509997
1743469684.541429
1743469684.573679
1743469684.605425
1743469684.637518
1743469684.669497
1743469684.701741
1743469684.733621
1743469684.765542
1743469684.797572
1743469684.829713
1743469684.860924
1743469684.877036
1743469684.893220
1743469684.925515
1743469684.957590
1743469684.989844
1743469685.021709
1743469685.053574
1743469685.085710
1743469685.117837
1743469685.149768
1743469685.180961
1743469685.213078
1743469685.229190
1743469685.261345
1743469685.293952
1743469685.325606
1743469685.357645
1743469685.389925
1743469685.421841
1743469685.454116
1743469685.485480
1743469685.517328
1743469685.549063
1743469685.581266
1743469685.613097
1743469685.645106
1743469685.677336
1743469685.709605
1743469685.741650
1743469685.773864
1743469685.805786
1743469685.837557
1743469685.869550
1743469685.901493
1743469685.933550
1743469685.965274
1743469685.997372
1743469686.029329
1743469686.061340
1743469686.093493
1743469686.125716
1743469686.157608
1743469686.189646
1743469686.221708
1743469686.253549
1743469686.285897
1743469686.317624
1743469686.349699
1743469686.381467
1743469686.413448
1743469686.460972
1743469686.493004
1743469686.525486
1743469686.556095
1743469686.573205
1743469686.589252
1743469686.621426
1743469686.653262
1743469686.685413
1743469686.717414
1743469686.733554
1743469686.781308
1743469686.812997
1743469686.845182
1743469686.877243
1743469686.909304
1743469686.941460
1743469686.973352
1743469687.005704
1743469687.037483
1743469687.069724
1743469687.101191
1743469687.133384
1743469687.165292
1743469687.197197
1743469687.229257
1743469687.261688
1743469687.293320
1743469687.325393
1743469687.357820
1743469687.389674
1743469687.437253
1743469687.469374
1743469687.501399
1743469687.533799
1743469687.565109
1743469687.597184
1743469687.629472
1743469687.661241
1743469687.693496
1743469687.725531
1743469687.757893
1743469687.789544
1743469687.821580
1743469687.853524
1743469687.885700
1743469687.917871
1743469687.949665
1743469687.981179
1743469688.013419
1743469688.045467
1743469688.077604
1743469688.109428
1743469688.141417
1743469688.173743
1743469688.205680
1743469688.237617
1743469688.269380
1743469688.301431
1743469688.333691
1743469688.365435
1743469688.413120
1743469688.444943
1743469688.461139
1743469688.477407
1743469688.509139
1743469688.541200
1743469688.573420
1743469688.605400
1743469688.638121
1743469688.669417
1743469688.701741
1743469688.733893
1743469688.765438
1743469688.797210
1743469688.829226
1743469688.861334
1743469688.893204
1743469688.925560
1743469688.957606
1743469688.989652
1743469689.021522
1743469689.053966
1743469689.085447
1743469689.117438
1743469689.149363
1743469689.181068
1743469689.213227
1743469689.245257
1743469689.276981
1743469689.309570
1743469689.341712
1743469689.389528
1743469689.421058
1743469689.453389
1743469689.485719
1743469689.517557
1743469689.549400
1743469689.581303
1743469689.613258
1743469689.645259
1743469689.677485
1743469689.709660
1743469689.741393
1743469689.773472
1743469689.805356
1743469689.837603
1743469689.869401
1743469689.901491
1743469689.933573
1743469689.965445
1743469689.997579
1743469690.029750
1743469690.060928
1743469690.076943
1743469690.109322
1743469690.141438
1743469690.173470
1743469690.205797
1743469690.237458
1743469690.269661
1743469690.301446
1743469690.333841
1743469690.365620
1743469690.396892
1743469690.413241
1743469690.445312
1743469690.477232
1743469690.509288
1743469690.541438
1743469690.573470
1743469690.605431
1743469690.637652
1743469690.685238
1743469690.717380
1743469690.749521
1743469690.781070
1743469690.813393
1743469690.845109
1743469690.877277
1743469690.909467
1743469690.941809
1743469690.973629
1743469691.005945
1743469691.037448
1743469691.069254
1743469691.101051
1743469691.133505
1743469691.165229
1743469691.197238
1743469691.229160
1743469691.261296
1743469691.293772
1743469691.341134
1743469691.373495
1743469691.405348
1743469691.437679
1743469691.469500
1743469691.501528
1743469691.533471
1743469691.565420
1743469691.597343
1743469691.629349
1743469691.661539
1743469691.693253
1743469691.725509
1743469691.757419
1743469691.789487
1743469691.821490
1743469691.853667
1743469691.885543
1743469691.917663
1743469691.949862
1743469691.981865
1743469692.013305
1743469692.045321
1743469692.077228
1743469692.109377
1743469692.141472
1743469692.173330
1743469692.205491
1743469692.237595
1743469692.269670
1743469692.317469
1743469692.349500
1743469692.381085
1743469692.412936
1743469692.445302
1743469692.477282
1743469692.509640
1743469692.541501
1743469692.573558
1743469692.605505
1743469692.637577
1743469692.669285
1743469692.701507
1743469692.733367
1743469692.764886
1743469692.780839
1743469692.797210
1743469692.829285
1743469692.861378
1743469692.893729
1743469692.925759
1743469692.957918
1743469692.989369
1743469693.021553
1743469693.053183
1743469693.068764
1743469693.101763
1743469693.133455
1743469693.165043
1743469693.197356
1743469693.229103
1743469693.261250
1743469693.293925
1743469693.325269
1743469693.357407
1743469693.389537
1743469693.421389
1743469693.453389
1743469693.485454
1743469693.517433
1743469693.549542
1743469693.581408
1743469693.613409
1743469693.644754
1743469693.677049
1743469693.709365
1743469693.741440
1743469693.773489
1743469693.805268
1743469693.837426
1743469693.869772
1743469693.901716
1743469693.933339
1743469693.964962
1743469693.997220
1743469694.029261
1743469694.060926
1743469694.077067
1743469694.109565
1743469694.141451
1743469694.173294
1743469694.205593
1743469694.237617
1743469694.269613
1743469694.301138
1743469694.333395
1743469694.364778
1743469694.381147
1743469694.413157
1743469694.445397
1743469694.477029
1743469694.493077
1743469694.525446
1743469694.557633
1743469694.589828
1743469694.621337
1743469694.653519
1743469694.685438
1743469694.717277
1743469694.749553
1743469694.781139
1743469694.813182
1743469694.845097
1743469694.877282
1743469694.909367
1743469694.941221
1743469694.973536
1743469695.005414
1743469695.037533
1743469695.069272
1743469695.084678
1743469695.100874
1743469695.132796
1743469695.149080
1743469695.181139
1743469695.197148
1743469695.244887
1743469695.277295
1743469695.309322
1743469695.341239
1743469695.373130
1743469695.405421
1743469695.437489
1743469695.469609
1743469695.501543
1743469695.533577
1743469695.565477
1743469695.596677
1743469695.612867
1743469695.644967
1743469695.677040
1743469695.709185
1743469695.741449
1743469695.773372
1743469695.805552
1743469695.837500
1743469695.884973
1743469695.917242
1743469695.948801
1743469695.981085
1743469696.012935
1743469696.045181
1743469696.076920
1743469696.109531
1743469696.141148
1743469696.173702
1743469696.221266
1743469696.253294
1743469696.285359
1743469696.317827
1743469696.349399
1743469696.381179
1743469696.413034
1743469696.428944
1743469696.461343
1743469696.493353
1743469696.540978
1743469696.573377
1743469696.605284
1743469696.637317
1743469696.669274
1743469696.701530
1743469696.733267
1743469696.765105
1743469696.797261
1743469696.829257
1743469696.861413
1743469696.893259
1743469696.925160
1743469696.957424
1743469696.989442
1743469697.021418
1743469697.053682
1743469697.085372
1743469697.101211
1743469697.133043
1743469697.165194
1743469697.197524
1743469697.228838
1743469697.244863
1743469697.277173
1743469697.293488
1743469697.325305
1743469697.357515
1743469697.389316
1743469697.421704
1743469697.453476
1743469697.485540
1743469697.517506
1743469697.549282
1743469697.580910
1743469697.612869
1743469697.644660
1743469697.660816
1743469697.676966
1743469697.693141
1743469697.725258
1743469697.757521
1743469697.789365
1743469697.837311
1743469697.868740
1743469697.901447
1743469697.933514
1743469697.965032
1743469697.996874
1743469698.013060
1743469698.045601
1743469698.077089
1743469698.109294
1743469698.141469
1743469698.173391
1743469698.205331
1743469698.237467
1743469698.269344
1743469698.301502
1743469698.333407
1743469698.364903
1743469698.381125
1743469698.412949
1743469698.429230
1743469698.461356
1743469698.493775
1743469698.525167
1743469698.557392
1743469698.589304
1743469698.621436
1743469698.653425
1743469698.685146
1743469698.717398
1743469698.749633
1743469698.781007
1743469698.813640
1743469698.844835
1743469698.876619
1743469698.909345
1743469698.941059
1743469698.973380
1743469699.005401
1743469699.037620
1743469699.069370
1743469699.101565
1743469699.149235
1743469699.180434
1743469699.196759
1743469699.212856
1743469699.245144
1743469699.276571
1743469699.309182
1743469699.341343
1743469699.373303
1743469699.405195
1743469699.437627
1743469699.469612
1743469699.501138
1743469699.533462
1743469699.564822
1743469699.596821
1743469699.613021
1743469699.645033
1743469699.677221
1743469699.709515
1743469699.741297
1743469699.789261
1743469699.821122
1743469699.853339
1743469699.885302
1743469699.917239
1743469699.949094
1743469699.980933
1743469700.013000
1743469700.045129
1743469700.077113
1743469700.124997
1743469700.157018
1743469700.189284
1743469700.221465
1743469700.253433
1743469700.285374
1743469700.317163
1743469700.349178
1743469700.381214
1743469700.413383
1743469700.445441
1743469700.476774
1743469700.509131
1743469700.541141
1743469700.573403
1743469700.605425
1743469700.637306
1743469700.669341
1743469700.701452
1743469700.733533
1743469700.765334
1743469700.797009
1743469700.829017
1743469700.861082
1743469700.893106
1743469700.925255
1743469700.957749
1743469700.989573
1743469701.021454
1743469701.053438
1743469701.101300
1743469701.133206
1743469701.164666
1743469701.196709
1743469701.228935
1743469701.261212
1743469701.293104
1743469701.325451
1743469701.357825
1743469701.389594
1743469701.421489
1743469701.453205
1743469701.485082
1743469701.517393
1743469701.549331
1743469701.580908
1743469701.612943
1743469701.644875
1743469701.677065
1743469701.709474
1743469701.741711
1743469701.773185
1743469701.805403
1743469701.837264
1743469701.869437
1743469701.901358
1743469701.933332
1743469701.965064
1743469701.997070
1743469702.029120
1743469702.076722
1743469702.109258
1743469702.141406
1743469702.173178
1743469702.205268
1743469702.237395
1743469702.269242
1743469702.301317
1743469702.333345
1743469702.365173
1743469702.397395
1743469702.428631
1743469702.444836
1743469702.460765
1743469702.493123
1743469702.525270
1743469702.557445
1743469702.589655
1743469702.621430
1743469702.653677
1743469702.685241
1743469702.717562
1743469702.749537
1743469702.780757
1743469702.796955
1743469702.828680
1743469702.844827
1743469702.877208
1743469702.909075
1743469702.941376
1743469702.973446
1743469703.005401
1743469703.052942
1743469703.085230
1743469703.117132
1743469703.149372
1743469703.180977
1743469703.213038
1743469703.245017
1743469703.277279
1743469703.309420
1743469703.341706
1743469703.373561
1743469703.405357
1743469703.437272
1743469703.469255
1743469703.501166
1743469703.533233
1743469703.564888
1743469703.596897
1743469703.629163
1743469703.661195
1743469703.693504
1743469703.725160
1743469703.757268
1743469703.789397
1743469703.821302
1743469703.853307
1743469703.885229
1743469703.917748
1743469703.949442
1743469703.981250
1743469704.028640
1743469704.060508
1743469704.092959
1743469704.125206
1743469704.157113
1743469704.189391
1743469704.221181
1743469704.253241
1743469704.285412
1743469704.317527
1743469704.349588
1743469704.380876
1743469704.413025
1743469704.444952
1743469704.476909
1743469704.509226
1743469704.541053
1743469704.573314
1743469704.605739
1743469704.637483
1743469704.669249
1743469704.701166
1743469704.733311
1743469704.764996
1743469704.796872
1743469704.828773
1743469704.860995
1743469704.893146
1743469704.925217
1743469704.957663
1743469705.005075
1743469705.037217
1743469705.069310
1743469705.101330
1743469705.133321
1743469705.165010
1743469705.180724
1743469705.196887
1743469705.229028
1743469705.261174
1743469705.293062
1743469705.325470
1743469705.357243
1743469705.389162
1743469705.421180
1743469705.453556
1743469705.485247
1743469705.517070
1743469705.549255
1743469705.581376
1743469705.613054
1743469705.645526
1743469705.676843
1743469705.709020
1743469705.741215
1743469705.773343
1743469705.805219
1743469705.837423
1743469705.869391
1743469705.901604
1743469705.933226
1743469705.981112
1743469706.012803
1743469706.044614
1743469706.077050
1743469706.109202
1743469706.141101
1743469706.173614
1743469706.205353
1743469706.237348
1743469706.269530
1743469706.301502
1743469706.333212
1743469706.364842
1743469706.396811
1743469706.429033
1743469706.460867
1743469706.493160
1743469706.525185
1743469706.557462
1743469706.589420
1743469706.621506
1743469706.652964
1743469706.685098
1743469706.717455
1743469706.749342
1743469706.780726
1743469706.813219
1743469706.844841
1743469706.876631
1743469706.892916
1743469706.925263
1743469706.957458
1743469706.989000
1743469707.021402
1743469707.053272
1743469707.085135
1743469707.117398
1743469707.149096
1743469707.180989
1743469707.196997
1743469707.229002
1743469707.276888
1743469707.309055
1743469707.341058
1743469707.373033
1743469707.405039
1743469707.437437
1743469707.469190
1743469707.501216
1743469707.533172
1743469707.565118
1743469707.597221
1743469707.628983
1743469707.661085
1743469707.693006
1743469707.725109
1743469707.757364
1743469707.789200
1743469707.821362
1743469707.853283
1743469707.885316
1743469707.933328
1743469707.964708
1743469707.996788
1743469708.028819
1743469708.060746
1743469708.093100
1743469708.125117
1743469708.157513
1743469708.189144
1743469708.221854
1743469708.253446
1743469708.285236
1743469708.317274
1743469708.349189
1743469708.380751
1743469708.396877
1743469708.428815
1743469708.460837
1743469708.493167
1743469708.525170
1743469708.572923
1743469708.605169
1743469708.637402
1743469708.669157
1743469708.701318
1743469708.733325
1743469708.764926
1743469708.796698
1743469708.829171
1743469708.861027
1743469708.908840
1743469708.940976
1743469708.973273
1743469709.005092
1743469709.037301
1743469709.069161
1743469709.101167
1743469709.133403
1743469709.164858
1743469709.180925
1743469709.228760
1743469709.260944
1743469709.293054
1743469709.325119
1743469709.356787
1743469709.389134
1743469709.421449
1743469709.453292
1743469709.485108
1743469709.517224
1743469709.549389
1743469709.580805
1743469709.612805
1743469709.645186
1743469709.676663
1743469709.708936
1743469709.741368
1743469709.773266
1743469709.805683
1743469709.837247
1743469709.884992
1743469709.917516
1743469709.949050
1743469709.980596
1743469710.012967
1743469710.044868
1743469710.076950
1743469710.108995
1743469710.140901
1743469710.173471
1743469710.205557
1743469710.236969
1743469710.268778
1743469710.301479
1743469710.333321
1743469710.364728
1743469710.396657
1743469710.412785
1743469710.428879
1743469710.461197
1743469710.493232
1743469710.525340
1743469710.556950
1743469710.588944
1743469710.621473
1743469710.653186
1743469710.685106
1743469710.717186
1743469710.749285
1743469710.780940
1743469710.813037
1743469710.829185
1743469710.861074
1743469710.893158
1743469710.925180
1743469710.957155
1743469710.989317
1743469711.021591
1743469711.053118
1743469711.085127
1743469711.117315
1743469711.149253
1743469711.181297
1743469711.213151
1743469711.244732
1743469711.260746
1743469711.293026
1743469711.324937
1743469711.357273
1743469711.389321
1743469711.421494
1743469711.453227
1743469711.500943
1743469711.533172
1743469711.564735
1743469711.597079
1743469711.628622
1743469711.661171
1743469711.693078
1743469711.724950
1743469711.757410
1743469711.789331
1743469711.836740
1743469711.869104
1743469711.901090
1743469711.933019
1743469711.964738
1743469711.996780
1743469712.028908
1743469712.061115
1743469712.093073
1743469712.125324
1743469712.157319
1743469712.188922
1743469712.221146
1743469712.253022
1743469712.285079
1743469712.317241
1743469712.349179
1743469712.380942
1743469712.413060
1743469712.445018
1743469712.477105
1743469712.509056
1743469712.540889
1743469712.573004
1743469712.605184
1743469712.637104
1743469712.669227
1743469712.701338
1743469712.733313
1743469712.765032
1743469712.812531
1743469712.844755
1743469712.876948
1743469712.908943
1743469712.940917
1743469712.973340
1743469713.005163
1743469713.037489
1743469713.069185
1743469713.101421
1743469713.133189
1743469713.164699
1743469713.196569
1743469713.212588
1743469713.228634
1743469713.260600
1743469713.276596
1743469713.308871
1743469713.341122
1743469713.373438
1743469713.405060
1743469713.452896
1743469713.484834
1743469713.517200
1743469713.549156
1743469713.580771
1743469713.612619
1743469713.644855
1743469713.676877
1743469713.709215
1743469713.741152
1743469713.789060
1743469713.820912
1743469713.853106
1743469713.884825
1743469713.917050
1743469713.949139
1743469713.980983
1743469714.013090
1743469714.044881
1743469714.077043
1743469714.109138
1743469714.141045
1743469714.173324
1743469714.204901
1743469714.237383
1743469714.269257
1743469714.301256
1743469714.333004
1743469714.365025
1743469714.396876
1743469714.429008
1743469714.460479
1743469714.476478
1743469714.492793
1743469714.525201
1743469714.557044
1743469714.589087
1743469714.621424
1743469714.653368
1743469714.685141
1743469714.717210
1743469714.764899
1743469714.796801
1743469714.828547
1743469714.860470
1743469714.893093
1743469714.925210
1743469714.957104
1743469714.989222
1743469715.021208
1743469715.053394
1743469715.085374
1743469715.116905
1743469715.148776
1743469715.180714
1743469715.212679
1743469715.244632
1743469715.276460
1743469715.292740
1743469715.325311
1743469715.357240
1743469715.405089
1743469715.437449
1743469715.468940
1743469715.501121
1743469715.532811
1743469715.564617
1743469715.596849
1743469715.628695
1743469715.660835
1743469715.693001
1743469715.740769
1743469715.773144
1743469715.804955
1743469715.836948
1743469715.869072
1743469715.901025
1743469715.932945
1743469715.964866
1743469715.996828
1743469716.029040
1743469716.060828
1743469716.092864
1743469716.124976
1743469716.157099
1743469716.188879
1743469716.221194
1743469716.253024
1743469716.285212
1743469716.317247
1743469716.349356
1743469716.381298
1743469716.412491
1743469716.444540
1743469716.476695
1743469716.508901
1743469716.541006
1743469716.573160
1743469716.605031
1743469716.637293
1743469716.669474
1743469716.717017
1743469716.749012
1743469716.780860
1743469716.812460
1743469716.844612
1743469716.876662
1743469716.909056
1743469716.941125
1743469716.972990
1743469717.005289
1743469717.037200
1743469717.068967
1743469717.101078
1743469717.133006
1743469717.164585
1743469717.196569
1743469717.228673
1743469717.244671
1743469717.276814
1743469717.292666
1743469717.325225
1743469717.356980
1743469717.388978
1743469717.420866
1743469717.452679
1743469717.485030
1743469717.517039
1743469717.548940
1743469717.580550
1743469717.596796
1743469717.628926
1743469717.661093
1743469717.693058
1743469717.725140
1743469717.757312
1743469717.789055
1743469717.821118
1743469717.852869
1743469717.885062
1743469717.917695
1743469717.949323
1743469717.980738
1743469718.013101
1743469718.044677
1743469718.076733
1743469718.109058
1743469718.141114
1743469718.172942
1743469718.205101
1743469718.237156
1743469718.269317
1743469718.301152
1743469718.333236
1743469718.364834
1743469718.396835
1743469718.428852
1743469718.460818
1743469718.492881
1743469718.525045
1743469718.557456
1743469718.589358
1743469718.621201
1743469718.668967
1743469718.700979
1743469718.732968
1743469718.764634
1743469718.796601
1743469718.828832
1743469718.860910
1743469718.892943
1743469718.925105
1743469718.957151
1743469718.989160
1743469719.020982
1743469719.053440
1743469719.085130
1743469719.116912
1743469719.149039
1743469719.180857
1743469719.212907
1743469719.244895
1743469719.277134
1743469719.309197
1743469719.340814
1743469719.372625
1743469719.405316
1743469719.436993
1743469719.468979
1743469719.501068
1743469719.533203
1743469719.564757
1743469719.596716
1743469719.644617
1743469719.676720
1743469719.708966
1743469719.740935
1743469719.772926
1743469719.805033
1743469719.837045
1743469719.869273
1743469719.901104
1743469719.933368
1743469719.965220
1743469719.996528
1743469720.028754
1743469720.060842
1743469720.092871
1743469720.125045
1743469720.157092
1743469720.189181
1743469720.221497
1743469720.253107
1743469720.284845
1743469720.316850
1743469720.348698
1743469720.380418
1743469720.412678
1743469720.444770
1743469720.476831
1743469720.508952
1743469720.540910
1743469720.573059
1743469720.620697
1743469720.652778
1743469720.684619
1743469720.717104
1743469720.748955
1743469720.780822
1743469720.812877
1743469720.845096
1743469720.876771
1743469720.908981
1743469720.941080
1743469720.972908
1743469721.004911
1743469721.037156
1743469721.068879
1743469721.101135
1743469721.133092
1743469721.164765
1743469721.196649
1743469721.228829
1743469721.261124
1743469721.292864
1743469721.324477
1743469721.357125
1743469721.389016
1743469721.421041
1743469721.452858
1743469721.485148
1743469721.517470
1743469721.549011
1743469721.596874
1743469721.628418
1743469721.660490
1743469721.692697
1743469721.724757
1743469721.757000
1743469721.788999
1743469721.821027
1743469721.853069
1743469721.885148
1743469721.917317
1743469721.948762
1743469721.980461
1743469722.012645
1743469722.044388
1743469722.060596
1743469722.092895
1743469722.125018
1743469722.157054
1743469722.189287
1743469722.237195
1743469722.268714
1743469722.300910
1743469722.332744
1743469722.364621
1743469722.396743
1743469722.428609
1743469722.459563
1743469722.491373
1743469722.507401
1743469722.539470
1743469722.571528
1743469722.603483
1743469722.635384
1743469722.667409
1743469722.699502
1743469722.731221
1743469722.747462
1743469722.779326
1743469722.795528
1743469722.811581
1743469722.843347
1743469722.891178
1743469722.923442
1743469722.940446
1743469722.973033
1743469723.004978
1743469723.036967
1743469723.068669
1743469723.101257
1743469723.132493
1743469723.148626
1743469723.180856
1743469723.212994
1743469723.244138
1743469723.276824
1743469723.308715
1743469723.340962
1743469723.372340
1743469723.404984
1743469723.437074
1743469723.469180
1743469723.501032
1743469723.548829
1743469723.580494
1743469723.612378
1743469723.644572
1743469723.676517
1743469723.708893
1743469723.740841
1743469723.773162
1743469723.804994
1743469723.837105
1743469723.869122
1743469723.901343
1743469723.932793
1743469723.964536
1743469723.996624
1743469724.028705
1743469724.060446
1743469724.076705
1743469724.108870
1743469724.140910
1743469724.188839
1743469724.220891
1743469724.252760
1743469724.284981
1743469724.316908
1743469724.348853
1743469724.380479
1743469724.412734
1743469724.444788
1743469724.477041
1743469724.524488
1743469724.556481
1743469724.588926
1743469724.620989
1743469724.652896
1743469724.684880
1743469724.716974
1743469724.748885
1743469724.780738
1743469724.812806
1743469724.844983
1743469724.876508
1743469724.908801
1743469724.941056
1743469724.973023
1743469725.004913
1743469725.037252
1743469725.069078
1743469725.101125
1743469725.133236
1743469725.164807
1743469725.196332
1743469725.228608
1743469725.260466
1743469725.276355
1743469725.292517
1743469725.325019
1743469725.356926
1743469725.388889
1743469725.420783
1743469725.453137
1743469725.500764
1743469725.532876
1743469725.564369
1743469725.596623
1743469725.628413
1743469725.644334
1743469725.660590
1743469725.692866
1743469725.725068
1743469725.757050
1743469725.789256
1743469725.820766
1743469725.853195
1743469725.884939
1743469725.916963
1743469725.948865
1743469725.980543
1743469726.012679
1743469726.044504
1743469726.076831
1743469726.109006
1743469726.141072
1743469726.172734
1743469726.204819
1743469726.236832
1743469726.269020
1743469726.300678
1743469726.333178
1743469726.364520
1743469726.396763
1743469726.412960
1743469726.445007
1743469726.476822
1743469726.508828
1743469726.540706
1743469726.572924
1743469726.604891
1743469726.636951
1743469726.668791
1743469726.701129
1743469726.733077
1743469726.764781
1743469726.796833
1743469726.828520
1743469726.844765
1743469726.876575
1743469726.908741
1743469726.940650
1743469726.972969
1743469727.005270
1743469727.037003
1743469727.069151
1743469727.117256
1743469727.149068
1743469727.180288
1743469727.212768
1743469727.244400
1743469727.276600
1743469727.308762
1743469727.340924
1743469727.373167
1743469727.405167
1743469727.453020
1743469727.484764
1743469727.516834
1743469727.548998
1743469727.580394
1743469727.596379
1743469727.612448
1743469727.628504
1743469727.660889
1743469727.692924
1743469727.725010
1743469727.772606
1743469727.804681
1743469727.837057
1743469727.869147
1743469727.900865
1743469727.932969
1743469727.964710
1743469727.996879
1743469728.029058
1743469728.060931
1743469728.092962
1743469728.124742
1743469728.156651
1743469728.189090
1743469728.220911
1743469728.252811
1743469728.285314
1743469728.316729
1743469728.349016
1743469728.380749
1743469728.428345
1743469728.460039
1743469728.492860
1743469728.524693
1743469728.556999
1743469728.588598
1743469728.620980
1743469728.652923
1743469728.685198
1743469728.716757
1743469728.748721
1743469728.780420
1743469728.796475
1743469728.828726
1743469728.859231
1743469728.876554
1743469728.892785
1743469728.924905
1743469728.957005
1743469728.988984
1743469729.021095
1743469729.068669
1743469729.100795
1743469729.133180
1743469729.164791
1743469729.196775
1743469729.228481
1743469729.260579
1743469729.292951
1743469729.324808
1743469729.356969
1743469729.404810
1743469729.436657
1743469729.468280
1743469729.500881
1743469729.532714
1743469729.564360
1743469729.596411
1743469729.628651
1743469729.660700
1743469729.693037
1743469729.725071
1743469729.756776
1743469729.788741
1743469729.820817
1743469729.852875
1743469729.884994
1743469729.916927
1743469729.948860
1743469729.980648
1743469730.012816
1743469730.044923
1743469730.076463
1743469730.108532
1743469730.140737
1743469730.172938
1743469730.204878
1743469730.236974
1743469730.268858
1743469730.301207
1743469730.333050
1743469730.380558
1743469730.412383
1743469730.444386
1743469730.476318
1743469730.508387
1743469730.540913
1743469730.573022
1743469730.604938
1743469730.637225
1743469730.668898
1743469730.700960
1743469730.732817
1743469730.764387
1743469730.795964
1743469730.812461
1743469730.828449
1743469730.844461
1743469730.876609
1743469730.908684
1743469730.941565
1743469730.972705
1743469731.020944
1743469731.052136
1743469731.084817
1743469731.116715
1743469731.149005
1743469731.180497
1743469731.212625
1743469731.244772
1743469731.276602
1743469731.308830
1743469731.356395
1743469731.388614
1743469731.421173
1743469731.452438
1743469731.484793
1743469731.517048
1743469731.548781
1743469731.580388
1743469731.612410
1743469731.628502
1743469731.644571
1743469731.676671
1743469731.708605
1743469731.740575
1743469731.772863
1743469731.804749
1743469731.837077
1743469731.868913
1743469731.901005
1743469731.932931
1743469731.964713
1743469731.996920
1743469732.028206
1743469732.060458
1743469732.092877
1743469732.124810
1743469732.156850
1743469732.188827
1743469732.221157
1743469732.252877
1743469732.284972
1743469732.332676
1743469732.364356
1743469732.396414
1743469732.428617
1743469732.460378
1743469732.492713
1743469732.524729
1743469732.557001
1743469732.588897
1743469732.621271
1743469732.652947
1743469732.684480
1743469732.716627
1743469732.748216
1743469732.764223
1743469732.796472
1743469732.828504
1743469732.860881
1743469732.892776
1743469732.924733
1743469732.972751
1743469733.004756
1743469733.036968
1743469733.068941
1743469733.100855
1743469733.132814
1743469733.164345
1743469733.196438
1743469733.228891
1743469733.260510
1743469733.276522
1743469733.308947
1743469733.340450
1743469733.372749
1743469733.404710
1743469733.436749
1743469733.468985
1743469733.501107
1743469733.531708
1743469733.548531
1743469733.579681
1743469733.596935
1743469733.629223
1743469733.660218
1743469733.692405
1743469733.724744
1743469733.756908
1743469733.788638
1743469733.820926
1743469733.853075
1743469733.885148
1743469733.916990
1743469733.949119
1743469733.980255
1743469734.012212
1743469734.044368
1743469734.076690
1743469734.108603
1743469734.140628
1743469734.172679
1743469734.205011
1743469734.237129
1743469734.284641
1743469734.316818
1743469734.348454
1743469734.380764
1743469734.412566
1743469734.444401
1743469734.476340
1743469734.508753
1743469734.540710
1743469734.572781
1743469734.604793
1743469734.636904
1743469734.668710
1743469734.700907
1743469734.732566
1743469734.764507
1743469734.796221
1743469734.812424
1743469734.844813
1743469734.876716
1743469734.924524
1743469734.956815
1743469734.988768
1743469735.020957
1743469735.052805
1743469735.084685
1743469735.116877
1743469735.148909
1743469735.180546
1743469735.212547
1743469735.260618
1743469735.292577
1743469735.324577
1743469735.356894
1743469735.388750
1743469735.420786
1743469735.452766
1743469735.484778
1743469735.517143
1743469735.548932
1743469735.580897
1743469735.612283
1743469735.644249
1743469735.676604
1743469735.708539
1743469735.740691
1743469735.772906
1743469735.804876
1743469735.837103
1743469735.869342
1743469735.900849
1743469735.932606
1743469735.964398
1743469735.996347
1743469736.028571
1743469736.060692
1743469736.092553
1743469736.124700
1743469736.156670
1743469736.188956
1743469736.236594
1743469736.268524
1743469736.300434
1743469736.332790
1743469736.364374
1743469736.396241
1743469736.412568
1743469736.444947
1743469736.476723
1743469736.508679
1743469736.556555
1743469736.588828
1743469736.620736
1743469736.652827
1743469736.684760
1743469736.717122
1743469736.748810
1743469736.780614
1743469736.812585
1743469736.844845
1743469736.876844
1743469736.908500
1743469736.940737
1743469736.972731
1743469737.004703
1743469737.036640
1743469737.068929
1743469737.100873
1743469737.132888
1743469737.164439
1743469737.212100
1743469737.244136
1743469737.276287
1743469737.308482
1743469737.340522
1743469737.372849
1743469737.404902
1743469737.436878
1743469737.468688
1743469737.501723
1743469737.533181
1743469737.564555
1743469737.596420
1743469737.628351
1743469737.660518
1743469737.692461
1743469737.724554
1743469737.756774
1743469737.789190
1743469737.820922
1743469737.852897
1743469737.884532
1743469737.916604
1743469737.948653
1743469737.980489
1743469738.012384
1743469738.044377
1743469738.076473
1743469738.108839
1743469738.140706
1743469738.188503
1743469738.220911
1743469738.252539
1743469738.284912
1743469738.316696
1743469738.348773
1743469738.380284
1743469738.412605
1743469738.444499
1743469738.476781
1743469738.509217
1743469738.540535
1743469738.572940
1743469738.604670
1743469738.636426
1743469738.668976
1743469738.700655
1743469738.732711
1743469738.764772
1743469738.796092
1743469738.828835
1743469738.860114
1743469738.892600
1743469738.924851
1743469738.956913
1743469738.988252
1743469739.004308
1743469739.037279
1743469739.068727
1743469739.100886
1743469739.132800
1743469739.165001
1743469739.196459
1743469739.228587
1743469739.260225
1743469739.292533
1743469739.324558
1743469739.356776
1743469739.388753
1743469739.421033
1743469739.452570
1743469739.484806
1743469739.516650
1743469739.548694
1743469739.580262
1743469739.596440
1743469739.628497
1743469739.660503
1743469739.692548
1743469739.724969
1743469739.756839
1743469739.804403
1743469739.836281
1743469739.868661
1743469739.900458
1743469739.932876
1743469739.964455
1743469739.996585
1743469740.013208
1743469740.044563
1743469740.076467
1743469740.108878
1743469740.140619
1743469740.172789
1743469740.204911
1743469740.236667
1743469740.268574
1743469740.300734
1743469740.332832
1743469740.364453
1743469740.396486
1743469740.428598
1743469740.460648
1743469740.492484
1743469740.524445
1743469740.556652
1743469740.588495
1743469740.620830
1743469740.652799
1743469740.684692
1743469740.716696
1743469740.748734
1743469740.780630
1743469740.812045
1743469740.844239
1743469740.860289
1743469740.876307
1743469740.892171
1743469740.924715
1743469740.957036
1743469740.988762
1743469741.021163
1743469741.052871
1743469741.085134
1743469741.116992
1743469741.148707
1743469741.180258
1743469741.212346
1743469741.228482
1743469741.260589
1743469741.292518
1743469741.324752
1743469741.356883
1743469741.388984
1743469741.436977
1743469741.468628
1743469741.500743
1743469741.532606
1743469741.563828
1743469741.580067
1743469741.596152
1743469741.612347
1743469741.644638
1743469741.676583
1743469741.708484
1743469741.756550
1743469741.788478
1743469741.820637
1743469741.852846
1743469741.884660
1743469741.916551
1743469741.948286
1743469741.980438
1743469742.012360
1743469742.044524
1743469742.092210
1743469742.124675
1743469742.156516
1743469742.188542
1743469742.220634
1743469742.252482
1743469742.284596
1743469742.316802
1743469742.348736
1743469742.380404
1743469742.412371
1743469742.444262
1743469742.476176
1743469742.508711
1743469742.540670
1743469742.572718
1743469742.604938
1743469742.636791
1743469742.668763
1743469742.700924
1743469742.732725
1743469742.764060
1743469742.796372
1743469742.828310
1743469742.844271
1743469742.876310
1743469742.908438
1743469742.940675
1743469742.972921
1743469743.004633
1743469743.036673
1743469743.068726
1743469743.100744
1743469743.132551
1743469743.164046
1743469743.196324
1743469743.228493
1743469743.260479
1743469743.292712
1743469743.324532
1743469743.356848
1743469743.388780
1743469743.420685
1743469743.452182
1743469743.484502
1743469743.516653
1743469743.548710
1743469743.580231
1743469743.596239
1743469743.628712
1743469743.660627
1743469743.708208
1743469743.740491
1743469743.772573
1743469743.804382
1743469743.836740
1743469743.868821
1743469743.900411
1743469743.932645
1743469743.964620
1743469743.996454
1743469744.012720
1743469744.044730
1743469744.076141
1743469744.108539
1743469744.140496
1743469744.172887
1743469744.204470
1743469744.236843
1743469744.268900
1743469744.300988
1743469744.332632
1743469744.364875
1743469744.395937
1743469744.412287
1743469744.444359
1743469744.476345
1743469744.508656
1743469744.540467
1743469744.572541
1743469744.604783
1743469744.637086
1743469744.684386
1743469744.716252
1743469744.748420
1743469744.780435
1743469744.812269
1743469744.844430
1743469744.876386
1743469744.908610
1743469744.940575
1743469744.972998
1743469745.020346
1743469745.052505
1743469745.084469
1743469745.116786
1743469745.148702
1743469745.180041
1743469745.196207
1743469745.228440
1743469745.260460
1743469745.292786
1743469745.340245
1743469745.372364
1743469745.404747
1743469745.436651
1743469745.468706
1743469745.500386
1743469745.516123
1743469745.548908
1743469745.580758
1743469745.612297
1743469745.660141
1743469745.692492
1743469745.724426
1743469745.756368
1743469745.788504
1743469745.820515
1743469745.852798
1743469745.884662
1743469745.917004
1743469745.948815
1743469745.996151
1743469746.028345
1743469746.060174
1743469746.076084
1743469746.108477
1743469746.140558
1743469746.172876
1743469746.204563
1743469746.236778
1743469746.268670
1743469746.316498
1743469746.348562
1743469746.380238
1743469746.412072
1743469746.444385
1743469746.476517
1743469746.508497
1743469746.540370
1743469746.572798
1743469746.604966
1743469746.636808
1743469746.668724
1743469746.699988
1743469746.732476
1743469746.764081
1743469746.796129
1743469746.828179
1743469746.860345
1743469746.892608
1743469746.924775
1743469746.972565
1743469747.003881
1743469747.036769
1743469747.068694
1743469747.100846
1743469747.132441
1743469747.164198
1743469747.180096
1743469747.196248
1743469747.228436
1743469747.260427
1743469747.292848
1743469747.324093
1743469747.356338
1743469747.388697
1743469747.420788
1743469747.452471
1743469747.484698
1743469747.516459
1743469747.532180
1743469747.548219
1743469747.580466
1743469747.612584
1743469747.644224
1743469747.675935
1743469747.708356
1743469747.740556
1743469747.772657
1743469747.804432
1743469747.836961
1743469747.868830
1743469747.900602
1743469747.948473
1743469747.980076
1743469748.012290
1743469748.044280
1743469748.076392
1743469748.108405
1743469748.140503
1743469748.172813
1743469748.204865
1743469748.236895
1743469748.268660
1743469748.300479
1743469748.332539
1743469748.364157
1743469748.395942
1743469748.412357
1743469748.444413
1743469748.476594
1743469748.508675
1743469748.540571
1743469748.588425
1743469748.620186
1743469748.652491
1743469748.684368
1743469748.716631
1743469748.748483
1743469748.780174
1743469748.812060
1743469748.828320
1743469748.860578
1743469748.892566
1743469748.924677
1743469748.956442
1743469748.988715
1743469749.020550
1743469749.052651
1743469749.084555
1743469749.116892
1743469749.148589
1743469749.180463
1743469749.212514
1743469749.244929
1743469749.275946
1743469749.291921
1743469749.307935
1743469749.324127
1743469749.356718
1743469749.388846
1743469749.420708
1743469749.452285
1743469749.484883
1743469749.516988
1743469749.564612
1743469749.595552
1743469749.611877
1743469749.644144
1743469749.676219
1743469749.708350
1743469749.740467
1743469749.772654
1743469749.804672
1743469749.836725
1743469749.868705
1743469749.901094
1743469749.932752
1743469749.964458
1743469749.996197
1743469750.028323
1743469750.060178
1743469750.092245
1743469750.124690
1743469750.156737
1743469750.188839
1743469750.220842
1743469750.252567
1743469750.284366
1743469750.316284
1743469750.348488
1743469750.380063
1743469750.412197
1743469750.443993
1743469750.460130
1743469750.476330
1743469750.508486
1743469750.540776
1743469750.572375
1743469750.604648
1743469750.636502
1743469750.668445
1743469750.700486
1743469750.732622
1743469750.764246
1743469750.796282
1743469750.828473
1743469750.876312
1743469750.908367
1743469750.940150
1743469750.972755
1743469751.004702
1743469751.036702
1743469751.068669
1743469751.100406
1743469751.132653
1743469751.164298
1743469751.196674
1743469751.227830
1743469751.243916
1743469751.276129
1743469751.308537
1743469751.340332
1743469751.372628
1743469751.404547
1743469751.436751
1743469751.468555
1743469751.516603
1743469751.548703
1743469751.580000
1743469751.611928
1743469751.627919
1743469751.644319
1743469751.676275
1743469751.708209
1743469751.740429
1743469751.772636
1743469751.804842
1743469751.852532
1743469751.884401
1743469751.916425
1743469751.948505
1743469751.980155
1743469752.012229
1743469752.044269
1743469752.076344
1743469752.108247
1743469752.140559
1743469752.172605
1743469752.204451
1743469752.236280
1743469752.268300
1743469752.300505
1743469752.332481
1743469752.364293
1743469752.396324
1743469752.428410
1743469752.460347
1743469752.492430
1743469752.524377
1743469752.556571
1743469752.588266
1743469752.620502
1743469752.652496
1743469752.684497
1743469752.716372
1743469752.748646
1743469752.780261
1743469752.828141
1743469752.859857
1743469752.892248
1743469752.924458
1743469752.956603
1743469752.988447
1743469753.020409
1743469753.052994
1743469753.084598
1743469753.116483
1743469753.148791
1743469753.179824
1743469753.196042
1743469753.212152
1743469753.244110
1743469753.276207
1743469753.308384
1743469753.340299
1743469753.372617
1743469753.404659
1743469753.436687
1743469753.468911
1743469753.500190
1743469753.532443
1743469753.564189
1743469753.579877
1743469753.612127
1743469753.644116
1743469753.676211
1743469753.708562
1743469753.740344
1743469753.772806
1743469753.804570
1743469753.836417
1743469753.868552
1743469753.900427
1743469753.932489
1743469753.964017
1743469753.996257
1743469754.028352
1743469754.060279
1743469754.092558
1743469754.124451
1743469754.156604
1743469754.188392
1743469754.220418
1743469754.252224
1743469754.284529
1743469754.316576
1743469754.348828
1743469754.380141
1743469754.412481
1743469754.444637
1743469754.476086
1743469754.508190
1743469754.539967
1743469754.572459
1743469754.604451
1743469754.636626
1743469754.668432
1743469754.700595
1743469754.732545
1743469754.779896
1743469754.811860
1743469754.844015
1743469754.876270
1743469754.908272
1743469754.940246
1743469754.972365
1743469755.004448
1743469755.036644
1743469755.068626
1743469755.100648
1743469755.132363
1743469755.163871
1743469755.196084
1743469755.228067
1743469755.244144
1743469755.276192
1743469755.308273
1743469755.340426
1743469755.372533
1743469755.420240
1743469755.452740
1743469755.484525
1743469755.516399
1743469755.548297
1743469755.579897
1743469755.595919
1743469755.628045
1743469755.660221
1743469755.692326
1743469755.724271
1743469755.756697
1743469755.788253
1743469755.820217
1743469755.852117
1743469755.884541
1743469755.916329
1743469755.948537
1743469755.980142
1743469756.012326
1743469756.044321
1743469756.076520
1743469756.108252
1743469756.140414
1743469756.172427
1743469756.204576
1743469756.236416
1743469756.268369
1743469756.300754
1743469756.332534
1743469756.364131
1743469756.396535
1743469756.428054
1743469756.459818
1743469756.492401
1743469756.524289
1743469756.556360
1743469756.588440
1743469756.620324
1743469756.652619
1743469756.684543
1743469756.732441
1743469756.763770
1743469756.796241
1743469756.828200
1743469756.860399
1743469756.892208
1743469756.924362
1743469756.956595
1743469756.988725
1743469757.020351
1743469757.052204
1743469757.084175
1743469757.116501
1743469757.148321
1743469757.180059
1743469757.212088
1743469757.228129
1743469757.260083
1743469757.292201
1743469757.324579
1743469757.372161
1743469757.404217
1743469757.436397
1743469757.468586
1743469757.500430
1743469757.532390
1743469757.563938
1743469757.580026
1743469757.596030
1743469757.628400
1743469757.660343
1743469757.708043
1743469757.740280
1743469757.772488
1743469757.804424
1743469757.836384
1743469757.868525
1743469757.900705
1743469757.932572
1743469757.964163
1743469757.996175
1743469758.028548
1743469758.044552
1743469758.076072
1743469758.108193
1743469758.140354
1743469758.172438
1743469758.204380
1743469758.236543
1743469758.268654
1743469758.300897
1743469758.348310
1743469758.379806
1743469758.411857
1743469758.444228
1743469758.476019
1743469758.508201
1743469758.540242
1743469758.572804
1743469758.604653
1743469758.636604
1743469758.684136
1743469758.716343
1743469758.748324
1743469758.779907
1743469758.812179
1743469758.844331
1743469758.876147
1743469758.908277
1743469758.940363
1743469758.972556
1743469759.004612
1743469759.036237
1743469759.068334
1743469759.100364
1743469759.132305
1743469759.164191
1743469759.196190
1743469759.227986
1743469759.260237
1743469759.292492
1743469759.323935
1743469759.356023
1743469759.388317
1743469759.420525
1743469759.452229
1743469759.484584
1743469759.516331
1743469759.548444
1743469759.580053
1743469759.596125
1743469759.628025
1743469759.660521
1743469759.692338
1743469759.724307
1743469759.756362
1743469759.788346
1743469759.820519
1743469759.852348
1743469759.884432
1743469759.916717
1743469759.948284
1743469759.980582
1743469760.011943
1743469760.043810
1743469760.076142
1743469760.108197
1743469760.140213
1743469760.172392
1743469760.204467
1743469760.236477
1743469760.268448
1743469760.300539
1743469760.332127
1743469760.363747
1743469760.395980
1743469760.428141
1743469760.459766
1743469760.475850
1743469760.508377
1743469760.540423
1743469760.572195
1743469760.604556
1743469760.636555
1743469760.668280
1743469760.700505
1743469760.732245
1743469760.764144
1743469760.795866
1743469760.828196
1743469760.860126
1743469760.876119
1743469760.908530
1743469760.956162
1743469760.988534
1743469761.020497
1743469761.052483
1743469761.084352
1743469761.116375
1743469761.148253
1743469761.179970
1743469761.212144
1743469761.244283
1743469761.276322
1743469761.308126
1743469761.340307
1743469761.372429
1743469761.404245
1743469761.436427
1743469761.468446
1743469761.500557
1743469761.532702
1743469761.564602
1743469761.611795
1743469761.627844
1743469761.659932
1743469761.692180
1743469761.723992
1743469761.756482
1743469761.788235
1743469761.820527
1743469761.852521
1743469761.884438
1743469761.932478
1743469761.964290
1743469761.995830
1743469762.028063
1743469762.060218
1743469762.092276
1743469762.124175
1743469762.156349
1743469762.188584
1743469762.220736
1743469762.252266
1743469762.284188
1743469762.316171
1743469762.348021
1743469762.380058
1743469762.412147
1743469762.444117
1743469762.476150
1743469762.508221
1743469762.539885
1743469762.588073
1743469762.620119
1743469762.652269
1743469762.684197
1743469762.716377
1743469762.748379
1743469762.780173
1743469762.811937
1743469762.844433
1743469762.876084
1743469762.908170
1743469762.940217
1743469762.972358
1743469763.004417
1743469763.036303
1743469763.068382
1743469763.100156
1743469763.132647
1743469763.164055
1743469763.196011
1743469763.228652
1743469763.259833
1743469763.292218
1743469763.323978
1743469763.356267
1743469763.388242
1743469763.420281
1743469763.452309
1743469763.484441
1743469763.516439
1743469763.564174
1743469763.595718
1743469763.627970
1743469763.643815
1743469763.676062
1743469763.708220
1743469763.740140
1743469763.772325
1743469763.804365
1743469763.836643
1743469763.884323
1743469763.916265
1743469763.948179
1743469763.979769
1743469764.012167
1743469764.043213
1743469764.059115
1743469764.075814
1743469764.108084
1743469764.140682
1743469764.172397
1743469764.204272
1743469764.236057
1743469764.268148
1743469764.300303
1743469764.332324
1743469764.363702
1743469764.396158
1743469764.428137
1743469764.460166
1743469764.492056
1743469764.539869
1743469764.572093
1743469764.604776
1743469764.636088
1743469764.668333
1743469764.700239
1743469764.732483
1743469764.764696
1743469764.796171
1743469764.828144
1743469764.860496
1743469764.891923
1743469764.924376
1743469764.956086
1743469764.988217
1743469765.020436
1743469765.052391
1743469765.084488
1743469765.116435
1743469765.148621
1743469765.180537
1743469765.211702
1743469765.228057
1743469765.259799
1743469765.275811
1743469765.291868
1743469765.323984
1743469765.356353
1743469765.388400
1743469765.420413
1743469765.452547
1743469765.484342
1743469765.516722
1743469765.548221
1743469765.579831
1743469765.611981
1743469765.644030
1743469765.659828
1743469765.675873
1743469765.708043
1743469765.740144
1743469765.772573
1743469765.804397
1743469765.836097
1743469765.868042
1743469765.900230
1743469765.932216
1743469765.963845
1743469765.995877
1743469766.012087
1743469766.044104
1743469766.076190
1743469766.108349
1743469766.156032
1743469766.188178
1743469766.219750
1743469766.252285
1743469766.284106
1743469766.316383
1743469766.347988
1743469766.380160
1743469766.412116
1743469766.444131
1743469766.491790
1743469766.524137
1743469766.556278
1743469766.588049
1743469766.620544
1743469766.652351
1743469766.684372
1743469766.716582
1743469766.748260
1743469766.780067
1743469766.812351
1743469766.843992
1743469766.875961
1743469766.908170
1743469766.939983
1743469766.972349
1743469767.004451
1743469767.036504
1743469767.068485
1743469767.100540
1743469767.132626
1743469767.163869
1743469767.195907
1743469767.227805
1743469767.260288
1743469767.292032
1743469767.324046
1743469767.356473
1743469767.388435
1743469767.420280
1743469767.468149
1743469767.500240
1743469767.532103
1743469767.563933
1743469767.595649
1743469767.611927
1743469767.644132
1743469767.676091
1743469767.708194
1743469767.740537
1743469767.788116
1743469767.820134
1743469767.852261
1743469767.884490
1743469767.916086
1743469767.948524
1743469767.979912
1743469768.012010
1743469768.043933
1743469768.076145
1743469768.108202
1743469768.140054
1743469768.172190
1743469768.204338
1743469768.236014
1743469768.268194
1743469768.300377
1743469768.332167
1743469768.363990
1743469768.395965
1743469768.444029
1743469768.475968
1743469768.508385
1743469768.540113
1743469768.572203
1743469768.604495
1743469768.636238
1743469768.668330
1743469768.700538
1743469768.732592
1743469768.764228
1743469768.795986
1743469768.827776
1743469768.843837
1743469768.875692
1743469768.908339
1743469768.940010
1743469768.972463
1743469769.004316
1743469769.036468
1743469769.084398
1743469769.116312
1743469769.148187
1743469769.179928
1743469769.211948
1743469769.244000
1743469769.276024
1743469769.308097
1743469769.340031
1743469769.372390
1743469769.420374
1743469769.452197
1743469769.483932
1743469769.516233
1743469769.548188
1743469769.579955
1743469769.611971
1743469769.644311
1743469769.675996
1743469769.708531
1743469769.740523
1743469769.772106
1743469769.804249
1743469769.836149
1743469769.868107
1743469769.900392
1743469769.932171
1743469769.963920
1743469769.995858
1743469770.011907
1743469770.059865
1743469770.092114
1743469770.124093
1743469770.156304
1743469770.188092
1743469770.220099
1743469770.252298
1743469770.284360
1743469770.316522
1743469770.348562
1743469770.395649
1743469770.427557
1743469770.443628
1743469770.459678
1743469770.492178
1743469770.523734
1743469770.556412
1743469770.588165
1743469770.620554
1743469770.652333
1743469770.684405
1743469770.716513
1743469770.748083
1743469770.779644
1743469770.811792
1743469770.843814
1743469770.876077
1743469770.908121
1743469770.939962
1743469770.972327
1743469771.004339
1743469771.036052
1743469771.067989
1743469771.100069
1743469771.132165
1743469771.163863
1743469771.196049
1743469771.227867
1743469771.259925
1743469771.292058
1743469771.324265
1743469771.372000
1743469771.404419
1743469771.436177
1743469771.468111
1743469771.500171
1743469771.532204
1743469771.563947
1743469771.595764
1743469771.611808
1743469771.628033
1743469771.660196
1743469771.692390
1743469771.724177
1743469771.756294
1743469771.788126
1743469771.819659
1743469771.852282
1743469771.883908
1743469771.916223
1743469771.948160
1743469771.980115
1743469772.012306
1743469772.043784
1743469772.075843
1743469772.108152
1743469772.139925
1743469772.172124
1743469772.204220
1743469772.236299
1743469772.268400
1743469772.300254
1743469772.348042
1743469772.379630
1743469772.411786
1743469772.443881
1743469772.475722
1743469772.508283
1743469772.540072
1743469772.572164
1743469772.604160
1743469772.636527
1743469772.668442
1743469772.700031
1743469772.732308
1743469772.763992
1743469772.795873
1743469772.828005
1743469772.860181
1743469772.892059
1743469772.924361
1743469772.956476
1743469772.988419
1743469773.020233
1743469773.051907
1743469773.084216
1743469773.116118
1743469773.147971
1743469773.179868
1743469773.211660
1743469773.227806
1743469773.260094
1743469773.292210
1743469773.324166
1743469773.356089
1743469773.388137
1743469773.420196
1743469773.452220
1743469773.484000
1743469773.516302
1743469773.548391
1743469773.580030
1743469773.611936
1743469773.644407
1743469773.675670
1743469773.707883
1743469773.740268
1743469773.772012
1743469773.804469
1743469773.836129
1743469773.867906
1743469773.900286
1743469773.932630
1743469773.963994
1743469773.995498
1743469774.011542
1743469774.043838
1743469774.075833
1743469774.107981
1743469774.139980
1743469774.172372
1743469774.204412
1743469774.236503
1743469774.268276
1743469774.300359
1743469774.331942
1743469774.363842
1743469774.395710
1743469774.411838
1743469774.443729
1743469774.475548
1743469774.507816
1743469774.540006
1743469774.572245
1743469774.619908
1743469774.651943
1743469774.684067
1743469774.716054
1743469774.747982
1743469774.779837
1743469774.811880
1743469774.843953
1743469774.875938
1743469774.908183
1743469774.939909
1743469774.972119
1743469775.004022
1743469775.036244
1743469775.068249
1743469775.100274
1743469775.131997
1743469775.163894
1743469775.195791
1743469775.227916
1743469775.275801
1743469775.307852
1743469775.339966
1743469775.372087
1743469775.404255
1743469775.436033
1743469775.468104
1743469775.500150
1743469775.532383
1743469775.563938
1743469775.596294
1743469775.627587
1743469775.659720
1743469775.691910
1743469775.723837
1743469775.756066
1743469775.788144
1743469775.820186
1743469775.852454
1743469775.884447
1743469775.916157
1743469775.948045
1743469775.979812
1743469776.011557
1743469776.043794
1743469776.075952
1743469776.108155
1743469776.139938
1743469776.172442
1743469776.204570
1743469776.251967
1743469776.284009
1743469776.315637
1743469776.347697
1743469776.379753
1743469776.411681
1743469776.443672
1743469776.459714
1743469776.476021
1743469776.508110
1743469776.539985
1743469776.572508
1743469776.603921
1743469776.636005
1743469776.668193
1743469776.700086
1743469776.732364
1743469776.764089
1743469776.795910
1743469776.827856
1743469776.859949
1743469776.892193
1743469776.923853
1743469776.956002
1743469776.988326
1743469777.020281
1743469777.052044
1743469777.084125
1743469777.116142
1743469777.148207
1743469777.179804
1743469777.227495
1743469777.259544
1743469777.291946
1743469777.323814
1743469777.356209
1743469777.388165
1743469777.420071
1743469777.452117
1743469777.484026
1743469777.516168
1743469777.548362
1743469777.579413
1743469777.595583
1743469777.627783
1743469777.659682
1743469777.691975
1743469777.723887
1743469777.756126
1743469777.788250
1743469777.819943
1743469777.868030
1743469777.899909
1743469777.932393
1743469777.963807
1743469777.995559
1743469778.011596
1743469778.027694
1743469778.059720
1743469778.092256
1743469778.124436
1743469778.156423
1743469778.204210
1743469778.235982
1743469778.268096
1743469778.299995
1743469778.332017
1743469778.363794
1743469778.395877
1743469778.427792
1743469778.459719
1743469778.491750
1743469778.523978
1743469778.556104
1743469778.587911
1743469778.620063
1743469778.652014
1743469778.684007
1743469778.716204
1743469778.748062
1743469778.779636
1743469778.795690
1743469778.843500
1743469778.875554
1743469778.907618
1743469778.939880
1743469778.972046
1743469779.004003
1743469779.036297
1743469779.068091
1743469779.100140
1743469779.132169
1743469779.179366
1743469779.211459
1743469779.227555
1743469779.259799
1743469779.291967
1743469779.323838
1743469779.356164
1743469779.388228
1743469779.419838
1743469779.452400
1743469779.499869
1743469779.531834
1743469779.563833
1743469779.595480
1743469779.627540
1743469779.659661
1743469779.691941
1743469779.723919
1743469779.756129
1743469779.788026
1743469779.820055
1743469779.852116
1743469779.883930
1743469779.916300
1743469779.947676
1743469779.979742
1743469780.011522
1743469780.027685
1743469780.059476
1743469780.091970
1743469780.124185
1743469780.156329
1743469780.187938
1743469780.220145
1743469780.252035
1743469780.284130
1743469780.316081
1743469780.348039
1743469780.379786
1743469780.411954
1743469780.443630
1743469780.475785
1743469780.508021
1743469780.539974
1743469780.571702
1743469780.604066
1743469780.635950
1743469780.668048
1743469780.700063
1743469780.732319
1743469780.763822
1743469780.796162
1743469780.827496
1743469780.843515
1743469780.875754
1743469780.907797
1743469780.939788
1743469780.972017
1743469781.004095
1743469781.035954
1743469781.068021
1743469781.100611
1743469781.132372
1743469781.163797
1743469781.195502
1743469781.227886
1743469781.259752
1743469781.292042
1743469781.323822
1743469781.356138
1743469781.388040
1743469781.420150
1743469781.452327
1743469781.484020
1743469781.515988
1743469781.547780
1743469781.579807
1743469781.611521
1743469781.643641
1743469781.675651
1743469781.708173
1743469781.740143
1743469781.772019
1743469781.804002
1743469781.835701
1743469781.851175
1743469781.867375
1743469781.883514
1743469781.899569
1743469781.915541
1743469781.931564
1743469781.947515
1743469781.963553
1743469781.979667
1743469781.995526
1743469782.011929
1743469782.027763
1743469782.043786
1743469782.059787
1743469782.075791
1743469782.108348
1743469782.139783
1743469782.171736
1743469782.187120
1743469782.203420
1743469782.219638
1743469782.251894
1743469782.267594
1743469782.283709
1743469782.299759
1743469782.315764
1743469782.331901
1743469782.347643
1743469782.363612
1743469782.379668
1743469782.395636
1743469782.428157
1743469782.459539
1743469782.475413
1743469782.491401
1743469782.507336
1743469782.523499
1743469782.539495
1743469782.555400
1743469782.571612
1743469782.587629
1743469782.603636
1743469782.619528
1743469782.635524
1743469782.651685
1743469782.667648
1743469782.683713
1743469782.699734
1743469782.715748
1743469782.747989
1743469782.779537
1743469782.795400
1743469782.811548
1743469782.827745
1743469782.843746
1743469782.875714
1743469782.891308
1743469782.907412
1743469782.923385
1743469782.939809
1743469782.955848
1743469782.971772
1743469782.987970
1743469783.003713
1743469783.019658
1743469783.035917
1743469783.051751
1743469783.084075
1743469783.115799
1743469783.131564
1743469783.147603
1743469783.163494
1743469783.179541
1743469783.195527
1743469783.211726
1743469783.227632
1743469783.243652
1743469783.259965
1743469783.292059
1743469783.324031
1743469783.356195
1743469783.403675
1743469783.435853
1743469783.468018
1743469783.499984
1743469783.531677
1743469783.547529
1743469783.563467
1743469783.579650
1743469783.595491
1743469783.611718
1743469783.627594
1743469783.643747
1743469783.659869
1743469783.675684
1743469783.691901
1743469783.724277
1743469783.756042
1743469783.787901
1743469783.819950
1743469783.852021
1743469783.883806
1743469783.899270
1743469783.915490
1743469783.931472
1743469783.947678
1743469783.963579
1743469783.979685
1743469783.995744
1743469784.011692
1743469784.027967
1743469784.060184
1743469784.091863
1743469784.123697
1743469784.156251
1743469784.187771
1743469784.220121
1743469784.252107
1743469784.283889
1743469784.316030
1743469784.331612
1743469784.347758
1743469784.379888
1743469784.395367
1743469784.411789
1743469784.443465
1743469784.459381
1743469784.475552
1743469784.491498
1743469784.507560
1743469784.523544
1743469784.539499
1743469784.555529
1743469784.571705
1743469784.587494
1743469784.603708
1743469784.619706
1743469784.635691
1743469784.651640
1743469784.667831
1743469784.700230
1743469784.732073
1743469784.763573
1743469784.779511
1743469784.811362
1743469784.827540
1743469784.843651
1743469784.859545
1743469784.875585
1743469784.891789
1743469784.924003
1743469784.956208
1743469784.988099
1743469785.035864
1743469785.067677
1743469785.083071
1743469785.099375
1743469785.115546
1743469785.131472
1743469785.147614
1743469785.163440
1743469785.179598
1743469785.195465
1743469785.211594
1743469785.227481
1743469785.243594
1743469785.259778
1743469785.275562
1743469785.291663
1743469785.307713
1743469785.323737
1743469785.356329
1743469785.387927
1743469785.419944
1743469785.452233
1743469785.483751
1743469785.499293
1743469785.515384
1743469785.531468
1743469785.547434
1743469785.563583
1743469785.579605
1743469785.595649
1743469785.611756
1743469785.627827
1743469785.643770
1743469785.676127
1743469785.707720
1743469785.739875
1743469785.771796
1743469785.804097
1743469785.835744
1743469785.851181
1743469785.867446
1743469785.883613
1743469785.899449
1743469785.915540
1743469785.931633
1743469785.947633
1743469785.963618
1743469785.979615
1743469786.012148
1743469786.043799
1743469786.075439
1743469786.091235
1743469786.107354
1743469786.123502
1743469786.139440
1743469786.155441
1743469786.171490
1743469786.187570
1743469786.203751
1743469786.219661
1743469786.235731
1743469786.251719
1743469786.267695
1743469786.283651
1743469786.299736
1743469786.331967
1743469786.363664
1743469786.379335
1743469786.395468
1743469786.411503
1743469786.427460
1743469786.443644
1743469786.459481
1743469786.475673
1743469786.491520
1743469786.507392
1743469786.523564
1743469786.556201
1743469786.588081
1743469786.620063
1743469786.651318
1743469786.667121
1743469786.683282
1743469786.699285
1743469786.715361
1743469786.731420
1743469786.747401
1743469786.763412
1743469786.779473
1743469786.795529
1743469786.811575
1743469786.827979
1743469786.859823
1743469786.891850
1743469786.907492
1743469786.923651
1743469786.939556
1743469786.955652
1743469786.988029
1743469787.019839
1743469787.052024
1743469787.083894
1743469787.115875
1743469787.147599
1743469787.163361
1743469787.194216
1743469787.212170
1743469787.227620
1743469787.243591
1743469787.259711
1743469787.275675
1743469787.308106
1743469787.339838
1743469787.371963
1743469787.403886
1743469787.436017
1743469787.468244
1743469787.499935
1743469787.532173
1743469787.563970
1743469787.595597
1743469787.628024
1743469787.659449
1743469787.675387
1743469787.691509
1743469787.707417
1743469787.723354
1743469787.739282
1743469787.755385
1743469787.771436
1743469787.787464
1743469787.803675
1743469787.819394
1743469787.835558
1743469787.851448
1743469787.867577
1743469787.883494
1743469787.899628
1743469787.915583
1743469787.931910
1743469787.964022
1743469787.979685
1743469787.995560
1743469788.011763
1743469788.027463
1743469788.043478
1743469788.059560
1743469788.075749
1743469788.091566
1743469788.107337
1743469788.123337
1743469788.139345
1743469788.155480
1743469788.171636
1743469788.204333
1743469788.236189
1743469788.283577
1743469788.315826
1743469788.347600
1743469788.363237
1743469788.379321
1743469788.395366
1743469788.411571
1743469788.427535
1743469788.443534
1743469788.459676
1743469788.475458
1743469788.491727
1743469788.523950
1743469788.555944
1743469788.571346
1743469788.604234
1743469788.635779
1743469788.667998
1743469788.699971
1743469788.732011
1743469788.763432
1743469788.779460
1743469788.795556
1743469788.811444
1743469788.842790
1743469788.858503
1743469788.876361
1743469788.892114
1743469788.907615
1743469788.940192
1743469788.971901
1743469789.003792
1743469789.035986
1743469789.068173
1743469789.099736
1743469789.132150
1743469789.163714
1743469789.179541
1743469789.195674
1743469789.211614
1743469789.227762
1743469789.260041
1743469789.275357
1743469789.291627
1743469789.307331
1743469789.323223
1743469789.339312
1743469789.355392
1743469789.371429
1743469789.387455
1743469789.403364
1743469789.419553
1743469789.435380
1743469789.451540
1743469789.467409
1743469789.483458
1743469789.499520
1743469789.515529
1743469789.531817
1743469789.547695
1743469789.579888
1743469789.611630
1743469789.627314
1743469789.644006
1743469789.659527
1743469789.675512
1743469789.691427
1743469789.707392
1743469789.723433
1743469789.739301
1743469789.755354
1743469789.771471
1743469789.787583
1743469789.803541
1743469789.819731
1743469789.835533
1743469789.851525
1743469789.867565
1743469789.883584
1743469789.915870
1743469789.947800
1743469789.979383
1743469789.995442
1743469790.011353
1743469790.027553
1743469790.043655
1743469790.059632
1743469790.075604
1743469790.091597
1743469790.107412
1743469790.123661
1743469790.139517
1743469790.155565
1743469790.171549
1743469790.187693
1743469790.203757
1743469790.236462
1743469790.267911
1743469790.300013
1743469790.331824
1743469790.347427
1743469790.363799
1743469790.379470
1743469790.395540
1743469790.411875
1743469790.427709
1743469790.443608
1743469790.459733
1743469790.475746
1743469790.491891
1743469790.507844
1743469790.555989
1743469790.587869
1743469790.620256
1743469790.652047
1743469790.683738
1743469790.699326
1743469790.715528
1743469790.731495
1743469790.747526
1743469790.763645
1743469790.779400
1743469790.795602
1743469790.811627
1743469790.827874
1743469790.844039
1743469790.859809
1743469790.892008
1743469790.923947
1743469790.955540
1743469790.971238
1743469790.987394
1743469791.003921
1743469791.019472
1743469791.035529
1743469791.051520
1743469791.067609
1743469791.083763
1743469791.099561
1743469791.115600
1743469791.131616
1743469791.147618
1743469791.163630
1743469791.179740
1743469791.211921
1743469791.243530
1743469791.259660
1743469791.275806
1743469791.291655
1743469791.307364
1743469791.323545
1743469791.339395
1743469791.355560
1743469791.371432
1743469791.387512
1743469791.403500
1743469791.419498
1743469791.435550
1743469791.451593
1743469791.467732
1743469791.483983
1743469791.499550
1743469791.532060
1743469791.563499
1743469791.579480
1743469791.595651
1743469791.611516
1743469791.627566
1743469791.643674
1743469791.659546
1743469791.675539
1743469791.691537
1743469791.707427
1743469791.723385
1743469791.739659
1743469791.755489
1743469791.771454
1743469791.787692
1743469791.803575
1743469791.819723
