1743470181.965301
1743470182.045347
1743470182.077367
1743470182.108793
1743470182.141227
1743470182.158288
1743470182.188922
1743470182.220873
1743470182.237540
1743470182.269412
1743470182.301459
1743470182.333352
1743470182.369135
1743470182.396314
1743470182.444601
1743470182.462174
1743470182.493588
1743470182.525473
1743470182.557371
1743470182.589355
1743470182.621676
1743470182.653323
1743470182.685607
1743470182.717740
1743470182.766119
1743470182.798071
1743470182.831104
1743470182.863022
1743470182.895346
1743470182.927345
1743470182.958834
1743470182.990680
1743470183.022961
1743470183.054591
1743470183.087424
1743470183.118754
1743470183.149926
1743470183.181882
1743470183.214828
1743470183.246746
1743470183.279032
1743470183.311287
1743470183.341273
1743470183.372835
1743470183.389392
1743470183.421959
1743470183.452052
1743470183.469201
1743470183.485295
1743470183.517114
1743470183.533054
1743470183.549248
1743470183.565011
1743470183.581066
1743470183.597072
1743470183.613047
1743470183.629112
1743470183.645181
1743470183.661082
1743470183.677208
1743470183.693295
1743470183.709190
1743470183.741585
1743470183.773031
1743470183.788816
1743470183.804832
1743470183.821146
1743470183.837050
1743470183.853122
1743470183.869238
1743470183.884975
1743470183.901145
1743470183.916898
1743470183.933063
1743470183.948991
1743470183.965073
1743470183.981208
1743470183.997157
1743470184.013356
1743470184.061005
1743470184.093198
1743470184.108765
1743470184.124775
1743470184.140901
1743470184.157061
1743470184.172841
1743470184.188850
1743470184.205024
1743470184.221177
1743470184.236978
1743470184.252943
1743470184.269197
1743470184.285122
1743470184.301244
1743470184.317173
1743470184.333192
1743470184.349183
1743470184.365263
1743470184.397659
1743470184.428721
1743470184.444959
1743470184.460979
1743470184.476937
1743470184.492939
1743470184.509032
1743470184.524866
1743470184.540915
1743470184.557009
1743470184.573037
1743470184.588958
1743470184.604971
1743470184.621041
1743470184.637288
1743470184.653197
1743470184.669262
1743470184.685347
1743470184.717441
1743470184.749135
1743470184.781376
1743470184.813129
1743470184.828510
1743470184.844802
1743470184.860846
1743470184.876895
1743470184.893051
1743470184.908941
1743470184.924876
1743470184.941194
1743470184.957024
1743470184.973075
1743470184.989127
1743470185.005247
1743470185.037206
1743470185.052889
1743470185.068787
1743470185.084861
1743470185.101019
1743470185.116822
1743470185.132882
1743470185.148945
1743470185.164948
1743470185.181016
1743470185.196924
1743470185.212913
1743470185.228923
1743470185.244961
1743470185.261069
1743470185.276995
1743470185.293199
1743470185.309100
1743470185.325086
1743470185.341076
1743470185.373510
1743470185.404989
1743470185.421002
1743470185.436915
1743470185.453255
1743470185.484981
1743470185.500891
1743470185.516817
1743470185.532878
1743470185.548861
1743470185.565044
1743470185.581022
1743470185.597181
1743470185.613149
1743470185.629112
1743470185.645063
1743470185.661113
1743470185.693451
1743470185.725264
1743470185.756755
1743470185.772804
1743470185.788811
1743470185.805074
1743470185.821006
1743470185.837280
1743470185.852991
1743470185.869051
1743470185.885026
1743470185.901177
1743470185.917012
1743470185.932919
1743470185.949041
1743470185.965069
1743470185.981142
1743470186.013636
1743470186.045297
1743470186.077223
1743470186.109101
1743470186.141099
1743470186.156809
1743470186.172951
1743470186.189172
1743470186.205017
1743470186.221001
1743470186.237116
1743470186.253167
1743470186.269248
1743470186.285137
1743470186.301157
1743470186.317074
1743470186.349399
1743470186.381238
1743470186.396686
1743470186.412856
1743470186.429064
1743470186.445023
1743470186.461064
1743470186.477265
1743470186.492927
1743470186.509004
1743470186.524983
1743470186.540984
1743470186.557205
1743470186.573042
1743470186.589036
1743470186.605132
1743470186.621104
1743470186.637187
1743470186.669392
1743470186.701224
1743470186.733402
1743470186.765229
1743470186.797274
1743470186.829348
1743470186.861341
1743470186.893164
1743470186.908682
1743470186.925115
1743470186.941027
1743470186.957035
1743470186.989300
1743470187.020764
1743470187.037793
1743470187.068734
1743470187.084897
1743470187.101131
1743470187.116857
1743470187.132892
1743470187.148849
1743470187.165007
1743470187.181056
1743470187.197030
1743470187.212987
1743470187.229163
1743470187.245185
1743470187.261014
1743470187.277239
1743470187.293047
1743470187.325577
1743470187.356756
1743470187.372784
1743470187.389053
1743470187.404847
1743470187.421128
1743470187.436954
1743470187.452900
1743470187.469171
1743470187.484974
1743470187.501012
1743470187.516864
1743470187.533266
1743470187.549267
1743470187.565180
1743470187.580953
1743470187.597359
1743470187.613193
1743470187.645556
1743470187.677229
1743470187.692525
1743470187.708801
1743470187.724919
1743470187.741071
1743470187.757118
1743470187.772842
1743470187.788872
1743470187.805001
1743470187.820986
1743470187.836989
1743470187.853025
1743470187.869245
1743470187.885148
1743470187.901108
1743470187.916998
1743470187.933088
1743470187.965703
1743470187.997073
1743470188.012702
1743470188.028957
1743470188.044889
1743470188.060808
1743470188.076905
1743470188.092935
1743470188.108973
1743470188.125035
1743470188.140965
1743470188.156959
1743470188.172868
1743470188.188907
1743470188.205356
1743470188.221133
1743470188.237254
1743470188.253082
1743470188.269591
1743470188.301698
1743470188.333187
1743470188.365198
1743470188.397495
1743470188.429390
1743470188.461514
1743470188.493517
1743470188.525381
1743470188.557249
1743470188.573148
1743470188.589004
1743470188.621335
1743470188.637025
1743470188.652835
1743470188.669177
1743470188.684876
1743470188.701013
1743470188.716811
1743470188.732771
1743470188.748800
1743470188.765056
1743470188.781121
1743470188.797074
1743470188.812954
1743470188.828840
1743470188.844958
1743470188.861364
1743470188.877368
1743470188.892981
1743470188.909199
1743470188.941429
1743470188.972791
1743470188.988692
1743470189.004835
1743470189.020969
1743470189.037201
1743470189.052864
1743470189.068975
1743470189.085092
1743470189.101086
1743470189.116850
1743470189.132779
1743470189.148788
1743470189.165074
1743470189.181046
1743470189.197004
1743470189.213010
1743470189.229108
1743470189.245183
1743470189.277506
1743470189.309497
1743470189.341083
1743470189.356811
1743470189.372937
1743470189.388909
1743470189.404739
1743470189.421086
1743470189.436964
1743470189.452903
1743470189.469082
1743470189.484898
1743470189.501186
1743470189.516952
1743470189.533136
1743470189.549131
1743470189.565102
1743470189.597489
1743470189.629301
1743470189.661266
1743470189.693010
1743470189.708721
1743470189.724878
1743470189.740858
1743470189.756960
1743470189.773176
1743470189.788847
1743470189.804988
1743470189.820991
1743470189.837388
1743470189.853113
1743470189.869065
1743470189.885169
1743470189.917685
1743470189.948958
1743470189.964718
1743470189.980937
1743470189.996826
1743470190.013096
1743470190.028801
1743470190.044856
1743470190.060953
1743470190.076806
1743470190.092822
1743470190.109035
1743470190.141417
1743470190.156960
1743470190.173136
1743470190.189049
1743470190.204989
1743470190.221003
1743470190.253309
1743470190.268710
1743470190.285090
1743470190.300789
1743470190.316752
1743470190.332766
1743470190.348796
1743470190.364803
1743470190.381042
1743470190.396840
1743470190.413118
1743470190.429149
1743470190.445007
1743470190.460934
1743470190.476988
1743470190.492985
1743470190.508991
1743470190.525110
1743470190.541078
1743470190.573492
1743470190.604770
1743470190.620850
1743470190.637006
1743470190.653014
1743470190.668939
1743470190.684998
1743470190.700910
1743470190.716907
1743470190.732764
1743470190.748807
1743470190.764867
1743470190.780923
1743470190.796955
1743470190.813130
1743470190.828982
1743470190.845000
1743470190.861003
1743470190.893659
1743470190.925290
1743470190.956816
1743470190.972726
1743470190.988972
1743470191.004953
1743470191.020789
1743470191.036842
1743470191.052937
1743470191.068998
1743470191.084931
1743470191.101028
1743470191.116969
1743470191.133149
1743470191.148897
1743470191.164904
1743470191.181074
1743470191.197048
1743470191.229314
1743470191.261066
1743470191.293012
1743470191.308506
1743470191.325052
1743470191.340790
1743470191.356827
1743470191.373057
1743470191.388818
1743470191.404778
1743470191.420974
1743470191.436958
1743470191.452418
1743470191.469132
1743470191.485062
1743470191.501194
1743470191.517016
1743470191.549341
1743470191.581214
1743470191.613292
1743470191.645036
1743470191.677339
1743470191.709285
1743470191.741448
1743470191.757027
1743470191.773076
1743470191.788937
1743470191.805279
1743470191.820959
1743470191.837008
1743470191.869423
1743470191.901133
1743470191.932981
1743470191.948626
1743470191.964717
1743470191.980742
1743470191.996838
1743470192.029448
1743470192.061230
1743470192.093419
1743470192.125308
1743470192.157700
1743470192.204798
1743470192.237007
1743470192.268934
1743470192.300977
1743470192.333169
1743470192.365550
1743470192.397364
1743470192.429592
1743470192.461540
1743470192.493424
1743470192.525501
1743470192.557146
1743470192.588829
1743470192.604975
1743470192.620991
1743470192.652894
1743470192.668898
1743470192.685089
1743470192.700995
1743470192.733177
1743470192.765388
1743470192.797532
1743470192.845107
1743470192.877111
1743470192.909339
1743470192.941391
1743470192.972818
1743470193.004854
1743470193.021003
1743470193.037381
1743470193.069153
1743470193.101355
1743470193.133472
1743470193.181428
1743470193.213106
1743470193.245119
1743470193.277151
1743470193.309174
1743470193.341290
1743470193.372728
1743470193.388902
1743470193.421018
1743470193.453142
1743470193.500596
1743470193.533079
1743470193.565272
1743470193.597153
1743470193.629405
1743470193.661366
1743470193.692995
1743470193.725326
1743470193.757398
1743470193.789163
1743470193.821282
1743470193.852724
1743470193.868810
1743470193.901275
1743470193.933049
1743470193.965428
1743470193.997134
1743470194.029247
1743470194.061431
1743470194.093362
1743470194.125369
1743470194.157511
1743470194.188747
1743470194.220603
1743470194.236893
1743470194.268857
1743470194.300841
1743470194.333176
1743470194.365533
1743470194.397284
1743470194.429398
1743470194.477071
1743470194.509066
1743470194.541210
1743470194.573049
1743470194.604855
1743470194.637015
1743470194.668855
1743470194.701066
1743470194.733351
1743470194.765452
1743470194.797191
1743470194.829175
1743470194.861085
1743470194.893128
1743470194.924987
1743470194.956964
1743470194.988919
1743470195.020948
1743470195.036924
1743470195.068896
1743470195.084878
1743470195.132801
1743470195.165228
1743470195.196947
1743470195.229152
1743470195.261347
1743470195.293243
1743470195.325208
1743470195.357494
1743470195.389125
1743470195.421235
1743470195.453249
1743470195.484661
1743470195.516935
1743470195.549194
1743470195.581101
1743470195.613434
1743470195.645265
1743470195.677525
1743470195.709321
1743470195.741290
1743470195.773340
1743470195.804723
1743470195.836919
1743470195.869300
1743470195.901115
1743470195.933056
1743470195.965192
1743470195.997314
1743470196.029609
1743470196.061602
1743470196.109096
1743470196.141219
1743470196.172820
1743470196.204835
1743470196.236720
1743470196.252751
1743470196.284826
1743470196.317178
1743470196.348984
1743470196.381359
1743470196.429047
1743470196.460956
1743470196.493296
1743470196.525291
1743470196.557111
1743470196.588738
1743470196.620921
1743470196.636852
1743470196.669019
1743470196.701073
1743470196.748634
1743470196.780986
1743470196.813018
1743470196.845067
1743470196.877169
1743470196.909106
1743470196.941349
1743470196.972919
1743470197.004916
1743470197.020892
1743470197.037484
1743470197.084772
1743470197.117160
1743470197.148978
1743470197.181252
1743470197.213167
1743470197.245088
1743470197.277221
1743470197.309473
1743470197.341389
1743470197.372919
1743470197.405214
1743470197.436620
1743470197.452741
1743470197.484830
1743470197.517011
1743470197.549221
1743470197.581534
1743470197.613074
1743470197.645373
1743470197.677284
1743470197.725161
1743470197.757151
1743470197.788775
1743470197.820558
1743470197.836678
1743470197.852902
1743470197.884830
1743470197.917190
1743470197.949229
1743470197.981362
1743470198.013512
1743470198.061303
1743470198.092971
1743470198.125209
1743470198.157003
1743470198.189087
1743470198.220999
1743470198.252931
1743470198.285186
1743470198.317143
1743470198.349471
1743470198.381345
1743470198.412990
1743470198.445031
1743470198.477143
1743470198.509275
1743470198.541080
1743470198.572823
1743470198.604928
1743470198.636816
1743470198.652877
1743470198.700782
1743470198.733367
1743470198.764974
1743470198.797469
1743470198.829120
1743470198.861239
1743470198.893416
1743470198.925650
1743470198.957404
1743470198.989089
1743470199.036437
1743470199.052568
1743470199.068752
1743470199.084717
1743470199.116985
1743470199.149116
1743470199.180992
1743470199.212983
1743470199.245301
1743470199.277263
1743470199.309451
1743470199.356843
1743470199.388423
1743470199.404819
1743470199.436761
1743470199.453068
1743470199.484908
1743470199.516934
1743470199.549145
1743470199.581311
1743470199.613377
1743470199.645329
1743470199.677310
1743470199.709153
1743470199.740975
1743470199.772977
1743470199.804737
1743470199.820901
1743470199.853076
1743470199.884803
1743470199.917031
1743470199.949178
1743470199.981322
1743470200.013304
1743470200.045087
1743470200.077147
1743470200.108981
1743470200.141003
1743470200.172866
1743470200.204632
1743470200.220910
1743470200.253153
1743470200.285147
1743470200.332809
1743470200.365211
1743470200.396994
1743470200.429155
1743470200.460977
1743470200.493049
1743470200.525445
1743470200.557215
1743470200.589131
1743470200.621183
1743470200.653260
1743470200.684688
1743470200.716877
1743470200.748805
1743470200.781142
1743470200.812958
1743470200.845110
1743470200.877456
1743470200.909543
1743470200.941203
1743470200.988721
1743470201.020617
1743470201.052731
1743470201.084628
1743470201.100736
1743470201.132995
1743470201.165179
1743470201.197074
1743470201.229168
1743470201.261255
1743470201.309074
1743470201.341006
1743470201.372671
1743470201.404756
1743470201.436667
1743470201.468734
1743470201.500954
1743470201.533377
1743470201.565227
1743470201.597168
1743470201.629563
1743470201.661076
1743470201.693218
1743470201.724973
1743470201.757283
1743470201.788748
1743470201.804888
1743470201.836876
1743470201.868840
1743470201.884958
1743470201.900862
1743470201.933098
1743470201.965336
1743470201.997092
1743470202.029133
1743470202.060878
1743470202.093035
1743470202.125043
1743470202.157138
1743470202.188872
1743470202.220760
1743470202.236811
1743470202.253026
1743470202.285025
1743470202.316877
1743470202.348773
1743470202.380880
1743470202.413272
1743470202.445222
1743470202.476982
1743470202.509534
1743470202.541168
1743470202.573250
1743470202.604993
1743470202.636845
1743470202.668581
1743470202.700880
1743470202.716820
1743470202.748965
1743470202.781035
1743470202.813028
1743470202.845040
1743470202.877236
1743470202.909315
1743470202.941553
1743470202.973256
1743470203.004585
1743470203.036677
1743470203.052695
1743470203.069091
1743470203.100979
1743470203.132942
1743470203.165540
1743470203.197162
1743470203.229135
1743470203.261331
1743470203.292852
1743470203.324920
1743470203.356665
1743470203.388658
1743470203.404668
1743470203.436625
1743470203.452600
1743470203.469140
1743470203.501110
1743470203.531914
1743470203.579761
1743470203.611694
1743470203.643706
1743470203.660964
1743470203.693155
1743470203.724621
1743470203.740594
1743470203.756823
1743470203.788771
1743470203.820843
1743470203.837262
1743470203.869261
1743470203.916595
1743470203.948799
1743470203.981095
1743470204.013100
1743470204.045269
1743470204.077022
1743470204.109024
1743470204.141547
1743470204.173435
1743470204.204998
1743470204.237388
1743470204.268779
1743470204.300878
1743470204.332814
1743470204.365281
1743470204.397119
1743470204.429172
1743470204.461374
1743470204.493362
1743470204.525424
1743470204.557368
1743470204.588483
1743470204.604475
1743470204.620542
1743470204.636748
1743470204.668723
1743470204.701026
1743470204.733061
1743470204.765233
1743470204.797109
1743470204.829171
1743470204.861346
1743470204.893233
1743470204.924768
1743470204.956652
1743470204.988541
1743470205.004773
1743470205.036819
1743470205.068717
1743470205.084743
1743470205.100768
1743470205.133067
1743470205.165186
1743470205.212977
1743470205.244825
1743470205.276996
1743470205.309017
1743470205.340813
1743470205.372567
1743470205.404709
1743470205.436837
1743470205.452891
1743470205.468739
1743470205.484842
1743470205.533009
1743470205.565028
1743470205.597169
1743470205.628872
1743470205.661396
1743470205.693137
1743470205.725038
1743470205.757141
1743470205.788883
1743470205.820902
1743470205.836911
1743470205.869582
1743470205.900832
1743470205.933099
1743470205.965196
1743470205.996955
1743470206.028908
1743470206.061235
1743470206.093316
1743470206.125236
1743470206.157104
1743470206.189116
1743470206.220434
1743470206.252643
1743470206.268537
1743470206.284587
1743470206.300663
1743470206.332996
1743470206.365180
1743470206.397023
1743470206.429096
1743470206.461090
1743470206.508794
1743470206.540899
1743470206.572641
1743470206.604530
1743470206.620594
1743470206.652527
1743470206.684757
1743470206.716826
1743470206.748975
1743470206.781462
1743470206.813358
1743470206.845111
1743470206.877017
1743470206.909082
1743470206.940979
1743470206.972584
1743470207.004673
1743470207.036834
1743470207.068928
1743470207.100869
1743470207.133000
1743470207.165193
1743470207.196979
1743470207.228776
1743470207.260989
1743470207.292967
1743470207.324894
1743470207.356975
1743470207.388874
1743470207.421019
1743470207.453017
1743470207.485378
1743470207.516918
1743470207.548713
1743470207.581164
1743470207.612951
1743470207.644947
1743470207.676998
1743470207.709076
1743470207.741250
1743470207.772939
1743470207.820495
1743470207.852434
1743470207.884556
1743470207.916737
1743470207.948698
1743470207.980885
1743470208.013105
1743470208.045076
1743470208.077131
1743470208.109401
1743470208.141149
1743470208.172466
1743470208.204410
1743470208.220453
1743470208.252519
1743470208.284852
1743470208.316761
1743470208.348907
1743470208.380955
1743470208.413275
1743470208.460918
1743470208.493053
1743470208.525272
1743470208.556807
1743470208.588527
1743470208.620477
1743470208.636654
1743470208.668648
1743470208.684765
1743470208.700745
1743470208.733048
1743470208.765128
1743470208.797404
1743470208.828838
1743470208.860991
1743470208.892419
1743470208.925284
1743470208.956968
1743470208.988650
1743470209.020776
1743470209.052805
1743470209.084786
1743470209.116891
1743470209.148977
1743470209.180720
1743470209.212935
1743470209.245076
1743470209.276978
1743470209.309174
1743470209.341195
1743470209.372867
1743470209.404821
1743470209.437435
1743470209.468737
1743470209.500734
1743470209.532862
1743470209.564896
1743470209.596795
1743470209.628974
1743470209.660968
1743470209.693049
1743470209.725103
1743470209.772787
1743470209.804651
1743470209.836707
1743470209.868659
1743470209.884642
1743470209.900713
1743470209.932869
1743470209.964976
1743470209.997001
1743470210.029116
1743470210.060980
1743470210.093121
1743470210.125114
1743470210.156396
1743470210.188510
1743470210.204467
1743470210.236711
1743470210.268595
1743470210.300760
1743470210.332911
1743470210.365208
1743470210.412819
1743470210.444397
1743470210.477012
1743470210.509247
1743470210.540930
1743470210.572612
1743470210.604786
1743470210.636702
1743470210.668744
1743470210.700838
1743470210.748509
1743470210.780803
1743470210.812869
1743470210.844758
1743470210.876990
1743470210.908920
1743470210.941252
1743470210.972759
1743470210.988664
1743470211.020773
1743470211.036777
1743470211.069192
1743470211.100648
1743470211.132885
1743470211.164929
1743470211.196850
1743470211.228903
1743470211.260933
1743470211.292752
1743470211.325213
1743470211.357008
1743470211.389062
1743470211.420424
1743470211.452715
1743470211.484658
1743470211.516761
1743470211.548711
1743470211.581180
1743470211.612934
1743470211.645214
1743470211.677082
1743470211.724740
1743470211.756739
1743470211.788469
1743470211.820353
1743470211.852413
1743470211.884801
1743470211.916812
1743470211.948838
1743470211.981335
1743470212.012982
1743470212.045070
1743470212.076774
1743470212.108640
1743470212.140881
1743470212.156400
1743470212.172437
1743470212.188593
1743470212.220568
1743470212.252437
1743470212.268517
1743470212.284667
1743470212.300887
1743470212.332947
1743470212.365132
1743470212.396960
1743470212.429045
1743470212.460781
1743470212.492859
1743470212.524584
1743470212.556679
1743470212.588547
1743470212.620854
1743470212.652747
1743470212.668643
1743470212.700987
1743470212.732715
1743470212.764928
1743470212.796965
1743470212.829095
1743470212.860895
1743470212.892966
1743470212.925266
1743470212.957008
1743470212.988642
1743470213.020930
1743470213.052408
1743470213.068332
1743470213.084702
1743470213.116808
1743470213.148879
1743470213.180898
1743470213.213074
1743470213.244964
1743470213.277305
1743470213.309084
1743470213.341099
1743470213.372493
1743470213.404468
1743470213.420659
1743470213.452553
1743470213.484767
1743470213.516729
1743470213.548976
1743470213.581089
1743470213.613196
1743470213.644935
1743470213.677078
1743470213.708793
1743470213.740784
1743470213.772551
1743470213.804500
1743470213.820750
1743470213.852548
1743470213.884489
1743470213.900569
1743470213.916525
1743470213.949021
1743470213.996806
1743470214.028975
1743470214.061044
1743470214.092654
1743470214.125205
1743470214.156708
1743470214.172439
1743470214.188688
1743470214.220396
1743470214.252189
1743470214.269308
1743470214.315727
1743470214.349247
1743470214.380754
1743470214.413053
1743470214.444824
1743470214.477119
1743470214.508869
1743470214.541046
1743470214.572614
1743470214.588958
1743470214.621043
1743470214.652978
1743470214.684488
1743470214.716753
1743470214.748877
1743470214.780872
1743470214.812673
1743470214.844880
1743470214.876892
1743470214.909088
1743470214.941250
1743470214.973024
1743470215.004491
1743470215.036296
1743470215.052438
1743470215.068562
1743470215.100797
1743470215.132726
1743470215.164915
1743470215.196982
1743470215.229107
1743470215.261088
1743470215.293079
1743470215.324750
1743470215.356493
1743470215.388372
1743470215.420192
1743470215.436405
1743470215.468621
1743470215.500761
1743470215.532819
1743470215.565207
1743470215.596898
1743470215.629193
1743470215.661041
1743470215.692684
1743470215.724804
1743470215.756756
1743470215.788584
1743470215.820473
1743470215.836523
1743470215.852634
1743470215.884818
1743470215.916925
1743470215.948858
1743470215.980948
1743470216.012964
1743470216.045189
1743470216.076828
1743470216.108971
1743470216.140794
1743470216.172703
1743470216.188601
1743470216.220898
1743470216.268437
1743470216.300890
1743470216.332748
1743470216.364872
1743470216.396875
1743470216.428853
1743470216.461086
1743470216.492966
1743470216.524984
1743470216.556517
1743470216.572815
1743470216.605065
1743470216.636612
1743470216.668512
1743470216.700691
1743470216.732818
1743470216.764684
1743470216.796902
1743470216.828590
1743470216.861004
1743470216.892922
1743470216.924733
1743470216.956748
1743470216.988431
1743470217.020625
1743470217.052796
1743470217.084497
1743470217.116772
1743470217.148875
1743470217.181239
1743470217.213064
1743470217.245016
1743470217.276819
1743470217.308825
1743470217.341008
1743470217.372685
1743470217.404457
1743470217.420639
1743470217.452736
1743470217.484651
1743470217.516767
1743470217.548854
1743470217.580979
1743470217.612918
1743470217.644665
1743470217.676761
1743470217.708932
1743470217.741120
1743470217.772691
1743470217.804683
1743470217.836484
1743470217.852497
1743470217.868676
1743470217.901017
1743470217.932696
1743470217.964921
1743470217.996823
1743470218.028970
1743470218.060907
1743470218.092988
1743470218.125056
1743470218.157194
1743470218.188632
1743470218.221055
1743470218.252725
1743470218.284462
1743470218.316671
1743470218.348913
1743470218.381156
1743470218.413071
1743470218.444716
1743470218.476911
1743470218.509164
1743470218.556705
1743470218.588459
1743470218.620370
1743470218.652227
1743470218.668474
1743470218.700731
1743470218.732904
1743470218.765053
1743470218.796931
1743470218.828830
1743470218.877041
1743470218.908798
1743470218.940692
1743470218.972295
1743470218.988402
1743470219.020480
1743470219.036494
1743470219.068645
1743470219.101022
1743470219.132870
1743470219.164901
1743470219.196855
1743470219.228958
1743470219.260694
1743470219.293010
1743470219.324722
1743470219.356422
1743470219.372537
1743470219.404464
1743470219.436561
1743470219.468507
1743470219.484471
1743470219.500629
1743470219.533065
1743470219.564625
1743470219.596646
1743470219.628870
1743470219.661102
1743470219.693032
1743470219.724783
1743470219.756719
1743470219.788547
1743470219.804478
1743470219.820536
1743470219.852755
1743470219.884357
1743470219.916831
1743470219.948629
1743470219.980850
1743470220.012955
1743470220.045126
1743470220.076997
1743470220.109201
1743470220.140832
1743470220.172884
1743470220.204437
1743470220.220263
1743470220.236364
1743470220.268583
1743470220.300700
1743470220.332711
1743470220.364865
1743470220.396911
1743470220.429072
1743470220.461175
1743470220.508750
1743470220.540798
1743470220.572575
1743470220.604293
1743470220.636506
1743470220.668529
1743470220.684867
1743470220.716877
1743470220.748811
1743470220.781147
1743470220.828747
1743470220.860790
1743470220.892513
1743470220.924705
1743470220.956939
1743470220.988431
1743470221.020291
1743470221.036410
1743470221.052511
1743470221.084913
1743470221.116974
1743470221.148864
1743470221.180881
1743470221.212805
1743470221.244649
1743470221.276862
1743470221.308728
1743470221.340797
1743470221.372709
1743470221.404430
1743470221.420440
1743470221.436650
1743470221.484467
1743470221.516486
1743470221.548449
1743470221.580888
1743470221.612830
1743470221.644686
1743470221.677008
1743470221.709128
1743470221.740928
1743470221.772827
1743470221.804878
1743470221.836345
1743470221.868278
1743470221.900592
1743470221.932895
1743470221.964832
1743470221.996884
1743470222.028816
1743470222.060820
1743470222.093140
1743470222.124825
1743470222.156848
1743470222.188424
1743470222.220486
1743470222.236353
1743470222.268721
1743470222.300816
1743470222.332657
1743470222.364896
1743470222.397149
1743470222.428754
1743470222.460913
1743470222.492636
1743470222.524712
1743470222.556589
1743470222.588432
1743470222.620264
1743470222.636377
1743470222.652498
1743470222.668629
1743470222.700720
1743470222.732827
1743470222.780421
1743470222.812595
1743470222.844685
1743470222.876766
1743470222.908695
1743470222.940678
1743470222.972625
1743470223.004409
1743470223.020447
1743470223.036466
1743470223.068707
1743470223.101192
1743470223.132586
1743470223.164813
1743470223.196777
1743470223.228728
1743470223.260767
1743470223.292889
1743470223.324925
1743470223.356994
1743470223.388460
1743470223.436392
1743470223.468354
1743470223.500764
1743470223.532693
1743470223.564835
1743470223.596972
1743470223.628681
1743470223.661166
1743470223.692917
1743470223.724892
1743470223.756818
1743470223.788097
1743470223.804257
1743470223.836561
1743470223.868482
1743470223.900474
1743470223.932590
1743470223.964984
1743470223.996869
1743470224.028963
1743470224.076555
1743470224.108799
1743470224.140852
1743470224.172412
1743470224.204238
1743470224.236460
1743470224.252278
1743470224.268533
1743470224.300723
1743470224.332897
1743470224.364916
1743470224.412743
1743470224.444701
1743470224.476631
1743470224.508872
1743470224.540536
1743470224.572450
1743470224.604379
1743470224.636482
1743470224.668431
1743470224.684565
1743470224.732279
1743470224.764694
1743470224.796156
1743470224.828632
1743470224.860721
1743470224.892568
1743470224.924602
1743470224.956306
1743470224.972257
1743470224.988357
1743470225.020034
1743470225.052180
1743470225.068230
1743470225.084308
1743470225.100310
1743470225.132000
1743470225.164063
1743470225.196120
1743470225.228955
1743470225.260796
1743470225.292817
1743470225.325218
1743470225.356718
1743470225.389008
1743470225.420245
1743470225.436398
1743470225.468546
1743470225.500440
1743470225.532700
1743470225.564760
1743470225.596819
1743470225.628879
1743470225.660891
1743470225.708543
1743470225.740667
1743470225.772212
1743470225.788302
1743470225.804188
1743470225.836557
1743470225.868498
1743470225.900655
1743470225.932792
1743470225.964762
1743470225.996928
1743470226.029213
1743470226.060593
1743470226.092449
1743470226.124898
1743470226.156582
1743470226.188469
1743470226.220370
1743470226.252331
1743470226.268402
1743470226.284424
1743470226.300588
1743470226.332705
1743470226.364943
1743470226.396649
1743470226.428518
1743470226.460688
1743470226.492465
1743470226.524682
1743470226.556621
1743470226.588545
1743470226.620490
1743470226.652555
1743470226.684753
1743470226.716524
1743470226.748574
1743470226.780562
1743470226.812708
1743470226.844567
1743470226.876656
1743470226.909044
1743470226.941038
1743470226.972654
1743470227.004744
1743470227.036144
1743470227.068229
1743470227.084149
1743470227.100393
1743470227.132491
1743470227.164740
1743470227.196740
1743470227.229038
1743470227.260814
1743470227.292887
1743470227.340475
1743470227.372300
1743470227.404094
1743470227.436330
1743470227.452403
1743470227.468372
1743470227.500366
1743470227.532640
1743470227.564956
1743470227.596722
1743470227.628828
1743470227.660888
1743470227.692593
1743470227.724672
1743470227.756484
1743470227.788497
1743470227.820168
1743470227.836374
1743470227.868455
1743470227.900646
1743470227.932875
1743470227.980418
1743470228.012502
1743470228.044401
1743470228.076811
1743470228.108593
1743470228.141157
1743470228.172661
1743470228.204645
1743470228.236438
1743470228.252391
1743470228.268486
1743470228.284518
1743470228.316998
1743470228.348442
1743470228.380705
1743470228.412550
1743470228.444619
1743470228.476999
1743470228.508637
1743470228.540874
1743470228.572482
1743470228.604546
1743470228.636538
1743470228.668274
1743470228.700577
1743470228.732477
1743470228.764430
1743470228.796705
1743470228.828686
1743470228.860861
1743470228.892741
1743470228.924859
1743470228.956873
1743470228.988126
1743470229.020166
1743470229.052453
1743470229.084383
1743470229.116667
1743470229.148597
1743470229.180860
1743470229.212709
1743470229.244760
1743470229.292489
1743470229.324622
1743470229.356801
1743470229.388187
1743470229.420347
1743470229.436251
1743470229.452484
1743470229.484321
1743470229.516715
1743470229.548869
1743470229.580762
1743470229.612813
1743470229.644580
1743470229.676824
1743470229.708648
1743470229.740701
1743470229.772313
1743470229.804310
1743470229.820610
1743470229.852441
1743470229.884366
1743470229.900338
1743470229.932999
1743470229.964716
1743470229.996685
1743470230.028715
1743470230.060624
1743470230.092593
1743470230.124689
1743470230.156386
1743470230.188506
1743470230.220616
1743470230.268250
1743470230.284066
1743470230.300082
1743470230.316044
1743470230.332189
1743470230.364716
1743470230.396562
1743470230.428862
1743470230.460681
1743470230.493158
1743470230.524732
1743470230.557120
1743470230.588743
1743470230.620047
1743470230.636206
1743470230.668248
1743470230.700299
1743470230.732531
1743470230.764655
1743470230.796765
1743470230.828606
1743470230.861149
1743470230.908414
1743470230.940903
1743470230.972552
1743470231.004464
1743470231.036292
1743470231.068414
1743470231.100415
1743470231.132595
1743470231.164816
1743470231.196687
1743470231.244378
1743470231.276454
1743470231.308548
1743470231.340572
1743470231.372417
1743470231.404431
1743470231.436280
1743470231.468486
1743470231.500478
1743470231.532626
1743470231.564885
1743470231.596693
1743470231.628403
1743470231.660624
1743470231.692462
1743470231.724613
1743470231.756614
1743470231.788408
1743470231.820415
1743470231.852415
1743470231.884649
1743470231.915847
1743470231.948632
1743470231.980644
1743470232.012557
1743470232.044527
1743470232.076558
1743470232.108933
1743470232.140665
1743470232.172285
1743470232.220429
1743470232.252147
1743470232.268338
1743470232.284489
1743470232.300749
1743470232.332474
1743470232.364357
1743470232.396825
1743470232.428479
1743470232.460742
1743470232.492887
1743470232.540395
1743470232.572127
1743470232.604354
1743470232.636029
1743470232.652293
1743470232.684389
1743470232.716455
1743470232.748555
1743470232.780756
1743470232.812608
1743470232.860535
1743470232.892372
1743470232.924398
1743470232.956612
1743470232.988144
1743470233.020109
1743470233.052374
1743470233.084291
1743470233.116441
1743470233.149178
1743470233.196482
1743470233.227942
1743470233.260626
1743470233.292406
1743470233.324544
1743470233.356490
1743470233.388315
1743470233.404475
1743470233.436439
1743470233.468339
1743470233.516114
1743470233.548407
1743470233.580299
1743470233.612533
1743470233.644711
1743470233.676619
1743470233.708477
1743470233.740992
1743470233.772445
1743470233.788522
1743470233.835851
1743470233.868368
1743470233.900495
1743470233.932617
1743470233.964551
1743470233.996484
1743470234.028644
1743470234.060353
1743470234.092446
1743470234.124656
1743470234.172415
1743470234.203993
1743470234.235967
1743470234.268147
1743470234.300298
1743470234.315776
1743470234.332008
1743470234.364675
1743470234.396058
1743470234.412554
1743470234.444813
1743470234.492310
1743470234.524590
1743470234.556514
1743470234.588132
1743470234.620095
1743470234.652282
1743470234.684402
1743470234.716478
1743470234.748550
1743470234.780791
1743470234.812961
1743470234.844448
1743470234.876469
1743470234.908603
1743470234.940507
1743470234.972066
1743470235.004395
1743470235.036261
1743470235.052460
1743470235.068339
1743470235.100571
1743470235.148111
1743470235.180453
1743470235.212534
1743470235.244339
1743470235.276618
1743470235.308382
1743470235.340795
1743470235.372788
1743470235.404468
1743470235.420642
1743470235.468005
1743470235.500288
1743470235.532450
1743470235.564551
1743470235.596476
1743470235.628732
1743470235.660540
1743470235.692692
1743470235.724844
1743470235.756550
1743470235.788849
1743470235.820133
1743470235.851928
1743470235.884192
1743470235.916400
1743470235.948510
1743470235.980532
1743470236.012666
1743470236.044727
1743470236.076643
1743470236.124223
1743470236.156531
1743470236.188115
1743470236.220188
1743470236.236354
1743470236.268191
1743470236.300214
1743470236.332407
1743470236.347904
1743470236.364151
1743470236.397017
1743470236.444475
1743470236.476453
1743470236.508523
1743470236.540600
1743470236.572251
1743470236.604253
1743470236.636235
1743470236.668448
1743470236.700460
1743470236.732485
1743470236.764751
1743470236.796464
1743470236.828398
1743470236.860519
1743470236.892666
1743470236.924538
1743470236.956572
1743470236.988230
1743470237.020289
1743470237.036297
1743470237.068413
1743470237.100909
1743470237.132426
1743470237.164587
1743470237.195169
1743470237.212430
1743470237.244946
1743470237.276677
1743470237.308143
1743470237.340913
1743470237.372756
1743470237.419871
1743470237.452001
1743470237.484187
1743470237.516342
1743470237.548375
1743470237.580488
1743470237.612588
1743470237.644834
1743470237.676679
1743470237.708747
1743470237.740828
1743470237.772421
1743470237.804036
1743470237.820317
1743470237.852144
1743470237.884376
1743470237.916239
1743470237.948572
1743470237.980801
1743470238.012642
1743470238.044652
1743470238.076800
1743470238.108466
1743470238.140617
1743470238.172448
1743470238.204208
1743470238.236136
1743470238.268239
1743470238.300483
1743470238.332411
1743470238.347913
1743470238.396295
1743470238.428425
1743470238.460609
1743470238.492476
1743470238.524479
1743470238.556532
1743470238.588426
1743470238.620393
1743470238.652587
1743470238.684328
1743470238.716814
1743470238.748282
1743470238.780384
1743470238.812450
1743470238.844728
1743470238.876654
1743470238.908733
1743470238.940970
1743470238.972386
1743470239.004204
1743470239.051960
1743470239.084035
1743470239.116309
1743470239.148260
1743470239.180561
1743470239.212615
1743470239.244670
1743470239.276697
1743470239.308898
1743470239.340686
1743470239.372767
1743470239.404329
1743470239.436361
1743470239.467996
1743470239.484081
1743470239.500211
1743470239.532346
1743470239.564711
1743470239.596604
1743470239.628648
1743470239.660785
1743470239.692659
1743470239.724285
1743470239.755868
1743470239.788282
1743470239.819835
1743470239.851965
1743470239.868167
1743470239.884312
1743470239.900235
1743470239.932503
1743470239.964620
1743470239.996726
1743470240.028691
1743470240.060393
1743470240.092571
1743470240.124386
1743470240.156406
1743470240.187979
1743470240.203978
1743470240.236161
1743470240.268284
1743470240.300210
1743470240.348035
1743470240.380304
1743470240.412447
1743470240.444297
1743470240.476487
1743470240.508566
1743470240.540493
1743470240.572207
1743470240.604396
1743470240.636160
1743470240.668559
1743470240.700280
1743470240.732365
1743470240.764492
1743470240.796552
1743470240.828520
1743470240.860487
1743470240.892710
1743470240.924596
1743470240.956664
1743470241.003916
1743470241.035881
1743470241.068139
1743470241.100338
1743470241.132428
1743470241.164471
1743470241.196697
1743470241.228737
1743470241.260577
1743470241.292622
1743470241.324899
1743470241.356255
1743470241.388120
1743470241.404089
1743470241.420013
1743470241.452107
1743470241.484306
1743470241.516630
1743470241.548457
1743470241.580498
1743470241.612577
1743470241.644631
1743470241.676270
1743470241.708529
1743470241.740537
1743470241.772208
1743470241.803954
1743470241.836225
1743470241.868261
1743470241.900247
1743470241.932422
1743470241.980331
1743470242.012404
1743470242.044341
1743470242.076297
1743470242.108615
1743470242.140449
1743470242.172107
1743470242.204290
1743470242.236249
1743470242.268511
1743470242.300687
1743470242.332385
1743470242.364293
1743470242.396535
1743470242.428348
1743470242.460798
1743470242.492404
1743470242.524620
1743470242.556459
1743470242.588301
1743470242.620290
1743470242.652060
1743470242.683933
1743470242.716360
1743470242.748171
1743470242.780221
1743470242.812430
1743470242.844487
1743470242.876472
1743470242.908535
1743470242.956314
1743470242.987947
1743470243.019830
1743470243.036089
1743470243.068176
1743470243.100191
1743470243.132289
1743470243.164569
1743470243.196705
1743470243.228724
1743470243.276258
1743470243.308487
1743470243.340385
1743470243.372049
1743470243.404072
1743470243.436171
1743470243.468155
1743470243.500215
1743470243.532530
1743470243.564553
1743470243.596585
1743470243.628286
1743470243.660308
1743470243.692119
1743470243.724416
1743470243.756403
1743470243.787935
1743470243.820199
1743470243.836085
1743470243.852203
1743470243.884215
1743470243.900142
1743470243.932818
1743470243.964375
1743470243.996539
1743470244.028043
1743470244.059822
1743470244.092608
1743470244.124357
1743470244.156694
1743470244.188335
1743470244.204440
1743470244.251812
1743470244.284154
1743470244.316250
1743470244.348347
1743470244.380337
1743470244.412741
1743470244.444467
1743470244.476531
1743470244.508409
1743470244.540503
1743470244.572412
1743470244.603832
1743470244.636037
1743470244.668183
1743470244.700151
1743470244.732364
1743470244.764502
1743470244.796537
1743470244.828527
1743470244.860586
1743470244.908039
1743470244.940262
1743470244.971797
1743470245.003898
1743470245.036015
1743470245.068148
1743470245.100217
1743470245.132599
1743470245.164464
1743470245.196609
1743470245.228753
1743470245.260368
1743470245.292515
1743470245.324409
1743470245.356188
1743470245.388156
1743470245.420025
1743470245.436054
1743470245.468230
1743470245.500403
1743470245.547759
1743470245.580206
1743470245.612425
1743470245.644758
1743470245.676417
1743470245.708331
1743470245.740566
1743470245.772373
1743470245.804204
1743470245.836325
1743470245.883943
1743470245.916259
1743470245.948031
1743470245.980197
1743470246.012582
1743470246.044292
1743470246.076264
1743470246.108594
1743470246.140510
1743470246.172233
1743470246.204539
1743470246.236026
1743470246.252072
1743470246.284035
1743470246.316241
1743470246.348399
1743470246.380600
1743470246.412822
1743470246.444278
1743470246.476508
1743470246.524158
1743470246.556148
1743470246.587892
1743470246.603979
1743470246.636088
1743470246.668031
1743470246.700385
1743470246.732279
1743470246.764429
1743470246.796412
1743470246.828530
1743470246.860794
1743470246.892278
1743470246.924229
1743470246.956554
1743470246.987993
1743470247.020004
1743470247.036182
1743470247.068127
1743470247.100202
1743470247.132385
1743470247.179969
1743470247.212237
1743470247.244368
1743470247.276428
1743470247.308317
1743470247.340276
1743470247.372109
1743470247.403870
1743470247.419959
1743470247.436281
1743470247.468310
1743470247.500366
1743470247.532123
1743470247.564225
1743470247.596289
1743470247.628372
1743470247.660207
1743470247.692226
1743470247.723988
1743470247.756415
1743470247.788324
1743470247.835805
1743470247.867957
1743470247.900090
1743470247.932183
1743470247.964408
1743470247.996374
1743470248.028525
1743470248.060514
1743470248.092466
1743470248.124457
1743470248.156666
1743470248.188088
1743470248.204203
1743470248.235889
1743470248.267941
1743470248.300430
1743470248.332235
1743470248.364470
1743470248.396266
1743470248.411727
1743470248.427989
1743470248.444052
1743470248.476287
1743470248.508365
1743470248.540513
1743470248.572333
1743470248.604065
1743470248.620000
1743470248.652097
1743470248.684190
1743470248.716291
1743470248.748388
1743470248.780529
1743470248.812594
1743470248.844495
1743470248.876371
1743470248.908335
1743470248.940529
1743470248.972640
1743470249.004181
1743470249.020137
1743470249.052155
1743470249.084080
1743470249.131883
1743470249.164514
1743470249.196473
1743470249.228045
1743470249.260619
1743470249.292381
1743470249.324485
1743470249.356159
1743470249.388153
1743470249.420295
1743470249.452272
1743470249.483758
1743470249.516137
1743470249.548294
1743470249.580393
1743470249.612342
1743470249.644338
1743470249.676661
1743470249.708523
1743470249.740252
1743470249.787878
1743470249.819859
1743470249.851919
1743470249.884073
1743470249.916115
1743470249.948329
1743470249.980612
1743470250.012708
1743470250.044543
1743470250.076451
1743470250.108550
1743470250.140036
1743470250.171860
1743470250.187873
1743470250.204003
1743470250.236213
1743470250.267861
1743470250.283964
1743470250.300105
1743470250.332321
1743470250.364668
1743470250.396408
1743470250.428481
1743470250.460086
1743470250.492224
1743470250.524282
1743470250.556148
1743470250.588058
1743470250.620071
1743470250.651951
1743470250.668157
1743470250.700090
1743470250.732534
1743470250.764583
1743470250.796106
1743470250.828299
1743470250.860270
1743470250.892419
1743470250.924415
1743470250.956215
1743470250.988379
1743470251.020210
1743470251.052243
1743470251.084325
1743470251.116057
1743470251.148139
1743470251.180226
1743470251.212071
1743470251.244302
1743470251.276570
1743470251.308598
1743470251.340063
1743470251.372113
1743470251.404453
1743470251.435677
1743470251.468077
1743470251.500196
1743470251.532230
1743470251.564320
1743470251.596457
1743470251.628494
1743470251.660321
1743470251.692681
1743470251.740013
1743470251.771840
1743470251.803638
1743470251.835684
1743470251.867971
1743470251.900057
1743470251.932228
1743470251.964447
1743470251.996596
1743470252.028316
1743470252.060308
1743470252.092081
1743470252.124236
1743470252.156311
1743470252.187761
1743470252.204016
1743470252.236071
1743470252.268084
1743470252.299952
1743470252.332311
1743470252.380160
1743470252.412170
1743470252.444262
1743470252.476209
1743470252.508089
1743470252.540259
1743470252.571965
1743470252.604178
1743470252.636119
1743470252.668256
1743470252.684305
1743470252.716391
1743470252.748216
1743470252.780502
1743470252.812171
1743470252.844100
1743470252.876197
1743470252.908120
1743470252.940307
1743470252.972043
1743470253.003977
1743470253.036253
1743470253.067694
1743470253.100082
1743470253.132159
1743470253.164303
1743470253.196201
1743470253.228300
1743470253.260566
1743470253.292653
1743470253.324734
1743470253.356530
1743470253.387679
1743470253.403775
1743470253.435841
1743470253.467822
1743470253.500163
1743470253.532027
1743470253.564255
1743470253.596356
1743470253.628252
1743470253.660333
1743470253.692033
1743470253.724230
1743470253.756365
1743470253.787756
1743470253.803913
1743470253.819969
1743470253.852037
1743470253.883913
1743470253.916450
1743470253.948298
1743470253.980410
1743470254.012574
1743470254.044160
1743470254.076250
1743470254.108200
1743470254.140249
1743470254.171918
1743470254.204076
1743470254.236014
1743470254.268215
1743470254.300423
1743470254.332458
1743470254.364023
1743470254.396140
1743470254.428593
1743470254.460524
1743470254.492130
1743470254.524166
1743470254.556532
1743470254.588124
1743470254.620030
1743470254.667894
1743470254.700066
1743470254.732327
1743470254.764336
1743470254.796219
1743470254.828327
1743470254.860256
1743470254.892429
1743470254.924451
1743470254.956307
1743470254.988439
1743470255.019841
1743470255.035773
1743470255.051777
1743470255.067927
1743470255.100297
1743470255.132018
1743470255.164198
1743470255.196126
1743470255.228340
1743470255.260617
1743470255.307916
1743470255.340032
1743470255.371885
1743470255.403606
1743470255.419876
1743470255.436037
1743470255.467739
1743470255.499722
1743470255.532234
1743470255.564543
1743470255.596672
1743470255.643952
1743470255.676009
1743470255.708388
1743470255.740385
1743470255.772374
1743470255.803616
1743470255.819853
1743470255.851842
1743470255.868212
1743470255.900016
1743470255.932322
1743470255.964636
1743470255.996126
1743470256.027984
1743470256.060005
1743470256.092258
1743470256.124240
1743470256.156140
1743470256.187891
1743470256.204072
1743470256.220302
1743470256.252174
1743470256.284163
1743470256.316051
1743470256.348003
1743470256.380202
1743470256.412238
1743470256.444166
1743470256.476251
1743470256.508281
1743470256.540363
1743470256.572037
1743470256.619571
1743470256.651781
1743470256.683730
1743470256.715990
1743470256.748067
1743470256.780576
1743470256.812707
1743470256.844548
1743470256.876274
1743470256.908250
1743470256.940476
1743470256.971630
1743470257.003708
1743470257.035885
1743470257.067396
1743470257.083763
1743470257.099921
1743470257.132097
1743470257.164329
1743470257.196430
1743470257.228556
1743470257.260416
1743470257.291893
1743470257.324206
1743470257.356075
1743470257.388205
1743470257.419762
1743470257.436010
1743470257.468042
1743470257.500363
1743470257.532367
1743470257.564420
1743470257.596113
1743470257.628127
1743470257.660264
1743470257.692317
1743470257.723844
1743470257.756334
1743470257.787948
1743470257.804053
1743470257.836062
1743470257.868312
1743470257.915982
1743470257.947994
1743470257.980252
1743470258.012069
1743470258.044130
1743470258.076104
1743470258.108209
1743470258.140270
1743470258.172220
1743470258.203983
1743470258.236572
1743470258.267766
1743470258.299918
1743470258.332052
1743470258.364343
1743470258.396272
1743470258.428367
1743470258.460338
1743470258.492558
1743470258.524608
1743470258.571875
1743470258.603762
1743470258.635789
1743470258.667851
1743470258.700116
1743470258.732256
1743470258.764373
1743470258.796156
1743470258.828482
1743470258.860526
1743470258.892155
1743470258.924451
1743470258.956188
1743470258.987845
1743470259.019908
1743470259.051999
1743470259.083913
1743470259.115952
1743470259.148279
1743470259.180557
1743470259.212359
1743470259.244178
1743470259.276360
1743470259.308128
1743470259.340157
1743470259.371847
1743470259.403824
1743470259.436031
1743470259.468015
1743470259.499997
1743470259.547720
1743470259.579622
1743470259.612198
1743470259.644129
1743470259.676134
1743470259.708123
1743470259.740234
1743470259.771990
1743470259.804152
1743470259.836458
1743470259.868178
1743470259.899874
1743470259.932154
1743470259.964102
1743470259.996201
1743470260.028169
1743470260.060166
1743470260.092187
1743470260.124367
1743470260.156315
1743470260.188282
1743470260.219882
1743470260.251631
1743470260.283901
1743470260.315901
1743470260.348033
1743470260.380225
1743470260.412178
1743470260.444496
1743470260.476338
1743470260.524007
1743470260.555817
1743470260.587644
1743470260.619730
1743470260.651900
1743470260.683910
1743470260.715838
1743470260.748026
1743470260.780283
1743470260.812397
1743470260.844468
1743470260.875931
1743470260.908228
1743470260.940158
1743470260.971938
1743470261.003731
1743470261.019822
1743470261.051967
1743470261.068023
1743470261.100034
1743470261.132268
1743470261.164266
1743470261.196099
1743470261.227934
1743470261.260105
1743470261.292019
1743470261.324312
1743470261.356171
1743470261.387951
1743470261.420002
1743470261.451935
1743470261.499696
1743470261.532032
1743470261.564288
1743470261.595902
1743470261.628018
1743470261.660111
1743470261.692211
1743470261.724324
1743470261.756495
1743470261.788108
1743470261.820109
1743470261.851835
1743470261.883859
1743470261.915988
1743470261.948119
1743470261.979910
1743470262.012044
1743470262.044419
1743470262.076427
1743470262.108398
1743470262.140216
1743470262.171475
1743470262.187737
1743470262.203764
1743470262.235673
1743470262.251813
1743470262.268044
1743470262.284155
1743470262.315971
1743470262.347894
1743470262.380017
1743470262.412466
1743470262.444280
1743470262.476376
1743470262.508140
1743470262.539994
1743470262.571713
1743470262.603733
1743470262.635952
1743470262.667856
1743470262.700108
1743470262.732053
1743470262.764140
1743470262.796234
1743470262.828140
1743470262.860089
1743470262.891935
1743470262.924151
1743470262.955973
1743470262.987827
1743470263.019897
1743470263.051992
1743470263.083884
1743470263.116449
1743470263.147922
1743470263.180080
1743470263.212200
1743470263.244161
1743470263.276181
1743470263.308314
1743470263.340279
1743470263.371505
1743470263.387920
1743470263.419905
1743470263.452361
1743470263.483766
1743470263.516031
1743470263.547966
1743470263.579957
1743470263.612255
1743470263.643939
1743470263.676250
1743470263.708755
1743470263.740111
1743470263.772137
1743470263.803655
1743470263.819850
1743470263.851835
1743470263.883766
1743470263.916055
1743470263.947882
1743470263.980049
1743470264.012355
1743470264.044355
1743470264.091771
1743470264.123956
1743470264.156119
1743470264.187523
1743470264.203770
1743470264.235716
1743470264.267841
1743470264.299896
1743470264.331988
1743470264.364245
1743470264.396368
1743470264.428444
1743470264.460038
1743470264.492040
1743470264.524127
1743470264.556039
1743470264.587869
1743470264.619832
1743470264.651724
1743470264.667817
1743470264.700023
1743470264.747624
1743470264.779904
1743470264.812155
1743470264.844036
1743470264.875928
1743470264.908431
1743470264.940104
1743470264.971950
1743470265.003922
1743470265.036087
1743470265.068156
1743470265.100066
1743470265.131970
1743470265.163925
1743470265.195884
1743470265.228109
1743470265.260032
1743470265.291993
1743470265.324230
1743470265.356283
1743470265.403489
1743470265.435407
1743470265.451662
1743470265.483956
1743470265.516121
1743470265.547844
1743470265.580030
1743470265.612289
1743470265.644293
1743470265.675948
1743470265.723966
1743470265.755863
1743470265.787519
1743470265.819737
1743470265.851491
1743470265.867553
1743470265.883671
1743470265.915790
1743470265.947836
1743470265.980163
1743470266.012262
1743470266.044191
1743470266.076019
1743470266.107996
1743470266.140118
1743470266.171627
1743470266.203612
1743470266.219693
1743470266.235707
1743470266.251945
1743470266.283917
1743470266.316125
1743470266.348329
1743470266.380312
1743470266.412163
1743470266.444047
1743470266.476074
1743470266.507978
1743470266.540013
1743470266.571791
1743470266.603769
1743470266.635790
1743470266.667936
1743470266.700222
1743470266.731925
1743470266.764187
1743470266.796081
1743470266.827987
1743470266.859885
1743470266.891973
1743470266.924082
1743470266.956257
1743470266.987913
1743470267.020220
1743470267.051417
1743470267.067622
1743470267.083599
1743470267.115750
1743470267.148012
1743470267.180072
1743470267.212130
1743470267.244228
1743470267.276177
1743470267.308399
1743470267.356216
1743470267.387728
1743470267.419508
1743470267.435658
1743470267.467774
1743470267.499802
1743470267.531785
1743470267.564077
1743470267.596038
1743470267.628133
1743470267.675851
1743470267.707860
1743470267.739906
1743470267.771589
1743470267.803868
1743470267.835677
1743470267.867902
1743470267.899756
1743470267.932010
1743470267.964262
1743470267.996045
1743470268.028176
1743470268.060178
1743470268.091902
1743470268.124055
1743470268.156087
1743470268.187801
1743470268.220043
1743470268.251870
1743470268.283982
1743470268.331850
1743470268.363905
1743470268.396215
1743470268.427995
1743470268.460170
1743470268.491878
1743470268.523967
1743470268.539552
1743470268.555739
1743470268.587949
1743470268.619824
1743470268.652237
1743470268.683586
1743470268.715889
1743470268.747997
1743470268.779692
1743470268.812068
1743470268.843895
1743470268.876159
1743470268.906737
1743470268.923568
1743470268.971858
1743470269.003436
1743470269.035541
1743470269.051557
1743470269.083593
1743470269.115851
1743470269.147885
1743470269.180077
1743470269.212332
1743470269.244216
1743470269.276103
1743470269.307958
1743470269.339818
1743470269.371484
1743470269.403610
1743470269.435669
1743470269.451773
1743470269.467787
1743470269.499782
1743470269.532137
1743470269.564236
1743470269.596184
1743470269.628163
1743470269.659976
1743470269.692213
1743470269.723890
1743470269.755726
1743470269.787493
1743470269.803505
1743470269.819548
1743470269.851885
1743470269.883836
1743470269.915827
1743470269.948061
1743470269.979990
1743470270.012232
1743470270.043834
1743470270.075962
1743470270.107953
1743470270.140015
1743470270.171765
1743470270.203643
1743470270.236099
1743470270.283420
1743470270.316014
1743470270.347747
1743470270.379998
1743470270.412021
1743470270.444222
1743470270.476090
1743470270.507927
1743470270.540347
1743470270.571721
1743470270.603948
1743470270.635812
1743470270.667948
1743470270.699776
1743470270.732103
1743470270.763984
1743470270.795991
1743470270.828079
1743470270.860106
1743470270.892210
1743470270.923985
1743470270.956024
1743470270.987539
1743470271.019490
1743470271.035468
1743470271.051781
1743470271.083811
1743470271.115797
1743470271.147507
1743470271.180069
1743470271.212191
1743470271.259961
1743470271.291764
1743470271.324259
1743470271.355879
1743470271.387683
1743470271.419647
1743470271.451302
1743470271.467430
1743470271.483881
1743470271.516360
1743470271.547858
1743470271.580162
1743470271.611973
1743470271.644013
1743470271.675384
1743470271.707988
1743470271.740178
1743470271.771711
1743470271.803781
1743470271.819639
1743470271.835805
1743470271.867925
1743470271.900041
1743470271.931749
1743470271.964050
1743470271.996025
1743470272.027872
1743470272.060027
1743470272.091931
1743470272.123910
1743470272.155948
1743470272.187926
1743470272.235542
1743470272.267608
1743470272.299875
1743470272.331806
1743470272.363719
1743470272.396340
1743470272.427840
1743470272.460017
1743470272.492137
1743470272.524657
1743470272.555782
1743470272.571310
1743470272.587377
1743470272.603389
1743470272.635664
1743470272.667783
1743470272.699776
1743470272.731990
1743470272.763991
1743470272.796000
1743470272.828108
1743470272.875753
1743470272.907714
1743470272.939945
1743470272.971434
1743470273.003315
1743470273.035601
1743470273.067787
1743470273.099736
1743470273.132040
1743470273.164044
1743470273.211766
1743470273.243940
1743470273.275890
1743470273.308159
1743470273.340161
1743470273.371574
1743470273.403545
1743470273.435794
1743470273.467851
1743470273.500041
1743470273.532129
1743470273.563676
1743470273.595727
1743470273.627918
1743470273.660006
1743470273.691921
1743470273.723973
1743470273.755923
1743470273.788067
1743470273.819855
1743470273.852133
1743470273.883701
1743470273.916083
1743470273.947755
1743470273.979927
1743470274.011940
1743470274.044032
1743470274.075849
1743470274.108134
1743470274.140005
1743470274.187535
1743470274.219645
1743470274.251828
1743470274.282638
1743470274.299331
1743470274.331515
1743470274.364272
1743470274.395846
1743470274.428083
1743470274.459991
1743470274.507829
1743470274.539837
1743470274.571705
1743470274.603424
1743470274.619380
1743470274.635682
1743470274.667753
1743470274.699827
1743470274.731963
1743470274.764043
1743470274.796090
1743470274.827945
1743470274.860098
1743470274.891940
1743470274.924088
1743470274.955888
1743470274.987475
1743470275.003548
1743470275.019436
1743470275.035792
1743470275.067899
1743470275.100021
1743470275.131838
1743470275.164067
1743470275.195893
1743470275.227852
1743470275.259898
1743470275.291930
1743470275.323843
1743470275.356028
1743470275.387580
1743470275.419444
1743470275.435733
1743470275.483227
1743470275.515647
1743470275.547595
1743470275.580010
1743470275.611927
1743470275.643704
1743470275.676193
1743470275.707969
1743470275.740017
1743470275.771893
1743470275.803984
1743470275.835577
1743470275.867395
1743470275.883534
1743470275.915703
1743470275.947725
1743470275.979933
1743470276.011920
1743470276.044117
1743470276.076518
1743470276.108183
1743470276.140046
1743470276.171407
1743470276.203364
1743470276.219497
1743470276.251477
1743470276.283649
1743470276.315655
1743470276.347790
1743470276.379913
1743470276.412262
1743470276.459815
1743470276.491998
1743470276.523941
1743470276.555816
1743470276.587331
1743470276.603409
1743470276.619430
1743470276.651635
1743470276.667576
1743470276.699942
1743470276.732003
1743470276.779833
1743470276.811833
1743470276.844017
1743470276.875807
1743470276.908171
1743470276.939921
1743470276.971427
1743470276.987544
1743470277.019721
1743470277.051628
1743470277.067855
1743470277.115544
1743470277.147541
1743470277.179972
1743470277.212081
1743470277.244017
1743470277.275812
1743470277.307906
1743470277.340116
1743470277.371784
1743470277.403599
1743470277.435984
1743470277.467487
1743470277.499725
1743470277.531812
1743470277.563865
1743470277.595774
1743470277.627863
1743470277.659878
1743470277.691960
1743470277.723922
1743470277.756115
1743470277.787801
1743470277.819375
1743470277.835465
1743470277.851445
1743470277.883711
1743470277.915497
1743470277.947893
1743470277.979965
1743470278.012197
1743470278.043993
1743470278.091572
1743470278.123812
1743470278.155845
1743470278.187257
1743470278.203424
1743470278.219396
1743470278.251601
1743470278.283467
1743470278.299604
1743470278.331819
1743470278.364045
1743470278.411649
1743470278.443921
1743470278.475970
1743470278.507706
1743470278.539776
1743470278.571507
1743470278.603647
1743470278.619512
1743470278.651824
1743470278.683695
1743470278.731652
1743470278.764051
1743470278.795899
1743470278.827774
1743470278.859932
1743470278.891847
1743470278.923521
1743470278.955694
1743470278.987620
1743470279.003901
1743470279.035853
1743470279.067968
1743470279.099526
1743470279.131897
1743470279.163927
1743470279.195602
1743470279.228067
1743470279.259895
1743470279.291881
1743470279.323846
1743470279.356518
1743470279.387979
1743470279.419198
1743470279.435519
1743470279.467651
1743470279.499586
1743470279.531959
1743470279.563634
1743470279.595851
1743470279.627889
1743470279.660020
1743470279.707629
1743470279.739728
1743470279.771237
1743470279.787221
1743470279.819234
1743470279.835419
1743470279.867569
1743470279.899963
1743470279.931832
1743470279.963725
1743470279.995948
1743470280.043766
1743470280.075755
1743470280.107886
1743470280.139820
1743470280.171705
1743470280.203460
1743470280.235417
1743470280.267793
1743470280.299696
1743470280.331792
1743470280.364025
1743470280.395777
1743470280.427979
1743470280.459841
1743470280.491902
1743470280.523760
1743470280.555691
1743470280.587580
1743470280.619817
1743470280.635487
1743470280.651677
1743470280.684042
1743470280.715610
1743470280.747574
1743470280.779858
1743470280.812137
1743470280.843890
1743470280.875627
1743470280.907899
1743470280.939811
1743470280.971684
1743470281.019455
1743470281.051304
1743470281.083429
1743470281.115748
1743470281.147582
1743470281.179857
1743470281.211871
1743470281.243876
1743470281.275895
1743470281.307949
1743470281.339997
1743470281.371225
1743470281.387491
1743470281.419450
1743470281.451657
1743470281.483467
1743470281.515659
1743470281.547619
1743470281.580014
1743470281.612102
1743470281.659773
1743470281.691554
1743470281.723820
1743470281.755691
1743470281.787307
1743470281.819303
1743470281.851508
1743470281.883697
1743470281.915857
1743470281.947679
1743470281.995631
1743470282.027792
1743470282.059698
1743470282.091637
1743470282.123805
1743470282.155755
1743470282.187341
1743470282.203484
1743470282.235818
1743470282.267748
1743470282.315253
1743470282.347641
1743470282.379592
1743470282.411720
1743470282.443781
1743470282.475791
1743470282.508020
1743470282.539888
1743470282.571529
1743470282.603701
1743470282.636009
1743470282.667468
1743470282.699549
1743470282.731847
1743470282.763712
1743470282.795868
1743470282.827803
1743470282.859752
1743470282.891947
1743470282.923935
1743470282.971745
1743470283.003139
1743470283.035277
1743470283.051286
1743470283.083536
1743470283.115861
1743470283.147582
1743470283.179709
1743470283.211858
1743470283.243844
1743470283.291455
1743470283.323877
1743470283.355768
1743470283.387472
1743470283.419162
1743470283.435436
1743470283.467580
1743470283.499680
1743470283.531898
1743470283.563854
1743470283.611675
1743470283.643809
1743470283.675670
1743470283.707821
1743470283.739804
1743470283.771441
1743470283.803452
1743470283.835484
1743470283.867750
1743470283.899681
1743470283.947388
1743470283.979681
1743470284.011666
1743470284.043685
1743470284.075838
1743470284.107811
1743470284.139631
1743470284.171491
1743470284.203440
1743470284.219442
1743470284.235635
1743470284.267854
1743470284.299738
1743470284.331495
1743470284.363635
1743470284.395668
1743470284.427759
1743470284.459631
1743470284.491985
1743470284.523916
1743470284.555713
1743470284.587994
1743470284.619422
1743470284.651190
1743470284.667237
1743470284.683400
1743470284.715603
1743470284.747538
1743470284.779538
1743470284.811835
1743470284.843819
1743470284.875845
1743470284.923660
1743470284.955344
1743470284.987299
1743470285.019368
1743470285.051605
1743470285.083406
1743470285.115607
1743470285.147984
1743470285.180115
1743470285.212198
1743470285.243911
1743470285.275661
1743470285.307556
1743470285.339690
1743470285.371440
1743470285.403252
1743470285.435439
1743470285.467567
1743470285.499697
1743470285.531903
1743470285.563839
1743470285.595591
1743470285.627838
1743470285.659740
1743470285.691802
1743470285.723774
1743470285.755876
1743470285.787612
1743470285.819490
1743470285.835514
1743470285.867717
1743470285.899862
1743470285.931477
1743470285.963797
1743470285.995675
1743470286.027797
1743470286.059761
1743470286.091738
1743470286.124233
1743470286.155867
1743470286.187505
1743470286.219622
1743470286.251146
1743470286.283224
1743470286.315736
1743470286.347694
1743470286.379749
1743470286.411583
1743470286.443708
1743470286.475991
1743470286.507875
1743470286.539928
1743470286.571507
1743470286.603370
1743470286.619438
1743470286.635435
1743470286.667390
1743470286.683378
1743470286.715617
1743470286.748177
1743470286.779677
1743470286.811410
1743470286.844101
1743470286.876082
1743470286.907854
1743470286.939651
1743470286.971236
1743470286.987508
1743470287.019264
1743470287.035355
1743470287.067180
1743470287.083294
1743470287.099534
1743470287.131592
1743470287.163893
1743470287.195756
1743470287.227633
1743470287.259745
1743470287.291334
1743470287.323737
1743470287.355756
1743470287.387267
1743470287.419143
1743470287.435517
1743470287.467546
1743470287.515316
1743470287.547157
1743470287.579645
1743470287.611682
1743470287.643495
1743470287.675609
1743470287.707801
1743470287.740015
1743470287.771459
1743470287.803414
1743470287.819497
1743470287.851847
1743470287.883135
1743470287.915640
1743470287.947449
1743470287.979717
1743470288.011975
1743470288.043618
1743470288.076008
1743470288.107989
1743470288.139831
1743470288.171722
1743470288.203179
1743470288.219321
1743470288.235291
1743470288.267451
1743470288.299490
1743470288.331829
1743470288.363767
1743470288.395788
1743470288.427986
1743470288.459960
1743470288.492034
1743470288.523623
1743470288.555848
1743470288.587199
1743470288.603361
1743470288.635279
1743470288.667433
1743470288.683183
1743470288.699243
1743470288.715378
1743470288.747789
1743470288.779918
1743470288.827461
1743470288.859289
1743470288.891744
1743470288.923975
1743470288.955761
1743470288.987492
1743470289.019468
1743470289.035376
1743470289.051421
1743470289.083614
1743470289.116017
1743470289.147959
1743470289.179528
1743470289.211458
1743470289.243755
1743470289.275584
1743470289.307666
1743470289.339484
1743470289.371584
1743470289.403492
1743470289.435506
1743470289.467721
1743470289.499475
1743470289.531483
1743470289.563718
1743470289.595559
1743470289.627588
1743470289.659698
1743470289.691826
1743470289.723715
1743470289.756107
1743470289.803391
1743470289.835402
1743470289.867185
1743470289.899655
1743470289.931693
1743470289.963671
1743470289.995796
1743470290.028013
1743470290.059773
1743470290.091827
1743470290.124033
1743470290.155815
1743470290.187040
1743470290.219507
1743470290.251214
1743470290.267230
1743470290.283380
1743470290.299465
1743470290.331583
1743470290.363791
1743470290.395832
1743470290.443662
1743470290.475509
1743470290.507608
1743470290.540109
1743470290.571710
1743470290.603412
1743470290.635483
1743470290.667430
1743470290.699585
1743470290.731771
1743470290.779519
1743470290.811530
1743470290.843686
1743470290.875458
1743470290.908044
1743470290.939644
1743470290.971436
1743470291.003344
1743470291.019424
1743470291.051554
1743470291.067687
1743470291.099795
1743470291.131494
1743470291.163750
1743470291.195563
1743470291.227646
1743470291.259765
1743470291.291615
1743470291.323872
1743470291.356071
1743470291.387494
1743470291.419961
1743470291.451105
1743470291.483299
1743470291.515372
1743470291.547733
1743470291.579561
1743470291.611731
1743470291.643762
1743470291.675917
1743470291.707695
1743470291.755531
1743470291.787062
1743470291.803323
1743470291.835250
1743470291.867551
1743470291.899510
1743470291.931540
1743470291.963674
1743470291.995794
1743470292.027800
1743470292.075544
1743470292.107723
1743470292.139505
1743470292.171244
1743470292.203184
1743470292.219531
1743470292.251382
1743470292.267452
1743470292.283585
1743470292.299949
1743470292.331631
1743470292.363611
1743470292.395735
1743470292.427439
1743470292.459540
1743470292.491562
1743470292.523682
1743470292.555522
1743470292.587446
1743470292.619265
1743470292.651512
1743470292.667603
1743470292.699768
1743470292.731960
1743470292.763755
1743470292.795612
1743470292.827628
1743470292.859649
1743470292.891565
1743470292.923541
1743470292.955783
1743470292.987531
1743470293.019395
1743470293.051885
1743470293.083247
1743470293.115467
1743470293.147400
1743470293.179923
1743470293.211730
1743470293.243821
1743470293.275838
1743470293.307719
1743470293.339801
1743470293.371872
1743470293.403271
1743470293.435354
1743470293.467201
1743470293.499574
1743470293.531426
1743470293.563812
1743470293.595662
1743470293.627877
1743470293.659909
1743470293.707446
1743470293.739273
1743470293.771045
1743470293.787134
1743470293.819278
1743470293.851256
1743470293.883476
1743470293.915377
1743470293.947473
1743470293.979731
1743470294.027347
1743470294.059540
1743470294.091616
1743470294.123583
1743470294.155400
1743470294.187176
1743470294.203306
1743470294.235384
1743470294.267362
1743470294.283407
1743470294.299485
1743470294.347205
1743470294.379611
1743470294.411882
1743470294.443729
1743470294.475651
1743470294.507056
1743470294.539647
1743470294.571330
1743470294.603354
1743470294.635244
1743470294.651365
1743470294.683681
1743470294.715398
1743470294.747480
1743470294.779322
1743470294.811572
1743470294.843383
1743470294.875564
1743470294.907347
1743470294.939723
1743470294.971541
1743470295.003641
1743470295.035109
1743470295.067413
1743470295.099427
1743470295.131323
1743470295.163536
1743470295.195667
1743470295.227859
1743470295.259614
1743470295.291685
1743470295.323841
1743470295.355377
1743470295.387064
1743470295.419276
1743470295.451105
1743470295.467119
1743470295.483120
1743470295.515712
1743470295.547504
1743470295.579939
1743470295.611783
1743470295.659483
1743470295.691423
1743470295.723539
1743470295.755552
1743470295.786987
1743470295.803009
1743470295.819200
1743470295.835284
1743470295.867363
1743470295.899514
1743470295.931615
1743470295.979449
1743470296.011470
1743470296.043735
1743470296.075581
1743470296.107585
1743470296.139650
1743470296.171164
1743470296.203231
1743470296.235421
1743470296.267476
1743470296.299602
1743470296.331443
1743470296.363422
1743470296.395512
1743470296.427720
1743470296.459725
1743470296.491597
1743470296.523651
1743470296.555756
1743470296.587350
1743470296.635147
1743470296.667030
1743470296.682958
1743470296.699131
1743470296.731401
1743470296.763608
1743470296.795516
1743470296.827797
1743470296.859597
1743470296.892223
1743470296.924137
1743470296.955509
1743470296.987032
1743470297.019069
1743470297.035233
1743470297.067324
1743470297.099420
1743470297.131431
1743470297.163611
1743470297.195519
1743470297.227928
1743470297.275362
1743470297.307602
1743470297.339429
1743470297.371086
1743470297.403072
1743470297.419165
1743470297.435250
1743470297.451235
1743470297.483365
1743470297.515534
1743470297.547498
1743470297.579711
1743470297.611549
1743470297.643557
1743470297.675567
1743470297.707424
1743470297.739512
1743470297.771174
1743470297.787047
1743470297.803082
1743470297.819182
1743470297.835444
1743470297.867393
1743470297.899504
1743470297.931831
1743470297.963391
1743470297.995422
1743470298.027538
1743470298.059692
1743470298.091571
1743470298.123652
1743470298.155671
1743470298.187291
1743470298.219485
1743470298.251735
1743470298.283092
1743470298.315440
1743470298.347440
1743470298.379357
1743470298.411644
1743470298.443676
1743470298.475862
1743470298.507646
1743470298.539561
1743470298.587083
1743470298.618997
1743470298.635217
1743470298.667273
1743470298.699245
1743470298.731643
1743470298.763483
1743470298.795595
1743470298.827415
1743470298.859827
1743470298.907352
1743470298.939340
1743470298.971064
1743470299.003430
1743470299.035049
1743470299.067414
1743470299.099488
1743470299.131344
1743470299.163598
1743470299.195673
1743470299.227661
1743470299.259625
1743470299.291429
1743470299.323249
1743470299.355405
1743470299.387172
1743470299.419320
1743470299.451379
1743470299.483628
1743470299.515519
1743470299.563311
1743470299.595408
1743470299.627108
1743470299.659373
1743470299.691642
1743470299.723507
1743470299.755819
1743470299.787224
1743470299.819325
1743470299.835508
1743470299.883095
1743470299.915264
1743470299.947251
1743470299.979651
1743470300.011468
1743470300.043493
1743470300.075591
1743470300.107704
1743470300.139797
1743470300.171317
1743470300.203483
1743470300.235051
1743470300.267127
1743470300.299340
1743470300.331390
1743470300.363470
1743470300.395617
1743470300.427644
1743470300.459563
1743470300.491709
1743470300.539451
1743470300.571354
1743470300.603088
1743470300.635236
1743470300.667143
1743470300.683132
1743470300.699149
1743470300.731514
1743470300.763499
1743470300.795565
1743470300.827549
1743470300.859702
1743470300.891323
1743470300.923458
1743470300.955531
1743470300.987001
1743470301.019340
1743470301.051039
1743470301.083226
1743470301.115392
1743470301.147610
1743470301.179795
1743470301.211435
1743470301.243369
1743470301.275555
1743470301.307445
1743470301.339462
1743470301.371224
1743470301.403272
1743470301.419184
1743470301.435470
1743470301.467382
1743470301.515239
1743470301.547285
1743470301.579549
1743470301.611346
1743470301.643308
1743470301.675483
1743470301.707466
1743470301.739691
1743470301.771444
1743470301.803290
1743470301.835804
1743470301.866900
1743470301.899181
1743470301.931216
1743470301.963646
1743470301.995548
1743470302.027705
1743470302.059693
1743470302.091764
1743470302.123544
1743470302.155828
1743470302.187010
1743470302.203047
1743470302.235213
1743470302.267065
1743470302.298972
1743470302.331361
1743470302.363462
1743470302.395601
1743470302.427825
1743470302.459643
1743470302.491722
1743470302.523723
1743470302.555497
1743470302.586988
1743470302.602968
1743470302.619152
1743470302.635133
1743470302.667090
1743470302.699439
1743470302.731546
1743470302.763596
1743470302.811541
1743470302.843250
1743470302.875340
1743470302.907479
1743470302.939346
1743470302.971020
1743470302.986957
1743470303.003125
1743470303.035227
1743470303.067244
1743470303.083260
1743470303.131152
1743470303.163224
1743470303.195432
1743470303.227449
1743470303.259579
1743470303.291427
1743470303.323502
1743470303.355603
1743470303.387488
1743470303.419514
1743470303.467013
1743470303.499251
1743470303.531264
1743470303.563082
1743470303.595431
1743470303.627454
1743470303.659407
1743470303.691373
1743470303.723765
1743470303.755518
1743470303.787531
1743470303.818771
1743470303.834909
1743470303.850938
1743470303.867002
1743470303.899239
1743470303.931429
1743470303.963479
1743470303.995387
1743470304.027440
1743470304.059280
1743470304.107338
1743470304.139257
1743470304.170889
1743470304.203197
1743470304.234965
1743470304.251207
1743470304.282119
1743470304.298629
1743470304.315114
1743470304.347795
1743470304.379491
1743470304.411463
1743470304.443217
1743470304.475463
1743470304.507476
1743470304.539234
1743470304.555081
1743470304.571227
1743470304.587245
1743470304.619175
1743470304.635241
1743470304.667077
1743470304.699211
1743470304.731406
1743470304.763643
1743470304.795269
1743470304.827088
1743470304.859456
1743470304.891486
1743470304.923325
1743470304.955189
1743470304.987260
1743470305.019213
1743470305.051340
1743470305.083617
1743470305.115291
1743470305.147178
1743470305.179411
1743470305.211297
1743470305.243442
1743470305.275353
1743470305.307456
1743470305.339547
1743470305.371236
1743470305.387402
1743470305.419451
1743470305.450912
1743470305.483046
1743470305.515268
1743470305.547123
1743470305.579336
1743470305.611500
1743470305.643567
1743470305.675403
1743470305.707521
1743470305.739777
1743470305.771067
1743470305.803205
1743470305.834985
1743470305.867078
1743470305.899301
1743470305.931338
1743470305.963459
1743470305.995693
1743470306.027461
1743470306.059599
1743470306.091384
1743470306.123286
1743470306.155191
1743470306.186976
1743470306.219041
1743470306.251096
1743470306.283115
1743470306.315466
1743470306.347616
1743470306.395197
1743470306.427153
1743470306.459462
1743470306.491429
1743470306.523360
1743470306.555432
1743470306.587061
1743470306.619270
1743470306.651256
1743470306.667470
1743470306.715170
1743470306.746954
1743470306.779527
1743470306.811424
1743470306.843322
1743470306.875503
1743470306.907433
1743470306.939871
1743470306.971687
1743470307.002951
1743470307.035446
1743470307.066921
1743470307.082976
1743470307.115406
1743470307.147146
1743470307.179515
1743470307.211660
1743470307.243522
1743470307.275393
1743470307.307540
1743470307.339530
1743470307.371775
1743470307.402965
1743470307.419051
1743470307.435023
1743470307.467523
1743470307.499267
1743470307.531353
1743470307.563370
1743470307.595491
1743470307.627488
1743470307.659498
1743470307.691537
1743470307.723028
1743470307.754923
1743470307.787080
1743470307.819112
1743470307.850984
1743470307.866972
1743470307.883021
1743470307.898962
1743470307.931321
1743470307.963555
1743470308.011243
1743470308.043377
1743470308.075180
1743470308.107478
1743470308.139355
1743470308.170863
1743470308.203156
1743470308.235228
1743470308.267209
1743470308.299356
1743470308.347338
1743470308.379202
1743470308.411585
1743470308.443385
1743470308.475503
1743470308.507368
1743470308.539464
1743470308.571296
1743470308.603116
1743470308.619075
1743470308.635224
1743470308.667658
1743470308.698930
1743470308.731224
1743470308.763370
1743470308.795310
1743470308.810889
1743470308.843673
1743470308.875352
1743470308.907348
1743470308.939491
1743470308.986707
1743470309.018782
1743470309.050796
1743470309.082992
1743470309.115192
1743470309.147187
1743470309.179402
1743470309.211433
1743470309.243537
1743470309.275440
1743470309.322902
1743470309.355262
1743470309.386814
1743470309.419005
1743470309.451159
1743470309.483107
1743470309.515182
1743470309.547470
1743470309.579679
1743470309.611323
1743470309.643266
1743470309.675392
1743470309.707455
1743470309.739245
1743470309.770896
1743470309.786847
1743470309.802803
1743470309.818954
1743470309.835079
1743470309.867189
1743470309.899206
1743470309.931502
1743470309.962880
1743470309.995503
1743470310.027214
1743470310.059402
1743470310.091313
1743470310.123523
1743470310.155337
1743470310.187116
1743470310.219034
1743470310.250853
1743470310.267120
1743470310.299624
1743470310.331278
1743470310.363129
1743470310.395310
1743470310.427215
1743470310.459380
1743470310.491119
1743470310.523656
1743470310.555631
1743470310.587126
1743470310.619556
1743470310.650912
1743470310.667050
1743470310.699108
1743470310.731155
1743470310.763616
1743470310.795316
1743470310.827364
1743470310.859291
1743470310.891465
1743470310.939155
1743470310.971043
1743470311.002889
1743470311.034815
1743470311.066980
1743470311.099147
1743470311.131245
1743470311.163329
1743470311.195469
1743470311.227519
1743470311.275081
1743470311.307218
1743470311.339412
1743470311.370965
1743470311.402908
1743470311.435000
1743470311.467089
1743470311.499210
1743470311.530975
1743470311.563704
1743470311.595345
1743470311.627224
1743470311.659024
1743470311.691313
1743470311.723187
1743470311.755549
1743470311.786813
1743470311.818807
1743470311.835189
1743470311.867193
1743470311.915217
1743470311.947181
1743470311.979351
1743470312.011275
1743470312.043234
1743470312.075592
1743470312.107350
1743470312.139344
1743470312.171246
1743470312.203181
1743470312.250775
1743470312.282954
1743470312.315049
1743470312.347314
1743470312.379434
1743470312.411172
1743470312.443370
1743470312.475397
1743470312.507360
1743470312.539712
1743470312.571458
1743470312.602707
1743470312.618929
1743470312.635040
1743470312.667286
1743470312.699044
1743470312.731172
1743470312.763347
1743470312.795265
1743470312.827503
1743470312.859425
1743470312.891471
1743470312.922668
1743470312.938831
1743470312.970805
1743470312.986963
1743470313.018803
1743470313.034988
1743470313.067065
1743470313.099129
1743470313.131240
1743470313.163408
1743470313.195377
1743470313.227411
1743470313.259135
1743470313.291187
1743470313.323027
1743470313.355344
1743470313.386942
1743470313.402960
1743470313.435171
1743470313.466946
1743470313.499101
1743470313.546870
1743470313.579065
1743470313.611445
1743470313.642792
1743470313.675340
1743470313.707197
1743470313.739318
1743470313.770660
1743470313.786974
1743470313.819081
1743470313.835089
1743470313.867296
1743470313.898986
1743470313.931024
1743470313.963274
1743470313.995232
1743470314.027340
1743470314.059447
1743470314.091338
1743470314.123392
1743470314.155449
1743470314.202790
1743470314.234817
1743470314.266685
1743470314.282684
1743470314.298924
1743470314.331020
1743470314.363446
1743470314.395273
1743470314.427387
1743470314.459410
1743470314.491507
1743470314.523281
1743470314.555135
1743470314.586898
1743470314.618763
1743470314.634891
1743470314.651102
1743470314.667014
1743470314.699082
1743470314.731067
1743470314.763408
1743470314.795204
1743470314.842995
1743470314.875109
1743470314.907097
1743470314.939226
1743470314.970768
1743470314.986708
1743470315.003034
1743470315.035046
1743470315.067080
1743470315.099071
1743470315.131438
1743470315.179240
1743470315.211175
1743470315.243489
1743470315.275257
1743470315.307437
1743470315.339416
1743470315.371000
1743470315.402981
1743470315.435041
1743470315.467107
1743470315.499244
1743470315.531096
1743470315.563109
1743470315.595243
1743470315.627214
1743470315.659262
1743470315.691379
1743470315.723027
1743470315.755410
1743470315.787350
1743470315.819369
1743470315.850696
1743470315.866829
1743470315.898985
1743470315.931340
1743470315.963165
1743470315.995267
1743470316.027503
1743470316.059374
1743470316.091325
1743470316.123382
1743470316.155401
1743470316.186819
1743470316.218615
1743470316.234890
1743470316.266707
1743470316.282872
1743470316.315245
1743470316.347114
1743470316.379815
1743470316.411475
1743470316.443766
1743470316.475515
1743470316.507416
1743470316.539151
1743470316.570734
1743470316.586694
1743470316.619023
1743470316.651065
1743470316.683283
1743470316.715348
1743470316.747285
1743470316.795065
1743470316.827051
1743470316.859227
1743470316.891174
1743470316.923438
1743470316.955112
1743470316.987043
1743470317.003120
1743470317.035072
1743470317.067171
1743470317.099122
1743470317.131422
1743470317.163017
1743470317.195115
1743470317.227250
1743470317.259202
1743470317.291144
1743470317.323194
1743470317.355359
1743470317.386844
1743470317.403202
1743470317.450846
1743470317.482756
1743470317.515047
1743470317.547172
1743470317.579338
1743470317.611174
1743470317.643289
1743470317.675287
1743470317.707341
1743470317.739088
1743470317.771292
1743470317.802634
1743470317.818979
1743470317.851047
1743470317.882769
1743470317.914993
1743470317.947138
1743470317.979512
1743470318.011158
1743470318.043418
1743470318.075391
1743470318.107398
1743470318.138898
1743470318.170818
1743470318.202952
1743470318.219118
1743470318.250758
1743470318.283153
1743470318.315110
1743470318.347162
1743470318.379664
1743470318.427266
1743470318.459313
1743470318.491319
1743470318.523109
1743470318.555268
1743470318.587004
1743470318.618818
1743470318.650878
1743470318.666937
1743470318.683210
1743470318.715381
1743470318.747577
1743470318.779418
1743470318.811285
1743470318.843321
1743470318.874864
1743470318.890480
1743470318.906727
1743470318.922855
1743470318.955117
1743470318.987119
1743470319.018965
1743470319.035128
1743470319.082651
1743470319.115021
1743470319.147055
1743470319.179226
1743470319.211037
1743470319.243356
1743470319.275200
1743470319.307244
1743470319.339332
1743470319.371031
1743470319.403289
1743470319.434621
1743470319.466802
1743470319.498930
1743470319.530997
1743470319.563413
1743470319.595327
1743470319.627322
1743470319.659318
1743470319.691413
1743470319.723381
1743470319.755018
1743470319.786705
1743470319.818981
1743470319.850787
1743470319.882734
1743470319.915098
1743470319.947031
1743470319.979417
1743470320.011368
1743470320.059278
1743470320.091026
1743470320.123157
1743470320.155225
1743470320.186900
1743470320.218784
1743470320.250934
1743470320.283039
1743470320.315022
1743470320.347279
1743470320.379364
1743470320.411143
1743470320.443105
1743470320.475254
1743470320.506999
1743470320.539317
1743470320.571051
1743470320.602678
1743470320.634886
1743470320.667066
1743470320.699572
1743470320.730920
1743470320.763245
1743470320.795041
1743470320.827309
1743470320.859063
1743470320.890879
1743470320.906621
1743470320.922913
1743470320.955264
1743470320.986930
1743470321.002817
1743470321.035384
1743470321.066571
1743470321.099051
1743470321.131114
1743470321.163099
1743470321.195209
1743470321.226737
1743470321.259456
1743470321.291370
1743470321.323168
1743470321.355432
1743470321.386598
1743470321.418719
1743470321.434618
1743470321.466922
1743470321.498940
1743470321.531195
1743470321.563168
1743470321.595301
1743470321.627451
1743470321.643496
1743470321.675491
1743470321.706785
1743470321.739149
1743470321.770954
1743470321.802545
1743470321.834672
1743470321.850632
1743470321.866916
1743470321.899042
1743470321.930904
1743470321.963572
1743470322.010833
1743470322.043392
1743470322.075133
1743470322.107180
1743470322.139349
1743470322.170896
1743470322.202786
1743470322.234866
1743470322.250873
1743470322.267150
1743470322.283181
1743470322.299345
1743470322.331130
1743470322.363074
1743470322.395029
1743470322.427144
1743470322.459051
1743470322.490918
1743470322.523091
1743470322.555212
1743470322.586969
1743470322.618818
1743470322.651244
1743470322.682573
1743470322.698551
1743470322.714659
1743470322.747071
1743470322.779165
1743470322.811157
1743470322.843251
1743470322.874981
1743470322.907318
1743470322.939272
1743470322.986869
1743470323.018658
1743470323.050782
1743470323.066854
1743470323.098779
1743470323.130800
1743470323.163025
1743470323.195129
1743470323.227303
1743470323.259291
1743470323.306978
1743470323.339055
1743470323.370679
1743470323.402854
1743470323.434850
1743470323.451067
1743470323.482962
1743470323.514886
1743470323.547154
1743470323.579200
1743470323.626853
1743470323.659190
1743470323.691157
1743470323.722917
1743470323.754968
1743470323.786684
1743470323.818827
1743470323.851071
1743470323.882883
1743470323.914951
1743470323.962661
1743470323.994838
1743470324.027142
1743470324.059063
1743470324.091105
1743470324.123311
1743470324.155124
1743470324.186851
1743470324.218920
1743470324.234865
1743470324.250954
1743470324.283374
1743470324.315228
1743470324.346907
1743470324.379146
1743470324.411212
1743470324.443055
1743470324.475174
1743470324.507135
1743470324.539217
1743470324.571066
1743470324.603074
1743470324.634497
1743470324.666959
1743470324.698718
1743470324.731332
1743470324.763090
1743470324.795098
1743470324.827258
1743470324.859243
1743470324.891388
1743470324.939262
1743470324.970761
1743470325.002530
1743470325.018587
1743470325.034772
1743470325.067076
1743470325.098848
1743470325.131049
1743470325.163041
1743470325.195170
1743470325.227627
1743470325.259285
1743470325.291091
1743470325.322831
1743470325.354932
1743470325.386633
1743470325.418714
1743470325.450409
1743470325.466820
1743470325.499045
1743470325.531117
1743470325.578682
1743470325.611104
1743470325.642976
1743470325.674837
1743470325.707123
1743470325.738461
1743470325.770629
1743470325.802756
1743470325.834913
1743470325.866927
1743470325.914638
1743470325.946863
1743470325.978938
1743470326.010872
1743470326.043044
1743470326.075054
1743470326.107039
1743470326.139350
1743470326.170902
1743470326.202945
1743470326.235199
1743470326.266820
1743470326.299006
1743470326.330773
1743470326.363159
1743470326.395115
1743470326.427075
1743470326.459106
1743470326.491668
1743470326.523271
1743470326.555361
1743470326.586434
1743470326.602632
1743470326.634455
1743470326.650640
1743470326.666719
1743470326.698805
1743470326.731157
1743470326.763246
1743470326.795124
1743470326.827176
1743470326.859175
1743470326.891268
1743470326.922881
1743470326.954943
1743470326.986721
1743470327.018771
1743470327.050820
1743470327.082883
1743470327.115021
1743470327.147173
1743470327.179424
1743470327.211231
1743470327.242852
1743470327.274923
1743470327.307486
1743470327.339166
1743470327.371049
1743470327.402629
1743470327.434721
1743470327.466946
1743470327.499198
1743470327.531152
1743470327.562958
1743470327.594976
1743470327.626913
1743470327.658872
1743470327.691082
1743470327.722933
1743470327.754926
1743470327.786967
1743470327.818962
1743470327.866753
1743470327.898654
1743470327.930982
1743470327.963019
1743470327.995109
1743470328.026994
1743470328.059530
1743470328.091254
1743470328.123186
1743470328.155198
1743470328.187173
1743470328.218417
1743470328.234608
1743470328.266871
1743470328.298853
1743470328.330986
1743470328.363047
1743470328.394982
1743470328.427052
1743470328.459074
1743470328.506834
1743470328.538980
1743470328.570578
1743470328.602573
1743470328.634775
1743470328.666798
1743470328.698883
1743470328.731014
1743470328.763081
1743470328.795152
1743470328.842649
1743470328.874831
1743470328.905666
1743470328.939330
1743470328.970969
1743470328.986613
1743470329.002704
1743470329.034766
1743470329.066840
1743470329.082992
1743470329.115077
1743470329.162918
1743470329.194996
1743470329.226938
1743470329.259055
1743470329.290798
1743470329.322971
1743470329.355016
1743470329.386860
1743470329.418801
1743470329.434985
1743470329.482469
1743470329.514718
1743470329.546821
1743470329.578839
1743470329.610879
1743470329.642827
1743470329.675197
1743470329.707208
1743470329.739503
1743470329.771242
1743470329.818575
1743470329.850627
1743470329.882524
1743470329.915109
1743470329.946792
1743470329.979171
1743470330.010952
1743470330.043071
1743470330.075110
1743470330.107204
1743470330.139202
1743470330.170610
1743470330.202481
1743470330.234458
1743470330.250525
1743470330.266634
1743470330.298740
1743470330.330841
1743470330.362895
1743470330.395035
1743470330.427305
1743470330.459321
1743470330.490905
1743470330.523001
1743470330.555065
1743470330.586548
1743470330.618412
1743470330.634735
1743470330.666832
1743470330.698772
1743470330.730951
1743470330.763099
1743470330.795027
1743470330.826971
1743470330.858922
1743470330.890792
1743470330.923160
1743470330.954996
1743470330.986794
1743470331.002500
1743470331.034673
1743470331.050747
1743470331.082870
1743470331.115127
1743470331.146387
1743470331.179322
1743470331.211057
1743470331.243241
1743470331.274743
1743470331.306974
1743470331.339315
1743470331.371018
1743470331.402823
1743470331.434983
1743470331.466471
1743470331.498667
1743470331.530725
1743470331.562983
1743470331.594975
1743470331.627118
1743470331.659444
1743470331.691326
1743470331.723073
1743470331.770826
1743470331.802421
1743470331.818371
1743470331.850704
1743470331.882704
1743470331.914682
1743470331.946951
1743470331.979285
1743470332.011028
1743470332.042979
1743470332.090882
1743470332.122824
1743470332.155037
1743470332.186588
1743470332.218451
1743470332.234629
1743470332.250598
1743470332.282771
1743470332.314811
1743470332.347253
1743470332.379086
1743470332.411315
1743470332.443017
1743470332.475037
1743470332.507134
1743470332.538886
1743470332.570742
1743470332.602766
1743470332.634735
1743470332.666856
1743470332.698855
1743470332.746475
1743470332.778821
1743470332.810728
1743470332.842859
1743470332.874940
1743470332.906912
1743470332.939008
1743470332.970776
1743470333.002961
1743470333.018641
1743470333.034814
1743470333.067443
1743470333.098723
1743470333.130747
1743470333.162848
1743470333.194888
1743470333.226883
1743470333.259027
1743470333.290730
1743470333.322610
1743470333.355311
1743470333.387137
1743470333.418644
1743470333.450475
1743470333.483022
1743470333.514818
1743470333.546848
1743470333.578952
1743470333.610495
1743470333.643085
1743470333.675022
1743470333.722689
1743470333.754347
1743470333.786586
1743470333.818322
1743470333.834630
1743470333.866470
1743470333.898890
1743470333.930889
1743470333.963162
1743470333.994857
1743470334.042714
1743470334.074797
1743470334.106994
1743470334.138900
1743470334.170611
1743470334.202483
1743470334.218584
1743470334.250741
1743470334.282805
1743470334.315044
1743470334.362112
1743470334.393628
1743470334.410672
1743470334.443345
1743470334.474981
1743470334.506778
1743470334.538929
1743470334.570712
1743470334.602613
1743470334.634735
1743470334.666805
1743470334.699073
1743470334.730735
1743470334.762932
1743470334.794923
1743470334.827083
1743470334.859272
1743470334.891054
1743470334.923049
1743470334.955347
1743470334.987011
1743470335.019106
1743470335.050402
1743470335.066430
1743470335.082491
1743470335.114689
1743470335.146976
1743470335.178837
1743470335.211111
1743470335.242847
1743470335.275297
1743470335.307067
1743470335.339314
1743470335.370861
1743470335.402424
1743470335.434567
1743470335.466646
1743470335.498755
1743470335.530849
1743470335.563092
1743470335.594892
1743470335.626792
1743470335.674994
1743470335.706924
1743470335.738886
1743470335.770647
1743470335.802388
1743470335.818561
1743470335.834701
1743470335.866953
1743470335.898807
1743470335.930901
1743470335.962928
1743470335.994867
1743470336.027077
1743470336.059285
1743470336.090732
1743470336.122970
1743470336.154935
1743470336.186457
1743470336.202573
1743470336.234979
1743470336.266795
1743470336.314798
1743470336.346669
1743470336.378776
1743470336.411232
1743470336.442733
1743470336.474855
1743470336.506919
1743470336.538924
1743470336.570535
1743470336.586730
1743470336.618707
1743470336.651019
1743470336.682364
1743470336.714703
1743470336.746828
1743470336.778992
1743470336.811138
1743470336.842934
1743470336.875280
1743470336.907018
1743470336.939073
1743470336.970921
1743470337.002312
1743470337.018376
1743470337.034692
1743470337.050418
1743470337.066562
1743470337.082654
1743470337.114765
1743470337.147005
1743470337.178939
1743470337.210911
1743470337.243050
1743470337.290586
1743470337.322450
1743470337.354844
1743470337.386536
1743470337.418407
1743470337.450438
1743470337.482718
1743470337.514763
1743470337.547355
1743470337.579033
1743470337.626504
1743470337.658908
1743470337.690743
1743470337.722964
1743470337.754949
1743470337.786609
1743470337.818538
1743470337.850628
1743470337.882703
1743470337.914887
1743470337.946796
1743470337.979022
1743470338.010965
1743470338.042742
1743470338.074907
1743470338.106490
1743470338.138817
1743470338.170638
1743470338.202787
1743470338.234825
1743470338.267120
1743470338.298635
1743470338.330683
1743470338.363031
1743470338.394801
1743470338.426824
1743470338.458946
1743470338.491282
1743470338.522888
1743470338.554925
1743470338.602271
1743470338.634619
1743470338.666530
1743470338.698774
1743470338.730874
1743470338.762901
1743470338.794792
1743470338.827031
1743470338.858992
1743470338.891196
1743470338.923250
1743470338.954730
1743470338.986418
1743470339.018435
1743470339.050456
1743470339.066808
1743470339.098640
1743470339.130632
1743470339.163008
1743470339.194941
1743470339.242937
1743470339.274482
1743470339.306897
1743470339.338822
1743470339.370449
1743470339.402494
1743470339.434331
1743470339.450511
1743470339.466845
1743470339.498869
1743470339.530924
1743470339.578747
1743470339.610821
1743470339.642674
1743470339.674975
1743470339.706898
1743470339.738988
1743470339.771320
1743470339.802821
1743470339.834783
1743470339.866898
1743470339.898984
1743470339.930639
1743470339.962834
1743470339.994793
1743470340.026775
1743470340.058998
1743470340.091067
1743470340.122783
1743470340.155010
1743470340.186907
1743470340.218976
1743470340.250384
1743470340.282400
1743470340.314767
1743470340.346589
1743470340.378628
1743470340.411165
1743470340.443207
1743470340.474897
1743470340.507133
1743470340.554511
1743470340.586330
1743470340.618392
1743470340.650551
1743470340.682354
1743470340.714926
1743470340.746864
1743470340.778988
1743470340.811042
1743470340.843106
1743470340.875204
1743470340.906869
1743470340.938795
1743470340.970338
1743470340.986439
1743470341.018613
1743470341.050583
1743470341.066369
1743470341.082645
1743470341.098575
1743470341.114637
1743470341.130736
1743470341.146546
1743470341.162619
1743470341.195055
1743470341.226660
1743470341.258855
1743470341.290515
1743470341.306540
1743470341.338161
1743470341.354500
1743470341.370520
1743470341.386443
1743470341.402408
1743470341.418484
1743470341.434728
1743470341.450777
1743470341.466997
1743470341.482907
1743470341.499003
1743470341.531199
1743470341.562725
1743470341.594498
1743470341.610002
1743470341.626300
1743470341.642436
1743470341.658296
1743470341.674417
1743470341.690379
1743470341.706623
1743470341.722262
1743470341.738492
1743470341.754579
1743470341.770487
1743470341.786572
1743470341.802630
1743470341.818679
1743470341.850876
1743470341.882517
1743470341.898137
1743470341.914499
1743470341.930376
1743470341.946260
1743470341.962390
1743470341.978339
1743470341.994652
1743470342.010372
1743470342.026440
1743470342.042540
1743470342.058596
1743470342.074575
1743470342.090536
1743470342.106796
1743470342.122676
1743470342.138627
1743470342.170998
1743470342.202619
1743470342.218504
1743470342.234424
1743470342.250385
1743470342.266817
1743470342.282541
1743470342.298316
1743470342.314486
1743470342.330296
1743470342.346219
1743470342.362377
1743470342.378543
1743470342.394569
1743470342.410418
1743470342.426599
1743470342.442540
1743470342.458663
1743470342.474598
1743470342.507219
1743470342.539197
1743470342.570499
1743470342.586329
1743470342.602201
1743470342.618466
1743470342.634589
1743470342.650562
1743470342.666415
1743470342.682480
1743470342.698471
1743470342.714410
1743470342.730459
1743470342.746492
1743470342.762782
1743470342.778544
1743470342.794558
1743470342.827200
1743470342.858828
1743470342.890713
1743470342.922655
1743470342.938252
1743470342.954473
1743470342.970458
1743470342.986296
1743470343.002282
1743470343.018578
1743470343.034796
1743470343.050548
1743470343.066573
1743470343.082774
1743470343.098676
1743470343.114681
1743470343.146987
1743470343.178690
1743470343.210695
1743470343.242681
1743470343.274793
1743470343.307037
1743470343.338909
1743470343.370346
1743470343.386420
1743470343.402595
1743470343.418631
1743470343.434708
1743470343.450617
1743470343.482713
1743470343.498454
1743470343.514150
1743470343.530240
1743470343.546260
1743470343.562234
1743470343.578263
1743470343.594350
1743470343.610318
1743470343.626301
1743470343.642367
1743470343.658347
1743470343.674596
1743470343.690371
1743470343.706493
1743470343.722482
1743470343.738511
1743470343.754515
1743470343.770428
1743470343.802844
1743470343.818227
1743470343.834287
1743470343.850303
1743470343.866510
1743470343.882470
1743470343.898466
1743470343.914447
1743470343.930381
1743470343.946419
1743470343.962307
1743470343.978328
1743470343.994396
1743470344.010521
1743470344.026528
1743470344.042453
1743470344.058611
1743470344.074484
1743470344.090564
1743470344.122367
1743470344.138165
1743470344.154241
1743470344.170227
1743470344.186424
1743470344.202297
1743470344.218312
1743470344.234419
1743470344.250298
1743470344.266424
1743470344.282433
1743470344.298455
1743470344.314323
1743470344.330414
1743470344.346423
1743470344.362577
1743470344.394410
1743470344.410468
1743470344.426504
1743470344.458988
1743470344.490050
1743470344.505945
1743470344.522398
1743470344.538210
1743470344.554334
1743470344.570494
1743470344.586358
1743470344.602332
1743470344.618458
1743470344.634582
1743470344.650533
1743470344.666586
1743470344.682726
1743470344.698589
1743470344.714580
1743470344.730487
1743470344.746484
1743470344.779255
1743470344.810552
1743470344.825981
1743470344.842203
1743470344.858246
1743470344.874231
1743470344.890250
1743470344.906232
1743470344.922277
1743470344.938279
1743470344.954291
1743470344.970285
1743470344.986433
1743470345.002337
1743470345.018456
1743470345.034489
1743470345.050505
1743470345.066463
1743470345.099089
1743470345.130386
1743470345.145840
1743470345.162241
1743470345.178288
1743470345.194437
1743470345.210321
1743470345.226300
1743470345.242247
1743470345.258250
1743470345.274318
1743470345.290311
1743470345.306452
1743470345.322076
1743470345.338299
1743470345.354401
1743470345.370515
1743470345.386519
1743470345.402716
1743470345.435135
1743470345.466124
1743470345.482280
1743470345.498334
1743470345.514151
1743470345.530170
1743470345.546301
1743470345.562345
1743470345.578398
1743470345.594311
1743470345.610308
1743470345.626373
1743470345.642394
1743470345.658354
1743470345.674427
1743470345.690547
1743470345.706551
1743470345.722425
1743470345.754148
1743470345.770223
1743470345.786251
1743470345.802187
1743470345.818282
1743470345.834370
1743470345.850285
1743470345.866469
1743470345.882456
1743470345.898401
1743470345.914397
1743470345.930379
1743470345.946229
1743470345.962291
1743470345.978424
1743470345.994470
1743470346.010550
1743470346.026485
1743470346.042510
1743470346.075302
1743470346.106555
1743470346.121859
1743470346.138369
1743470346.154202
1743470346.170304
1743470346.186435
1743470346.202282
1743470346.218266
1743470346.234606
1743470346.250313
1743470346.266430
1743470346.282448
1743470346.298595
1743470346.314334
1743470346.330445
1743470346.346511
1743470346.379266
1743470346.410911
1743470346.442688
1743470346.474752
1743470346.506507
1743470346.538658
1743470346.570761
1743470346.602504
1743470346.618423
1743470346.634515
1743470346.650489
1743470346.666599
1743470346.682539
1743470346.698553
1743470346.731155
1743470346.762602
1743470346.794767
1743470346.826854
1743470346.858892
1743470346.890757
1743470346.922712
1743470346.954774
1743470346.970368
1743470346.986536
1743470347.002680
1743470347.018749
1743470347.051044
1743470347.082448
1743470347.097995
1743470347.114212
1743470347.130101
1743470347.146233
1743470347.162245
1743470347.178208
1743470347.194423
1743470347.210393
1743470347.226448
1743470347.242454
1743470347.258242
1743470347.274305
1743470347.290538
1743470347.306598
1743470347.322544
1743470347.338407
1743470347.354472
1743470347.386529
1743470347.402154
1743470347.418321
1743470347.434359
1743470347.450332
1743470347.466311
1743470347.482324
1743470347.498515
1743470347.514233
1743470347.530179
1743470347.546255
1743470347.562235
1743470347.578318
1743470347.594461
1743470347.610490
1743470347.626525
1743470347.642222
1743470347.658445
1743470347.674480
1743470347.706933
1743470347.738569
1743470347.770219
1743470347.786169
1743470347.802482
1743470347.818228
1743470347.834376
1743470347.850289
1743470347.866368
1743470347.882475
1743470347.898294
1743470347.914414
1743470347.930553
1743470347.946357
1743470347.962481
1743470347.978472
1743470347.994655
1743470348.027115
1743470348.058826
1743470348.090724
1743470348.122874
1743470348.138225
1743470348.154238
1743470348.170237
1743470348.186505
1743470348.202368
1743470348.218268
1743470348.234443
1743470348.250449
1743470348.266410
1743470348.282541
1743470348.298623
1743470348.314541
1743470348.330507
1743470348.363093
1743470348.394811
1743470348.426692
1743470348.458625
1743470348.490494
1743470348.506235
1743470348.522431
1743470348.538586
1743470348.554379
1743470348.570277
1743470348.586502
1743470348.602417
1743470348.618447
1743470348.634567
1743470348.650568
1743470348.682527
1743470348.698136
1743470348.714223
1743470348.746601
1743470348.778625
1743470348.810584
1743470348.826381
1743470348.842382
1743470348.858279
1743470348.874217
1743470348.890249
1743470348.906540
1743470348.922595
1743470348.938346
1743470348.954423
1743470348.970476
1743470349.002572
1743470349.018173
1743470349.034311
1743470349.050522
1743470349.066420
1743470349.082427
1743470349.098337
1743470349.114265
1743470349.130169
1743470349.146159
1743470349.162265
1743470349.178279
1743470349.194517
1743470349.210362
1743470349.226293
1743470349.242358
1743470349.258558
1743470349.274401
1743470349.290419
1743470349.306388
1743470349.338664
1743470349.370115
1743470349.386079
1743470349.402226
1743470349.418518
1743470349.434373
1743470349.450523
1743470349.466473
1743470349.482707
1743470349.498565
1743470349.514406
1743470349.530473
1743470349.546293
1743470349.562485
1743470349.578398
1743470349.594765
1743470349.610478
1743470349.626529
1743470349.659173
1743470349.690638
1743470349.722431
1743470349.738347
1743470349.754280
1743470349.770467
1743470349.786375
1743470349.802599
1743470349.818342
1743470349.834521
1743470349.850536
1743470349.866491
1743470349.882549
1743470349.898579
1743470349.914970
1743470349.930549
1743470349.946431
1743470349.979208
1743470350.010711
1743470350.042875
1743470350.074799
1743470350.106812
1743470350.138715
1743470350.154389
1743470350.170435
1743470350.186423
1743470350.202376
1743470350.218426
1743470350.234705
1743470350.250525
1743470350.266568
1743470350.282703
1743470350.315175
1743470350.346835
1743470350.378380
1743470350.394101
1743470350.410467
1743470350.426503
1743470350.442261
1743470350.458386
1743470350.474242
1743470350.490426
1743470350.506644
1743470350.522446
1743470350.538500
1743470350.554525
1743470350.570725
1743470350.586576
1743470350.602754
1743470350.635303
1743470350.666318
1743470350.682512
1743470350.698266
1743470350.714211
1743470350.730547
1743470350.746362
1743470350.762087
1743470350.778334
1743470350.794453
1743470350.810388
1743470350.826459
1743470350.842397
1743470350.858340
1743470350.874734
1743470350.890490
1743470350.906606
1743470350.922415
1743470350.955058
1743470350.986194
1743470351.002239
1743470351.018251
1743470351.034626
1743470351.050369
1743470351.066329
