1743467444.809499
1743467444.889629
1743467444.921715
1743467444.953689
1743467444.985814
1743467445.017288
1743467445.033781
1743467445.065638
1743467445.097139
1743467445.113660
1743467445.145803
1743467445.177681
1743467445.193798
1743467445.210815
1743467445.241778
1743467445.273716
1743467445.290056
1743467445.321607
1743467445.337992
1743467445.354062
1743467445.369984
1743467445.385764
1743467445.401727
1743467445.417926
1743467445.449093
1743467445.466401
1743467445.497623
1743467445.529957
1743467445.562324
1743467445.594359
1743467445.642186
1743467445.674483
1743467445.706838
1743467445.739452
1743467445.771105
1743467445.802701
1743467445.835124
1743467445.867814
1743467445.899742
1743467445.931462
1743467445.964027
1743467445.995348
1743467446.025449
1743467446.057337
1743467446.073543
1743467446.090114
1743467446.105912
1743467446.136877
1743467446.152679
1743467446.169748
1743467446.186125
1743467446.217576
1743467446.233801
1743467446.250124
1743467446.265742
1743467446.297530
1743467446.330042
1743467446.362066
1743467446.393899
1743467446.425572
1743467446.441331
1743467446.457470
1743467446.489970
1743467446.505550
1743467446.521657
1743467446.537763
1743467446.553603
1743467446.569772
1743467446.585881
1743467446.618012
1743467446.633546
1743467446.649454
1743467446.665470
1743467446.681390
1743467446.697404
1743467446.713465
1743467446.729595
1743467446.745454
1743467446.761765
1743467446.777594
1743467446.793541
1743467446.809588
1743467446.825612
1743467446.841623
1743467446.857637
1743467446.873809
1743467446.889639
1743467446.905702
1743467446.938372
1743467446.969967
1743467447.001677
1743467447.017499
1743467447.033766
1743467447.065846
1743467447.081482
1743467447.097458
1743467447.113505
1743467447.129661
1743467447.145545
1743467447.161733
1743467447.177663
1743467447.193643
1743467447.209670
1743467447.225686
1743467447.241693
1743467447.274430
1743467447.305887
1743467447.321595
1743467447.337455
1743467447.353476
1743467447.369606
1743467447.385679
1743467447.401605
1743467447.417572
1743467447.433616
1743467447.449768
1743467447.465641
1743467447.497624
1743467447.513264
1743467447.529667
1743467447.545692
1743467447.561729
1743467447.594248
1743467447.625154
1743467447.641085
1743467447.657465
1743467447.689988
1743467447.721153
1743467447.737355
1743467447.753536
1743467447.769634
1743467447.785731
1743467447.801636
1743467447.817648
1743467447.833755
1743467447.849677
1743467447.865598
1743467447.881714
1743467447.914318
1743467447.945367
1743467447.961264
1743467447.977299
1743467447.993363
1743467448.009377
1743467448.025570
1743467448.041445
1743467448.057589
1743467448.089350
1743467448.105551
1743467448.121566
1743467448.137487
1743467448.153623
1743467448.169853
1743467448.185768
1743467448.201694
1743467448.217777
1743467448.250067
1743467448.281829
1743467448.313980
1743467448.329626
1743467448.345615
1743467448.361572
1743467448.377459
1743467448.393437
1743467448.409631
1743467448.442134
1743467448.473959
1743467448.489554
1743467448.505637
1743467448.521667
1743467448.537854
1743467448.569872
1743467448.585528
1743467448.601396
1743467448.617533
1743467448.633580
1743467448.649542
1743467448.665596
1743467448.697803
1743467448.728557
1743467448.745621
1743467448.761716
1743467448.777548
1743467448.793589
1743467448.809672
1743467448.825650
1743467448.841722
1743467448.857664
1743467448.890220
1743467448.921677
1743467448.937478
1743467448.953464
1743467448.969525
1743467448.985593
1743467449.001619
1743467449.017476
1743467449.033564
1743467449.049465
1743467449.065482
1743467449.081365
1743467449.097415
1743467449.113562
1743467449.129558
1743467449.145773
1743467449.161732
1743467449.177758
1743467449.193627
1743467449.226240
1743467449.257816
1743467449.289884
1743467449.305675
1743467449.321424
1743467449.337404
1743467449.353394
1743467449.369426
1743467449.385548
1743467449.401489
1743467449.417712
1743467449.433711
1743467449.465816
1743467449.481339
1743467449.497707
1743467449.513543
1743467449.546101
1743467449.578315
1743467449.609922
1743467449.641827
1743467449.673779
1743467449.689359
1743467449.705502
1743467449.721372
1743467449.737548
1743467449.753459
1743467449.769572
1743467449.785581
1743467449.801605
1743467449.817808
1743467449.833706
1743467449.866120
1743467449.897527
1743467449.913137
1743467449.929444
1743467449.945388
1743467449.961454
1743467449.977653
1743467449.993422
1743467450.009469
1743467450.025391
1743467450.041526
1743467450.057436
1743467450.073534
1743467450.089491
1743467450.105570
1743467450.121596
1743467450.137817
1743467450.169728
1743467450.202275
1743467450.233400
1743467450.249163
1743467450.265483
1743467450.281313
1743467450.297324
1743467450.313413
1743467450.329432
1743467450.345469
1743467450.361831
1743467450.377883
1743467450.393573
1743467450.409465
1743467450.425391
1743467450.441664
1743467450.457705
1743467450.473641
1743467450.489593
1743467450.521586
1743467450.552996
1743467450.569573
1743467450.602271
1743467450.633745
1743467450.649461
1743467450.665319
1743467450.681558
1743467450.697517
1743467450.730046
1743467450.762029
1743467450.793945
1743467450.841687
1743467450.873337
1743467450.889297
1743467450.905371
1743467450.921527
1743467450.937416
1743467450.953653
1743467450.969897
1743467451.001817
1743467451.033575
1743467451.049392
1743467451.065534
1743467451.081386
1743467451.097523
1743467451.113525
1743467451.129692
1743467451.145650
1743467451.178229
1743467451.209998
1743467451.241455
1743467451.273628
1743467451.289326
1743467451.305564
1743467451.321440
1743467451.337471
1743467451.353561
1743467451.369690
1743467451.385616
1743467451.401613
1743467451.417626
1743467451.433694
1743467451.449775
1743467451.465524
1743467451.497853
1743467451.529653
1743467451.561507
1743467451.577068
1743467451.593477
1743467451.609773
1743467451.641960
1743467451.673984
1743467451.705565
1743467451.721545
1743467451.737614
1743467451.754195
1743467451.785736
1743467451.818123
1743467451.849656
1743467451.881872
1743467451.913851
1743467451.945802
1743467451.977953
1743467452.009756
1743467452.025246
1743467452.041496
1743467452.057463
1743467452.073533
1743467452.089713
1743467452.105523
1743467452.121571
1743467452.153902
1743467452.169466
1743467452.185480
1743467452.201428
1743467452.217503
1743467452.233796
1743467452.265715
1743467452.297860
1743467452.329909
1743467452.362005
1743467452.394044
1743467452.425857
1743467452.473802
1743467452.505316
1743467452.521237
1743467452.537295
1743467452.553398
1743467452.569435
1743467452.585374
1743467452.601452
1743467452.617624
1743467452.633467
1743467452.649597
1743467452.665548
1743467452.681527
1743467452.697438
1743467452.713550
1743467452.729619
1743467452.745763
1743467452.793864
1743467452.825679
1743467452.857280
1743467452.873291
1743467452.889335
1743467452.905359
1743467452.921453
1743467452.937355
1743467452.953556
1743467452.969499
1743467452.985579
1743467453.001455
1743467453.017568
1743467453.033604
1743467453.049600
1743467453.065583
1743467453.081618
1743467453.097546
1743467453.130178
1743467453.161682
1743467453.193986
1743467453.225750
1743467453.257602
1743467453.289876
1743467453.321614
1743467453.337450
1743467453.353438
1743467453.369643
1743467453.385570
1743467453.401632
1743467453.417646
1743467453.450137
1743467453.481730
1743467453.513888
1743467453.545958
1743467453.577892
1743467453.609773
1743467453.641549
1743467453.673921
1743467453.689449
1743467453.705775
1743467453.721629
1743467453.737576
1743467453.769901
1743467453.785413
1743467453.801336
1743467453.817325
1743467453.833448
1743467453.849508
1743467453.865421
1743467453.881326
1743467453.897353
1743467453.913475
1743467453.929480
1743467453.945475
1743467453.961468
1743467453.977403
1743467453.993328
1743467454.009500
1743467454.025559
1743467454.041597
1743467454.057540
1743467454.073547
1743467454.106004
1743467454.137515
1743467454.153215
1743467454.169429
1743467454.185471
1743467454.201356
1743467454.217592
1743467454.233422
1743467454.249456
1743467454.265339
1743467454.281372
1743467454.297395
1743467454.313452
1743467454.329450
1743467454.345462
1743467454.361533
1743467454.377591
1743467454.393524
1743467454.426116
1743467454.457551
1743467454.473346
1743467454.489305
1743467454.505277
1743467454.521311
1743467454.537498
1743467454.553352
1743467454.569604
1743467454.585532
1743467454.601562
1743467454.617443
1743467454.633532
1743467454.649584
1743467454.665474
1743467454.681487
1743467454.697646
1743467454.745835
1743467454.777815
1743467454.809648
1743467454.841797
1743467454.873872
1743467454.906189
1743467454.937453
1743467454.969648
1743467455.001808
1743467455.033968
1743467455.081364
1743467455.113659
1743467455.145392
1743467455.177775
1743467455.209652
1743467455.241984
1743467455.273881
1743467455.306056
1743467455.337595
1743467455.369449
1743467455.401813
1743467455.433471
1743467455.465706
1743467455.497717
1743467455.529603
1743467455.561918
1743467455.593828
1743467455.625923
1743467455.657762
1743467455.690162
1743467455.721897
1743467455.753378
1743467455.785479
1743467455.817514
1743467455.849687
1743467455.881860
1743467455.913800
1743467455.945807
1743467455.978028
1743467456.010062
1743467456.057642
1743467456.089599
1743467456.121307
1743467456.153597
1743467456.185431
1743467456.217318
1743467456.249715
1743467456.282072
1743467456.313497
1743467456.345882
1743467456.378165
1743467456.409567
1743467456.441422
1743467456.473759
1743467456.506010
1743467456.537390
1743467456.569555
1743467456.601730
1743467456.633686
1743467456.665966
1743467456.697721
1743467456.729688
1743467456.761668
1743467456.793851
1743467456.825553
1743467456.841227
1743467456.857379
1743467456.889339
1743467456.921419
1743467456.953156
1743467456.986131
1743467457.033214
1743467457.065493
1743467457.097651
1743467457.129797
1743467457.161775
1743467457.193741
1743467457.225962
1743467457.257270
1743467457.289928
1743467457.321531
1743467457.353812
1743467457.384926
1743467457.401249
1743467457.433278
1743467457.465860
1743467457.497360
1743467457.529783
1743467457.561904
1743467457.594059
1743467457.625466
1743467457.673679
1743467457.705933
1743467457.737361
1743467457.769259
1743467457.785401
1743467457.817560
1743467457.849727
1743467457.881462
1743467457.914110
1743467457.946233
1743467457.978154
1743467458.009325
1743467458.041650
1743467458.073846
1743467458.105754
1743467458.137145
1743467458.153241
1743467458.185598
1743467458.217578
1743467458.249690
1743467458.282094
1743467458.329617
1743467458.361550
1743467458.393520
1743467458.425632
1743467458.457872
1743467458.489865
1743467458.521696
1743467458.552799
1743467458.569829
1743467458.601596
1743467458.649754
1743467458.681488
1743467458.713677
1743467458.745556
1743467458.777793
1743467458.809576
1743467458.841654
1743467458.874143
1743467458.905629
1743467458.937879
1743467458.985561
1743467459.017372
1743467459.049237
1743467459.081614
1743467459.113704
1743467459.145751
1743467459.177514
1743467459.209808
1743467459.241864
1743467459.273899
1743467459.305533
1743467459.337244
1743467459.369377
1743467459.401105
1743467459.417419
1743467459.449668
1743467459.481855
1743467459.513779
1743467459.545467
1743467459.578045
1743467459.625689
1743467459.657896
1743467459.688986
1743467459.705135
1743467459.737412
1743467459.769578
1743467459.801127
1743467459.817204
1743467459.833440
1743467459.849556
1743467459.881618
1743467459.913972
1743467459.961420
1743467459.993889
1743467460.025479
1743467460.057814
1743467460.089845
1743467460.121707
1743467460.153300
1743467460.169405
1743467460.201660
1743467460.233441
1743467460.281316
1743467460.313806
1743467460.345613
1743467460.377694
1743467460.409855
1743467460.441682
1743467460.473862
1743467460.506096
1743467460.537726
1743467460.569886
1743467460.601825
1743467460.633390
1743467460.665473
1743467460.697548
1743467460.729749
1743467460.761603
1743467460.793723
1743467460.825778
1743467460.857933
1743467460.889858
1743467460.937410
1743467460.969217
1743467460.985174
1743467461.017639
1743467461.049398
1743467461.081688
1743467461.113942
1743467461.145759
1743467461.177653
1743467461.210001
1743467461.257572
1743467461.289563
1743467461.321154
1743467461.337099
1743467461.353139
1743467461.369442
1743467461.401482
1743467461.433535
1743467461.465639
1743467461.497671
1743467461.529524
1743467461.577441
1743467461.609690
1743467461.641445
1743467461.673226
1743467461.705267
1743467461.737247
1743467461.769174
1743467461.785348
1743467461.801386
1743467461.833530
1743467461.865980
1743467461.913530
1743467461.945627
1743467461.977553
1743467462.009836
1743467462.041442
1743467462.073937
1743467462.105700
1743467462.137596
1743467462.169208
1743467462.185472
1743467462.233130
1743467462.265655
1743467462.297114
1743467462.329602
1743467462.361835
1743467462.393783
1743467462.425740
1743467462.457748
1743467462.489772
1743467462.521397
1743467462.553695
1743467462.585078
1743467462.601185
1743467462.617195
1743467462.649512
1743467462.682089
1743467462.713740
1743467462.745645
1743467462.777446
1743467462.809900
1743467462.842050
1743467462.889556
1743467462.920694
1743467462.937060
1743467462.953156
1743467462.969282
1743467463.000973
1743467463.017205
1743467463.033436
1743467463.065788
1743467463.097433
1743467463.129855
1743467463.161847
1743467463.209687
1743467463.241019
1743467463.273772
1743467463.305625
1743467463.337176
1743467463.369324
1743467463.385379
1743467463.417368
1743467463.449599
1743467463.481746
1743467463.529276
1743467463.561751
1743467463.593637
1743467463.625235
1743467463.657639
1743467463.689813
1743467463.721308
1743467463.753183
1743467463.769389
1743467463.801598
1743467463.833753
1743467463.865471
1743467463.897889
1743467463.929560
1743467463.961756
1743467463.993716
1743467464.026000
1743467464.057869
1743467464.089971
1743467464.121493
1743467464.137383
1743467464.153380
1743467464.185730
1743467464.217025
1743467464.233194
1743467464.265616
1743467464.297444
1743467464.329577
1743467464.361728
1743467464.393782
1743467464.426038
1743467464.457646
1743467464.505712
1743467464.537106
1743467464.569052
1743467464.585337
1743467464.617495
1743467464.649685
1743467464.681623
1743467464.713503
1743467464.745216
1743467464.777902
1743467464.809829
1743467464.841839
1743467464.873492
1743467464.905746
1743467464.921175
1743467464.937107
1743467464.953135
1743467464.969370
1743467465.001400
1743467465.033537
1743467465.065567
1743467465.097712
1743467465.129737
1743467465.161760
1743467465.193782
1743467465.225102
1743467465.257627
1743467465.289807
1743467465.321281
1743467465.353017
1743467465.369232
1743467465.385601
1743467465.417604
1743467465.449799
1743467465.482007
1743467465.513626
1743467465.545678
1743467465.577380
1743467465.609688
1743467465.641744
1743467465.674015
1743467465.705483
1743467465.737492
1743467465.769547
1743467465.817405
1743467465.849173
1743467465.881593
1743467465.913635
1743467465.945703
1743467465.977712
1743467466.009729
1743467466.041760
1743467466.073818
1743467466.105665
1743467466.137584
1743467466.168936
1743467466.185096
1743467466.201100
1743467466.217227
1743467466.249666
1743467466.281673
1743467466.313665
1743467466.345499
1743467466.377825
1743467466.409782
1743467466.457428
1743467466.489841
1743467466.521215
1743467466.553301
1743467466.585437
1743467466.617401
1743467466.649477
1743467466.681578
1743467466.713669
1743467466.745787
1743467466.793553
1743467466.825464
1743467466.857478
1743467466.889981
1743467466.921659
1743467466.937334
1743467466.969278
1743467466.985370
1743467467.017433
1743467467.049511
1743467467.081298
1743467467.113971
1743467467.145492
1743467467.177540
1743467467.209312
1743467467.241677
1743467467.273726
1743467467.305738
1743467467.337144
1743467467.353202
1743467467.369407
1743467467.401439
1743467467.433724
1743467467.465447
1743467467.497389
1743467467.529584
1743467467.561413
1743467467.593995
1743467467.625716
1743467467.657634
1743467467.689447
1743467467.721597
1743467467.769030
1743467467.801278
1743467467.832994
1743467467.848938
1743467467.881471
1743467467.913736
1743467467.945272
1743467467.977638
1743467468.009683
1743467468.041892
1743467468.089315
1743467468.121068
1743467468.137453
1743467468.169043
1743467468.185170
1743467468.217363
1743467468.249440
1743467468.281420
1743467468.313851
1743467468.346188
1743467468.377533
1743467468.409723
1743467468.441519
1743467468.473579
1743467468.505476
1743467468.537365
1743467468.569141
1743467468.601173
1743467468.617157
1743467468.633368
1743467468.665600
1743467468.697926
1743467468.745525
1743467468.777463
1743467468.809468
1743467468.841806
1743467468.873586
1743467468.905556
1743467468.937369
1743467468.953130
1743467468.969289
1743467469.001714
1743467469.033369
1743467469.065654
1743467469.097413
1743467469.129639
1743467469.161385
1743467469.193581
1743467469.225552
1743467469.257492
1743467469.289570
1743467469.321496
1743467469.353358
1743467469.385622
1743467469.416866
1743467469.433113
1743467469.465457
1743467469.497563
1743467469.529342
1743467469.561580
1743467469.593654
1743467469.625528
1743467469.657263
1743467469.689917
1743467469.721703
1743467469.753061
1743467469.785092
1743467469.801265
1743467469.833294
1743467469.865414
1743467469.897313
1743467469.929543
1743467469.961789
1743467469.993869
1743467470.041394
1743467470.073582
1743467470.105506
1743467470.137216
1743467470.169301
1743467470.201138
1743467470.217098
1743467470.233262
1743467470.265282
1743467470.297701
1743467470.329719
1743467470.361902
1743467470.393562
1743467470.425578
1743467470.457479
1743467470.489742
1743467470.521236
1743467470.553200
1743467470.569218
1743467470.601460
1743467470.633428
1743467470.665630
1743467470.697616
1743467470.729331
1743467470.761476
1743467470.793611
1743467470.825570
1743467470.857543
1743467470.889339
1743467470.921415
1743467470.953282
1743467470.969224
1743467471.017069
1743467471.049366
1743467471.081572
1743467471.113662
1743467471.145861
1743467471.177690
1743467471.209609
1743467471.241578
1743467471.273694
1743467471.305610
1743467471.337548
1743467471.369049
1743467471.400960
1743467471.417030
1743467471.433127
1743467471.465408
1743467471.496976
1743467471.529592
1743467471.561675
1743467471.593720
1743467471.625449
1743467471.673487
1743467471.705357
1743467471.737041
1743467471.768924
1743467471.801385
1743467471.833220
1743467471.865432
1743467471.897370
1743467471.929830
1743467471.961877
1743467471.993598
1743467472.024907
1743467472.057594
1743467472.089473
1743467472.120982
1743467472.153270
1743467472.185207
1743467472.217360
1743467472.249578
1743467472.281669
1743467472.313657
1743467472.345407
1743467472.377396
1743467472.409180
1743467472.441101
1743467472.473831
1743467472.505413
1743467472.537229
1743467472.569348
1743467472.601336
1743467472.648996
1743467472.681519
1743467472.713558
1743467472.745256
1743467472.777723
1743467472.809515
1743467472.841651
1743467472.873618
1743467472.905636
1743467472.937313
1743467472.969453
1743467472.985014
1743467473.001120
1743467473.033561
1743467473.065424
1743467473.097067
1743467473.129582
1743467473.161729
1743467473.193584
1743467473.225499
1743467473.257880
1743467473.289947
1743467473.321648
1743467473.352972
1743467473.385092
1743467473.417275
1743467473.449443
1743467473.481027
1743467473.513539
1743467473.545690
1743467473.577571
1743467473.625384
1743467473.657570
1743467473.689536
1743467473.720987
1743467473.753012
1743467473.769015
1743467473.785190
1743467473.817528
1743467473.849458
1743467473.881603
1743467473.913826
1743467473.945925
1743467473.977230
1743467474.009732
1743467474.041304
1743467474.073535
1743467474.105283
1743467474.137065
1743467474.169302
1743467474.201171
1743467474.233382
1743467474.265843
1743467474.297345
1743467474.329405
1743467474.361292
1743467474.393521
1743467474.425969
1743467474.457385
1743467474.489627
1743467474.521536
1743467474.553229
1743467474.569267
1743467474.601522
1743467474.633394
1743467474.665369
1743467474.697481
1743467474.729271
1743467474.761543
1743467474.793517
1743467474.825693
1743467474.857194
1743467474.889879
1743467474.921624
1743467474.953009
1743467474.984793
1743467475.000917
1743467475.017019
1743467475.033087
1743467475.049261
1743467475.081456
1743467475.113584
1743467475.145666
1743467475.177509
1743467475.209725
1743467475.241780
1743467475.273549
1743467475.305190
1743467475.337061
1743467475.368913
1743467475.401211
1743467475.433143
1743467475.465464
1743467475.497425
1743467475.529645
1743467475.577148
1743467475.609491
1743467475.641398
1743467475.673608
1743467475.705262
1743467475.737409
1743467475.769306
1743467475.801348
1743467475.833251
1743467475.865550
1743467475.897582
1743467475.929475
1743467475.961495
1743467475.993454
1743467476.025514
1743467476.057553
1743467476.089273
1743467476.121116
1743467476.137199
1743467476.169380
1743467476.216917
1743467476.249485
1743467476.281271
1743467476.313455
1743467476.345131
1743467476.377633
1743467476.409818
1743467476.441512
1743467476.473392
1743467476.505363
1743467476.552926
1743467476.584893
1743467476.617218
1743467476.649230
1743467476.681427
1743467476.713456
1743467476.745360
1743467476.777489
1743467476.809770
1743467476.841808
1743467476.873617
1743467476.905559
1743467476.936968
1743467476.969063
1743467477.000969
1743467477.016971
1743467477.033080
1743467477.049236
1743467477.081329
1743467477.113842
1743467477.145570
1743467477.193331
1743467477.224829
1743467477.257510
1743467477.289481
1743467477.321209
1743467477.353072
1743467477.369010
1743467477.401190
1743467477.433180
1743467477.465258
1743467477.497597
1743467477.529588
1743467477.561408
1743467477.593161
1743467477.625612
1743467477.657599
1743467477.689377
1743467477.720896
1743467477.737132
1743467477.769224
1743467477.801377
1743467477.849005
1743467477.881435
1743467477.913641
1743467477.945566
1743467477.977504
1743467478.009846
1743467478.041626
1743467478.073748
1743467478.105381
1743467478.137376
1743467478.169497
1743467478.201202
1743467478.233072
1743467478.265193
1743467478.297296
1743467478.329490
1743467478.361271
1743467478.393477
1743467478.425748
1743467478.457664
1743467478.505430
1743467478.536894
1743467478.568998
1743467478.585154
1743467478.617216
1743467478.649473
1743467478.681537
1743467478.713609
1743467478.745575
1743467478.777845
1743467478.825444
1743467478.857244
1743467478.889044
1743467478.921170
1743467478.953321
1743467478.985183
1743467479.017341
1743467479.032965
1743467479.065367
1743467479.097500
1743467479.145167
1743467479.177254
1743467479.209400
1743467479.241427
1743467479.273226
1743467479.305387
1743467479.336854
1743467479.352939
1743467479.385117
1743467479.401095
1743467479.433237
1743467479.481154
1743467479.512874
1743467479.545555
1743467479.577473
1743467479.609338
1743467479.641063
1743467479.673466
1743467479.705787
1743467479.737314
1743467479.769804
1743467479.801269
1743467479.833178
1743467479.865169
1743467479.897209
1743467479.929573
1743467479.961450
1743467479.993379
1743467480.025361
1743467480.057538
1743467480.089773
1743467480.121612
1743467480.153205
1743467480.184886
1743467480.200894
1743467480.217009
1743467480.249103
1743467480.280876
1743467480.313726
1743467480.345532
1743467480.377586
1743467480.409537
1743467480.457401
1743467480.489544
1743467480.521151
1743467480.552920
1743467480.584910
1743467480.617235
1743467480.649151
1743467480.681289
1743467480.713486
1743467480.745560
1743467480.777678
1743467480.809574
1743467480.841194
1743467480.873508
1743467480.905384
1743467480.937045
1743467480.968927
1743467481.001301
1743467481.033205
1743467481.048983
1743467481.096995
1743467481.129269
1743467481.161273
1743467481.193522
1743467481.225023
1743467481.257432
1743467481.289408
1743467481.321319
1743467481.353188
1743467481.385253
1743467481.433119
1743467481.465304
1743467481.496842
1743467481.512806
1743467481.528909
1743467481.561666
1743467481.593202
1743467481.625687
1743467481.657487
1743467481.689444
1743467481.720962
1743467481.753590
1743467481.784860
1743467481.800884
1743467481.832783
1743467481.848749
1743467481.881288
1743467481.913472
1743467481.945361
1743467481.977534
1743467482.009486
1743467482.041586
1743467482.073378
1743467482.105333
1743467482.136889
1743467482.168921
1743467482.185099
1743467482.217253
1743467482.249231
1743467482.281419
1743467482.313233
1743467482.345510
1743467482.377713
1743467482.409598
1743467482.441164
1743467482.473518
1743467482.505319
1743467482.536794
1743467482.569018
1743467482.600915
1743467482.616925
1743467482.633062
1743467482.649280
1743467482.681555
1743467482.729151
1743467482.761266
1743467482.792829
1743467482.825217
1743467482.857426
1743467482.889479
1743467482.920910
1743467482.953291
1743467482.985067
1743467483.017295
1743467483.049222
1743467483.081249
1743467483.113327
1743467483.145488
1743467483.176939
1743467483.209403
1743467483.241403
1743467483.273391
1743467483.305312
1743467483.337181
1743467483.384693
1743467483.416751
1743467483.448851
1743467483.481254
1743467483.513444
1743467483.545413
1743467483.577057
1743467483.609598
1743467483.641546
1743467483.673510
1743467483.705353
1743467483.736915
1743467483.769130
1743467483.801047
1743467483.832854
1743467483.864992
1743467483.897376
1743467483.929712
1743467483.961737
1743467483.993519
1743467484.025258
1743467484.057105
1743467484.088110
1743467484.120340
1743467484.136589
1743467484.153010
1743467484.185345
1743467484.217235
1743467484.249101
1743467484.281227
1743467484.313678
1743467484.361262
1743467484.393135
1743467484.425568
1743467484.457102
1743467484.489521
1743467484.520997
1743467484.553062
1743467484.585025
1743467484.601177
1743467484.633283
1743467484.681014
1743467484.713066
1743467484.745394
1743467484.777289
1743467484.809206
1743467484.841469
1743467484.873303
1743467484.905445
1743467484.937016
1743467484.969029
1743467485.001554
1743467485.032962
1743467485.065264
1743467485.097181
1743467485.129315
1743467485.161196
1743467485.193381
1743467485.225085
1743467485.257461
1743467485.289434
1743467485.336576
1743467485.368852
1743467485.401222
1743467485.417500
1743467485.449093
1743467485.481092
1743467485.513522
1743467485.545480
1743467485.577458
1743467485.609636
1743467485.657187
1743467485.689169
1743467485.720731
1743467485.752888
1743467485.768823
1743467485.784996
1743467485.817102
1743467485.849069
1743467485.881340
1743467485.913435
1743467485.945565
1743467485.977367
1743467486.009144
1743467486.041064
1743467486.073468
1743467486.105443
1743467486.136891
1743467486.152838
1743467486.168912
1743467486.201062
1743467486.233309
1743467486.265518
1743467486.312954
1743467486.344708
1743467486.377262
1743467486.409315
1743467486.441341
1743467486.473395
1743467486.505560
1743467486.536951
1743467486.569217
1743467486.601185
1743467486.633572
1743467486.665095
1743467486.697327
1743467486.729070
1743467486.761235
1743467486.793330
1743467486.825780
1743467486.857205
1743467486.889411
1743467486.920969
1743467486.953509
1743467486.984917
1743467487.016842
1743467487.049060
1743467487.081132
1743467487.113025
1743467487.145433
1743467487.177359
1743467487.209327
1743467487.241535
1743467487.289047
1743467487.320964
1743467487.352868
1743467487.384960
1743467487.417056
1743467487.449164
1743467487.481420
1743467487.513361
1743467487.545444
1743467487.577647
1743467487.609358
1743467487.641451
1743467487.673300
1743467487.705434
1743467487.736854
1743467487.768880
1743467487.784916
1743467487.817009
1743467487.849185
1743467487.881234
1743467487.928955
1743467487.961185
1743467487.993529
1743467488.025242
1743467488.057333
1743467488.089281
1743467488.120958
1743467488.152842
1743467488.184793
1743467488.201270
1743467488.233238
1743467488.265375
1743467488.297302
1743467488.329353
1743467488.361401
1743467488.393184
1743467488.425347
1743467488.456869
1743467488.489470
1743467488.520733
1743467488.536970
1743467488.552968
1743467488.584767
1743467488.616483
1743467488.632844
1743467488.648879
1743467488.680770
1743467488.713192
1743467488.745422
1743467488.777063
1743467488.809315
1743467488.841585
1743467488.873395
1743467488.905156
1743467488.937152
1743467488.968988
1743467489.001153
1743467489.032994
1743467489.065348
1743467489.097272
1743467489.129588
1743467489.161452
1743467489.193482
1743467489.241116
1743467489.273277
1743467489.304652
1743467489.336813
1743467489.369004
1743467489.400938
1743467489.432944
1743467489.465266
1743467489.497315
1743467489.529481
1743467489.561252
1743467489.593028
1743467489.625243
1743467489.657357
1743467489.689040
1743467489.721090
1743467489.752876
1743467489.785008
1743467489.817050
1743467489.849588
1743467489.881145
1743467489.913319
1743467489.944938
1743467489.977373
1743467490.009162
1743467490.041279
1743467490.073017
1743467490.104827
1743467490.137085
1743467490.168918
1743467490.216683
1743467490.249063
1743467490.281097
1743467490.313321
1743467490.345161
1743467490.377306
1743467490.409348
1743467490.441323
1743467490.473257
1743467490.505568
1743467490.537490
1743467490.567689
1743467490.584417
1743467490.616931
1743467490.648994
1743467490.681357
1743467490.712978
1743467490.745521
1743467490.777487
1743467490.809388
1743467490.856991
1743467490.889183
1743467490.920970
1743467490.952809
1743467490.984780
1743467491.016984
1743467491.048997
1743467491.081177
1743467491.113077
1743467491.145276
1743467491.193095
1743467491.225163
1743467491.256641
1743467491.289120
1743467491.321047
1743467491.352888
1743467491.384955
1743467491.417010
1743467491.449521
1743467491.481424
1743467491.513238
1743467491.545133
1743467491.577302
1743467491.609368
1743467491.640742
1743467491.673253
1743467491.705049
1743467491.736745
1743467491.768877
1743467491.784953
1743467491.833031
1743467491.864858
1743467491.896961
1743467491.929113
1743467491.961313
1743467491.993304
1743467492.025617
1743467492.057504
1743467492.089455
1743467492.121217
1743467492.168803
1743467492.199666
1743467492.217128
1743467492.248953
1743467492.280775
1743467492.313022
1743467492.345145
1743467492.377362
1743467492.409671
1743467492.441269
1743467492.489055
1743467492.521132
1743467492.552679
1743467492.584861
1743467492.616956
1743467492.649106
1743467492.680931
1743467492.713520
1743467492.745250
1743467492.777330
1743467492.809151
1743467492.841392
1743467492.873027
1743467492.904619
1743467492.936782
1743467492.969417
1743467493.001059
1743467493.033014
1743467493.064948
1743467493.097376
1743467493.145159
1743467493.177274
1743467493.208686
1743467493.241087
1743467493.273196
1743467493.305329
1743467493.336792
1743467493.368838
1743467493.384948
1743467493.401047
1743467493.433165
1743467493.465607
1743467493.496894
1743467493.529117
1743467493.561034
1743467493.593108
1743467493.625216
1743467493.657044
1743467493.689160
1743467493.720912
1743467493.736868
1743467493.753016
1743467493.785110
1743467493.816863
1743467493.849239
1743467493.881199
1743467493.913058
1743467493.945230
1743467493.977311
1743467494.009254
1743467494.041424
1743467494.073286
1743467494.121121
1743467494.152857
1743467494.184669
1743467494.216996
1743467494.249158
1743467494.281212
1743467494.313169
1743467494.345378
1743467494.377519
1743467494.409331
1743467494.441510
1743467494.473027
1743467494.504905
1743467494.536810
1743467494.568575
1743467494.584841
1743467494.617019
1743467494.648962
1743467494.680988
1743467494.713622
1743467494.760964
1743467494.793130
1743467494.825003
1743467494.857195
1743467494.889126
1743467494.920914
1743467494.952713
1743467494.984961
1743467495.017156
1743467495.049068
1743467495.097085
1743467495.129222
1743467495.161069
1743467495.193311
1743467495.225078
1743467495.257216
1743467495.289306
1743467495.320886
1743467495.352718
1743467495.369095
1743467495.416512
1743467495.449146
1743467495.480748
1743467495.513183
1743467495.545104
1743467495.577195
1743467495.609106
1743467495.641118
1743467495.673344
1743467495.705401
1743467495.736845
1743467495.768739
1743467495.784673
1743467495.816657
1743467495.848718
1743467495.881387
1743467495.913307
1743467495.945090
1743467495.977115
1743467496.009403
1743467496.041228
1743467496.073487
1743467496.104877
1743467496.136397
1743467496.168885
1743467496.200845
1743467496.233092
1743467496.265278
1743467496.297214
1743467496.329486
1743467496.361533
1743467496.393205
1743467496.424849
1743467496.457184
1743467496.489023
1743467496.520712
1743467496.552691
1743467496.584938
1743467496.616765
1743467496.632820
1743467496.665154
1743467496.713149
1743467496.744994
1743467496.777069
1743467496.808798
1743467496.841172
1743467496.873284
1743467496.904974
1743467496.936857
1743467496.968996
1743467496.984944
1743467497.017074
1743467497.049282
1743467497.081115
1743467497.113253
1743467497.145096
1743467497.176968
1743467497.192354
1743467497.208871
1743467497.241379
1743467497.272888
1743467497.305258
1743467497.336995
1743467497.369109
1743467497.400620
1743467497.416732
1743467497.449059
1743467497.481019
1743467497.512937
1743467497.545144
1743467497.577475
1743467497.609322
1743467497.641052
1743467497.689079
1743467497.720671
1743467497.752613
1743467497.784492
1743467497.800628
1743467497.833117
1743467497.865022
1743467497.896774
1743467497.929157
1743467497.961175
1743467497.993333
1743467498.024979
1743467498.056946
1743467498.089129
1743467498.120653
1743467498.152477
1743467498.168818
1743467498.200727
1743467498.232890
1743467498.264938
1743467498.297184
1743467498.345017
1743467498.376953
1743467498.409332
1743467498.441236
1743467498.473020
1743467498.505106
1743467498.536565
1743467498.552628
1743467498.585042
1743467498.617022
1743467498.664737
1743467498.697058
1743467498.729357
1743467498.761052
1743467498.792892
1743467498.825341
1743467498.857129
1743467498.889340
1743467498.920951
1743467498.952960
1743467499.000479
1743467499.032835
1743467499.064555
1743467499.096875
1743467499.129026
1743467499.161222
1743467499.192759
1743467499.208389
1743467499.224711
1743467499.240777
1743467499.256796
1743467499.289453
1743467499.321454
1743467499.352594
1743467499.384572
1743467499.400584
1743467499.432771
1743467499.465087
1743467499.497205
1743467499.529081
1743467499.561140
1743467499.593330
1743467499.640927
1743467499.673243
1743467499.705035
1743467499.736505
1743467499.768803
1743467499.800689
1743467499.832786
1743467499.865064
1743467499.896740
1743467499.929361
1743467499.976919
1743467500.008965
1743467500.040479
1743467500.073090
1743467500.105045
1743467500.136799
1743467500.168632
1743467500.184747
1743467500.216866
1743467500.248933
1743467500.296888
1743467500.329051
1743467500.361032
1743467500.393216
1743467500.424871
1743467500.457050
1743467500.489325
1743467500.520627
1743467500.553018
1743467500.585141
1743467500.617276
1743467500.648783
1743467500.680724
1743467500.713376
1743467500.745087
1743467500.777173
1743467500.809011
1743467500.841187
1743467500.873202
1743467500.905420
1743467500.952603
1743467500.984676
1743467501.016588
1743467501.048891
1743467501.080840
1743467501.113208
1743467501.145035
1743467501.177103
1743467501.209193
1743467501.241303
1743467501.273294
1743467501.304923
1743467501.336422
1743467501.352441
1743467501.368703
1743467501.401101
1743467501.432658
1743467501.464921
1743467501.497495
1743467501.529011
1743467501.561072
1743467501.593361
1743467501.625112
1743467501.657304
1743467501.688910
1743467501.720945
1743467501.752582
1743467501.768599
1743467501.800761
1743467501.832767
1743467501.865142
1743467501.897185
1743467501.928586
1743467501.960992
1743467501.993145
1743467502.025216
1743467502.056773
1743467502.089092
1743467502.120922
1743467502.152772
1743467502.184595
1743467502.200712
1743467502.248632
1743467502.280825
1743467502.312946
1743467502.344883
1743467502.376897
1743467502.408969
1743467502.441067
1743467502.473082
1743467502.505679
1743467502.537134
1743467502.568619
1743467502.584599
1743467502.616486
1743467502.648859
1743467502.680643
1743467502.713228
1743467502.745065
1743467502.777091
1743467502.809150
1743467502.841528
1743467502.873283
1743467502.905127
1743467502.936697
1743467502.968503
1743467502.984674
1743467503.016709
1743467503.048841
1743467503.080855
1743467503.113035
1743467503.145107
1743467503.177132
1743467503.225107
1743467503.256858
1743467503.288974
1743467503.320428
1743467503.336498
1743467503.368917
1743467503.400679
1743467503.432669
1743467503.465269
1743467503.497094
1743467503.545011
1743467503.576437
1743467503.609063
1743467503.641120
1743467503.672981
1743467503.704927
1743467503.736567
1743467503.768775
1743467503.800702
1743467503.832964
1743467503.880613
1743467503.913091
1743467503.945045
1743467503.976999
1743467504.008481
1743467504.041065
1743467504.073150
1743467504.105358
1743467504.136840
1743467504.168830
1743467504.201010
1743467504.232569
1743467504.264756
1743467504.296429
1743467504.329045
1743467504.361015
1743467504.393098
1743467504.424538
1743467504.457166
1743467504.489234
1743467504.521151
1743467504.552185
1743467504.568419
1743467504.584500
1743467504.616809
1743467504.648428
1743467504.680789
1743467504.713041
1743467504.744999
1743467504.776743
1743467504.809366
1743467504.856961
1743467504.888909
1743467504.920608
1743467504.952719
1743467504.984251
1743467505.000729
1743467505.032681
1743467505.065056
1743467505.097149
1743467505.129132
1743467505.176762
1743467505.208860
1743467505.240821
1743467505.273112
1743467505.304688
1743467505.336451
1743467505.352525
1743467505.368523
1743467505.400651
1743467505.432888
1743467505.465048
1743467505.497193
1743467505.528476
1743467505.561046
1743467505.593008
1743467505.625003
1743467505.656711
1743467505.689213
1743467505.720747
1743467505.752804
1743467505.784536
1743467505.800746
1743467505.833009
1743467505.864793
1743467505.897104
1743467505.929186
1743467505.961085
1743467505.993044
1743467506.024739
1743467506.057115
1743467506.089057
1743467506.120741
1743467506.153053
1743467506.184790
1743467506.216584
1743467506.232627
1743467506.264705
1743467506.296934
1743467506.329016
1743467506.361004
1743467506.392559
1743467506.425117
1743467506.472845
1743467506.504928
1743467506.536122
1743467506.552515
1743467506.584419
1743467506.600555
1743467506.632786
1743467506.664999
1743467506.697027
1743467506.729237
1743467506.760912
1743467506.808670
1743467506.840988
1743467506.872873
1743467506.904786
1743467506.936526
1743467506.968751
1743467507.000776
1743467507.032691
1743467507.064954
1743467507.096968
1743467507.128935
1743467507.160622
1743467507.192946
1743467507.224877
1743467507.257006
1743467507.288710
1743467507.320724
1743467507.352760
1743467507.384801
1743467507.416498
1743467507.449167
1743467507.480671
1743467507.513023
1743467507.544839
1743467507.577017
1743467507.608962
1743467507.641153
1743467507.672805
1743467507.705397
1743467507.736888
1743467507.784305
1743467507.816390
1743467507.848885
1743467507.880829
1743467507.913022
1743467507.944927
1743467507.977482
1743467508.009360
1743467508.041344
1743467508.072996
1743467508.105301
1743467508.136409
1743467508.152394
1743467508.184776
1743467508.216712
1743467508.248751
1743467508.281038
1743467508.312772
1743467508.345267
1743467508.377277
1743467508.424786
1743467508.456279
1743467508.489158
1743467508.520708
1743467508.552443
1743467508.584668
1743467508.616765
1743467508.648952
1743467508.680974
1743467508.712019
1743467508.761441
1743467508.792719
1743467508.823853
1743467508.840323
1743467508.873226
1743467508.904961
1743467508.936853
1743467508.968431
1743467508.984604
1743467509.016906
1743467509.049236
1743467509.080960
1743467509.112990
1743467509.144963
1743467509.176822
1743467509.208495
1743467509.240914
1743467509.273013
1743467509.304501
1743467509.336368
1743467509.352476
1743467509.368657
1743467509.401245
1743467509.432086
1743467509.448268
1743467509.464519
1743467509.496908
1743467509.528698
1743467509.560823
1743467509.592917
1743467509.624994
1743467509.657087
1743467509.689158
1743467509.736406
1743467509.768745
1743467509.800506
1743467509.832713
1743467509.864660
1743467509.896883
1743467509.928705
1743467509.961025
1743467509.992978
1743467510.025039
1743467510.056740
1743467510.088773
1743467510.120609
1743467510.152360
1743467510.184349
1743467510.216582
1743467510.248691
1743467510.280977
1743467510.312892
1743467510.345057
1743467510.377067
1743467510.408812
1743467510.440473
1743467510.472893
1743467510.504868
1743467510.536560
1743467510.568668
1743467510.584575
1743467510.601115
1743467510.632243
1743467510.648762
1743467510.681623
1743467510.713363
1743467510.745039
1743467510.776675
1743467510.808958
1743467510.841151
1743467510.872997
1743467510.905053
1743467510.936666
1743467510.952547
1743467510.968571
1743467511.000690
1743467511.033124
1743467511.064741
1743467511.096862
1743467511.128687
1743467511.161060
1743467511.192779
1743467511.225085
1743467511.256420
1743467511.289083
1743467511.304835
1743467511.352429
1743467511.383968
1743467511.400443
1743467511.432505
1743467511.464744
1743467511.496429
1743467511.528963
1743467511.561060
1743467511.592947
1743467511.624802
1743467511.657063
1743467511.689071
1743467511.720416
1743467511.752773
1743467511.784082
1743467511.816647
1743467511.848889
1743467511.881107
1743467511.912897
1743467511.945234
1743467511.976860
1743467512.009486
1743467512.040716
1743467512.072191
1743467512.088349
1743467512.104410
1743467512.120395
1743467512.152096
1743467512.168435
1743467512.184595
1743467512.216537
1743467512.248686
1743467512.281059
1743467512.328629
1743467512.360865
1743467512.392298
1743467512.424886
1743467512.456874
1743467512.488941
1743467512.520356
1743467512.536532
1743467512.568473
1743467512.584701
1743467512.616552
1743467512.632735
1743467512.664875
1743467512.696770
1743467512.728723
1743467512.760927
1743467512.792787
1743467512.824851
1743467512.856753
1743467512.889176
1743467512.920844
1743467512.952776
1743467512.984981
1743467513.016570
1743467513.048893
1743467513.080829
1743467513.112753
1743467513.144900
1743467513.176825
1743467513.208177
1743467513.224939
1743467513.255900
1743467513.273010
1743467513.305167
1743467513.336058
1743467513.352241
1743467513.384335
1743467513.416653
1743467513.448474
1743467513.480760
1743467513.512990
1743467513.544970
1743467513.576676
1743467513.609061
1743467513.640938
1743467513.672816
1743467513.704571
1743467513.736750
1743467513.768368
1743467513.784354
1743467513.816521
1743467513.832582
1743467513.864736
1743467513.896975
1743467513.928631
1743467513.961081
1743467513.992764
1743467514.024737
1743467514.056636
1743467514.088850
1743467514.120290
1743467514.136389
1743467514.168438
1743467514.184526
1743467514.216728
1743467514.248696
1743467514.280836
1743467514.312993
1743467514.344829
1743467514.376756
1743467514.408776
1743467514.440916
1743467514.473081
1743467514.504861
1743467514.536648
1743467514.568825
1743467514.616634
1743467514.648722
1743467514.680700
1743467514.713016
1743467514.744841
1743467514.776885
1743467514.808826
1743467514.840970
1743467514.873129
1743467514.905070
1743467514.937190
1743467514.968470
1743467515.000488
1743467515.032388
1743467515.064597
1743467515.096737
1743467515.128957
1743467515.161137
1743467515.192849
1743467515.225031
1743467515.257222
1743467515.288697
1743467515.320320
1743467515.336405
1743467515.368560
1743467515.400588
1743467515.432284
1743467515.448388
1743467515.480936
1743467515.513185
1743467515.545125
1743467515.592669
1743467515.624823
1743467515.656998
1743467515.688408
1743467515.720446
1743467515.752488
1743467515.768404
1743467515.800575
1743467515.816530
1743467515.848816
1743467515.880854
1743467515.912933
1743467515.944616
1743467515.976774
1743467516.008776
1743467516.040588
1743467516.072736
1743467516.104751
1743467516.136656
1743467516.168336
1743467516.184585
1743467516.232514
1743467516.264770
1743467516.296310
1743467516.328715
1743467516.360832
1743467516.392716
1743467516.424668
1743467516.456992
1743467516.488938
1743467516.520765
1743467516.568267
1743467516.600351
1743467516.616278
1743467516.632350
1743467516.648614
1743467516.680920
1743467516.712986
1743467516.744908
1743467516.776744
1743467516.808855
1743467516.841045
1743467516.888702
1743467516.920361
1743467516.936383
1743467516.968572
1743467517.000615
1743467517.032288
1743467517.048524
1743467517.080900
1743467517.113025
1743467517.145306
1743467517.177099
1743467517.209118
1743467517.240813
1743467517.272711
1743467517.304680
1743467517.336210
1743467517.352202
1743467517.368360
1743467517.384478
1743467517.416520
1743467517.448713
1743467517.480611
1743467517.512932
1743467517.544862
1743467517.576621
1743467517.608696
1743467517.640846
1743467517.672710
1743467517.704735
1743467517.736466
1743467517.768636
1743467517.800754
1743467517.832756
1743467517.864644
1743467517.896683
1743467517.928623
1743467517.960835
1743467517.992364
1743467518.024910
1743467518.056815
1743467518.088856
1743467518.120664
1743467518.152726
1743467518.184870
1743467518.216294
1743467518.248641
1743467518.280688
1743467518.312931
1743467518.344661
1743467518.376614
1743467518.408741
1743467518.441140
1743467518.473225
1743467518.520779
1743467518.552375
1743467518.584338
1743467518.616335
1743467518.648525
1743467518.680668
1743467518.712828
1743467518.744828
1743467518.776987
1743467518.809002
1743467518.856589
1743467518.887286
1743467518.904126
1743467518.935936
1743467518.968571
1743467519.000395
1743467519.032339
1743467519.065368
1743467519.096845
1743467519.128943
1743467519.161015
1743467519.192659
1743467519.224518
1743467519.256960
1743467519.288718
1743467519.320638
1743467519.352445
1743467519.368292
1743467519.384599
1743467519.416180
1743467519.432731
1743467519.464954
1743467519.496914
1743467519.528639
1743467519.560738
1743467519.592785
1743467519.624978
1743467519.656801
1743467519.688661
1743467519.720447
1743467519.752679
1743467519.784624
1743467519.816772
1743467519.848627
1743467519.880538
1743467519.912779
1743467519.944558
1743467519.976847
1743467520.008640
1743467520.040931
1743467520.072652
1743467520.104619
1743467520.136799
1743467520.168144
1743467520.200266
1743467520.232501
1743467520.264664
1743467520.297265
1743467520.328332
1743467520.360843
1743467520.392839
1743467520.424902
1743467520.472717
1743467520.504748
1743467520.536249
1743467520.568164
1743467520.600344
1743467520.632482
1743467520.664723
1743467520.696644
1743467520.728702
1743467520.760834
1743467520.792972
1743467520.824589
1743467520.856857
1743467520.888655
1743467520.920281
1743467520.952284
1743467520.984421
1743467521.016638
1743467521.048579
1743467521.080768
1743467521.112473
1743467521.144729
1743467521.176802
1743467521.208563
1743467521.240769
1743467521.272995
1743467521.304693
1743467521.336648
1743467521.368547
1743467521.384472
1743467521.400582
1743467521.448302
1743467521.480302
1743467521.512771
1743467521.544696
1743467521.576752
1743467521.608508
1743467521.640777
1743467521.672775
1743467521.704904
1743467521.736585
1743467521.784478
1743467521.816356
1743467521.848436
1743467521.880533
1743467521.912738
1743467521.944726
1743467521.976658
1743467522.008791
1743467522.040945
1743467522.088755
1743467522.120623
1743467522.151962
1743467522.168286
1743467522.200561
1743467522.232447
1743467522.264506
1743467522.296884
1743467522.328880
1743467522.361014
1743467522.392403
1743467522.424920
1743467522.456698
1743467522.488731
1743467522.520160
1743467522.536148
1743467522.552229
1743467522.568415
1743467522.600356
1743467522.632393
1743467522.664775
1743467522.696776
1743467522.728680
1743467522.761069
1743467522.792842
1743467522.824734
1743467522.856624
1743467522.888702
1743467522.920367
1743467522.952458
1743467522.984423
1743467523.016552
1743467523.064285
1743467523.096534
1743467523.128507
1743467523.160759
1743467523.192737
1743467523.224850
1743467523.256580
1743467523.288937
1743467523.320631
1743467523.352602
1743467523.400231
1743467523.416061
1743467523.448346
1743467523.480630
1743467523.512488
1743467523.544679
1743467523.576901
1743467523.609017
1743467523.640648
1743467523.672854
1743467523.720609
1743467523.752101
1743467523.784295
1743467523.816369
1743467523.848434
1743467523.880582
1743467523.912533
1743467523.944719
1743467523.976952
1743467524.008836
1743467524.040738
1743467524.072789
1743467524.104745
1743467524.136305
1743467524.168410
1743467524.184343
1743467524.216435
1743467524.248544
1743467524.280659
1743467524.312775
1743467524.344896
1743467524.376919
1743467524.407961
1743467524.440541
1743467524.472678
1743467524.504793
1743467524.536147
1743467524.552209
1743467524.584398
1743467524.616511
1743467524.648406
1743467524.680771
1743467524.712909
1743467524.744511
1743467524.776291
1743467524.808719
1743467524.840630
1743467524.872697
1743467524.904494
1743467524.920431
1743467524.952607
1743467524.984463
1743467525.016628
1743467525.048265
1743467525.080491
1743467525.112651
1743467525.144690
1743467525.176817
1743467525.208647
1743467525.240801
1743467525.272522
1743467525.304832
1743467525.352577
1743467525.384167
1743467525.416175
1743467525.432318
1743467525.464612
1743467525.496641
1743467525.528589
1743467525.560965
1743467525.592693
1743467525.624821
1743467525.656815
1743467525.688868
1743467525.720376
1743467525.752503
1743467525.784288
1743467525.816326
1743467525.848436
1743467525.880637
1743467525.912605
1743467525.944681
1743467525.992483
1743467526.024490
1743467526.056518
1743467526.088743
1743467526.120055
1743467526.136234
1743467526.168245
1743467526.200540
1743467526.232388
1743467526.264596
1743467526.296833
1743467526.328828
1743467526.360469
1743467526.392524
1743467526.424618
1743467526.456869
1743467526.488781
1743467526.520391
1743467526.552466
1743467526.584465
1743467526.600434
1743467526.616651
1743467526.664201
1743467526.696483
1743467526.728672
1743467526.760666
1743467526.792553
1743467526.824659
1743467526.857057
1743467526.888852
1743467526.920855
1743467526.968090
1743467527.000189
1743467527.032318
1743467527.064446
1743467527.096574
1743467527.128870
1743467527.160799
1743467527.192711
1743467527.224842
1743467527.257035
1743467527.304240
1743467527.336044
1743467527.367907
1743467527.400367
1743467527.432072
1743467527.447974
1743467527.464053
1743467527.480297
1743467527.512807
1743467527.544717
1743467527.577000
1743467527.608302
1743467527.640865
1743467527.672430
1743467527.704530
1743467527.735987
1743467527.752073
1743467527.768145
1743467527.800404
1743467527.832098
1743467527.848273
1743467527.880710
1743467527.912711
1743467527.944546
1743467527.976472
1743467528.008595
1743467528.040846
1743467528.072234
1743467528.104569
1743467528.136154
1743467528.168444
1743467528.200026
1743467528.216345
1743467528.248773
1743467528.280815
1743467528.311961
1743467528.344491
1743467528.376580
1743467528.408655
1743467528.440302
1743467528.472778
1743467528.504670
1743467528.536381
1743467528.568289
1743467528.584524
1743467528.616666
1743467528.648548
1743467528.680140
1743467528.712638
1743467528.744452
1743467528.776613
1743467528.808375
1743467528.840894
1743467528.872735
1743467528.920176
1743467528.951986
1743467528.968086
1743467528.984168
1743467529.000249
1743467529.032423
1743467529.064394
1743467529.096590
1743467529.128580
1743467529.160655
1743467529.192990
1743467529.224769
1743467529.256823
1743467529.288502
1743467529.320126
1743467529.352037
1743467529.368163
1743467529.400010
1743467529.416209
1743467529.448453
1743467529.480719
1743467529.512269
1743467529.544688
1743467529.592436
1743467529.624511
1743467529.656126
1743467529.688644
1743467529.720175
1743467529.736146
1743467529.768269
1743467529.784310
1743467529.816507
1743467529.848745
1743467529.896189
1743467529.928562
1743467529.960709
1743467529.992537
1743467530.024476
1743467530.056692
1743467530.088499
1743467530.120395
1743467530.152259
1743467530.184514
1743467530.232317
1743467530.264386
1743467530.295951
1743467530.328645
1743467530.360666
1743467530.392689
1743467530.424330
1743467530.456738
1743467530.488794
1743467530.520637
1743467530.568194
1743467530.600264
1743467530.632214
1743467530.664698
1743467530.696213
1743467530.728795
1743467530.760645
1743467530.792671
1743467530.824560
1743467530.872150
1743467530.904163
1743467530.935990
1743467530.968086
1743467531.000358
1743467531.032319
1743467531.064337
1743467531.096463
1743467531.128982
1743467531.160994
1743467531.208312
1743467531.240058
1743467531.272454
1743467531.304505
1743467531.336243
1743467531.368167
1743467531.384358
1743467531.416673
1743467531.448583
1743467531.480404
1743467531.512710
1743467531.544765
1743467531.576465
1743467531.608682
1743467531.640590
1743467531.672611
1743467531.704820
1743467531.736147
1743467531.752112
1743467531.768361
1743467531.800617
1743467531.848177
1743467531.880424
1743467531.912666
1743467531.944570
1743467531.976539
1743467532.008681
1743467532.040567
1743467532.072938
1743467532.104452
1743467532.136618
1743467532.184305
1743467532.216115
1743467532.248247
1743467532.280477
1743467532.312550
1743467532.344361
1743467532.376002
1743467532.408430
1743467532.440661
1743467532.472764
1743467532.520303
1743467532.552064
1743467532.568166
1743467532.600549
1743467532.631983
1743467532.648082
1743467532.680653
1743467532.712739
1743467532.744548
1743467532.776751
1743467532.808591
1743467532.840725
1743467532.872370
1743467532.904475
1743467532.936380
1743467532.968495
1743467533.000365
1743467533.032329
1743467533.064652
1743467533.096797
1743467533.128668
1743467533.160921
1743467533.192512
1743467533.224667
1743467533.256498
1743467533.288580
1743467533.320099
1743467533.352189
1743467533.384019
1743467533.400205
1743467533.432347
1743467533.464602
1743467533.496372
1743467533.528367
1743467533.560464
1743467533.592628
1743467533.624041
1743467533.656544
1743467533.688548
1743467533.720201
1743467533.752156
1743467533.768211
1743467533.784372
1743467533.816805
1743467533.848364
1743467533.880453
1743467533.912546
1743467533.944574
1743467533.976560
1743467534.008709
1743467534.040609
1743467534.072726
1743467534.104929
1743467534.136892
1743467534.167923
1743467534.200441
1743467534.232096
1743467534.264388
1743467534.296386
1743467534.328647
1743467534.360068
1743467534.392677
1743467534.425094
1743467534.472555
1743467534.504016
1743467534.519952
1743467534.536040
1743467534.552033
1743467534.584310
1743467534.616061
1743467534.632109
1743467534.648089
1743467534.680332
1743467534.712612
1743467534.744813
1743467534.792472
1743467534.823824
1743467534.856511
1743467534.888654
1743467534.920177
1743467534.952393
1743467534.984395
1743467535.016381
1743467535.048393
1743467535.080634
1743467535.112074
1743467535.144526
1743467535.176503
1743467535.208560
1743467535.240712
1743467535.272845
1743467535.304550
1743467535.336298
1743467535.368326
1743467535.400041
1743467535.416267
1743467535.448696
1743467535.480276
1743467535.512474
1743467535.544572
1743467535.576430
1743467535.608666
1743467535.640205
1743467535.672830
1743467535.704796
1743467535.736329
1743467535.768531
1743467535.799996
1743467535.832114
1743467535.864462
1743467535.896317
1743467535.928214
1743467535.960456
1743467535.992664
1743467536.024379
1743467536.056721
1743467536.088685
1743467536.120073
1743467536.151946
1743467536.168086
1743467536.200154
1743467536.232165
1743467536.264248
1743467536.296523
1743467536.328648
1743467536.360882
1743467536.392355
1743467536.424803
1743467536.456687
1743467536.488434
1743467536.519903
1743467536.535889
1743467536.551902
1743467536.568052
1743467536.584179
1743467536.616275
1743467536.648352
1743467536.680410
1743467536.712540
1743467536.744608
1743467536.776453
1743467536.808789
1743467536.840285
1743467536.872619
1743467536.904339
1743467536.936219
1743467536.968412
1743467537.000403
1743467537.032347
1743467537.064596
1743467537.096040
1743467537.128644
1743467537.160865
1743467537.192581
1743467537.224281
1743467537.256629
1743467537.288672
1743467537.320149
1743467537.352249
1743467537.368218
1743467537.400693
1743467537.432051
1743467537.464331
1743467537.496345
1743467537.528474
1743467537.560651
1743467537.592393
1743467537.624599
1743467537.656743
1743467537.688805
1743467537.720529
1743467537.752030
1743467537.767934
1743467537.783991
1743467537.816156
1743467537.848226
1743467537.880381
1743467537.912611
1743467537.944525
1743467537.976778
1743467538.008977
1743467538.040809
1743467538.072100
1743467538.104286
1743467538.136158
1743467538.168115
1743467538.200039
1743467538.232204
1743467538.264235
1743467538.296724
1743467538.328350
1743467538.376510
1743467538.408460
1743467538.440351
1743467538.472166
1743467538.504053
1743467538.520037
1743467538.536089
1743467538.567999
1743467538.600400
1743467538.632200
1743467538.664615
1743467538.696660
1743467538.728295
1743467538.760579
1743467538.792363
1743467538.824254
1743467538.856539
1743467538.888574
1743467538.920303
1743467538.952196
1743467538.984526
1743467539.016592
1743467539.048328
1743467539.080203
1743467539.112434
1743467539.144610
1743467539.176564
1743467539.208344
1743467539.240508
1743467539.272705
1743467539.304604
1743467539.352024
1743467539.384125
1743467539.416131
1743467539.448272
1743467539.480239
1743467539.512598
1743467539.544760
1743467539.576591
1743467539.608354
1743467539.640815
1743467539.672695
1743467539.704298
1743467539.735899
1743467539.767973
1743467539.800264
1743467539.832238
1743467539.864168
1743467539.896563
1743467539.928559
1743467539.960617
1743467539.992608
1743467540.024267
1743467540.056451
1743467540.088504
1743467540.120224
1743467540.152084
1743467540.183959
1743467540.200020
1743467540.232375
1743467540.264613
1743467540.296633
1743467540.328649
1743467540.359981
1743467540.392317
1743467540.424472
1743467540.456534
1743467540.488213
1743467540.520232
1743467540.552091
1743467540.584056
1743467540.616227
1743467540.648545
1743467540.680291
1743467540.712490
1743467540.744198
1743467540.776423
1743467540.808434
1743467540.840516
1743467540.872392
1743467540.904599
1743467540.936381
1743467540.968469
1743467540.999986
1743467541.031914
1743467541.064316
1743467541.096345
1743467541.128422
1743467541.160279
1743467541.192282
1743467541.224847
1743467541.256659
1743467541.304327
1743467541.335942
1743467541.367966
1743467541.399980
1743467541.432308
1743467541.464296
1743467541.496516
1743467541.528272
1743467541.543827
1743467541.560096
1743467541.576189
1743467541.624390
1743467541.656325
1743467541.688384
1743467541.720107
1743467541.752138
1743467541.784167
1743467541.816144
1743467541.848443
1743467541.880325
1743467541.912518
1743467541.944501
1743467541.976652
1743467542.008185
1743467542.040796
1743467542.072340
1743467542.104503
1743467542.135960
1743467542.152078
1743467542.184230
1743467542.216533
1743467542.248202
1743467542.280559
1743467542.312403
1743467542.344413
1743467542.376175
1743467542.408683
1743467542.440269
1743467542.472555
1743467542.504049
1743467542.520088
1743467542.552221
1743467542.568118
1743467542.600490
1743467542.632226
1743467542.664154
1743467542.696136
1743467542.728252
1743467542.760450
1743467542.792559
1743467542.824441
1743467542.856447
1743467542.887973
1743467542.920534
1743467542.951834
1743467542.984057
1743467543.016002
1743467543.048211
1743467543.080434
1743467543.112595
1743467543.144440
1743467543.176080
1743467543.208630
1743467543.256444
1743467543.288160
1743467543.319827
1743467543.335785
1743467543.368121
1743467543.400069
1743467543.432079
1743467543.464441
1743467543.496680
1743467543.528446
1743467543.576513
1743467543.608440
1743467543.640494
1743467543.672547
1743467543.703855
1743467543.719814
1743467543.751993
1743467543.784026
1743467543.815907
1743467543.832047
1743467543.848284
1743467543.896090
1743467543.927830
1743467543.960274
1743467543.992346
1743467544.024042
1743467544.055073
1743467544.071395
1743467544.087905
1743467544.104006
1743467544.135981
1743467544.152153
1743467544.184153
1743467544.232013
1743467544.263869
1743467544.296233
1743467544.328597
1743467544.360425
1743467544.392018
1743467544.424714
1743467544.456423
1743467544.488656
1743467544.519958
1743467544.552508
1743467544.583823
1743467544.615860
1743467544.647952
1743467544.680364
1743467544.712279
1743467544.744360
1743467544.776182
1743467544.808501
1743467544.840494
1743467544.872684
1743467544.904069
1743467544.936221
1743467544.968018
1743467544.999967
1743467545.032188
1743467545.064304
1743467545.096458
1743467545.128516
1743467545.160342
1743467545.208030
1743467545.240344
1743467545.272303
1743467545.304211
1743467545.336085
1743467545.367838
1743467545.384161
1743467545.416138
1743467545.432251
1743467545.464429
1743467545.496794
1743467545.528255
1743467545.560368
1743467545.592338
1743467545.624464
1743467545.655968
1743467545.688445
1743467545.720001
1743467545.736200
1743467545.768044
1743467545.800161
1743467545.847765
1743467545.880159
1743467545.912386
1743467545.944368
1743467545.976326
1743467546.008520
1743467546.040312
1743467546.072326
1743467546.104461
1743467546.136093
1743467546.183899
1743467546.215896
1743467546.248142
1743467546.280496
1743467546.312090
1743467546.344278
1743467546.376348
1743467546.408496
1743467546.440030
1743467546.472724
1743467546.504544
1743467546.535953
1743467546.567868
1743467546.583791
1743467546.599979
1743467546.632020
1743467546.664089
1743467546.696320
1743467546.728366
1743467546.760578
1743467546.792258
1743467546.824742
1743467546.856232
1743467546.888353
1743467546.919746
1743467546.935736
1743467546.968153
1743467546.999924
1743467547.032010
1743467547.064400
1743467547.096525
1743467547.128616
1743467547.160567
1743467547.192359
1743467547.224689
1743467547.256490
1743467547.288468
1743467547.320098
1743467547.352051
1743467547.384016
1743467547.416103
1743467547.448331
1743467547.480340
1743467547.512199
1743467547.544140
1743467547.576244
1743467547.608338
1743467547.640450
1743467547.671727
1743467547.687955
1743467547.720205
1743467547.752325
1743467547.799685
1743467547.832075
1743467547.864060
1743467547.896282
1743467547.928224
1743467547.960310
1743467547.992466
1743467548.024217
1743467548.056393
1743467548.088500
1743467548.136378
1743467548.167695
1743467548.199847
1743467548.215944
1743467548.231927
1743467548.264221
1743467548.296099
1743467548.328680
1743467548.360540
1743467548.392481
1743467548.424280
1743467548.456796
1743467548.488436
1743467548.519842
1743467548.551676
1743467548.567844
1743467548.600083
1743467548.632035
1743467548.663855
1743467548.696351
1743467548.728404
1743467548.776113
1743467548.807979
1743467548.840433
1743467548.872336
1743467548.904085
1743467548.936310
1743467548.967971
1743467548.983963
1743467549.016226
1743467549.048368
1743467549.080374
1743467549.112503
1743467549.144411
1743467549.176569
1743467549.208298
1743467549.240252
1743467549.272582
1743467549.304271
1743467549.336032
1743467549.351977
1743467549.367995
1743467549.400183
1743467549.432413
1743467549.464085
1743467549.496138
1743467549.527972
1743467549.560534
1743467549.592292
1743467549.624323
1743467549.656177
1743467549.688643
1743467549.720374
1743467549.752597
1743467549.783476
1743467549.799652
1743467549.832134
1743467549.864050
1743467549.896069
1743467549.928404
1743467549.960548
1743467549.992389
1743467550.024481
1743467550.056564
1743467550.088449
1743467550.119912
1743467550.151869
1743467550.183800
1743467550.215835
1743467550.231945
1743467550.264220
1743467550.296498
1743467550.328353
1743467550.360366
1743467550.408072
1743467550.440221
1743467550.472244
1743467550.504192
1743467550.535731
1743467550.568084
1743467550.600037
1743467550.632009
1743467550.664054
1743467550.695983
1743467550.728599
1743467550.760108
1743467550.792364
1743467550.824264
1743467550.856191
1743467550.888467
1743467550.920191
1743467550.951903
1743467550.983545
1743467551.000010
1743467551.032275
1743467551.064387
1743467551.095826
1743467551.128254
1743467551.160156
1743467551.192217
1743467551.224225
1743467551.256478
1743467551.288619
1743467551.320477
1743467551.352033
1743467551.384384
1743467551.415854
1743467551.447975
1743467551.480010
1743467551.512279
1743467551.544213
1743467551.576258
1743467551.608183
1743467551.623634
1743467551.639901
1743467551.656044
1743467551.703976
1743467551.735656
1743467551.767582
1743467551.783882
1743467551.815407
1743467551.831752
1743467551.864386
1743467551.896395
1743467551.927977
1743467551.960455
1743467551.992268
1743467552.039949
1743467552.072064
1743467552.103822
1743467552.119773
1743467552.151867
1743467552.184273
1743467552.216185
1743467552.247988
1743467552.280052
1743467552.312144
1743467552.360146
1743467552.392428
1743467552.424185
1743467552.455934
1743467552.488684
1743467552.520259
1743467552.551872
1743467552.583979
1743467552.599901
1743467552.632115
1743467552.679891
1743467552.711739
1743467552.728137
1743467552.760306
1743467552.792152
1743467552.824471
1743467552.856188
1743467552.888416
1743467552.920109
1743467552.952130
1743467552.984115
1743467553.016258
1743467553.047986
1743467553.079911
1743467553.112253
1743467553.144251
1743467553.176423
1743467553.208172
1743467553.240238
1743467553.272466
1743467553.304409
1743467553.336366
1743467553.367665
1743467553.383806
1743467553.415920
1743467553.447993
1743467553.480168
1743467553.512242
1743467553.544298
1743467553.576118
1743467553.608238
1743467553.656177
1743467553.688174
1743467553.720042
1743467553.751973
1743467553.783691
1743467553.799698
1743467553.815817
1743467553.848194
1743467553.880194
1743467553.912568
1743467553.944209
1743467553.992068
1743467554.024095
1743467554.056017
1743467554.087893
1743467554.119862
1743467554.151754
1743467554.183979
1743467554.216110
1743467554.248180
1743467554.280410
1743467554.312400
1743467554.343756
1743467554.376225
1743467554.408148
1743467554.440138
1743467554.471871
1743467554.504446
1743467554.536061
1743467554.567891
1743467554.599740
1743467554.632357
1743467554.664054
1743467554.696170
1743467554.727897
1743467554.760112
1743467554.792285
1743467554.824203
1743467554.856419
1743467554.888308
1743467554.919910
1743467554.935861
1743467554.968309
1743467554.999712
1743467555.015710
1743467555.031708
1743467555.064024
1743467555.096190
1743467555.128063
1743467555.160082
1743467555.192025
1743467555.224362
1743467555.256420
1743467555.288725
1743467555.319837
1743467555.351712
1743467555.367728
1743467555.400123
1743467555.431737
1743467555.464021
1743467555.496175
1743467555.528430
1743467555.560371
1743467555.607960
1743467555.640012
1743467555.672332
1743467555.704129
1743467555.735737
1743467555.751751
1743467555.783909
1743467555.815865
1743467555.848223
1743467555.880217
1743467555.912467
1743467555.944122
1743467555.976019
1743467556.008180
1743467556.040199
1743467556.072061
1743467556.104224
1743467556.135842
1743467556.167848
1743467556.200075
1743467556.232202
1743467556.264274
1743467556.296244
1743467556.328192
1743467556.360259
1743467556.392098
1743467556.424315
1743467556.455848
1743467556.486822
1743467556.502681
1743467556.518748
1743467556.550554
1743467556.582693
1743467556.598697
1743467556.614668
1743467556.646616
1743467556.678638
1743467556.710624
1743467556.742713
1743467556.774778
1743467556.806823
1743467556.838807
1743467556.870756
1743467556.918408
1743467556.934537
1743467556.951893
1743467556.984058
1743467557.015596
1743467557.031869
1743467557.063850
1743467557.095840
1743467557.126930
1743467557.143831
1743467557.176461
1743467557.208481
1743467557.240084
1743467557.272084
1743467557.304407
1743467557.336014
1743467557.367762
1743467557.383732
1743467557.415791
1743467557.447861
1743467557.480174
1743467557.512328
1743467557.559710
1743467557.592031
1743467557.623625
1743467557.656213
1743467557.687887
1743467557.719704
1743467557.751729
1743467557.767800
1743467557.799912
1743467557.832092
1743467557.864117
1743467557.896380
1743467557.928031
1743467557.960164
1743467557.992104
1743467558.024319
1743467558.056163
1743467558.088205
1743467558.119868
1743467558.151982
1743467558.184208
1743467558.216223
1743467558.247937
1743467558.280119
1743467558.312087
1743467558.344303
1743467558.376038
1743467558.407704
1743467558.440289
1743467558.472461
1743467558.504616
1743467558.536189
1743467558.567801
1743467558.599715
1743467558.631781
1743467558.664048
1743467558.695516
1743467558.728294
1743467558.760367
1743467558.792541
1743467558.823643
1743467558.872035
1743467558.904107
1743467558.935996
1743467558.967568
1743467558.983835
1743467559.015887
1743467559.047879
1743467559.079864
1743467559.112251
1743467559.144157
1743467559.191839
1743467559.223701
1743467559.256497
1743467559.288045
1743467559.319758
1743467559.351665
1743467559.383883
1743467559.416080
1743467559.448010
1743467559.479970
1743467559.512345
1743467559.543998
1743467559.576082
1743467559.607879
1743467559.640055
1743467559.672208
1743467559.704183
1743467559.735782
1743467559.751804
1743467559.767807
1743467559.783934
1743467559.815912
1743467559.848449
1743467559.880144
1743467559.912117
1743467559.943857
1743467559.976443
1743467560.008433
1743467560.040361
1743467560.072112
1743467560.104418
1743467560.136060
1743467560.168501
1743467560.199516
1743467560.231926
1743467560.263883
1743467560.296004
1743467560.328258
1743467560.360258
1743467560.392187
1743467560.424249
1743467560.456221
1743467560.488497
1743467560.520168
1743467560.551946
1743467560.583507
1743467560.599513
1743467560.615673
1743467560.631837
1743467560.663859
1743467560.696245
1743467560.728438
1743467560.760279
1743467560.792342
1743467560.824263
1743467560.856133
1743467560.888229
1743467560.919862
1743467560.951786
1743467560.983551
1743467560.999738
1743467561.031765
1743467561.063856
1743467561.096159
1743467561.143861
1743467561.175650
1743467561.208237
1743467561.240012
1743467561.272392
1743467561.303954
1743467561.335608
1743467561.367837
1743467561.400100
1743467561.431739
1743467561.464177
1743467561.495916
1743467561.528129
1743467561.559670
1743467561.592013
1743467561.624120
1743467561.656173
1743467561.687644
1743467561.703769
1743467561.735909
1743467561.767983
1743467561.800038
1743467561.831528
1743467561.863902
1743467561.896072
1743467561.927668
1743467561.960155
1743467561.992226
1743467562.024109
1743467562.056218
1743467562.088257
1743467562.120411
1743467562.151635
1743467562.183475
1743467562.199534
1743467562.215846
1743467562.247855
1743467562.280037
1743467562.312233
1743467562.344077
1743467562.376141
1743467562.407916
1743467562.440434
1743467562.471849
1743467562.504605
1743467562.535512
1743467562.567802
1743467562.599864
1743467562.631861
1743467562.663654
1743467562.696184
1743467562.728382
1743467562.776025
1743467562.807490
1743467562.840161
1743467562.871923
1743467562.904241
1743467562.935537
1743467562.951673
1743467562.983638
1743467562.999705
1743467563.032016
1743467563.064209
1743467563.096140
1743467563.127870
1743467563.159695
1743467563.191882
1743467563.223999
1743467563.256180
1743467563.287980
1743467563.320052
1743467563.351853
1743467563.384095
1743467563.416341
1743467563.447891
1743467563.479935
1743467563.512186
1743467563.543921
1743467563.576068
1743467563.608163
1743467563.640127
1743467563.672103
1743467563.704347
1743467563.751472
1743467563.783441
1743467563.815537
1743467563.831585
1743467563.847648
1743467563.879927
1743467563.911901
1743467563.944071
1743467563.976103
1743467564.007956
1743467564.039975
1743467564.072323
1743467564.104230
1743467564.135486
1743467564.167636
1743467564.183630
1743467564.215849
1743467564.231862
1743467564.263966
1743467564.296275
1743467564.328230
1743467564.360140
1743467564.391915
1743467564.424291
1743467564.456034
1743467564.488061
1743467564.519624
1743467564.551542
1743467564.583882
1743467564.615599
1743467564.631941
1743467564.664227
1743467564.696173
1743467564.728188
1743467564.759742
1743467564.792199
1743467564.823952
1743467564.856103
1743467564.887656
1743467564.919668
1743467564.951863
1743467564.983830
1743467565.015853
1743467565.048426
1743467565.079854
1743467565.112115
1743467565.143619
1743467565.175958
1743467565.208103
1743467565.240384
1743467565.272271
1743467565.304251
1743467565.335979
1743467565.367952
1743467565.399705
1743467565.431655
1743467565.463655
1743467565.495768
1743467565.527981
1743467565.560230
1743467565.592419
1743467565.624081
1743467565.656035
1743467565.704035
1743467565.735336
1743467565.767637
1743467565.799442
1743467565.831693
1743467565.863717
1743467565.896031
1743467565.927672
1743467565.960185
1743467565.992238
1743467566.024279
1743467566.055634
1743467566.088369
1743467566.119681
1743467566.151648
1743467566.183620
1743467566.215325
1743467566.231589
1743467566.264192
1743467566.296243
1743467566.343790
1743467566.376156
1743467566.408207
1743467566.439978
1743467566.472100
1743467566.503674
1743467566.535755
1743467566.567764
1743467566.599781
1743467566.631723
1743467566.679579
1743467566.712039
1743467566.744085
1743467566.775555
1743467566.807975
1743467566.840003
1743467566.872143
1743467566.903631
1743467566.919762
1743467566.951867
1743467566.999320
1743467567.031225
1743467567.047485
1743467567.079900
1743467567.112141
1743467567.143844
1743467567.176000
1743467567.207994
1743467567.240016
1743467567.272282
1743467567.319742
1743467567.351549
1743467567.383440
1743467567.415454
1743467567.431520
1743467567.447636
1743467567.479883
1743467567.512018
1743467567.544010
1743467567.576245
1743467567.608245
1743467567.655770
1743467567.688129
1743467567.719943
1743467567.735499
1743467567.767833
1743467567.783923
1743467567.815744
1743467567.847984
1743467567.880009
1743467567.912290
1743467567.944475
1743467567.976655
1743467568.007700
1743467568.039876
1743467568.071969
1743467568.104076
1743467568.135738
1743467568.167745
1743467568.199897
1743467568.231776
1743467568.264081
1743467568.296265
1743467568.328194
1743467568.360010
1743467568.392014
1743467568.423990
1743467568.455881
1743467568.488403
1743467568.519831
1743467568.551830
1743467568.583841
1743467568.631570
1743467568.663509
1743467568.695881
1743467568.726542
1743467568.743452
1743467568.776199
1743467568.808096
1743467568.840050
1743467568.872117
1743467568.904225
1743467568.951454
1743467568.983511
1743467569.015465
1743467569.047534
1743467569.079749
1743467569.112200
1743467569.144037
1743467569.175837
1743467569.208021
1743467569.240335
1743467569.272185
1743467569.304018
1743467569.335676
1743467569.367713
1743467569.399680
1743467569.431649
1743467569.464294
1743467569.495957
1743467569.528254
1743467569.560079
1743467569.607670
1743467569.639948
1743467569.672126
1743467569.703726
1743467569.735547
1743467569.751482
1743467569.783771
1743467569.815687
1743467569.847803
1743467569.879871
1743467569.927774
1743467569.959369
1743467569.991992
1743467570.024254
1743467570.055825
1743467570.087674
1743467570.119625
1743467570.151619
1743467570.183620
1743467570.215745
1743467570.248305
1743467570.279776
1743467570.312006
1743467570.343463
1743467570.375901
1743467570.407819
1743467570.439856
1743467570.472073
1743467570.504288
1743467570.535757
1743467570.583475
1743467570.614995
1743467570.631438
1743467570.647460
1743467570.663490
1743467570.679803
1743467570.712046
1743467570.743433
1743467570.759781
1743467570.791795
1743467570.823540
1743467570.856082
1743467570.903814
1743467570.935351
1743467570.967601
1743467570.999678
1743467571.031570
1743467571.063515
1743467571.095824
1743467571.128080
1743467571.160377
1743467571.191971
1743467571.224114
1743467571.255886
1743467571.287958
1743467571.319645
1743467571.351462
1743467571.383637
1743467571.415650
1743467571.447726
1743467571.480114
1743467571.512036
1743467571.559942
1743467571.591560
1743467571.623723
1743467571.655910
1743467571.688145
1743467571.720042
1743467571.751816
1743467571.767505
1743467571.783858
1743467571.815971
1743467571.847981
1743467571.880146
1743467571.911768
1743467571.943932
1743467571.975859
1743467572.008053
1743467572.039889
1743467572.071961
1743467572.103852
1743467572.135647
1743467572.167877
1743467572.199818
1743467572.231777
1743467572.263786
1743467572.295663
1743467572.327848
1743467572.359909
1743467572.391910
1743467572.424067
1743467572.455981
1743467572.488051
1743467572.535546
1743467572.567234
1743467572.599325
1743467572.631817
1743467572.663866
1743467572.695902
1743467572.727739
1743467572.760095
1743467572.792101
1743467572.824223
1743467572.855914
1743467572.887732
1743467572.919468
1743467572.951451
1743467572.983695
1743467573.015733
1743467573.047865
1743467573.079832
1743467573.111835
1743467573.143948
1743467573.176076
1743467573.207841
1743467573.239610
1743467573.272069
1743467573.303918
1743467573.335702
1743467573.367697
1743467573.399871
1743467573.431977
1743467573.463971
1743467573.511967
1743467573.543784
1743467573.575952
1743467573.607638
1743467573.640251
1743467573.671940
1743467573.704008
1743467573.735906
1743467573.767646
1743467573.783841
1743467573.831260
1743467573.863584
1743467573.895240
1743467573.928004
1743467573.959763
1743467573.992054
1743467574.023462
1743467574.056317
1743467574.088076
1743467574.119873
1743467574.151862
1743467574.183044
1743467574.199359
1743467574.215526
1743467574.247756
1743467574.279909
1743467574.311966
1743467574.343848
1743467574.376056
1743467574.408012
1743467574.439667
1743467574.487796
1743467574.519881
1743467574.551360
1743467574.583522
1743467574.615535
1743467574.647713
1743467574.679931
1743467574.711642
1743467574.744102
1743467574.776113
1743467574.808223
1743467574.839363
1743467574.871883
1743467574.903885
1743467574.935387
1743467574.967158
1743467574.983460
1743467575.015707
1743467575.031646
1743467575.063766
1743467575.096267
1743467575.128164
1743467575.159912
1743467575.191476
1743467575.224191
1743467575.256031
1743467575.288157
1743467575.319638
1743467575.351656
1743467575.383724
1743467575.415952
1743467575.463508
1743467575.495616
1743467575.528011
1743467575.559805
1743467575.591696
1743467575.624008
1743467575.655900
1743467575.688042
1743467575.719751
1743467575.751875
1743467575.783873
1743467575.815368
1743467575.847794
1743467575.879785
1743467575.911839
1743467575.943804
1743467575.975389
1743467576.008254
1743467576.040099
1743467576.072105
1743467576.103520
1743467576.135380
1743467576.167286
1743467576.183360
1743467576.215525
1743467576.247888
1743467576.279997
1743467576.311814
1743467576.343783
1743467576.376010
1743467576.408055
1743467576.440215
1743467576.471523
1743467576.503505
1743467576.535505
1743467576.567607
1743467576.599255
1743467576.615538
1743467576.647842
1743467576.679802
1743467576.711898
1743467576.759786
1743467576.791768
1743467576.823953
1743467576.855238
1743467576.887818
1743467576.919559
1743467576.951730
1743467576.983327
1743467576.999680
1743467577.031771
1743467577.079472
1743467577.111402
1743467577.143719
1743467577.175910
1743467577.207675
1743467577.239694
1743467577.271878
1743467577.303992
1743467577.335646
1743467577.367584
1743467577.415256
1743467577.447551
1743467577.479903
1743467577.511713
1743467577.543772
1743467577.575946
1743467577.607969
1743467577.639731
1743467577.671977
1743467577.703968
1743467577.736046
1743467577.767535
1743467577.799205
1743467577.815205
1743467577.831508
1743467577.863411
1743467577.895908
1743467577.927751
1743467577.959896
1743467577.991768
1743467578.024143
1743467578.056073
1743467578.087778
1743467578.119870
1743467578.151357
1743467578.167356
1743467578.183481
1743467578.215575
1743467578.247668
1743467578.279866
1743467578.312157
1743467578.343820
1743467578.391835
1743467578.424286
1743467578.454937
1743467578.471201
1743467578.503566
1743467578.535458
1743467578.567607
1743467578.599736
1743467578.615761
1743467578.647803
1743467578.679951
1743467578.711706
1743467578.743719
1743467578.775723
1743467578.807667
1743467578.839214
1743467578.871794
1743467578.903788
1743467578.935596
1743467578.967234
1743467578.983514
1743467579.031259
1743467579.063604
1743467579.095493
1743467579.127964
1743467579.159933
1743467579.192174
1743467579.223616
1743467579.255835
1743467579.288165
1743467579.320277
1743467579.367325
1743467579.399369
1743467579.431305
1743467579.463849
1743467579.495468
1743467579.528041
1743467579.559814
1743467579.591924
1743467579.623773
1743467579.655934
1743467579.688096
1743467579.719795
1743467579.751647
1743467579.783333
1743467579.799305
1743467579.815341
1743467579.847596
1743467579.879780
1743467579.911911
1743467579.943848
1743467579.976127
1743467580.008128
1743467580.039881
1743467580.071625
1743467580.103512
1743467580.135538
1743467580.167410
1743467580.183446
1743467580.215318
1743467580.247881
1743467580.279764
1743467580.312084
1743467580.343785
1743467580.375616
1743467580.407696
1743467580.439778
1743467580.471604
1743467580.504009
1743467580.535629
1743467580.567608
1743467580.599432
1743467580.631611
1743467580.663920
1743467580.695654
1743467580.727521
1743467580.759825
1743467580.791797
1743467580.823774
1743467580.855604
1743467580.887810
1743467580.919472
1743467580.951517
1743467580.983685
1743467581.015582
1743467581.047441
1743467581.079725
1743467581.111552
1743467581.143667
1743467581.175871
1743467581.208015
1743467581.239768
1743467581.272364
1743467581.319737
1743467581.351427
1743467581.383161
1743467581.415473
1743467581.447690
1743467581.479700
1743467581.511828
1743467581.543914
1743467581.575798
1743467581.607995
1743467581.639576
1743467581.671859
1743467581.703655
1743467581.735437
1743467581.767489
1743467581.799385
1743467581.831453
1743467581.847085
1743467581.863293
1743467581.896060
1743467581.928192
1743467581.959940
1743467581.991638
1743467582.023233
1743467582.055885
1743467582.087659
1743467582.119603
1743467582.151496
1743467582.183389
1743467582.215588
1743467582.247711
1743467582.295258
1743467582.327206
1743467582.359958
1743467582.391645
1743467582.423812
1743467582.455151
1743467582.487984
1743467582.519384
1743467582.535427
1743467582.551553
1743467582.583650
1743467582.615880
1743467582.647645
1743467582.679155
1743467582.711846
1743467582.743724
1743467582.775850
1743467582.807416
1743467582.839810
1743467582.872003
1743467582.903848
1743467582.935383
1743467582.967224
1743467582.983181
1743467583.015533
1743467583.047298
1743467583.079526
1743467583.111661
1743467583.143792
1743467583.175738
1743467583.208088
1743467583.239886
1743467583.272048
1743467583.303546
1743467583.335303
1743467583.367366
1743467583.399259
1743467583.415494
1743467583.447699
1743467583.479727
1743467583.511797
1743467583.544072
1743467583.591565
1743467583.623569
1743467583.655762
1743467583.687586
1743467583.719480
1743467583.751467
1743467583.783459
1743467583.815266
1743467583.831491
1743467583.847438
1743467583.863541
1743467583.911596
1743467583.943985
1743467583.975810
1743467584.007845
1743467584.039083
1743467584.071736
1743467584.103694
1743467584.135581
1743467584.167306
1743467584.183681
1743467584.215680
1743467584.247962
1743467584.279538
1743467584.311686
1743467584.343891
1743467584.375924
1743467584.407522
1743467584.440027
1743467584.472030
1743467584.504073
1743467584.535695
1743467584.568057
1743467584.599082
1743467584.615183
1743467584.647316
1743467584.679507
1743467584.711809
1743467584.743635
1743467584.775400
1743467584.807820
1743467584.839835
1743467584.887628
1743467584.918931
1743467584.935287
1743467584.967134
1743467584.983300
1743467585.015270
1743467585.031332
1743467585.063646
1743467585.095656
1743467585.127711
1743467585.159860
1743467585.191852
1743467585.223880
1743467585.255399
1743467585.287751
1743467585.319315
1743467585.351423
1743467585.383153
1743467585.399181
1743467585.415376
1743467585.431367
1743467585.463625
1743467585.495888
1743467585.543667
1743467585.575680
1743467585.607413
1743467585.639673
1743467585.671751
1743467585.703762
1743467585.735311
1743467585.751418
1743467585.783589
1743467585.815508
1743467585.863365
1743467585.895480
1743467585.927532
1743467585.959635
1743467585.991081
1743467586.023590
1743467586.055969
1743467586.087687
1743467586.119527
1743467586.151652
1743467586.199008
1743467586.231494
1743467586.263180
1743467586.279081
1743467586.311673
1743467586.343765
1743467586.376352
1743467586.407877
1743467586.439888
1743467586.472147
1743467586.519621
1743467586.551502
1743467586.583251
1743467586.615469
1743467586.647246
1743467586.679611
1743467586.711989
1743467586.743983
1743467586.775487
1743467586.808078
1743467586.839786
1743467586.871535
1743467586.903480
1743467586.935492
1743467586.967269
1743467586.999450
1743467587.031199
1743467587.047142
1743467587.063195
1743467587.095811
1743467587.127793
1743467587.175518
1743467587.207588
1743467587.239651
1743467587.271573
1743467587.303594
1743467587.335193
1743467587.351180
1743467587.383427
1743467587.399406
1743467587.415479
1743467587.431566
1743467587.463725
1743467587.495644
1743467587.527752
1743467587.559610
1743467587.591639
1743467587.623616
1743467587.655562
1743467587.687682
1743467587.719273
1743467587.751589
1743467587.783565
1743467587.815755
1743467587.847269
1743467587.879497
1743467587.911685
1743467587.943848
1743467587.975579
1743467588.007702
1743467588.040040
1743467588.071995
1743467588.103363
1743467588.151239
1743467588.183303
1743467588.215284
1743467588.247429
1743467588.279607
1743467588.311959
1743467588.343772
1743467588.375895
1743467588.408036
1743467588.439814
1743467588.471837
1743467588.503381
1743467588.535173
1743467588.567360
1743467588.583792
1743467588.615165
1743467588.631222
1743467588.647572
1743467588.679527
1743467588.711750
1743467588.744137
1743467588.791515
1743467588.823629
1743467588.855540
1743467588.887688
1743467588.919801
1743467588.951551
1743467588.983159
1743467588.999151
1743467589.031603
1743467589.063673
1743467589.095845
1743467589.127771
1743467589.159542
1743467589.191648
1743467589.223452
1743467589.255803
1743467589.287707
1743467589.319936
1743467589.351482
1743467589.383610
1743467589.415630
1743467589.447497
1743467589.479491
1743467589.511666
1743467589.543544
1743467589.575761
1743467589.607468
1743467589.639815
1743467589.671670
1743467589.703875
1743467589.735750
1743467589.767294
1743467589.799093
1743467589.831183
1743467589.863509
1743467589.895587
1743467589.927665
1743467589.959823
1743467589.991654
1743467590.023843
1743467590.055373
1743467590.103519
1743467590.135167
1743467590.167416
1743467590.198915
1743467590.215112
1743467590.247438
1743467590.279535
1743467590.311563
1743467590.343837
1743467590.375754
1743467590.423623
1743467590.454948
1743467590.487634
1743467590.519071
1743467590.535172
1743467590.567119
1743467590.599194
1743467590.615226
1743467590.631351
1743467590.663732
1743467590.695912
1743467590.743646
1743467590.775514
1743467590.807028
1743467590.839535
1743467590.871751
1743467590.903615
1743467590.935350
1743467590.967409
1743467590.999569
1743467591.031615
1743467591.079432
1743467591.111462
1743467591.143633
1743467591.175661
1743467591.207374
1743467591.239613
1743467591.271745
1743467591.303780
1743467591.335277
1743467591.367303
1743467591.399796
1743467591.431102
1743467591.463397
1743467591.495564
1743467591.527586
1743467591.559695
1743467591.591587
1743467591.623701
1743467591.655673
1743467591.687901
1743467591.719695
1743467591.751074
1743467591.783177
1743467591.815245
1743467591.847450
1743467591.879458
1743467591.911825
1743467591.943774
1743467591.975420
1743467592.007967
1743467592.055394
1743467592.087378
1743467592.119511
1743467592.151047
1743467592.167128
1743467592.199238
1743467592.231173
1743467592.263427
1743467592.279606
1743467592.295478
1743467592.328049
1743467592.375801
1743467592.407502
1743467592.439605
1743467592.471239
1743467592.503103
1743467592.535117
1743467592.551218
1743467592.583166
1743467592.615534
1743467592.647594
1743467592.695231
1743467592.727084
1743467592.759763
1743467592.791785
1743467592.823726
1743467592.855121
1743467592.887563
1743467592.919707
1743467592.951252
1743467592.983422
1743467593.031321
1743467593.063410
1743467593.095426
1743467593.127252
1743467593.159744
1743467593.191568
1743467593.223896
1743467593.255391
1743467593.287926
1743467593.319386
1743467593.351784
1743467593.383009
1743467593.415078
1743467593.431110
1743467593.463598
1743467593.495322
1743467593.527750
1743467593.559690
1743467593.591918
1743467593.623593
1743467593.671628
1743467593.703351
1743467593.735085
1743467593.767319
1743467593.799162
1743467593.815252
1743467593.831210
1743467593.863391
1743467593.895704
1743467593.927882
1743467593.959979
1743467594.007408
1743467594.039509
1743467594.071484
1743467594.103522
1743467594.134947
1743467594.151101
1743467594.167177
1743467594.183254
1743467594.215322
1743467594.247448
1743467594.279540
1743467594.327499
1743467594.359099
1743467594.391569
1743467594.423988
1743467594.455605
1743467594.487803
1743467594.519655
1743467594.551339
1743467594.583568
1743467594.615076
1743467594.647716
1743467594.679502
1743467594.711585
1743467594.743318
1743467594.775779
1743467594.807553
1743467594.839720
1743467594.871269
1743467594.903640
1743467594.935380
1743467594.982978
1743467595.015149
1743467595.047392
1743467595.079530
1743467595.111641
1743467595.143393
1743467595.175731
1743467595.207692
1743467595.239914
1743467595.271558
1743467595.303794
1743467595.335042
1743467595.367051
1743467595.399042
1743467595.431378
1743467595.463353
1743467595.495295
1743467595.527650
1743467595.559624
1743467595.591678
1743467595.623618
1743467595.655262
1743467595.687540
1743467595.719156
1743467595.751190
1743467595.783310
1743467595.815223
1743467595.847639
1743467595.879706
1743467595.911581
1743467595.959471
1743467595.991372
1743467596.023318
1743467596.055102
1743467596.087817
1743467596.119412
1743467596.151199
1743467596.183137
1743467596.215299
1743467596.231484
1743467596.247507
1743467596.279886
1743467596.311384
1743467596.343500
1743467596.375547
1743467596.407344
1743467596.439504
1743467596.471495
1743467596.503672
1743467596.535014
1743467596.551329
1743467596.599099
1743467596.630861
1743467596.663118
1743467596.695536
1743467596.727760
1743467596.759501
1743467596.791201
1743467596.823589
1743467596.855681
1743467596.887617
1743467596.935130
1743467596.967158
1743467596.999175
1743467597.030926
1743467597.063263
1743467597.095483
1743467597.127520
1743467597.159639
1743467597.191589
1743467597.223760
1743467597.255585
1743467597.287600
1743467597.319094
1743467597.351173
1743467597.383164
1743467597.399225
1743467597.431346
1743467597.463443
1743467597.495584
1743467597.527764
1743467597.575237
1743467597.607511
1743467597.639451
1743467597.671354
1743467597.703420
1743467597.734713
1743467597.751172
1743467597.783179
1743467597.815292
1743467597.847472
1743467597.879526
1743467597.911801
1743467597.943508
1743467597.975592
1743467598.007186
1743467598.039413
1743467598.071316
1743467598.103678
1743467598.135122
1743467598.151173
1743467598.183361
1743467598.231045
1743467598.262669
1743467598.295342
1743467598.327460
1743467598.359854
1743467598.391043
1743467598.423627
1743467598.455643
1743467598.487547
1743467598.519223
1743467598.551762
1743467598.583131
1743467598.615008
1743467598.647253
1743467598.679391
1743467598.711470
1743467598.743628
1743467598.775171
1743467598.807598
1743467598.839633
1743467598.887296
1743467598.918941
1743467598.935033
1743467598.967250
1743467598.999135
1743467599.031188
1743467599.063535
1743467599.095426
1743467599.127508
1743467599.159570
1743467599.207294
1743467599.239385
1743467599.271495
1743467599.303253
1743467599.335012
1743467599.351225
1743467599.383531
1743467599.415152
1743467599.431144
1743467599.447450
1743467599.479393
1743467599.527275
1743467599.559360
1743467599.591291
1743467599.623351
1743467599.655472
1743467599.687509
1743467599.719314
1743467599.751112
1743467599.783277
1743467599.815601
1743467599.863045
1743467599.895270
1743467599.927410
1743467599.959648
1743467599.991387
1743467600.023519
1743467600.055230
1743467600.087671
1743467600.119707
1743467600.151507
1743467600.183034
1743467600.214808
1743467600.230940
1743467600.263551
1743467600.295072
1743467600.327398
1743467600.359602
1743467600.391469
1743467600.423445
1743467600.455970
1743467600.503380
1743467600.535146
1743467600.567011
1743467600.598921
1743467600.631309
1743467600.663455
1743467600.694912
1743467600.727652
1743467600.759582
1743467600.791699
1743467600.839137
1743467600.871428
1743467600.903424
1743467600.935083
1743467600.966938
1743467600.983082
1743467601.015276
1743467601.047305
1743467601.079216
1743467601.111574
1743467601.159435
1743467601.191243
1743467601.223368
1743467601.255295
1743467601.287447
1743467601.318943
1743467601.351213
1743467601.383185
1743467601.415330
1743467601.447465
1743467601.479629
1743467601.511450
1743467601.543416
1743467601.575347
1743467601.607426
1743467601.639398
1743467601.671691
1743467601.703526
1743467601.735131
1743467601.767281
1743467601.815055
1743467601.847178
1743467601.879131
1743467601.911327
1743467601.943441
1743467601.975361
1743467602.007133
1743467602.022676
1743467602.039055
1743467602.055136
1743467602.087476
1743467602.134894
1743467602.166833
1743467602.198847
1743467602.230896
1743467602.263311
1743467602.295419
1743467602.327660
1743467602.359143
1743467602.391507
1743467602.423557
1743467602.455826
1743467602.487436
1743467602.519006
1743467602.551018
1743467602.583293
1743467602.615211
1743467602.647319
1743467602.679445
1743467602.711706
1743467602.742969
1743467602.791240
1743467602.823419
1743467602.855372
1743467602.886919
1743467602.902981
1743467602.935177
1743467602.967261
1743467602.999020
1743467603.031330
1743467603.063458
1743467603.111605
1743467603.142936
1743467603.175563
1743467603.207188
1743467603.239551
1743467603.271236
1743467603.303619
1743467603.335229
1743467603.367108
1743467603.399323
1743467603.431493
1743467603.463253
1743467603.495166
1743467603.527512
1743467603.559325
1743467603.591468
1743467603.623392
1743467603.655862
1743467603.687736
1743467603.719597
1743467603.767070
1743467603.799036
1743467603.830984
1743467603.863086
1743467603.895317
1743467603.927451
1743467603.959552
1743467603.991484
1743467604.023425
1743467604.054735
1743467604.087662
1743467604.118823
1743467604.134781
1743467604.150972
1743467604.167047
1743467604.182949
1743467604.198920
1743467604.214966
1743467604.231094
1743467604.247114
1743467604.262992
1743467604.279106
1743467604.294874
1743467604.310962
1743467604.327085
1743467604.343382
1743467604.359274
1743467604.375139
1743467604.407692
1743467604.439273
1743467604.454650
1743467604.470864
1743467604.486934
1743467604.502920
1743467604.519054
1743467604.535150
1743467604.550916
1743467604.567080
1743467604.583122
1743467604.599195
1743467604.614941
1743467604.631156
1743467604.647336
1743467604.663164
1743467604.679034
1743467604.695249
1743467604.711135
1743467604.743798
1743467604.775375
1743467604.807416
1743467604.839464
1743467604.871362
1743467604.887019
1743467604.902942
1743467604.918929
1743467604.934970
1743467604.950903
1743467604.967050
1743467604.983248
1743467604.999139
1743467605.015265
1743467605.031253
1743467605.063051
1743467605.095310
1743467605.127418
1743467605.159546
1743467605.191558
1743467605.223333
1743467605.238766
1743467605.254976
1743467605.270971
1743467605.287137
1743467605.303165
1743467605.335359
1743467605.351056
1743467605.383355
1743467605.398940
1743467605.414994
1743467605.430982
1743467605.446946
1743467605.462827
1743467605.478794
1743467605.494859
1743467605.510908
1743467605.527070
1743467605.543055
1743467605.559092
1743467605.575014
1743467605.590966
1743467605.606962
1743467605.623069
1743467605.639184
1743467605.655097
1743467605.671169
1743467605.687099
1743467605.719113
1743467605.734790
1743467605.750888
1743467605.766958
1743467605.783099
1743467605.798916
1743467605.814964
1743467605.830964
1743467605.847080
1743467605.862915
1743467605.878929
1743467605.894938
1743467605.911035
1743467605.927074
1743467605.943030
1743467605.959166
1743467605.975173
1743467605.991143
1743467606.007204
1743467606.039800
1743467606.071278
1743467606.086731
1743467606.102800
1743467606.118789
1743467606.134852
1743467606.151046
1743467606.166957
1743467606.183049
1743467606.199003
1743467606.215008
1743467606.231146
1743467606.247062
1743467606.263273
1743467606.279212
1743467606.295087
1743467606.311206
1743467606.359609
1743467606.391153
1743467606.423398
1743467606.455402
1743467606.487190
1743467606.519137
1743467606.534906
1743467606.551022
1743467606.567000
1743467606.583151
1743467606.599132
1743467606.615152
1743467606.631098
1743467606.647359
1743467606.663141
1743467606.695543
1743467606.727207
1743467606.759689
1743467606.791299
1743467606.823427
1743467606.855452
1743467606.887502
1743467606.919132
1743467606.934975
1743467606.950999
1743467606.967352
1743467606.983224
1743467607.015427
1743467607.031013
1743467607.047125
1743467607.079367
1743467607.111172
1743467607.142786
1743467607.158666
1743467607.174833
1743467607.190877
1743467607.206912
1743467607.222989
1743467607.238911
1743467607.255019
1743467607.270987
1743467607.287187
1743467607.303108
1743467607.335473
1743467607.366511
1743467607.382977
1743467607.398931
1743467607.415072
1743467607.431069
1743467607.447089
1743467607.462905
1743467607.479066
1743467607.494969
1743467607.511179
1743467607.526992
1743467607.542892
1743467607.559072
1743467607.575089
1743467607.591040
1743467607.607068
1743467607.623022
1743467607.639208
1743467607.671860
1743467607.703555
1743467607.734580
1743467607.750794
1743467607.766907
1743467607.782978
1743467607.799146
1743467607.814984
1743467607.831114
1743467607.846945
1743467607.862879
1743467607.879073
1743467607.895041
1743467607.911028
1743467607.927083
1743467607.943106
1743467607.959250
1743467607.991701
1743467608.022886
1743467608.038478
1743467608.054910
1743467608.087256
1743467608.102946
1743467608.119067
1743467608.134848
1743467608.150780
1743467608.167047
1743467608.183125
1743467608.199068
1743467608.214987
1743467608.231128
1743467608.247137
1743467608.263160
1743467608.279161
1743467608.311268
1743467608.343245
1743467608.358544
1743467608.374789
1743467608.390889
1743467608.406856
1743467608.422945
1743467608.438917
1743467608.455016
1743467608.470972
1743467608.486907
1743467608.502984
1743467608.518934
1743467608.534992
1743467608.550993
1743467608.567214
1743467608.583282
1743467608.599236
1743467608.615196
1743467608.647409
1743467608.678503
1743467608.694527
1743467608.710827
1743467608.726775
1743467608.742980
1743467608.758996
1743467608.775059
1743467608.791017
1743467608.806876
1743467608.822966
1743467608.838924
1743467608.854924
1743467608.871015
1743467608.887060
1743467608.903141
1743467608.919074
1743467608.935219
1743467608.967493
1743467608.998838
1743467609.014839
1743467609.030986
1743467609.046879
1743467609.062879
1743467609.079019
1743467609.094827
1743467609.110925
1743467609.126891
1743467609.142888
1743467609.159001
1743467609.175016
1743467609.191023
1743467609.207119
1743467609.223180
1743467609.239088
1743467609.255181
1743467609.287558
1743467609.318419
1743467609.334717
1743467609.350729
1743467609.367111
1743467609.383058
1743467609.399049
1743467609.414895
1743467609.431009
1743467609.447090
1743467609.463004
1743467609.479039
1743467609.494903
1743467609.510978
1743467609.527007
1743467609.543042
1743467609.559097
1743467609.575184
1743467609.591156
1743467609.623590
1743467609.655391
1743467609.686668
1743467609.702876
1743467609.718762
1743467609.734815
1743467609.750843
1743467609.766906
1743467609.783069
1743467609.798982
1743467609.815043
1743467609.831275
1743467609.847321
1743467609.863133
1743467609.879048
1743467609.895173
1743467609.911216
1743467609.943423
1743467609.975383
1743467610.007439
1743467610.038763
1743467610.054558
1743467610.070749
1743467610.086804
1743467610.102842
1743467610.118843
1743467610.134837
1743467610.150991
1743467610.167040
1743467610.183084
1743467610.199006
1743467610.214953
1743467610.231083
1743467610.263598
1743467610.295217
1743467610.327328
1743467610.358605
1743467610.374453
1743467610.390694
1743467610.406758
1743467610.422867
1743467610.438856
1743467610.454880
1743467610.470985
1743467610.486877
1743467610.502956
1743467610.518982
1743467610.534999
1743467610.551005
1743467610.567116
1743467610.599431
1743467610.630687
1743467610.646638
1743467610.662891
1743467610.678739
1743467610.694774
1743467610.710824
1743467610.726817
1743467610.743068
1743467610.758973
1743467610.774860
1743467610.790949
1743467610.807026
1743467610.822960
1743467610.839086
1743467610.855021
1743467610.871131
1743467610.887052
1743467610.919184
1743467610.934643
1743467610.950722
1743467610.966786
1743467610.982828
1743467610.998857
1743467611.014996
1743467611.030882
1743467611.046766
1743467611.062957
1743467611.078758
1743467611.094751
1743467611.110833
1743467611.127046
1743467611.143090
1743467611.158987
1743467611.175028
1743467611.191005
1743467611.207064
1743467611.239810
1743467611.271188
1743467611.286722
1743467611.302751
1743467611.318713
1743467611.334862
1743467611.350809
1743467611.366817
1743467611.383144
1743467611.398886
1743467611.414886
1743467611.430922
1743467611.446970
1743467611.462923
1743467611.479020
1743467611.494988
1743467611.510917
1743467611.527059
1743467611.543031
1743467611.575691
1743467611.607628
1743467611.639625
1743467611.671195
1743467611.686782
1743467611.702697
1743467611.718794
1743467611.734934
1743467611.750913
1743467611.766935
1743467611.783014
1743467611.798980
1743467611.814965
1743467611.831095
1743467611.847088
1743467611.863111
1743467611.895529
1743467611.927429
1743467611.959205
1743467611.974525
1743467611.990724
1743467612.006861
1743467612.022774
1743467612.038992
1743467612.054824
1743467612.070781
1743467612.086961
1743467612.102809
1743467612.118983
1743467612.134858
1743467612.150916
1743467612.166998
1743467612.183368
1743467612.215616
1743467612.246914
1743467612.262525
1743467612.278960
1743467612.294700
1743467612.310816
1743467612.326774
1743467612.342786
1743467612.358842
1743467612.374943
1743467612.390872
1743467612.406780
1743467612.422797
1743467612.438910
1743467612.454991
1743467612.470976
1743467612.487101
1743467612.502990
1743467612.519002
1743467612.551206
1743467612.566709
1743467612.582865
1743467612.598794
1743467612.614894
1743467612.631127
1743467612.646805
1743467612.662805
1743467612.678771
1743467612.694763
1743467612.710873
1743467612.726839
1743467612.742930
1743467612.758895
1743467612.774952
1743467612.790950
1743467612.807068
1743467612.822995
1743467612.838957
1743467612.871903
1743467612.903408
1743467612.934849
1743467612.950676
1743467612.966754
1743467612.982904
1743467612.998887
1743467613.014950
1743467613.030943
1743467613.046987
1743467613.062903
1743467613.078971
1743467613.094748
1743467613.110927
1743467613.126972
1743467613.143018
1743467613.159050
1743467613.191739
1743467613.223094
1743467613.255401
1743467613.287249
1743467613.302766
1743467613.318837
1743467613.334917
1743467613.351077
1743467613.367044
1743467613.383176
1743467613.399024
1743467613.415071
1743467613.431016
1743467613.447008
1743467613.463376
1743467613.479318
1743467613.527279
1743467613.559078
1743467613.591330
1743467613.623410
1743467613.655384
1743467613.687318
1743467613.703038
1743467613.718882
1743467613.734896
1743467613.750931
1743467613.767004
1743467613.783299
1743467613.799290
1743467613.815204
1743467613.847566
1743467613.879183
1743467613.911388
1743467613.943316
1743467613.975390
1743467614.007493
1743467614.039658
