1743467196.513591
1743467196.593552
1743467196.625704
1743467196.658260
1743467196.689788
1743467196.721279
1743467196.738126
1743467196.769236
1743467196.800926
1743467196.834083
1743467196.865632
1743467196.897825
1743467196.929776
1743467196.961854
1743467196.993897
1743467197.025634
1743467197.041967
1743467197.057969
1743467197.074108
1743467197.105693
1743467197.137949
1743467197.170311
1743467197.202074
1743467197.234318
1743467197.266361
1743467197.314196
1743467197.346402
1743467197.378700
1743467197.411894
1743467197.443191
1743467197.475165
1743467197.506718
1743467197.539034
1743467197.571735
1743467197.603701
1743467197.651727
1743467197.683579
1743467197.715491
1743467197.747500
1743467197.779135
1743467197.811462
1743467197.843339
1743467197.873697
1743467197.905426
1743467197.921870
1743467197.938295
1743467197.970370
1743467198.001952
1743467198.034131
1743467198.066183
1743467198.098012
1743467198.129513
1743467198.145211
1743467198.161542
1743467198.177629
1743467198.193865
1743467198.226262
1743467198.257922
1743467198.290059
1743467198.321472
1743467198.337492
1743467198.353541
1743467198.369445
1743467198.385678
1743467198.401608
1743467198.417671
1743467198.433671
1743467198.449657
1743467198.465675
1743467198.481633
1743467198.497638
1743467198.513690
1743467198.529759
1743467198.545706
1743467198.561694
1743467198.577759
1743467198.593785
1743467198.626282
1743467198.657905
1743467198.673572
1743467198.689486
1743467198.705553
1743467198.721548
1743467198.737543
1743467198.753596
1743467198.769641
1743467198.785437
1743467198.801547
1743467198.817707
1743467198.833639
1743467198.849658
1743467198.865824
1743467198.881747
1743467198.897662
1743467198.913705
1743467198.945559
1743467198.961480
1743467198.977456
1743467198.993452
1743467199.009516
1743467199.025487
1743467199.041526
1743467199.057541
1743467199.073718
1743467199.089660
1743467199.105696
1743467199.121633
1743467199.137712
1743467199.153757
1743467199.169572
1743467199.185568
1743467199.201800
1743467199.217841
1743467199.233740
1743467199.266382
1743467199.297242
1743467199.313084
1743467199.329383
1743467199.345474
1743467199.361321
1743467199.377552
1743467199.393451
1743467199.409498
1743467199.425539
1743467199.441556
1743467199.457670
1743467199.473710
1743467199.489779
1743467199.505689
1743467199.521631
1743467199.537775
1743467199.553685
1743467199.569729
1743467199.602066
1743467199.633870
1743467199.665558
1743467199.681160
1743467199.697389
1743467199.713413
1743467199.729529
1743467199.745499
1743467199.761659
1743467199.793792
1743467199.825496
1743467199.841677
1743467199.857718
1743467199.874098
1743467199.889807
1743467199.922150
1743467199.953684
1743467199.969237
1743467199.985424
1743467200.001539
1743467200.017617
1743467200.033489
1743467200.049506
1743467200.065595
1743467200.081543
1743467200.097529
1743467200.113483
1743467200.129635
1743467200.145543
1743467200.161622
1743467200.177650
1743467200.193683
1743467200.209803
1743467200.241909
1743467200.273273
1743467200.289397
1743467200.305507
1743467200.321630
1743467200.337618
1743467200.353577
1743467200.369560
1743467200.385589
1743467200.401464
1743467200.417502
1743467200.433593
1743467200.449569
1743467200.465622
1743467200.481690
1743467200.497651
1743467200.513591
1743467200.529715
1743467200.545772
1743467200.578143
1743467200.609374
1743467200.625336
1743467200.641449
1743467200.657506
1743467200.673639
1743467200.689528
1743467200.705610
1743467200.721590
1743467200.737707
1743467200.753564
1743467200.769577
1743467200.785480
1743467200.801573
1743467200.817676
1743467200.833684
1743467200.849771
1743467200.865783
1743467200.898226
1743467200.929943
1743467200.961906
1743467200.977330
1743467200.993355
1743467201.009678
1743467201.025475
1743467201.041566
1743467201.057521
1743467201.073693
1743467201.089622
1743467201.105630
1743467201.121772
1743467201.137654
1743467201.153770
1743467201.169549
1743467201.185670
1743467201.218157
1743467201.249923
1743467201.282022
1743467201.313306
1743467201.329289
1743467201.345478
1743467201.361541
1743467201.377513
1743467201.393608
1743467201.409564
1743467201.425481
1743467201.441585
1743467201.457689
1743467201.473954
1743467201.489880
1743467201.521487
1743467201.554042
1743467201.585645
1743467201.601121
1743467201.617365
1743467201.633610
1743467201.649488
1743467201.665435
1743467201.681592
1743467201.697544
1743467201.713598
1743467201.729500
1743467201.745619
1743467201.761511
1743467201.777642
1743467201.793602
1743467201.809550
1743467201.825835
1743467201.841841
1743467201.873799
1743467201.889427
1743467201.905637
1743467201.921650
1743467201.937687
1743467201.953467
1743467201.969507
1743467201.985486
1743467202.001479
1743467202.017548
1743467202.033631
1743467202.065978
1743467202.081805
1743467202.097628
1743467202.113676
1743467202.129694
1743467202.145710
1743467202.161765
1743467202.193777
1743467202.209534
1743467202.225465
1743467202.241428
1743467202.257950
1743467202.289872
1743467202.305926
1743467202.321892
1743467202.338116
1743467202.353885
1743467202.369610
1743467202.385761
1743467202.401743
1743467202.417821
1743467202.433643
1743467202.449713
1743467202.465715
1743467202.481588
1743467202.497663
1743467202.529525
1743467202.545174
1743467202.561591
1743467202.577421
1743467202.593547
1743467202.609392
1743467202.625549
1743467202.641427
1743467202.657508
1743467202.673598
1743467202.689562
1743467202.705627
1743467202.721612
1743467202.737559
1743467202.753612
1743467202.769682
1743467202.785597
1743467202.801688
1743467202.817692
1743467202.850130
1743467202.881904
1743467202.913770
1743467202.945426
1743467202.961427
1743467202.977364
1743467202.993303
1743467203.009550
1743467203.025609
1743467203.041691
1743467203.057582
1743467203.073660
1743467203.089681
1743467203.105569
1743467203.121853
1743467203.137712
1743467203.169946
1743467203.202259
1743467203.233892
1743467203.265616
1743467203.281184
1743467203.297389
1743467203.313546
1743467203.329408
1743467203.345469
1743467203.361422
1743467203.377618
1743467203.393662
1743467203.409724
1743467203.425680
1743467203.441595
1743467203.457629
1743467203.473858
1743467203.506223
1743467203.537690
1743467203.569606
1743467203.585052
1743467203.601367
1743467203.617379
1743467203.633433
1743467203.649492
1743467203.665777
1743467203.681680
1743467203.697413
1743467203.713580
1743467203.729668
1743467203.745544
1743467203.761578
1743467203.777602
1743467203.793632
1743467203.826047
1743467203.857281
1743467203.873507
1743467203.889495
1743467203.905414
1743467203.921483
1743467203.937742
1743467203.953449
1743467203.969358
1743467203.985393
1743467204.001477
1743467204.017573
1743467204.033501
1743467204.049697
1743467204.065630
1743467204.081605
1743467204.097896
1743467204.113684
1743467204.146307
1743467204.177942
1743467204.209539
1743467204.225341
1743467204.241392
1743467204.257425
1743467204.273528
1743467204.289475
1743467204.305569
1743467204.321523
1743467204.337595
1743467204.353513
1743467204.369630
1743467204.385570
1743467204.401527
1743467204.417725
1743467204.433779
1743467204.449598
1743467204.482018
1743467204.513816
1743467204.545799
1743467204.561202
1743467204.577339
1743467204.593386
1743467204.609999
1743467204.625561
1743467204.641561
1743467204.657641
1743467204.673763
1743467204.689611
1743467204.705609
1743467204.721596
1743467204.737801
1743467204.753786
1743467204.769637
1743467204.801716
1743467204.833943
1743467204.865785
1743467204.897707
1743467204.929915
1743467204.961997
1743467204.977380
1743467204.993397
1743467205.009455
1743467205.025466
1743467205.041606
1743467205.057520
1743467205.073612
1743467205.089781
1743467205.121777
1743467205.137361
1743467205.153395
1743467205.169454
1743467205.185260
1743467205.201528
1743467205.217465
1743467205.233542
1743467205.249442
1743467205.265416
1743467205.281380
1743467205.297428
1743467205.313394
1743467205.329375
1743467205.345434
1743467205.361554
1743467205.377533
1743467205.393508
1743467205.409635
1743467205.425628
1743467205.458021
1743467205.489570
1743467205.505433
1743467205.521638
1743467205.537589
1743467205.553444
1743467205.569422
1743467205.585377
1743467205.601411
1743467205.617471
1743467205.633538
1743467205.649398
1743467205.665483
1743467205.681458
1743467205.697519
1743467205.713593
1743467205.729557
1743467205.745542
1743467205.777778
1743467205.793180
1743467205.809275
1743467205.825288
1743467205.841319
1743467205.857453
1743467205.873485
1743467205.889702
1743467205.905516
1743467205.921611
1743467205.937540
1743467205.953364
1743467205.969476
1743467205.985390
1743467206.001560
1743467206.017675
1743467206.050209
1743467206.097619
1743467206.129707
1743467206.145253
1743467206.161357
1743467206.177295
1743467206.193446
1743467206.209334
1743467206.225273
1743467206.241480
1743467206.257378
1743467206.273518
1743467206.289583
1743467206.305614
1743467206.321503
1743467206.337601
1743467206.353876
1743467206.369576
1743467206.385528
1743467206.401567
1743467206.433868
1743467206.465800
1743467206.481392
1743467206.497467
1743467206.513355
1743467206.529400
1743467206.561923
1743467206.593815
1743467206.625385
1743467206.657744
1743467206.689704
1743467206.721672
1743467206.753743
1743467206.785678
1743467206.817737
1743467206.849729
1743467206.881626
1743467206.913726
1743467206.945974
1743467206.978241
1743467207.010048
1743467207.041685
1743467207.073879
1743467207.105330
1743467207.137650
1743467207.169663
1743467207.201655
1743467207.233712
1743467207.265889
1743467207.297944
1743467207.329934
1743467207.361945
1743467207.409615
1743467207.441379
1743467207.473414
1743467207.505577
1743467207.537609
1743467207.569592
1743467207.601810
1743467207.633935
1743467207.665724
1743467207.697491
1743467207.730211
1743467207.761704
1743467207.793692
1743467207.825417
1743467207.857358
1743467207.873575
1743467207.905644
1743467207.937660
1743467207.969622
1743467208.001901
1743467208.049703
1743467208.081682
1743467208.113345
1743467208.145773
1743467208.177764
1743467208.209703
1743467208.241420
1743467208.257370
1743467208.273493
1743467208.289638
1743467208.321599
1743467208.354069
1743467208.386230
1743467208.417929
1743467208.449577
1743467208.481715
1743467208.513748
1743467208.545759
1743467208.577780
1743467208.609697
1743467208.641728
1743467208.673871
1743467208.706154
1743467208.737541
1743467208.769471
1743467208.801573
1743467208.833666
1743467208.865895
1743467208.897735
1743467208.929847
1743467208.961645
1743467208.994170
1743467209.025854
1743467209.057273
1743467209.089291
1743467209.105331
1743467209.137516
1743467209.169870
1743467209.201588
1743467209.233733
1743467209.266017
1743467209.297863
1743467209.329483
1743467209.362194
1743467209.393747
1743467209.425381
1743467209.457235
1743467209.473389
1743467209.505610
1743467209.537481
1743467209.569479
1743467209.601873
1743467209.633867
1743467209.681523
1743467209.713410
1743467209.745978
1743467209.777779
1743467209.809351
1743467209.841396
1743467209.857382
1743467209.889640
1743467209.921650
1743467209.953879
1743467210.001334
1743467210.033683
1743467210.065737
1743467210.097711
1743467210.129594
1743467210.161781
1743467210.193968
1743467210.225264
1743467210.256871
1743467210.274154
1743467210.305793
1743467210.337478
1743467210.369583
1743467210.401699
1743467210.417173
1743467210.433383
1743467210.465936
1743467210.497936
1743467210.530151
1743467210.561576
1743467210.593894
1743467210.625465
1743467210.657899
1743467210.689200
1743467210.705243
1743467210.737341
1743467210.769512
1743467210.801641
1743467210.834152
1743467210.866010
1743467210.898010
1743467210.929962
1743467210.978067
1743467211.009832
1743467211.041299
1743467211.073178
1743467211.089317
1743467211.121411
1743467211.153532
1743467211.185573
1743467211.217900
1743467211.250203
1743467211.281997
1743467211.313364
1743467211.345896
1743467211.377719
1743467211.409430
1743467211.441279
1743467211.457430
1743467211.489725
1743467211.521512
1743467211.553902
1743467211.586298
1743467211.633712
1743467211.665678
1743467211.697535
1743467211.729930
1743467211.761736
1743467211.793911
1743467211.825172
1743467211.841343
1743467211.857479
1743467211.889692
1743467211.921622
1743467211.954153
1743467211.985579
1743467212.017844
1743467212.049419
1743467212.081941
1743467212.113797
1743467212.145876
1743467212.177698
1743467212.209804
1743467212.241529
1743467212.257464
1743467212.289462
1743467212.321308
1743467212.353746
1743467212.386121
1743467212.417500
1743467212.449885
1743467212.481973
1743467212.513956
1743467212.545775
1743467212.561191
1743467212.577456
1743467212.609844
1743467212.641162
1743467212.657182
1743467212.673384
1743467212.705442
1743467212.721613
1743467212.753871
1743467212.785890
1743467212.817648
1743467212.849626
1743467212.881965
1743467212.929745
1743467212.961801
1743467212.993393
1743467213.025254
1743467213.041246
1743467213.057384
1743467213.089224
1743467213.105304
1743467213.121384
1743467213.137393
1743467213.169725
1743467213.201824
1743467213.234081
1743467213.266092
1743467213.297294
1743467213.329916
1743467213.361752
1743467213.393928
1743467213.425315
1743467213.441247
1743467213.457417
1743467213.489659
1743467213.521745
1743467213.553958
1743467213.586150
1743467213.617661
1743467213.649748
1743467213.681838
1743467213.713766
1743467213.745956
1743467213.777911
1743467213.809830
1743467213.841646
1743467213.873670
1743467213.906126
1743467213.937505
1743467213.969854
1743467214.001806
1743467214.033790
1743467214.065795
1743467214.097875
1743467214.129891
1743467214.161647
1743467214.193785
1743467214.241179
1743467214.273258
1743467214.305018
1743467214.321397
1743467214.353608
1743467214.385774
1743467214.417536
1743467214.449727
1743467214.481848
1743467214.514223
1743467214.561639
1743467214.593664
1743467214.625272
1743467214.657295
1743467214.689487
1743467214.721504
1743467214.753603
1743467214.785926
1743467214.817908
1743467214.849966
1743467214.881968
1743467214.913574
1743467214.945450
1743467214.977729
1743467215.009340
1743467215.041240
1743467215.073419
1743467215.105631
1743467215.137709
1743467215.169809
1743467215.217600
1743467215.249864
1743467215.281953
1743467215.313559
1743467215.345408
1743467215.377194
1743467215.409208
1743467215.425213
1743467215.441349
1743467215.457366
1743467215.489591
1743467215.537360
1743467215.569603
1743467215.601718
1743467215.633206
1743467215.665702
1743467215.697694
1743467215.729853
1743467215.761951
1743467215.793944
1743467215.825556
1743467215.857773
1743467215.889112
1743467215.905207
1743467215.937554
1743467215.969709
1743467216.001474
1743467216.034040
1743467216.065739
1743467216.097972
1743467216.129478
1743467216.161870
1743467216.193791
1743467216.225111
1743467216.257228
1743467216.289524
1743467216.321481
1743467216.353549
1743467216.385504
1743467216.418051
1743467216.449744
1743467216.482094
1743467216.513664
1743467216.545638
1743467216.577920
1743467216.609383
1743467216.641210
1743467216.657222
1743467216.689379
1743467216.721329
1743467216.753597
1743467216.785909
1743467216.833530
1743467216.865581
1743467216.897462
1743467216.930042
1743467216.961871
1743467216.993812
1743467217.025300
1743467217.041396
1743467217.073562
1743467217.105688
1743467217.137652
1743467217.169779
1743467217.201534
1743467217.233756
1743467217.265477
1743467217.297661
1743467217.329709
1743467217.361691
1743467217.393230
1743467217.409263
1743467217.425365
1743467217.441457
1743467217.489376
1743467217.521653
1743467217.553522
1743467217.585701
1743467217.617400
1743467217.649568
1743467217.681744
1743467217.713680
1743467217.746069
1743467217.777792
1743467217.809688
1743467217.841119
1743467217.873197
1743467217.905335
1743467217.937445
1743467217.969635
1743467218.001570
1743467218.033620
1743467218.066052
1743467218.097961
1743467218.145510
1743467218.177606
1743467218.209431
1743467218.241471
1743467218.273377
1743467218.305438
1743467218.337357
1743467218.369661
1743467218.401985
1743467218.433796
1743467218.465930
1743467218.497493
1743467218.529431
1743467218.561866
1743467218.593753
1743467218.625179
1743467218.657037
1743467218.673308
1743467218.689432
1743467218.721425
1743467218.753560
1743467218.785984
1743467218.817671
1743467218.849816
1743467218.881066
1743467218.896900
1743467218.913174
1743467218.945962
1743467218.977386
1743467219.009432
1743467219.041516
1743467219.073822
1743467219.121103
1743467219.153429
1743467219.185624
1743467219.217753
1743467219.249459
1743467219.281931
1743467219.313754
1743467219.345689
1743467219.377430
1743467219.409539
1743467219.441730
1743467219.473283
1743467219.505140
1743467219.521099
1743467219.553605
1743467219.585493
1743467219.617440
1743467219.649599
1743467219.681753
1743467219.713834
1743467219.761656
1743467219.793549
1743467219.825093
1743467219.857144
1743467219.889072
1743467219.905365
1743467219.937558
1743467219.969642
1743467220.001784
1743467220.034256
1743467220.066011
1743467220.097707
1743467220.129493
1743467220.161835
1743467220.193711
1743467220.225041
1743467220.257476
1743467220.289460
1743467220.321539
1743467220.353736
1743467220.385662
1743467220.417854
1743467220.449807
1743467220.481652
1743467220.513430
1743467220.545560
1743467220.577604
1743467220.609375
1743467220.641116
1743467220.657242
1743467220.673491
1743467220.705605
1743467220.737667
1743467220.769421
1743467220.801618
1743467220.833787
1743467220.865471
1743467220.897677
1743467220.929660
1743467220.961711
1743467220.993584
1743467221.025500
1743467221.073124
1743467221.105230
1743467221.137255
1743467221.169477
1743467221.201461
1743467221.233785
1743467221.265521
1743467221.297902
1743467221.329924
1743467221.361739
1743467221.393269
1743467221.425370
1743467221.457576
1743467221.489191
1743467221.521318
1743467221.553569
1743467221.585692
1743467221.617817
1743467221.649657
1743467221.681844
1743467221.713802
1743467221.745573
1743467221.777420
1743467221.809259
1743467221.841200
1743467221.873077
1743467221.889169
1743467221.921462
1743467221.953611
1743467221.985733
1743467222.017624
1743467222.049698
1743467222.081463
1743467222.113621
1743467222.145707
1743467222.177590
1743467222.209127
1743467222.225146
1743467222.257294
1743467222.273378
1743467222.305477
1743467222.337474
1743467222.369435
1743467222.401508
1743467222.433715
1743467222.465692
1743467222.497476
1743467222.529731
1743467222.561699
1743467222.593724
1743467222.625146
1743467222.641341
1743467222.689149
1743467222.721087
1743467222.752996
1743467222.785580
1743467222.817684
1743467222.849679
1743467222.881294
1743467222.913896
1743467222.945709
1743467222.977747
1743467223.025705
1743467223.057010
1743467223.073395
1743467223.105202
1743467223.137406
1743467223.169095
1743467223.201494
1743467223.233563
1743467223.265691
1743467223.297595
1743467223.345477
1743467223.377515
1743467223.409612
1743467223.441147
1743467223.472819
1743467223.489203
1743467223.505202
1743467223.537360
1743467223.569430
1743467223.601690
1743467223.633854
1743467223.665760
1743467223.697320
1743467223.729688
1743467223.761647
1743467223.793430
1743467223.825214
1743467223.857054
1743467223.873242
1743467223.905356
1743467223.937355
1743467223.969786
1743467224.002023
1743467224.033517
1743467224.065126
1743467224.097861
1743467224.129613
1743467224.161632
1743467224.193285
1743467224.225376
1743467224.257428
1743467224.289288
1743467224.321548
1743467224.353359
1743467224.385487
1743467224.417430
1743467224.449417
1743467224.481732
1743467224.513615
1743467224.546000
1743467224.577078
1743467224.593182
1743467224.609287
1743467224.641696
1743467224.672887
1743467224.688941
1743467224.721161
1743467224.753511
1743467224.785069
1743467224.817560
1743467224.849601
1743467224.881628
1743467224.913430
1743467224.945713
1743467224.977722
1743467225.009065
1743467225.041236
1743467225.073076
1743467225.089034
1743467225.105207
1743467225.137190
1743467225.169346
1743467225.201606
1743467225.233843
1743467225.265387
1743467225.297593
1743467225.329449
1743467225.361668
1743467225.393205
1743467225.425071
1743467225.440959
1743467225.457073
1743467225.473187
1743467225.505271
1743467225.537321
1743467225.569669
1743467225.617425
1743467225.649539
1743467225.681552
1743467225.713553
1743467225.745230
1743467225.777428
1743467225.809317
1743467225.841496
1743467225.873454
1743467225.889393
1743467225.921554
1743467225.953803
1743467225.985072
1743467226.017701
1743467226.049483
1743467226.081583
1743467226.113460
1743467226.145532
1743467226.177759
1743467226.209754
1743467226.241594
1743467226.273815
1743467226.305245
1743467226.337206
1743467226.369173
1743467226.401491
1743467226.433563
1743467226.465701
1743467226.497340
1743467226.529828
1743467226.561906
1743467226.593830
1743467226.624647
1743467226.640975
1743467226.657424
1743467226.673550
1743467226.704865
1743467226.721007
1743467226.737185
1743467226.769376
1743467226.801682
1743467226.833669
1743467226.865690
1743467226.897862
1743467226.929465
1743467226.961395
1743467226.993760
1743467227.025059
1743467227.057027
1743467227.073070
1743467227.089131
1743467227.105162
1743467227.137195
1743467227.169607
1743467227.201574
1743467227.249221
1743467227.281184
1743467227.313936
1743467227.345621
1743467227.377432
1743467227.409080
1743467227.425043
1743467227.457211
1743467227.489189
1743467227.521256
1743467227.537275
1743467227.569857
1743467227.601540
1743467227.633246
1743467227.665684
1743467227.697453
1743467227.729570
1743467227.761404
1743467227.793794
1743467227.825298
1743467227.857487
1743467227.905123
1743467227.937190
1743467227.969298
1743467228.001343
1743467228.033409
1743467228.065639
1743467228.097948
1743467228.129774
1743467228.161352
1743467228.193673
1743467228.225517
1743467228.256897
1743467228.289080
1743467228.321370
1743467228.353285
1743467228.385654
1743467228.417466
1743467228.449513
1743467228.481556
1743467228.513785
1743467228.545529
1743467228.577445
1743467228.609234
1743467228.640928
1743467228.673177
1743467228.689133
1743467228.721181
1743467228.753347
1743467228.785272
1743467228.817629
1743467228.849805
1743467228.881728
1743467228.913057
1743467228.945912
1743467228.977349
1743467229.009156
1743467229.040866
1743467229.057101
1743467229.089267
1743467229.105207
1743467229.137421
1743467229.169480
1743467229.201375
1743467229.233201
1743467229.265546
1743467229.297535
1743467229.329753
1743467229.361531
1743467229.393363
1743467229.425160
1743467229.441210
1743467229.473315
1743467229.521111
1743467229.553279
1743467229.585266
1743467229.617634
1743467229.649421
1743467229.681543
1743467229.713606
1743467229.745748
1743467229.777370
1743467229.809406
1743467229.856816
1743467229.888942
1743467229.921179
1743467229.953350
1743467229.985491
1743467230.017790
1743467230.049803
1743467230.081592
1743467230.114019
1743467230.145556
1743467230.177844
1743467230.209246
1743467230.241189
1743467230.273122
1743467230.304972
1743467230.321002
1743467230.353454
1743467230.385449
1743467230.417503
1743467230.449530
1743467230.497400
1743467230.529471
1743467230.561112
1743467230.593620
1743467230.624975
1743467230.657098
1743467230.688970
1743467230.705090
1743467230.737329
1743467230.769549
1743467230.801229
1743467230.832900
1743467230.865498
1743467230.897480
1743467230.929500
1743467230.961694
1743467230.993614
1743467231.025262
1743467231.057389
1743467231.089333
1743467231.121185
1743467231.153578
1743467231.185308
1743467231.217404
1743467231.248953
1743467231.281477
1743467231.313489
1743467231.345496
1743467231.377038
1743467231.409240
1743467231.441206
1743467231.473717
1743467231.504632
1743467231.520962
1743467231.553359
1743467231.585303
1743467231.617172
1743467231.649434
1743467231.681376
1743467231.713588
1743467231.745512
1743467231.777883
1743467231.809742
1743467231.841035
1743467231.872824
1743467231.889044
1743467231.921227
1743467231.937427
1743467231.969344
1743467232.001619
1743467232.033580
1743467232.065684
1743467232.097378
1743467232.129671
1743467232.161553
1743467232.193466
1743467232.225015
1743467232.256951
1743467232.273206
1743467232.289329
1743467232.305437
1743467232.321496
1743467232.353373
1743467232.385568
1743467232.417463
1743467232.449604
1743467232.481257
1743467232.513307
1743467232.545237
1743467232.577405
1743467232.608938
1743467232.624958
1743467232.656848
1743467232.673062
1743467232.689175
1743467232.705177
1743467232.737203
1743467232.785187
1743467232.817379
1743467232.849613
1743467232.881019
1743467232.913288
1743467232.945432
1743467232.977232
1743467233.009133
1743467233.025217
1743467233.057385
1743467233.104901
1743467233.136749
1743467233.152619
1743467233.168897
1743467233.201623
1743467233.233134
1743467233.265304
1743467233.297594
1743467233.329669
1743467233.361024
1743467233.377114
1743467233.425055
1743467233.456836
1743467233.488700
1743467233.504926
1743467233.521172
1743467233.553354
1743467233.585178
1743467233.617448
1743467233.649455
1743467233.681651
1743467233.713244
1743467233.761073
1743467233.793226
1743467233.824760
1743467233.856936
1743467233.888862
1743467233.904873
1743467233.920982
1743467233.953606
1743467233.985630
1743467234.017592
1743467234.049758
1743467234.081255
1743467234.113451
1743467234.145310
1743467234.177293
1743467234.209239
1743467234.241269
1743467234.273104
1743467234.305191
1743467234.337335
1743467234.369512
1743467234.401405
1743467234.433745
1743467234.465087
1743467234.497330
1743467234.529319
1743467234.561400
1743467234.593514
1743467234.625295
1743467234.657222
1743467234.689205
1743467234.705093
1743467234.737633
1743467234.769211
1743467234.801389
1743467234.833236
1743467234.865487
1743467234.897428
1743467234.929801
1743467234.961306
1743467234.993446
1743467235.025246
1743467235.057341
1743467235.088785
1743467235.104928
1743467235.137238
1743467235.169299
1743467235.200757
1743467235.233526
1743467235.265445
1743467235.297429
1743467235.329051
1743467235.377045
1743467235.409300
1743467235.441126
1743467235.473085
1743467235.505208
1743467235.537242
1743467235.569304
1743467235.601174
1743467235.633516
1743467235.665558
1743467235.713125
1743467235.744971
1743467235.777367
1743467235.809060
1743467235.840878
1743467235.873163
1743467235.905119
1743467235.937262
1743467235.969390
1743467236.001592
1743467236.033315
1743467236.065213
1743467236.097271
1743467236.129455
1743467236.161402
1743467236.193395
1743467236.225135
1743467236.257004
1743467236.273245
1743467236.305283
1743467236.353185
1743467236.384716
1743467236.417180
1743467236.449694
1743467236.481383
1743467236.513707
1743467236.545264
1743467236.577383
1743467236.609151
1743467236.641343
1743467236.688816
1743467236.720927
1743467236.736670
1743467236.752813
1743467236.785452
1743467236.817497
1743467236.849523
1743467236.881132
1743467236.913667
1743467236.945395
1743467236.977745
1743467237.009370
1743467237.040883
1743467237.072948
1743467237.105018
1743467237.137002
1743467237.169515
1743467237.200150
1743467237.233487
1743467237.265254
1743467237.297718
1743467237.329486
1743467237.361277
1743467237.392973
1743467237.424891
1743467237.457114
1743467237.473021
1743467237.504870
1743467237.520967
1743467237.536994
1743467237.569550
1743467237.601214
1743467237.633650
1743467237.665570
1743467237.697282
1743467237.728783
1743467237.761395
1743467237.793253
1743467237.825092
1743467237.856896
1743467237.873004
1743467237.905519
1743467237.937175
1743467237.985152
1743467238.017471
1743467238.049276
1743467238.081337
1743467238.113224
1743467238.145288
1743467238.177383
1743467238.209040
1743467238.241112
1743467238.257640
1743467238.305080
1743467238.336765
1743467238.369080
1743467238.401294
1743467238.433312
1743467238.465444
1743467238.497427
1743467238.528923
1743467238.561647
1743467238.593452
1743467238.640766
1743467238.673118
1743467238.704730
1743467238.737248
1743467238.752641
1743467238.768829
1743467238.800991
1743467238.833328
1743467238.865366
1743467238.897654
1743467238.929499
1743467238.961788
1743467238.993621
1743467239.024980
1743467239.056726
1743467239.073004
1743467239.105189
1743467239.137170
1743467239.168980
1743467239.201292
1743467239.233532
1743467239.281167
1743467239.312569
1743467239.328521
1743467239.344756
1743467239.360782
1743467239.393035
1743467239.424852
1743467239.457096
1743467239.489261
1743467239.520895
1743467239.536987
1743467239.569417
1743467239.617140
1743467239.648822
1743467239.681347
1743467239.713370
1743467239.745259
1743467239.777166
1743467239.809268
1743467239.841150
1743467239.873157
1743467239.904892
1743467239.937643
1743467239.968979
1743467240.001175
1743467240.032765
1743467240.065342
1743467240.097138
1743467240.129470
1743467240.161196
1743467240.193378
1743467240.225254
1743467240.257533
1743467240.288794
1743467240.320867
1743467240.353256
1743467240.385330
1743467240.417071
1743467240.449458
1743467240.481627
1743467240.513599
1743467240.545517
1743467240.593106
1743467240.624862
1743467240.656799
1743467240.688842
1743467240.704820
1743467240.736949
1743467240.769359
1743467240.801027
1743467240.833371
1743467240.865692
1743467240.913225
1743467240.944566
1743467240.977199
1743467241.008737
1743467241.024731
1743467241.056822
1743467241.072947
1743467241.105110
1743467241.137117
1743467241.169384
1743467241.201371
1743467241.233371
1743467241.265204
1743467241.296954
1743467241.329406
1743467241.361375
1743467241.393193
1743467241.424533
1743467241.440854
1743467241.472940
1743467241.489077
1743467241.520999
1743467241.536965
1743467241.569653
1743467241.601137
1743467241.632843
1743467241.665281
1743467241.697259
1743467241.729528
1743467241.760832
1743467241.793364
1743467241.825194
1743467241.857057
1743467241.889321
1743467241.920977
1743467241.953246
1743467241.985232
1743467242.017034
1743467242.049383
1743467242.081278
1743467242.113382
1743467242.145252
1743467242.177453
1743467242.209484
1743467242.240817
1743467242.272746
1743467242.288670
1743467242.321013
1743467242.353095
1743467242.385004
1743467242.417585
1743467242.449507
1743467242.481258
1743467242.513356
1743467242.545428
1743467242.577294
1743467242.608717
1743467242.625006
1743467242.657060
1743467242.689001
1743467242.721190
1743467242.752825
1743467242.785386
1743467242.817455
1743467242.865018
1743467242.896496
1743467242.929221
1743467242.961421
1743467242.993374
1743467243.024744
1743467243.040791
1743467243.056802
1743467243.072936
1743467243.105004
1743467243.120913
1743467243.137192
1743467243.153222
1743467243.184988
1743467243.217373
1743467243.249107
1743467243.281251
1743467243.312844
1743467243.345447
1743467243.377473
1743467243.409017
1743467243.440777
1743467243.456932
1743467243.473022
1743467243.489181
1743467243.521184
1743467243.553134
1743467243.585221
1743467243.617395
1743467243.649069
1743467243.681238
1743467243.713529
1743467243.745253
1743467243.777028
1743467243.809138
1743467243.841083
1743467243.872687
1743467243.904771
1743467243.937362
1743467243.968986
1743467244.000994
1743467244.032229
1743467244.048679
1743467244.081163
1743467244.113343
1743467244.161201
1743467244.193253
1743467244.224736
1743467244.256975
1743467244.288868
1743467244.304912
1743467244.336807
1743467244.369080
1743467244.401196
1743467244.433480
1743467244.465301
1743467244.497423
1743467244.529301
1743467244.561128
1743467244.593332
1743467244.624886
1743467244.656737
1743467244.672792
1743467244.688961
1743467244.704932
1743467244.736955
1743467244.769148
1743467244.816840
1743467244.849203
1743467244.880763
1743467244.913385
1743467244.945159
1743467244.977246
1743467245.009339
1743467245.041119
1743467245.073171
1743467245.105146
1743467245.137439
1743467245.169072
1743467245.201211
1743467245.233145
1743467245.265152
1743467245.297571
1743467245.329536
1743467245.361261
1743467245.393389
1743467245.425172
1743467245.472615
1743467245.504740
1743467245.536755
1743467245.569027
1743467245.601200
1743467245.633137
1743467245.665027
1743467245.697329
1743467245.729466
1743467245.761541
1743467245.792993
1743467245.824673
1743467245.840571
1743467245.856651
1743467245.872890
1743467245.904784
1743467245.920750
1743467245.936852
1743467245.968926
1743467246.001134
1743467246.033522
1743467246.065280
1743467246.112787
1743467246.144555
1743467246.177056
1743467246.208885
1743467246.240886
1743467246.272957
1743467246.304771
1743467246.320921
1743467246.336922
1743467246.369334
1743467246.401013
1743467246.449036
1743467246.481025
1743467246.513029
1743467246.545086
1743467246.577454
1743467246.609214
1743467246.641029
1743467246.672874
1743467246.688929
1743467246.704939
1743467246.720964
1743467246.737055
1743467246.769300
1743467246.801123
1743467246.833193
1743467246.864933
1743467246.897318
1743467246.929094
1743467246.961364
1743467246.993240
1743467247.025144
1743467247.057144
1743467247.089317
1743467247.120483
1743467247.136615
1743467247.152807
1743467247.185189
1743467247.216938
1743467247.249267
1743467247.281276
1743467247.313220
1743467247.345205
1743467247.377421
1743467247.425120
1743467247.456902
1743467247.488991
1743467247.520970
1743467247.553035
1743467247.585037
1743467247.616998
1743467247.649333
1743467247.681553
1743467247.713495
1743467247.745336
1743467247.777123
1743467247.808697
1743467247.840978
1743467247.872693
1743467247.888750
1743467247.904812
1743467247.920838
1743467247.952995
1743467247.985211
1743467248.017262
1743467248.065078
1743467248.096961
1743467248.129223
1743467248.161315
1743467248.193344
1743467248.224882
1743467248.256909
1743467248.288963
1743467248.321055
1743467248.353541
1743467248.400984
1743467248.433000
1743467248.465228
1743467248.496829
1743467248.529375
1743467248.561216
1743467248.593526
1743467248.624854
1743467248.657012
1743467248.689036
1743467248.721376
1743467248.752751
1743467248.785020
1743467248.817157
1743467248.849047
1743467248.880733
1743467248.913211
1743467248.945573
1743467248.977354
1743467249.009384
1743467249.041221
1743467249.072714
1743467249.104972
1743467249.136964
1743467249.169080
1743467249.201052
1743467249.232935
1743467249.265017
1743467249.297264
1743467249.329260
1743467249.376963
1743467249.408769
1743467249.440976
1743467249.472553
1743467249.488624
1743467249.504783
1743467249.536988
1743467249.569055
1743467249.601323
1743467249.633127
1743467249.665588
1743467249.697393
1743467249.728961
1743467249.761160
1743467249.793258
1743467249.824680
1743467249.840678
1743467249.872856
1743467249.904968
1743467249.937143
1743467249.969221
1743467250.017110
1743467250.049635
1743467250.081238
1743467250.113027
1743467250.145390
1743467250.177160
1743467250.208699
1743467250.224664
1743467250.256663
1743467250.272925
1743467250.304987
1743467250.352750
1743467250.384768
1743467250.417210
1743467250.449165
1743467250.481234
1743467250.513030
1743467250.545250
1743467250.577557
1743467250.609199
1743467250.640938
1743467250.673502
1743467250.704575
1743467250.737005
1743467250.768883
1743467250.801251
1743467250.833301
1743467250.865026
1743467250.897126
1743467250.929353
1743467250.961426
1743467250.993451
1743467251.024415
1743467251.056682
1743467251.072687
1743467251.088698
1743467251.120563
1743467251.136689
1743467251.169005
1743467251.201114
1743467251.233135
1743467251.265308
1743467251.297309
1743467251.329142
1743467251.360936
1743467251.393009
1743467251.424545
1743467251.456648
1743467251.488638
1743467251.520925
1743467251.553270
1743467251.585244
1743467251.617115
1743467251.649288
1743467251.681036
1743467251.713144
1743467251.744579
1743467251.777126
1743467251.809186
1743467251.840897
1743467251.872700
1743467251.888805
1743467251.921034
1743467251.968651
1743467252.000885
1743467252.033117
1743467252.065046
1743467252.097170
1743467252.128911
1743467252.161293
1743467252.193204
1743467252.224998
1743467252.256885
1743467252.272928
1743467252.305260
1743467252.336850
1743467252.368694
1743467252.401076
1743467252.433066
1743467252.465330
1743467252.497230
1743467252.529181
1743467252.561445
1743467252.593341
1743467252.624854
1743467252.656557
1743467252.689024
1743467252.720841
1743467252.752855
1743467252.784968
1743467252.817124
1743467252.849035
1743467252.880977
1743467252.913403
1743467252.945328
1743467252.977030
1743467253.008195
1743467253.024454
1743467253.040517
1743467253.056555
1743467253.072700
1743467253.104777
1743467253.137042
1743467253.168938
1743467253.201319
1743467253.233385
1743467253.281093
1743467253.312931
1743467253.344996
1743467253.377258
1743467253.409147
1743467253.440771
1743467253.472691
1743467253.505075
1743467253.537043
1743467253.569018
1743467253.601119
1743467253.633041
1743467253.665209
1743467253.696992
1743467253.728865
1743467253.761231
1743467253.793186
1743467253.824866
1743467253.856670
1743467253.872897
1743467253.888994
1743467253.921125
1743467253.952923
1743467253.985232
1743467254.017008
1743467254.049295
1743467254.081187
1743467254.112974
1743467254.144885
1743467254.177305
1743467254.209261
1743467254.256529
1743467254.288211
1743467254.304616
1743467254.337126
1743467254.369077
1743467254.400720
1743467254.433258
1743467254.465308
1743467254.497310
1743467254.529019
1743467254.576858
1743467254.609013
1743467254.640677
1743467254.672544
1743467254.688599
1743467254.704650
1743467254.736815
1743467254.769055
1743467254.801259
1743467254.833402
1743467254.865437
1743467254.896401
1743467254.912196
1743467254.928368
1743467254.944502
1743467254.976764
1743467255.008872
1743467255.040735
1743467255.056701
1743467255.088645
1743467255.104766
1743467255.136824
1743467255.169026
1743467255.201176
1743467255.233070
1743467255.264987
1743467255.297164
1743467255.329258
1743467255.361087
1743467255.392995
1743467255.424742
1743467255.456785
1743467255.472855
1743467255.505029
1743467255.552885
1743467255.584525
1743467255.617114
1743467255.648957
1743467255.681079
1743467255.712823
1743467255.745164
1743467255.777128
1743467255.808941
1743467255.840914
1743467255.873156
1743467255.904516
1743467255.920550
1743467255.936699
1743467255.968908
1743467256.001042
1743467256.033105
1743467256.065149
1743467256.097082
1743467256.129414
1743467256.161189
1743467256.208850
1743467256.240500
1743467256.256502
1743467256.272883
1743467256.304747
1743467256.336753
1743467256.368978
1743467256.401042
1743467256.433186
1743467256.465274
1743467256.497276
1743467256.529303
1743467256.560569
1743467256.592594
1743467256.624723
1743467256.656835
1743467256.688439
1743467256.704579
1743467256.736919
1743467256.769051
1743467256.800721
1743467256.848884
1743467256.880889
1743467256.912903
1743467256.944637
1743467256.977029
1743467257.008932
1743467257.040839
1743467257.072365
1743467257.088667
1743467257.105140
1743467257.136976
1743467257.184640
1743467257.217014
1743467257.249069
1743467257.280921
1743467257.312877
1743467257.345221
1743467257.377314
1743467257.409108
1743467257.440698
1743467257.456718
1743467257.472870
1743467257.505067
1743467257.536570
1743467257.568792
1743467257.601038
1743467257.632947
1743467257.664592
1743467257.697020
1743467257.729013
1743467257.761141
1743467257.792759
1743467257.825271
1743467257.856536
1743467257.888723
1743467257.920637
1743467257.953033
1743467257.985164
1743467258.017101
1743467258.049002
1743467258.081082
1743467258.113081
1743467258.160958
1743467258.192498
1743467258.208415
1743467258.240640
1743467258.272797
1743467258.304410
1743467258.320579
1743467258.352828
1743467258.385297
1743467258.416991
1743467258.448634
1743467258.481084
1743467258.512921
1743467258.544749
1743467258.576892
1743467258.608416
1743467258.640872
1743467258.673003
1743467258.704851
1743467258.737199
1743467258.769086
1743467258.801226
1743467258.832908
1743467258.864930
1743467258.896941
1743467258.928840
1743467258.944433
1743467258.960524
1743467258.992628
1743467259.024372
1743467259.040579
1743467259.056718
1743467259.072733
1743467259.104741
1743467259.137129
1743467259.168805
1743467259.200931
1743467259.232551
1743467259.264987
1743467259.296949
1743467259.329031
1743467259.361090
1743467259.393231
1743467259.424733
1743467259.456964
1743467259.488358
1743467259.504497
1743467259.536686
1743467259.569153
1743467259.600685
1743467259.632927
1743467259.664925
1743467259.697075
1743467259.728700
1743467259.776886
1743467259.808875
1743467259.840629
1743467259.872663
1743467259.904642
1743467259.936602
1743467259.968827
1743467260.000760
1743467260.032886
1743467260.065213
1743467260.112863
1743467260.144473
1743467260.176841
1743467260.208698
1743467260.240702
1743467260.272382
1743467260.288515
1743467260.304746
1743467260.336752
1743467260.368742
1743467260.401308
1743467260.433098
1743467260.464831
1743467260.496862
1743467260.528992
1743467260.561263
1743467260.592964
1743467260.624792
1743467260.656677
1743467260.688646
1743467260.720831
1743467260.753069
1743467260.784764
1743467260.816962
1743467260.849041
1743467260.880761
1743467260.913009
1743467260.945113
1743467260.977263
1743467261.008870
1743467261.040845
1743467261.088306
1743467261.120543
1743467261.152645
1743467261.185023
1743467261.217084
1743467261.249114
1743467261.280938
1743467261.313312
1743467261.345191
1743467261.377107
1743467261.409088
1743467261.440340
1743467261.472602
1743467261.504563
1743467261.536597
1743467261.568389
1743467261.600761
1743467261.633100
1743467261.665041
1743467261.697289
1743467261.729152
1743467261.761067
1743467261.793118
1743467261.824837
1743467261.856217
1743467261.872700
1743467261.904767
1743467261.936828
1743467261.968635
1743467262.001161
1743467262.033308
1743467262.065074
1743467262.096450
1743467262.129090
1743467262.160897
1743467262.192847
1743467262.224433
1743467262.256754
1743467262.272718
1743467262.289010
1743467262.320949
1743467262.337101
1743467262.384826
1743467262.416884
1743467262.448328
1743467262.481012
1743467262.513081
1743467262.545180
1743467262.576529
1743467262.592640
1743467262.624931
1743467262.656589
1743467262.704434
1743467262.736482
1743467262.768573
1743467262.800712
1743467262.832681
1743467262.865047
1743467262.897031
1743467262.929231
1743467262.960588
1743467262.976624
1743467263.008748
1743467263.040805
1743467263.072216
1743467263.088323
1743467263.104468
1743467263.120588
1743467263.136599
1743467263.168710
1743467263.200873
1743467263.233136
1743467263.264708
1743467263.297269
1743467263.329059
1743467263.361329
1743467263.392430
1743467263.408409
1743467263.440559
1743467263.472576
1743467263.504449
1743467263.536920
1743467263.568817
1743467263.600947
1743467263.632701
1743467263.680736
1743467263.712872
1743467263.744836
1743467263.776239
1743467263.792366
1743467263.808418
1743467263.824459
1743467263.856603
1743467263.888497
1743467263.904583
1743467263.920545
1743467263.936756
1743467263.968931
1743467264.016733
1743467264.048963
1743467264.080417
1743467264.112937
1743467264.145149
1743467264.177127
1743467264.209018
1743467264.240703
1743467264.272738
1743467264.304897
1743467264.336659
1743467264.368744
1743467264.400818
1743467264.433047
1743467264.464678
1743467264.496986
1743467264.528928
1743467264.560896
1743467264.592855
1743467264.624848
1743467264.657093
1743467264.688386
1743467264.720529
1743467264.752705
1743467264.784828
1743467264.816986
1743467264.848769
1743467264.880975
1743467264.913056
1743467264.944922
1743467264.992754
1743467265.008330
1743467265.040651
1743467265.072322
1743467265.104484
1743467265.136618
1743467265.168906
1743467265.200852
1743467265.233025
1743467265.265046
1743467265.312656
1743467265.344685
1743467265.376495
1743467265.408543
1743467265.440516
1743467265.472654
1743467265.504360
1743467265.520429
1743467265.536648
1743467265.569057
1743467265.600786
1743467265.633107
1743467265.664859
1743467265.696929
1743467265.728656
1743467265.760869
1743467265.793009
1743467265.824499
1743467265.856301
1743467265.888706
1743467265.920813
1743467265.968509
1743467266.000421
1743467266.033340
1743467266.064795
1743467266.096823
1743467266.128956
1743467266.160889
1743467266.192874
1743467266.224718
1743467266.256687
1743467266.289137
1743467266.320619
1743467266.352737
1743467266.384575
1743467266.416864
1743467266.448875
1743467266.481013
1743467266.512759
1743467266.544914
1743467266.577425
1743467266.608931
1743467266.640254
1743467266.656367
1743467266.688553
1743467266.720637
1743467266.752637
1743467266.784802
1743467266.816777
1743467266.849061
1743467266.880782
1743467266.913028
1743467266.944988
1743467266.976771
1743467267.008188
1743467267.024355
1743467267.040573
1743467267.072521
1743467267.104209
1743467267.120531
1743467267.136672
1743467267.168879
1743467267.200773
1743467267.233110
1743467267.265153
1743467267.296773
1743467267.328598
1743467267.360874
1743467267.392779
1743467267.424648
1743467267.456415
1743467267.488510
1743467267.504555
1743467267.536961
1743467267.584406
1743467267.616701
1743467267.648851
1743467267.680826
1743467267.712586
1743467267.744793
1743467267.776930
1743467267.808599
1743467267.840959
1743467267.872826
1743467267.920245
1743467267.952723
1743467267.984333
1743467268.016799
1743467268.048941
1743467268.080664
1743467268.112847
1743467268.145030
1743467268.177006
1743467268.209010
1743467268.241261
1743467268.272824
1743467268.288818
1743467268.320604
1743467268.352882
1743467268.384766
1743467268.416989
1743467268.448970
1743467268.480941
1743467268.513187
1743467268.560702
1743467268.592821
1743467268.624421
1743467268.656652
1743467268.687993
1743467268.720308
1743467268.736726
1743467268.768949
1743467268.800859
1743467268.833170
1743467268.865058
1743467268.896965
1743467268.928787
1743467268.960865
1743467268.992693
1743467269.024414
1743467269.040290
1743467269.056453
1743467269.088458
1743467269.104470
1743467269.136624
1743467269.169070
1743467269.216617
1743467269.248258
1743467269.281048
1743467269.312782
1743467269.344685
1743467269.376868
1743467269.408660
1743467269.440734
1743467269.472903
1743467269.504769
1743467269.536413
1743467269.568745
1743467269.600924
1743467269.632721
1743467269.664584
1743467269.696823
1743467269.729034
1743467269.760863
1743467269.792264
1743467269.808474
1743467269.840765
1743467269.872938
1743467269.904173
1743467269.920300
1743467269.952746
1743467269.984933
1743467270.016489
1743467270.048835
1743467270.081038
1743467270.113049
1743467270.144656
1743467270.192755
1743467270.224274
1743467270.256329
1743467270.287503
1743467270.304454
1743467270.335836
1743467270.352667
1743467270.384650
1743467270.417284
1743467270.449268
1743467270.481046
1743467270.512882
1743467270.544858
1743467270.576791
1743467270.608355
1743467270.624257
1743467270.656606
1743467270.688535
1743467270.720498
1743467270.752866
1743467270.784782
1743467270.817201
1743467270.849137
1743467270.880695
1743467270.912855
1743467270.944713
1743467270.976952
1743467271.008815
1743467271.040472
1743467271.056357
1743467271.072486
1743467271.104396
1743467271.120464
1743467271.168326
1743467271.200685
1743467271.232233
1743467271.264608
1743467271.296986
1743467271.328778
1743467271.360526
1743467271.392844
1743467271.424499
1743467271.456637
1743467271.488626
1743467271.520317
1743467271.552847
1743467271.585014
1743467271.616550
1743467271.648841
1743467271.680906
1743467271.713028
1743467271.744783
1743467271.777024
1743467271.824423
1743467271.856194
1743467271.888346
1743467271.921216
1743467271.952579
1743467271.984932
1743467272.016850
1743467272.049043
1743467272.080886
1743467272.112935
1743467272.144504
1743467272.176678
1743467272.208418
1743467272.240573
1743467272.272282
1743467272.304622
1743467272.336370
1743467272.368529
1743467272.400955
1743467272.432850
1743467272.464838
1743467272.496592
1743467272.528567
1743467272.560960
1743467272.592775
1743467272.624381
1743467272.656370
1743467272.672427
1743467272.704672
1743467272.736622
1743467272.768899
1743467272.801063
1743467272.832678
1743467272.864848
1743467272.896662
1743467272.928846
1743467272.960834
1743467272.992565
1743467273.024366
1743467273.056909
1743467273.088730
1743467273.120855
1743467273.152128
1743467273.184877
1743467273.216870
1743467273.249065
1743467273.280237
1743467273.312889
1743467273.344934
1743467273.376911
1743467273.408878
1743467273.440999
1743467273.472310
1743467273.504372
1743467273.536580
1743467273.568501
1743467273.600887
1743467273.632796
1743467273.665050
1743467273.697263
1743467273.728849
1743467273.776615
1743467273.808180
1743467273.824221
1743467273.856161
1743467273.872556
1743467273.904483
1743467273.936589
1743467273.968780
1743467274.000928
1743467274.032627
1743467274.065126
1743467274.097036
1743467274.128829
1743467274.160610
1743467274.192801
1743467274.224558
1743467274.256416
1743467274.272463
1743467274.304531
1743467274.336664
1743467274.369042
1743467274.416561
1743467274.448991
1743467274.480639
1743467274.512780
1743467274.544868
1743467274.576652
1743467274.608407
1743467274.640442
1743467274.672320
1743467274.688400
1743467274.720722
1743467274.752869
1743467274.784370
1743467274.816805
1743467274.848794
1743467274.880756
1743467274.912526
1743467274.944977
1743467274.976921
1743467275.008834
1743467275.040039
1743467275.072717
1743467275.088168
1743467275.104193
1743467275.120348
1743467275.152728
1743467275.184700
1743467275.216951
1743467275.248443
1743467275.280798
1743467275.313097
1743467275.344876
1743467275.392659
1743467275.424220
1743467275.456350
1743467275.488357
1743467275.520401
1743467275.552587
1743467275.584861
1743467275.616872
1743467275.648807
1743467275.680885
1743467275.728721
1743467275.760839
1743467275.792125
1743467275.824531
1743467275.856291
1743467275.872274
1743467275.904144
1743467275.936512
1743467275.969029
1743467276.000954
1743467276.048454
1743467276.080863
1743467276.112594
1743467276.144656
1743467276.176671
1743467276.208861
1743467276.240505
1743467276.272454
1743467276.304405
1743467276.336683
1743467276.368915
1743467276.400619
1743467276.432509
1743467276.464642
1743467276.496602
1743467276.528612
1743467276.560476
1743467276.592693
1743467276.624733
1743467276.656412
1743467276.704392
1743467276.736595
1743467276.768545
1743467276.800588
1743467276.832435
1743467276.864804
1743467276.896857
1743467276.928921
1743467276.960752
1743467276.992946
1743467277.024820
1743467277.056161
1743467277.088119
1743467277.104427
1743467277.137001
1743467277.168545
1743467277.200750
1743467277.232672
1743467277.264802
1743467277.296908
1743467277.344683
1743467277.376600
1743467277.408160
1743467277.440184
1743467277.456181
1743467277.472350
1743467277.488430
1743467277.520578
1743467277.552607
1743467277.585238
1743467277.616569
1743467277.649045
1743467277.680966
1743467277.712758
1743467277.744462
1743467277.776661
1743467277.808440
1743467277.840540
1743467277.872793
1743467277.904373
1743467277.936460
1743467277.968917
1743467278.000443
1743467278.032494
1743467278.064621
1743467278.096776
1743467278.128506
1743467278.160646
1743467278.193017
1743467278.224650
1743467278.256402
1743467278.272613
1743467278.320154
1743467278.352528
1743467278.384284
1743467278.416801
1743467278.448767
1743467278.480673
1743467278.512603
1743467278.544681
1743467278.576740
1743467278.608469
1743467278.656115
1743467278.688111
1743467278.704146
1743467278.720203
1743467278.752651
1743467278.784902
1743467278.816858
1743467278.848691
1743467278.880626
1743467278.912765
1743467278.945088
1743467278.976920
1743467279.008530
1743467279.040263
1743467279.072192
1743467279.088179
1743467279.104224
1743467279.136447
1743467279.168651
1743467279.200725
1743467279.232458
1743467279.264710
1743467279.296665
1743467279.328711
1743467279.360555
1743467279.392712
1743467279.424397
1743467279.456327
1743467279.488215
1743467279.520664
1743467279.552849
1743467279.584497
1743467279.632444
1743467279.664647
1743467279.696663
1743467279.728730
1743467279.760394
1743467279.792674
1743467279.824266
1743467279.856417
1743467279.888162
1743467279.904343
1743467279.952434
1743467279.984538
1743467280.016643
1743467280.048967
1743467280.080761
1743467280.112651
1743467280.144214
1743467280.176930
1743467280.208674
1743467280.240720
1743467280.272382
1743467280.304355
1743467280.336435
1743467280.368543
1743467280.400466
1743467280.432526
1743467280.464803
1743467280.496636
1743467280.528579
1743467280.561044
1743467280.608200
1743467280.640159
1743467280.672164
1743467280.704227
1743467280.736716
1743467280.768618
1743467280.800487
1743467280.832849
1743467280.864866
1743467280.896733
1743467280.928612
1743467280.960499
1743467280.992610
1743467281.024486
1743467281.056268
1743467281.072308
1743467281.104191
1743467281.120313
1743467281.152144
1743467281.184702
1743467281.216919
1743467281.248861
1743467281.279946
1743467281.312681
1743467281.344563
1743467281.376668
1743467281.408311
1743467281.440402
1743467281.472364
1743467281.504421
1743467281.536397
1743467281.584490
1743467281.616612
1743467281.648635
1743467281.680420
1743467281.712788
1743467281.744681
1743467281.776737
1743467281.808308
1743467281.824254
1743467281.856625
1743467281.904116
1743467281.935839
1743467281.951983
1743467281.984578
1743467282.016629
1743467282.048223
1743467282.080843
1743467282.112675
1743467282.144684
1743467282.176607
1743467282.224684
1743467282.256002
1743467282.288276
1743467282.320001
1743467282.336045
1743467282.368693
1743467282.400618
1743467282.432501
1743467282.464674
1743467282.496676
1743467282.528770
1743467282.560715
1743467282.592752
1743467282.624108
1743467282.656061
1743467282.688251
1743467282.720147
1743467282.736181
1743467282.752297
1743467282.784702
1743467282.816794
1743467282.848985
1743467282.880856
1743467282.912481
1743467282.945108
1743467282.976718
1743467283.008767
1743467283.040052
1743467283.056125
1743467283.072287
1743467283.104497
1743467283.120186
1743467283.152995
1743467283.200288
1743467283.232635
1743467283.264128
1743467283.280044
1743467283.313004
1743467283.344714
1743467283.376619
1743467283.408123
1743467283.424324
1743467283.456496
1743467283.488401
1743467283.536206
1743467283.568529
1743467283.600513
1743467283.632396
1743467283.664577
1743467283.696575
1743467283.728639
1743467283.760599
1743467283.792825
1743467283.824400
1743467283.856598
1743467283.888055
1743467283.904077
1743467283.920111
1743467283.936167
1743467283.968405
1743467284.000528
1743467284.032648
1743467284.064666
1743467284.096663
1743467284.128747
1743467284.176458
1743467284.208392
1743467284.239866
1743467284.256004
1743467284.272157
1743467284.304212
1743467284.336218
1743467284.368476
1743467284.400655
1743467284.433263
1743467284.464625
1743467284.512424
1743467284.544471
1743467284.576860
1743467284.608089
1743467284.640348
1743467284.672220
1743467284.704088
1743467284.736644
1743467284.768869
1743467284.800647
1743467284.832503
1743467284.864402
1743467284.895924
1743467284.928578
1743467284.960518
1743467284.992561
1743467285.024447
1743467285.056314
1743467285.088374
1743467285.120452
1743467285.152896
1743467285.183882
1743467285.216575
1743467285.248597
1743467285.280587
1743467285.312154
1743467285.344520
1743467285.376921
1743467285.408776
1743467285.439901
1743467285.456237
1743467285.488513
1743467285.520059
1743467285.552159
1743467285.584426
1743467285.616582
1743467285.648606
1743467285.680606
1743467285.712670
1743467285.744748
1743467285.776874
1743467285.808454
1743467285.840091
1743467285.872083
1743467285.904116
1743467285.936173
1743467285.968258
1743467286.000410
1743467286.032815
1743467286.064304
1743467286.096770
1743467286.128760
1743467286.160500
1743467286.192059
1743467286.224072
1743467286.256167
1743467286.288250
1743467286.319898
1743467286.336212
1743467286.368566
1743467286.400473
1743467286.432523
1743467286.464828
1743467286.496308
1743467286.528550
1743467286.560179
1743467286.592565
1743467286.624338
1743467286.656307
1743467286.688400
1743467286.720502
1743467286.752728
1743467286.784786
1743467286.816338
1743467286.848438
1743467286.880684
1743467286.912646
1743467286.944532
1743467286.976947
1743467287.008667
1743467287.040278
1743467287.072317
1743467287.104591
1743467287.136413
1743467287.168364
1743467287.200282
1743467287.232626
1743467287.264516
1743467287.296585
1743467287.328333
1743467287.360628
1743467287.392743
1743467287.439958
1743467287.471718
1743467287.487997
1743467287.504240
1743467287.536613
1743467287.568188
1743467287.600566
1743467287.632671
1743467287.664709
1743467287.696630
1743467287.728715
1743467287.760703
1743467287.792526
1743467287.823990
1743467287.840067
1743467287.856107
1743467287.872258
1743467287.904218
1743467287.936374
1743467287.968471
1743467288.000654
1743467288.032354
1743467288.080513
1743467288.112404
1743467288.144433
1743467288.176078
1743467288.208303
1743467288.240020
1743467288.272178
1743467288.304157
1743467288.336535
1743467288.368549
1743467288.416256
1743467288.448164
1743467288.480562
1743467288.512565
1743467288.544879
1743467288.576456
1743467288.608334
1743467288.640351
1743467288.672194
1743467288.704254
1743467288.736342
1743467288.768301
1743467288.800283
1743467288.832316
1743467288.864830
1743467288.896391
1743467288.928597
1743467288.960527
1743467288.992649
1743467289.024531
1743467289.056657
1743467289.088035
1743467289.120077
1743467289.152421
1743467289.184495
1743467289.216430
1743467289.248586
1743467289.280513
1743467289.312580
1743467289.344527
1743467289.392519
1743467289.424092
1743467289.455875
1743467289.488118
1743467289.520364
1743467289.552513
1743467289.584787
1743467289.616869
1743467289.648736
1743467289.680704
1743467289.712623
1743467289.744269
1743467289.776618
1743467289.807986
1743467289.840188
1743467289.871895
1743467289.904516
1743467289.936382
1743467289.968523
1743467290.000332
1743467290.032699
1743467290.064479
1743467290.096470
1743467290.128348
1743467290.161140
1743467290.192485
1743467290.224003
1743467290.256254
1743467290.288407
1743467290.320574
1743467290.368001
1743467290.400126
1743467290.432389
1743467290.464534
1743467290.496425
1743467290.528394
1743467290.560820
1743467290.592638
1743467290.624381
1743467290.656186
1743467290.688442
1743467290.720151
1743467290.752428
1743467290.784271
1743467290.816489
1743467290.848491
1743467290.880449
1743467290.912295
1743467290.944849
1743467290.976733
1743467291.008617
1743467291.039996
1743467291.055920
1743467291.088029
1743467291.120052
1743467291.152236
1743467291.184486
1743467291.216507
1743467291.248469
1743467291.280070
1743467291.312803
1743467291.344499
1743467291.376434
1743467291.408035
1743467291.423963
1743467291.456141
1743467291.488407
1743467291.519695
1743467291.536064
1743467291.568476
1743467291.600609
1743467291.632500
1743467291.664403
1743467291.696481
1743467291.728520
1743467291.760074
1743467291.792642
1743467291.824115
1743467291.856306
1743467291.888241
1743467291.920535
1743467291.952600
1743467291.984618
1743467292.015831
1743467292.048400
1743467292.080440
1743467292.112584
1743467292.143986
1743467292.176532
1743467292.208326
1743467292.240324
1743467292.272390
1743467292.288577
1743467292.320377
1743467292.336559
1743467292.368125
1743467292.400461
1743467292.432514
1743467292.464587
1743467292.496190
1743467292.528523
1743467292.560848
1743467292.592768
1743467292.639891
1743467292.671982
1743467292.704042
1743467292.736035
1743467292.768294
1743467292.799985
1743467292.832613
1743467292.864531
1743467292.896729
1743467292.928901
1743467292.960635
1743467292.992405
1743467293.024008
1743467293.056100
1743467293.087804
1743467293.103963
1743467293.120031
1743467293.136140
1743467293.167786
1743467293.183782
1743467293.200090
1743467293.216091
1743467293.248253
1743467293.296158
1743467293.328448
1743467293.360700
1743467293.391991
1743467293.424200
1743467293.456121
1743467293.488084
1743467293.520296
1743467293.552532
1743467293.584621
1743467293.616662
1743467293.648327
1743467293.680432
1743467293.712612
1743467293.744300
1743467293.776126
1743467293.808202
1743467293.840277
1743467293.872146
1743467293.904277
1743467293.936577
1743467293.968181
1743467294.000312
1743467294.032191
1743467294.064602
1743467294.096777
1743467294.128640
1743467294.159954
1743467294.192796
1743467294.224590
1743467294.271799
1743467294.303540
1743467294.319933
1743467294.352386
1743467294.384510
1743467294.415839
1743467294.432105
1743467294.464782
1743467294.496774
1743467294.528516
1743467294.560508
1743467294.592690
1743467294.623985
1743467294.656091
1743467294.688226
1743467294.720058
1743467294.752157
1743467294.784153
1743467294.816779
1743467294.848831
1743467294.880566
1743467294.912454
1743467294.944347
1743467294.976469
1743467295.008230
1743467295.040163
1743467295.071978
1743467295.103917
1743467295.136262
1743467295.168380
1743467295.200736
1743467295.248241
1743467295.280335
1743467295.312149
1743467295.344537
1743467295.376219
1743467295.408182
1743467295.440205
1743467295.472169
1743467295.504378
1743467295.536322
1743467295.568488
1743467295.600559
1743467295.632285
1743467295.664539
1743467295.696210
1743467295.728339
1743467295.760500
1743467295.792612
1743467295.824226
1743467295.856094
1743467295.888492
1743467295.919753
1743467295.952260
1743467295.984266
1743467296.016389
1743467296.048298
1743467296.080347
1743467296.112668
1743467296.144779
1743467296.176690
1743467296.224165
1743467296.255961
1743467296.287866
1743467296.320027
1743467296.352237
1743467296.384522
1743467296.416553
1743467296.448505
1743467296.480578
1743467296.512475
1743467296.544630
1743467296.576648
1743467296.608055
1743467296.623974
1743467296.656020
1743467296.687933
1743467296.719903
1743467296.752311
1743467296.784534
1743467296.816778
1743467296.864226
1743467296.896207
1743467296.928388
1743467296.960729
1743467296.992459
1743467297.024196
1743467297.056038
1743467297.088208
1743467297.120219
1743467297.152685
1743467297.200239
1743467297.232316
1743467297.263838
1743467297.296609
1743467297.328541
1743467297.360511
1743467297.392038
1743467297.424183
1743467297.456036
1743467297.472225
1743467297.520272
1743467297.552365
1743467297.584413
1743467297.616348
1743467297.648043
1743467297.680328
1743467297.712538
1743467297.744456
1743467297.776577
1743467297.808249
1743467297.840274
1743467297.871892
1743467297.904065
1743467297.935855
1743467297.951858
1743467297.967900
1743467298.000284
1743467298.032330
1743467298.064401
1743467298.096495
1743467298.128097
1743467298.176151
1743467298.207873
1743467298.239782
1743467298.271697
1743467298.287969
1743467298.320280
1743467298.352553
1743467298.384106
1743467298.416762
1743467298.448563
1743467298.496285
1743467298.527625
1743467298.560263
1743467298.592510
1743467298.623932
1743467298.655739
1743467298.671961
1743467298.688057
1743467298.704139
1743467298.736104
1743467298.768390
1743467298.816334
1743467298.848368
1743467298.880128
1743467298.912445
1743467298.944615
1743467298.976236
1743467299.008174
1743467299.040252
1743467299.072340
1743467299.104301
1743467299.152007
1743467299.184279
1743467299.216374
1743467299.248390
1743467299.279830
1743467299.312191
1743467299.344372
1743467299.376592
1743467299.407986
1743467299.423995
1743467299.440104
1743467299.472443
1743467299.503898
1743467299.536085
1743467299.568124
1743467299.600160
1743467299.632251
1743467299.664326
1743467299.696471
1743467299.728448
1743467299.760580
1743467299.792788
1743467299.823791
1743467299.855916
1743467299.887840
1743467299.903974
1743467299.936258
1743467299.968227
1743467300.000158
1743467300.032411
1743467300.064678
1743467300.096370
1743467300.128196
1743467300.160135
1743467300.192341
1743467300.223782
1743467300.255990
1743467300.288087
1743467300.320132
1743467300.352457
1743467300.384100
1743467300.416709
1743467300.448476
1743467300.480174
1743467300.512209
1743467300.544459
1743467300.576384
1743467300.608495
1743467300.640014
1743467300.671727
1743467300.688002
1743467300.704015
1743467300.720026
1743467300.736210
1743467300.768701
1743467300.800174
1743467300.832292
1743467300.864292
1743467300.895887
1743467300.928341
1743467300.960574
1743467300.992720
1743467301.023911
1743467301.039999
1743467301.072061
1743467301.104271
1743467301.135605
1743467301.168295
1743467301.200447
1743467301.232443
1743467301.263807
1743467301.279549
1743467301.295891
1743467301.328514
1743467301.360184
1743467301.392719
1743467301.424498
1743467301.455734
1743467301.471830
1743467301.487906
1743467301.519963
1743467301.552149
1743467301.584020
1743467301.616363
1743467301.648407
1743467301.680726
1743467301.712495
1743467301.744579
1743467301.776308
1743467301.808328
1743467301.839760
1743467301.855933
1743467301.888141
1743467301.919782
1743467301.952108
1743467301.984156
1743467302.016779
1743467302.048707
1743467302.079934
1743467302.112264
1743467302.144173
1743467302.176251
1743467302.207670
1743467302.223675
1743467302.256082
1743467302.287957
1743467302.320084
1743467302.352433
1743467302.400232
1743467302.432212
1743467302.463703
1743467302.496419
1743467302.528475
1743467302.560479
1743467302.592417
1743467302.624139
1743467302.656132
1743467302.688249
1743467302.720374
1743467302.752170
1743467302.784382
1743467302.816207
1743467302.848135
1743467302.880340
1743467302.912234
1743467302.944201
1743467302.976356
1743467303.008134
1743467303.055902
1743467303.087823
1743467303.120027
1743467303.152204
1743467303.184175
1743467303.216223
1743467303.248517
1743467303.280587
1743467303.312421
1743467303.344856
1743467303.376236
1743467303.407959
1743467303.439915
1743467303.472031
1743467303.503792
1743467303.519822
1743467303.552306
1743467303.584287
1743467303.616406
1743467303.648397
1743467303.696154
1743467303.728090
1743467303.759953
1743467303.792407
1743467303.823793
1743467303.855782
1743467303.872070
1743467303.903915
1743467303.936138
1743467303.968327
1743467304.000330
1743467304.031917
1743467304.064018
1743467304.096242
1743467304.128054
1743467304.160234
1743467304.192231
1743467304.224206
1743467304.255839
1743467304.271913
1743467304.287944
1743467304.320212
1743467304.352256
1743467304.384206
1743467304.416365
1743467304.448319
1743467304.480077
1743467304.512304
1743467304.544316
1743467304.576371
1743467304.608195
1743467304.640114
1743467304.672323
1743467304.703595
1743467304.735946
1743467304.767999
1743467304.800201
1743467304.832379
1743467304.864074
1743467304.896534
1743467304.928225
1743467304.960403
1743467305.008083
1743467305.039975
1743467305.072019
1743467305.103739
1743467305.136069
1743467305.168071
1743467305.200307
1743467305.232388
1743467305.264209
1743467305.296380
1743467305.328380
1743467305.360284
1743467305.392094
1743467305.423976
1743467305.456035
1743467305.487750
1743467305.519820
1743467305.535849
1743467305.568903
1743467305.600433
1743467305.648106
1743467305.680190
1743467305.712091
1743467305.744017
1743467305.776085
1743467305.807970
1743467305.839787
1743467305.872118
1743467305.904168
1743467305.936093
1743467305.983963
1743467306.016244
1743467306.048086
1743467306.080321
1743467306.112286
1743467306.144043
1743467306.175997
1743467306.208050
1743467306.240000
1743467306.272253
1743467306.303779
1743467306.335669
1743467306.367901
1743467306.400300
1743467306.431861
1743467306.462849
1743467306.479904
1743467306.512566
1743467306.544239
1743467306.576566
1743467306.624065
1743467306.655676
1743467306.687670
1743467306.720145
1743467306.752182
1743467306.784293
1743467306.816200
1743467306.848317
1743467306.880343
1743467306.912315
1743467306.960030
1743467306.992076
1743467307.023862
1743467307.055728
1743467307.088022
1743467307.120012
1743467307.152340
1743467307.184352
1743467307.216425
1743467307.248478
1743467307.280400
1743467307.312268
1743467307.343936
1743467307.376223
1743467307.407786
1743467307.439731
1743467307.471640
1743467307.487738
1743467307.503896
1743467307.536085
1743467307.567977
1743467307.600626
1743467307.632019
1743467307.664277
1743467307.695982
1743467307.728379
1743467307.760420
1743467307.792392
1743467307.823844
1743467307.855994
1743467307.872028
1743467307.887935
1743467307.935701
1743467307.967991
1743467308.000045
1743467308.032174
1743467308.063944
1743467308.095981
1743467308.128202
1743467308.160616
1743467308.192110
1743467308.224213
1743467308.256288
1743467308.287636
1743467308.319876
1743467308.335882
1743467308.352040
1743467308.384266
1743467308.416362
1743467308.447787
1743467308.480280
1743467308.512396
1743467308.544627
1743467308.576478
1743467308.608610
1743467308.639774
1743467308.672020
1743467308.703748
1743467308.735539
1743467308.768023
1743467308.800091
1743467308.832374
1743467308.863956
1743467308.912256
1743467308.944349
1743467308.976146
1743467309.008028
1743467309.040104
1743467309.071691
1743467309.087807
1743467309.119871
1743467309.135850
1743467309.152006
1743467309.184229
1743467309.232149
1743467309.264220
1743467309.296226
1743467309.328225
1743467309.360184
1743467309.392212
1743467309.423790
1743467309.455998
1743467309.487651
1743467309.503915
1743467309.519986
1743467309.552315
1743467309.583585
1743467309.616368
1743467309.648185
1743467309.680191
1743467309.712030
1743467309.744124
1743467309.776060
1743467309.808456
1743467309.840014
1743467309.887560
1743467309.919660
1743467309.951971
1743467309.983944
1743467310.016229
1743467310.048258
1743467310.080262
1743467310.111982
1743467310.144177
1743467310.176362
1743467310.208471
1743467310.239371
1743467310.255566
1743467310.271845
1743467310.303746
1743467310.335738
1743467310.367855
1743467310.400098
1743467310.432091
1743467310.464234
1743467310.496254
1743467310.528452
1743467310.560100
1743467310.591863
1743467310.623806
1743467310.655663
1743467310.671861
1743467310.703779
1743467310.736260
1743467310.768007
1743467310.800154
1743467310.832106
1743467310.864375
1743467310.896314
1743467310.928111
1743467310.959982
1743467310.992220
1743467311.023906
1743467311.055844
1743467311.087841
1743467311.120092
1743467311.152257
1743467311.184271
1743467311.215775
1743467311.248103
1743467311.280071
1743467311.312424
1743467311.343618
1743467311.359358
1743467311.375577
1743467311.391784
1743467311.423800
1743467311.455953
1743467311.503446
1743467311.535872
1743467311.567577
1743467311.599928
1743467311.632119
1743467311.664266
1743467311.695799
1743467311.728140
1743467311.760606
1743467311.792536
1743467311.839709
1743467311.871874
1743467311.903697
1743467311.935796
1743467311.967884
1743467312.000193
1743467312.032190
1743467312.064386
1743467312.095938
1743467312.128262
1743467312.160320
1743467312.192043
1743467312.223530
1743467312.239564
1743467312.255755
1743467312.287940
1743467312.319780
1743467312.351945
1743467312.384174
1743467312.416342
1743467312.448118
1743467312.480538
1743467312.511935
1743467312.544261
1743467312.575929
1743467312.607802
1743467312.639911
1743467312.671753
1743467312.703907
1743467312.719787
1743467312.735982
1743467312.768177
1743467312.816096
1743467312.848139
1743467312.880425
1743467312.912105
1743467312.943947
1743467312.976355
1743467313.008534
1743467313.039997
1743467313.071819
1743467313.087997
1743467313.135474
1743467313.167797
1743467313.199901
1743467313.232073
1743467313.264165
1743467313.295856
1743467313.327992
1743467313.360205
1743467313.375798
1743467313.391764
1743467313.423849
1743467313.456284
1743467313.487727
1743467313.519500
1743467313.552122
1743467313.584048
1743467313.616103
1743467313.648235
1743467313.680231
1743467313.712255
1743467313.744442
1743467313.792068
1743467313.823669
1743467313.855641
1743467313.887613
1743467313.903719
1743467313.935776
1743467313.968076
1743467314.000319
1743467314.032060
1743467314.064212
1743467314.111947
1743467314.143937
1743467314.176137
1743467314.207569
1743467314.239553
1743467314.271826
1743467314.303999
1743467314.335916
1743467314.368143
1743467314.400335
1743467314.432594
1743467314.464004
1743467314.496394
1743467314.528495
1743467314.560219
1743467314.592168
1743467314.624002
1743467314.639861
1743467314.655856
1743467314.672140
1743467314.704191
1743467314.736197
1743467314.768252
1743467314.800015
1743467314.832095
1743467314.863821
1743467314.896156
1743467314.928040
1743467314.960394
1743467314.992301
1743467315.023811
1743467315.055991
1743467315.088131
1743467315.119832
1743467315.151904
1743467315.183913
1743467315.216145
1743467315.248063
1743467315.280368
1743467315.312207
1743467315.344242
1743467315.376385
1743467315.408272
1743467315.439201
1743467315.455395
1743467315.471586
1743467315.503574
1743467315.535820
1743467315.567868
1743467315.600077
1743467315.632087
1743467315.664080
1743467315.696193
1743467315.743828
1743467315.775900
1743467315.807610
1743467315.839719
1743467315.871730
1743467315.887751
1743467315.919993
1743467315.952096
1743467315.984148
1743467316.016103
1743467316.063996
1743467316.096285
1743467316.128211
1743467316.160183
1743467316.191841
1743467316.223296
1743467316.239580
1743467316.272100
1743467316.304005
1743467316.335821
1743467316.383714
1743467316.416052
1743467316.448055
1743467316.480182
1743467316.511541
1743467316.544064
1743467316.575988
1743467316.608006
1743467316.639480
1743467316.655742
1743467316.671937
1743467316.719560
1743467316.751289
1743467316.767723
1743467316.800134
1743467316.831829
1743467316.863739
1743467316.896170
1743467316.928175
1743467316.960307
1743467316.991829
1743467317.039589
1743467317.071688
1743467317.103575
1743467317.135639
1743467317.168136
1743467317.200061
1743467317.232065
1743467317.263747
1743467317.296209
1743467317.328168
1743467317.360415
1743467317.391637
1743467317.407536
1743467317.439543
1743467317.471429
1743467317.487731
1743467317.503812
1743467317.535822
1743467317.568023
1743467317.599836
1743467317.632225
1743467317.664276
1743467317.696239
1743467317.727847
1743467317.759990
1743467317.791968
1743467317.823827
1743467317.855762
1743467317.887853
1743467317.919837
1743467317.952273
1743467317.984016
1743467318.016151
1743467318.048254
1743467318.079957
1743467318.112081
1743467318.144175
1743467318.176032
1743467318.207761
1743467318.239588
1743467318.255713
1743467318.271850
1743467318.303953
1743467318.335674
1743467318.367746
1743467318.399978
1743467318.431961
1743467318.463908
1743467318.496143
1743467318.528213
1743467318.560110
1743467318.592171
1743467318.623959
1743467318.671246
1743467318.703584
1743467318.735558
1743467318.767848
1743467318.800147
1743467318.832060
1743467318.864171
1743467318.896139
1743467318.928340
1743467318.960248
1743467318.992198
1743467319.023626
1743467319.055650
1743467319.087701
1743467319.119540
1743467319.135529
1743467319.167968
1743467319.199997
1743467319.231927
1743467319.264168
1743467319.311834
1743467319.343968
1743467319.375517
1743467319.407704
1743467319.423518
1743467319.439682
1743467319.471554
1743467319.487680
1743467319.519847
1743467319.552153
1743467319.584199
1743467319.616504
1743467319.648176
1743467319.680118
1743467319.711895
1743467319.744159
1743467319.776172
1743467319.808301
1743467319.839802
1743467319.871821
1743467319.903703
1743467319.919900
1743467319.967864
1743467319.999872
1743467320.032023
1743467320.063978
1743467320.095847
1743467320.128058
1743467320.160451
1743467320.191909
1743467320.223698
1743467320.255938
1743467320.288025
1743467320.319586
1743467320.351909
1743467320.383845
1743467320.415932
1743467320.447928
1743467320.479994
1743467320.512168
1743467320.544246
1743467320.575868
1743467320.623585
1743467320.655440
1743467320.671455
1743467320.687526
1743467320.719761
1743467320.751932
1743467320.784012
1743467320.815866
1743467320.848377
1743467320.880368
1743467320.912154
1743467320.944288
1743467320.975827
1743467321.007505
1743467321.023421
1743467321.039542
1743467321.071620
1743467321.087678
1743467321.119696
1743467321.151990
1743467321.183941
1743467321.216384
1743467321.263776
1743467321.295859
1743467321.327810
1743467321.360161
1743467321.391802
1743467321.423631
1743467321.439613
1743467321.471645
1743467321.503809
1743467321.535941
1743467321.567787
1743467321.600203
1743467321.631864
1743467321.664004
1743467321.695909
1743467321.728098
1743467321.760083
1743467321.792392
1743467321.823716
1743467321.839656
1743467321.871885
1743467321.919331
1743467321.951444
1743467321.984049
1743467322.015728
1743467322.048023
1743467322.079847
1743467322.112078
1743467322.144120
1743467322.176156
1743467322.208085
1743467322.240174
1743467322.271625
1743467322.287777
1743467322.319789
1743467322.335956
1743467322.368043
1743467322.399997
1743467322.431738
1743467322.464218
1743467322.496403
1743467322.528267
1743467322.575735
1743467322.607402
1743467322.623370
1743467322.639371
1743467322.655507
1743467322.687952
1743467322.719667
1743467322.751881
1743467322.783756
1743467322.816184
1743467322.848148
1743467322.895938
1743467322.927487
1743467322.960036
1743467322.991909
1743467323.023745
1743467323.055625
1743467323.087653
1743467323.119626
1743467323.151943
1743467323.183897
1743467323.215992
1743467323.247915
1743467323.279990
1743467323.311713
1743467323.343874
1743467323.375851
1743467323.407736
1743467323.439611
1743467323.455647
1743467323.471883
1743467323.503762
1743467323.551537
1743467323.583889
1743467323.615977
1743467323.647917
1743467323.680179
1743467323.712074
1743467323.744073
1743467323.776001
1743467323.808148
1743467323.839900
1743467323.872418
1743467323.903445
1743467323.935454
1743467323.967369
1743467323.999847
1743467324.032266
1743467324.063936
1743467324.096079
1743467324.128110
1743467324.160114
1743467324.192412
1743467324.223707
1743467324.255357
1743467324.287378
1743467324.319946
1743467324.352023
1743467324.383547
1743467324.416342
1743467324.448099
1743467324.480165
1743467324.527846
1743467324.559907
1743467324.592132
1743467324.623684
1743467324.655258
1743467324.671459
1743467324.687611
1743467324.720286
1743467324.751658
1743467324.784012
1743467324.816016
1743467324.848223
1743467324.879719
1743467324.912040
1743467324.943839
1743467324.975970
1743467325.007778
1743467325.039564
1743467325.055569
1743467325.087940
1743467325.119690
1743467325.167715
1743467325.199827
1743467325.232063
1743467325.263836
1743467325.296065
1743467325.327950
1743467325.360127
1743467325.391922
1743467325.423887
1743467325.455849
1743467325.471764
1743467325.503741
1743467325.535560
1743467325.567785
1743467325.599870
1743467325.631630
1743467325.663977
1743467325.695823
1743467325.727919
1743467325.759840
1743467325.792148
1743467325.824132
1743467325.855690
1743467325.887296
1743467325.903385
1743467325.935627
1743467325.967577
1743467325.999816
1743467326.031997
1743467326.064001
1743467326.096038
1743467326.143983
1743467326.175751
1743467326.207362
1743467326.223289
1743467326.255277
1743467326.271537
1743467326.287710
1743467326.319692
1743467326.351297
1743467326.384056
1743467326.416011
1743467326.448212
1743467326.479619
1743467326.511985
1743467326.543657
1743467326.575990
1743467326.607303
1743467326.639591
1743467326.671605
1743467326.703725
1743467326.735741
1743467326.768042
1743467326.800157
1743467326.831831
1743467326.863684
1743467326.896030
1743467326.928009
1743467326.960061
1743467326.991856
1743467327.023746
1743467327.055555
1743467327.071580
1743467327.119728
1743467327.151765
1743467327.183718
1743467327.215933
1743467327.247925
1743467327.279970
1743467327.311904
1743467327.343677
1743467327.375990
1743467327.407844
1743467327.455313
1743467327.487159
1743467327.503398
1743467327.535728
1743467327.567982
1743467327.599708
1743467327.631665
1743467327.664040
1743467327.695952
1743467327.727976
1743467327.776128
1743467327.807723
1743467327.839272
1743467327.855334
1743467327.887324
1743467327.903443
1743467327.919450
1743467327.951870
1743467327.983551
1743467328.016225
1743467328.048273
1743467328.095791
1743467328.127103
1743467328.159834
1743467328.191891
1743467328.223438
1743467328.255412
1743467328.271549
1743467328.303666
1743467328.335818
1743467328.367565
1743467328.400161
1743467328.432308
1743467328.464004
1743467328.495633
1743467328.528080
1743467328.560040
1743467328.591894
1743467328.623446
1743467328.655761
1743467328.687837
1743467328.718303
1743467328.752463
1743467328.783699
1743467328.816035
1743467328.847931
1743467328.879643
1743467328.911909
1743467328.944251
1743467328.976094
1743467329.007998
1743467329.039703
1743467329.071837
1743467329.103308
1743467329.135510
1743467329.167664
1743467329.199816
1743467329.232064
1743467329.263684
1743467329.295935
1743467329.328061
1743467329.360099
1743467329.407840
1743467329.439593
1743467329.471503
1743467329.503506
1743467329.519313
1743467329.535463
1743467329.567943
1743467329.599864
1743467329.631632
1743467329.663881
1743467329.695991
1743467329.727899
1743467329.759244
1743467329.775284
1743467329.791363
1743467329.823601
1743467329.855558
1743467329.871573
1743467329.903432
1743467329.935589
1743467329.967693
1743467329.999967
1743467330.047846
1743467330.079982
1743467330.111599
1743467330.143744
1743467330.175677
1743467330.207512
1743467330.239485
1743467330.271429
1743467330.287534
1743467330.303489
1743467330.335611
1743467330.382521
1743467330.414827
1743467330.431521
1743467330.464131
1743467330.496057
1743467330.527937
1743467330.560016
1743467330.591620
1743467330.623751
1743467330.639543
1743467330.655568
1743467330.703264
1743467330.735403
1743467330.767754
1743467330.799688
1743467330.831563
1743467330.863972
1743467330.896011
1743467330.927976
1743467330.959946
1743467330.991972
1743467331.023959
1743467331.055306
1743467331.087584
1743467331.119674
1743467331.151752
1743467331.183754
1743467331.216166
1743467331.248002
1743467331.279940
1743467331.312318
1743467331.359696
1743467331.391803
1743467331.423344
1743467331.455281
1743467331.487332
1743467331.503281
1743467331.519370
1743467331.535416
1743467331.567665
1743467331.599963
1743467331.632108
1743467331.679501
1743467331.711480
1743467331.743203
1743467331.775652
1743467331.807572
1743467331.839676
1743467331.871472
1743467331.887476
1743467331.903490
1743467331.919561
1743467331.951790
1743467331.999534
1743467332.032016
1743467332.063756
1743467332.095773
1743467332.127807
1743467332.159890
1743467332.191900
1743467332.223436
1743467332.255522
1743467332.271526
1743467332.287611
1743467332.303663
1743467332.336052
1743467332.367775
1743467332.399821
1743467332.431950
1743467332.463668
1743467332.495874
1743467332.527973
1743467332.560048
1743467332.591791
1743467332.623707
1743467332.655993
1743467332.687302
1743467332.719440
1743467332.751732
1743467332.783702
1743467332.815951
1743467332.847702
1743467332.880117
1743467332.911968
1743467332.943829
1743467332.975959
1743467333.007707
1743467333.039327
1743467333.071090
1743467333.103674
1743467333.135436
1743467333.167688
1743467333.199946
1743467333.231799
1743467333.263934
1743467333.311576
1743467333.343978
1743467333.375249
1743467333.391314
1743467333.423404
1743467333.455631
1743467333.487223
1743467333.503521
1743467333.535689
1743467333.567759
1743467333.599477
1743467333.631585
1743467333.663617
1743467333.695807
1743467333.727874
1743467333.759750
1743467333.791844
1743467333.823517
1743467333.855541
1743467333.871512
1743467333.903727
1743467333.951397
1743467333.983352
1743467334.015747
1743467334.047651
1743467334.079759
1743467334.111448
1743467334.143851
1743467334.175953
1743467334.208159
1743467334.239472
1743467334.255468
1743467334.287772
1743467334.319479
1743467334.351232
1743467334.383643
1743467334.415850
1743467334.447886
1743467334.479761
1743467334.512103
1743467334.543801
1743467334.576061
1743467334.607478
1743467334.639359
1743467334.671175
1743467334.703286
1743467334.735533
1743467334.767666
1743467334.799821
1743467334.831591
1743467334.863880
1743467334.895874
1743467334.927957
1743467334.959918
1743467334.991459
1743467335.023288
1743467335.055541
1743467335.087528
1743467335.119672
1743467335.151985
1743467335.183834
1743467335.216000
1743467335.263671
1743467335.295837
1743467335.327863
1743467335.359737
1743467335.391572
1743467335.423639
1743467335.455427
1743467335.487467
1743467335.519636
1743467335.551960
1743467335.584000
1743467335.615603
1743467335.647418
1743467335.679759
1743467335.711889
1743467335.743969
1743467335.775586
1743467335.807703
1743467335.839782
1743467335.871681
1743467335.903747
1743467335.935456
1743467335.967611
1743467335.999831
1743467336.031608
1743467336.063948
1743467336.095682
1743467336.128274
1743467336.160143
1743467336.191985
1743467336.239194
1743467336.271268
1743467336.303207
1743467336.319330
1743467336.335341
1743467336.351347
1743467336.383699
1743467336.415923
1743467336.447961
1743467336.479789
1743467336.511773
1743467336.559606
1743467336.591596
1743467336.623230
1743467336.655157
1743467336.671298
1743467336.703568
1743467336.735473
1743467336.767592
1743467336.799858
1743467336.831909
1743467336.879702
1743467336.911314
1743467336.943609
1743467336.975759
1743467337.007862
1743467337.039301
1743467337.055251
1743467337.071382
1743467337.087486
1743467337.119575
1743467337.151952
1743467337.183878
1743467337.216005
1743467337.247615
1743467337.279912
1743467337.311625
1743467337.343490
1743467337.375729
1743467337.407787
1743467337.439591
1743467337.471645
1743467337.503532
1743467337.535775
1743467337.567450
1743467337.599697
1743467337.631515
1743467337.663726
1743467337.695805
1743467337.727866
1743467337.759339
1743467337.792009
1743467337.823671
1743467337.855886
1743467337.887081
1743467337.919470
1743467337.951738
1743467337.983773
1743467338.015545
1743467338.048007
1743467338.079895
1743467338.111963
1743467338.144085
1743467338.191605
1743467338.223331
1743467338.255208
1743467338.287035
1743467338.303245
1743467338.335442
1743467338.367594
1743467338.399577
1743467338.432071
1743467338.464042
1743467338.511848
1743467338.542984
1743467338.575745
1743467338.607720
1743467338.639435
1743467338.671201
1743467338.687428
1743467338.719566
1743467338.751693
1743467338.783831
1743467338.831414
1743467338.863578
1743467338.895637
1743467338.927473
1743467338.959705
1743467338.991785
1743467339.023470
1743467339.055384
1743467339.071412
1743467339.103494
1743467339.135515
1743467339.167664
1743467339.199659
1743467339.232589
1743467339.263666
1743467339.295390
1743467339.327748
1743467339.359855
1743467339.391892
1743467339.423497
1743467339.455531
1743467339.487670
1743467339.519239
1743467339.551582
1743467339.583098
1743467339.615736
1743467339.647981
1743467339.680025
1743467339.711656
1743467339.743767
1743467339.775831
1743467339.807848
1743467339.839398
1743467339.870832
1743467339.887198
1743467339.919635
1743467339.951808
1743467339.983359
1743467340.015995
1743467340.048126
1743467340.080078
1743467340.111413
1743467340.143788
1743467340.175648
1743467340.207198
1743467340.239214
1743467340.271209
1743467340.303440
1743467340.335493
1743467340.367530
1743467340.399809
1743467340.431800
1743467340.464033
1743467340.495410
1743467340.527609
1743467340.559812
1743467340.591685
1743467340.623101
1743467340.639227
1743467340.671539
1743467340.703663
1743467340.735275
1743467340.751379
1743467340.784015
1743467340.815580
1743467340.847552
1743467340.879711
1743467340.911689
1743467340.943805
1743467340.975370
1743467341.007552
1743467341.039613
1743467341.071660
1743467341.119362
1743467341.151661
1743467341.183724
1743467341.215672
1743467341.247549
1743467341.279684
1743467341.311723
1743467341.343747
1743467341.375746
1743467341.407611
1743467341.439352
1743467341.471254
1743467341.503427
1743467341.535419
1743467341.567450
1743467341.599556
1743467341.631280
1743467341.663973
1743467341.696005
1743467341.727822
1743467341.759412
1743467341.791666
1743467341.823160
1743467341.855034
1743467341.871203
1743467341.887343
1743467341.919202
1743467341.935316
1743467341.967400
1743467341.999771
1743467342.031832
1743467342.064001
1743467342.095603
1743467342.127645
1743467342.159543
1743467342.191977
1743467342.222834
1743467342.239270
1743467342.271233
1743467342.287353
1743467342.319303
1743467342.351766
1743467342.384037
1743467342.415868
1743467342.447126
1743467342.479492
1743467342.511763
1743467342.543415
1743467342.575765
1743467342.607678
1743467342.639286
1743467342.671343
1743467342.703371
1743467342.735620
1743467342.767569
1743467342.799476
1743467342.831510
1743467342.863649
1743467342.895721
1743467342.927629
1743467342.959763
1743467342.991824
1743467343.023630
1743467343.070980
1743467343.103241
1743467343.135454
1743467343.167517
1743467343.199581
1743467343.231872
1743467343.263677
1743467343.295811
1743467343.327842
1743467343.359818
1743467343.391866
1743467343.423488
1743467343.455492
1743467343.487373
1743467343.519600
1743467343.551531
1743467343.583390
1743467343.615196
1743467343.631012
1743467343.647336
1743467343.679928
1743467343.711395
1743467343.743528
1743467343.775457
1743467343.807600
1743467343.839114
1743467343.855266
1743467343.887467
1743467343.919526
1743467343.951584
1743467343.983830
1743467344.016101
1743467344.047893
1743467344.079526
1743467344.111644
1743467344.143410
1743467344.175573
1743467344.206985
1743467344.239228
1743467344.271429
1743467344.303421
1743467344.335301
1743467344.367806
1743467344.399390
1743467344.431921
1743467344.463203
1743467344.495623
1743467344.527583
1743467344.559683
1743467344.591478
1743467344.623564
1743467344.655501
1743467344.687731
1743467344.719116
1743467344.751525
1743467344.783584
1743467344.815802
1743467344.847506
1743467344.879546
1743467344.911764
1743467344.943834
1743467344.975573
1743467345.023127
1743467345.055300
1743467345.087120
1743467345.119409
1743467345.151431
1743467345.183612
1743467345.215875
1743467345.247940
1743467345.279950
1743467345.311758
1743467345.343822
1743467345.375595
1743467345.407358
1743467345.439313
1743467345.471093
1743467345.503321
1743467345.535443
1743467345.567538
1743467345.599732
1743467345.631651
1743467345.663787
1743467345.695689
1743467345.727651
1743467345.759189
1743467345.791590
1743467345.823099
1743467345.839022
1743467345.855220
1743467345.887292
1743467345.919361
1743467345.951838
1743467345.999277
1743467346.031401
1743467346.063541
1743467346.095608
1743467346.127636
1743467346.159878
1743467346.191697
1743467346.223407
1743467346.255369
1743467346.287471
1743467346.319577
1743467346.351504
1743467346.383157
1743467346.415832
1743467346.448024
1743467346.479643
1743467346.511614
1743467346.543399
1743467346.575821
1743467346.608124
1743467346.639632
1743467346.671289
1743467346.703269
1743467346.735287
1743467346.767419
1743467346.799687
1743467346.831667
1743467346.863656
1743467346.895741
1743467346.927774
1743467346.975392
1743467347.007383
1743467347.038913
1743467347.055025
1743467347.071112
1743467347.087107
1743467347.119375
1743467347.151629
1743467347.183531
1743467347.215669
1743467347.247905
1743467347.295248
1743467347.327545
1743467347.359691
1743467347.391484
1743467347.422735
1743467347.455211
1743467347.487275
1743467347.519506
1743467347.551561
1743467347.583801
1743467347.615753
1743467347.647471
1743467347.679379
1743467347.711001
1743467347.743627
1743467347.775425
1743467347.807212
1743467347.838942
1743467347.855344
1743467347.887336
1743467347.919485
1743467347.951129
1743467347.983504
1743467348.015697
1743467348.047436
1743467348.079033
1743467348.111544
1743467348.143703
1743467348.175546
1743467348.207277
1743467348.239277
1743467348.271684
1743467348.302927
1743467348.319060
1743467348.351409
1743467348.383591
1743467348.415643
1743467348.447367
1743467348.479941
1743467348.511655
1743467348.543575
1743467348.591397
1743467348.623080
1743467348.655223
1743467348.687230
1743467348.719004
1743467348.751430
1743467348.783547
1743467348.815624
1743467348.847275
1743467348.879715
1743467348.927350
1743467348.959362
1743467348.991307
1743467349.023369
1743467349.055082
1743467349.087382
1743467349.119254
1743467349.151613
1743467349.183510
1743467349.215594
1743467349.247778
1743467349.279370
1743467349.311332
1743467349.343511
1743467349.375706
1743467349.407530
1743467349.439318
1743467349.471285
1743467349.503256
1743467349.535584
1743467349.567685
1743467349.599495
1743467349.631273
1743467349.663856
1743467349.695521
1743467349.727678
1743467349.759446
1743467349.791570
1743467349.823371
1743467349.855472
1743467349.903130
1743467349.935187
1743467349.967461
1743467349.999578
1743467350.031042
1743467350.063595
1743467350.095525
1743467350.127597
1743467350.159500
1743467350.191720
1743467350.223771
1743467350.255372
1743467350.286891
1743467350.302970
1743467350.335291
1743467350.367506
1743467350.399303
1743467350.431839
1743467350.463908
1743467350.495612
1743467350.543457
1743467350.575563
1743467350.607282
1743467350.639235
1743467350.670803
1743467350.687104
1743467350.703193
1743467350.735374
1743467350.767354
1743467350.799720
1743467350.831679
1743467350.879303
1743467350.910951
1743467350.943636
1743467350.975684
1743467351.007362
1743467351.038885
1743467351.055074
1743467351.071222
1743467351.087155
1743467351.119236
1743467351.151679
1743467351.199200
1743467351.231558
1743467351.263381
1743467351.295522
1743467351.327597
1743467351.359579
1743467351.391481
1743467351.423138
1743467351.439027
1743467351.471263
1743467351.519061
1743467351.551377
1743467351.583384
1743467351.615683
1743467351.647404
1743467351.679446
1743467351.711425
1743467351.743673
1743467351.775145
1743467351.807435
1743467351.855104
1743467351.887063
1743467351.918918
1743467351.951464
1743467351.983489
1743467352.015494
1743467352.047116
1743467352.079652
1743467352.111782
1743467352.143720
1743467352.175542
1743467352.207219
1743467352.239150
1743467352.271177
1743467352.287519
1743467352.319447
1743467352.335499
1743467352.351911
1743467352.383083
1743467352.415849
1743467352.447566
1743467352.495277
1743467352.526870
1743467352.559428
1743467352.591686
1743467352.623047
1743467352.655070
1743467352.671223
1743467352.703254
1743467352.735273
1743467352.767475
1743467352.799641
1743467352.831592
1743467352.863770
1743467352.895410
1743467352.927565
1743467352.959556
1743467352.991319
1743467353.023173
1743467353.055363
1743467353.087017
1743467353.103211
1743467353.151243
1743467353.183303
1743467353.215512
1743467353.247470
1743467353.279391
1743467353.311478
1743467353.343419
1743467353.375455
1743467353.407425
1743467353.439491
1743467353.471564
1743467353.503252
1743467353.535005
1743467353.567291
1743467353.599415
1743467353.631605
1743467353.663247
1743467353.695581
1743467353.727619
1743467353.759590
1743467353.807557
1743467353.839043
1743467353.870990
1743467353.903176
1743467353.934911
1743467353.967242
1743467353.999346
1743467354.031686
1743467354.063601
1743467354.095801
1743467354.127669
1743467354.159339
1743467354.191110
1743467354.223217
1743467354.255004
1743467354.287110
1743467354.318839
1743467354.334939
1743467354.351154
1743467354.367086
1743467354.399253
1743467354.447548
1743467354.479414
1743467354.511509
1743467354.543215
1743467354.575453
1743467354.607193
1743467354.639299
1743467354.671321
1743467354.703397
1743467354.735392
1743467354.783189
1743467354.815187
1743467354.847528
1743467354.879557
1743467354.911417
1743467354.943435
1743467354.975440
1743467355.007579
1743467355.039285
1743467355.071178
1743467355.103603
1743467355.135018
1743467355.167358
1743467355.199354
1743467355.231501
1743467355.263392
1743467355.295413
1743467355.327187
1743467355.359054
1743467355.391654
1743467355.423536
1743467355.454819
1743467355.470837
1743467355.502984
1743467355.535169
1743467355.567426
1743467355.599432
1743467355.631133
1743467355.663725
1743467355.695638
1743467355.727544
1743467355.759312
1743467355.774783
1743467355.790910
1743467355.806848
1743467355.823046
1743467355.839103
1743467355.855125
1743467355.871114
1743467355.887233
1743467355.903176
1743467355.919032
1743467355.935027
1743467355.951079
1743467355.967097
1743467355.999574
1743467356.031626
1743467356.079457
1743467356.111290
1743467356.143218
1743467356.175237
1743467356.191022
1743467356.206945
1743467356.222898
1743467356.238900
1743467356.255004
1743467356.271142
1743467356.287160
1743467356.303088
1743467356.319189
1743467356.335272
1743467356.351347
1743467356.367130
1743467356.399591
1743467356.431547
1743467356.463587
1743467356.495799
1743467356.527168
1743467356.542579
1743467356.558921
1743467356.574845
1743467356.590873
1743467356.606957
1743467356.622911
1743467356.639175
1743467356.655189
1743467356.671267
1743467356.687205
1743467356.703119
1743467356.735381
1743467356.767228
1743467356.782541
1743467356.798830
1743467356.815092
1743467356.831077
1743467356.847150
1743467356.863056
1743467356.879159
1743467356.895000
1743467356.911059
1743467356.927112
1743467356.942957
1743467356.959127
1743467356.975081
1743467356.991061
1743467357.007055
1743467357.023256
1743467357.055468
1743467357.070879
1743467357.086954
1743467357.102939
1743467357.119096
1743467357.135163
1743467357.167734
1743467357.199265
1743467357.214729
1743467357.230986
1743467357.246960
1743467357.263080
1743467357.278967
1743467357.295062
1743467357.311083
1743467357.327124
1743467357.343088
1743467357.375442
1743467357.406978
1743467357.422770
1743467357.439020
1743467357.454888
1743467357.471097
1743467357.487142
1743467357.502991
1743467357.519079
1743467357.534984
1743467357.551133
1743467357.566874
1743467357.582998
1743467357.599113
1743467357.615021
1743467357.631101
1743467357.647079
1743467357.663167
1743467357.679206
1743467357.711737
1743467357.743570
1743467357.775052
1743467357.790868
1743467357.806872
1743467357.822921
1743467357.838997
1743467357.854976
1743467357.871106
1743467357.887143
1743467357.903059
1743467357.919067
1743467357.935213
1743467357.951329
1743467357.967125
1743467357.983068
1743467357.999039
1743467358.031974
1743467358.063425
1743467358.095475
1743467358.127396
1743467358.159423
1743467358.191583
1743467358.223137
1743467358.238884
1743467358.254910
1743467358.271124
1743467358.287257
1743467358.303179
1743467358.319215
1743467358.351748
1743467358.383498
1743467358.415610
1743467358.447531
1743467358.479749
1743467358.511798
1743467358.543458
1743467358.575409
1743467358.591060
1743467358.607153
1743467358.623220
1743467358.639089
1743467358.655151
1743467358.687646
1743467358.718947
1743467358.734893
1743467358.750940
1743467358.767039
1743467358.799327
1743467358.831429
1743467358.863679
1743467358.895333
1743467358.927412
1743467358.942925
1743467358.959048
1743467358.975150
1743467359.007342
1743467359.022755
1743467359.038959
1743467359.054916
1743467359.070952
1743467359.086809
1743467359.102907
1743467359.119120
1743467359.134963
1743467359.151061
1743467359.166942
1743467359.183003
1743467359.198874
1743467359.214933
1743467359.231098
1743467359.247133
1743467359.263064
1743467359.279037
1743467359.295064
1743467359.327921
1743467359.359377
1743467359.374698
1743467359.390894
1743467359.406813
1743467359.422973
1743467359.438954
1743467359.454932
1743467359.471111
1743467359.487161
1743467359.502989
1743467359.519019
1743467359.535128
1743467359.551149
1743467359.566865
1743467359.583068
1743467359.599071
1743467359.615235
1743467359.631202
1743467359.662874
1743467359.678567
1743467359.694796
1743467359.710752
1743467359.726908
1743467359.742961
1743467359.758986
1743467359.774824
1743467359.790789
1743467359.807024
1743467359.823013
1743467359.838881
1743467359.854998
1743467359.871115
1743467359.886930
1743467359.903200
1743467359.919092
1743467359.935285
1743467359.951197
1743467359.983584
1743467360.014713
1743467360.030516
1743467360.046797
1743467360.062802
1743467360.078822
1743467360.094923
1743467360.110829
1743467360.127064
1743467360.143067
1743467360.158948
1743467360.174821
1743467360.190954
1743467360.206939
1743467360.223035
1743467360.239045
1743467360.255033
1743467360.271142
1743467360.303707
1743467360.335056
1743467360.367199
1743467360.398681
1743467360.414752
1743467360.431002
1743467360.447025
1743467360.463034
1743467360.478900
1743467360.495007
1743467360.510944
1743467360.526933
1743467360.542924
1743467360.559155
1743467360.575104
1743467360.591082
1743467360.607209
1743467360.638782
1743467360.654807
1743467360.670911
1743467360.687008
1743467360.702930
1743467360.718941
1743467360.734937
1743467360.750981
1743467360.766895
1743467360.782910
1743467360.798896
1743467360.814889
1743467360.831020
1743467360.846982
1743467360.863001
1743467360.878932
1743467360.895025
1743467360.911032
1743467360.927124
1743467360.959655
1743467360.990618
1743467361.006755
1743467361.022807
1743467361.038805
1743467361.054868
1743467361.070985
1743467361.086947
1743467361.102894
1743467361.119028
1743467361.135071
1743467361.151157
1743467361.166980
1743467361.182826
1743467361.198892
1743467361.215079
1743467361.231284
1743467361.247163
1743467361.279950
1743467361.311259
1743467361.342571
1743467361.358518
1743467361.374682
1743467361.390722
1743467361.406844
1743467361.422974
1743467361.439143
1743467361.454980
1743467361.471106
1743467361.487058
1743467361.503030
1743467361.519006
1743467361.535197
1743467361.551281
1743467361.583392
1743467361.615694
1743467361.646617
1743467361.662565
1743467361.678759
1743467361.694856
1743467361.710804
1743467361.726965
1743467361.742943
1743467361.758914
1743467361.774963
1743467361.790997
1743467361.823256
1743467361.838945
1743467361.854977
1743467361.871201
1743467361.887278
1743467361.903068
1743467361.934790
1743467361.950561
1743467361.966830
1743467361.982779
1743467361.998859
1743467362.014876
1743467362.030789
1743467362.046970
1743467362.062971
1743467362.078896
1743467362.094830
1743467362.110848
1743467362.126870
1743467362.142930
1743467362.159002
1743467362.174914
1743467362.190953
1743467362.207035
1743467362.223006
1743467362.255479
1743467362.286547
1743467362.302767
1743467362.318896
1743467362.334919
1743467362.350889
1743467362.366850
1743467362.382797
1743467362.398857
1743467362.415002
1743467362.430949
1743467362.446968
1743467362.462876
1743467362.478991
1743467362.494991
1743467362.510980
1743467362.526933
1743467362.543056
1743467362.559098
1743467362.591475
1743467362.623122
1743467362.654455
1743467362.671094
1743467362.687047
1743467362.702888
1743467362.719015
1743467362.735034
1743467362.751075
1743467362.766878
1743467362.782966
1743467362.798845
1743467362.815093
1743467362.830962
1743467362.847104
1743467362.863091
1743467362.879065
1743467362.911708
1743467362.943379
1743467362.975436
1743467363.006975
1743467363.022718
1743467363.038780
1743467363.054862
1743467363.071010
1743467363.086892
1743467363.102884
1743467363.118940
1743467363.135065
1743467363.150892
1743467363.166912
1743467363.182962
1743467363.199016
1743467363.231707
1743467363.263391
1743467363.295277
1743467363.327339
1743467363.359280
1743467363.391000
1743467363.406749
1743467363.422881
1743467363.438777
1743467363.454838
1743467363.470988
1743467363.487055
1743467363.503085
1743467363.519225
1743467363.535338
1743467363.567531
1743467363.599132
1743467363.631160
1743467363.663251
1743467363.695324
1743467363.727127
1743467363.742552
1743467363.758743
1743467363.774867
1743467363.790927
1743467363.806996
1743467363.823028
1743467363.839035
1743467363.855044
1743467363.887610
1743467363.918742
1743467363.934780
1743467363.950785
1743467363.966862
1743467363.982785
1743467363.998868
1743467364.015191
1743467364.046521
1743467364.062092
1743467364.078383
1743467364.094864
1743467364.110989
1743467364.126994
1743467364.142977
1743467364.159087
1743467364.207085
1743467364.222577
1743467364.238609
1743467364.254729
1743467364.270885
1743467364.286968
1743467364.302841
1743467364.318903
1743467364.334939
1743467364.350990
1743467364.366729
1743467364.382728
1743467364.398824
1743467364.415004
1743467364.431121
1743467364.446984
1743467364.463090
1743467364.479038
1743467364.495008
1743467364.511007
1743467364.543777
1743467364.575474
1743467364.606729
1743467364.622815
1743467364.654898
1743467364.670925
1743467364.686987
1743467364.702935
1743467364.718809
1743467364.734989
1743467364.750976
1743467364.766820
1743467364.782762
1743467364.798937
1743467364.814965
1743467364.830987
1743467364.863478
1743467364.895493
1743467364.927269
1743467364.959300
1743467364.991502
1743467365.006968
1743467365.022905
1743467365.038936
1743467365.054999
1743467365.071071
1743467365.087310
1743467365.102952
1743467365.119068
1743467365.135232
1743467365.151442
1743467365.183948
1743467365.215217
1743467365.247458
1743467365.279398
1743467365.311434
1743467365.343688
1743467365.375458
1743467365.390955
1743467365.407029
1743467365.422966
1743467365.439167
1743467365.455070
1743467365.471243
1743467365.487163
1743467365.519662
1743467365.551133
1743467365.583147
1743467365.598632
1743467365.614908
1743467365.630968
1743467365.647019
1743467365.663069
1743467365.679030
1743467365.694985
1743467365.711018
