1743466762.112662
1743466762.192458
1743466762.224858
1743466762.256845
1743466762.288564
1743466762.319938
1743466762.354274
1743466762.384810
1743466762.416899
1743466762.433407
1743466762.464704
1743466762.496890
1743466762.513333
1743466762.545655
1743466762.575882
1743466762.592420
1743466762.609734
1743466762.641515
1743466762.672900
1743466762.705147
1743466762.736933
1743466762.768749
1743466762.801040
1743466762.833235
1743466762.865322
1743466762.896986
1743466762.929197
1743466762.977610
1743466763.010264
1743466763.042243
1743466763.074334
1743466763.106833
1743466763.138499
1743466763.170820
1743466763.203012
1743466763.234508
1743466763.266512
1743466763.298113
1743466763.329663
1743466763.361938
1743466763.394440
1743466763.426132
1743466763.456553
1743466763.488618
1743466763.521278
1743466763.536860
1743466763.569124
1743466763.616671
1743466763.648500
1743466763.680445
1743466763.696581
1743466763.712642
1743466763.728727
1743466763.760932
1743466763.793069
1743466763.824413
1743466763.857357
1743466763.889090
1743466763.921327
1743466763.952908
1743466763.984838
1743466764.000576
1743466764.017043
1743466764.047621
1743466764.063738
1743466764.080026
1743466764.096525
1743466764.112726
1743466764.128724
1743466764.144682
1743466764.160614
1743466764.176804
1743466764.192752
1743466764.208733
1743466764.224805
1743466764.240842
1743466764.273470
1743466764.305289
1743466764.337165
1743466764.368658
1743466764.384642
1743466764.400583
1743466764.416513
1743466764.432827
1743466764.465073
1743466764.496767
1743466764.512840
1743466764.528953
1743466764.544893
1743466764.593079
1743466764.608475
1743466764.624519
1743466764.640561
1743466764.656554
1743466764.689183
1743466764.720667
1743466764.736425
1743466764.752536
1743466764.768439
1743466764.784611
1743466764.800780
1743466764.816744
1743466764.832638
1743466764.848913
1743466764.865025
1743466764.896946
1743466764.929261
1743466764.960299
1743466764.976128
1743466764.992498
1743466765.008529
1743466765.024533
1743466765.040652
1743466765.073078
1743466765.105047
1743466765.136368
1743466765.152364
1743466765.168566
1743466765.184735
1743466765.200666
1743466765.216727
1743466765.249310
1743466765.280402
1743466765.296455
1743466765.312611
1743466765.328670
1743466765.344723
1743466765.376371
1743466765.392289
1743466765.408594
1743466765.424565
1743466765.440558
1743466765.456641
1743466765.472646
1743466765.488639
1743466765.504667
1743466765.520718
1743466765.536723
1743466765.569179
1743466765.600193
1743466765.616486
1743466765.632455
1743466765.648434
1743466765.664663
1743466765.680597
1743466765.696586
1743466765.712758
1743466765.728524
1743466765.744569
1743466765.760500
1743466765.776511
1743466765.792597
1743466765.808660
1743466765.824729
1743466765.840817
1743466765.857435
1743466765.872842
1743466765.905363
1743466765.936771
1743466765.968381
1743466765.984587
1743466766.016706
1743466766.032377
1743466766.048700
1743466766.064773
1743466766.080768
1743466766.096732
1743466766.112720
1743466766.128899
1743466766.144921
1743466766.177140
1743466766.224925
1743466766.256815
1743466766.272244
1743466766.288457
1743466766.304596
1743466766.320469
1743466766.336419
1743466766.352491
1743466766.368533
1743466766.384515
1743466766.400476
1743466766.416488
1743466766.432505
1743466766.448744
1743466766.464835
1743466766.480764
1743466766.496804
1743466766.512775
1743466766.545264
1743466766.577055
1743466766.608795
1743466766.641159
1743466766.672981
1743466766.704712
1743466766.736397
1743466766.752588
1743466766.768768
1743466766.784710
1743466766.800679
1743466766.816786
1743466766.832669
1743466766.848714
1743466766.880603
1743466766.896578
1743466766.912612
1743466766.928441
1743466766.944537
1743466766.960429
1743466766.976469
1743466766.992611
1743466767.008504
1743466767.024602
1743466767.040503
1743466767.056494
1743466767.072637
1743466767.088562
1743466767.104620
1743466767.120767
1743466767.136624
1743466767.152846
1743466767.168672
1743466767.200801
1743466767.232369
1743466767.248443
1743466767.264527
1743466767.280485
1743466767.296442
1743466767.312602
1743466767.328559
1743466767.344512
1743466767.360479
1743466767.376354
1743466767.392466
1743466767.408550
1743466767.424782
1743466767.440707
1743466767.473248
1743466767.520910
1743466767.552333
1743466767.568632
1743466767.600679
1743466767.616608
1743466767.632472
1743466767.648478
1743466767.664856
1743466767.680858
1743466767.696957
1743466767.728955
1743466767.760843
1743466767.776502
1743466767.792744
1743466767.808755
1743466767.824623
1743466767.857145
1743466767.889089
1743466767.920944
1743466767.952957
1743466767.985038
1743466768.016645
1743466768.032379
1743466768.048541
1743466768.064597
1743466768.080674
1743466768.096646
1743466768.112908
1743466768.128722
1743466768.144774
1743466768.177310
1743466768.209085
1743466768.240873
1743466768.272709
1743466768.288163
1743466768.304500
1743466768.320428
1743466768.336475
1743466768.352630
1743466768.385184
1743466768.416628
1743466768.432547
1743466768.448831
1743466768.465093
1743466768.496895
1743466768.528397
1743466768.544287
1743466768.560233
1743466768.576350
1743466768.592419
1743466768.608459
1743466768.624456
1743466768.640669
1743466768.656692
1743466768.672785
1743466768.688759
1743466768.721252
1743466768.753239
1743466768.785568
1743466768.832499
1743466768.864323
1743466768.880439
1743466768.896424
1743466768.912924
1743466768.928708
1743466768.944543
1743466768.960462
1743466768.992762
1743466769.025204
1743466769.057141
1743466769.089161
1743466769.121018
1743466769.153200
1743466769.184818
1743466769.200310
1743466769.216323
1743466769.232401
1743466769.248563
1743466769.264712
1743466769.296485
1743466769.312518
1743466769.328662
1743466769.344479
1743466769.360612
1743466769.376505
1743466769.392567
1743466769.408701
1743466769.424782
1743466769.440718
1743466769.473075
1743466769.504768
1743466769.536674
1743466769.552081
1743466769.568465
1743466769.584358
1743466769.600453
1743466769.616503
1743466769.632468
1743466769.648583
1743466769.664527
1743466769.680633
1743466769.696628
1743466769.712769
1743466769.728825
1743466769.744828
1743466769.760603
1743466769.776777
1743466769.808856
1743466769.824370
1743466769.840361
1743466769.856479
1743466769.888877
1743466769.904296
1743466769.920435
1743466769.936394
1743466769.952410
1743466769.968437
1743466769.984522
1743466770.000551
1743466770.016673
1743466770.048708
1743466770.064711
1743466770.080833
1743466770.096943
1743466770.129133
1743466770.160783
1743466770.193159
1743466770.224469
1743466770.240108
1743466770.256311
1743466770.272496
1743466770.288512
1743466770.304440
1743466770.320492
1743466770.336419
1743466770.352544
1743466770.385229
1743466770.416904
1743466770.449074
1743466770.480310
1743466770.496303
1743466770.512519
1743466770.528574
1743466770.544440
1743466770.560432
1743466770.576471
1743466770.592663
1743466770.624630
1743466770.640248
1743466770.656648
1743466770.672642
1743466770.688469
1743466770.704676
1743466770.720709
1743466770.736682
1743466770.752568
1743466770.785073
1743466770.816449
1743466770.832446
1743466770.848484
1743466770.864623
1743466770.880520
1743466770.896441
1743466770.912569
1743466770.928549
1743466770.944479
1743466770.960452
1743466770.976471
1743466770.992537
1743466771.008594
1743466771.024610
1743466771.040719
1743466771.056719
1743466771.072860
1743466771.105195
1743466771.136674
1743466771.168727
1743466771.184429
1743466771.200382
1743466771.216545
1743466771.232453
1743466771.248468
1743466771.264495
1743466771.280610
1743466771.296638
1743466771.312663
1743466771.328680
1743466771.344597
1743466771.360609
1743466771.376579
1743466771.392683
1743466771.424906
1743466771.457036
1743466771.488857
1743466771.520667
1743466771.552673
1743466771.568527
1743466771.584499
1743466771.600553
1743466771.632680
1743466771.648512
1743466771.664780
1743466771.681029
1743466771.713126
1743466771.728786
1743466771.760998
1743466771.793059
1743466771.824780
1743466771.840367
1743466771.856297
1743466771.872418
1743466771.888435
1743466771.904372
1743466771.920430
1743466771.936468
1743466771.952602
1743466771.968534
1743466771.984465
1743466772.000814
1743466772.032662
1743466772.048663
1743466772.080833
1743466772.096366
1743466772.112387
1743466772.128515
1743466772.160737
1743466772.192916
1743466772.224895
1743466772.256926
1743466772.288878
1743466772.321016
1743466772.352850
1743466772.400856
1743466772.432336
1743466772.464508
1743466772.496428
1743466772.512503
1743466772.544794
1743466772.576785
1743466772.608844
1743466772.641022
1743466772.672995
1743466772.705166
1743466772.736904
1743466772.768710
1743466772.800683
1743466772.832303
1743466772.848686
1743466772.880728
1743466772.912535
1743466772.944678
1743466772.976671
1743466773.009139
1743466773.056754
1743466773.088801
1743466773.120711
1743466773.152886
1743466773.184920
1743466773.216564
1743466773.248755
1743466773.280674
1743466773.312918
1743466773.344940
1743466773.377013
1743466773.408778
1743466773.440834
1743466773.472939
1743466773.504610
1743466773.537059
1743466773.568733
1743466773.600476
1743466773.632833
1743466773.664731
1743466773.712305
1743466773.744655
1743466773.776575
1743466773.809052
1743466773.840844
1743466773.872896
1743466773.904617
1743466773.936905
1743466773.968890
1743466774.000879
1743466774.032532
1743466774.064302
1743466774.096344
1743466774.112546
1743466774.128626
1743466774.160627
1743466774.192764
1743466774.224903
1743466774.256798
1743466774.288951
1743466774.321033
1743466774.353247
1743466774.384259
1743466774.416403
1743466774.448364
1743466774.464393
1743466774.496370
1743466774.528593
1743466774.560520
1743466774.592711
1743466774.624797
1743466774.656662
1743466774.689223
1743466774.720825
1743466774.752901
1743466774.784897
1743466774.816242
1743466774.832379
1743466774.848727
1743466774.880684
1743466774.912144
1743466774.928687
1743466774.960866
1743466775.008629
1743466775.040042
1743466775.072646
1743466775.104717
1743466775.136824
1743466775.168457
1743466775.200485
1743466775.232454
1743466775.248727
1743466775.280581
1743466775.296585
1743466775.328991
1743466775.360644
1743466775.392543
1743466775.424938
1743466775.457002
1743466775.488859
1743466775.520396
1743466775.552971
1743466775.584907
1743466775.616714
1743466775.664492
1743466775.696351
1743466775.728563
1743466775.760779
1743466775.792466
1743466775.824964
1743466775.857122
1743466775.888857
1743466775.920626
1743466775.952970
1743466775.985017
1743466776.016162
1743466776.048476
1743466776.080490
1743466776.112638
1743466776.144775
1743466776.176393
1743466776.209145
1743466776.241168
1743466776.273257
1743466776.304450
1743466776.336638
1743466776.368684
1743466776.400405
1743466776.432193
1743466776.448487
1743466776.480288
1743466776.512439
1743466776.544761
1743466776.576832
1743466776.608943
1743466776.641073
1743466776.672051
1743466776.704802
1743466776.737010
1743466776.768710
1743466776.800202
1743466776.832572
1743466776.864545
1743466776.880654
1743466776.912349
1743466776.928528
1743466776.961120
1743466776.992814
1743466777.024476
1743466777.056672
1743466777.089152
1743466777.121142
1743466777.152537
1743466777.185096
1743466777.216712
1743466777.248431
1743466777.280600
1743466777.312355
1743466777.344653
1743466777.376548
1743466777.408981
1743466777.440851
1743466777.472845
1743466777.504699
1743466777.537105
1743466777.568945
1743466777.616161
1743466777.648209
1743466777.680371
1743466777.696497
1743466777.728596
1743466777.760694
1743466777.792542
1743466777.824633
1743466777.856943
1743466777.889355
1743466777.936620
1743466777.968783
1743466778.000889
1743466778.032429
1743466778.064850
1743466778.096631
1743466778.128763
1743466778.160638
1743466778.192602
1743466778.224934
1743466778.257024
1743466778.288593
1743466778.320693
1743466778.352858
1743466778.384778
1743466778.416325
1743466778.448552
1743466778.480333
1743466778.496405
1743466778.528842
1743466778.560631
1743466778.592724
1743466778.624715
1743466778.656837
1743466778.688642
1743466778.720829
1743466778.752766
1743466778.784788
1743466778.816143
1743466778.848617
1743466778.880712
1743466778.912933
1743466778.944185
1743466778.976799
1743466779.008730
1743466779.041121
1743466779.072093
1743466779.104763
1743466779.136910
1743466779.168790
1743466779.200343
1743466779.232732
1743466779.264437
1743466779.296191
1743466779.328366
1743466779.360618
1743466779.392749
1743466779.424636
1743466779.456630
1743466779.489181
1743466779.520856
1743466779.568565
1743466779.600036
1743466779.632435
1743466779.664454
1743466779.696442
1743466779.728527
1743466779.760398
1743466779.792801
1743466779.825036
1743466779.857043
1743466779.888895
1743466779.920599
1743466779.952696
1743466779.985034
1743466780.016586
1743466780.048181
1743466780.064399
1743466780.096313
1743466780.112590
1743466780.144720
1743466780.160193
1743466780.176391
1743466780.209299
1743466780.240597
1743466780.272694
1743466780.304186
1743466780.336765
1743466780.368770
1743466780.400375
1743466780.432392
1743466780.464720
1743466780.496584
1743466780.544267
1743466780.576295
1743466780.608796
1743466780.640793
1743466780.672664
1743466780.704451
1743466780.737185
1743466780.768808
1743466780.800824
1743466780.832060
1743466780.864849
1743466780.896287
1743466780.928475
1743466780.960135
1743466780.992824
1743466781.024755
1743466781.056749
1743466781.088581
1743466781.120781
1743466781.152977
1743466781.185022
1743466781.215974
1743466781.248197
1743466781.264510
1743466781.296272
1743466781.328492
1743466781.360731
1743466781.392775
1743466781.424828
1743466781.456651
1743466781.488883
1743466781.520925
1743466781.552757
1743466781.584341
1743466781.616456
1743466781.648380
1743466781.680484
1743466781.712109
1743466781.728396
1743466781.760647
1743466781.793034
1743466781.840645
1743466781.872760
1743466781.904604
1743466781.936715
1743466781.968336
1743466782.000559
1743466782.032361
1743466782.064466
1743466782.096215
1743466782.112394
1743466782.160480
1743466782.192565
1743466782.223986
1743466782.256728
1743466782.288539
1743466782.320664
1743466782.352543
1743466782.384806
1743466782.416560
1743466782.448561
1743466782.496271
1743466782.528080
1743466782.560748
1743466782.592849
1743466782.624825
1743466782.656671
1743466782.688702
1743466782.720868
1743466782.753055
1743466782.784885
1743466782.816070
1743466782.848225
1743466782.880215
1743466782.912387
1743466782.944145
1743466782.976620
1743466783.008809
1743466783.040911
1743466783.072248
1743466783.104846
1743466783.136917
1743466783.168578
1743466783.199758
1743466783.216072
1743466783.248139
1743466783.280408
1743466783.312021
1743466783.328371
1743466783.360561
1743466783.392663
1743466783.424494
1743466783.472488
1743466783.504617
1743466783.536788
1743466783.568435
1743466783.600519
1743466783.632562
1743466783.664463
1743466783.696228
1743466783.728618
1743466783.760930
1743466783.792951
1743466783.824262
1743466783.856568
1743466783.888513
1743466783.920724
1743466783.952488
1743466783.984601
1743466784.016361
1743466784.048458
1743466784.080471
1743466784.112793
1743466784.144544
1743466784.176710
1743466784.208212
1743466784.240718
1743466784.272855
1743466784.304761
1743466784.336379
1743466784.368771
1743466784.400630
1743466784.448337
1743466784.479964
1743466784.496141
1743466784.512389
1743466784.544611
1743466784.576533
1743466784.608848
1743466784.640672
1743466784.672808
1743466784.704766
1743466784.737081
1743466784.768848
1743466784.800333
1743466784.831853
1743466784.848021
1743466784.864408
1743466784.896222
1743466784.927952
1743466784.960511
1743466784.992850
1743466785.024840
1743466785.056219
1743466785.088981
1743466785.120638
1743466785.152642
1743466785.184041
1743466785.200107
1743466785.232521
1743466785.264616
1743466785.296321
1743466785.328390
1743466785.360558
1743466785.392897
1743466785.424471
1743466785.456595
1743466785.488565
1743466785.520474
1743466785.552871
1743466785.585013
1743466785.616498
1743466785.648397
1743466785.680555
1743466785.712589
1743466785.744694
1743466785.776418
1743466785.808435
1743466785.840477
1743466785.872437
1743466785.904659
1743466785.936507
1743466785.968729
1743466786.000710
1743466786.032591
1743466786.064558
1743466786.096359
1743466786.128251
1743466786.160373
1743466786.192238
1743466786.207892
1743466786.224234
1743466786.256821
1743466786.288349
1743466786.320989
1743466786.352725
1743466786.400527
1743466786.430954
1743466786.448396
1743466786.480531
1743466786.512348
1743466786.544290
1743466786.576648
1743466786.608632
1743466786.640925
1743466786.672694
1743466786.720353
1743466786.752548
1743466786.784813
1743466786.816430
1743466786.848329
1743466786.880478
1743466786.912434
1743466786.944386
1743466786.976698
1743466787.009005
1743466787.041067
1743466787.071886
1743466787.104660
1743466787.136698
1743466787.168514
1743466787.200034
1743466787.232304
1743466787.264182
1743466787.296453
1743466787.328515
1743466787.376370
1743466787.408617
1743466787.440600
1743466787.472600
1743466787.504972
1743466787.536639
1743466787.568945
1743466787.600335
1743466787.632397
1743466787.664438
1743466787.696716
1743466787.728369
1743466787.760422
1743466787.792576
1743466787.824584
1743466787.856510
1743466787.888746
1743466787.920747
1743466787.952960
1743466787.984321
1743466788.016628
1743466788.047949
1743466788.064302
1743466788.096040
1743466788.112124
1743466788.128303
1743466788.160604
1743466788.192019
1743466788.224915
1743466788.256793
1743466788.288828
1743466788.320250
1743466788.352962
1743466788.384619
1743466788.416169
1743466788.447916
1743466788.464261
1743466788.496068
1743466788.512324
1743466788.544331
1743466788.576662
1743466788.608709
1743466788.640726
1743466788.672484
1743466788.704685
1743466788.736462
1743466788.768432
1743466788.800355
1743466788.832522
1743466788.864199
1743466788.896730
1743466788.928238
1743466788.944400
1743466788.992514
1743466789.024487
1743466789.056107
1743466789.088767
1743466789.120741
1743466789.152600
1743466789.184203
1743466789.216320
1743466789.248387
1743466789.280275
1743466789.328249
1743466789.360224
1743466789.392654
1743466789.424492
1743466789.456363
1743466789.488714
1743466789.520870
1743466789.553114
1743466789.584591
1743466789.616563
1743466789.648489
1743466789.679307
1743466789.696524
1743466789.727662
1743466789.744025
1743466789.775389
1743466789.792156
1743466789.824890
1743466789.856596
1743466789.888947
1743466789.920523
1743466789.968366
1743466790.000018
1743466790.032348
1743466790.063955
1743466790.080096
1743466790.112359
1743466790.144362
1743466790.176342
1743466790.208673
1743466790.240715
1743466790.272886
1743466790.304017
1743466790.335946
1743466790.368390
1743466790.400013
1743466790.432015
1743466790.448026
1743466790.464306
1743466790.496261
1743466790.528459
1743466790.560639
1743466790.592306
1743466790.624887
1743466790.656490
1743466790.688611
1743466790.720040
1743466790.752755
1743466790.784699
1743466790.816242
1743466790.847812
1743466790.864235
1743466790.896254
1743466790.944295
1743466790.975896
1743466791.008388
1743466791.040412
1743466791.072610
1743466791.104313
1743466791.136705
1743466791.168477
1743466791.200454
1743466791.231982
1743466791.248293
1743466791.280680
1743466791.312160
1743466791.343917
1743466791.376593
1743466791.408804
1743466791.440538
1743466791.472179
1743466791.504601
1743466791.536716
1743466791.568663
1743466791.600162
1743466791.631984
1743466791.663895
1743466791.696092
1743466791.728160
1743466791.760407
1743466791.792563
1743466791.824835
1743466791.856756
1743466791.888688
1743466791.920668
1743466791.952604
1743466791.984536
1743466792.016100
1743466792.048243
1743466792.080059
1743466792.112267
1743466792.144519
1743466792.176718
1743466792.208651
1743466792.256562
1743466792.288489
1743466792.320561
1743466792.352599
1743466792.384019
1743466792.416342
1743466792.448350
1743466792.480187
1743466792.496216
1743466792.528550
1743466792.576453
1743466792.608505
1743466792.640195
1743466792.672604
1743466792.704571
1743466792.736587
1743466792.768398
1743466792.800204
1743466792.832248
1743466792.864257
1743466792.896521
1743466792.928304
1743466792.960455
1743466792.992365
1743466793.024213
1743466793.056534
1743466793.088545
1743466793.120840
1743466793.152278
1743466793.184669
1743466793.231951
1743466793.264284
1743466793.295862
1743466793.312047
1743466793.344450
1743466793.376355
1743466793.408474
1743466793.440641
1743466793.472595
1743466793.504581
1743466793.552569
1743466793.584644
1743466793.616059
1743466793.648000
1743466793.664165
1743466793.696314
1743466793.728432
1743466793.760515
1743466793.792376
1743466793.824631
1743466793.872318
1743466793.904399
1743466793.935783
1743466793.968530
1743466794.000383
1743466794.032096
1743466794.064034
1743466794.080178
1743466794.112281
1743466794.144502
1743466794.176491
1743466794.208819
1743466794.240353
1743466794.272283
1743466794.304393
1743466794.336492
1743466794.368463
1743466794.400268
1743466794.432011
1743466794.448285
1743466794.480384
1743466794.527953
1743466794.560093
1743466794.592602
1743466794.624461
1743466794.656388
1743466794.688642
1743466794.720550
1743466794.752383
1743466794.784667
1743466794.816268
1743466794.848533
1743466794.879879
1743466794.896102
1743466794.928128
1743466794.960487
1743466794.992598
1743466795.024487
1743466795.056279
1743466795.088557
1743466795.120597
1743466795.152509
1743466795.184141
1743466795.216178
1743466795.248051
1743466795.280215
1743466795.311800
1743466795.328011
1743466795.360336
1743466795.392717
1743466795.424205
1743466795.456587
1743466795.504293
1743466795.536395
1743466795.567945
1743466795.600093
1743466795.632179
1743466795.664131
1743466795.696391
1743466795.728349
1743466795.760414
1743466795.792540
1743466795.824325
1743466795.856453
1743466795.888601
1743466795.920565
1743466795.952369
1743466795.984400
1743466796.015942
1743466796.047980
1743466796.080204
1743466796.112353
1743466796.160057
1743466796.192642
1743466796.224327
1743466796.256475
1743466796.288542
1743466796.320456
1743466796.352193
1743466796.384453
1743466796.416248
1743466796.448324
1743466796.480288
1743466796.512120
1743466796.544577
1743466796.576621
1743466796.608213
1743466796.640449
1743466796.672606
1743466796.704688
1743466796.736361
1743466796.769107
1743466796.800811
1743466796.832033
1743466796.863888
1743466796.895924
1743466796.911948
1743466796.928204
1743466796.960021
1743466796.991958
1743466797.024069
1743466797.055998
1743466797.088126
1743466797.136379
1743466797.168667
1743466797.200573
1743466797.231584
1743466797.248017
1743466797.280031
1743466797.312152
1743466797.344014
1743466797.376614
1743466797.408911
1743466797.456468
1743466797.487731
1743466797.520390
1743466797.552654
1743466797.584641
1743466797.615678
1743466797.631986
1743466797.664264
1743466797.696179
1743466797.728222
1743466797.776415
1743466797.808522
1743466797.840574
1743466797.872219
1743466797.904486
1743466797.936247
1743466797.968648
1743466798.000223
1743466798.032464
1743466798.064156
1743466798.080250
1743466798.112168
1743466798.144316
1743466798.176455
1743466798.208446
1743466798.240377
1743466798.271993
1743466798.304673
1743466798.336824
1743466798.369079
1743466798.400533
1743466798.432772
1743466798.463964
1743466798.479944
1743466798.496102
1743466798.528004
1743466798.560564
1743466798.592461
1743466798.624521
1743466798.656112
1743466798.688622
1743466798.720558
1743466798.752770
1743466798.783963
1743466798.816113
1743466798.847867
1743466798.863995
1743466798.895997
1743466798.912129
1743466798.944342
1743466798.976537
1743466799.008112
1743466799.040713
1743466799.088492
1743466799.120411
1743466799.151993
1743466799.184429
1743466799.215890
1743466799.247873
1743466799.280171
1743466799.296223
1743466799.328306
1743466799.360490
1743466799.408154
1743466799.440280
1743466799.472398
1743466799.504321
1743466799.536168
1743466799.568428
1743466799.599932
1743466799.615975
1743466799.648124
1743466799.680185
1743466799.727970
1743466799.760132
1743466799.792151
1743466799.824302
1743466799.856594
1743466799.888298
1743466799.920893
1743466799.952489
1743466799.984790
1743466800.017041
1743466800.064204
1743466800.096020
1743466800.128220
1743466800.160044
1743466800.192415
1743466800.224384
1743466800.256615
1743466800.288500
1743466800.320164
1743466800.352558
1743466800.384402
1743466800.415914
1743466800.447441
1743466800.464181
1743466800.496306
1743466800.528111
1743466800.560099
1743466800.592684
1743466800.624768
1743466800.656601
1743466800.704314
1743466800.736356
1743466800.768308
1743466800.799972
1743466800.831795
1743466800.847951
1743466800.880311
1743466800.912186
1743466800.943885
1743466800.976602
1743466801.008763
1743466801.040518
1743466801.071697
1743466801.104492
1743466801.136420
1743466801.168766
1743466801.199894
1743466801.232189
1743466801.264007
1743466801.296281
1743466801.328116
1743466801.360304
1743466801.392409
1743466801.424251
1743466801.456262
1743466801.488356
1743466801.520437
1743466801.552564
1743466801.584118
1743466801.616253
1743466801.648170
1743466801.680815
1743466801.711999
1743466801.744360
1743466801.776497
1743466801.808474
1743466801.840116
1743466801.872431
1743466801.904555
1743466801.936531
1743466801.968806
1743466802.016706
1743466802.048179
1743466802.080222
1743466802.112108
1743466802.144280
1743466802.176442
1743466802.208640
1743466802.240695
1743466802.272566
1743466802.304465
1743466802.336762
1743466802.368225
1743466802.400100
1743466802.432006
1743466802.464149
1743466802.495567
1743466802.511949
1743466802.544572
1743466802.576592
1743466802.608095
1743466802.656202
1743466802.688513
1743466802.720334
1743466802.752188
1743466802.784488
1743466802.815931
1743466802.847225
1743466802.864270
1743466802.896132
1743466802.928188
1743466802.960426
1743466802.992301
1743466803.024242
1743466803.056258
1743466803.088361
1743466803.120249
1743466803.152518
1743466803.184539
1743466803.216077
1743466803.247810
1743466803.264216
1743466803.296281
1743466803.328560
1743466803.359535
1743466803.375549
1743466803.408513
1743466803.440247
1743466803.471933
1743466803.504381
1743466803.536456
1743466803.568430
1743466803.600050
1743466803.632488
1743466803.664110
1743466803.695825
1743466803.727690
1743466803.760020
1743466803.792234
1743466803.824285
1743466803.856238
1743466803.888448
1743466803.920529
1743466803.968208
1743466803.999946
1743466804.031930
1743466804.064008
1743466804.096055
1743466804.128250
1743466804.160300
1743466804.192382
1743466804.224715
1743466804.256184
1743466804.288746
1743466804.320616
1743466804.352230
1743466804.384061
1743466804.415977
1743466804.448047
1743466804.464178
1743466804.495909
1743466804.512119
1743466804.544298
1743466804.576394
1743466804.607795
1743466804.640528
1743466804.672322
1743466804.704369
1743466804.735671
1743466804.768245
1743466804.800370
1743466804.832211
1743466804.863935
1743466804.880127
1743466804.912138
1743466804.944819
1743466804.975869
1743466805.008383
1743466805.040451
1743466805.072418
1743466805.104119
1743466805.136456
1743466805.168619
1743466805.200323
1743466805.231731
1743466805.264525
1743466805.296008
1743466805.328054
1743466805.359655
1743466805.392537
1743466805.424427
1743466805.456510
1743466805.487957
1743466805.520467
1743466805.552725
1743466805.584714
1743466805.615415
1743466805.631769
1743466805.664207
1743466805.695847
1743466805.728043
1743466805.760094
1743466805.792360
1743466805.824707
1743466805.856245
1743466805.888568
1743466805.920765
1743466805.952075
1743466805.984146
1743466806.015998
1743466806.047976
1743466806.079859
1743466806.095969
1743466806.127705
1743466806.160192
1743466806.192501
1743466806.224661
1743466806.256522
1743466806.288453
1743466806.321146
1743466806.352379
1743466806.384593
1743466806.415717
1743466806.447833
1743466806.464027
1743466806.480012
1743466806.511830
1743466806.528085
1743466806.560503
1743466806.592241
1743466806.623926
1743466806.656330
1743466806.688385
1743466806.720521
1743466806.752174
1743466806.784352
1743466806.816213
1743466806.848149
1743466806.895749
1743466806.928156
1743466806.960096
1743466806.992419
1743466807.024079
1743466807.056427
1743466807.088428
1743466807.120318
1743466807.152230
1743466807.184718
1743466807.231944
1743466807.263696
1743466807.295652
1743466807.311931
1743466807.344169
1743466807.376139
1743466807.408264
1743466807.440288
1743466807.472668
1743466807.504426
1743466807.536276
1743466807.568427
1743466807.600310
1743466807.631818
1743466807.663999
1743466807.695918
1743466807.728139
1743466807.760353
1743466807.792182
1743466807.824437
1743466807.872242
1743466807.904143
1743466807.936021
1743466807.968257
1743466808.000027
1743466808.031753
1743466808.048009
1743466808.080233
1743466808.111969
1743466808.144497
1743466808.176288
1743466808.208500
1743466808.240274
1743466808.272099
1743466808.304186
1743466808.336266
1743466808.368462
1743466808.400011
1743466808.431748
1743466808.448103
1743466808.480181
1743466808.527822
1743466808.559700
1743466808.592396
1743466808.624296
1743466808.656317
1743466808.687952
1743466808.720297
1743466808.752416
1743466808.784806
1743466808.816170
1743466808.848141
1743466808.879732
1743466808.911715
1743466808.944173
1743466808.976314
1743466809.008377
1743466809.040369
1743466809.072021
1743466809.104490
1743466809.136362
1743466809.184330
1743466809.215420
1743466809.231697
1743466809.263890
1743466809.295892
1743466809.327845
1743466809.360129
1743466809.392234
1743466809.424274
1743466809.456171
1743466809.488474
1743466809.520240
1743466809.552106
1743466809.583943
1743466809.616134
1743466809.647717
1743466809.663939
1743466809.695897
1743466809.728190
1743466809.760040
1743466809.792482
1743466809.823774
1743466809.856294
1743466809.888375
1743466809.920387
1743466809.952483
1743466809.984476
1743466810.016177
1743466810.048117
1743466810.080036
1743466810.112164
1743466810.159755
1743466810.192215
1743466810.223771
1743466810.256547
1743466810.288257
1743466810.320253
1743466810.351999
1743466810.384705
1743466810.416240
1743466810.463696
1743466810.495699
1743466810.528062
1743466810.560139
1743466810.592333
1743466810.623930
1743466810.656489
1743466810.688345
1743466810.720329
1743466810.752440
1743466810.800316
1743466810.831683
1743466810.863847
1743466810.895922
1743466810.928123
1743466810.960007
1743466810.992285
1743466811.024165
1743466811.056425
1743466811.088236
1743466811.136190
1743466811.167607
1743466811.199801
1743466811.231949
1743466811.263931
1743466811.295840
1743466811.328158
1743466811.360317
1743466811.392414
1743466811.440207
1743466811.472099
1743466811.504204
1743466811.536226
1743466811.568021
1743466811.599900
1743466811.631797
1743466811.664074
1743466811.696207
1743466811.728045
1743466811.776143
1743466811.808091
1743466811.839736
1743466811.872302
1743466811.904226
1743466811.936212
1743466811.968100
1743466812.000059
1743466812.032277
1743466812.063982
1743466812.111631
1743466812.144035
1743466812.176492
1743466812.208731
1743466812.240251
1743466812.272316
1743466812.304263
1743466812.336209
1743466812.368527
1743466812.416062
1743466812.447883
1743466812.479930
1743466812.511475
1743466812.527815
1743466812.560119
1743466812.592280
1743466812.623717
1743466812.656266
1743466812.688284
1743466812.720604
1743466812.751778
1743466812.784086
1743466812.815874
1743466812.848110
1743466812.879346
1743466812.895714
1743466812.927948
1743466812.959996
1743466812.992283
1743466813.024426
1743466813.056521
1743466813.088580
1743466813.119517
1743466813.152326
1743466813.184273
1743466813.215650
1743466813.247789
1743466813.279926
1743466813.311911
1743466813.344265
1743466813.392073
1743466813.424362
1743466813.456186
1743466813.488332
1743466813.519667
1743466813.552226
1743466813.584333
1743466813.615916
1743466813.647772
1743466813.664026
1743466813.696289
1743466813.728188
1743466813.759419
1743466813.792118
1743466813.824044
1743466813.856236
1743466813.887620
1743466813.920318
1743466813.952508
1743466813.984698
1743466814.016180
1743466814.063621
1743466814.095675
1743466814.127972
1743466814.159531
1743466814.191881
1743466814.224264
1743466814.256256
1743466814.288337
1743466814.320316
1743466814.352350
1743466814.384590
1743466814.415920
1743466814.447810
1743466814.463734
1743466814.479809
1743466814.512256
1743466814.544180
1743466814.575558
1743466814.608232
1743466814.640319
1743466814.672328
1743466814.703665
1743466814.736041
1743466814.767997
1743466814.799894
1743466814.831416
1743466814.847885
1743466814.879956
1743466814.912042
1743466814.943671
1743466814.959944
1743466814.992420
1743466815.040077
1743466815.071436
1743466815.104353
1743466815.136390
1743466815.168343
1743466815.199545
1743466815.232108
1743466815.263938
1743466815.296196
1743466815.327588
1743466815.360306
1743466815.391976
1743466815.424102
1743466815.455498
1743466815.488173
1743466815.520185
1743466815.552180
1743466815.583775
1743466815.615993
1743466815.647842
1743466815.680311
1743466815.711316
1743466815.727526
1743466815.743624
1743466815.776175
1743466815.807758
1743466815.840133
1743466815.872311
1743466815.904146
1743466815.935687
1743466815.968294
1743466816.015974
1743466816.047858
1743466816.079433
1743466816.095654
1743466816.128031
1743466816.159922
1743466816.191780
1743466816.224166
1743466816.256255
1743466816.288461
1743466816.335987
1743466816.368191
1743466816.399685
1743466816.431819
1743466816.463323
1743466816.479690
1743466816.512040
1743466816.544130
1743466816.575724
1743466816.608696
1743466816.655924
1743466816.688106
1743466816.719431
1743466816.752174
1743466816.784210
1743466816.815827
1743466816.847343
1743466816.863747
1743466816.895954
1743466816.928040
1743466816.959730
1743466816.992376
1743466817.024147
1743466817.056056
1743466817.087511
1743466817.120114
1743466817.152299
1743466817.184213
1743466817.215492
1743466817.248107
1743466817.280269
1743466817.312446
1743466817.343331
1743466817.376179
1743466817.408061
1743466817.440192
1743466817.471666
1743466817.504500
1743466817.536141
1743466817.568416
1743466817.599935
1743466817.632189
1743466817.663705
1743466817.695845
1743466817.727674
1743466817.760130
1743466817.792092
1743466817.824022
1743466817.855865
1743466817.888413
1743466817.920331
1743466817.967983
1743466817.999568
1743466818.031730
1743466818.063859
1743466818.095908
1743466818.127696
1743466818.160169
1743466818.192428
1743466818.224314
1743466818.256101
1743466818.288116
1743466818.320072
1743466818.352169
1743466818.383613
1743466818.399720
1743466818.431852
1743466818.464216
1743466818.495473
1743466818.511783
1743466818.544285
1743466818.576186
1743466818.607866
1743466818.640094
1743466818.672113
1743466818.704161
1743466818.735508
1743466818.768183
1743466818.800302
1743466818.831829
1743466818.863491
1743466818.879846
1743466818.911911
1743466818.944604
1743466818.975593
1743466819.007989
1743466819.040059
1743466819.072029
1743466819.103896
1743466819.136318
1743466819.168247
1743466819.200357
1743466819.231455
1743466819.264205
1743466819.295785
1743466819.327777
1743466819.359327
1743466819.375289
1743466819.391854
1743466819.424267
1743466819.455807
1743466819.487971
1743466819.520265
1743466819.552254
1743466819.583602
1743466819.615820
1743466819.647620
1743466819.663641
1743466819.695435
1743466819.711625
1743466819.727827
1743466819.743779
1743466819.775603
1743466819.808209
1743466819.840198
1743466819.872214
1743466819.919949
1743466819.951947
1743466819.984700
1743466820.016389
1743466820.047448
1743466820.063765
1743466820.095803
1743466820.127823
1743466820.159852
1743466820.192335
1743466820.239882
1743466820.271979
1743466820.303741
1743466820.336082
1743466820.368255
1743466820.400236
1743466820.431347
1743466820.447763
1743466820.479927
1743466820.495800
1743466820.527978
1743466820.560160
1743466820.592046
1743466820.623975
1743466820.655571
1743466820.688179
1743466820.720097
1743466820.752279
1743466820.783851
1743466820.815951
1743466820.848109
1743466820.895702
1743466820.927520
1743466820.959912
1743466820.991932
1743466821.024245
1743466821.055805
1743466821.088360
1743466821.120126
1743466821.152122
1743466821.183951
1743466821.216506
1743466821.247702
1743466821.279584
1743466821.311403
1743466821.327419
1743466821.359968
1743466821.392363
1743466821.423646
1743466821.456193
1743466821.488199
1743466821.535962
1743466821.567494
1743466821.599840
1743466821.631547
1743466821.663565
1743466821.695586
1743466821.727758
1743466821.760199
1743466821.792222
1743466821.824063
1743466821.872194
1743466821.904053
1743466821.935972
1743466821.967984
1743466821.999567
1743466822.031813
1743466822.063799
1743466822.095911
1743466822.127867
1743466822.160162
1743466822.192313
1743466822.223941
1743466822.256030
1743466822.287515
1743466822.320152
1743466822.351937
1743466822.384080
1743466822.415457
1743466822.431644
1743466822.463732
1743466822.511610
1743466822.543304
1743466822.575973
1743466822.608108
1743466822.640227
1743466822.671578
1743466822.704068
1743466822.736058
1743466822.768234
1743466822.799898
1743466822.847560
1743466822.879801
1743466822.911444
1743466822.943759
1743466822.976038
1743466823.007930
1743466823.040371
1743466823.072009
1743466823.104149
1743466823.136202
1743466823.168306
1743466823.199769
1743466823.231674
1743466823.263655
1743466823.295564
1743466823.327270
1743466823.359823
1743466823.392436
1743466823.424362
1743466823.455763
1743466823.488333
1743466823.520156
1743466823.552172
1743466823.583401
1743466823.599642
1743466823.631756
1743466823.663720
1743466823.695425
1743466823.711820
1743466823.744195
1743466823.776116
1743466823.824211
1743466823.856007
1743466823.888030
1743466823.920099
1743466823.951428
1743466823.967630
1743466823.999639
1743466824.015980
1743466824.046564
1743466824.063353
1743466824.079860
1743466824.095808
1743466824.143814
1743466824.175880
1743466824.208034
1743466824.240006
1743466824.271848
1743466824.304182
1743466824.336076
1743466824.367852
1743466824.399809
1743466824.432059
1743466824.464124
1743466824.495769
1743466824.527556
1743466824.543325
1743466824.575923
1743466824.608143
1743466824.639542
1743466824.672059
1743466824.704246
1743466824.736157
1743466824.767608
1743466824.800258
1743466824.831835
1743466824.863779
1743466824.895418
1743466824.927695
1743466824.960007
1743466824.991992
1743466825.024106
1743466825.056452
1743466825.088439
1743466825.120182
1743466825.151462
1743466825.183562
1743466825.215629
1743466825.247714
1743466825.279170
1743466825.295709
1743466825.328029
1743466825.360258
1743466825.391636
1743466825.440056
1743466825.471890
1743466825.503949
1743466825.535387
1743466825.568065
1743466825.599669
1743466825.631598
1743466825.663628
1743466825.695841
1743466825.728090
1743466825.775737
1743466825.807854
1743466825.840145
1743466825.872179
1743466825.903963
1743466825.935860
1743466825.968055
1743466825.999956
1743466826.031680
1743466826.063754
1743466826.096041
1743466826.127635
1743466826.159890
1743466826.191752
1743466826.224076
1743466826.255902
1743466826.288298
1743466826.319792
1743466826.352076
1743466826.384282
1743466826.416219
1743466826.447460
1743466826.463521
1743466826.495718
1743466826.527623
1743466826.543357
1743466826.575884
1743466826.608308
1743466826.640173
1743466826.671575
1743466826.704322
1743466826.751955
1743466826.783962
1743466826.815365
1743466826.831594
1743466826.863677
1743466826.895695
1743466826.927714
1743466826.959771
1743466826.992084
1743466827.024288
1743466827.071731
1743466827.103981
1743466827.136047
1743466827.167828
1743466827.199411
1743466827.215538
1743466827.247694
1743466827.279640
1743466827.311710
1743466827.344161
1743466827.391807
1743466827.424010
1743466827.455415
1743466827.488126
1743466827.520097
1743466827.552157
1743466827.583911
1743466827.615917
1743466827.647617
1743466827.663815
1743466827.695877
1743466827.728046
1743466827.759851
1743466827.792132
1743466827.823611
1743466827.856231
1743466827.888088
1743466827.920053
1743466827.951750
1743466827.984286
1743466828.015907
1743466828.048201
1743466828.079325
1743466828.095500
1743466828.127662
1743466828.159975
1743466828.191678
1743466828.224080
1743466828.255977
1743466828.288087
1743466828.320318
1743466828.367833
1743466828.400003
1743466828.431544
1743466828.463284
1743466828.479829
1743466828.511737
1743466828.543984
1743466828.575339
1743466828.608015
1743466828.639922
1743466828.672439
1743466828.703315
1743466828.735785
1743466828.767913
1743466828.800063
1743466828.831059
1743466828.847417
1743466828.863743
1743466828.895744
1743466828.927713
1743466828.959802
1743466828.991968
1743466829.024177
1743466829.055780
1743466829.087918
1743466829.119908
1743466829.152035
1743466829.183391
1743466829.199505
1743466829.231850
1743466829.263591
1743466829.295506
1743466829.343468
1743466829.375823
1743466829.408019
1743466829.439294
1743466829.471995
1743466829.504025
1743466829.535793
1743466829.567734
1743466829.600090
1743466829.631977
1743466829.679485
1743466829.711526
1743466829.743799
1743466829.775913
1743466829.807992
1743466829.839742
1743466829.871546
1743466829.904056
1743466829.936266
1743466829.968232
1743466830.000235
1743466830.031806
1743466830.063707
1743466830.095680
1743466830.127848
1743466830.159529
1743466830.191956
1743466830.223907
1743466830.256006
1743466830.287612
1743466830.320048
1743466830.351773
1743466830.384044
1743466830.415469
1743466830.447610
1743466830.479487
1743466830.511618
1743466830.543846
1743466830.576076
1743466830.608298
1743466830.656145
1743466830.687304
1743466830.719997
1743466830.751749
1743466830.783899
1743466830.815316
1743466830.847523
1743466830.879727
1743466830.911732
1743466830.943591
1743466830.976273
1743466831.007920
1743466831.039964
1743466831.071748
1743466831.103968
1743466831.136197
1743466831.167985
1743466831.199721
1743466831.231758
1743466831.263725
1743466831.296039
1743466831.327094
1743466831.359556
1743466831.391979
1743466831.423911
1743466831.455343
1743466831.487943
1743466831.520097
1743466831.552426
1743466831.583586
1743466831.631259
1743466831.663606
1743466831.695540
1743466831.727522
1743466831.759768
1743466831.792047
1743466831.823907
1743466831.855386
1743466831.888254
1743466831.919999
1743466831.952103
1743466831.983648
1743466832.015522
1743466832.047397
1743466832.063529
1743466832.095756
1743466832.127666
1743466832.159860
1743466832.191964
1743466832.223938
1743466832.271820
1743466832.303890
1743466832.335781
1743466832.367598
1743466832.399467
1743466832.415377
1743466832.447635
1743466832.479708
1743466832.511623
1743466832.544179
1743466832.575921
1743466832.607721
1743466832.640071
1743466832.671934
1743466832.704454
1743466832.735259
1743466832.767914
1743466832.799830
1743466832.831861
1743466832.863401
1743466832.879688
1743466832.927468
1743466832.959854
1743466832.991443
1743466833.023867
1743466833.055718
1743466833.087968
1743466833.119668
1743466833.151966
1743466833.184030
1743466833.215880
1743466833.247841
1743466833.279338
1743466833.311633
1743466833.343723
1743466833.375404
1743466833.407768
1743466833.440055
1743466833.471902
1743466833.503687
1743466833.536214
1743466833.583752
1743466833.615780
1743466833.646995
1743466833.663303
1743466833.679518
1743466833.711561
1743466833.743387
1743466833.776213
1743466833.808213
1743466833.839951
1743466833.871796
1743466833.903920
1743466833.935901
1743466833.967992
1743466833.999347
1743466834.031668
1743466834.063651
1743466834.095803
1743466834.127657
1743466834.159936
1743466834.191992
1743466834.224174
1743466834.255215
1743466834.288099
1743466834.319892
1743466834.351590
1743466834.383514
1743466834.415781
1743466834.447561
1743466834.479556
1743466834.511736
1743466834.559666
1743466834.591750
1743466834.623868
1743466834.655539
1743466834.687810
1743466834.719875
1743466834.752170
1743466834.783569
1743466834.815639
1743466834.847915
1743466834.880122
1743466834.911266
1743466834.943587
1743466834.975910
1743466835.007700
1743466835.039839
1743466835.071850
1743466835.103921
1743466835.136108
1743466835.167546
1743466835.200098
1743466835.231379
1743466835.263363
1743466835.295365
1743466835.327642
1743466835.359615
1743466835.391806
1743466835.423524
1743466835.455967
1743466835.487907
1743466835.535637
1743466835.567384
1743466835.599490
1743466835.631434
1743466835.663478
1743466835.695382
1743466835.728048
1743466835.759901
1743466835.791949
1743466835.823737
1743466835.856175
1743466835.887724
1743466835.919670
1743466835.951707
1743466835.983887
1743466836.015625
1743466836.047464
1743466836.079566
1743466836.111714
1743466836.143990
1743466836.176003
1743466836.207467
1743466836.240019
1743466836.272218
1743466836.303902
1743466836.335940
1743466836.367901
1743466836.399887
1743466836.431755
1743466836.463796
1743466836.511390
1743466836.543562
1743466836.575771
1743466836.607735
1743466836.639720
1743466836.671772
1743466836.704132
1743466836.734763
1743466836.751400
1743466836.783697
1743466836.831467
1743466836.862939
1743466836.879232
1743466836.911574
1743466836.943844
1743466836.975320
1743466837.007917
1743466837.039821
1743466837.071917
1743466837.103963
1743466837.151759
1743466837.183795
1743466837.215559
1743466837.247468
1743466837.279330
1743466837.295605
1743466837.327928
1743466837.359688
1743466837.391931
1743466837.423953
1743466837.456181
1743466837.487565
1743466837.519904
1743466837.551868
1743466837.583895
1743466837.615159
1743466837.647463
1743466837.679558
1743466837.711643
1743466837.743550
1743466837.775851
1743466837.807981
1743466837.839781
1743466837.871247
1743466837.903264
1743466837.935614
1743466837.967803
1743466838.000082
1743466838.031592
1743466838.063675
1743466838.095712
1743466838.128245
1743466838.159537
1743466838.191201
1743466838.224006
1743466838.255796
1743466838.287867
1743466838.319197
1743466838.351802
1743466838.384033
1743466838.415857
1743466838.463276
1743466838.495239
1743466838.527467
1743466838.559584
1743466838.591542
1743466838.624143
1743466838.655957
1743466838.688146
1743466838.719648
1743466838.752144
1743466838.783937
1743466838.815731
1743466838.847178
1743466838.879510
1743466838.911380
1743466838.944036
1743466838.975555
1743466839.008073
1743466839.039958
1743466839.071958
1743466839.103837
1743466839.135671
1743466839.167607
1743466839.199573
1743466839.231327
1743466839.263458
1743466839.295450
1743466839.327758
1743466839.359597
1743466839.392128
1743466839.439919
1743466839.471863
1743466839.503342
1743466839.535796
1743466839.567693
1743466839.599933
1743466839.631033
1743466839.647523
1743466839.679615
1743466839.711593
1743466839.759532
1743466839.791770
1743466839.823898
1743466839.855791
1743466839.887461
1743466839.919673
1743466839.951703
1743466839.983838
1743466840.015420
1743466840.031732
1743466840.079655
1743466840.111390
1743466840.143226
1743466840.175756
1743466840.207880
1743466840.240223
1743466840.271542
1743466840.303753
1743466840.336228
1743466840.368181
1743466840.415767
1743466840.447387
1743466840.479291
1743466840.511426
1743466840.543415
1743466840.575874
1743466840.607941
1743466840.639844
1743466840.671652
1743466840.687425
1743466840.735828
1743466840.767568
1743466840.799143
1743466840.831147
1743466840.847290
1743466840.879333
1743466840.911180
1743466840.943754
1743466840.975732
1743466841.007763
1743466841.055960
1743466841.087692
1743466841.119924
1743466841.151594
1743466841.183328
1743466841.215507
1743466841.247551
1743466841.279371
1743466841.311754
1743466841.343692
1743466841.391551
1743466841.423691
1743466841.455675
1743466841.487837
1743466841.519670
1743466841.551647
1743466841.583494
1743466841.615620
1743466841.647707
1743466841.679756
1743466841.711443
1743466841.743791
1743466841.775549
1743466841.807769
1743466841.839142
1743466841.871632
1743466841.903783
1743466841.935712
1743466841.967458
1743466841.999487
1743466842.031689
1743466842.063334
1743466842.095142
1743466842.111403
1743466842.143719
1743466842.175605
1743466842.207287
1743466842.239700
1743466842.271879
1743466842.303851
1743466842.335903
1743466842.367748
1743466842.399498
1743466842.431571
1743466842.463400
1743466842.495550
1743466842.527625
1743466842.559755
1743466842.591568
1743466842.624073
1743466842.655871
1743466842.687954
1743466842.719208
1743466842.751798
1743466842.783832
1743466842.815228
1743466842.846871
1743466842.863373
1743466842.895490
1743466842.927681
1743466842.959526
1743466843.007467
1743466843.039642
1743466843.071835
1743466843.103349
1743466843.135720
1743466843.167987
1743466843.199827
1743466843.231249
1743466843.263698
1743466843.295862
1743466843.343286
1743466843.374997
1743466843.407975
1743466843.439821
1743466843.471640
1743466843.503418
1743466843.536063
1743466843.567805
1743466843.599849
1743466843.631475
1743466843.663902
1743466843.695280
1743466843.727255
1743466843.759530
1743466843.791764
1743466843.823675
1743466843.855757
1743466843.887482
1743466843.919923
1743466843.952028
1743466843.983872
1743466844.015058
1743466844.031301
1743466844.063154
1743466844.095275
1743466844.127494
1743466844.159465
1743466844.191605
1743466844.224102
1743466844.255874
1743466844.287787
1743466844.319857
1743466844.351536
1743466844.383567
1743466844.415275
1743466844.447534
1743466844.479621
1743466844.511426
1743466844.527531
1743466844.559667
1743466844.591762
1743466844.639620
1743466844.671822
1743466844.703528
1743466844.735517
1743466844.767214
1743466844.799364
1743466844.831298
1743466844.863263
1743466844.895502
1743466844.927609
1743466844.959753
1743466844.991511
1743466845.023305
1743466845.055708
1743466845.087843
1743466845.119818
1743466845.151697
1743466845.183855
1743466845.215700
1743466845.247625
1743466845.295168
1743466845.327767
1743466845.359484
1743466845.391525
1743466845.423519
1743466845.455767
1743466845.487732
1743466845.519853
1743466845.551300
1743466845.584016
1743466845.615777
1743466845.647060
1743466845.679185
1743466845.711436
1743466845.743368
1743466845.775676
1743466845.807483
1743466845.839889
1743466845.871867
1743466845.903820
1743466845.935614
1743466845.967061
1743466845.999095
1743466846.031281
1743466846.063385
1743466846.095522
1743466846.127388
1743466846.159467
1743466846.191820
1743466846.223849
1743466846.271607
1743466846.303666
1743466846.335625
1743466846.367669
1743466846.399354
1743466846.431430
1743466846.463237
1743466846.479330
1743466846.511531
1743466846.543751
1743466846.591410
1743466846.623593
1743466846.655256
1743466846.687638
1743466846.719872
1743466846.751471
1743466846.783489
1743466846.815532
1743466846.847358
1743466846.863429
1743466846.911173
1743466846.943514
1743466846.975783
1743466847.007826
1743466847.039507
1743466847.071879
1743466847.103592
1743466847.135675
1743466847.167462
1743466847.198327
1743466847.247494
1743466847.279312
1743466847.311342
1743466847.343285
1743466847.375858
1743466847.407545
1743466847.439359
1743466847.471719
1743466847.504391
1743466847.536014
1743466847.567256
1743466847.599267
1743466847.631070
1743466847.647103
1743466847.679206
1743466847.695240
1743466847.727418
1743466847.759627
1743466847.791418
1743466847.823821
1743466847.855840
1743466847.888138
1743466847.919274
1743466847.951674
1743466847.983561
1743466848.015376
1743466848.047212
1743466848.079457
1743466848.111404
1743466848.143600
1743466848.175432
1743466848.223378
1743466848.255634
1743466848.287673
1743466848.319551
1743466848.351796
1743466848.383995
1743466848.415531
1743466848.447182
1743466848.463318
1743466848.495564
1743466848.543325
1743466848.575017
1743466848.607896
1743466848.639655
1743466848.670729
1743466848.703524
1743466848.735885
1743466848.767648
1743466848.799750
1743466848.831136
1743466848.863716
1743466848.895420
1743466848.927295
1743466848.959079
1743466848.991732
1743466849.023905
1743466849.055704
1743466849.087164
1743466849.120056
1743466849.151770
1743466849.199573
1743466849.230764
1743466849.247180
1743466849.279369
1743466849.311238
1743466849.343150
1743466849.375681
1743466849.407755
1743466849.439752
1743466849.471718
1743466849.519774
1743466849.551628
1743466849.583681
1743466849.614958
1743466849.647393
1743466849.679306
1743466849.711300
1743466849.742685
1743466849.759230
1743466849.775458
1743466849.808457
1743466849.839187
1743466849.871631
1743466849.903594
1743466849.935398
1743466849.967190
1743466849.999209
1743466850.015221
1743466850.047421
1743466850.079439
1743466850.111636
1743466850.143703
1743466850.175790
1743466850.207039
1743466850.239665
1743466850.271571
1743466850.303621
1743466850.335419
1743466850.367906
1743466850.399734
1743466850.431483
1743466850.463017
1743466850.495732
1743466850.527050
1743466850.559473
1743466850.591034
1743466850.623585
1743466850.655721
1743466850.687650
1743466850.719077
1743466850.751738
1743466850.783736
1743466850.815703
1743466850.846809
1743466850.879404
1743466850.911182
1743466850.943489
1743466850.975231
1743466851.008092
1743466851.039878
1743466851.071781
1743466851.103470
1743466851.151366
1743466851.183637
1743466851.215153
1743466851.247025
1743466851.263331
1743466851.295222
1743466851.327385
1743466851.359199
1743466851.391823
1743466851.423726
1743466851.471639
1743466851.502975
1743466851.535295
1743466851.567433
1743466851.599533
1743466851.630815
1743466851.647031
1743466851.663327
1743466851.695347
1743466851.727100
1743466851.743119
1743466851.791077
1743466851.823581
1743466851.854949
1743466851.887605
1743466851.919557
1743466851.951541
1743466851.983528
1743466852.015264
1743466852.047561
1743466852.079309
1743466852.127238
1743466852.159427
1743466852.191593
1743466852.223680
1743466852.255597
1743466852.287538
1743466852.319626
1743466852.351728
1743466852.383647
1743466852.415538
1743466852.447736
1743466852.479000
1743466852.511388
1743466852.543525
1743466852.575533
1743466852.607680
1743466852.639787
1743466852.671573
1743466852.703878
1743466852.735684
1743466852.767488
1743466852.799230
1743466852.831172
1743466852.863154
1743466852.894790
1743466852.911234
1743466852.943667
1743466852.975722
1743466853.007141
1743466853.039901
1743466853.071743
1743466853.103555
1743466853.135663
1743466853.167519
1743466853.199580
1743466853.231317
1743466853.263113
1743466853.295602
1743466853.327348
1743466853.359459
1743466853.391304
1743466853.423577
1743466853.455536
1743466853.487619
1743466853.519438
1743466853.551720
1743466853.583565
1743466853.615189
1743466853.646959
1743466853.663183
1743466853.695693
1743466853.743106
1743466853.774791
1743466853.807565
1743466853.839591
1743466853.871545
1743466853.903166
1743466853.935175
1743466853.967606
1743466853.999693
1743466854.031546
1743466854.079065
1743466854.111324
1743466854.143372
1743466854.175490
1743466854.207488
1743466854.238931
1743466854.271651
1743466854.303815
1743466854.335576
1743466854.367149
1743466854.399783
1743466854.431434
1743466854.463099
1743466854.494902
1743466854.511188
1743466854.543546
1743466854.575690
1743466854.606974
1743466854.639785
1743466854.671897
1743466854.719294
1743466854.750921
1743466854.783565
1743466854.799105
1743466854.831278
1743466854.863102
1743466854.895287
1743466854.927502
1743466854.959847
1743466854.991644
1743466855.023746
1743466855.055685
1743466855.087452
1743466855.119313
1743466855.151570
1743466855.183536
1743466855.215030
1743466855.246944
1743466855.263163
1743466855.279241
1743466855.295222
1743466855.327459
1743466855.375211
1743466855.407444
1743466855.439486
1743466855.470850
1743466855.503542
1743466855.535550
1743466855.567339
1743466855.599302
1743466855.631380
1743466855.663535
1743466855.695756
1743466855.726985
1743466855.759458
1743466855.791326
1743466855.823693
1743466855.855426
1743466855.887486
1743466855.919436
1743466855.951735
1743466855.983267
1743466856.030852
1743466856.062909
1743466856.079092
1743466856.111051
1743466856.127029
1743466856.159311
1743466856.191365
1743466856.223469
1743466856.255977
1743466856.287686
1743466856.319715
1743466856.351241
1743466856.383520
1743466856.415013
1743466856.447118
1743466856.478927
1743466856.511243
1743466856.543429
1743466856.575522
1743466856.607381
1743466856.639728
1743466856.671693
1743466856.703350
1743466856.735417
1743466856.767710
1743466856.799539
1743466856.831101
1743466856.862904
1743466856.879033
1743466856.911282
1743466856.943588
1743466856.975208
1743466857.007761
1743466857.039551
1743466857.071718
1743466857.103075
1743466857.135510
1743466857.167391
1743466857.199236
1743466857.231214
1743466857.263410
1743466857.295459
1743466857.327695
1743466857.358917
1743466857.391559
1743466857.423442
1743466857.455654
1743466857.486922
1743466857.519791
1743466857.551479
1743466857.583815
1743466857.615233
1743466857.647720
1743466857.679184
1743466857.711153
1743466857.743325
1743466857.775474
1743466857.807544
1743466857.839511
1743466857.871203
1743466857.903980
1743466857.935446
1743466857.983596
1743466858.015153
1743466858.047212
1743466858.079132
1743466858.111046
1743466858.143370
1743466858.175496
1743466858.207582
1743466858.239554
1743466858.271766
1743466858.303554
1743466858.335238
1743466858.367469
1743466858.399507
1743466858.431083
1743466858.463294
1743466858.495084
1743466858.527402
1743466858.559472
1743466858.591671
1743466858.623829
1743466858.655136
1743466858.687551
1743466858.719363
1743466858.751386
1743466858.783267
1743466858.815463
1743466858.847289
1743466858.879266
1743466858.911153
1743466858.927421
1743466858.959720
1743466858.991299
1743466859.023014
1743466859.055365
1743466859.087606
1743466859.119509
1743466859.151159
1743466859.183483
1743466859.215157
1743466859.231193
1743466859.278929
1743466859.311254
1743466859.343380
1743466859.375340
1743466859.407057
1743466859.439489
1743466859.471426
1743466859.503464
1743466859.535208
1743466859.567621
1743466859.599810
1743466859.631031
1743466859.662714
1743466859.679091
1743466859.711319
1743466859.743264
1743466859.775334
1743466859.807546
1743466859.839596
1743466859.871636
1743466859.903396
1743466859.935586
1743466859.967435
1743466859.999476
1743466860.031241
1743466860.063162
1743466860.095438
1743466860.127418
1743466860.159201
1743466860.191530
1743466860.223632
1743466860.255955
1743466860.287161
1743466860.319613
1743466860.351525
1743466860.383505
1743466860.415181
1743466860.447240
1743466860.479224
1743466860.511322
1743466860.543280
1743466860.575891
1743466860.607275
1743466860.639381
1743466860.671290
1743466860.703491
1743466860.735795
1743466860.767370
1743466860.799389
1743466860.831386
1743466860.847227
1743466860.879375
1743466860.911108
1743466860.943265
1743466860.975209
1743466861.007342
1743466861.039431
1743466861.071582
1743466861.103473
1743466861.135591
1743466861.167303
1743466861.200058
1743466861.231726
1743466861.263031
1743466861.294956
1743466861.310914
1743466861.343597
1743466861.375592
1743466861.407302
1743466861.439582
1743466861.471684
1743466861.503606
1743466861.551245
1743466861.583319
1743466861.615018
1743466861.647275
1743466861.678835
1743466861.695115
1743466861.727198
1743466861.759348
1743466861.791235
1743466861.823102
1743466861.855933
1743466861.887531
1743466861.919313
1743466861.951498
1743466861.983299
1743466862.015263
1743466862.047270
1743466862.079316
1743466862.111130
1743466862.143463
1743466862.175705
1743466862.207687
1743466862.238980
1743466862.271110
1743466862.303386
1743466862.335737
1743466862.367237
1743466862.398960
1743466862.431110
1743466862.463328
1743466862.495213
1743466862.527774
1743466862.559227
1743466862.591205
1743466862.623206
1743466862.655584
1743466862.687658
1743466862.719417
1743466862.751233
1743466862.783724
1743466862.815256
1743466862.862937
1743466862.878840
1743466862.911028
1743466862.943289
1743466862.975424
1743466863.006920
1743466863.039401
1743466863.071750
1743466863.103728
1743466863.135212
1743466863.183128
1743466863.214826
1743466863.247090
1743466863.278597
1743466863.295027
1743466863.327294
1743466863.359268
1743466863.391125
1743466863.423508
1743466863.455515
1743466863.503292
1743466863.534783
1743466863.567396
1743466863.599139
1743466863.631040
1743466863.662923
1743466863.695146
1743466863.727219
1743466863.759516
1743466863.791162
1743466863.839477
1743466863.871310
1743466863.903439
1743466863.935122
1743466863.966220
1743466863.997861
1743466864.031538
1743466864.062612
1743466864.079221
1743466864.111272
1743466864.158942
1743466864.190899
1743466864.223367
1743466864.255709
1743466864.287353
1743466864.319094
1743466864.351458
1743466864.383667
1743466864.415231
1743466864.447119
1743466864.479661
1743466864.511466
1743466864.543354
1743466864.575215
1743466864.607371
1743466864.639315
1743466864.671420
1743466864.703555
1743466864.735746
1743466864.767486
1743466864.815186
1743466864.846506
1743466864.862971
1743466864.895305
1743466864.911021
1743466864.942886
1743466864.975287
1743466865.007420
1743466865.039311
1743466865.071180
1743466865.103806
1743466865.135795
1743466865.167644
1743466865.198931
1743466865.231003
1743466865.263112
1743466865.295010
1743466865.327292
1743466865.359193
1743466865.391305
1743466865.423358
1743466865.455512
1743466865.487249
1743466865.519380
1743466865.551561
1743466865.582920
1743466865.614891
1743466865.647442
1743466865.678891
1743466865.710917
1743466865.727132
1743466865.759785
1743466865.791485
1743466865.822591
1743466865.855550
1743466865.887205
1743466865.919278
1743466865.950777
1743466865.983656
1743466866.015320
1743466866.047275
1743466866.078945
1743466866.111472
1743466866.143142
1743466866.175382
1743466866.207027
1743466866.239425
1743466866.271212
1743466866.303308
1743466866.335392
1743466866.367732
1743466866.399443
1743466866.431394
1743466866.462553
1743466866.478766
1743466866.511146
1743466866.543201
1743466866.575019
1743466866.607652
1743466866.639295
1743466866.671584
1743466866.703163
1743466866.735572
1743466866.767445
1743466866.799679
1743466866.830923
1743466866.862988
1743466866.895000
1743466866.927129
1743466866.958870
1743466866.991334
1743466867.023541
1743466867.055673
1743466867.087148
1743466867.119124
1743466867.151199
1743466867.183471
1743466867.214612
1743466867.230858
1743466867.263206
1743466867.294948
1743466867.326988
1743466867.359403
1743466867.407241
1743466867.439358
1743466867.470714
1743466867.503406
1743466867.535240
1743466867.567372
1743466867.598951
1743466867.630968
1743466867.663077
1743466867.679200
1743466867.711170
1743466867.743723
1743466867.775176
1743466867.807215
1743466867.839191
1743466867.871336
1743466867.903345
1743466867.935500
1743466867.967268
1743466867.999625
1743466868.031275
1743466868.063488
1743466868.094925
1743466868.110869
1743466868.127213
1743466868.159270
1743466868.191023
1743466868.223518
1743466868.255381
1743466868.287416
1743466868.319227
1743466868.351466
1743466868.383645
1743466868.415517
1743466868.446944
1743466868.479061
1743466868.511042
1743466868.543221
1743466868.575101
1743466868.607344
1743466868.639366
1743466868.671522
1743466868.719193
1743466868.751342
1743466868.783247
1743466868.815030
1743466868.846819
1743466868.862951
1743466868.895007
1743466868.927070
1743466868.958881
1743466868.974961
1743466869.007759
1743466869.039642
1743466869.070587
1743466869.103241
1743466869.135399
1743466869.167334
1743466869.198811
1743466869.230897
1743466869.262867
1743466869.278872
1743466869.310945
1743466869.359105
1743466869.391223
1743466869.423303
1743466869.455325
1743466869.487252
1743466869.519223
1743466869.551475
1743466869.583175
1743466869.615144
1743466869.647116
1743466869.694733
1743466869.726478
1743466869.758623
1743466869.791269
1743466869.823478
1743466869.855361
1743466869.887693
1743466869.919377
1743466869.951783
1743466869.983585
1743466870.015553
1743466870.046335
1743466870.062843
1743466870.094845
1743466870.127204
1743466870.158801
1743466870.191260
1743466870.223322
1743466870.255397
1743466870.287116
1743466870.335041
1743466870.367383
1743466870.399194
1743466870.430378
1743466870.446661
1743466870.462950
1743466870.495038
1743466870.526959
1743466870.559073
1743466870.591315
1743466870.623472
1743466870.671364
1743466870.703241
1743466870.735225
1743466870.767083
1743466870.798951
1743466870.831083
1743466870.863211
1743466870.895118
1743466870.926792
1743466870.959523
1743466870.991375
1743466871.023106
1743466871.054682
1743466871.087352
1743466871.119125
1743466871.151291
1743466871.182971
1743466871.214911
1743466871.230893
1743466871.263196
1743466871.310823
1743466871.343075
1743466871.375143
1743466871.407154
1743466871.438837
1743466871.471154
1743466871.503295
1743466871.535376
1743466871.567078
1743466871.599235
1743466871.646723
1743466871.678885
1743466871.710537
1743466871.743066
1743466871.775335
1743466871.807351
1743466871.838933
1743466871.871364
1743466871.903324
1743466871.935564
1743466871.966999
1743466871.998806
1743466872.030641
1743466872.046694
1743466872.078696
1743466872.094747
1743466872.110858
1743466872.143106
1743466872.175178
1743466872.207478
1743466872.239421
1743466872.287078
1743466872.318995
1743466872.334934
1743466872.367695
1743466872.399089
1743466872.430967
1743466872.463032
1743466872.495016
1743466872.526991
1743466872.558997
1743466872.591404
1743466872.623538
1743466872.655509
1743466872.686965
1743466872.719318
1743466872.751378
1743466872.783296
1743466872.814710
1743466872.847210
1743466872.879025
1743466872.911048
1743466872.943230
1743466872.975066
1743466873.007237
1743466873.039159
1743466873.070723
1743466873.103242
1743466873.135594
1743466873.167340
1743466873.199059
1743466873.231075
1743466873.263254
1743466873.294867
1743466873.327062
1743466873.359164
1743466873.391085
1743466873.423125
1743466873.455090
1743466873.487339
1743466873.519433
1743466873.551451
1743466873.599048
1743466873.631619
1743466873.663012
1743466873.695074
1743466873.726582
1743466873.759123
1743466873.791292
1743466873.823585
1743466873.854937
1743466873.887467
1743466873.919433
1743466873.951213
1743466873.982699
1743466873.998746
1743466874.030850
1743466874.063136
1743466874.094372
1743466874.110759
1743466874.143102
1743466874.175448
1743466874.206981
1743466874.239473
1743466874.270983
1743466874.303165
1743466874.334864
1743466874.367092
1743466874.398736
1743466874.431193
1743466874.462622
1743466874.479035
1743466874.511009
1743466874.543319
1743466874.574861
1743466874.607134
1743466874.639233
1743466874.671342
1743466874.702680
1743466874.735265
1743466874.767061
1743466874.798932
1743466874.830614
1743466874.846938
1743466874.894683
1743466874.926869
1743466874.958599
1743466874.991261
1743466875.023430
1743466875.055622
1743466875.086743
1743466875.119161
1743466875.151396
1743466875.183650
1743466875.214531
1743466875.246973
1743466875.278851
1743466875.310833
1743466875.342801
1743466875.375140
1743466875.407230
1743466875.439360
1743466875.471131
1743466875.503778
1743466875.551189
1743466875.583149
1743466875.614933
1743466875.646656
1743466875.662982
1743466875.694758
1743466875.726644
1743466875.759091
1743466875.791318
1743466875.823528
1743466875.871190
1743466875.903042
1743466875.935032
1743466875.967399
1743466875.998688
1743466876.030761
1743466876.062967
1743466876.095116
1743466876.126910
1743466876.159315
1743466876.191471
1743466876.223205
1743466876.255034
1743466876.287220
1743466876.319217
1743466876.351104
1743466876.382986
1743466876.414937
1743466876.446972
1743466876.479417
1743466876.526682
1743466876.558789
1743466876.591201
1743466876.623143
1743466876.655069
1743466876.687326
1743466876.719335
1743466876.751285
1743466876.782936
1743466876.815014
1743466876.847346
1743466876.878691
1743466876.910659
1743466876.926795
1743466876.958953
1743466876.991105
1743466877.022634
1743466877.038396
1743466877.054710
1743466877.070960
1743466877.103078
1743466877.135665
1743466877.167325
1743466877.198997
1743466877.230281
1743466877.246698
1743466877.278740
1743466877.310930
1743466877.342969
1743466877.375085
1743466877.407594
1743466877.439090
1743466877.471709
1743466877.503408
1743466877.535007
1743466877.567102
1743466877.599107
1743466877.630431
1743466877.662988
1743466877.695007
1743466877.726802
1743466877.759259
1743466877.791304
1743466877.823346
1743466877.854964
1743466877.887022
1743466877.918493
1743466877.951568
1743466877.983251
1743466878.014952
1743466878.046320
1743466878.062980
1743466878.095026
1743466878.142766
1743466878.174395
1743466878.207058
1743466878.239173
1743466878.271005
1743466878.303061
1743466878.335246
1743466878.366996
1743466878.399137
1743466878.430820
1743466878.478560
1743466878.510937
1743466878.543058
1743466878.574940
1743466878.607170
1743466878.639070
1743466878.671197
1743466878.702980
1743466878.735451
1743466878.767288
1743466878.799173
1743466878.830609
1743466878.862680
1743466878.878799
1743466878.910937
1743466878.942963
1743466878.975095
1743466879.007436
1743466879.039178
1743466879.070843
1743466879.118950
1743466879.151144
1743466879.183248
1743466879.214313
1743466879.246749
1743466879.278795
1743466879.310712
1743466879.342512
1743466879.375247
1743466879.407552
1743466879.455095
1743466879.486514
1743466879.519191
1743466879.551339
1743466879.583083
1743466879.614422
1743466879.646963
1743466879.679017
1743466879.711045
1743466879.742676
1743466879.775303
1743466879.807102
1743466879.839147
1743466879.870421
1743466879.903057
1743466879.935000
1743466879.967481
1743466879.998705
1743466880.031089
1743466880.063061
1743466880.095377
1743466880.126314
1743466880.142328
1743466880.175181
1743466880.207181
1743466880.238494
1743466880.271193
1743466880.303038
1743466880.335069
1743466880.367058
1743466880.399197
1743466880.430751
1743466880.446744
1743466880.478712
1743466880.510856
1743466880.543174
1743466880.575008
1743466880.606688
1743466880.639401
1743466880.671329
1743466880.703361
1743466880.750852
1743466880.782930
1743466880.814609
1743466880.846742
1743466880.878304
1743466880.894622
1743466880.926823
1743466880.959049
1743466880.990635
1743466881.023247
1743466881.071006
1743466881.102899
1743466881.134472
1743466881.167315
1743466881.199157
1743466881.230644
1743466881.262253
1743466881.278930
1743466881.311166
1743466881.343287
1743466881.374839
1743466881.407482
1743466881.439285
1743466881.471124
1743466881.502624
1743466881.535129
1743466881.567175
1743466881.599394
1743466881.630771
1743466881.646879
1743466881.679032
1743466881.726553
1743466881.758256
1743466881.791013
1743466881.823333
1743466881.855213
1743466881.886604
1743466881.919194
1743466881.951323
1743466881.983604
1743466882.014846
1743466882.047132
1743466882.078640
1743466882.110756
1743466882.142473
1743466882.158522
1743466882.191485
1743466882.223185
1743466882.254952
1743466882.287417
1743466882.319261
1743466882.351275
1743466882.382889
1743466882.414660
1743466882.446585
1743466882.478679
1743466882.510560
1743466882.543150
1743466882.575385
1743466882.607678
1743466882.638697
1743466882.671197
1743466882.703093
1743466882.734821
1743466882.766770
1743466882.798910
1743466882.830723
1743466882.862644
1743466882.894697
1743466882.926716
1743466882.959260
1743466882.991119
1743466883.022922
1743466883.054968
1743466883.086831
1743466883.119374
1743466883.150642
1743466883.183017
1743466883.215025
1743466883.246817
1743466883.278986
1743466883.311249
1743466883.358895
1743466883.390958
1743466883.422853
1743466883.455257
1743466883.487380
1743466883.519266
1743466883.551007
1743466883.583361
1743466883.615086
1743466883.647201
1743466883.679098
1743466883.710992
1743466883.742838
1743466883.775207
1743466883.807075
1743466883.839521
1743466883.871409
1743466883.903369
1743466883.934736
1743466883.967261
1743466883.999201
1743466884.030354
1743466884.062140
1743466884.094925
1743466884.125909
1743466884.158671
1743466884.190237
1743466884.221953
1743466884.254487
1743466884.271090
1743466884.303189
1743466884.334882
1743466884.366894
1743466884.398790
1743466884.430748
1743466884.462674
1743466884.494605
1743466884.510836
1743466884.542988
1743466884.574968
1743466884.607171
1743466884.654737
1743466884.686604
1743466884.718856
1743466884.750889
1743466884.783278
1743466884.814608
1743466884.846995
1743466884.879003
1743466884.911002
1743466884.942868
1743466884.975276
1743466885.007033
1743466885.039319
1743466885.070794
1743466885.103496
1743466885.135459
1743466885.167241
1743466885.198999
1743466885.230994
1743466885.263145
1743466885.310960
1743466885.342425
1743466885.375154
1743466885.407370
1743466885.439189
1743466885.470752
1743466885.503386
1743466885.535265
1743466885.567212
1743466885.599007
1743466885.630684
1743466885.662899
1743466885.694534
1743466885.726911
1743466885.759036
1743466885.791410
1743466885.823716
1743466885.855400
1743466885.887418
1743466885.918735
1743466885.951502
1743466885.983148
1743466886.014866
1743466886.046376
1743466886.062815
1743466886.094889
1743466886.126910
1743466886.158835
1743466886.191346
1743466886.223561
1743466886.255381
1743466886.286641
1743466886.319228
1743466886.351159
1743466886.383202
1743466886.414861
1743466886.447133
1743466886.479216
1743466886.510979
1743466886.542827
1743466886.575166
1743466886.607359
1743466886.639227
1743466886.670888
1743466886.703312
1743466886.735415
1743466886.767387
1743466886.798725
1743466886.830919
1743466886.863023
1743466886.895208
1743466886.926635
1743466886.958808
1743466886.990953
1743466887.023225
1743466887.054919
1743466887.087307
1743466887.119204
1743466887.151528
1743466887.182890
1743466887.215161
1743466887.262721
1743466887.294703
1743466887.326547
1743466887.342633
1743466887.375170
1743466887.407327
1743466887.439043
1743466887.471292
1743466887.503295
1743466887.535177
1743466887.583087
1743466887.614832
1743466887.646792
1743466887.678846
1743466887.710772
1743466887.726846
1743466887.758988
1743466887.791269
1743466887.823058
1743466887.855588
1743466887.902927
1743466887.935272
1743466887.966724
1743466887.999014
1743466888.030952
1743466888.063107
1743466888.095038
1743466888.127050
1743466888.159129
1743466888.191336
1743466888.239257
1743466888.270983
1743466888.303129
1743466888.335025
1743466888.366979
1743466888.398860
1743466888.431056
1743466888.462827
1743466888.495005
1743466888.526827
1743466888.559257
1743466888.590959
1743466888.622673
1743466888.655056
1743466888.687308
1743466888.719168
1743466888.750927
1743466888.782772
1743466888.814830
1743466888.846539
1743466888.878949
1743466888.910454
1743466888.943017
1743466888.974904
1743466889.006836
1743466889.039062
1743466889.070998
1743466889.103312
1743466889.134635
1743466889.150718
1743466889.183468
1743466889.214913
1743466889.246171
1743466889.262557
1743466889.278793
1743466889.310880
1743466889.342534
1743466889.374971
1743466889.407342
1743466889.439122
1743466889.470928
1743466889.503430
1743466889.535469
1743466889.567061
1743466889.598604
1743466889.630676
1743466889.662896
1743466889.694768
1743466889.726750
1743466889.758855
1743466889.791117
1743466889.823291
1743466889.854443
1743466889.887075
1743466889.919092
1743466889.951067
1743466889.982655
1743466890.014983
1743466890.046975
1743466890.078879
1743466890.110729
1743466890.142919
1743466890.190540
1743466890.222778
1743466890.254705
1743466890.287160
1743466890.319041
1743466890.350961
1743466890.382533
1743466890.414851
1743466890.446865
1743466890.478789
1743466890.510968
1743466890.542801
1743466890.574757
1743466890.607243
1743466890.638840
1743466890.670824
1743466890.702861
1743466890.735151
1743466890.766960
1743466890.799118
1743466890.831007
1743466890.862397
1743466890.894690
1743466890.926763
1743466890.958691
1743466890.990964
1743466891.022768
1743466891.055010
1743466891.086970
1743466891.119023
1743466891.166841
1743466891.198482
1743466891.230655
1743466891.262478
1743466891.294428
1743466891.326525
1743466891.359046
1743466891.390993
1743466891.422841
1743466891.455243
1743466891.487095
1743466891.519014
1743466891.550545
1743466891.583171
1743466891.614558
1743466891.646667
1743466891.678478
1743466891.710683
1743466891.742987
1743466891.775051
1743466891.806892
1743466891.838846
1743466891.870785
1743466891.902860
1743466891.934516
1743466891.966901
1743466891.998674
1743466892.030775
1743466892.062454
1743466892.078829
1743466892.110861
1743466892.142912
1743466892.174360
1743466892.206845
1743466892.238973
1743466892.270967
1743466892.302583
1743466892.334970
1743466892.367037
1743466892.399003
1743466892.430715
1743466892.463249
1743466892.494481
1743466892.526519
1743466892.558492
1743466892.590877
1743466892.622777
1743466892.654909
1743466892.686732
1743466892.719024
1743466892.751222
1743466892.783142
1743466892.814718
1743466892.846442
1743466892.878668
1743466892.910615
1743466892.942621
1743466892.975058
1743466893.006983
1743466893.039301
1743466893.070946
1743466893.118787
1743466893.150963
1743466893.182876
1743466893.214215
1743466893.246593
1743466893.278565
1743466893.310676
1743466893.342432
1743466893.375321
1743466893.407194
1743466893.439039
1743466893.470352
1743466893.503337
1743466893.534861
1743466893.566978
1743466893.598844
1743466893.630267
1743466893.662682
1743466893.694795
1743466893.726902
1743466893.759096
1743466893.790839
1743466893.822935
1743466893.855090
1743466893.886878
1743466893.918310
1743466893.951031
1743466893.983187
1743466894.014966
1743466894.046454
1743466894.062742
1743466894.095100
1743466894.126758
1743466894.158471
1743466894.190728
1743466894.222966
1743466894.254953
1743466894.286691
1743466894.319010
1743466894.351061
1743466894.383036
1743466894.414662
1743466894.446595
1743466894.478497
1743466894.510521
1743466894.542803
1743466894.574879
1743466894.606908
1743466894.638903
1743466894.670834
1743466894.703096
1743466894.735010
1743466894.766911
1743466894.798628
1743466894.830449
1743466894.862609
1743466894.894760
1743466894.926671
1743466894.958732
1743466894.990975
1743466895.023079
1743466895.070851
1743466895.103109
1743466895.134902
1743466895.167141
1743466895.198421
1743466895.214707
1743466895.246775
1743466895.278662
1743466895.310514
1743466895.343074
1743466895.390548
1743466895.422703
1743466895.454290
1743466895.486717
1743466895.519008
1743466895.551042
1743466895.582692
1743466895.614809
1743466895.646789
1743466895.678778
1743466895.710897
1743466895.742734
1743466895.774814
1743466895.806940
1743466895.838317
1743466895.871079
1743466895.903172
1743466895.934974
1743466895.967012
1743466895.999007
1743466896.046340
1743466896.078543
1743466896.110095
1743466896.142970
1743466896.174896
1743466896.207063
1743466896.238590
1743466896.271151
1743466896.303349
1743466896.335236
1743466896.366945
1743466896.398603
1743466896.430482
1743466896.462605
1743466896.494334
1743466896.510529
1743466896.542801
1743466896.574777
1743466896.606639
1743466896.638901
1743466896.686756
1743466896.718980
1743466896.750734
1743466896.782862
1743466896.814306
1743466896.846520
1743466896.878281
1743466896.910711
1743466896.942935
1743466896.974880
1743466897.022755
1743466897.054912
1743466897.087146
1743466897.118880
1743466897.150777
1743466897.183077
1743466897.214654
1743466897.230444
1743466897.262631
1743466897.294704
1743466897.342436
1743466897.374780
1743466897.406425
1743466897.438819
1743466897.470964
1743466897.503026
1743466897.534509
1743466897.566890
1743466897.599078
1743466897.630881
1743466897.662699
1743466897.694595
1743466897.726548
1743466897.758555
1743466897.790362
1743466897.823088
1743466897.854981
1743466897.887008
1743466897.918926
1743466897.951179
1743466897.998559
1743466898.030394
1743466898.062353
1743466898.094846
1743466898.126705
1743466898.158709
1743466898.190893
1743466898.222954
1743466898.255284
1743466898.286996
1743466898.318843
1743466898.350879
1743466898.382828
1743466898.414301
1743466898.446570
1743466898.478371
1743466898.494508
1743466898.526572
1743466898.558715
1743466898.590896
1743466898.638594
1743466898.670663
1743466898.702360
1743466898.734709
1743466898.767021
1743466898.798914
1743466898.830460
1743466898.862501
1743466898.894613
1743466898.926813
1743466898.974560
1743466899.006857
1743466899.038804
1743466899.070743
1743466899.103167
1743466899.134940
1743466899.166777
1743466899.198687
1743466899.230480
1743466899.246605
1743466899.294505
1743466899.326398
1743466899.358016
1743466899.390721
1743466899.422917
1743466899.454727
1743466899.486419
1743466899.519438
1743466899.550919
1743466899.582885
1743466899.614656
1743466899.646520
1743466899.678471
1743466899.710480
1743466899.742267
1743466899.774791
1743466899.806864
1743466899.839034
1743466899.870476
1743466899.903259
1743466899.950800
1743466899.982807
1743466900.014086
1743466900.046479
1743466900.078466
1743466900.110581
1743466900.142474
1743466900.174980
1743466900.207121
1743466900.239255
1743466900.270486
1743466900.303053
1743466900.334639
1743466900.366699
1743466900.398184
1743466900.414227
1743466900.446384
1743466900.478397
1743466900.510262
1743466900.542885
1743466900.590250
1743466900.622828
1743466900.654319
1743466900.686797
1743466900.718885
1743466900.750755
1743466900.782752
1743466900.814629
1743466900.846701
1743466900.878770
1743466900.926477
1743466900.958691
1743466900.990605
1743466901.022719
1743466901.054533
1743466901.087087
1743466901.118723
1743466901.150790
1743466901.182989
1743466901.214682
1743466901.246761
1743466901.262288
1743466901.294191
1743466901.310392
1743466901.342719
1743466901.374703
1743466901.406251
1743466901.438767
1743466901.470804
1743466901.502888
1743466901.534247
1743466901.567113
1743466901.598658
1743466901.630167
1743466901.661960
1743466901.694186
1743466901.726571
1743466901.758757
1743466901.790765
1743466901.822972
1743466901.855202
1743466901.902594
1743466901.934844
1743466901.966900
1743466901.998319
1743466902.030503
1743466902.062270
1743466902.094493
1743466902.126199
1743466902.142314
1743466902.174804
1743466902.222681
1743466902.254021
1743466902.270569
1743466902.302705
1743466902.334765
1743466902.366543
1743466902.398771
1743466902.430543
1743466902.462696
1743466902.494507
1743466902.510749
1743466902.543186
1743466902.574723
1743466902.606478
1743466902.638835
1743466902.670837
1743466902.702822
1743466902.734491
1743466902.766814
1743466902.798810
1743466902.830529
1743466902.878546
1743466902.910473
1743466902.942548
1743466902.974699
1743466903.007038
1743466903.038776
1743466903.070789
1743466903.102914
1743466903.134764
1743466903.166843
1743466903.198957
1743466903.230419
1743466903.262271
1743466903.278400
1743466903.310576
1743466903.342643
1743466903.374443
1743466903.406837
1743466903.438807
1743466903.470859
1743466903.518598
1743466903.550589
1743466903.582733
1743466903.614254
1743466903.646294
1743466903.662532
1743466903.694650
1743466903.726431
1743466903.758518
1743466903.790867
1743466903.823150
1743466903.855167
1743466903.886539
1743466903.918929
1743466903.950829
1743466903.982787
1743466904.014214
1743466904.030287
1743466904.062319
1743466904.078324
1743466904.110133
1743466904.126483
1743466904.174405
1743466904.206671
1743466904.238130
1743466904.270994
1743466904.302784
1743466904.334484
1743466904.366750
1743466904.398793
1743466904.430522
1743466904.462444
1743466904.495061
1743466904.526431
1743466904.558503
1743466904.590714
1743466904.622651
1743466904.654922
1743466904.686688
1743466904.718664
1743466904.751075
1743466904.782910
1743466904.830175
1743466904.862165
1743466904.894100
1743466904.926578
1743466904.958551
1743466904.990633
1743466905.022655
1743466905.054836
1743466905.086905
1743466905.119196
1743466905.150707
1743466905.182658
1743466905.214405
1743466905.246329
1743466905.278289
1743466905.294355
1743466905.326667
1743466905.358636
1743466905.390582
1743466905.423160
1743466905.470659
1743466905.502617
1743466905.534081
1743466905.566747
1743466905.598351
1743466905.630226
1743466905.662232
1743466905.694346
1743466905.710436
1743466905.726355
1743466905.758609
1743466905.806454
1743466905.838589
1743466905.870884
1743466905.902393
1743466905.934840
1743466905.966709
1743466905.998701
1743466906.030420
1743466906.062396
1743466906.078615
1743466906.126314
1743466906.157953
1743466906.190685
1743466906.222517
1743466906.254918
1743466906.286571
1743466906.318982
1743466906.350791
1743466906.382757
1743466906.414656
1743466906.447189
1743466906.478449
1743466906.510494
1743466906.542550
1743466906.574592
1743466906.606694
1743466906.638847
1743466906.670597
1743466906.702627
1743466906.734836
1743466906.782812
1743466906.814147
1743466906.846258
1743466906.878199
1743466906.910474
1743466906.942491
1743466906.974836
1743466907.006973
1743466907.039012
1743466907.070883
1743466907.102834
1743466907.134702
1743466907.166830
1743466907.198552
1743466907.230357
1743466907.262188
1743466907.279010
1743466907.310366
1743466907.342642
1743466907.374722
1743466907.422524
1743466907.454267
1743466907.486835
1743466907.518752
1743466907.550658
1743466907.582440
1743466907.614242
1743466907.646305
1743466907.678825
1743466907.710455
1743466907.726545
1743466907.758874
1743466907.790489
1743466907.822470
1743466907.854591
1743466907.886690
1743466907.918739
1743466907.950614
1743466907.983081
1743466908.014844
1743466908.046835
1743466908.078292
1743466908.110404
1743466908.142581
1743466908.174538
1743466908.206186
1743466908.238815
1743466908.270643
1743466908.302819
1743466908.334592
1743466908.366874
1743466908.398729
1743466908.430209
1743466908.461957
1743466908.478230
1743466908.510509
1743466908.542425
1743466908.574552
1743466908.606714
1743466908.638604
1743466908.670853
1743466908.701333
1743466908.735034
1743466908.766722
1743466908.798573
1743466908.830179
1743466908.862237
1743466908.894385
1743466908.926472
1743466908.958604
1743466908.990826
1743466909.023079
1743466909.054760
1743466909.086351
1743466909.118725
1743466909.150738
1743466909.182668
1743466909.214321
1743466909.246513
1743466909.278418
1743466909.310490
1743466909.326328
1743466909.342597
1743466909.374972
1743466909.406548
1743466909.438072
1743466909.470781
1743466909.502571
1743466909.534652
1743466909.566132
1743466909.598032
1743466909.630419
1743466909.662565
1743466909.710508
1743466909.742481
1743466909.774601
1743466909.806641
1743466909.837849
1743466909.869702
1743466909.886550
1743466909.919011
1743466909.950553
1743466909.982878
1743466910.030034
1743466910.062391
1743466910.094239
1743466910.126314
1743466910.158096
1743466910.190756
1743466910.222660
1743466910.255014
1743466910.286438
1743466910.319004
1743466910.350923
1743466910.382434
1743466910.414026
1743466910.446312
1743466910.478090
1743466910.494396
1743466910.526401
1743466910.558487
1743466910.590622
1743466910.622709
1743466910.653346
1743466910.685296
1743466910.717215
1743466910.749187
1743466910.780790
1743466910.796888
1743466910.813059
1743466910.829076
1743466910.860941
1743466910.877090
1743466910.909007
1743466910.925229
1743466910.957045
1743466911.005062
1743466911.037022
1743466911.069118
1743466911.101179
1743466911.135206
1743466911.166614
1743466911.198438
1743466911.230679
1743466911.262258
1743466911.278700
1743466911.326151
1743466911.341883
1743466911.358276
1743466911.390538
1743466911.422594
1743466911.454442
1743466911.470503
1743466911.502582
1743466911.533383
1743466911.550015
1743466911.581385
1743466911.598925
1743466911.630489
1743466911.662875
1743466911.694278
1743466911.726277
1743466911.758226
1743466911.790807
1743466911.822911
1743466911.854844
1743466911.886890
1743466911.918685
1743466911.950926
1743466911.982813
1743466912.014152
1743466912.046032
1743466912.078321
1743466912.110381
1743466912.142661
1743466912.174140
1743466912.206923
1743466912.238751
1743466912.270785
1743466912.302398
1743466912.334535
1743466912.366561
1743466912.398904
1743466912.430297
1743466912.462302
1743466912.494140
1743466912.526424
1743466912.558511
1743466912.590956
1743466912.638449
1743466912.670537
1743466912.702397
1743466912.734812
1743466912.766666
1743466912.798819
1743466912.830152
1743466912.862350
1743466912.894028
1743466912.910364
1743466912.926575
1743466912.958464
1743466912.990667
1743466913.022443
1743466913.054770
1743466913.085635
1743466913.117307
1743466913.149337
1743466913.181172
1743466913.197824
1743466913.214255
1743466913.245441
1743466913.277483
1743466913.309451
1743466913.342419
1743466913.374426
1743466913.406288
1743466913.438793
1743466913.470778
1743466913.503352
1743466913.534810
1743466913.567362
1743466913.614426
1743466913.646694
1743466913.678703
1743466913.710471
1743466913.726443
1743466913.758375
1743466913.790828
1743466913.822730
1743466913.854855
1743466913.887407
1743466913.934473
1743466913.966546
1743466913.998914
1743466914.030489
1743466914.062413
1743466914.094470
1743466914.110493
1743466914.126580
1743466914.158665
1743466914.190762
1743466914.222634
1743466914.254507
1743466914.286367
1743466914.318470
1743466914.350454
1743466914.382424
1743466914.414312
1743466914.446416
1743466914.462424
1743466914.478452
1743466914.510513
1743466914.542774
1743466914.590376
1743466914.622628
1743466914.654306
1743466914.670218
1743466914.702263
1743466914.734352
1743466914.766692
1743466914.797968
1743466914.814304
1743466914.846360
1743466914.878218
1743466914.910218
1743466914.941946
1743466914.958148
1743466914.990107
1743466915.022213
1743466915.054397
1743466915.086390
1743466915.118312
1743466915.150384
1743466915.182408
1743466915.229875
1743466915.261815
1743466915.278066
1743466915.294304
1743466915.326193
1743466915.357991
1743466915.373821
1743466915.406343
1743466915.438270
1743466915.470334
1743466915.502461
1743466915.534580
1743466915.566268
1743466915.598256
1743466915.630218
1743466915.662078
1743466915.694258
1743466915.726203
1743466915.758391
1743466915.790300
1743466915.822619
1743466915.854430
1743466915.886413
1743466915.918352
1743466915.950116
1743466915.982284
1743466916.013888
1743466916.030234
1743466916.061958
1743466916.078326
1743466916.110132
1743466916.142204
1743466916.174438
1743466916.206858
1743466916.238546
1743466916.270308
1743466916.302262
1743466916.334288
1743466916.366330
1743466916.398181
1743466916.429985
1743466916.446373
1743466916.462618
1743466916.494231
1743466916.541974
1743466916.574036
1743466916.606122
1743466916.622231
1743466916.654500
1743466916.686469
1743466916.718356
1743466916.750384
1743466916.782356
1743466916.814258
1743466916.862077
1743466916.893943
1743466916.926368
1743466916.958058
1743466916.990327
1743466917.022262
1743466917.054302
1743466917.086315
1743466917.118469
1743466917.150491
1743466917.182306
1743466917.213796
1743466917.230004
1743466917.246219
1743466917.278191
1743466917.310107
1743466917.342736
1743466917.374065
1743466917.389969
1743466917.422353
1743466917.454264
1743466917.486287
1743466917.518729
1743466917.550199
1743466917.582712
1743466917.614182
1743466917.646023
1743466917.662462
1743466917.693960
1743466917.710265
1743466917.742383
1743466917.774333
1743466917.806284
1743466917.838245
1743466917.870067
1743466917.902216
1743466917.934292
1743466917.966359
1743466917.998641
1743466918.030123
1743466918.062302
1743466918.094131
1743466918.126302
1743466918.158574
1743466918.190342
1743466918.222405
1743466918.254429
1743466918.286593
1743466918.318440
1743466918.350505
1743466918.382596
1743466918.414200
1743466918.446323
1743466918.494088
1743466918.526411
1743466918.558509
1743466918.590362
1743466918.622494
1743466918.654496
1743466918.686669
1743466918.718487
1743466918.750495
1743466918.783235
1743466918.814371
1743466918.846115
1743466918.876971
1743466918.909932
1743466918.941346
1743466918.974685
1743466919.006228
1743466919.038683
1743466919.070754
1743466919.102898
1743466919.134587
1743466919.166465
1743466919.198329
1743466919.230059
1743466919.262016
1743466919.278215
1743466919.310527
1743466919.342551
1743466919.374154
1743466919.389959
1743466919.422878
1743466919.470194
1743466919.501929
1743466919.534402
1743466919.566497
1743466919.598491
1743466919.629659
1743466919.645957
1743466919.678347
1743466919.710632
1743466919.742378
1743466919.790292
1743466919.822348
1743466919.854408
1743466919.886259
1743466919.918380
1743466919.950543
1743466919.982785
1743466920.014407
1743466920.046404
1743466920.078322
1743466920.110672
1743466920.141937
1743466920.174570
1743466920.206702
1743466920.238355
1743466920.269999
1743466920.303106
1743466920.334717
1743466920.366958
1743466920.398180
1743466920.445895
1743466920.477963
1743466920.510058
1743466920.542288
1743466920.574562
1743466920.606626
1743466920.638792
1743466920.670691
1743466920.702623
1743466920.734854
1743466920.766867
1743466920.798182
1743466920.829907
1743466920.862031
1743466920.894223
1743466920.926304
1743466920.958259
1743466920.990366
1743466921.022667
1743466921.054935
1743466921.086825
1743466921.118355
1743466921.150382
1743466921.182469
1743466921.214290
1743466921.246346
1743466921.278451
1743466921.310027
1743466921.326131
1743466921.358868
1743466921.390568
1743466921.422108
1743466921.454365
1743466921.486599
1743466921.518447
1743466921.550097
1743466921.565938
1743466921.582030
1743466921.598002
1743466921.614106
1743466921.630265
1743466921.646201
1743466921.662149
1743466921.678238
1743466921.694231
1743466921.710255
1743466921.742736
1743466921.774208
1743466921.806534
1743466921.838704
1743466921.870380
1743466921.901974
1743466921.917972
1743466921.934158
1743466921.950085
1743466921.982040
1743466921.998117
1743466922.014180
1743466922.030196
1743466922.062506
1743466922.093919
1743466922.109855
1743466922.125997
1743466922.142035
1743466922.158064
1743466922.190562
1743466922.222740
1743466922.254175
1743466922.286588
1743466922.318527
1743466922.350579
1743466922.398310
1743466922.429984
1743466922.445864
1743466922.461839
1743466922.477909
1743466922.493946
1743466922.510179
1743466922.526152
1743466922.541982
1743466922.558223
1743466922.590549
1743466922.622656
1743466922.654545
1743466922.686556
1743466922.718858
1743466922.750182
1743466922.765841
1743466922.782010
1743466922.797942
1743466922.813870
1743466922.830251
1743466922.846143
1743466922.862047
1743466922.878055
1743466922.894123
1743466922.910238
1743466922.926228
1743466922.942250
1743466922.958153
1743466922.990553
1743466923.038350
1743466923.070352
1743466923.102088
1743466923.117632
1743466923.133950
1743466923.150001
1743466923.182294
1743466923.197918
1743466923.213935
1743466923.229968
1743466923.246063
1743466923.262304
1743466923.278108
1743466923.294314
1743466923.326269
1743466923.342115
1743466923.374609
1743466923.406656
1743466923.438231
1743466923.453756
1743466923.469999
1743466923.486015
1743466923.502078
1743466923.518127
1743466923.534281
1743466923.550156
1743466923.566167
1743466923.582242
1743466923.598133
1743466923.614203
1743466923.630126
1743466923.646241
1743466923.662412
1743466923.694619
1743466923.725874
1743466923.741832
1743466923.757844
1743466923.773828
1743466923.789946
1743466923.805975
1743466923.821978
1743466923.838002
1743466923.853950
1743466923.870174
1743466923.902825
1743466923.934745
1743466923.966332
1743466923.982219
1743466924.014845
1743466924.046005
1743466924.062073
1743466924.078128
1743466924.093990
1743466924.109968
1743466924.126127
1743466924.142079
1743466924.157982
1743466924.173994
1743466924.189963
1743466924.206130
1743466924.238244
1743466924.253879
1743466924.270224
1743466924.286152
1743466924.302315
1743466924.318218
1743466924.350746
1743466924.382291
1743466924.398061
1743466924.414067
1743466924.429900
1743466924.445983
1743466924.462087
1743466924.478082
1743466924.494103
1743466924.510183
1743466924.526333
1743466924.542123
1743466924.557971
1743466924.574023
1743466924.590106
1743466924.606162
1743466924.622232
1743466924.638180
1743466924.669950
1743466924.685722
1743466924.701932
1743466924.717929
1743466924.734027
1743466924.749956
1743466924.765902
1743466924.781860
1743466924.797831
1743466924.813985
1743466924.829862
1743466924.846052
1743466924.862108
1743466924.878162
1743466924.894087
1743466924.910211
1743466924.926270
1743466924.942269
1743466924.958233
1743466924.990951
1743466925.021733
1743466925.037525
1743466925.053790
1743466925.069837
1743466925.085942
1743466925.101920
1743466925.117929
1743466925.134276
1743466925.166121
1743466925.181981
1743466925.197931
1743466925.213904
1743466925.229949
1743466925.246105
1743466925.262099
1743466925.278157
1743466925.294227
1743466925.326746
1743466925.358261
1743466925.390253
1743466925.421889
1743466925.454408
1743466925.486685
1743466925.518513
1743466925.549906
1743466925.565981
1743466925.582109
1743466925.598091
1743466925.614299
1743466925.646755
1743466925.677883
1743466925.693866
1743466925.709894
1743466925.726170
1743466925.758585
1743466925.790331
1743466925.822476
1743466925.854400
1743466925.886591
1743466925.918580
1743466925.966276
1743466925.998206
1743466926.030241
1743466926.061965
1743466926.093470
1743466926.109831
1743466926.126080
1743466926.142064
1743466926.157911
1743466926.174007
1743466926.189950
1743466926.206134
1743466926.222065
1743466926.238155
1743466926.254108
1743466926.270091
1743466926.301994
1743466926.334457
1743466926.366266
1743466926.382015
1743466926.398063
1743466926.429949
1743466926.445876
1743466926.462042
1743466926.478048
1743466926.494117
1743466926.510177
1743466926.526206
1743466926.542210
1743466926.558019
1743466926.574042
1743466926.590048
1743466926.622041
1743466926.637599
1743466926.653821
1743466926.669815
1743466926.685937
1743466926.702004
1743466926.717848
1743466926.733870
1743466926.749898
1743466926.782344
1743466926.797949
1743466926.813895
1743466926.830052
1743466926.845898
1743466926.862239
1743466926.878227
1743466926.894155
1743466926.910185
1743466926.942557
1743466926.974184
1743466927.005756
1743466927.038053
1743466927.053615
1743466927.069799
1743466927.085971
1743466927.101898
1743466927.118081
1743466927.133984
1743466927.150030
1743466927.166004
1743466927.181927
1743466927.198007
1743466927.214198
1743466927.230215
1743466927.246450
1743466927.278321
1743466927.309498
1743466927.325961
1743466927.341953
1743466927.357855
1743466927.373875
1743466927.389893
1743466927.405905
1743466927.421970
1743466927.437952
1743466927.453948
1743466927.470047
1743466927.485965
1743466927.502066
1743466927.518010
1743466927.534077
1743466927.550071
1743466927.566223
1743466927.598611
1743466927.628876
1743466927.646093
1743466927.661972
1743466927.677975
1743466927.710203
1743466927.742634
1743466927.773745
1743466927.789811
1743466927.805912
1743466927.821966
1743466927.838204
1743466927.854134
1743466927.870235
1743466927.918419
1743466927.949844
1743466927.965755
1743466927.981737
1743466927.997816
1743466928.014000
1743466928.029959
1743466928.045911
1743466928.062068
1743466928.077946
1743466928.094191
1743466928.110065
1743466928.126381
1743466928.142129
1743466928.157930
1743466928.174350
1743466928.190080
1743466928.206105
1743466928.222069
1743466928.254782
1743466928.286292
1743466928.317878
1743466928.333677
1743466928.349995
1743466928.382474
1743466928.413756
1743466928.429819
1743466928.445878
1743466928.462047
1743466928.478124
1743466928.494059
1743466928.510160
1743466928.526071
1743466928.542245
1743466928.574669
1743466928.606151
1743466928.621641
1743466928.637837
1743466928.653990
1743466928.669825
1743466928.685893
1743466928.701936
1743466928.717874
1743466928.734043
1743466928.749997
1743466928.765986
1743466928.781959
1743466928.798008
1743466928.813860
1743466928.830204
1743466928.846089
1743466928.862086
1743466928.894596
1743466928.925909
1743466928.942069
1743466928.974493
1743466929.006189
1743466929.038286
1743466929.070447
1743466929.102217
1743466929.134303
1743466929.166705
1743466929.198736
1743466929.229850
1743466929.245926
1743466929.261888
1743466929.277859
1743466929.294120
1743466929.310346
1743466929.326043
1743466929.342169
1743466929.358087
1743466929.374149
1743466929.389821
1743466929.405882
1743466929.422023
1743466929.437889
1743466929.453986
1743466929.470049
1743466929.502399
1743466929.550158
1743466929.582300
1743466929.613797
1743466929.629719
1743466929.645789
1743466929.661770
1743466929.677783
1743466929.694031
1743466929.709964
1743466929.726001
1743466929.741934
1743466929.757898
1743466929.774234
1743466929.806486
1743466929.838610
1743466929.870241
1743466929.902277
1743466929.934348
1743466929.966559
1743466929.997893
1743466930.013964
1743466930.030090
1743466930.045977
1743466930.062235
1743466930.078311
1743466930.094050
1743466930.110077
1743466930.126150
1743466930.142118
1743466930.158138
1743466930.174150
1743466930.206623
1743466930.238647
1743466930.270549
1743466930.302320
1743466930.334555
1743466930.366416
1743466930.398196
1743466930.413984
1743466930.430072
1743466930.446087
1743466930.462304
1743466930.478392
1743466930.494186
1743466930.526238
1743466930.541727
1743466930.557804
1743466930.573897
1743466930.590177
1743466930.622692
1743466930.654430
1743466930.686402
1743466930.718409
1743466930.750437
1743466930.782543
1743466930.814184
1743466930.846399
1743466930.861819
1743466930.877884
1743466930.893843
1743466930.909901
1743466930.926179
1743466930.941966
1743466930.958159
1743466930.990563
1743466931.022238
1743466931.037826
1743466931.054048
1743466931.070092
1743466931.086046
1743466931.102156
1743466931.134930
1743466931.182390
1743466931.213809
1743466931.229847
1743466931.245903
1743466931.261997
1743466931.277987
1743466931.293956
1743466931.309887
1743466931.325893
1743466931.342039
1743466931.357933
1743466931.373935
1743466931.390171
1743466931.406042
