1743468547.227525
1743468547.308004
1743468547.339917
1743468547.371472
1743468547.404103
1743468547.435363
1743468547.467344
1743468547.483839
1743468547.515738
1743468547.532216
1743468547.564013
1743468547.595691
1743468547.632979
1743468547.658591
1743468547.691003
1743468547.723296
1743468547.739929
1743468547.788177
1743468547.820029
1743468547.851604
1743468547.884391
1743468547.916041
1743468547.948262
1743468547.980362
1743468548.012401
1743468548.044721
1743468548.077092
1743468548.125258
1743468548.157585
1743468548.189461
1743468548.221808
1743468548.253818
1743468548.284507
1743468548.316980
1743468548.350072
1743468548.380799
1743468548.413611
1743468548.445186
1743468548.477460
1743468548.509938
1743468548.541295
1743468548.573543
1743468548.603658
1743468548.635674
1743468548.667999
1743468548.684647
1743468548.715979
1743468548.731826
1743468548.764761
1743468548.795896
1743468548.828022
1743468548.859522
1743468548.892091
1743468548.924470
1743468548.956235
1743468548.987686
1743468549.003835
1743468549.019795
1743468549.035793
1743468549.051911
1743468549.068138
1743468549.100101
1743468549.131843
1743468549.147668
1743468549.163687
1743468549.179672
1743468549.212040
1743468549.227595
1743468549.243755
1743468549.276182
1743468549.291648
1743468549.307941
1743468549.340478
1743468549.372354
1743468549.419969
1743468549.451650
1743468549.467695
1743468549.483786
1743468549.499526
1743468549.515744
1743468549.531669
1743468549.547731
1743468549.563692
1743468549.579705
1743468549.595584
1743468549.611599
1743468549.627751
1743468549.643869
1743468549.659873
1743468549.675856
1743468549.691784
1743468549.707876
1743468549.740254
1743468549.772232
1743468549.804234
1743468549.835569
1743468549.851507
1743468549.867564
1743468549.883679
1743468549.899713
1743468549.915854
1743468549.931771
1743468549.947760
1743468549.963909
1743468549.979754
1743468549.995875
1743468550.011741
1743468550.027782
1743468550.043890
1743468550.076099
1743468550.108040
1743468550.139950
1743468550.172181
1743468550.204096
1743468550.219640
1743468550.235790
1743468550.251681
1743468550.267591
1743468550.283595
1743468550.299763
1743468550.315898
1743468550.331984
1743468550.347884
1743468550.363987
1743468550.396297
1743468550.427965
1743468550.460065
1743468550.491810
1743468550.507488
1743468550.523572
1743468550.539692
1743468550.555525
1743468550.571622
1743468550.587590
1743468550.603626
1743468550.619782
1743468550.635825
1743468550.651681
1743468550.667857
1743468550.683800
1743468550.716440
1743468550.731768
1743468550.747681
1743468550.763748
1743468550.779624
1743468550.811984
1743468550.844146
1743468550.876068
1743468550.908223
1743468550.939984
1743468550.955438
1743468550.971683
1743468550.987581
1743468551.004004
1743468551.020193
1743468551.051828
1743468551.067368
1743468551.083477
1743468551.099668
1743468551.115653
1743468551.131748
1743468551.147699
1743468551.163657
1743468551.179619
1743468551.195595
1743468551.211531
1743468551.227503
1743468551.243698
1743468551.259770
1743468551.275757
1743468551.291874
1743468551.324133
1743468551.339544
1743468551.372172
1743468551.404040
1743468551.435735
1743468551.451433
1743468551.467590
1743468551.483554
1743468551.499734
1743468551.515655
1743468551.531583
1743468551.547702
1743468551.563707
1743468551.579691
1743468551.595720
1743468551.611700
1743468551.627744
1743468551.643712
1743468551.659756
1743468551.692297
1743468551.723732
1743468551.739499
1743468551.755729
1743468551.771621
1743468551.787645
1743468551.819904
1743468551.835648
1743468551.851605
1743468551.867611
1743468551.883625
1743468551.899795
1743468551.915752
1743468551.931656
1743468551.947839
1743468551.963872
1743468551.979918
1743468551.995734
1743468552.028404
1743468552.060045
1743468552.091906
1743468552.123916
1743468552.156341
1743468552.188074
1743468552.203671
1743468552.219602
1743468552.235686
1743468552.267964
1743468552.283831
1743468552.300057
1743468552.316393
1743468552.347896
1743468552.363519
1743468552.379352
1743468552.395371
1743468552.411562
1743468552.427531
1743468552.443522
1743468552.459521
1743468552.475576
1743468552.491677
1743468552.524404
1743468552.556180
1743468552.587985
1743468552.603637
1743468552.619655
1743468552.635737
1743468552.668084
1743468552.683454
1743468552.699640
1743468552.715497
1743468552.731611
1743468552.747714
1743468552.763729
1743468552.779844
1743468552.795910
1743468552.811805
1743468552.827499
1743468552.843502
1743468552.859614
1743468552.875675
1743468552.891593
1743468552.907759
1743468552.923785
1743468552.939698
1743468552.955717
1743468552.971752
1743468553.004186
1743468553.035442
1743468553.051420
1743468553.067553
1743468553.083614
1743468553.099621
1743468553.115629
1743468553.131707
1743468553.147607
1743468553.163625
1743468553.179552
1743468553.195885
1743468553.228103
1743468553.260109
1743468553.292135
1743468553.323969
1743468553.355949
1743468553.388082
1743468553.419733
1743468553.435575
1743468553.451507
1743468553.467830
1743468553.499892
1743468553.515521
1743468553.531728
1743468553.547727
1743468553.563782
1743468553.579735
1743468553.595766
1743468553.611680
1743468553.644273
1743468553.676091
1743468553.708032
1743468553.740056
1743468553.771932
1743468553.803705
1743468553.819629
1743468553.835588
1743468553.851729
1743468553.867648
1743468553.883700
1743468553.899862
1743468553.916028
1743468553.931801
1743468553.947733
1743468553.980061
1743468554.011851
1743468554.027516
1743468554.043464
1743468554.059590
1743468554.075499
1743468554.091471
1743468554.107587
1743468554.123575
1743468554.139522
1743468554.155515
1743468554.171646
1743468554.187569
1743468554.203595
1743468554.219607
1743468554.235652
1743468554.251855
1743468554.267864
1743468554.299940
1743468554.331504
1743468554.347630
1743468554.363717
1743468554.379535
1743468554.395610
1743468554.411639
1743468554.427711
1743468554.443530
1743468554.459675
1743468554.475760
1743468554.508200
1743468554.540185
1743468554.571838
1743468554.619673
1743468554.651539
1743468554.667350
1743468554.683389
1743468554.699567
1743468554.715627
1743468554.731590
1743468554.747712
1743468554.763775
1743468554.779554
1743468554.795502
1743468554.811624
1743468554.827655
1743468554.843626
1743468554.859659
1743468554.875775
1743468554.891765
1743468554.907747
1743468554.923691
1743468554.956278
1743468554.988034
1743468555.003414
1743468555.019358
1743468555.035560
1743468555.051571
1743468555.067537
1743468555.083665
1743468555.099618
1743468555.115617
1743468555.131643
1743468555.147619
1743468555.163701
1743468555.179633
1743468555.195882
1743468555.211753
1743468555.227709
1743468555.243806
1743468555.276245
1743468555.308007
1743468555.339641
1743468555.355185
1743468555.371474
1743468555.387499
1743468555.403531
1743468555.419499
1743468555.435636
1743468555.451597
1743468555.467501
1743468555.483791
1743468555.499714
1743468555.515775
1743468555.531792
1743468555.547953
1743468555.563832
1743468555.596143
1743468555.627858
1743468555.659937
1743468555.691897
1743468555.723911
1743468555.756119
1743468555.788171
1743468555.819726
1743468555.835507
1743468555.851683
1743468555.867639
1743468555.883782
1743468555.899914
1743468555.931999
1743468555.947563
1743468555.963460
1743468555.979590
1743468556.011753
1743468556.027160
1743468556.043514
1743468556.059507
1743468556.075373
1743468556.091490
1743468556.107419
1743468556.123483
1743468556.139503
1743468556.155752
1743468556.171626
1743468556.187595
1743468556.203611
1743468556.219728
1743468556.252243
1743468556.283647
1743468556.299444
1743468556.315491
1743468556.331629
1743468556.347631
1743468556.363756
1743468556.379502
1743468556.395487
1743468556.411555
1743468556.427542
1743468556.443599
1743468556.459633
1743468556.475650
1743468556.491590
1743468556.507642
1743468556.523625
1743468556.539675
1743468556.571906
1743468556.603796
1743468556.619325
1743468556.635374
1743468556.651424
1743468556.667454
1743468556.683381
1743468556.699575
1743468556.715495
1743468556.731558
1743468556.747769
1743468556.763819
1743468556.795757
1743468556.827990
1743468556.860068
1743468556.907890
1743468556.939484
1743468556.955158
1743468556.971397
1743468556.987528
1743468557.003431
1743468557.019572
1743468557.035535
1743468557.051472
1743468557.067488
1743468557.083646
1743468557.099733
1743468557.115699
1743468557.131718
1743468557.147628
1743468557.163913
1743468557.179951
1743468557.227906
1743468557.259865
1743468557.291969
1743468557.324057
1743468557.355936
1743468557.388208
1743468557.420121
1743468557.451869
1743468557.483894
1743468557.515767
1743468557.548205
1743468557.579578
1743468557.611945
1743468557.644035
1743468557.675804
1743468557.707891
1743468557.739779
1743468557.772300
1743468557.804165
1743468557.835625
1743468557.883397
1743468557.915374
1743468557.947439
1743468557.979750
1743468558.011699
1743468558.044076
1743468558.075954
1743468558.108070
1743468558.139953
1743468558.172135
1743468558.203947
1743468558.235319
1743468558.267529
1743468558.299872
1743468558.331603
1743468558.348021
1743468558.379725
1743468558.411645
1743468558.443985
1743468558.476235
1743468558.523643
1743468558.555665
1743468558.588018
1743468558.619872
1743468558.651323
1743468558.683599
1743468558.715704
1743468558.747555
1743468558.779822
1743468558.811887
1743468558.859576
1743468558.891822
1743468558.923356
1743468558.955724
1743468558.988016
1743468559.019673
1743468559.051644
1743468559.083734
1743468559.115813
1743468559.147890
1743468559.179914
1743468559.211810
1743468559.243904
1743468559.276015
1743468559.307715
1743468559.339822
1743468559.372191
1743468559.404125
1743468559.435782
1743468559.467670
1743468559.499837
1743468559.531452
1743468559.563336
1743468559.595345
1743468559.627926
1743468559.659916
1743468559.691898
1743468559.723963
1743468559.755955
1743468559.788068
1743468559.835693
1743468559.867439
1743468559.898936
1743468559.915556
1743468559.947417
1743468559.979877
1743468560.011331
1743468560.043829
1743468560.076131
1743468560.108200
1743468560.155579
1743468560.187754
1743468560.219864
1743468560.251273
1743468560.283325
1743468560.299467
1743468560.331651
1743468560.363938
1743468560.395512
1743468560.428056
1743468560.475566
1743468560.507709
1743468560.539580
1743468560.572282
1743468560.603774
1743468560.635388
1743468560.667382
1743468560.683390
1743468560.699507
1743468560.715481
1743468560.731727
1743468560.764037
1743468560.811691
1743468560.843862
1743468560.875530
1743468560.907872
1743468560.939976
1743468560.971884
1743468561.003734
1743468561.035779
1743468561.067735
1743468561.099765
1743468561.131654
1743468561.163551
1743468561.195663
1743468561.227946
1743468561.259711
1743468561.275070
1743468561.291393
1743468561.307403
1743468561.323565
1743468561.356097
1743468561.387969
1743468561.420253
1743468561.451603
1743468561.483483
1743468561.499350
1743468561.515328
1743468561.547511
1743468561.579695
1743468561.611901
1743468561.643906
1743468561.675782
1743468561.708296
1743468561.739819
1743468561.787892
1743468561.819192
1743468561.835352
1743468561.851401
1743468561.867543
1743468561.899526
1743468561.931757
1743468561.963728
1743468561.995597
1743468562.027811
1743468562.060082
1743468562.107544
1743468562.139680
1743468562.171706
1743468562.203936
1743468562.235480
1743468562.267302
1743468562.283630
1743468562.299635
1743468562.331832
1743468562.363811
1743468562.395870
1743468562.427858
1743468562.459806
1743468562.491967
1743468562.523425
1743468562.555900
1743468562.587913
1743468562.619949
1743468562.651489
1743468562.683583
1743468562.699617
1743468562.731714
1743468562.763868
1743468562.795780
1743468562.827829
1743468562.859764
1743468562.891665
1743468562.924002
1743468562.955990
1743468562.987728
1743468563.019863
1743468563.051710
1743468563.083806
1743468563.115492
1743468563.147327
1743468563.163469
1743468563.195797
1743468563.227594
1743468563.259582
1743468563.291806
1743468563.323908
1743468563.356014
1743468563.403806
1743468563.435598
1743468563.467579
1743468563.499283
1743468563.531477
1743468563.563626
1743468563.595784
1743468563.627990
1743468563.659707
1743468563.691928
1743468563.739760
1743468563.771948
1743468563.803578
1743468563.835587
1743468563.867354
1743468563.899481
1743468563.931608
1743468563.963878
1743468563.995938
1743468564.027465
1743468564.059341
1743468564.091638
1743468564.123969
1743468564.155895
1743468564.187730
1743468564.219835
1743468564.251594
1743468564.283532
1743468564.315796
1743468564.347762
1743468564.380239
1743468564.411553
1743468564.443661
1743468564.475905
1743468564.507834
1743468564.539788
1743468564.571891
1743468564.603976
1743468564.635791
1743468564.667646
1743468564.715417
1743468564.747525
1743468564.779574
1743468564.811742
1743468564.843601
1743468564.875960
1743468564.907839
1743468564.939817
1743468564.971837
1743468565.003882
1743468565.036141
1743468565.067389
1743468565.099138
1743468565.115353
1743468565.147605
1743468565.179776
1743468565.211695
1743468565.243762
1743468565.275868
1743468565.308119
1743468565.355548
1743468565.387750
1743468565.419731
1743468565.451179
1743468565.483526
1743468565.515742
1743468565.547321
1743468565.563438
1743468565.595564
1743468565.628083
1743468565.660205
1743468565.692109
1743468565.723535
1743468565.755916
1743468565.787731
1743468565.820115
1743468565.851441
1743468565.883620
1743468565.915513
1743468565.931509
1743468565.947480
1743468565.979883
1743468566.011725
1743468566.043763
1743468566.075929
1743468566.107841
1743468566.139702
1743468566.172071
1743468566.203739
1743468566.235466
1743468566.267563
1743468566.299577
1743468566.331722
1743468566.363598
1743468566.395825
1743468566.427834
1743468566.459665
1743468566.491827
1743468566.523885
1743468566.555766
1743468566.588059
1743468566.619941
1743468566.667337
1743468566.699508
1743468566.731233
1743468566.747222
1743468566.763595
1743468566.795700
1743468566.827797
1743468566.859763
1743468566.891888
1743468566.923744
1743468566.956190
1743468566.988099
1743468567.019506
1743468567.051552
1743468567.083358
1743468567.115397
1743468567.147498
1743468567.179718
1743468567.211899
1743468567.244104
1743468567.275980
1743468567.307940
1743468567.339344
1743468567.355043
1743468567.371381
1743468567.403766
1743468567.435340
1743468567.467654
1743468567.499527
1743468567.531554
1743468567.563964
1743468567.595799
1743468567.644020
1743468567.675943
1743468567.707950
1743468567.739925
1743468567.771438
1743468567.803729
1743468567.835550
1743468567.867520
1743468567.899107
1743468567.915553
1743468567.963366
1743468567.995444
1743468568.027262
1743468568.060072
1743468568.091783
1743468568.123842
1743468568.155503
1743468568.187850
1743468568.219919
1743468568.251568
1743468568.283769
1743468568.315360
1743468568.347411
1743468568.379730
1743468568.411630
1743468568.443902
1743468568.476131
1743468568.507770
1743468568.539658
1743468568.572178
1743468568.619554
1743468568.651198
1743468568.683274
1743468568.699513
1743468568.731450
1743468568.764057
1743468568.795497
1743468568.827777
1743468568.859648
1743468568.891866
1743468568.939581
1743468568.971729
1743468569.003922
1743468569.035609
1743468569.067402
1743468569.099361
1743468569.131491
1743468569.163615
1743468569.195832
1743468569.227919
1743468569.259977
1743468569.291768
1743468569.323756
1743468569.355761
1743468569.387781
1743468569.419729
1743468569.451286
1743468569.483485
1743468569.515572
1743468569.547745
1743468569.595263
1743468569.627577
1743468569.659831
1743468569.691860
1743468569.723411
1743468569.755777
1743468569.787606
1743468569.819589
1743468569.851610
1743468569.883680
1743468569.915685
1743468569.947527
1743468569.979243
1743468570.011638
1743468570.043596
1743468570.075726
1743468570.107563
1743468570.140034
1743468570.171938
1743468570.204058
1743468570.235559
1743468570.267272
1743468570.299152
1743468570.315102
1743468570.331314
1743468570.347758
1743468570.380046
1743468570.411773
1743468570.443756
1743468570.475766
1743468570.507813
1743468570.540264
1743468570.571586
1743468570.603878
1743468570.635166
1743468570.667340
1743468570.699449
1743468570.731518
1743468570.763439
1743468570.795635
1743468570.827629
1743468570.859847
1743468570.891924
1743468570.923543
1743468570.955597
1743468570.987947
1743468571.019814
1743468571.051428
1743468571.083418
1743468571.099352
1743468571.131545
1743468571.163520
1743468571.211272
1743468571.243855
1743468571.275565
1743468571.307689
1743468571.339763
1743468571.371777
1743468571.403846
1743468571.435776
1743468571.467242
1743468571.483391
1743468571.499538
1743468571.515507
1743468571.547823
1743468571.579520
1743468571.611529
1743468571.643821
1743468571.675766
1743468571.707737
1743468571.739681
1743468571.772043
1743468571.803762
1743468571.835366
1743468571.867770
1743468571.899222
1743468571.931354
1743468571.963551
1743468571.995503
1743468572.027846
1743468572.059546
1743468572.091762
1743468572.123940
1743468572.155936
1743468572.187534
1743468572.219933
1743468572.251249
1743468572.283208
1743468572.315465
1743468572.331285
1743468572.363438
1743468572.395712
1743468572.427728
1743468572.459799
1743468572.491820
1743468572.523906
1743468572.555561
1743468572.587886
1743468572.619741
1743468572.651212
1743468572.683479
1743468572.715567
1743468572.747511
1743468572.779982
1743468572.811494
1743468572.843985
1743468572.875680
1743468572.907573
1743468572.939538
1743468572.971718
1743468573.003599
1743468573.035545
1743468573.067405
1743468573.083326
1743468573.115423
1743468573.163090
1743468573.195314
1743468573.227592
1743468573.259594
1743468573.291800
1743468573.323647
1743468573.355643
1743468573.387718
1743468573.419975
1743468573.451385
1743468573.499091
1743468573.531129
1743468573.563482
1743468573.595555
1743468573.628046
1743468573.660086
1743468573.691978
1743468573.723686
1743468573.755902
1743468573.787828
1743468573.819834
1743468573.851131
1743468573.883306
1743468573.915243
1743468573.931341
1743468573.963541
1743468573.995421
1743468574.027702
1743468574.059664
1743468574.091735
1743468574.139642
1743468574.171571
1743468574.203499
1743468574.235187
1743468574.267298
1743468574.299268
1743468574.331132
1743468574.363627
1743468574.395574
1743468574.428122
1743468574.475562
1743468574.507392
1743468574.539646
1743468574.571689
1743468574.603881
1743468574.635642
1743468574.667517
1743468574.699287
1743468574.731676
1743468574.763675
1743468574.795863
1743468574.827689
1743468574.859435
1743468574.891528
1743468574.923564
1743468574.955597
1743468574.987555
1743468575.019743
1743468575.051551
1743468575.083312
1743468575.115816
1743468575.147434
1743468575.179419
1743468575.211538
1743468575.243759
1743468575.275456
1743468575.307193
1743468575.339866
1743468575.371876
1743468575.403978
1743468575.450974
1743468575.483118
1743468575.515131
1743468575.547113
1743468575.579450
1743468575.611393
1743468575.643824
1743468575.675776
1743468575.707696
1743468575.739346
1743468575.771849
1743468575.803693
1743468575.835605
1743468575.866778
1743468575.883064
1743468575.915356
1743468575.947544
1743468575.979348
1743468576.011915
1743468576.043944
1743468576.091608
1743468576.122966
1743468576.155786
1743468576.187635
1743468576.219670
1743468576.250968
1743468576.283321
1743468576.315513
1743468576.347535
1743468576.379585
1743468576.427441
1743468576.459536
1743468576.491682
1743468576.523547
1743468576.555709
1743468576.587652
1743468576.619837
1743468576.651218
1743468576.667224
1743468576.699589
1743468576.747298
1743468576.778885
1743468576.811532
1743468576.843854
1743468576.875798
1743468576.907323
1743468576.939679
1743468576.971744
1743468577.003851
1743468577.035986
1743468577.067568
1743468577.099017
1743468577.131063
1743468577.163415
1743468577.195638
1743468577.227593
1743468577.259471
1743468577.291596
1743468577.323811
1743468577.355992
1743468577.403787
1743468577.435477
1743468577.467280
1743468577.499412
1743468577.531321
1743468577.563386
1743468577.595894
1743468577.627644
1743468577.659626
1743468577.691432
1743468577.723594
1743468577.755698
1743468577.787761
1743468577.819310
1743468577.851347
1743468577.867393
1743468577.899488
1743468577.931561
1743468577.963499
1743468577.995669
1743468578.043564
1743468578.074867
1743468578.107774
1743468578.139826
1743468578.171614
1743468578.203423
1743468578.235232
1743468578.267452
1743468578.299485
1743468578.331266
1743468578.347330
1743468578.379772
1743468578.411387
1743468578.443325
1743468578.475974
1743468578.507583
1743468578.539704
1743468578.571724
1743468578.603599
1743468578.635297
1743468578.651373
1743468578.699002
1743468578.731113
1743468578.747019
1743468578.763310
1743468578.795480
1743468578.827949
1743468578.859585
1743468578.891767
1743468578.923820
1743468578.955949
1743468578.987930
1743468579.020101
1743468579.051038
1743468579.066967
1743468579.083072
1743468579.099134
1743468579.131144
1743468579.163648
1743468579.195319
1743468579.227602
1743468579.259556
1743468579.291628
1743468579.323688
1743468579.355894
1743468579.387361
1743468579.419566
1743468579.451283
1743468579.483504
1743468579.515132
1743468579.531150
1743468579.547225
1743468579.579417
1743468579.611571
1743468579.643793
1743468579.675735
1743468579.707425
1743468579.739472
1743468579.771787
1743468579.803882
1743468579.835338
1743468579.867388
1743468579.899470
1743468579.931622
1743468579.963532
1743468579.995201
1743468580.027384
1743468580.059580
1743468580.091357
1743468580.123431
1743468580.155602
1743468580.187581
1743468580.219628
1743468580.251232
1743468580.267229
1743468580.299264
1743468580.331510
1743468580.363323
1743468580.395481
1743468580.427609
1743468580.459441
1743468580.491446
1743468580.523620
1743468580.555454
1743468580.587888
1743468580.619608
1743468580.651772
1743468580.683322
1743468580.715216
1743468580.747404
1743468580.779610
1743468580.811491
1743468580.843734
1743468580.875826
1743468580.907651
1743468580.939720
1743468580.971619
1743468581.003450
1743468581.035211
1743468581.067263
1743468581.099054
1743468581.131392
1743468581.163522
1743468581.195641
1743468581.227710
1743468581.260051
1743468581.307440
1743468581.339364
1743468581.371490
1743468581.403258
1743468581.435076
1743468581.450916
1743468581.466984
1743468581.483075
1743468581.499247
1743468581.531339
1743468581.547244
1743468581.563290
1743468581.595708
1743468581.627776
1743468581.659676
1743468581.691201
1743468581.723554
1743468581.755641
1743468581.787626
1743468581.819492
1743468581.851301
1743468581.883177
1743468581.899289
1743468581.947035
1743468581.979388
1743468582.011965
1743468582.043357
1743468582.075390
1743468582.107725
1743468582.139548
1743468582.171556
1743468582.203210
1743468582.235440
1743468582.283351
1743468582.315267
1743468582.347170
1743468582.363113
1743468582.395333
1743468582.427672
1743468582.459815
1743468582.491663
1743468582.523095
1743468582.539188
1743468582.571693
1743468582.604014
1743468582.635247
1743468582.667365
1743468582.698911
1743468582.715325
1743468582.747319
1743468582.779620
1743468582.811418
1743468582.843669
1743468582.875588
1743468582.923286
1743468582.955040
1743468582.987673
1743468583.019409
1743468583.051002
1743468583.083264
1743468583.114954
1743468583.147308
1743468583.179667
1743468583.211663
1743468583.259374
1743468583.291463
1743468583.323458
1743468583.355506
1743468583.387580
1743468583.419006
1743468583.435009
1743468583.451106
1743468583.467169
1743468583.499382
1743468583.531437
1743468583.579319
1743468583.611425
1743468583.642879
1743468583.675613
1743468583.707417
1743468583.739646
1743468583.771535
1743468583.803557
1743468583.835927
1743468583.867336
1743468583.899680
1743468583.930841
1743468583.946968
1743468583.962973
1743468583.995478
1743468584.027611
1743468584.059629
1743468584.091483
1743468584.123087
1743468584.155853
1743468584.187779
1743468584.235330
1743468584.266606
1743468584.282872
1743468584.314990
1743468584.330966
1743468584.363156
1743468584.395460
1743468584.427888
1743468584.459528
1743468584.491274
1743468584.523715
1743468584.555634
1743468584.587461
1743468584.619015
1743468584.651372
1743468584.683249
1743468584.715243
1743468584.746990
1743468584.762987
1743468584.779177
1743468584.811576
1743468584.843872
1743468584.875644
1743468584.907351
1743468584.939467
1743468584.971366
1743468585.003526
1743468585.035230
1743468585.067511
1743468585.099118
1743468585.115151
1743468585.147392
1743468585.180005
1743468585.211304
1743468585.243443
1743468585.275356
1743468585.307513
1743468585.339381
1743468585.371572
1743468585.403634
1743468585.435567
1743468585.467006
1743468585.483176
1743468585.530897
1743468585.563086
1743468585.595224
1743468585.627491
1743468585.659616
1743468585.691498
1743468585.723414
1743468585.755578
1743468585.787676
1743468585.819688
1743468585.851447
1743468585.882822
1743468585.898899
1743468585.915045
1743468585.947092
1743468585.979564
1743468586.011483
1743468586.043711
1743468586.075299
1743468586.107759
1743468586.139599
1743468586.187284
1743468586.218921
1743468586.251236
1743468586.283070
1743468586.314960
1743468586.346925
1743468586.362811
1743468586.379203
1743468586.411678
1743468586.443640
1743468586.475578
1743468586.507745
1743468586.539517
1743468586.571299
1743468586.603546
1743468586.635820
1743468586.667210
1743468586.699167
1743468586.731168
1743468586.763376
1743468586.795402
1743468586.827630
1743468586.859526
1743468586.891436
1743468586.923581
1743468586.955339
1743468586.987321
1743468587.019512
1743468587.051263
1743468587.083182
1743468587.099189
1743468587.115370
1743468587.162957
1743468587.195267
1743468587.227591
1743468587.259541
1743468587.291452
1743468587.323305
1743468587.355473
1743468587.387469
1743468587.419736
1743468587.451051
1743468587.483416
1743468587.514917
1743468587.546920
1743468587.579037
1743468587.611637
1743468587.643363
1743468587.675476
1743468587.707211
1743468587.739579
1743468587.771769
1743468587.803541
1743468587.835470
1743468587.867033
1743468587.883041
1743468587.915325
1743468587.947288
1743468587.979415
1743468588.011655
1743468588.043429
1743468588.075408
1743468588.107716
1743468588.139344
1743468588.171331
1743468588.203202
1743468588.234895
1743468588.266831
1743468588.282834
1743468588.299024
1743468588.315238
1743468588.347609
1743468588.379311
1743468588.411363
1743468588.459183
1743468588.491347
1743468588.523324
1743468588.555211
1743468588.587453
1743468588.619589
1743468588.651399
1743468588.683391
1743468588.715259
1743468588.747001
1743468588.778338
1743468588.811344
1743468588.843465
1743468588.875409
1743468588.907296
1743468588.939616
1743468588.971601
1743468589.003700
1743468589.035876
1743468589.067285
1743468589.114861
1743468589.146899
1743468589.179377
1743468589.211245
1743468589.243697
1743468589.275556
1743468589.307643
1743468589.339444
1743468589.371710
1743468589.403945
1743468589.435597
1743468589.466483
1743468589.482871
1743468589.498987
1743468589.515020
1743468589.546918
1743468589.579389
1743468589.611522
1743468589.643446
1743468589.675507
1743468589.707657
1743468589.755048
1743468589.787417
1743468589.819118
1743468589.851026
1743468589.882910
1743468589.898942
1743468589.914960
1743468589.947171
1743468589.979437
1743468590.011406
1743468590.043462
1743468590.091369
1743468590.123154
1743468590.155220
1743468590.186840
1743468590.202910
1743468590.234953
1743468590.266939
1743468590.298940
1743468590.315088
1743468590.347294
1743468590.379519
1743468590.411365
1743468590.443376
1743468590.475394
1743468590.507513
1743468590.538953
1743468590.571752
1743468590.603739
1743468590.635426
1743468590.667193
1743468590.683146
1743468590.731017
1743468590.763043
1743468590.795060
1743468590.827022
1743468590.859375
1743468590.891546
1743468590.923766
1743468590.955410
1743468590.987609
1743468591.019571
1743468591.066825
1743468591.098826
1743468591.130500
1743468591.146785
1743468591.163244
1743468591.195197
1743468591.227149
1743468591.259429
1743468591.291516
1743468591.323595
1743468591.355230
1743468591.387509
1743468591.419238
1743468591.451047
1743468591.482735
1743468591.499027
1743468591.515032
1743468591.547157
1743468591.578797
1743468591.611597
1743468591.643503
1743468591.675858
1743468591.706926
1743468591.739276
1743468591.771492
1743468591.803550
1743468591.835074
1743468591.867262
1743468591.899069
1743468591.931019
1743468591.963340
1743468591.995452
1743468592.042184
1743468592.074119
1743468592.107401
1743468592.139714
1743468592.171648
1743468592.203617
1743468592.235189
1743468592.250924
1743468592.283140
1743468592.315354
1743468592.362833
1743468592.395321
1743468592.427409
1743468592.459259
1743468592.491517
1743468592.523361
1743468592.555237
1743468592.587512
1743468592.619502
1743468592.651443
1743468592.683576
1743468592.715088
1743468592.747131
1743468592.779153
1743468592.811314
1743468592.843418
1743468592.875500
1743468592.907784
1743468592.939544
1743468592.971473
1743468593.019431
1743468593.050940
1743468593.082859
1743468593.115090
1743468593.146995
1743468593.179232
1743468593.211242
1743468593.243376
1743468593.275583
1743468593.307568
1743468593.339501
1743468593.371346
1743468593.403291
1743468593.434892
1743468593.466708
1743468593.482880
1743468593.499015
1743468593.515030
1743468593.547340
1743468593.579181
1743468593.611458
1743468593.659141
1743468593.691405
1743468593.723354
1743468593.755407
1743468593.787401
1743468593.819339
1743468593.851162
1743468593.883050
1743468593.899109
1743468593.931375
1743468593.963351
1743468593.995402
1743468594.027329
1743468594.059387
1743468594.091469
1743468594.123161
1743468594.155362
1743468594.187374
1743468594.219369
1743468594.250982
1743468594.283337
1743468594.315460
1743468594.347001
1743468594.378900
1743468594.411187
1743468594.443546
1743468594.475307
1743468594.507095
1743468594.539673
1743468594.571455
1743468594.603975
1743468594.635465
1743468594.666751
1743468594.699053
1743468594.730978
1743468594.746956
1743468594.779435
1743468594.811256
1743468594.843687
1743468594.875218
1743468594.907606
1743468594.939443
1743468594.971546
1743468595.003157
1743468595.034883
1743468595.066822
1743468595.098993
1743468595.131055
1743468595.163300
1743468595.195271
1743468595.227305
1743468595.259805
1743468595.291521
1743468595.323293
1743468595.355300
1743468595.387080
1743468595.419344
1743468595.450756
1743468595.466691
1743468595.482824
1743468595.515067
1743468595.531005
1743468595.563346
1743468595.610918
1743468595.643376
1743468595.675422
1743468595.707327
1743468595.739616
1743468595.771624
1743468595.803347
1743468595.835243
1743468595.867024
1743468595.883102
1743468595.915287
1743468595.947481
1743468595.978794
1743468596.011142
1743468596.043290
1743468596.075346
1743468596.107245
1743468596.139364
1743468596.171389
1743468596.203526
1743468596.235141
1743468596.282766
1743468596.314907
1743468596.346975
1743468596.378960
1743468596.411546
1743468596.443339
1743468596.475313
1743468596.507221
1743468596.539400
1743468596.586982
1743468596.619596
1743468596.650715
1743468596.682801
1743468596.714908
1743468596.747164
1743468596.779245
1743468596.811287
1743468596.843719
1743468596.875332
1743468596.923315
1743468596.955429
1743468596.987231
1743468597.019273
1743468597.051054
1743468597.082785
1743468597.098924
1743468597.131228
1743468597.163216
1743468597.195327
1743468597.243129
1743468597.275258
1743468597.307025
1743468597.339248
1743468597.371531
1743468597.403396
1743468597.435209
1743468597.467107
1743468597.499161
1743468597.531116
1743468597.563355
1743468597.595164
1743468597.627229
1743468597.659313
1743468597.690673
1743468597.723390
1743468597.755358
1743468597.787731
1743468597.819106
1743468597.851237
1743468597.898637
1743468597.930986
1743468597.963170
1743468597.995209
1743468598.027225
1743468598.059162
1743468598.091322
1743468598.123577
1743468598.155415
1743468598.187591
1743468598.219549
1743468598.250706
1743468598.266689
1743468598.282812
1743468598.315103
1743468598.346926
1743468598.379127
1743468598.411168
1743468598.442971
1743468598.475366
1743468598.507639
1743468598.539547
1743468598.570998
1743468598.603364
1743468598.635273
1743468598.667025
1743468598.698718
1743468598.715018
1743468598.747061
1743468598.779358
1743468598.811441
1743468598.843549
1743468598.875671
1743468598.907131
1743468598.939396
1743468598.971189
1743468599.002820
1743468599.018917
1743468599.050989
1743468599.082899
1743468599.114949
1743468599.130946
1743468599.163351
1743468599.210922
1743468599.242837
1743468599.275194
1743468599.307131
1743468599.339269
1743468599.371071
1743468599.403374
1743468599.435159
1743468599.467076
1743468599.514885
1743468599.546856
1743468599.562513
1743468599.578587
1743468599.610818
1743468599.643292
1743468599.675400
1743468599.707307
1743468599.738940
1743468599.771468
1743468599.803480
1743468599.851203
1743468599.882686
1743468599.898781
1743468599.931118
1743468599.963103
1743468599.995138
1743468600.027585
1743468600.059600
1743468600.091403
1743468600.123428
1743468600.171029
1743468600.203128
1743468600.234982
1743468600.266891
1743468600.282829
1743468600.314946
1743468600.346804
1743468600.379065
1743468600.411333
1743468600.443365
1743468600.491061
1743468600.522636
1743468600.555375
1743468600.587343
1743468600.619327
1743468600.650833
1743468600.666755
1743468600.699099
1743468600.731252
1743468600.763166
1743468600.795287
1743468600.827351
1743468600.859176
1743468600.891078
1743468600.923096
1743468600.955234
1743468600.987303
1743468601.019275
1743468601.051111
1743468601.083153
1743468601.115175
1743468601.147280
1743468601.179138
1743468601.211211
1743468601.243146
1743468601.275194
1743468601.307221
1743468601.339341
1743468601.371499
1743468601.403280
1743468601.435141
1743468601.482839
1743468601.514685
1743468601.546814
1743468601.579158
1743468601.611151
1743468601.643160
1743468601.674795
1743468601.707266
1743468601.739344
1743468601.771884
1743468601.803018
1743468601.834649
1743468601.850626
1743468601.866844
1743468601.898702
1743468601.914757
1743468601.947082
1743468601.979197
1743468602.010984
1743468602.043565
1743468602.075319
1743468602.107336
1743468602.139204
1743468602.171101
1743468602.203137
1743468602.234754
1743468602.266773
1743468602.298955
1743468602.330623
1743468602.346946
1743468602.379250
1743468602.411358
1743468602.458917
1743468602.490938
1743468602.522949
1743468602.555247
1743468602.587201
1743468602.619139
1743468602.650799
1743468602.666929
1743468602.698879
1743468602.714877
1743468602.747164
1743468602.779504
1743468602.811022
1743468602.843341
1743468602.875103
1743468602.907296
1743468602.939243
1743468602.971167
1743468603.003097
1743468603.035041
1743468603.066951
1743468603.082963
1743468603.114966
1743468603.146895
1743468603.179081
1743468603.211231
1743468603.243090
1743468603.275266
1743468603.307288
1743468603.339302
1743468603.371369
1743468603.418996
1743468603.450935
1743468603.482657
1743468603.514857
1743468603.546958
1743468603.579175
1743468603.611353
1743468603.643080
1743468603.675258
1743468603.707388
1743468603.754986
1743468603.787001
1743468603.819191
1743468603.850846
1743468603.882852
1743468603.914737
1743468603.946873
1743468603.979251
1743468604.011230
1743468604.043449
1743468604.090994
1743468604.123127
1743468604.155225
1743468604.186921
1743468604.219411
1743468604.250951
1743468604.283245
1743468604.314947
1743468604.347231
1743468604.394945
1743468604.427237
1743468604.458897
1743468604.491014
1743468604.523133
1743468604.555459
1743468604.587058
1743468604.619490
1743468604.650985
1743468604.683056
1743468604.730655
1743468604.762617
1743468604.794847
1743468604.826959
1743468604.858925
1743468604.891321
1743468604.923357
1743468604.955481
1743468604.987135
1743468605.019448
1743468605.066915
1743468605.098684
1743468605.130625
1743468605.146713
1743468605.179206
1743468605.211098
1743468605.243133
1743468605.275145
1743468605.307305
1743468605.339220
1743468605.371333
1743468605.403177
1743468605.434645
1743468605.466579
1743468605.498642
1743468605.514859
1743468605.546957
1743468605.579163
1743468605.611218
1743468605.643357
1743468605.675437
1743468605.707356
1743468605.739053
1743468605.771467
1743468605.803179
1743468605.834588
1743468605.866780
1743468605.898921
1743468605.930970
1743468605.963028
1743468605.995096
1743468606.043223
1743468606.075072
1743468606.107013
1743468606.138904
1743468606.171369
1743468606.203182
1743468606.234766
1743468606.250934
1743468606.283124
1743468606.315033
1743468606.347407
1743468606.378718
1743468606.411079
1743468606.443299
1743468606.475170
1743468606.507226
1743468606.539121
1743468606.571205
1743468606.603594
1743468606.635178
1743468606.682712
1743468606.714527
1743468606.730755
1743468606.763132
1743468606.794921
1743468606.826970
1743468606.859165
1743468606.891267
1743468606.923306
1743468606.954986
1743468606.987381
1743468607.019384
1743468607.050704
1743468607.082546
1743468607.098690
1743468607.130766
1743468607.162874
1743468607.195016
1743468607.227033
1743468607.259158
1743468607.291264
1743468607.323200
1743468607.354882
1743468607.387100
1743468607.419136
1743468607.450816
1743468607.482782
1743468607.514799
1743468607.546605
1743468607.578814
1743468607.611422
1743468607.658866
1743468607.691166
1743468607.722522
1743468607.755209
1743468607.787250
1743468607.819266
1743468607.850567
1743468607.866631
1743468607.882724
1743468607.898870
1743468607.914971
1743468607.947159
1743468607.995015
1743468608.027037
1743468608.058713
1743468608.091146
1743468608.123060
1743468608.155157
1743468608.186859
1743468608.219237
1743468608.251134
1743468608.299026
1743468608.330312
1743468608.346616
1743468608.362612
1743468608.395059
1743468608.427065
1743468608.459223
1743468608.491430
1743468608.523133
1743468608.555039
1743468608.587248
1743468608.635169
1743468608.666643
1743468608.698625
1743468608.714632
1743468608.746762
1743468608.779051
1743468608.811049
1743468608.843118
1743468608.875152
1743468608.907318
1743468608.939236
1743468608.971072
1743468609.003025
1743468609.035143
1743468609.066807
1743468609.098591
1743468609.130656
1743468609.146614
1743468609.162764
1743468609.178923
1743468609.211286
1743468609.243285
1743468609.275462
1743468609.306809
1743468609.339042
1743468609.371220
1743468609.403109
1743468609.435294
1743468609.466873
1743468609.498644
1743468609.530805
1743468609.563312
1743468609.610696
1743468609.642991
1743468609.674592
1743468609.706985
1743468609.739083
1743468609.771271
1743468609.802841
1743468609.834817
1743468609.866869
1743468609.899031
1743468609.946857
1743468609.978978
1743468610.010960
1743468610.043104
1743468610.074964
1743468610.107123
1743468610.139171
1743468610.171301
1743468610.202862
1743468610.218770
1743468610.250948
1743468610.282634
1743468610.314482
1743468610.346950
1743468610.378976
1743468610.410938
1743468610.442735
1743468610.475419
1743468610.507275
1743468610.539157
1743468610.587071
1743468610.619038
1743468610.650522
1743468610.682810
1743468610.714558
1743468610.746858
1743468610.779009
1743468610.811129
1743468610.843139
1743468610.875191
1743468610.922918
1743468610.955068
1743468610.986867
1743468611.019270
1743468611.050709
1743468611.082679
1743468611.114924
1743468611.146925
1743468611.179174
1743468611.226856
1743468611.258790
1743468611.291014
1743468611.323087
1743468611.354905
1743468611.387111
1743468611.418983
1743468611.450612
1743468611.482781
1743468611.498944
1743468611.514927
1743468611.562579
1743468611.594962
1743468611.626646
1743468611.658940
1743468611.690981
1743468611.723060
1743468611.754692
1743468611.787043
1743468611.819475
1743468611.851103
1743468611.898973
1743468611.930744
1743468611.962820
1743468611.995005
1743468612.027172
1743468612.058992
1743468612.091274
1743468612.123359
1743468612.155015
1743468612.202726
1743468612.234858
1743468612.266856
1743468612.298860
1743468612.314988
1743468612.346667
1743468612.378750
1743468612.410956
1743468612.443386
1743468612.475208
1743468612.507213
1743468612.538928
1743468612.571041
1743468612.602821
1743468612.634642
1743468612.666499
1743468612.682606
1743468612.698861
1743468612.731010
1743468612.762548
1743468612.778534
1743468612.811158
1743468612.843425
1743468612.875318
1743468612.906977
1743468612.939133
1743468612.969833
1743468612.986301
1743468613.002595
1743468613.034776
1743468613.066660
1743468613.098698
1743468613.114688
1743468613.146945
1743468613.194658
1743468613.227046
1743468613.259028
1743468613.291213
1743468613.322971
1743468613.354839
1743468613.387096
1743468613.419149
1743468613.450843
1743468613.482966
1743468613.515180
1743468613.546357
1743468613.562379
1743468613.594875
1743468613.627190
1743468613.659530
1743468613.691050
1743468613.722762
1743468613.755205
1743468613.787375
1743468613.819434
1743468613.851060
1743468613.882585
1743468613.898684
1743468613.930651
1743468613.962811
1743468613.995045
1743468614.027010
1743468614.059412
1743468614.091135
1743468614.123242
1743468614.170751
1743468614.202872
1743468614.234744
1743468614.266679
1743468614.298840
1743468614.330741
1743468614.362789
1743468614.395102
1743468614.427214
1743468614.459231
1743468614.490940
1743468614.522499
1743468614.554860
1743468614.586904
1743468614.618941
1743468614.650829
1743468614.682961
1743468614.714722
1743468614.730676
1743468614.746862
1743468614.778909
1743468614.826747
1743468614.858987
1743468614.891067
1743468614.922417
1743468614.955077
1743468614.986886
1743468615.019314
1743468615.050342
1743468615.066726
1743468615.098747
1743468615.146488
1743468615.178327
1743468615.210871
1743468615.242977
1743468615.275052
1743468615.306652
1743468615.339034
1743468615.370897
1743468615.403064
1743468615.435060
1743468615.467059
1743468615.498329
1743468615.514569
1743468615.546863
1743468615.579036
1743468615.610912
1743468615.643124
1743468615.674686
1743468615.690565
1743468615.723305
1743468615.755374
1743468615.802901
1743468615.834483
1743468615.850512
1743468615.882591
1743468615.914612
1743468615.930687
1743468615.962974
1743468615.995054
1743468616.026820
1743468616.059130
1743468616.091069
1743468616.123112
1743468616.154550
1743468616.187126
1743468616.219102
1743468616.250620
1743468616.282625
1743468616.298642
1743468616.330504
1743468616.346580
1743468616.363119
1743468616.394964
1743468616.442776
1743468616.474826
1743468616.506528
1743468616.538899
1743468616.571002
1743468616.602985
1743468616.634534
1743468616.650495
1743468616.682893
1743468616.715051
1743468616.746764
1743468616.779260
1743468616.810908
1743468616.842933
1743468616.875062
1743468616.907102
1743468616.939094
1743468616.970903
1743468617.003024
1743468617.034663
1743468617.066811
1743468617.098813
1743468617.130609
1743468617.162747
1743468617.194934
1743468617.226992
1743468617.258815
1743468617.291014
1743468617.323314
1743468617.355134
1743468617.387541
1743468617.419158
1743468617.450653
1743468617.482326
1743468617.514579
1743468617.530557
1743468617.562852
1743468617.594946
1743468617.626728
1743468617.659380
1743468617.691315
1743468617.723179
1743468617.754932
1743468617.786775
1743468617.818819
1743468617.850756
1743468617.882631
1743468617.914693
1743468617.947034
1743468617.979045
1743468618.010894
1743468618.043447
1743468618.075092
1743468618.106943
1743468618.138959
1743468618.171255
1743468618.202970
1743468618.234807
1743468618.266706
1743468618.298826
1743468618.330849
1743468618.362930
1743468618.394957
1743468618.426729
1743468618.458860
1743468618.490862
1743468618.523155
1743468618.555052
1743468618.586866
1743468618.619374
1743468618.650677
1743468618.666675
1743468618.682755
1743468618.698800
1743468618.731154
1743468618.762634
1743468618.794790
1743468618.826803
1743468618.858761
1743468618.891090
1743468618.923230
1743468618.955294
1743468618.986898
1743468619.019301
1743468619.051219
1743468619.082508
1743468619.114602
1743468619.146478
1743468619.178672
1743468619.210782
1743468619.242900
1743468619.274970
1743468619.307054
1743468619.339061
1743468619.371044
1743468619.403003
1743468619.434972
1743468619.466519
1743468619.498365
1743468619.514575
1743468619.546497
1743468619.578767
1743468619.610688
1743468619.643406
1743468619.675129
1743468619.707113
1743468619.738357
1743468619.771003
1743468619.802852
1743468619.835017
1743468619.866444
1743468619.898730
1743468619.930581
1743468619.962907
1743468619.994827
1743468620.026971
1743468620.058861
1743468620.090897
1743468620.122730
1743468620.155104
1743468620.186939
1743468620.219088
1743468620.250603
1743468620.266585
1743468620.298817
1743468620.346607
1743468620.378175
1743468620.394129
1743468620.426895
1743468620.458922
1743468620.490450
1743468620.522994
1743468620.554870
1743468620.587024
1743468620.618860
1743468620.650762
1743468620.682943
1743468620.714573
1743468620.746438
1743468620.762471
1743468620.794794
1743468620.827050
1743468620.858844
1743468620.890987
1743468620.923098
1743468620.955017
1743468621.002676
1743468621.034298
1743468621.066490
1743468621.098327
1743468621.130436
1743468621.146448
1743468621.162740
1743468621.194923
1743468621.226847
1743468621.259277
1743468621.291031
1743468621.323215
1743468621.354467
1743468621.386944
1743468621.419008
1743468621.450614
1743468621.482448
1743468621.514738
1743468621.546657
1743468621.579012
1743468621.610722
1743468621.658823
1743468621.690802
1743468621.722740
1743468621.754562
1743468621.786827
1743468621.818833
1743468621.850532
1743468621.882438
1743468621.898664
1743468621.930787
1743468621.978478
1743468622.010232
1743468622.043070
1743468622.074872
1743468622.107061
1743468622.139092
1743468622.171199
1743468622.203005
1743468622.234920
1743468622.266807
1743468622.297764
1743468622.314584
1743468622.346422
1743468622.378802
1743468622.410986
1743468622.443086
1743468622.474903
1743468622.506945
1743468622.538916
1743468622.570621
1743468622.603231
1743468622.635269
1743468622.666584
1743468622.697997
1743468622.714664
1743468622.746544
1743468622.778728
1743468622.810408
1743468622.843068
1743468622.874939
1743468622.907051
1743468622.954729
1743468622.986850
1743468623.018678
1743468623.050560
1743468623.082251
1743468623.098480
1743468623.130518
1743468623.162592
1743468623.194724
1743468623.227218
1743468623.274560
1743468623.306733
1743468623.338381
1743468623.371014
1743468623.402774
1743468623.434616
1743468623.466553
1743468623.498503
1743468623.514531
1743468623.530549
1743468623.562710
1743468623.610808
1743468623.642841
1743468623.674781
1743468623.706371
1743468623.738918
1743468623.771238
1743468623.803146
1743468623.834586
1743468623.866903
1743468623.898714
1743468623.931065
1743468623.962434
1743468623.994757
1743468624.027078
1743468624.058356
1743468624.090669
1743468624.122819
1743468624.154844
1743468624.187055
1743468624.218888
1743468624.251179
1743468624.282385
1743468624.298477
1743468624.330229
1743468624.362503
1743468624.394636
1743468624.426923
1743468624.458407
1743468624.491161
1743468624.523211
1743468624.555034
1743468624.586796
1743468624.618848
1743468624.650622
1743468624.682611
1743468624.714355
1743468624.730364
1743468624.746504
1743468624.762649
1743468624.794607
1743468624.826948
1743468624.859198
1743468624.906504
1743468624.938701
1743468624.970883
1743468625.002949
1743468625.034593
1743468625.066505
1743468625.098795
1743468625.130533
1743468625.146591
1743468625.162658
1743468625.194959
1743468625.227184
1743468625.258632
1743468625.290746
1743468625.322839
1743468625.354649
1743468625.386793
1743468625.418751
1743468625.450692
1743468625.483130
1743468625.514655
1743468625.562251
1743468625.594597
1743468625.626773
1743468625.659000
1743468625.690841
1743468625.722951
1743468625.754856
1743468625.786947
1743468625.818595
1743468625.850856
1743468625.883057
1743468625.914486
1743468625.946500
1743468625.978713
1743468626.010702
1743468626.043318
1743468626.074806
1743468626.107007
1743468626.138873
1743468626.171016
1743468626.202970
1743468626.234772
1743468626.266273
1743468626.298440
1743468626.330514
1743468626.362542
1743468626.394656
1743468626.426854
1743468626.458527
1743468626.490926
1743468626.538620
1743468626.570740
1743468626.602375
1743468626.634477
1743468626.666289
1743468626.698318
1743468626.730393
1743468626.746345
1743468626.762616
1743468626.794732
1743468626.826759
1743468626.858881
1743468626.890858
1743468626.922946
1743468626.954725
1743468626.986845
1743468627.018741
1743468627.050326
1743468627.082633
1743468627.114808
1743468627.146655
1743468627.179019
1743468627.210413
1743468627.243008
1743468627.274990
1743468627.306865
1743468627.338558
1743468627.371133
1743468627.402923
1743468627.434607
1743468627.466641
1743468627.514406
1743468627.546389
1743468627.578621
1743468627.610523
1743468627.642890
1743468627.674953
1743468627.707072
1743468627.739089
1743468627.771236
1743468627.803392
1743468627.834912
1743468627.866045
1743468627.882172
1743468627.898301
1743468627.914331
1743468627.930398
1743468627.962688
1743468627.994504
1743468628.026769
1743468628.058570
1743468628.091004
1743468628.122826
1743468628.155108
1743468628.186470
1743468628.218950
1743468628.250408
1743468628.282431
1743468628.314200
1743468628.330287
1743468628.362531
1743468628.394838
1743468628.426760
1743468628.459339
1743468628.490876
1743468628.523188
1743468628.554237
1743468628.586719
1743468628.618797
1743468628.650322
1743468628.682296
1743468628.698404
1743468628.730998
1743468628.762582
1743468628.810620
1743468628.842717
1743468628.874920
1743468628.906655
1743468628.939202
1743468628.970967
1743468629.003082
1743468629.035080
1743468629.066561
1743468629.098701
1743468629.131041
1743468629.162389
1743468629.194525
1743468629.227080
1743468629.258594
1743468629.290771
1743468629.322838
1743468629.354668
1743468629.386822
1743468629.419446
1743468629.466659
1743468629.498383
1743468629.530358
1743468629.562392
1743468629.594562
1743468629.626638
1743468629.658783
1743468629.690826
1743468629.722902
1743468629.755147
1743468629.787204
1743468629.818570
1743468629.850261
1743468629.882188
1743468629.898266
1743468629.914825
1743468629.946315
1743468629.978594
1743468630.010755
1743468630.043303
1743468630.074622
1743468630.106344
1743468630.138936
1743468630.170699
1743468630.202842
1743468630.234381
1743468630.266429
1743468630.282394
1743468630.298446
1743468630.314405
1743468630.346122
1743468630.362417
1743468630.378584
1743468630.411192
1743468630.442421
1743468630.474884
1743468630.506630
1743468630.538666
1743468630.570136
1743468630.602664
1743468630.634394
1743468630.666398
1743468630.698439
1743468630.730730
1743468630.762996
1743468630.794681
1743468630.826521
1743468630.858658
1743468630.890816
1743468630.922886
1743468630.954567
1743468630.986876
1743468631.018860
1743468631.050453
1743468631.082374
1743468631.114505
1743468631.146372
1743468631.178492
1743468631.210504
1743468631.242932
1743468631.274723
1743468631.306698
1743468631.338644
1743468631.370897
1743468631.418567
1743468631.450144
1743468631.482272
1743468631.514416
1743468631.546327
1743468631.578685
1743468631.610637
1743468631.643132
1743468631.675101
1743468631.706936
1743468631.738773
1743468631.770628
1743468631.802488
1743468631.818065
1743468631.834174
1743468631.866478
1743468631.898283
1743468631.914367
1743468631.946263
1743468631.962426
1743468631.994652
1743468632.026814
1743468632.058638
1743468632.090596
1743468632.122623
1743468632.154803
1743468632.186658
1743468632.218710
1743468632.250557
1743468632.282253
1743468632.298363
1743468632.330617
1743468632.362746
1743468632.394829
1743468632.426167
1743468632.458736
1743468632.490797
1743468632.522997
1743468632.554298
1743468632.586955
1743468632.618786
1743468632.650533
1743468632.682356
1743468632.714964
1743468632.746482
1743468632.778528
1743468632.810291
1743468632.843117
1743468632.874756
1743468632.906694
1743468632.938503
1743468632.970998
1743468633.002846
1743468633.034761
1743468633.066111
1743468633.098271
1743468633.130200
1743468633.162474
1743468633.194299
1743468633.226684
1743468633.258806
1743468633.290839
1743468633.322653
1743468633.370679
1743468633.402603
1743468633.434704
1743468633.466080
1743468633.482112
1743468633.498375
1743468633.514314
1743468633.546444
1743468633.578783
1743468633.610871
1743468633.642858
1743468633.690682
1743468633.722717
1743468633.754698
1743468633.786842
1743468633.818285
1743468633.834269
1743468633.866417
1743468633.898448
1743468633.930291
1743468633.946482
1743468633.978781
1743468634.010863
1743468634.042397
1743468634.074979
1743468634.106721
1743468634.138672
1743468634.170476
1743468634.202752
1743468634.234408
1743468634.266765
1743468634.298433
1743468634.346091
1743468634.378450
1743468634.410860
1743468634.442237
1743468634.474699
1743468634.506786
1743468634.538859
1743468634.570536
1743468634.602796
1743468634.634744
1743468634.666792
1743468634.698103
1743468634.714151
1743468634.730253
1743468634.762615
1743468634.794358
1743468634.826876
1743468634.858677
1743468634.890979
1743468634.922891
1743468634.954827
1743468634.986807
1743468635.018700
1743468635.050298
1743468635.082193
1743468635.098210
1743468635.114191
1743468635.146348
1743468635.178690
1743468635.210645
1743468635.242764
1743468635.274845
1743468635.322558
1743468635.354582
1743468635.386663
1743468635.418812
1743468635.450401
1743468635.482309
1743468635.498423
1743468635.530506
1743468635.562599
1743468635.594606
1743468635.642612
1743468635.674054
1743468635.706723
1743468635.738749
1743468635.770787
1743468635.802043
1743468635.818176
1743468635.850518
1743468635.882567
1743468635.914210
1743468635.930372
1743468635.963023
1743468635.994261
1743468636.026324
1743468636.058692
1743468636.090732
1743468636.122798
1743468636.154433
1743468636.186747
1743468636.218801
1743468636.250538
1743468636.298610
1743468636.330069
1743468636.346180
1743468636.362322
1743468636.394228
1743468636.426650
1743468636.458653
1743468636.490776
1743468636.522423
1743468636.554774
1743468636.587010
1743468636.618875
1743468636.649834
1743468636.666066
1743468636.682116
1743468636.698196
1743468636.714244
1743468636.746296
1743468636.778579
1743468636.810594
1743468636.842784
1743468636.874697
1743468636.906886
1743468636.938989
1743468636.970486
1743468637.002693
1743468637.034179
1743468637.066404
1743468637.098332
1743468637.130437
1743468637.162527
1743468637.194771
1743468637.226469
1743468637.274685
1743468637.306520
1743468637.338622
1743468637.370446
1743468637.402542
1743468637.434072
1743468637.450164
1743468637.466238
1743468637.498489
1743468637.530405
1743468637.562610
1743468637.594254
1743468637.626686
1743468637.658533
1743468637.690841
1743468637.722496
1743468637.754290
1743468637.786993
1743468637.818837
1743468637.850444
1743468637.882555
1743468637.914657
1743468637.946166
1743468637.962014
1743468637.978056
1743468637.994373
1743468638.026595
1743468638.058563
1743468638.090832
1743468638.122517
1743468638.154793
1743468638.186720
1743468638.218762
1743468638.250713
1743468638.282023
1743468638.298346
1743468638.314402
1743468638.346059
1743468638.362104
1743468638.394497
1743468638.426892
1743468638.457989
1743468638.473995
1743468638.490288
1743468638.522825
1743468638.570513
1743468638.602528
1743468638.634273
1743468638.666121
1743468638.698303
1743468638.730117
1743468638.762475
1743468638.794431
1743468638.826586
1743468638.858689
1743468638.890839
1743468638.922722
1743468638.954543
1743468638.986674
1743468639.018671
1743468639.050348
1743468639.082513
1743468639.114362
1743468639.146378
1743468639.178620
1743468639.226276
1743468639.258370
1743468639.290629
1743468639.322503
1743468639.354537
1743468639.386644
1743468639.418893
1743468639.450376
1743468639.482654
1743468639.514384
1743468639.546599
1743468639.578436
1743468639.610636
1743468639.642567
1743468639.674715
1743468639.706787
1743468639.738577
1743468639.770560
1743468639.802865
1743468639.834930
1743468639.866321
1743468639.898454
1743468639.914042
1743468639.930249
1743468639.962036
1743468639.994522
1743468640.026406
1743468640.058639
1743468640.090454
1743468640.122799
1743468640.155022
1743468640.202484
1743468640.233910
1743468640.250121
1743468640.282184
1743468640.314326
1743468640.346260
1743468640.378467
1743468640.410592
1743468640.442874
1743468640.474402
1743468640.522438
1743468640.554449
1743468640.586689
1743468640.617960
1743468640.634147
1743468640.666461
1743468640.698071
1743468640.729956
1743468640.746129
1743468640.762349
1743468640.794496
1743468640.842401
1743468640.874435
1743468640.906586
1743468640.938444
1743468640.970823
1743468641.002666
1743468641.034317
1743468641.066363
1743468641.098272
1743468641.130751
1743468641.178197
1743468641.210396
1743468641.242556
1743468641.274747
1743468641.306471
1743468641.338604
1743468641.370720
1743468641.402910
1743468641.434573
1743468641.466405
1743468641.498399
1743468641.530128
1743468641.562508
1743468641.594335
1743468641.626456
1743468641.658496
1743468641.690858
1743468641.722675
1743468641.754805
1743468641.786680
1743468641.818713
1743468641.850294
1743468641.881863
1743468641.898283
1743468641.930423
1743468641.946145
1743468641.978072
1743468642.010548
1743468642.042842
1743468642.074943
1743468642.106280
1743468642.154276
1743468642.186453
1743468642.218609
1743468642.249815
1743468642.266250
1743468642.298350
1743468642.330404
1743468642.346573
1743468642.378510
1743468642.410577
1743468642.442823
1743468642.474361
1743468642.506584
1743468642.538614
1743468642.570462
1743468642.602346
1743468642.634153
1743468642.666418
1743468642.698265
1743468642.730508
1743468642.762408
1743468642.794757
1743468642.826305
1743468642.858295
1743468642.890571
1743468642.922626
1743468642.954543
1743468642.986675
1743468643.018595
1743468643.050558
1743468643.082679
1743468643.130173
1743468643.162198
1743468643.194424
1743468643.226415
1743468643.258639
1743468643.290724
1743468643.322667
1743468643.354657
1743468643.386510
1743468643.418855
1743468643.450717
1743468643.482198
1743468643.514218
1743468643.546279
1743468643.562207
1743468643.594306
1743468643.626621
1743468643.658491
1743468643.690692
1743468643.722446
1743468643.770448
1743468643.802620
1743468643.834648
1743468643.866074
1743468643.898039
1743468643.930181
1743468643.946335
1743468643.962206
1743468643.994308
1743468644.026668
1743468644.058801
1743468644.106518
1743468644.137803
1743468644.170734
1743468644.202308
1743468644.234027
1743468644.266029
1743468644.282220
1743468644.298239
1743468644.314251
1743468644.346385
1743468644.378515
1743468644.426705
1743468644.458366
1743468644.489932
1743468644.522428
1743468644.554415
1743468644.586570
1743468644.618407
1743468644.650564
1743468644.682508
1743468644.714345
1743468644.746500
1743468644.778460
1743468644.810480
1743468644.842748
1743468644.873966
1743468644.906412
1743468644.938556
1743468644.970600
1743468645.002370
1743468645.034461
1743468645.081942
1743468645.114133
1743468645.145627
1743468645.162113
1743468645.194321
1743468645.226643
1743468645.258052
1743468645.290599
1743468645.322793
1743468645.354696
1743468645.402407
1743468645.434389
1743468645.466363
1743468645.498255
1743468645.529935
1743468645.546078
1743468645.562450
1743468645.594541
1743468645.626750
1743468645.658724
1743468645.690718
1743468645.722722
1743468645.754393
1743468645.786615
1743468645.817863
1743468645.833944
1743468645.850146
1743468645.866140
1743468645.897662
1743468645.913950
1743468645.930088
1743468645.946112
1743468645.962240
1743468645.994791
1743468646.026675
1743468646.058791
1743468646.089721
1743468646.122415
1743468646.154244
1743468646.186731
1743468646.217867
1743468646.250508
1743468646.282231
1743468646.298319
1743468646.330106
1743468646.378035
1743468646.410274
1743468646.442539
1743468646.473963
1743468646.506599
1743468646.538530
1743468646.570471
1743468646.601964
1743468646.618185
1743468646.650432
1743468646.697908
1743468646.729609
1743468646.746119
1743468646.778333
1743468646.810419
1743468646.841996
1743468646.874669
1743468646.906583
1743468646.938818
1743468646.970035
1743468647.002917
1743468647.034528
1743468647.066224
1743468647.097652
1743468647.114256
1743468647.146297
1743468647.178532
1743468647.209855
1743468647.225837
1743468647.242076
1743468647.258142
1743468647.290037
1743468647.322607
1743468647.354522
1743468647.386301
1743468647.417725
1743468647.434007
1743468647.466138
1743468647.498237
1743468647.529586
1743468647.546123
1743468647.578386
1743468647.610561
1743468647.642200
1743468647.674773
1743468647.706458
1743468647.738461
1743468647.769849
1743468647.802947
1743468647.834826
1743468647.866324
1743468647.897801
1743468647.914278
1743468647.946310
1743468647.962129
1743468647.978421
1743468648.010907
1743468648.042440
1743468648.074498
1743468648.106272
1743468648.138755
1743468648.170467
1743468648.202370
1743468648.234559
1743468648.266424
1743468648.298297
1743468648.330478
1743468648.362110
1743468648.394092
1743468648.426387
1743468648.458545
1743468648.490141
1743468648.522752
1743468648.554623
1743468648.586675
1743468648.618209
1743468648.650693
1743468648.682008
1743468648.698082
1743468648.730030
1743468648.762374
1743468648.792993
1743468648.809825
1743468648.826635
1743468648.858906
1743468648.890912
1743468648.922672
1743468648.954562
1743468648.986670
1743468649.018532
1743468649.049880
1743468649.066056
1743468649.097970
1743468649.114005
1743468649.130026
1743468649.162025
1743468649.194195
1743468649.226477
1743468649.258667
1743468649.306404
1743468649.338317
1743468649.370330
1743468649.402180
1743468649.433914
1743468649.466124
1743468649.498114
1743468649.530312
1743468649.562127
1743468649.578020
1743468649.594141
1743468649.626877
1743468649.658333
1743468649.690600
1743468649.722372
1743468649.754592
1743468649.785894
1743468649.801964
1743468649.834176
1743468649.866179
1743468649.898095
1743468649.914109
1743468649.961961
1743468649.994375
1743468650.025820
1743468650.041745
1743468650.074427
1743468650.106351
1743468650.138379
1743468650.170443
1743468650.202657
1743468650.234675
1743468650.282134
1743468650.313944
1743468650.345816
1743468650.361945
1743468650.394128
1743468650.426265
1743468650.458531
1743468650.490491
1743468650.522279
1743468650.554626
1743468650.601934
1743468650.633768
1743468650.665794
1743468650.697969
1743468650.713879
1743468650.729982
1743468650.762182
1743468650.794198
1743468650.826232
1743468650.858643
1743468650.890660
1743468650.938298
1743468650.970204
1743468651.002277
1743468651.033584
1743468651.049828
1743468651.081929
1743468651.098191
1743468651.130071
1743468651.162273
1743468651.194349
1743468651.226463
1743468651.258177
1743468651.290412
1743468651.322314
1743468651.354557
1743468651.386332
1743468651.418550
1743468651.450252
1743468651.481906
1743468651.498321
1743468651.530262
1743468651.578140
1743468651.610292
1743468651.642178
1743468651.674334
1743468651.706441
1743468651.738396
1743468651.770582
1743468651.802324
1743468651.834206
1743468651.866207
1743468651.913974
1743468651.945976
1743468651.978229
1743468652.010282
1743468652.042186
1743468652.074578
1743468652.106222
1743468652.137718
1743468652.154078
1743468652.187283
1743468652.234326
1743468652.266099
1743468652.297910
1743468652.313895
1743468652.346153
1743468652.378417
1743468652.409951
1743468652.442795
1743468652.474437
1743468652.506779
1743468652.554291
1743468652.586361
1743468652.618222
1743468652.650040
1743468652.682035
1743468652.713851
1743468652.729960
1743468652.745908
1743468652.778370
1743468652.810693
1743468652.842755
1743468652.890411
1743468652.921823
1743468652.954535
1743468652.986480
1743468653.018281
1743468653.049629
1743468653.066079
1743468653.098247
1743468653.130166
1743468653.162294
1743468653.210026
1743468653.242316
1743468653.274334
1743468653.306732
1743468653.338557
1743468653.369742
1743468653.402631
1743468653.434409
1743468653.466248
1743468653.498251
1743468653.530648
1743468653.562408
1743468653.594327
1743468653.626013
1743468653.658588
1743468653.690228
1743468653.722776
1743468653.754322
1743468653.786497
1743468653.818552
1743468653.865911
1743468653.897770
1743468653.913852
1743468653.930030
1743468653.962142
1743468653.993969
1743468654.009633
1743468654.042726
1743468654.074370
1743468654.106266
1743468654.138633
1743468654.186310
1743468654.218303
1743468654.249891
1743468654.281878
1743468654.297986
1743468654.329895
1743468654.345953
1743468654.378366
1743468654.410471
1743468654.442590
1743468654.474643
1743468654.506546
1743468654.538283
1743468654.570420
1743468654.602124
1743468654.634085
1743468654.665910
1743468654.681907
1743468654.698257
1743468654.730082
1743468654.762199
1743468654.794545
1743468654.842281
1743468654.874177
1743468654.906372
1743468654.938330
1743468654.969949
1743468655.002500
1743468655.034506
1743468655.066314
1743468655.098066
1743468655.130286
1743468655.162301
1743468655.194211
1743468655.226043
1743468655.258188
1743468655.290201
1743468655.322240
1743468655.354060
1743468655.386507
1743468655.418488
1743468655.450243
1743468655.482352
1743468655.513934
1743468655.546077
1743468655.578236
1743468655.610404
1743468655.642506
1743468655.674364
1743468655.706337
1743468655.738390
1743468655.770848
1743468655.818209
1743468655.850130
1743468655.881864
1743468655.898022
1743468655.930066
1743468655.962045
1743468655.993761
1743468656.009744
1743468656.025941
1743468656.058754
1743468656.090223
1743468656.138443
1743468656.170213
1743468656.202218
1743468656.234000
1743468656.266133
1743468656.297849
1743468656.313963
1743468656.346109
1743468656.378433
1743468656.410323
1743468656.458273
1743468656.489522
1743468656.505456
1743468656.521699
1743468656.537712
1743468656.570389
1743468656.602266
1743468656.634097
1743468656.666126
1743468656.698114
1743468656.714079
1743468656.746222
1743468656.794023
1743468656.826225
1743468656.858293
1743468656.890404
1743468656.922359
1743468656.954475
1743468656.986783
1743468657.018635
1743468657.050164
1743468657.082214
1743468657.114656
1743468657.145900
1743468657.178183
1743468657.210158
1743468657.242433
1743468657.274253
1743468657.306320
1743468657.338218
1743468657.370667
1743468657.402523
1743468657.434436
1743468657.465794
1743468657.481733
1743468657.514168
1743468657.545893
1743468657.578259
1743468657.610464
1743468657.642620
1743468657.674459
1743468657.706583
1743468657.738420
1743468657.770397
1743468657.802101
1743468657.834069
1743468657.866034
1743468657.898115
1743468657.930006
1743468657.962020
1743468657.994464
1743468658.026650
1743468658.058414
1743468658.089850
1743468658.122124
1743468658.154275
1743468658.186438
1743468658.218254
1743468658.250033
1743468658.265989
1743468658.297947
1743468658.330001
1743468658.362395
1743468658.410098
1743468658.442276
1743468658.473904
1743468658.506396
1743468658.538305
1743468658.570368
1743468658.602249
1743468658.634212
1743468658.666349
1743468658.698130
1743468658.745755
1743468658.778211
1743468658.810274
1743468658.842431
1743468658.873918
1743468658.906323
1743468658.938759
1743468658.970385
1743468659.001998
1743468659.034417
1743468659.066468
1743468659.097841
1743468659.130003
1743468659.161734
1743468659.194059
1743468659.226344
1743468659.258121
1743468659.290498
1743468659.322451
1743468659.354412
1743468659.386442
1743468659.418098
1743468659.449887
1743468659.481895
1743468659.513769
1743468659.529736
1743468659.545931
1743468659.562051
1743468659.594200
1743468659.626437
1743468659.658438
1743468659.690577
1743468659.722262
1743468659.754193
1743468659.786504
1743468659.818347
1743468659.849921
1743468659.882129
1743468659.914069
1743468659.946228
1743468659.978371
1743468660.010661
1743468660.042986
1743468660.074257
1743468660.106141
1743468660.138107
1743468660.170439
1743468660.202095
1743468660.234029
1743468660.266156
1743468660.297943
1743468660.314040
1743468660.361709
1743468660.394031
1743468660.426185
1743468660.458367
1743468660.490696
1743468660.522490
1743468660.554504
1743468660.586286
1743468660.618648
1743468660.650095
1743468660.697636
1743468660.729760
1743468660.762075
1743468660.794136
1743468660.826102
1743468660.858475
1743468660.890034
1743468660.921925
1743468660.954600
1743468660.986677
1743468661.018584
1743468661.050171
1743468661.081862
1743468661.113939
1743468661.145937
1743468661.178165
1743468661.209897
1743468661.242360
1743468661.274488
1743468661.306553
1743468661.337941
1743468661.370204
1743468661.402367
1743468661.433893
1743468661.465818
1743468661.497774
1743468661.529761
1743468661.562080
1743468661.594123
1743468661.626519
1743468661.674091
1743468661.706120
1743468661.737949
1743468661.770107
1743468661.802260
1743468661.834384
1743468661.866055
1743468661.897903
1743468661.914026
1743468661.946117
1743468661.993825
1743468662.026067
1743468662.058152
1743468662.090156
1743468662.121609
1743468662.154180
1743468662.186542
1743468662.218258
1743468662.249878
1743468662.265918
1743468662.281967
1743468662.314302
1743468662.345634
1743468662.361688
1743468662.394058
1743468662.426192
1743468662.458396
1743468662.490385
1743468662.522224
1743468662.554359
1743468662.586009
1743468662.618591
1743468662.650269
1743468662.681790
1743468662.713524
1743468662.729603
1743468662.745830
1743468662.778015
1743468662.809640
1743468662.842538
1743468662.874418
1743468662.906385
1743468662.937988
1743468662.970393
1743468663.002178
1743468663.033786
1743468663.065786
1743468663.097865
1743468663.113961
1743468663.145919
1743468663.177960
1743468663.210326
1743468663.242327
1743468663.290190
1743468663.321726
1743468663.354344
1743468663.386152
1743468663.418155
1743468663.449571
1743468663.465865
1743468663.498006
1743468663.513834
1743468663.529956
1743468663.562194
1743468663.594280
1743468663.626451
1743468663.658013
1743468663.690224
1743468663.722334
1743468663.754137
1743468663.786353
1743468663.818245
1743468663.849969
1743468663.865936
1743468663.897950
1743468663.914002
1743468663.946472
1743468663.977982
1743468664.009830
1743468664.042240
1743468664.074291
1743468664.106237
1743468664.137865
1743468664.170167
1743468664.202556
1743468664.234394
1743468664.266047
1743468664.297629
1743468664.313736
1743468664.345783
1743468664.377938
1743468664.410026
1743468664.442360
1743468664.474257
1743468664.506479
1743468664.538216
1743468664.570287
1743468664.602214
1743468664.634259
1743468664.666025
1743468664.698035
1743468664.730030
1743468664.761891
1743468664.794045
1743468664.826218
1743468664.858398
1743468664.890074
1743468664.922103
1743468664.954139
1743468664.986306
1743468665.017963
1743468665.050075
1743468665.081929
1743468665.114078
1743468665.145802
1743468665.178303
1743468665.210410
1743468665.242492
1743468665.273960
1743468665.306312
1743468665.338230
1743468665.370248
1743468665.401771
1743468665.433707
1743468665.465906
1743468665.497836
1743468665.529936
1743468665.577881
1743468665.610009
1743468665.642062
1743468665.673855
1743468665.706202
1743468665.738523
1743468665.770505
1743468665.802174
1743468665.834158
1743468665.866372
1743468665.898182
1743468665.929624
1743468665.945665
1743468665.977962
1743468666.010274
1743468666.041915
1743468666.074186
1743468666.106240
1743468666.138302
1743468666.169965
1743468666.218148
1743468666.249549
1743468666.281811
1743468666.313625
1743468666.329691
1743468666.345803
1743468666.361832
1743468666.393901
1743468666.426033
1743468666.458562
1743468666.490197
1743468666.522176
1743468666.554126
1743468666.585941
1743468666.618007
1743468666.649802
1743468666.681692
1743468666.697629
1743468666.713799
1743468666.745707
1743468666.761761
1743468666.778141
1743468666.810293
1743468666.842130
1743468666.874303
1743468666.906091
1743468666.938079
1743468666.969869
1743468667.002328
1743468667.034260
1743468667.065598
1743468667.097681
1743468667.113886
1743468667.146083
1743468667.193778
1743468667.225871
1743468667.258042
1743468667.290186
1743468667.322226
1743468667.354089
1743468667.386287
1743468667.418215
1743468667.449896
1743468667.482021
1743468667.529742
1743468667.561871
1743468667.593770
1743468667.626136
1743468667.658139
1743468667.690154
1743468667.722198
1743468667.754445
1743468667.786340
1743468667.818345
1743468667.850069
1743468667.881762
1743468667.897837
1743468667.929913
1743468667.961967
1743468667.994240
1743468668.026217
1743468668.058348
1743468668.090278
1743468668.122418
1743468668.170106
1743468668.201839
1743468668.233654
1743468668.265442
1743468668.281611
1743468668.297780
1743468668.329632
1743468668.361959
1743468668.394196
1743468668.426262
1743468668.458277
1743468668.505939
1743468668.537969
1743468668.570155
1743468668.602344
1743468668.634189
1743468668.665489
1743468668.698096
1743468668.730066
1743468668.761965
1743468668.794338
1743468668.826374
1743468668.858013
1743468668.889984
1743468668.922423
1743468668.953515
1743468668.986109
1743468669.018153
1743468669.049823
1743468669.081983
1743468669.114121
1743468669.146464
1743468669.177907
1743468669.210015
1743468669.242093
1743468669.274396
1743468669.306156
1743468669.337923
1743468669.370286
1743468669.402692
1743468669.434752
1743468669.481998
1743468669.513602
1743468669.529616
1743468669.545664
1743468669.577926
1743468669.610105
1743468669.642113
1743468669.674222
1743468669.706022
1743468669.738321
1743468669.770533
1743468669.802353
1743468669.834115
1743468669.865684
1743468669.881610
1743468669.897805
1743468669.913917
1743468669.945900
1743468669.978165
1743468670.010048
1743468670.042020
1743468670.074541
1743468670.121949
1743468670.154020
1743468670.185780
1743468670.218084
1743468670.249805
1743468670.281958
1743468670.313741
1743468670.345983
1743468670.378106
1743468670.410267
1743468670.458146
1743468670.490045
1743468670.521900
1743468670.554187
1743468670.586249
1743468670.618374
1743468670.649840
1743468670.682031
1743468670.714178
1743468670.746034
1743468670.778410
1743468670.810014
1743468670.841800
1743468670.873981
1743468670.906128
1743468670.937964
1743468670.970042
1743468671.002300
1743468671.034466
1743468671.065935
1743468671.098247
1743468671.129665
1743468671.161940
1743468671.193693
1743468671.226157
1743468671.258082
1743468671.290027
1743468671.321982
1743468671.354084
1743468671.386326
1743468671.433901
1743468671.465734
1743468671.497747
1743468671.529937
1743468671.561954
1743468671.594017
1743468671.625880
1743468671.658106
1743468671.690421
1743468671.722166
1743468671.754001
1743468671.785955
1743468671.818006
1743468671.849611
1743468671.881661
1743468671.897726
1743468671.929833
1743468671.961771
1743468671.993844
1743468672.026284
1743468672.074019
1743468672.106098
1743468672.137823
1743468672.170398
1743468672.202002
1743468672.233931
1743468672.265857
1743468672.297944
1743468672.314198
1743468672.330247
1743468672.361626
1743468672.409903
1743468672.442081
1743468672.474046
1743468672.505611
1743468672.538184
1743468672.570031
1743468672.602050
1743468672.633821
1743468672.665911
1743468672.697812
1743468672.729938
1743468672.761483
1743468672.793839
1743468672.825940
1743468672.858290
1743468672.890156
1743468672.922101
1743468672.954486
1743468672.986401
1743468673.017835
1743468673.050287
1743468673.081538
1743468673.097598
1743468673.129518
1743468673.161962
1743468673.194005
1743468673.226246
1743468673.257717
1743468673.290275
1743468673.322529
1743468673.354243
1743468673.385993
1743468673.417961
1743468673.449677
1743468673.481575
1743468673.497682
1743468673.513824
1743468673.545691
1743468673.578069
1743468673.609821
1743468673.642273
1743468673.674386
1743468673.706221
1743468673.737783
1743468673.770005
1743468673.801976
1743468673.834156
1743468673.865910
1743468673.897834
1743468673.929910
1743468673.962106
1743468673.993851
1743468674.026391
1743468674.057937
1743468674.090089
1743468674.121855
1743468674.153908
1743468674.186203
1743468674.217894
1743468674.249404
1743468674.282036
1743468674.313923
1743468674.361754
1743468674.393290
1743468674.409208
1743468674.425710
1743468674.458403
1743468674.489822
1743468674.522036
1743468674.554255
1743468674.586068
1743468674.618179
1743468674.649881
1743468674.682024
1743468674.713435
1743468674.745673
1743468674.777948
1743468674.810053
1743468674.842148
1743468674.873742
1743468674.906072
1743468674.938172
1743468674.970039
1743468675.001479
1743468675.017499
1743468675.049627
1743468675.081699
1743468675.113462
1743468675.129691
1743468675.161798
1743468675.194014
1743468675.225718
1743468675.258202
1743468675.290385
1743468675.337967
1743468675.369581
1743468675.402145
1743468675.433564
1743468675.465626
1743468675.497572
1743468675.513613
1743468675.529710
1743468675.545702
1743468675.577992
1743468675.610070
1743468675.657826
1743468675.689985
1743468675.722099
1743468675.753921
1743468675.786187
1743468675.818101
1743468675.849706
1743468675.881862
1743468675.913979
1743468675.946068
1743468675.978012
1743468676.010181
1743468676.041943
1743468676.073961
1743468676.105809
1743468676.138177
1743468676.169903
1743468676.202129
1743468676.233658
1743468676.265730
1743468676.281717
1743468676.314044
1743468676.345508
1743468676.378136
1743468676.409933
1743468676.442055
1743468676.474041
1743468676.505730
1743468676.538291
1743468676.570281
1743468676.602427
1743468676.634178
1743468676.665385
1743468676.697616
1743468676.729598
1743468676.761660
1743468676.793383
1743468676.825999
1743468676.857949
1743468676.890099
1743468676.921646
1743468676.954385
1743468676.986052
1743468677.017991
1743468677.049332
1743468677.065491
1743468677.097706
1743468677.129667
1743468677.161557
1743468677.194100
1743468677.226227
1743468677.258084
1743468677.289813
1743468677.322015
1743468677.353955
1743468677.386187
1743468677.417668
1743468677.449569
1743468677.481888
1743468677.513887
1743468677.545633
1743468677.561653
1743468677.577820
1743468677.610371
1743468677.641616
1743468677.673941
1743468677.705932
1743468677.738077
1743468677.770055
1743468677.802074
1743468677.833733
1743468677.865644
1743468677.881887
1743468677.898066
1743468677.930326
1743468677.961658
1743468677.993411
1743468678.026084
1743468678.058086
1743468678.089984
1743468678.121681
1743468678.153954
1743468678.186101
1743468678.218163
1743468678.265732
1743468678.297474
1743468678.329385
1743468678.345358
1743468678.377730
1743468678.409940
1743468678.441980
1743468678.474074
1743468678.505927
1743468678.538347
1743468678.585898
1743468678.618067
1743468678.649916
1743468678.681606
1743468678.697736
1743468678.729594
1743468678.761697
1743468678.794036
1743468678.826012
1743468678.858331
1743468678.905774
1743468678.938177
1743468678.969718
1743468679.002072
1743468679.033650
1743468679.065471
1743468679.097628
1743468679.129761
1743468679.161661
1743468679.193966
1743468679.241563
1743468679.273751
1743468679.305537
1743468679.337856
1743468679.369919
1743468679.401924
1743468679.434113
1743468679.465869
1743468679.497733
1743468679.529924
1743468679.561983
1743468679.593827
1743468679.625753
1743468679.657763
1743468679.689903
1743468679.722245
1743468679.754038
1743468679.785914
1743468679.818092
1743468679.849825
1743468679.881741
1743468679.913554
1743468679.945465
1743468679.977796
1743468680.010037
1743468680.042052
1743468680.073746
1743468680.105987
1743468680.138156
1743468680.170123
1743468680.217836
1743468680.249372
1743468680.265325
1743468680.281493
1743468680.313135
1743468680.329368
1743468680.361842
1743468680.393764
1743468680.425756
1743468680.458109
1743468680.490304
1743468680.537729
1743468680.569435
1743468680.602122
1743468680.633892
1743468680.665454
1743468680.697522
1743468680.713602
1743468680.745940
1743468680.778003
1743468680.810022
1743468680.857621
1743468680.889749
1743468680.921952
1743468680.953646
1743468680.985900
1743468681.017996
1743468681.049582
1743468681.081443
1743468681.097757
1743468681.113786
1743468681.145851
1743468681.193647
1743468681.225744
1743468681.257689
1743468681.289839
1743468681.321712
1743468681.353826
1743468681.385949
1743468681.417956
1743468681.449681
1743468681.481949
1743468681.514083
1743468681.545481
1743468681.577664
1743468681.609884
1743468681.641951
1743468681.673871
1743468681.705849
1743468681.738073
1743468681.770161
1743468681.802203
1743468681.833810
1743468681.865477
1743468681.897813
1743468681.929499
1743468681.961712
1743468681.993979
1743468682.025983
1743468682.058261
1743468682.089837
1743468682.122069
1743468682.169687
1743468682.201904
1743468682.233844
1743468682.265637
1743468682.281330
1743468682.297583
1743468682.329580
1743468682.361909
1743468682.393859
1743468682.425959
1743468682.457782
1743468682.489945
1743468682.521776
1743468682.553884
1743468682.585616
1743468682.617824
1743468682.649762
1743468682.681574
1743468682.713745
1743468682.745797
1743468682.778068
1743468682.809827
1743468682.841593
1743468682.874145
1743468682.906240
1743468682.938055
1743468682.970435
1743468683.002034
1743468683.033941
1743468683.065553
1743468683.097836
1743468683.145556
1743468683.177747
1743468683.209982
1743468683.241753
1743468683.273799
1743468683.305924
1743468683.338022
1743468683.370098
1743468683.402023
1743468683.434105
1743468683.465968
1743468683.497649
1743468683.529688
1743468683.561572
1743468683.593684
1743468683.625605
1743468683.658185
1743468683.689962
1743468683.721831
1743468683.753709
1743468683.786180
1743468683.817719
1743468683.849311
1743468683.881602
1743468683.913425
1743468683.929444
1743468683.961623
1743468683.993764
1743468684.025479
1743468684.058111
1743468684.089468
1743468684.121103
1743468684.152525
1743468684.185264
1743468684.216635
1743468684.232944
1743468684.249562
1743468684.265528
1743468684.281507
1743468684.297749
1743468684.329466
1743468684.345788
1743468684.361752
1743468684.377827
1743468684.409872
1743468684.441663
1743468684.473558
1743468684.489467
1743468684.505414
1743468684.537639
1743468684.553658
1743468684.585825
1743468684.617790
1743468684.649486
1743468684.665718
1743468684.697694
1743468684.713853
1743468684.761422
1743468684.777472
1743468684.809485
1743468684.841681
1743468684.873490
1743468684.905728
1743468684.937648
1743468684.969589
1743468685.001712
1743468685.017640
1743468685.033675
1743468685.049758
1743468685.097404
1743468685.129271
1743468685.145500
1743468685.161720
1743468685.193535
1743468685.209357
1743468685.241741
1743468685.273679
1743468685.305680
1743468685.337719
1743468685.369915
1743468685.417462
1743468685.449241
1743468685.465377
1743468685.497529
1743468685.529559
1743468685.561640
1743468685.593604
1743468685.625832
1743468685.657995
1743468685.689963
1743468685.737656
1743468685.769806
1743468685.801906
1743468685.833707
1743468685.865599
1743468685.897622
1743468685.929714
1743468685.961788
1743468685.993997
1743468686.025798
1743468686.073793
1743468686.105668
1743468686.137845
1743468686.169770
1743468686.201964
1743468686.233912
1743468686.265730
1743468686.297596
1743468686.313629
1743468686.345663
1743468686.393464
1743468686.425837
1743468686.457832
1743468686.489631
1743468686.521779
1743468686.554054
1743468686.586041
1743468686.617893
1743468686.649704
1743468686.681568
1743468686.714001
1743468686.745404
1743468686.777762
1743468686.809705
1743468686.841809
1743468686.873783
1743468686.905992
1743468686.937954
1743468686.970272
1743468687.001741
1743468687.049634
1743468687.081248
1743468687.113256
1743468687.145208
1743468687.177777
1743468687.209592
1743468687.241950
1743468687.273635
1743468687.305937
1743468687.337967
1743468687.369902
1743468687.401653
1743468687.433236
1743468687.465304
1743468687.481528
1743468687.513592
1743468687.545607
1743468687.577893
1743468687.609672
1743468687.642206
1743468687.689532
1743468687.721671
1743468687.753796
1743468687.785614
1743468687.817696
1743468687.849417
1743468687.881416
1743468687.913460
1743468687.929750
1743468687.961776
1743468687.994006
1743468688.026172
1743468688.057929
1743468688.089832
1743468688.121597
1743468688.154056
1743468688.186049
1743468688.218179
1743468688.249982
1743468688.281658
1743468688.313740
1743468688.346086
1743468688.377862
1743468688.409429
1743468688.441859
1743468688.473773
1743468688.505816
1743468688.537611
1743468688.569978
1743468688.601901
1743468688.634032
1743468688.665613
1743468688.697431
1743468688.729289
1743468688.745413
1743468688.777747
1743468688.809791
1743468688.841861
1743468688.873878
1743468688.905689
1743468688.938488
1743468688.970040
1743468689.002090
1743468689.033272
1743468689.049250
1743468689.081226
1743468689.097316
1743468689.129449
1743468689.145451
1743468689.161619
1743468689.193674
1743468689.226028
1743468689.258016
1743468689.290100
1743468689.322121
1743468689.353863
1743468689.385772
1743468689.417772
1743468689.449581
1743468689.481561
1743468689.513500
1743468689.545529
1743468689.577826
1743468689.609825
1743468689.641941
1743468689.673639
1743468689.705756
1743468689.737969
1743468689.770038
1743468689.801701
1743468689.833627
1743468689.865482
1743468689.897601
1743468689.929598
1743468689.945733
1743468689.977723
1743468690.009875
1743468690.041654
1743468690.073703
1743468690.105971
1743468690.137880
1743468690.169659
1743468690.202238
1743468690.233555
1743468690.265703
1743468690.297594
1743468690.329437
1743468690.345205
1743468690.377737
1743468690.409784
1743468690.441840
1743468690.473708
1743468690.506082
1743468690.537912
1743468690.569730
1743468690.617857
1743468690.649312
1743468690.681446
1743468690.713659
1743468690.745394
1743468690.777651
1743468690.809793
1743468690.842066
1743468690.873908
1743468690.905992
1743468690.953516
1743468690.985693
1743468691.017332
1743468691.033444
1743468691.065538
1743468691.097305
1743468691.113528
1743468691.145660
1743468691.177845
1743468691.209796
1743468691.241919
1743468691.274179
1743468691.305642
1743468691.337664
1743468691.369766
1743468691.401684
1743468691.433635
1743468691.465439
1743468691.497469
1743468691.529656
1743468691.561606
1743468691.593767
1743468691.626017
1743468691.657724
1743468691.689990
1743468691.721646
1743468691.753872
1743468691.785930
1743468691.817996
1743468691.849586
1743468691.881481
1743468691.897684
1743468691.930090
1743468691.961193
1743468691.993571
1743468692.025426
1743468692.057933
1743468692.089780
1743468692.121768
1743468692.153769
1743468692.185139
1743468692.216591
1743468692.250265
1743468692.281372
1743468692.313087
1743468692.344288
1743468692.360339
1743468692.392217
1743468692.425939
1743468692.457573
1743468692.489835
1743468692.521794
1743468692.569632
1743468692.601568
1743468692.633177
1743468692.649236
1743468692.681489
1743468692.713716
1743468692.745571
1743468692.777608
1743468692.809404
1743468692.842013
1743468692.874016
1743468692.905682
1743468692.937324
1743468692.970010
1743468693.001723
1743468693.033832
1743468693.064943
1743468693.081279
1743468693.113512
1743468693.145632
1743468693.177695
1743468693.225366
1743468693.257597
1743468693.289873
1743468693.321402
1743468693.353758
1743468693.385820
1743468693.417587
1743468693.449312
1743468693.481533
1743468693.513587
1743468693.546023
1743468693.577345
1743468693.609705
1743468693.642040
1743468693.673631
1743468693.705439
1743468693.737801
1743468693.769901
1743468693.801803
1743468693.833737
1743468693.881321
1743468693.913106
1743468693.945341
1743468693.977486
1743468694.009606
1743468694.042055
1743468694.073946
1743468694.105872
1743468694.137917
1743468694.170040
1743468694.202200
1743468694.233595
1743468694.265248
1743468694.297219
1743468694.313372
1743468694.345287
1743468694.361279
1743468694.377366
1743468694.409664
1743468694.441583
1743468694.473898
1743468694.521505
1743468694.553645
1743468694.585210
1743468694.617685
1743468694.649435
1743468694.681537
1743468694.713438
1743468694.745614
1743468694.777864
1743468694.809647
1743468694.857806
1743468694.889623
1743468694.921915
1743468694.954101
1743468694.985228
1743468695.018043
1743468695.049463
1743468695.081491
1743468695.113591
1743468695.145674
1743468695.177914
1743468695.209811
1743468695.241522
1743468695.273845
1743468695.305561
1743468695.337684
1743468695.369677
1743468695.401932
1743468695.433791
1743468695.465590
1743468695.497587
1743468695.529410
1743468695.561332
1743468695.593686
1743468695.625595
1743468695.657859
1743468695.690241
1743468695.721727
1743468695.753910
1743468695.785818
1743468695.833282
1743468695.865099
1743468695.897209
1743468695.929327
1743468695.961234
1743468695.993516
1743468696.025365
1743468696.057883
1743468696.089814
1743468696.122012
1743468696.153779
1743468696.185828
1743468696.217597
1743468696.249345
1743468696.281180
1743468696.297466
1743468696.329414
1743468696.361450
1743468696.377333
1743468696.409988
1743468696.441972
1743468696.473689
1743468696.505382
1743468696.537766
1743468696.569637
1743468696.601495
1743468696.633496
1743468696.665390
1743468696.697587
1743468696.729505
1743468696.761438
1743468696.809330
1743468696.841707
1743468696.873719
1743468696.905351
1743468696.937589
1743468696.969867
1743468697.001709
1743468697.033491
1743468697.065703
1743468697.097320
1743468697.129856
1743468697.161256
1743468697.193661
1743468697.225598
1743468697.257529
1743468697.289262
1743468697.321727
1743468697.353800
1743468697.385818
1743468697.417473
1743468697.449818
1743468697.481216
1743468697.513292
1743468697.545363
1743468697.577647
1743468697.609644
1743468697.641761
1743468697.673458
1743468697.706005
1743468697.737892
1743468697.785605
1743468697.817441
1743468697.849615
1743468697.881331
1743468697.913669
1743468697.945445
1743468697.961515
1743468697.993635
1743468698.025863
1743468698.057628
1743468698.105492
1743468698.137561
1743468698.169860
1743468698.201972
1743468698.233547
1743468698.265184
1743468698.281149
1743468698.297324
1743468698.329394
1743468698.361470
1743468698.377225
1743468698.425461
1743468698.457758
1743468698.489665
1743468698.521572
1743468698.553668
1743468698.585727
1743468698.617750
1743468698.649474
1743468698.681322
1743468698.713510
1743468698.761174
1743468698.793447
1743468698.825420
1743468698.857455
1743468698.889621
1743468698.922064
1743468698.953464
1743468698.985740
1743468699.017659
1743468699.049603
1743468699.081644
1743468699.113381
1743468699.145150
1743468699.177507
1743468699.209411
1743468699.241594
1743468699.273771
1743468699.305848
1743468699.337837
1743468699.370012
1743468699.401491
1743468699.433429
1743468699.465249
1743468699.497182
1743468699.529404
1743468699.561438
1743468699.593576
1743468699.625756
1743468699.657854
1743468699.689695
1743468699.737452
1743468699.769513
1743468699.801668
1743468699.833722
1743468699.865290
1743468699.897544
1743468699.929440
1743468699.961417
1743468699.993629
1743468700.025366
1743468700.057529
1743468700.089570
1743468700.121518
1743468700.153579
1743468700.185665
1743468700.217632
1743468700.249445
1743468700.281418
1743468700.313246
1743468700.329312
1743468700.377287
1743468700.408270
1743468700.424488
1743468700.441012
1743468700.457163
1743468700.489973
1743468700.521211
1743468700.553630
1743468700.585504
1743468700.617723
1743468700.649322
1743468700.681541
1743468700.713696
1743468700.745153
1743468700.777302
1743468700.809680
1743468700.841624
1743468700.873523
1743468700.905476
1743468700.938145
1743468700.969999
1743468701.001811
1743468701.033415
1743468701.065201
1743468701.097228
1743468701.129450
1743468701.161121
1743468701.193389
1743468701.226017
1743468701.257846
1743468701.289629
1743468701.321876
1743468701.353759
1743468701.385545
1743468701.417446
1743468701.449016
1743468701.464968
1743468701.481038
1743468701.497377
1743468701.529578
1743468701.561309
1743468701.593641
1743468701.625409
1743468701.657815
1743468701.689885
1743468701.721420
1743468701.753415
1743468701.785902
1743468701.817590
1743468701.849483
1743468701.881276
1743468701.913356
1743468701.945511
1743468701.977651
1743468702.009599
1743468702.041563
1743468702.073585
1743468702.105688
1743468702.137538
1743468702.169559
1743468702.201657
1743468702.233901
1743468702.265404
1743468702.281390
1743468702.297717
1743468702.329546
1743468702.361074
1743468702.393088
1743468702.408756
1743468702.425013
1743468702.457260
1743468702.489497
1743468702.521543
1743468702.553565
1743468702.585485
1743468702.617607
1743468702.665048
1743468702.697027
1743468702.729095
1743468702.745125
1743468702.761322
1743468702.793540
1743468702.825512
1743468702.857710
1743468702.889817
1743468702.921541
1743468702.953651
1743468702.986125
1743468703.017478
1743468703.048977
1743468703.080992
1743468703.097100
1743468703.113372
1743468703.145411
1743468703.177260
1743468703.209417
1743468703.241933
1743468703.274063
1743468703.305648
1743468703.337462
1743468703.369534
1743468703.401458
1743468703.433348
1743468703.465228
1743468703.481240
1743468703.497209
1743468703.529390
1743468703.545335
1743468703.561424
1743468703.593624
1743468703.641506
1743468703.673406
1743468703.705594
1743468703.737584
1743468703.769556
1743468703.801522
1743468703.833847
1743468703.865439
1743468703.897292
1743468703.913429
1743468703.961258
1743468703.993424
1743468704.025284
1743468704.057749
1743468704.089454
1743468704.121377
1743468704.153604
1743468704.185712
1743468704.217842
1743468704.249558
1743468704.281705
1743468704.313055
1743468704.345128
1743468704.377522
1743468704.409338
1743468704.425006
1743468704.457466
1743468704.489615
1743468704.521198
1743468704.553735
1743468704.585663
1743468704.617716
1743468704.648942
1743468704.664934
1743468704.680991
1743468704.697088
1743468704.729246
1743468704.761172
1743468704.793415
1743468704.825592
1743468704.857631
1743468704.889654
1743468704.937221
1743468704.969368
1743468705.001169
1743468705.033355
1743468705.065423
1743468705.097264
1743468705.129286
1743468705.161481
1743468705.193487
1743468705.225650
1743468705.257400
1743468705.289505
1743468705.321555
1743468705.353517
1743468705.385254
1743468705.417481
1743468705.449272
1743468705.481430
1743468705.513284
1743468705.545515
1743468705.592932
1743468705.625523
1743468705.657211
1743468705.689811
1743468705.721465
1743468705.753582
1743468705.785683
1743468705.817647
1743468705.849399
1743468705.881505
1743468705.913681
1743468705.945188
1743468705.977388
1743468706.009413
1743468706.041382
1743468706.073669
1743468706.105609
1743468706.137922
1743468706.169588
1743468706.202067
1743468706.233689
1743468706.265046
1743468706.297147
1743468706.328914
1743468706.345117
1743468706.361170
1743468706.393352
1743468706.425321
1743468706.457539
1743468706.473022
1743468706.489160
1743468706.505210
1743468706.521268
1743468706.537314
1743468706.569534
1743468706.601388
1743468706.616920
1743468706.632956
1743468706.648886
1743468706.664978
1743468706.680990
1743468706.696994
1743468706.713090
1743468706.729155
1743468706.745165
1743468706.761200
1743468706.777161
1743468706.793286
1743468706.809205
1743468706.825170
1743468706.841262
1743468706.857224
1743468706.890086
1743468706.921449
1743468706.953166
1743468706.968708
1743468706.984958
1743468707.000975
1743468707.017083
1743468707.033022
1743468707.049013
1743468707.065116
1743468707.081183
1743468707.097354
1743468707.129543
1743468707.145337
1743468707.161524
1743468707.177492
1743468707.210016
1743468707.241453
1743468707.273466
1743468707.305423
1743468707.337589
1743468707.352924
1743468707.369078
1743468707.385124
1743468707.417216
1743468707.433133
1743468707.449182
1743468707.465320
1743468707.481218
1743468707.497401
1743468707.513514
1743468707.545728
1743468707.577252
1743468707.609384
1743468707.641835
1743468707.673427
1743468707.705414
1743468707.737786
1743468707.769859
1743468707.801670
1743468707.817140
1743468707.833221
1743468707.865423
1743468707.880872
1743468707.896991
1743468707.912963
1743468707.929253
1743468707.945096
1743468707.961051
1743468707.977336
1743468707.993255
1743468708.008969
1743468708.025035
1743468708.041151
1743468708.057025
1743468708.073183
1743468708.089281
1743468708.105173
1743468708.121199
1743468708.137339
1743468708.153221
1743468708.185877
1743468708.217635
1743468708.249125
1743468708.264920
1743468708.280983
1743468708.297075
1743468708.313123
1743468708.329039
1743468708.345168
1743468708.361103
1743468708.377085
1743468708.393079
1743468708.409079
1743468708.425193
1743468708.441256
1743468708.457233
1743468708.473235
1743468708.489383
1743468708.521890
1743468708.553141
1743468708.568840
1743468708.585054
1743468708.601091
1743468708.616974
1743468708.633045
1743468708.649026
1743468708.665005
1743468708.681058
1743468708.697162
1743468708.713508
1743468708.744391
1743468708.761325
1743468708.791994
1743468708.809191
1743468708.841768
1743468708.873492
1743468708.905381
1743468708.937877
1743468708.969716
1743468709.001314
1743468709.016965
1743468709.033107
1743468709.049073
1743468709.065151
1743468709.081308
1743468709.097161
1743468709.113349
1743468709.129347
1743468709.161617
1743468709.193360
1743468709.225655
1743468709.257364
1743468709.289459
1743468709.321637
1743468709.353531
1743468709.385261
1743468709.401216
1743468709.417181
1743468709.433162
1743468709.449232
1743468709.465388
1743468709.497825
1743468709.528971
1743468709.544934
1743468709.561143
1743468709.576943
1743468709.592914
1743468709.608885
1743468709.625055
1743468709.641043
1743468709.657003
1743468709.673116
1743468709.689140
1743468709.705030
1743468709.721175
1743468709.753200
1743468709.769054
1743468709.785173
1743468709.817487
1743468709.848660
1743468709.864913
1743468709.880901
1743468709.896905
1743468709.913149
1743468709.929115
1743468709.945083
1743468709.960963
1743468709.977068
1743468709.993019
1743468710.009019
1743468710.024963
1743468710.041107
1743468710.057201
1743468710.073183
1743468710.089187
1743468710.105142
1743468710.137827
1743468710.169305
1743468710.201462
1743468710.216960
1743468710.232960
1743468710.248893
1743468710.264970
1743468710.281244
1743468710.297166
1743468710.313127
1743468710.329224
1743468710.345151
1743468710.361169
1743468710.377266
1743468710.393165
1743468710.409035
1743468710.425263
1743468710.441260
1743468710.473725
1743468710.504869
1743468710.520671
1743468710.536880
1743468710.552952
1743468710.569021
1743468710.584971
1743468710.600913
1743468710.617037
1743468710.633120
1743468710.649059
1743468710.665035
1743468710.681057
1743468710.697185
1743468710.713251
1743468710.729183
1743468710.745227
1743468710.761349
1743468710.793538
1743468710.825351
1743468710.857394
1743468710.888750
1743468710.904689
1743468710.920884
1743468710.936941
1743468710.952981
1743468710.969039
1743468710.984953
1743468711.001133
1743468711.017073
1743468711.033109
1743468711.049312
1743468711.065125
1743468711.081265
1743468711.113536
1743468711.144936
1743468711.160842
1743468711.176825
1743468711.193130
1743468711.209016
1743468711.224955
1743468711.240986
1743468711.257075
1743468711.273075
1743468711.288943
1743468711.305077
1743468711.321157
1743468711.337112
1743468711.353020
1743468711.369162
1743468711.385208
1743468711.417559
1743468711.449656
1743468711.480584
1743468711.497003
1743468711.512975
1743468711.529093
1743468711.545092
1743468711.561121
1743468711.577068
1743468711.592928
1743468711.608948
1743468711.625137
1743468711.641140
1743468711.657053
1743468711.673289
1743468711.689171
1743468711.705111
1743468711.721117
1743468711.737175
1743468711.769768
1743468711.801676
1743468711.833049
1743468711.848823
1743468711.864881
1743468711.880876
1743468711.897114
1743468711.913042
1743468711.929154
1743468711.945082
1743468711.961107
1743468711.977158
1743468711.993054
1743468712.009115
1743468712.025164
1743468712.041223
1743468712.057276
1743468712.089886
1743468712.121490
1743468712.153394
1743468712.184491
1743468712.216048
1743468712.232962
1743468712.265445
1743468712.280873
1743468712.297141
1743468712.312827
1743468712.329226
1743468712.345216
1743468712.361435
1743468712.393646
1743468712.425709
1743468712.457252
1743468712.489319
1743468712.521520
1743468712.553122
1743468712.568692
1743468712.584974
1743468712.600920
1743468712.617016
1743468712.633007
1743468712.649018
1743468712.665130
1743468712.681169
1743468712.697167
1743468712.713202
1743468712.745644
1743468712.777372
1743468712.809152
1743468712.841699
1743468712.873688
1743468712.905450
1743468712.937426
1743468712.969633
1743468713.001570
1743468713.017120
1743468713.033153
1743468713.065378
1743468713.080959
1743468713.096927
1743468713.112800
1743468713.128727
1743468713.144830
1743468713.161101
1743468713.177177
1743468713.192937
1743468713.209041
1743468713.224934
1743468713.241026
1743468713.257106
1743468713.273046
1743468713.289073
1743468713.304959
1743468713.321168
1743468713.337173
1743468713.353070
1743468713.369259
1743468713.401919
1743468713.433013
1743468713.448749
1743468713.464778
1743468713.480876
1743468713.496941
1743468713.512924
1743468713.529065
1743468713.545138
1743468713.561126
1743468713.577202
1743468713.593093
1743468713.608928
1743468713.625055
1743468713.641108
1743468713.657101
1743468713.673120
1743468713.689177
1743468713.721883
1743468713.753386
1743468713.785662
1743468713.817535
1743468713.849355
1743468713.864856
1743468713.881031
1743468713.897045
1743468713.913038
1743468713.929013
1743468713.945148
1743468713.961203
1743468713.977303
1743468714.009546
1743468714.041780
1743468714.073518
1743468714.105391
1743468714.137171
1743468714.169535
1743468714.201540
1743468714.232915
1743468714.249217
1743468714.265116
1743468714.281081
1743468714.297148
1743468714.313119
1743468714.329124
1743468714.345227
1743468714.377680
1743468714.409118
1743468714.424751
1743468714.440853
1743468714.456941
1743468714.472936
1743468714.489085
1743468714.505016
1743468714.520889
1743468714.537001
1743468714.552906
1743468714.569177
1743468714.601595
1743468714.633278
1743468714.649023
1743468714.665074
1743468714.697362
1743468714.728926
1743468714.744927
1743468714.760969
1743468714.776921
1743468714.792936
1743468714.808909
1743468714.824882
1743468714.840942
1743468714.856917
1743468714.873037
1743468714.888957
1743468714.905130
1743468714.920999
1743468714.937060
1743468714.953023
1743468714.969135
1743468714.985049
1743468715.017468
1743468715.048944
1743468715.064798
1743468715.080799
1743468715.096894
1743468715.113011
1743468715.128935
1743468715.144916
1743468715.161043
1743468715.176967
1743468715.192931
1743468715.208876
1743468715.224987
1743468715.241048
1743468715.257065
1743468715.273031
1743468715.289167
1743468715.305062
1743468715.321020
1743468715.353778
1743468715.385263
1743468715.417394
1743468715.448848
1743468715.464788
1743468715.480877
1743468715.496915
1743468715.512957
1743468715.528997
1743468715.544980
1743468715.561045
1743468715.577016
1743468715.593021
1743468715.609000
1743468715.625112
1743468715.641178
1743468715.673795
1743468715.705294
1743468715.737341
1743468715.769353
1743468715.801360
1743468715.833152
1743468715.849076
1743468715.865120
1743468715.881143
1743468715.897073
1743468715.913351
1743468715.929367
1743468715.945282
1743468715.961247
1743468715.993539
1743468716.025380
1743468716.057435
1743468716.089406
1743468716.121844
1743468716.153801
1743468716.185626
1743468716.217709
1743468716.249431
1743468716.265053
1743468716.281157
1743468716.297325
1743468716.329729
1743468716.361258
1743468716.393243
1743468716.408794
1743468716.425012
1743468716.441057
