1743505044.185408
1743505044.249678
1743505044.281181
1743505044.313514
1743505044.345614
1743505044.376999
1743505044.408762
1743505044.440880
1743505044.457812
1743505044.489923
1743505044.521624
1743505044.553522
1743505044.585576
1743505044.617056
1743505044.633478
1743505044.665778
1743505044.697439
1743505044.729834
1743505044.761955
1743505044.794003
1743505044.824904
1743505044.842207
1743505044.873589
1743505044.905492
1743505044.937588
1743505044.970138
1743505045.002181
1743505045.035177
1743505045.066965
1743505045.099423
1743505045.131640
1743505045.163343
1743505045.194079
1743505045.226129
1743505045.258401
1743505045.290498
1743505045.322341
1743505045.355354
1743505045.387122
1743505045.419067
1743505045.450844
1743505045.482065
1743505045.513342
1743505045.545101
1743505045.561032
1743505045.577434
1743505045.593495
1743505045.609272
1743505045.625532
1743505045.641459
1743505045.673738
1743505045.704805
1743505045.721207
1743505045.737389
1743505045.753290
1743505045.769257
1743505045.785168
1743505045.801307
1743505045.833669
1743505045.865314
1743505045.898216
1743505045.929813
1743505045.945306
1743505045.961359
1743505045.977313
1743505046.010212
1743505046.041861
1743505046.073062
1743505046.089574
1743505046.105074
1743505046.121248
1743505046.137494
1743505046.153363
1743505046.169482
1743505046.185174
1743505046.201321
1743505046.217272
1743505046.233420
1743505046.249420
1743505046.265496
1743505046.281462
1743505046.297476
1743505046.330061
1743505046.361088
1743505046.377111
1743505046.393112
1743505046.409092
1743505046.425274
1743505046.441394
1743505046.457312
1743505046.473229
1743505046.489336
1743505046.505209
1743505046.521317
1743505046.537420
1743505046.553298
1743505046.569445
1743505046.585406
1743505046.601401
1743505046.617432
1743505046.649921
1743505046.681840
1743505046.697087
1743505046.713203
1743505046.729148
1743505046.745227
1743505046.761208
1743505046.777239
1743505046.793444
1743505046.809221
1743505046.825173
1743505046.841297
1743505046.857423
1743505046.873333
1743505046.889446
1743505046.905536
1743505046.921386
1743505046.937536
1743505046.953463
1743505046.985162
1743505047.000849
1743505047.017140
1743505047.033088
1743505047.049247
1743505047.065280
1743505047.081199
1743505047.097160
1743505047.113242
1743505047.129170
1743505047.145269
1743505047.161145
1743505047.177333
1743505047.193288
1743505047.209306
1743505047.225347
1743505047.241356
1743505047.257480
1743505047.273501
1743505047.305675
1743505047.336725
1743505047.353005
1743505047.369197
1743505047.385009
1743505047.401113
1743505047.417376
1743505047.433277
1743505047.449300
1743505047.465312
1743505047.481227
1743505047.497232
1743505047.513172
1743505047.529331
1743505047.545312
1743505047.561310
1743505047.577295
1743505047.593417
1743505047.625691
1743505047.657156
1743505047.673050
1743505047.689309
1743505047.705191
1743505047.721149
1743505047.737251
1743505047.753299
1743505047.769309
1743505047.785315
1743505047.801233
1743505047.817341
1743505047.833355
1743505047.849280
1743505047.865370
1743505047.881371
1743505047.897337
1743505047.913464
1743505047.929473
1743505047.961191
1743505047.976865
1743505047.993033
1743505048.009026
1743505048.025178
1743505048.041250
1743505048.057266
1743505048.073159
1743505048.089310
1743505048.105196
1743505048.121179
1743505048.137174
1743505048.153512
1743505048.169267
1743505048.185255
1743505048.201269
1743505048.217361
1743505048.233428
1743505048.249443
1743505048.281828
1743505048.312972
1743505048.328814
1743505048.345031
1743505048.361149
1743505048.377117
1743505048.393084
1743505048.409189
1743505048.425113
1743505048.441262
1743505048.457276
1743505048.473230
1743505048.489340
1743505048.505369
1743505048.521439
1743505048.537358
1743505048.553505
1743505048.569547
1743505048.601708
1743505048.633440
1743505048.665727
1743505048.697222
1743505048.712882
1743505048.729111
1743505048.745096
1743505048.761130
1743505048.777102
1743505048.793116
1743505048.809140
1743505048.825224
1743505048.841316
1743505048.857475
1743505048.873479
1743505048.889488
1743505048.905527
1743505048.937737
1743505048.969417
1743505049.000864
1743505049.016835
1743505049.033196
1743505049.049120
1743505049.065271
1743505049.081103
1743505049.097152
1743505049.113166
1743505049.129244
1743505049.145259
1743505049.161240
1743505049.177299
1743505049.193255
1743505049.209372
1743505049.225288
1743505049.257775
1743505049.288640
1743505049.305142
1743505049.321110
1743505049.337188
1743505049.353171
1743505049.369094
1743505049.385239
1743505049.401011
1743505049.417180
1743505049.433167
1743505049.449308
1743505049.465230
1743505049.481199
1743505049.497244
1743505049.513357
1743505049.529268
1743505049.545306
1743505049.577921
1743505049.609575
1743505049.624944
1743505049.641011
1743505049.657161
1743505049.673082
1743505049.689111
1743505049.705123
1743505049.721321
1743505049.737397
1743505049.753523
1743505049.769354
1743505049.785173
1743505049.801102
1743505049.817233
1743505049.833320
1743505049.849343
1743505049.865355
1743505049.881441
1743505049.913139
1743505049.928763
1743505049.945262
1743505049.961081
1743505049.976975
1743505049.993010
1743505050.008985
1743505050.024879
1743505050.041029
1743505050.057066
1743505050.073440
1743505050.089343
1743505050.105313
1743505050.121163
1743505050.137283
1743505050.153292
1743505050.169231
1743505050.185170
1743505050.201359
1743505050.233890
1743505050.265410
1743505050.297604
1743505050.328879
1743505050.344850
1743505050.361186
1743505050.377061
1743505050.393333
1743505050.409156
1743505050.425247
1743505050.441322
1743505050.457347
1743505050.473318
1743505050.489425
1743505050.505321
1743505050.521360
1743505050.553578
1743505050.585367
1743505050.600688
1743505050.617079
1743505050.633060
1743505050.649118
1743505050.665110
1743505050.681120
1743505050.697076
1743505050.713087
1743505050.729085
1743505050.745273
1743505050.761197
1743505050.777163
1743505050.793179
1743505050.809231
1743505050.825238
1743505050.841268
1743505050.857382
1743505050.888974
1743505050.905025
1743505050.921105
1743505050.937086
1743505050.953149
1743505050.969236
1743505050.985081
1743505051.000984
1743505051.017139
1743505051.033063
1743505051.049190
1743505051.065169
1743505051.081249
1743505051.097128
1743505051.113193
1743505051.129178
1743505051.145240
1743505051.161258
1743505051.177378
1743505051.208177
1743505051.224429
1743505051.240036
1743505051.256288
1743505051.272767
1743505051.289331
1743505051.305286
1743505051.321372
1743505051.337358
1743505051.353564
1743505051.369778
1743505051.401284
1743505051.416697
1743505051.433135
1743505051.449289
1743505051.465208
1743505051.481217
1743505051.497352
1743505051.530007
1743505051.561341
1743505051.593418
1743505051.608938
1743505051.625075
1743505051.640951
1743505051.657038
1743505051.673074
1743505051.689280
1743505051.705199
1743505051.721121
1743505051.737187
1743505051.753221
1743505051.769242
1743505051.785168
1743505051.801209
1743505051.817172
1743505051.833352
1743505051.865707
1743505051.896734
1743505051.912661
1743505051.928933
1743505051.944844
1743505051.960866
1743505051.977000
1743505051.993020
1743505052.009183
1743505052.025122
1743505052.041044
1743505052.057172
1743505052.073155
1743505052.089204
1743505052.105358
1743505052.121220
1743505052.137260
1743505052.153353
1743505052.185938
1743505052.217314
1743505052.232688
1743505052.248974
1743505052.264949
1743505052.280968
1743505052.296979
1743505052.313005
1743505052.329035
1743505052.345040
1743505052.360937
1743505052.377103
1743505052.393062
1743505052.409173
1743505052.425162
1743505052.441202
1743505052.457331
1743505052.473272
1743505052.505503
1743505052.520940
1743505052.537121
1743505052.552947
1743505052.568956
1743505052.585047
1743505052.600905
1743505052.617025
1743505052.633048
1743505052.649246
1743505052.665036
1743505052.681042
1743505052.696974
1743505052.713174
1743505052.729103
1743505052.745176
1743505052.761175
1743505052.777173
1743505052.793273
1743505052.809198
1743505052.841765
1743505052.872549
1743505052.888915
1743505052.904980
1743505052.920997
1743505052.937043
1743505052.953139
1743505052.969056
1743505052.985048
1743505053.001033
1743505053.017051
1743505053.033278
1743505053.049227
1743505053.065160
1743505053.081171
1743505053.097207
1743505053.113122
1743505053.129234
1743505053.161979
1743505053.193405
1743505053.208900
1743505053.225002
1743505053.241192
1743505053.257116
1743505053.273135
1743505053.289103
1743505053.305121
1743505053.321006
1743505053.337036
1743505053.353156
1743505053.369204
1743505053.385148
1743505053.401029
1743505053.417149
1743505053.433264
1743505053.449394
1743505053.481406
1743505053.512835
1743505053.528697
1743505053.544946
1743505053.560950
1743505053.576967
1743505053.592901
1743505053.608962
1743505053.624983
1743505053.641057
1743505053.657169
1743505053.673114
1743505053.689169
1743505053.705185
1743505053.721083
1743505053.737229
1743505053.753204
1743505053.769297
1743505053.785280
1743505053.817656
1743505053.849307
1743505053.880757
1743505053.897044
1743505053.912907
1743505053.928925
1743505053.944860
1743505053.960981
1743505053.976931
1743505053.992928
1743505054.009152
1743505054.025063
1743505054.041137
1743505054.057140
1743505054.073233
1743505054.089258
1743505054.105360
1743505054.137490
1743505054.168599
1743505054.184596
1743505054.200785
1743505054.216825
1743505054.248950
1743505054.281590
1743505054.313373
1743505054.345432
1743505054.376837
1743505054.393019
1743505054.425356
1743505054.457378
1743505054.488411
1743505054.504848
1743505054.537026
1743505054.569230
1743505054.600721
1743505054.633592
1743505054.665411
1743505054.697495
1743505054.728912
1743505054.761001
1743505054.793509
1743505054.824914
1743505054.857215
1743505054.889067
1743505054.920837
1743505054.936900
1743505054.953414
1743505054.985276
1743505055.017051
1743505055.049564
1743505055.081585
1743505055.113628
1743505055.144635
1743505055.177302
1743505055.209213
1743505055.240953
1743505055.272596
1743505055.288902
1743505055.305111
1743505055.337269
1743505055.368806
1743505055.401427
1743505055.433806
1743505055.465168
1743505055.496640
1743505055.529229
1743505055.561402
1743505055.593602
1743505055.624792
1743505055.640878
1743505055.657028
1743505055.689216
1743505055.720702
1743505055.737122
1743505055.769795
1743505055.801304
1743505055.832782
1743505055.865395
1743505055.897359
1743505055.929403
1743505055.960655
1743505055.993398
1743505056.025291
1743505056.057255
1743505056.088619
1743505056.104914
1743505056.137146
1743505056.153110
1743505056.184748
1743505056.200886
1743505056.216847
1743505056.232910
1743505056.264766
1743505056.297434
1743505056.329491
1743505056.361451
1743505056.409277
1743505056.440751
1743505056.456878
1743505056.489120
1743505056.520514
1743505056.536908
1743505056.552997
1743505056.585288
1743505056.616799
1743505056.649313
1743505056.681427
1743505056.713545
1743505056.744778
1743505056.777458
1743505056.808018
1743505056.824634
1743505056.856158
1743505056.873025
1743505056.904879
1743505056.921026
1743505056.952746
1743505056.985271
1743505057.017308
1743505057.065193
1743505057.096628
1743505057.129420
1743505057.161197
1743505057.193187
1743505057.224471
1743505057.240753
1743505057.273081
1743505057.305294
1743505057.336715
1743505057.352976
1743505057.385326
1743505057.417337
1743505057.448646
1743505057.481176
1743505057.513395
1743505057.545277
1743505057.576736
1743505057.592854
1743505057.608957
1743505057.641053
1743505057.672706
1743505057.689133
1743505057.721606
1743505057.752989
1743505057.784456
1743505057.817037
1743505057.849496
1743505057.881388
1743505057.912742
1743505057.945807
1743505057.977458
1743505058.009436
1743505058.040585
1743505058.056736
1743505058.088774
1743505058.104845
1743505058.120962
1743505058.136975
1743505058.169274
1743505058.201617
1743505058.232835
1743505058.265572
1743505058.297745
1743505058.329350
1743505058.360784
1743505058.393109
1743505058.424824
1743505058.440881
1743505058.472415
1743505058.488904
1743505058.504989
1743505058.520928
1743505058.537144
1743505058.553152
1743505058.585190
1743505058.617367
1743505058.648877
1743505058.697158
1743505058.729138
1743505058.761502
1743505058.792925
1743505058.824860
1743505058.856918
1743505058.888882
1743505058.920536
1743505058.936892
1743505058.953159
1743505058.985282
1743505059.016745
1743505059.049163
1743505059.081333
1743505059.113238
1743505059.144580
1743505059.177270
1743505059.209331
1743505059.241086
1743505059.272583
1743505059.288979
1743505059.305090
1743505059.337425
1743505059.368428
1743505059.401093
1743505059.433413
1743505059.465438
1743505059.496581
1743505059.529429
1743505059.561197
1743505059.593202
1743505059.624653
1743505059.640919
1743505059.673399
1743505059.704964
1743505059.736586
1743505059.752820
1743505059.785002
1743505059.817059
1743505059.848618
1743505059.864619
1743505059.880784
1743505059.896914
1743505059.912947
1743505059.945552
1743505059.993065
1743505060.025036
1743505060.056355
1743505060.072703
1743505060.088926
1743505060.120895
1743505060.152478
1743505060.168544
1743505060.184821
1743505060.217105
1743505060.248781
1743505060.281394
1743505060.313202
1743505060.345368
1743505060.376586
1743505060.392823
1743505060.424813
1743505060.456997
1743505060.488340
1743505060.504724
1743505060.520901
1743505060.552975
1743505060.584871
1743505060.617301
1743505060.649529
1743505060.681345
1743505060.712483
1743505060.745047
1743505060.777288
1743505060.809536
1743505060.840391
1743505060.856807
1743505060.872912
1743505060.904893
1743505060.936592
1743505060.969120
1743505061.001034
1743505061.033206
1743505061.064490
1743505061.097368
1743505061.129162
1743505061.161208
1743505061.192550
1743505061.208851
1743505061.240973
1743505061.256995
1743505061.288653
1743505061.304710
1743505061.320785
1743505061.336736
1743505061.352860
1743505061.385134
1743505061.417136
1743505061.449084
1743505061.480571
1743505061.513254
1743505061.545651
1743505061.577429
1743505061.625478
1743505061.656629
1743505061.672635
1743505061.688708
1743505061.720301
1743505061.736685
1743505061.752805
1743505061.784947
1743505061.816944
1743505061.848767
1743505061.881570
1743505061.913351
1743505061.945452
1743505061.977138
1743505062.009245
1743505062.040968
1743505062.072827
1743505062.088802
1743505062.120340
1743505062.136781
1743505062.152820
1743505062.168896
1743505062.200652
1743505062.233762
1743505062.265462
1743505062.297026
1743505062.328528
1743505062.361319
1743505062.393010
1743505062.424612
1743505062.440896
1743505062.457032
1743505062.488982
1743505062.521096
1743505062.552573
1743505062.568701
1743505062.601264
1743505062.633090
1743505062.664461
1743505062.697329
1743505062.729134
1743505062.761317
1743505062.792656
1743505062.824857
1743505062.856973
1743505062.872925
1743505062.920628
1743505062.952811
1743505062.984873
1743505063.017148
1743505063.048508
1743505063.081148
1743505063.113212
1743505063.145200
1743505063.176668
1743505063.209240
1743505063.241298
1743505063.273058
1743505063.304263
1743505063.320724
1743505063.352873
1743505063.385192
1743505063.416494
1743505063.449557
1743505063.481173
1743505063.513201
1743505063.544752
1743505063.577367
1743505063.609095
1743505063.640775
1743505063.672240
1743505063.688843
1743505063.720818
1743505063.752974
1743505063.784507
1743505063.817128
1743505063.849187
1743505063.896908
1743505063.928360
1743505063.961257
1743505063.992868
1743505064.024838
1743505064.056354
1743505064.072651
1743505064.088865
1743505064.120617
1743505064.152485
1743505064.168650
1743505064.216807
1743505064.248867
1743505064.280321
1743505064.313107
1743505064.344915
1743505064.376989
1743505064.408489
1743505064.424604
1743505064.440665
1743505064.456810
1743505064.472971
1743505064.505208
1743505064.552470
1743505064.584706
1743505064.616471
1743505064.648894
1743505064.681117
1743505064.713162
1743505064.744452
1743505064.760571
1743505064.776899
1743505064.792807
1743505064.824397
1743505064.840788
1743505064.873447
1743505064.904559
1743505064.936192
1743505064.952856
1743505064.985002
1743505065.016946
1743505065.048617
1743505065.081244
1743505065.113171
1743505065.145191
1743505065.192942
1743505065.224583
1743505065.256743
1743505065.288657
1743505065.320276
1743505065.336551
1743505065.368896
1743505065.401017
1743505065.432615
1743505065.465383
1743505065.497310
1743505065.529370
1743505065.560374
1743505065.593110
1743505065.624851
1743505065.656800
1743505065.688253
1743505065.704588
1743505065.720767
1743505065.752816
1743505065.784450
1743505065.816995
1743505065.865091
1743505065.896492
1743505065.928441
1743505065.961136
1743505065.992885
1743505066.024843
1743505066.056292
1743505066.072706
1743505066.105066
1743505066.137030
1743505066.168389
1743505066.201093
1743505066.232883
1743505066.265069
1743505066.296426
1743505066.329109
1743505066.361222
1743505066.392933
1743505066.424341
1743505066.440701
1743505066.473147
1743505066.505354
1743505066.536166
1743505066.552466
1743505066.584979
1743505066.617048
1743505066.648382
1743505066.681063
1743505066.713093
1743505066.745321
1743505066.776522
1743505066.809173
1743505066.841067
1743505066.872563
1743505066.904113
1743505066.920606
1743505066.952839
1743505066.985012
1743505067.016442
1743505067.048879
1743505067.081124
1743505067.113259
1743505067.144386
1743505067.177043
1743505067.208836
1743505067.240976
1743505067.271488
1743505067.287602
1743505067.304719
1743505067.320649
1743505067.352288
1743505067.368458
1743505067.401076
1743505067.433247
1743505067.480865
1743505067.512994
1743505067.545047
1743505067.576893
1743505067.608366
1743505067.624443
1743505067.640467
1743505067.656675
1743505067.688260
1743505067.704874
1743505067.736816
1743505067.769055
1743505067.800519
1743505067.832891
1743505067.865123
1743505067.897048
1743505067.928385
1743505067.961037
1743505067.993023
1743505068.024812
1743505068.056282
1743505068.072601
1743505068.088767
1743505068.121184
1743505068.152127
1743505068.168186
1743505068.184447
1743505068.216948
1743505068.248416
1743505068.280938
1743505068.312897
1743505068.345091
1743505068.376549
1743505068.409215
1743505068.456708
1743505068.488643
1743505068.520197
1743505068.536596
1743505068.552718
1743505068.584819
1743505068.616490
1743505068.649187
1743505068.680955
1743505068.713460
1743505068.744483
1743505068.792941
1743505068.825005
1743505068.856470
1743505068.888063
1743505068.904488
1743505068.936676
1743505068.968926
1743505069.000346
1743505069.033043
1743505069.064951
1743505069.097201
1743505069.128286
1743505069.160795
1743505069.192999
1743505069.224519
1743505069.256184
1743505069.272672
1743505069.304842
1743505069.336635
1743505069.352838
1743505069.385024
1743505069.432667
1743505069.464765
1743505069.496947
1743505069.528963
1743505069.560333
1743505069.592890
1743505069.624562
1743505069.640685
1743505069.672312
1743505069.688655
1743505069.704702
1743505069.736817
1743505069.768344
1743505069.800743
1743505069.832841
1743505069.864917
1743505069.896281
1743505069.912440
1743505069.944738
1743505069.976949
1743505070.008510
1743505070.024615
1743505070.072357
1743505070.104417
1743505070.136098
1743505070.152282
1743505070.184853
1743505070.216967
1743505070.248408
1743505070.280951
1743505070.313020
1743505070.345010
1743505070.376447
1743505070.409623
1743505070.440471
1743505070.456452
1743505070.472512
1743505070.504638
1743505070.536613
1743505070.552492
1743505070.568712
1743505070.600868
1743505070.633172
1743505070.665118
1743505070.696550
1743505070.729323
1743505070.760841
1743505070.792850
1743505070.824267
1743505070.840457
1743505070.872440
1743505070.888530
1743505070.920018
1743505070.936465
1743505070.952747
1743505070.984838
1743505071.016443
1743505071.049000
1743505071.080846
1743505071.113242
1743505071.144212
1743505071.160459
1743505071.176550
1743505071.208636
1743505071.240106
1743505071.256533
1743505071.288562
1743505071.304633
1743505071.336256
1743505071.352650
1743505071.385224
1743505071.416720
1743505071.448237
1743505071.480947
1743505071.512856
1743505071.545074
1743505071.576504
1743505071.609030
1743505071.640526
1743505071.656545
1743505071.688254
1743505071.721086
1743505071.752416
1743505071.784673
1743505071.816216
1743505071.848833
1743505071.880757
1743505071.912913
1743505071.944348
1743505071.977274
1743505072.024879
1743505072.056436
1743505072.087892
1743505072.104373
1743505072.136476
1743505072.152331
1743505072.168449
1743505072.200944
1743505072.232930
1743505072.265212
1743505072.296332
1743505072.312238
1743505072.328616
1743505072.361146
1743505072.392190
1743505072.408195
1743505072.440486
1743505072.456442
1743505072.472528
1743505072.504619
1743505072.536591
1743505072.568774
1743505072.600349
1743505072.633023
1743505072.665173
1743505072.697053
1743505072.728133
1743505072.760871
1743505072.792733
1743505072.824437
1743505072.856013
1743505072.872349
1743505072.888599
1743505072.904584
1743505072.920745
1743505072.952859
1743505073.000594
1743505073.032919
1743505073.064079
1743505073.096819
1743505073.128856
1743505073.160724
1743505073.192174
1743505073.208324
1743505073.240505
1743505073.256554
1743505073.288399
1743505073.304747
1743505073.337003
1743505073.368656
1743505073.400039
1743505073.432755
1743505073.464847
1743505073.497091
1743505073.528229
1743505073.561141
1743505073.592877
1743505073.624640
1743505073.672376
1743505073.688271
1743505073.704389
1743505073.720409
1743505073.752103
1743505073.768335
1743505073.784445
1743505073.800393
1743505073.832218
1743505073.864966
1743505073.896850
1743505073.928919
1743505073.976695
1743505074.008826
1743505074.040371
1743505074.056319
1743505074.087974
1743505074.104267
1743505074.120379
1743505074.152512
1743505074.184096
1743505074.216873
1743505074.249157
1743505074.280901
1743505074.312130
1743505074.327728
1743505074.343818
1743505074.360283
1743505074.376322
1743505074.392432
1743505074.424533
1743505074.456535
1743505074.487885
1743505074.504513
1743505074.536643
1743505074.568818
1743505074.600342
1743505074.648771
1743505074.680740
1743505074.712772
1743505074.744078
1743505074.776825
1743505074.808770
1743505074.840456
1743505074.872014
1743505074.888497
1743505074.904550
1743505074.952309
1743505074.984069
1743505075.016611
1743505075.048709
1743505075.080940
1743505075.112092
1743505075.144796
1743505075.176769
1743505075.208891
1743505075.240142
1743505075.256611
1743505075.288930
1743505075.320618
1743505075.351985
1743505075.368075
1743505075.384310
1743505075.416742
1743505075.448190
1743505075.480920
1743505075.512888
1743505075.544883
1743505075.576285
1743505075.625118
1743505075.656653
1743505075.688261
1743505075.719899
1743505075.736294
1743505075.768633
1743505075.800869
1743505075.832187
1743505075.848255
1743505075.864429
1743505075.897029
1743505075.928169
1743505075.960647
1743505075.992536
1743505076.024372
1743505076.055866
1743505076.072403
1743505076.104519
1743505076.136483
1743505076.168136
1743505076.184323
1743505076.216805
1743505076.264543
1743505076.295940
1743505076.328772
1743505076.360581
1743505076.392666
1743505076.423853
1743505076.440266
1743505076.456492
1743505076.488497
1743505076.504613
1743505076.536643
1743505076.568764
1743505076.601106
1743505076.632807
1743505076.664997
1743505076.696133
1743505076.728694
1743505076.760773
1743505076.792669
1743505076.824113
1743505076.840446
1743505076.872599
1743505076.888536
1743505076.920160
1743505076.936335
1743505076.968503
1743505077.000578
1743505077.032076
1743505077.048120
1743505077.064388
1743505077.096844
1743505077.128144
1743505077.160809
1743505077.193025
1743505077.240522
1743505077.271809
1743505077.288208
1743505077.304286
1743505077.320325
1743505077.351924
1743505077.367946
1743505077.384219
1743505077.416568
1743505077.448180
1743505077.480768
1743505077.512862
1743505077.544959
1743505077.576112
1743505077.608149
1743505077.640143
1743505077.656245
1743505077.687828
1743505077.704269
1743505077.736243
1743505077.768651
1743505077.800176
1743505077.832926
1743505077.880549
1743505077.912832
1743505077.944002
1743505077.976564
1743505078.008637
1743505078.040304
1743505078.071813
1743505078.088314
1743505078.120392
1743505078.152515
1743505078.184120
1743505078.217058
1743505078.248526
1743505078.280820
1743505078.312249
1743505078.344963
1743505078.376677
1743505078.408767
1743505078.440049
1743505078.456358
1743505078.488545
1743505078.520526
1743505078.552087
1743505078.568078
1743505078.600554
1743505078.632565
1743505078.664059
1743505078.696673
1743505078.729055
1743505078.760868
1743505078.792190
1743505078.808374
1743505078.856240
1743505078.887935
1743505078.919797
1743505078.936181
1743505078.952316
1743505078.984372
1743505079.016173
1743505079.048535
1743505079.080819
1743505079.112769
1743505079.144359
1743505079.192407
1743505079.224347
1743505079.256361
1743505079.287689
1743505079.304210
1743505079.320300
1743505079.352332
1743505079.383988
1743505079.416696
1743505079.448831
1743505079.480729
1743505079.528456
1743505079.560623
1743505079.592498
1743505079.624474
1743505079.655775
1743505079.672102
1743505079.688276
1743505079.704334
1743505079.735934
1743505079.752286
1743505079.768523
1743505079.800847
1743505079.848345
1743505079.880528
1743505079.912647
1743505079.944094
1743505079.975999
1743505079.992135
1743505080.024746
1743505080.056840
1743505080.087969
1743505080.104316
1743505080.136490
1743505080.169072
1743505080.199831
1743505080.232622
1743505080.264728
1743505080.296627
1743505080.328011
1743505080.360641
1743505080.392714
1743505080.424425
1743505080.455968
1743505080.472372
1743505080.504574
1743505080.536261
1743505080.567825
1743505080.600473
1743505080.632629
1743505080.664613
1743505080.696097
1743505080.728918
1743505080.760641
1743505080.792734
1743505080.823990
1743505080.856143
1743505080.871987
1743505080.888166
1743505080.919746
1743505080.936244
1743505080.952355
1743505080.984396
1743505081.016034
1743505081.048997
1743505081.080655
1743505081.112772
1743505081.143800
1743505081.176380
1743505081.208715
1743505081.240371
1743505081.271964
1743505081.288526
1743505081.304605
1743505081.336335
1743505081.352515
1743505081.368852
1743505081.400577
1743505081.432661
1743505081.480499
1743505081.512473
1743505081.544504
1743505081.576455
1743505081.607999
1743505081.624011
1743505081.656374
1743505081.688186
1743505081.719803
1743505081.736277
1743505081.752500
1743505081.784655
1743505081.815784
1743505081.848767
1743505081.880531
1743505081.911973
1743505081.944038
1743505081.976819
1743505082.008617
1743505082.040414
1743505082.071927
1743505082.088405
1743505082.120795
1743505082.152291
1743505082.183727
1743505082.216310
1743505082.248384
1743505082.280440
1743505082.311934
1743505082.344511
1743505082.376610
1743505082.392208
1743505082.423917
1743505082.456650
1743505082.487940
1743505082.504056
1743505082.535801
1743505082.552051
1743505082.584383
1743505082.616456
1743505082.648107
1743505082.680675
1743505082.712667
1743505082.744644
1743505082.775987
1743505082.808368
1743505082.839949
1743505082.855975
1743505082.887661
1743505082.904054
1743505082.936216
1743505082.952090
1743505082.983904
1743505083.016468
1743505083.048643
1743505083.096540
1743505083.127811
1743505083.160479
1743505083.192291
1743505083.224020
1743505083.255672
1743505083.271997
1743505083.288261
1743505083.304439
1743505083.320461
1743505083.352469
1743505083.384603
1743505083.432296
1743505083.463837
1743505083.496373
1743505083.528492
1743505083.560319
1743505083.591871
1743505083.607974
1743505083.640296
1743505083.672474
1743505083.703837
1743505083.720430
1743505083.752995
1743505083.784432
1743505083.816540
1743505083.848350
1743505083.881144
1743505083.912521
1743505083.944529
1743505083.976658
1743505084.008053
1743505084.024150
1743505084.040215
1743505084.072573
1743505084.103546
1743505084.119944
1743505084.152323
1743505084.184306
1743505084.215950
1743505084.248365
1743505084.280316
1743505084.312666
1743505084.344144
1743505084.376406
1743505084.408665
1743505084.439972
1743505084.471550
1743505084.487968
1743505084.504074
1743505084.536111
1743505084.567802
1743505084.600814
1743505084.632532
1743505084.664844
1743505084.695995
1743505084.728861
1743505084.760252
1743505084.792426
1743505084.823759
1743505084.840073
1743505084.872078
1743505084.888279
1743505084.919673
1743505084.936228
1743505084.952324
1743505084.984590
1743505085.016146
1743505085.048446
1743505085.080310
1743505085.112384
1743505085.143833
1743505085.176367
1743505085.208691
1743505085.240229
1743505085.271728
1743505085.288124
1743505085.304287
1743505085.336274
1743505085.384059
1743505085.416346
1743505085.448098
1743505085.480226
1743505085.511818
1743505085.544412
1743505085.576618
1743505085.608526
1743505085.639739
1743505085.656202
1743505085.703909
1743505085.735947
1743505085.767652
1743505085.800468
1743505085.832415
1743505085.864493
1743505085.896038
1743505085.928961
1743505085.960355
1743505085.992502
1743505086.024014
1743505086.056241
1743505086.088084
1743505086.120305
1743505086.151614
1743505086.167751
1743505086.183950
1743505086.216582
1743505086.247942
1743505086.280579
1743505086.312665
1743505086.360299
1743505086.391750
1743505086.407833
1743505086.424041
1743505086.439866
1743505086.471525
1743505086.487966
1743505086.504216
1743505086.536239
1743505086.567758
1743505086.600602
1743505086.632798
1743505086.680433
1743505086.711658
1743505086.744452
1743505086.776456
1743505086.808258
1743505086.839587
1743505086.856092
1743505086.888125
1743505086.904066
1743505086.920117
1743505086.952581
1743505087.000180
1743505087.032108
1743505087.063779
1743505087.096428
1743505087.128486
1743505087.160552
1743505087.191829
1743505087.224115
1743505087.256461
1743505087.288076
1743505087.336069
1743505087.368216
1743505087.400190
1743505087.432217
1743505087.464089
1743505087.496399
1743505087.528693
1743505087.560561
1743505087.591932
1743505087.624431
1743505087.656660
1743505087.687989
1743505087.719419
1743505087.735854
1743505087.752001
1743505087.767946
1743505087.799742
1743505087.832530
1743505087.864619
1743505087.896545
1743505087.927994
1743505087.976350
1743505088.008325
1743505088.039983
1743505088.071485
1743505088.087995
1743505088.120082
1743505088.152063
1743505088.183986
1743505088.216369
1743505088.248514
1743505088.280519
1743505088.311661
1743505088.344602
1743505088.376426
1743505088.408400
1743505088.439667
1743505088.456022
1743505088.488059
1743505088.504076
1743505088.535691
1743505088.552032
1743505088.568118
1743505088.600389
1743505088.631809
1743505088.664792
1743505088.696252
1743505088.728386
1743505088.759577
1743505088.792376
1743505088.824192
1743505088.856004
1743505088.887637
1743505088.904241
1743505088.952078
1743505088.984191
1743505089.015568
1743505089.048279
1743505089.080636
1743505089.112264
1743505089.143707
1743505089.176660
1743505089.208410
1743505089.240174
1743505089.287945
1743505089.319743
1743505089.335816
1743505089.351982
1743505089.383601
1743505089.416271
1743505089.448251
1743505089.480631
1743505089.511789
1743505089.544372
1743505089.576619
1743505089.608485
1743505089.639321
1743505089.655803
1743505089.687821
1743505089.703846
1743505089.735492
1743505089.751886
1743505089.767963
1743505089.800338
1743505089.831745
1743505089.864611
1743505089.896475
1743505089.928628
1743505089.959566
1743505089.992218
1743505090.023741
1743505090.039717
1743505090.055971
1743505090.072014
1743505090.088158
1743505090.120092
1743505090.151691
1743505090.167823
1743505090.184000
1743505090.216599
1743505090.264167
1743505090.296381
1743505090.328255
1743505090.360126
1743505090.391681
1743505090.407822
1743505090.440039
1743505090.455986
1743505090.487578
1743505090.504087
1743505090.536215
1743505090.583832
1743505090.615539
1743505090.648336
1743505090.680427
1743505090.712218
1743505090.743610
1743505090.776328
1743505090.808605
1743505090.839978
1743505090.871608
1743505090.904281
1743505090.935783
1743505090.968125
1743505090.999603
1743505091.032276
1743505091.064694
1743505091.096886
1743505091.127773
1743505091.159939
1743505091.192636
1743505091.240224
1743505091.271933
1743505091.303905
1743505091.336026
1743505091.368106
1743505091.400285
1743505091.432548
1743505091.463877
1743505091.496485
1743505091.528336
1743505091.560609
1743505091.591503
1743505091.607741
1743505091.640059
1743505091.672014
1743505091.703655
1743505091.719963
1743505091.751955
1743505091.784100
1743505091.815769
1743505091.848323
1743505091.880411
1743505091.912058
1743505091.943516
1743505091.976180
1743505092.008127
1743505092.040055
1743505092.071396
1743505092.087973
1743505092.120100
1743505092.152372
1743505092.183669
1743505092.216336
1743505092.248167
1743505092.280274
1743505092.311598
1743505092.344224
1743505092.376190
1743505092.408256
1743505092.439555
1743505092.455934
1743505092.472006
1743505092.488031
1743505092.504193
1743505092.536338
1743505092.567989
1743505092.600200
1743505092.631595
1743505092.664369
1743505092.696280
1743505092.728349
1743505092.759663
1743505092.792774
1743505092.824530
1743505092.856163
1743505092.887275
1743505092.903689
1743505092.936055
1743505092.968140
1743505092.999665
1743505093.015801
1743505093.048191
1743505093.080254
1743505093.111866
1743505093.144445
1743505093.192298
1743505093.224154
1743505093.255306
1743505093.271601
1743505093.287999
1743505093.320208
1743505093.351630
1743505093.384059
1743505093.416490
1743505093.448405
1743505093.479757
1743505093.512451
1743505093.544010
1743505093.576232
1743505093.607568
1743505093.623720
1743505093.656013
1743505093.687690
1743505093.703868
1743505093.719946
1743505093.751981
1743505093.784060
1743505093.831879
1743505093.864026
1743505093.896139
1743505093.928231
1743505093.959445
1743505093.992184
1743505094.023870
1743505094.055953
1743505094.087541
1743505094.103913
1743505094.136099
1743505094.168419
1743505094.199751
1743505094.232224
1743505094.264451
1743505094.296160
1743505094.327541
1743505094.343552
1743505094.359782
1743505094.392329
1743505094.423695
1743505094.439841
1743505094.487654
1743505094.503584
1743505094.519771
1743505094.551609
1743505094.583797
1743505094.616084
1743505094.647542
1743505094.680185
1743505094.712202
1743505094.744285
1743505094.775801
1743505094.808367
1743505094.839526
1743505094.855684
1743505094.887242
1743505094.903709
1743505094.936025
1743505094.967921
1743505094.999489
1743505095.032193
1743505095.064310
1743505095.096421
1743505095.144462
1743505095.176057
1743505095.208044
1743505095.239700
1743505095.271262
1743505095.287735
1743505095.303811
1743505095.336273
1743505095.367672
1743505095.400160
1743505095.432379
1743505095.464346
1743505095.495463
1743505095.528154
1743505095.560025
1743505095.592065
1743505095.623334
1743505095.639599
1743505095.672342
1743505095.703784
1743505095.719873
1743505095.735948
1743505095.783831
1743505095.815943
1743505095.847462
1743505095.863389
1743505095.879553
1743505095.895584
1743505095.927746
1743505095.960372
1743505095.992307
1743505096.024160
1743505096.055500
1743505096.071848
1743505096.087938
1743505096.120357
1743505096.151298
1743505096.167331
1743505096.183608
1743505096.216024
1743505096.247495
1743505096.280244
1743505096.312167
1743505096.344447
1743505096.375670
1743505096.408439
1743505096.440329
1743505096.471534
1743505096.503169
1743505096.519678
1743505096.552027
1743505096.584052
1743505096.615566
1743505096.648361
1743505096.680167
1743505096.712275
1743505096.759936
1743505096.791955
1743505096.823608
1743505096.855642
1743505096.887201
1743505096.903625
1743505096.919721
1743505096.951862
1743505096.983460
1743505097.016177
1743505097.048254
1743505097.096035
1743505097.127293
1743505097.160066
1743505097.191960
1743505097.223572
1743505097.255322
1743505097.271588
1743505097.287913
1743505097.303797
1743505097.335456
1743505097.351778
1743505097.367840
1743505097.415876
1743505097.447313
1743505097.480047
1743505097.512103
1743505097.543958
1743505097.575338
1743505097.591558
1743505097.623788
1743505097.655717
1743505097.687436
1743505097.703801
1743505097.736378
1743505097.767818
1743505097.799327
1743505097.832026
1743505097.864205
1743505097.895993
1743505097.927687
1743505097.960054
1743505097.992344
1743505098.024129
1743505098.071527
1743505098.087565
1743505098.103663
1743505098.135489
1743505098.167286
1743505098.200012
1743505098.232322
1743505098.264335
1743505098.295714
1743505098.328226
1743505098.360689
1743505098.392216
1743505098.423417
1743505098.455743
1743505098.487861
1743505098.519701
1743505098.535458
1743505098.551770
1743505098.584135
1743505098.616123
1743505098.648251
1743505098.680445
1743505098.712219
1743505098.744034
1743505098.775966
1743505098.807999
1743505098.839186
1743505098.855693
1743505098.887557
1743505098.903583
1743505098.935282
1743505098.951738
1743505098.967832
1743505099.000157
1743505099.047980
1743505099.079982
1743505099.111983
1743505099.144008
1743505099.175358
1743505099.191511
1743505099.223690
1743505099.255687
1743505099.271638
1743505099.287829
1743505099.320245
1743505099.367400
1743505099.399207
1743505099.432097
1743505099.464044
1743505099.495998
1743505099.527277
1743505099.559973
1743505099.592482
1743505099.624116
1743505099.655434
1743505099.688206
1743505099.719408
1743505099.735512
1743505099.751575
1743505099.783965
1743505099.815759
1743505099.848119
1743505099.879368
1743505099.912057
1743505099.944304
1743505099.976135
1743505100.023825
1743505100.055781
1743505100.087680
1743505100.119405
1743505100.151274
1743505100.167345
1743505100.183547
1743505100.199553
1743505100.231432
1743505100.264284
1743505100.296215
1743505100.343877
1743505100.375215
1743505100.391417
1743505100.423560
1743505100.439497
1743505100.455597
1743505100.487961
1743505100.519640
1743505100.551682
1743505100.567408
1743505100.583637
1743505100.615966
1743505100.663875
1743505100.695226
1743505100.727886
1743505100.760102
1743505100.791942
1743505100.823351
1743505100.839444
1743505100.855659
1743505100.887677
1743505100.919341
1743505100.935649
1743505100.951839
1743505100.999564
1743505101.031254
1743505101.064130
1743505101.095900
1743505101.128065
1743505101.159341
1743505101.192149
1743505101.224003
1743505101.255939
1743505101.287317
1743505101.320242
1743505101.351475
1743505101.383588
1743505101.415321
1743505101.448134
1743505101.480155
1743505101.511956
1743505101.543372
1743505101.576104
1743505101.608231
1743505101.640098
1743505101.671052
1743505101.687511
1743505101.719491
1743505101.735487
1743505101.767203
1743505101.783322
1743505101.799481
1743505101.815550
1743505101.847381
1743505101.879970
1743505101.912016
1743505101.944318
1743505101.975416
1743505101.991392
1743505102.007566
1743505102.038547
1743505102.054665
1743505102.070981
1743505102.087635
1743505102.103591
1743505102.135111
1743505102.151528
1743505102.167694
1743505102.200078
1743505102.231634
1743505102.264417
1743505102.296138
1743505102.327754
1743505102.359291
1743505102.391921
1743505102.423534
1743505102.439404
1743505102.455538
1743505102.487744
1743505102.520003
1743505102.551768
1743505102.567435
1743505102.583628
1743505102.616218
1743505102.647890
1743505102.679210
1743505102.711936
1743505102.743918
1743505102.775962
1743505102.807346
1743505102.823510
1743505102.855801
1743505102.887689
1743505102.919285
1743505102.952181
1743505102.983775
1743505103.015966
1743505103.047206
1743505103.079738
1743505103.111985
1743505103.143810
1743505103.175556
1743505103.208061
1743505103.239755
1743505103.272069
1743505103.302972
1743505103.319469
1743505103.351591
1743505103.383769
1743505103.415313
1743505103.448368
1743505103.479914
1743505103.511929
1743505103.543408
1743505103.591469
1743505103.623277
1743505103.655500
1743505103.686981
1743505103.703417
1743505103.719416
1743505103.751833
1743505103.783103
1743505103.799123
1743505103.815459
1743505103.831548
1743505103.863554
1743505103.896031
1743505103.928090
1743505103.959912
1743505103.991062
1743505104.007309
1743505104.039801
1743505104.071687
1743505104.102990
1743505104.119409
1743505104.135493
1743505104.151572
1743505104.183355
1743505104.215849
1743505104.248136
1743505104.280020
1743505104.311226
1743505104.343848
1743505104.375709
1743505104.407810
1743505104.439076
1743505104.455526
1743505104.487589
1743505104.519796
1743505104.567531
1743505104.582970
1743505104.599288
1743505104.615287
1743505104.647255
1743505104.679828
1743505104.711920
1743505104.743851
1743505104.775226
1743505104.807886
1743505104.839703
1743505104.871736
1743505104.903178
1743505104.935345
1743505104.967733
1743505104.999791
1743505105.031191
1743505105.063876
1743505105.095809
1743505105.127849
1743505105.159408
1743505105.192394
1743505105.224140
1743505105.255325
1743505105.286939
1743505105.303508
1743505105.335663
1743505105.367778
1743505105.399191
1743505105.431976
1743505105.464228
1743505105.495911
1743505105.543502
1743505105.575842
1743505105.608352
1743505105.639490
1743505105.671005
1743505105.687456
1743505105.719739
1743505105.751585
1743505105.783167
1743505105.815492
1743505105.847884
1743505105.880267
1743505105.911715
1743505105.944336
1743505105.975807
1743505106.007850
1743505106.039418
1743505106.071849
1743505106.103156
1743505106.119581
1743505106.151683
1743505106.199497
1743505106.231223
1743505106.263729
1743505106.295809
1743505106.327657
1743505106.359147
1743505106.391712
1743505106.423685
1743505106.455603
1743505106.487078
1743505106.520163
1743505106.551263
1743505106.583857
1743505106.615144
1743505106.647736
1743505106.679811
1743505106.711821
1743505106.743182
1743505106.775746
1743505106.807917
1743505106.855333
1743505106.886850
1743505106.903223
1743505106.919367
1743505106.951512
1743505106.983047
1743505107.015803
1743505107.047839
1743505107.079869
1743505107.111395
1743505107.143985
1743505107.175939
1743505107.207559
1743505107.238832
1743505107.255185
1743505107.271332
1743505107.287438
1743505107.303445
1743505107.319440
1743505107.351535
1743505107.383627
1743505107.415213
1743505107.448036
1743505107.495568
1743505107.527695
1743505107.559033
1743505107.591796
1743505107.623593
1743505107.655515
1743505107.686896
1743505107.703398
1743505107.735694
1743505107.767726
1743505107.799476
1743505107.832232
1743505107.863604
1743505107.895785
1743505107.927031
1743505107.959792
1743505107.991733
1743505108.023476
1743505108.055017
1743505108.071460
1743505108.103583
1743505108.151344
1743505108.182888
1743505108.215682
1743505108.247730
1743505108.279832
1743505108.311079
1743505108.343687
1743505108.375817
1743505108.408106
1743505108.439246
1743505108.471875
1743505108.503183
1743505108.535286
1743505108.566987
1743505108.599753
1743505108.631963
1743505108.663759
1743505108.695185
1743505108.728018
1743505108.759933
1743505108.807374
1743505108.838783
1743505108.855851
1743505108.887484
1743505108.919377
1743505108.950968
1743505108.967086
1743505108.999980
1743505109.031798
1743505109.063353
1743505109.096053
1743505109.127689
1743505109.159830
1743505109.191007
1743505109.223247
1743505109.255302
1743505109.287196
1743505109.303336
1743505109.319448
1743505109.351482
1743505109.383652
1743505109.415214
1743505109.448074
1743505109.479851
1743505109.511523
1743505109.543074
1743505109.575707
1743505109.607833
1743505109.639318
1743505109.671045
1743505109.687396
1743505109.719621
1743505109.751517
1743505109.783093
1743505109.815494
1743505109.847688
1743505109.879653
1743505109.911016
1743505109.943945
1743505109.975579
1743505110.007831
1743505110.039051
1743505110.055383
1743505110.103356
1743505110.135173
1743505110.166913
1743505110.199649
1743505110.231824
1743505110.263836
1743505110.295081
1743505110.328006
1743505110.359798
1743505110.392180
1743505110.423100
1743505110.439167
1743505110.455161
1743505110.487283
1743505110.518799
1743505110.535153
1743505110.551312
1743505110.567479
1743505110.599026
1743505110.631954
1743505110.663798
1743505110.695788
1743505110.727264
1743505110.759662
1743505110.791593
1743505110.822997
1743505110.854759
1743505110.871130
1743505110.887202
1743505110.903212
1743505110.934854
1743505110.951664
1743505110.983750
1743505111.015708
1743505111.047239
1743505111.079910
1743505111.111543
1743505111.143716
1743505111.174985
1743505111.191191
1743505111.223416
1743505111.255453
1743505111.287209
1743505111.303781
1743505111.335549
1743505111.351650
1743505111.367879
1743505111.399953
1743505111.431663
1743505111.463808
1743505111.495007
1743505111.527668
1743505111.559515
1743505111.591569
1743505111.622872
1743505111.639266
1743505111.655346
1743505111.671361
1743505111.687385
1743505111.735237
1743505111.767323
1743505111.799401
1743505111.830975
1743505111.863675
1743505111.895502
1743505111.927721
1743505111.959201
1743505111.992001
1743505112.023604
1743505112.055594
1743505112.086715
1743505112.103059
1743505112.119128
1743505112.135089
1743505112.167114
1743505112.199107
1743505112.230292
1743505112.247307
1743505112.279203
1743505112.311753
1743505112.343813
1743505112.375785
1743505112.406842
1743505112.423132
1743505112.455050
1743505112.471270
1743505112.502798
1743505112.519229
1743505112.551558
1743505112.583443
1743505112.615004
1743505112.630991
1743505112.647355
1743505112.663328
1743505112.711742
1743505112.743752
1743505112.775871
1743505112.807968
1743505112.838831
1743505112.855030
1743505112.871212
1743505112.903175
1743505112.934879
1743505112.951318
1743505112.967419
1743505112.999546
1743505113.030934
1743505113.063515
1743505113.095450
1743505113.127525
1743505113.158955
1743505113.191032
1743505113.223354
1743505113.255119
1743505113.271265
1743505113.287469
1743505113.319551
1743505113.351535
1743505113.383403
1743505113.415497
1743505113.446946
1743505113.479742
1743505113.511600
1743505113.543546
1743505113.575010
1743505113.607851
1743505113.639521
1743505113.687024
1743505113.718660
1743505113.735109
1743505113.767538
1743505113.799436
1743505113.830914
1743505113.863742
1743505113.895586
1743505113.927796
1743505113.959073
1743505114.007477
1743505114.038953
1743505114.071241
1743505114.102738
1743505114.119219
1743505114.151152
1743505114.183405
1743505114.214952
1743505114.231016
1743505114.247198
1743505114.263257
1743505114.279394
1743505114.327670
1743505114.359395
1743505114.391547
1743505114.422905
1743505114.439069
1743505114.471205
1743505114.503235
1743505114.534821
1743505114.551152
1743505114.583578
1743505114.615728
1743505114.663488
1743505114.695573
1743505114.727438
1743505114.759471
1743505114.790920
1743505114.807052
1743505114.839062
1743505114.855253
1743505114.886886
1743505114.903266
1743505114.919281
1743505114.951358
1743505114.982867
1743505115.015465
1743505115.047368
1743505115.079499
1743505115.110846
1743505115.143659
1743505115.175533
1743505115.207822
1743505115.238871
1743505115.255316
1743505115.303075
1743505115.335069
1743505115.366729
1743505115.399425
1743505115.431744
1743505115.463554
1743505115.495020
1743505115.527560
1743505115.559713
1743505115.591741
1743505115.639478
1743505115.671222
1743505115.703156
1743505115.735269
1743505115.766845
1743505115.799446
1743505115.831549
1743505115.863855
1743505115.895077
1743505115.927701
1743505115.959593
1743505115.991735
1743505116.022823
1743505116.038923
1743505116.054997
1743505116.071049
1743505116.087134
1743505116.119250
1743505116.151331
1743505116.183437
1743505116.215060
1743505116.247635
1743505116.279625
1743505116.311445
1743505116.342820
1743505116.375630
1743505116.407519
1743505116.439269
1743505116.470686
1743505116.487066
1743505116.519370
1743505116.551523
1743505116.582917
1743505116.615434
1743505116.647571
1743505116.679743
1743505116.710745
1743505116.743819
1743505116.775354
1743505116.807503
1743505116.838710
1743505116.855112
1743505116.887325
1743505116.934383
1743505116.951477
1743505116.983347
1743505117.015638
1743505117.047675
1743505117.078918
1743505117.111530
1743505117.143537
1743505117.175655
1743505117.206979
1743505117.223120
1743505117.255348
1743505117.286807
1743505117.303038
1743505117.335118
1743505117.367475
1743505117.399312
1743505117.430783
1743505117.463544
1743505117.495524
1743505117.528124
1743505117.559096
1743505117.591620
1743505117.623240
1743505117.654884
1743505117.671153
1743505117.703091
1743505117.735365
1743505117.767550
1743505117.798845
1743505117.831812
1743505117.863450
1743505117.911330
1743505117.942703
1743505117.958834
1743505117.974877
1743505117.990889
1743505118.022551
1743505118.038869
1743505118.054926
1743505118.071050
1743505118.102640
1743505118.119076
1743505118.151201
1743505118.167338
1743505118.199028
1743505118.231859
1743505118.263340
1743505118.295471
1743505118.326755
1743505118.359353
1743505118.391338
1743505118.423494
1743505118.454678
1743505118.471084
1743505118.503263
1743505118.535397
1743505118.566876
1743505118.599347
1743505118.631254
1743505118.663408
1743505118.694747
1743505118.710749
1743505118.726852
1743505118.759472
1743505118.790920
1743505118.823364
1743505118.855250
1743505118.887568
1743505118.918474
1743505118.934876
1743505118.967263
1743505118.999365
1743505119.030773
1743505119.063375
1743505119.095550
1743505119.127508
1743505119.158946
1743505119.207171
1743505119.239030
1743505119.270893
1743505119.302426
1743505119.318851
1743505119.351174
1743505119.383395
1743505119.414798
1743505119.447432
1743505119.479375
1743505119.511744
1743505119.542746
1743505119.575299
1743505119.607259
1743505119.639188
1743505119.670575
1743505119.687020
1743505119.718668
1743505119.735072
1743505119.751114
1743505119.767206
1743505119.799489
1743505119.831658
1743505119.863618
1743505119.895305
1743505119.927237
1743505119.958617
1743505119.974689
1743505120.006929
1743505120.039036
1743505120.070595
1743505120.087121
1743505120.119227
1743505120.151226
1743505120.182755
1743505120.215371
1743505120.247557
1743505120.279434
1743505120.310594
1743505120.343490
1743505120.375555
1743505120.407589
1743505120.438632
1743505120.454956
1743505120.471174
1743505120.518849
1743505120.550501
1743505120.583326
1743505120.615179
1743505120.647312
1743505120.678722
1743505120.711374
1743505120.743411
1743505120.775502
1743505120.806987
1743505120.839530
1743505120.870799
1743505120.902766
1743505120.934402
1743505120.950717
1743505120.983094
1743505121.015175
1743505121.046722
1743505121.079499
1743505121.111535
1743505121.159154
1743505121.190588
1743505121.206738
1743505121.222835
1743505121.238717
1743505121.270469
1743505121.286909
1743505121.302957
1743505121.319001
1743505121.350585
1743505121.383161
1743505121.415371
1743505121.447478
1743505121.495194
1743505121.527307
1743505121.559165
1743505121.591387
1743505121.622716
1743505121.638759
1743505121.671109
1743505121.702940
1743505121.734553
1743505121.751000
1743505121.767091
1743505121.814981
1743505121.846563
1743505121.862503
1743505121.878812
1743505121.911724
1743505121.942683
1743505121.975734
1743505122.007340
1743505122.039202
1743505122.070690
1743505122.087060
1743505122.134697
1743505122.167146
1743505122.198603
1743505122.231233
1743505122.263264
1743505122.295518
1743505122.326674
1743505122.359237
1743505122.391576
1743505122.423377
1743505122.471009
1743505122.502724
1743505122.518689
1743505122.534711
1743505122.550896
1743505122.583173
1743505122.615214
1743505122.647345
1743505122.678706
1743505122.711757
1743505122.743389
1743505122.790896
1743505122.822401
1743505122.838632
1743505122.854781
1743505122.886816
1743505122.918424
1743505122.934770
1743505122.951275
1743505122.983456
1743505123.014857
1743505123.047403
1743505123.079643
1743505123.111658
1743505123.142571
1743505123.175315
1743505123.207294
1743505123.239014
1743505123.270476
1743505123.286950
1743505123.303011
1743505123.335204
1743505123.366777
1743505123.399570
1743505123.447351
1743505123.479192
1743505123.510612
1743505123.543316
1743505123.575270
1743505123.607140
1743505123.638523
1743505123.654760
1743505123.671048
1743505123.703140
1743505123.734656
1743505123.767709
1743505123.799024
1743505123.831170
1743505123.862581
1743505123.895398
1743505123.927407
1743505123.959889
1743505123.990669
1743505124.006914
1743505124.022941
1743505124.038934
1743505124.086948
1743505124.118798
1743505124.151102
1743505124.182960
1743505124.214677
1743505124.247375
1743505124.279298
1743505124.311289
1743505124.342702
1743505124.375356
1743505124.422997
1743505124.454727
1743505124.486304
1743505124.502855
1743505124.534955
1743505124.567099
1743505124.598612
1743505124.631286
1743505124.663341
1743505124.695305
1743505124.743047
1743505124.775244
1743505124.807226
1743505124.838805
1743505124.870463
1743505124.886844
1743505124.919001
1743505124.950957
1743505124.982622
1743505125.015404
1743505125.063063
1743505125.095477
1743505125.126539
1743505125.159205
1743505125.190731
1743505125.221647
1743505125.238787
1743505125.254865
1743505125.286991
1743505125.319249
1743505125.350641
1743505125.366826
1743505125.399600
1743505125.431197
1743505125.462569
1743505125.495370
1743505125.527326
1743505125.559085
1743505125.590680
1743505125.622919
1743505125.638823
1743505125.654872
1743505125.671029
1743505125.687165
1743505125.719412
1743505125.750630
1743505125.782464
1743505125.815059
1743505125.847120
1743505125.879274
1743505125.910513
1743505125.943447
1743505125.975649
1743505126.007340
1743505126.038644
1743505126.070947
1743505126.102609
1743505126.118704
1743505126.134726
1743505126.150830
1743505126.182907
1743505126.215149
1743505126.246754
1743505126.279341
1743505126.311358
1743505126.343721
1743505126.374639
1743505126.407207
1743505126.438600
1743505126.454654
1743505126.470806
1743505126.502841
1743505126.518817
1743505126.551106
1743505126.582537
1743505126.615203
1743505126.647144
1743505126.694886
1743505126.726384
1743505126.759182
1743505126.791185
1743505126.822577
1743505126.854283
1743505126.870692
1743505126.886898
1743505126.902925
1743505126.934541
1743505126.951090
1743505126.983295
1743505127.015320
1743505127.046423
1743505127.078540
1743505127.111185
1743505127.143072
1743505127.175211
1743505127.207379
1743505127.238940
1743505127.254785
1743505127.270893
1743505127.286956
1743505127.318536
1743505127.351317
1743505127.382856
1743505127.415042
1743505127.446480
1743505127.479135
1743505127.511044
1743505127.543302
1743505127.574608
1743505127.607285
1743505127.639055
1743505127.671260
1743505127.702150
1743505127.718705
1743505127.750607
1743505127.766428
1743505127.782635
1743505127.798648
1743505127.831349
1743505127.863173
1743505127.894543
1743505127.927138
1743505127.959237
1743505127.991127
1743505128.022416
1743505128.038500
1743505128.070631
1743505128.086610
1743505128.102789
1743505128.135142
1743505128.166987
1743505128.199105
1743505128.230623
1743505128.263450
1743505128.295355
1743505128.327402
1743505128.358432
1743505128.391406
1743505128.422932
1743505128.455033
1743505128.486260
1743505128.502670
1743505128.534824
1743505128.567064
1743505128.598577
1743505128.647012
1743505128.679095
1743505128.711155
1743505128.742465
1743505128.775290
1743505128.807090
1743505128.838831
1743505128.870508
1743505128.886753
1743505128.902951
1743505128.935018
1743505128.966650
1743505128.999224
1743505129.031154
1743505129.063099
1743505129.094445
1743505129.127137
1743505129.159131
1743505129.191155
1743505129.222612
1743505129.238765
1743505129.270903
1743505129.303227
1743505129.334202
1743505129.350535
1743505129.366752
1743505129.399010
1743505129.430396
1743505129.462952
1743505129.495310
1743505129.527122
1743505129.558606
1743505129.591263
1743505129.623237
1743505129.654506
1743505129.670624
1743505129.702784
1743505129.734550
1743505129.750581
1743505129.782438
1743505129.815080
1743505129.847130
1743505129.879182
1743505129.910597
1743505129.943544
1743505129.974993
1743505130.006843
1743505130.038153
1743505130.054586
1743505130.086617
1743505130.102614
1743505130.118645
1743505130.150834
1743505130.183153
1743505130.215376
1743505130.246652
1743505130.279273
1743505130.310986
1743505130.342931
1743505130.374476
1743505130.406963
1743505130.438715
1743505130.470815
1743505130.502257
1743505130.518723
1743505130.534866
1743505130.567058
1743505130.598574
1743505130.630944
1743505130.663317
1743505130.695008
1743505130.726406
1743505130.759006
1743505130.791116
1743505130.806426
1743505130.822730
1743505130.854908
1743505130.886910
1743505130.919316
1743505130.950309
1743505130.982819
1743505131.014824
1743505131.046979
1743505131.078407
1743505131.111058
1743505131.143220
1743505131.175258
1743505131.206158
1743505131.253196
1743505131.269411
1743505131.285417
1743505131.301438
1743505131.317580
1743505131.351011
1743505131.382964
1743505131.414411
1743505131.447085
1743505131.479078
1743505131.511413
1743505131.542641
1743505131.575137
1743505131.606864
1743505131.638660
1743505131.670155
1743505131.686718
1743505131.718710
1743505131.750729
1743505131.782348
1743505131.798484
1743505131.814657
1743505131.830690
1743505131.862637
1743505131.895349
1743505131.926826
1743505131.958731
1743505131.990364
1743505132.006451
1743505132.038725
1743505132.070622
1743505132.102157
1743505132.118726
1743505132.150957
1743505132.183109
1743505132.230863
1743505132.262891
1743505132.294781
1743505132.326896
1743505132.358369
1743505132.391056
1743505132.422731
1743505132.454651
1743505132.470729
1743505132.486900
1743505132.519078
1743505132.551078
1743505132.582179
1743505132.614976
1743505132.646822
1743505132.678946
1743505132.710370
1743505132.743024
1743505132.775088
1743505132.807118
1743505132.822626
1743505132.870446
1743505132.902492
1743505132.934373
1743505132.950520
1743505132.966542
1743505132.998942
1743505133.030968
1743505133.062398
1743505133.095029
1743505133.127114
1743505133.159136
1743505133.206802
1743505133.238518
1743505133.270697
1743505133.302502
1743505133.334130
1743505133.350556
1743505133.382787
1743505133.414917
1743505133.446746
1743505133.479320
1743505133.527130
1743505133.558875
1743505133.590193
1743505133.606364
1743505133.638690
1743505133.670716
1743505133.702140
1743505133.718498
1743505133.734609
1743505133.766899
1743505133.798399
1743505133.847009
1743505133.878806
1743505133.910821
1743505133.942227
1743505133.975037
1743505134.006986
1743505134.038479
1743505134.070164
1743505134.086675
1743505134.102783
1743505134.134844
1743505134.182558
1743505134.214795
1743505134.246744
1743505134.278962
1743505134.310270
1743505134.343049
1743505134.374953
1743505134.407086
1743505134.438252
1743505134.454672
1743505134.470908
1743505134.503085
1743505134.534342
1743505134.550375
1743505134.566503
1743505134.598786
1743505134.631070
1743505134.662923
1743505134.694331
1743505134.727111
1743505134.758933
1743505134.791116
1743505134.822296
1743505134.838346
1743505134.854479
1743505134.886376
1743505134.917965
1743505134.934327
1743505134.950563
1743505134.982609
1743505135.014529
1743505135.047121
1743505135.079059
1743505135.110962
1743505135.158664
1743505135.190745
1743505135.222380
1743505135.238456
1743505135.270093
1743505135.286582
1743505135.318573
1743505135.334546
1743505135.350762
1743505135.382865
1743505135.414996
1743505135.447020
1743505135.478378
1743505135.510787
1743505135.542851
1743505135.574756
1743505135.606236
1743505135.622565
1743505135.638564
1743505135.654581
1743505135.686144
1743505135.702667
1743505135.734835
1743505135.767062
1743505135.798385
1743505135.830741
1743505135.862858
1743505135.895057
1743505135.926371
1743505135.958805
1743505135.991135
1743505136.022859
1743505136.054147
1743505136.070707
1743505136.102799
1743505136.135009
1743505136.166121
1743505136.198850
1743505136.230815
1743505136.262883
1743505136.294305
1743505136.326977
1743505136.359167
1743505136.390918
1743505136.422521
1743505136.454969
1743505136.486625
1743505136.518473
1743505136.549980
1743505136.566358
1743505136.598852
1743505136.630813
1743505136.662313
1743505136.695289
1743505136.726952
1743505136.774589
1743505136.806044
1743505136.822250
1743505136.838386
1743505136.854378
1743505136.870469
1743505136.902695
1743505136.934494
1743505136.950455
1743505136.966585
1743505136.998796
1743505137.031317
1743505137.063071
1743505137.110751
1743505137.142778
1743505137.174872
1743505137.206635
1743505137.237997
1743505137.254271
1743505137.270479
1743505137.286504
1743505137.318030
1743505137.334403
1743505137.350616
1743505137.382892
1743505137.430568
1743505137.462606
1743505137.494866
1743505137.526736
1743505137.558147
1743505137.590774
1743505137.622490
1743505137.654622
1743505137.686105
1743505137.702490
1743505137.750189
1743505137.782378
1743505137.814188
1743505137.846889
1743505137.878633
1743505137.910780
1743505137.942205
1743505137.975339
1743505138.006770
1743505138.038849
1743505138.086336
1743505138.102330
1743505138.134370
1743505138.150313
1743505138.166482
1743505138.198802
1743505138.230784
1743505138.262817
1743505138.294247
1743505138.326986
1743505138.359116
1743505138.406512
1743505138.437976
1743505138.454179
1743505138.470402
1743505138.486561
1743505138.517991
1743505138.534340
1743505138.550445
1743505138.582663
1743505138.614230
1743505138.647144
1743505138.678931
1743505138.726665
1743505138.758097
1743505138.790940
1743505138.822547
1743505138.854470
1743505138.870402
1743505138.886423
1743505138.918560
1743505138.950604
1743505138.982221
1743505139.014815
1743505139.062709
1743505139.094809
1743505139.126065
1743505139.158717
1743505139.190730
1743505139.222383
1743505139.253935
1743505139.270440
1743505139.302516
1743505139.318524
1743505139.350175
1743505139.382971
1743505139.414564
1743505139.446835
1743505139.478111
1743505139.510735
1743505139.542799
1743505139.575052
1743505139.606183
1743505139.622358
1743505139.638454
1743505139.670604
1743505139.702063
1743505139.718272
1743505139.750378
1743505139.782698
1743505139.814148
1743505139.846826
1743505139.879096
1743505139.910907
1743505139.942314
1743505139.975123
1743505140.006271
1743505140.039148
1743505140.069879
1743505140.086320
1743505140.118311
1743505140.134190
1743505140.166062
1743505140.182067
1743505140.198235
1743505140.214237
1743505140.230398
1743505140.262880
1743505140.294829
1743505140.326925
1743505140.358031
1743505140.373951
1743505140.390134
1743505140.406095
1743505140.422355
1743505140.454343
1743505140.470439
1743505140.502337
1743505140.533965
1743505140.550328
1743505140.583045
1743505140.614854
1743505140.646392
1743505140.677475
1743505140.693941
1743505140.710148
1743505140.742149
1743505140.774757
1743505140.806867
1743505140.838454
1743505140.869940
1743505140.886393
1743505140.918397
1743505140.934422
1743505140.950637
1743505140.982788
1743505141.014811
1743505141.046921
1743505141.078328
1743505141.110699
1743505141.142750
1743505141.174742
1743505141.206213
1743505141.238506
1743505141.254462
1743505141.270495
1743505141.286860
1743505141.302860
1743505141.334597
1743505141.350714
1743505141.381845
1743505141.414476
1743505141.446772
1743505141.478902
1743505141.510056
1743505141.542196
1743505141.574810
1743505141.606964
1743505141.654239
1743505141.686270
1743505141.718366
1743505141.750287
1743505141.782562
1743505141.814709
1743505141.845941
1743505141.862118
1743505141.878301
1743505141.910904
1743505141.942225
1743505141.990697
1743505142.022599
1743505142.054369
1743505142.085733
1743505142.102225
1743505142.134436
1743505142.167017
1743505142.198068
1743505142.230812
1743505142.262871
1743505142.310499
1743505142.341880
1743505142.374649
1743505142.406578
1743505142.438423
1743505142.469850
1743505142.486261
1743505142.502961
1743505142.534557
1743505142.566043
1743505142.582260
1743505142.630487
1743505142.662795
1743505142.693972
1743505142.726620
1743505142.758541
1743505142.790721
1743505142.821990
1743505142.854321
1743505142.870316
1743505142.886386
1743505142.917970
1743505142.934405
1743505142.967104
1743505142.998521
1743505143.029919
1743505143.062594
1743505143.094672
1743505143.126579
1743505143.158019
1743505143.190837
1743505143.222711
1743505143.254515
1743505143.285982
1743505143.302034
1743505143.334176
1743505143.366571
1743505143.398092
1743505143.430795
1743505143.462640
1743505143.494620
1743505143.526100
1743505143.559138
1743505143.606540
1743505143.638319
1743505143.669786
1743505143.686126
1743505143.702215
1743505143.718220
1743505143.749835
1743505143.765997
1743505143.782188
1743505143.814625
1743505143.846139
1743505143.878758
1743505143.910820
1743505143.942679
1743505143.973782
1743505144.006143
1743505144.038242
1743505144.070140
1743505144.101777
1743505144.118172
1743505144.134346
1743505144.166569
1743505144.198104
1743505144.230767
1743505144.262908
1743505144.294504
1743505144.325928
1743505144.358587
1743505144.390515
1743505144.422480
1743505144.453780
1743505144.470232
1743505144.502571
1743505144.534578
1743505144.582335
1743505144.614419
1743505144.646610
1743505144.678585
1743505144.710049
1743505144.742640
1743505144.774626
1743505144.806605
1743505144.837836
1743505144.854296
1743505144.870373
1743505144.886375
1743505144.918001
1743505144.934132
1743505144.966436
1743505144.998720
1743505145.029938
1743505145.062502
1743505145.094771
1743505145.126623
1743505145.158306
1743505145.190976
1743505145.238778
1743505145.270150
1743505145.301648
1743505145.318119
1743505145.350461
1743505145.382574
1743505145.413966
1743505145.446781
1743505145.478806
1743505145.510946
1743505145.558621
1743505145.590597
1743505145.621930
1743505145.638036
1743505145.654264
1743505145.686628
1743505145.718307
1743505145.750358
1743505145.781906
1743505145.814660
1743505145.846744
1743505145.894428
1743505145.925798
1743505145.958383
1743505145.990577
1743505146.022254
1743505146.053744
1743505146.070090
1743505146.102234
1743505146.134449
1743505146.166014
1743505146.214141
1743505146.246468
1743505146.278470
1743505146.309811
1743505146.325946
1743505146.342064
1743505146.358063
1743505146.389945
1743505146.406103
1743505146.438445
1743505146.470653
1743505146.501965
1743505146.534881
1743505146.566436
1743505146.598397
1743505146.629842
1743505146.662495
1743505146.694438
1743505146.726623
1743505146.758062
1743505146.790694
1743505146.822665
1743505146.870370
1743505146.901616
1743505146.918077
1743505146.950329
1743505146.982594
1743505147.013968
1743505147.046571
1743505147.078534
1743505147.110647
1743505147.142161
1743505147.190405
1743505147.222684
1743505147.254122
1743505147.285611
1743505147.302269
1743505147.334222
1743505147.366376
1743505147.397887
1743505147.430712
1743505147.462655
1743505147.510202
1743505147.541788
1743505147.574409
1743505147.606515
1743505147.638064
1743505147.669739
1743505147.686176
1743505147.718157
1743505147.734087
1743505147.750297
1743505147.766310
1743505147.798881
1743505147.846358
1743505147.877868
1743505147.910605
1743505147.942467
1743505147.974497
1743505148.005814
1743505148.022027
1743505148.054166
1743505148.070181
1743505148.086258
1743505148.118336
1743505148.165938
1743505148.198312
1743505148.229813
1743505148.262325
1743505148.294364
1743505148.326503
1743505148.357841
1743505148.390825
1743505148.422638
1743505148.454389
1743505148.485949
1743505148.502066
1743505148.518243
1743505148.550102
1743505148.581696
1743505148.597672
1743505148.613910
1743505148.630158
1743505148.661974
1743505148.694437
1743505148.726545
1743505148.758562
1743505148.790021
1743505148.822534
1743505148.853797
1743505148.869935
1743505148.886128
1743505148.902015
1743505148.934188
1743505148.966277
1743505148.997796
1743505149.013836
1743505149.030153
1743505149.062816
1743505149.094826
1743505149.142230
1743505149.174276
1743505149.206421
1743505149.238064
1743505149.254133
1743505149.285641
1743505149.302165
1743505149.318137
1743505149.350185
1743505149.381869
1743505149.414603
1743505149.462233
1743505149.494253
1743505149.525841
1743505149.558414
1743505149.590227
1743505149.622015
1743505149.653716
1743505149.670003
1743505149.686179
1743505149.718284
1743505149.749858
1743505149.766074
1743505149.798707
1743505149.830426
1743505149.861866
1743505149.894561
1743505149.926359
1743505149.958578
1743505149.989858
1743505150.005960
1743505150.022110
1743505150.038087
1743505150.069831
1743505150.086265
1743505150.118533
1743505150.149869
1743505150.181693
1743505150.197696
1743505150.213933
1743505150.229989
1743505150.261864
1743505150.277814
1743505150.294017
1743505150.326444
1743505150.357894
1743505150.373863
1743505150.390162
1743505150.406175
1743505150.437859
1743505150.453848
1743505150.486011
1743505150.502070
1743505150.533625
1743505150.549937
1743505150.566052
1743505150.598285
1743505150.629775
1743505150.662410
1743505150.694635
1743505150.726733
1743505150.774206
1743505150.806271
1743505150.837800
1743505150.869962
1743505150.901478
1743505150.918069
1743505150.950211
1743505150.982426
1743505151.013849
1743505151.046668
1743505151.094168
1743505151.126207
1743505151.157726
1743505151.190281
1743505151.222128
1743505151.254022
1743505151.270060
1743505151.302119
1743505151.334209
1743505151.366501
1743505151.413991
1743505151.446321
1743505151.478224
1743505151.510382
1743505151.541754
1743505151.574412
1743505151.606536
1743505151.637972
1743505151.669807
1743505151.686161
1743505151.718289
1743505151.750464
1743505151.781550
1743505151.814358
1743505151.846486
1743505151.878359
1743505151.909752
1743505151.942445
1743505151.974536
1743505152.006460
1743505152.037762
1743505152.070598
1743505152.101931
1743505152.134006
1743505152.165637
1743505152.181812
1743505152.214343
1743505152.246639
1743505152.277816
1743505152.310436
1743505152.342551
1743505152.390330
1743505152.421584
1743505152.437820
1743505152.470044
1743505152.502155
1743505152.533589
1743505152.549980
1743505152.582281
1743505152.614337
1743505152.645908
1743505152.678639
1743505152.726126
1743505152.758215
1743505152.789670
1743505152.806002
1743505152.837859
1743505152.853882
1743505152.885721
1743505152.918284
1743505152.933859
1743505152.950106
1743505152.966228
1743505152.998538
1743505153.046155
1743505153.078333
1743505153.109653
1743505153.142340
1743505153.174312
1743505153.206474
1743505153.237553
1743505153.253879
1743505153.269990
1743505153.285990
1743505153.317789
1743505153.333975
1743505153.366688
1743505153.398175
1743505153.429623
1743505153.445738
1743505153.461907
1743505153.494561
1743505153.525907
1743505153.558398
1743505153.590392
1743505153.622338
1743505153.653609
1743505153.670108
1743505153.702465
1743505153.733954
1743505153.765690
1743505153.798090
1743505153.830270
1743505153.862528
1743505153.893709
1743505153.926474
1743505153.958588
1743505153.990662
1743505154.021696
1743505154.037734
1743505154.069810
1743505154.102145
1743505154.133440
1743505154.149884
1743505154.165983
1743505154.198168
1743505154.229780
1743505154.262608
1743505154.294526
1743505154.342096
1743505154.373606
1743505154.389723
1743505154.405819
1743505154.437819
1743505154.469467
1743505154.486086
1743505154.518130
1743505154.549952
1743505154.581677
1743505154.614379
1743505154.646727
1743505154.678662
1743505154.709657
1743505154.742536
1743505154.774373
1743505154.806350
1743505154.837545
1743505154.853971
1743505154.870046
1743505154.901941
1743505154.933654
1743505154.950074
1743505154.998184
1743505155.030168
1743505155.061675
1743505155.094286
1743505155.126382
1743505155.158187
1743505155.189605
1743505155.205824
1743505155.238003
1743505155.254118
1743505155.285719
1743505155.318383
1743505155.350026
1743505155.381969
1743505155.413642
1743505155.446344
1743505155.478291
1743505155.510282
1743505155.541668
1743505155.574444
1743505155.606581
1743505155.653668
1743505155.685323
1743505155.701889
1743505155.717918
1743505155.734000
1743505155.765658
1743505155.798319
1743505155.830261
1743505155.862382
1743505155.893776
1743505155.926396
1743505155.974228
1743505156.006040
1743505156.037503
1743505156.053688
1743505156.069776
1743505156.085976
1743505156.117433
1743505156.133798
1743505156.166136
1743505156.198400
1743505156.229786
1743505156.262021
1743505156.294507
1743505156.326256
1743505156.358010
1743505156.390256
1743505156.421890
1743505156.453879
1743505156.469898
1743505156.501991
1743505156.533577
1743505156.549902
1743505156.565986
1743505156.598346
1743505156.629572
1743505156.662312
1743505156.694051
1743505156.726404
1743505156.757626
1743505156.790283
1743505156.821941
1743505156.853937
1743505156.885479
1743505156.901933
1743505156.949771
1743505156.982018
1743505157.013541
1743505157.046181
1743505157.078188
1743505157.110094
1743505157.141551
1743505157.174510
1743505157.206357
1743505157.238200
1743505157.269570
1743505157.285698
1743505157.301906
1743505157.333829
1743505157.365528
1743505157.398170
1743505157.430494
1743505157.462218
1743505157.493661
1743505157.526531
1743505157.558439
1743505157.606336
1743505157.637275
1743505157.653616
1743505157.685986
1743505157.717629
1743505157.749439
1743505157.765570
1743505157.798033
1743505157.830483
1743505157.861820
1743505157.894507
1743505157.926470
1743505157.958041
1743505157.989715
1743505158.021833
1743505158.053745
1743505158.069707
1743505158.101358
1743505158.117753
1743505158.133815
1743505158.149948
1743505158.165966
1743505158.198420
1743505158.245990
1743505158.278152
1743505158.309553
1743505158.342284
1743505158.373939
1743505158.406235
1743505158.437532
1743505158.453710
1743505158.469844
1743505158.485832
1743505158.517557
1743505158.533942
1743505158.550210
1743505158.582267
1743505158.613514
1743505158.646324
1743505158.678189
1743505158.710102
1743505158.741555
1743505158.774316
1743505158.806276
1743505158.837958
1743505158.869509
1743505158.902105
1743505158.933652
1743505158.966109
1743505158.997451
1743505159.013570
1743505159.046226
1743505159.078149
1743505159.109541
1743505159.142550
1743505159.174262
1743505159.221937
1743505159.253186
1743505159.269627
1743505159.301980
1743505159.333778
1743505159.365485
1743505159.398120
1743505159.430215
1743505159.462396
1743505159.493597
1743505159.526589
1743505159.558476
1743505159.590079
1743505159.621412
1743505159.637650
1743505159.669879
1743505159.701607
1743505159.733325
1743505159.749668
1743505159.765800
1743505159.781731
1743505159.813615
1743505159.846291
1743505159.878348
1743505159.910268
1743505159.941476
1743505159.974182
1743505160.005858
1743505160.037887
1743505160.069362
1743505160.085806
1743505160.118088
1743505160.149979
1743505160.197745
1743505160.230141
1743505160.261968
1743505160.294075
1743505160.325461
1743505160.357916
1743505160.390218
1743505160.422153
1743505160.453591
1743505160.469851
1743505160.502027
1743505160.534143
1743505160.565238
1743505160.581272
1743505160.597538
1743505160.630374
1743505160.661519
1743505160.694099
1743505160.726042
1743505160.758468
1743505160.789627
1743505160.805781
1743505160.853697
1743505160.885638
1743505160.917208
1743505160.933558
1743505160.949685
1743505160.965848
1743505160.997487
1743505161.013295
1743505161.029661
1743505161.045730
1743505161.077647
1743505161.110302
1743505161.142302
1743505161.173956
1743505161.205352
1743505161.221513
1743505161.253729
1743505161.285860
1743505161.317233
1743505161.333594
1743505161.365948
1743505161.398467
1743505161.429608
1743505161.462347
1743505161.509958
1743505161.541885
1743505161.573438
1743505161.606042
1743505161.637582
1743505161.653490
1743505161.669778
1743505161.701849
1743505161.717796
1743505161.733758
1743505161.749880
1743505161.782222
1743505161.829688
1743505161.861953
1743505161.893405
1743505161.926155
1743505161.958061
1743505161.990386
1743505162.021177
1743505162.053101
1743505162.085062
1743505162.101690
1743505162.117974
1743505162.149989
1743505162.182069
1743505162.214008
1743505162.245427
1743505162.278063
1743505162.309967
1743505162.342117
1743505162.373468
1743505162.406383
1743505162.437933
1743505162.485524
1743505162.517104
1743505162.533491
1743505162.565996
1743505162.598029
1743505162.629421
1743505162.661976
1743505162.693990
1743505162.726065
1743505162.757594
1743505162.805981
1743505162.837529
1743505162.869786
1743505162.901134
1743505162.917574
1743505162.933653
1743505162.965891
1743505162.997451
1743505163.030174
1743505163.062239
1743505163.094089
1743505163.125396
1743505163.158195
1743505163.189947
1743505163.221599
1743505163.253122
1743505163.269672
1743505163.285743
1743505163.317849
1743505163.349257
1743505163.365510
1743505163.381702
1743505163.414056
1743505163.461968
1743505163.493822
1743505163.526048
1743505163.558081
1743505163.589393
1743505163.605517
1743505163.621816
1743505163.653691
1743505163.685997
1743505163.717653
1743505163.749893
1743505163.782190
1743505163.813795
1743505163.845914
1743505163.877299
1743505163.893391
1743505163.909548
1743505163.942247
1743505163.973444
1743505164.006069
1743505164.037878
1743505164.070084
1743505164.101341
1743505164.117477
1743505164.149790
1743505164.181835
1743505164.213375
1743505164.245944
1743505164.278012
1743505164.310121
1743505164.341507
1743505164.374396
1743505164.406322
1743505164.437989
1743505164.469093
1743505164.485542
1743505164.501646
1743505164.517741
1743505164.549158
1743505164.565363
1743505164.581496
1743505164.613985
1743505164.645417
1743505164.661430
1743505164.677651
1743505164.693712
1743505164.725635
1743505164.758267
1743505164.789971
1743505164.821933
1743505164.853059
1743505164.869412
1743505164.885498
1743505164.901558
1743505164.933261
1743505164.949664
1743505164.981981
1743505165.014046
1743505165.045514
1743505165.078312
1743505165.109833
1743505165.141828
1743505165.173377
1743505165.205964
1743505165.237478
1743505165.253468
1743505165.269634
1743505165.285912
1743505165.317839
1743505165.350227
1743505165.381494
1743505165.414175
1743505165.445776
1743505165.478003
1743505165.509252
1743505165.541998
1743505165.574219
1743505165.605922
1743505165.637150
1743505165.653606
1743505165.685832
1743505165.733353
1743505165.765295
1743505165.797867
1743505165.829883
1743505165.861879
1743505165.893252
1743505165.926027
1743505165.958115
1743505165.990354
1743505166.021587
1743505166.054076
1743505166.085345
1743505166.101396
1743505166.133167
1743505166.149544
1743505166.165539
1743505166.198021
1743505166.229379
1743505166.262044
1743505166.294066
1743505166.326318
1743505166.357518
1743505166.390387
1743505166.422081
1743505166.453479
1743505166.485060
1743505166.501369
1743505166.517484
1743505166.533501
1743505166.565291
1743505166.581331
1743505166.613782
1743505166.646013
1743505166.677569
1743505166.710116
1743505166.741806
1743505166.773793
1743505166.805336
1743505166.821546
1743505166.853402
1743505166.869466
1743505166.885623
1743505166.917704
1743505166.949789
1743505166.981999
1743505167.029924
1743505167.061904
1743505167.093650
1743505167.125790
1743505167.157315
1743505167.189799
1743505167.221702
1743505167.253642
1743505167.285162
1743505167.301604
1743505167.333858
1743505167.366080
1743505167.397148
1743505167.413083
1743505167.429315
1743505167.445515
1743505167.477335
1743505167.509882
1743505167.542128
1743505167.574056
1743505167.605375
1743505167.621573
1743505167.653809
1743505167.686044
1743505167.716948
1743505167.733366
1743505167.749334
1743505167.765428
1743505167.797255
1743505167.830087
1743505167.861920
1743505167.893810
1743505167.925395
1743505167.957965
1743505168.005964
1743505168.037308
1743505168.068938
1743505168.085545
1743505168.117432
1743505168.133405
1743505168.165213
1743505168.197837
1743505168.229891
1743505168.262035
1743505168.293419
1743505168.341869
1743505168.373706
1743505168.405684
1743505168.437096
1743505168.453379
1743505168.469494
1743505168.485451
1743505168.501526
1743505168.533603
1743505168.566000
1743505168.597957
1743505168.629432
1743505168.662049
1743505168.693769
1743505168.725687
1743505168.757195
1743505168.789895
1743505168.821403
1743505168.837340
1743505168.853384
1743505168.869640
1743505168.901586
1743505168.933521
1743505168.949609
1743505168.982014
1743505169.013686
1743505169.045971
1743505169.077188
1743505169.093118
1743505169.109303
1743505169.125489
1743505169.157300
1743505169.189994
1743505169.221938
1743505169.253787
1743505169.285110
1743505169.317647
1743505169.349395
1743505169.381485
1743505169.413209
1743505169.446101
1743505169.477981
1743505169.509998
1743505169.541401
1743505169.573982
1743505169.605909
1743505169.637905
1743505169.668909
1743505169.685309
1743505169.701313
1743505169.717391
1743505169.749193
1743505169.765204
1743505169.781335
1743505169.813951
1743505169.845238
1743505169.877873
1743505169.909875
1743505169.957404
1743505169.988942
1743505170.005245
1743505170.021292
1743505170.037266
1743505170.053411
1743505170.085556
1743505170.117623
1743505170.149534
1743505170.181212
1743505170.213945
1743505170.245890
1743505170.293584
1743505170.325111
1743505170.357904
1743505170.389846
1743505170.421842
1743505170.452913
1743505170.469373
1743505170.485585
1743505170.501476
1743505170.533169
1743505170.549490
1743505170.581779
1743505170.613974
1743505170.645072
1743505170.677239
1743505170.709745
1743505170.741794
1743505170.773765
1743505170.805942
1743505170.837830
1743505170.869708
1743505170.901681
1743505170.933934
1743505170.964986
1743505170.997556
1743505171.029737
1743505171.061797
1743505171.093410
1743505171.109151
1743505171.125282
1743505171.158113
1743505171.189303
1743505171.205504
1743505171.237572
1743505171.270003
1743505171.301294
1743505171.317572
1743505171.349550
1743505171.365401
1743505171.397086
1743505171.429751
1743505171.461936
1743505171.493886
1743505171.525290
1743505171.557843
1743505171.589959
1743505171.621553
1743505171.652801
1743505171.669257
1743505171.701383
1743505171.733262
1743505171.765063
1743505171.781194
1743505171.813895
1743505171.845941
1743505171.877360
1743505171.909777
1743505171.941731
1743505171.973723
1743505172.005100
1743505172.037264
1743505172.053391
1743505172.069349
1743505172.085461
1743505172.117540
1743505172.149422
1743505172.181702
1743505172.213320
1743505172.245763
1743505172.277585
1743505172.309636
1743505172.341118
1743505172.373772
1743505172.405909
1743505172.437469
1743505172.469091
1743505172.485485
1743505172.517568
1743505172.565588
1743505172.596957
1743505172.612856
1743505172.629139
1743505172.661933
1743505172.693105
1743505172.725888
1743505172.757755
1743505172.789751
1743505172.821303
1743505172.837444
1743505172.885181
1743505172.917319
1743505172.948873
1743505172.964938
1743505172.981239
1743505172.997213
1743505173.029092
1743505173.061696
1743505173.093684
1743505173.109353
1743505173.125456
1743505173.141424
1743505173.173980
1743505173.221418
1743505173.252782
1743505173.269240
1743505173.301672
1743505173.333364
1743505173.365018
1743505173.397528
1743505173.429848
1743505173.462206
1743505173.493220
1743505173.541742
1743505173.573643
1743505173.605556
1743505173.636771
1743505173.653198
1743505173.685508
1743505173.717591
1743505173.748932
1743505173.765227
1743505173.781330
1743505173.813619
1743505173.861617
1743505173.893741
1743505173.925938
1743505173.957597
1743505173.988965
1743505174.005313
1743505174.037404
1743505174.069535
1743505174.100931
1743505174.117417
1743505174.149487
1743505174.197451
1743505174.229000
1743505174.261784
1743505174.293654
1743505174.325826
1743505174.357136
1743505174.389712
1743505174.421350
1743505174.453613
1743505174.485079
1743505174.517834
1743505174.549139
1743505174.581580
1743505174.613013
1743505174.645696
1743505174.677733
1743505174.709738
1743505174.741093
1743505174.773753
1743505174.805934
1743505174.837414
1743505174.868745
1743505174.885339
1743505174.917145
1743505174.933106
1743505174.949104
1743505174.965328
1743505174.997797
1743505175.029888
1743505175.061102
1743505175.093995
1743505175.125833
1743505175.173614
1743505175.205126
1743505175.237311
1743505175.269177
1743505175.285211
1743505175.316828
1743505175.333225
1743505175.349297
1743505175.381749
1743505175.413114
1743505175.429107
1743505175.445553
1743505175.493839
1743505175.524940
1743505175.557442
1743505175.589605
1743505175.621186
1743505175.652804
1743505175.669291
1743505175.701373
1743505175.717301
1743505175.733386
1743505175.765649
1743505175.813571
1743505175.845577
1743505175.876930
1743505175.909608
1743505175.941455
1743505175.973992
1743505176.005050
1743505176.037243
1743505176.053243
1743505176.069357
1743505176.100870
1743505176.117392
1743505176.149484
1743505176.165850
1743505176.196994
1743505176.229745
1743505176.261919
1743505176.293824
1743505176.325062
1743505176.357835
1743505176.389772
1743505176.421714
1743505176.469284
1743505176.501252
1743505176.533398
1743505176.565442
1743505176.596968
1743505176.629806
1743505176.661810
1743505176.693670
1743505176.725151
1743505176.757798
1743505176.789754
1743505176.821585
1743505176.852643
1743505176.869150
1743505176.885170
1743505176.901243
1743505176.932831
1743505176.949721
1743505176.980297
1743505176.997192
1743505177.029515
1743505177.061828
1743505177.094033
1743505177.125580
1743505177.156873
1743505177.189471
1743505177.221115
1743505177.237065
1743505177.253183
1743505177.269322
1743505177.301418
1743505177.333356
1743505177.365015
1743505177.381119
1743505177.397189
1743505177.445361
1743505177.476794
1743505177.492759
1743505177.508998
1743505177.525007
1743505177.541148
1743505177.573635
1743505177.605478
1743505177.637148
1743505177.668844
1743505177.685291
1743505177.701346
1743505177.733417
1743505177.764953
1743505177.797415
1743505177.829398
1743505177.861464
1743505177.892931
1743505177.909140
1743505177.925319
1743505177.957719
1743505177.989617
1743505178.021540
1743505178.053419
1743505178.101043
1743505178.133027
1743505178.165384
1743505178.196795
1743505178.229868
1743505178.261627
1743505178.293701
1743505178.325128
1743505178.357686
1743505178.389803
1743505178.421742
1743505178.452611
1743505178.469071
1743505178.501048
1743505178.516992
1743505178.533291
1743505178.565706
1743505178.597551
1743505178.629654
1743505178.661015
1743505178.693728
1743505178.741382
1743505178.773489
1743505178.804881
1743505178.820987
1743505178.853112
1743505178.885066
1743505178.916702
1743505178.933038
1743505178.965437
1743505178.997647
1743505179.029101
1743505179.077541
1743505179.109574
1743505179.141368
1743505179.172828
1743505179.189040
1743505179.221293
1743505179.252995
1743505179.284803
1743505179.301262
1743505179.333496
1743505179.365490
1743505179.396891
1743505179.429520
1743505179.461771
1743505179.493375
1743505179.524846
1743505179.557456
1743505179.589651
1743505179.621490
1743505179.652879
1743505179.669259
1743505179.717117
1743505179.749010
1743505179.780739
1743505179.813409
1743505179.845487
1743505179.877656
1743505179.908881
1743505179.941536
1743505179.973595
1743505180.005637
1743505180.052966
1743505180.084953
1743505180.101006
1743505180.117059
1743505180.148717
1743505180.164766
1743505180.181004
1743505180.213421
1743505180.244982
1743505180.277812
1743505180.309660
1743505180.341659
1743505180.372941
1743505180.405623
1743505180.437145
1743505180.469161
1743505180.500617
1743505180.517059
1743505180.549357
1743505180.581322
1743505180.612963
1743505180.645890
1743505180.693191
1743505180.725299
1743505180.756752
1743505180.789580
1743505180.821671
1743505180.853249
1743505180.884712
1743505180.901156
1743505180.933296
1743505180.965379
1743505180.997048
1743505181.029628
1743505181.061433
1743505181.093483
1743505181.124785
1743505181.140635
1743505181.156935
1743505181.189576
1743505181.220902
1743505181.237028
1743505181.253067
1743505181.269234
1743505181.300806
1743505181.317265
1743505181.349529
1743505181.381447
1743505181.412824
1743505181.445437
1743505181.477597
1743505181.509511
1743505181.540955
1743505181.573643
1743505181.605640
1743505181.637227
1743505181.668804
1743505181.684946
1743505181.717000
1743505181.749144
1743505181.780808
1743505181.813404
1743505181.845431
1743505181.877652
1743505181.908936
1743505181.941731
1743505181.973632
1743505182.005861
1743505182.036553
1743505182.052831
1743505182.068987
1743505182.085103
1743505182.116595
1743505182.132945
1743505182.149233
1743505182.181192
1743505182.212804
1743505182.245461
1743505182.277655
1743505182.325287
1743505182.356825
1743505182.389590
1743505182.421438
1743505182.452895
1743505182.484639
1743505182.500978
1743505182.517066
1743505182.549101
1743505182.580901
1743505182.596879
1743505182.613086
1743505182.645336
1743505182.676797
1743505182.709600
1743505182.741689
1743505182.773400
1743505182.804810
1743505182.820939
1743505182.853390
1743505182.885105
1743505182.901218
1743505182.933566
1743505182.981121
1743505183.013220
1743505183.044718
1743505183.077376
1743505183.109324
1743505183.141287
1743505183.172749
1743505183.205778
1743505183.237384
1743505183.269397
1743505183.300734
1743505183.316867
1743505183.348966
1743505183.381340
1743505183.412736
1743505183.445885
1743505183.477361
1743505183.509531
1743505183.540857
1743505183.573626
1743505183.621228
1743505183.652778
1743505183.684461
1743505183.701036
1743505183.733156
1743505183.765501
1743505183.796685
1743505183.829505
1743505183.861483
1743505183.893586
1743505183.925018
1743505183.957713
1743505183.989187
1743505184.020790
1743505184.052437
1743505184.068959
1743505184.101067
1743505184.133195
1743505184.164696
1743505184.180804
1743505184.213430
1743505184.245539
1743505184.276824
1743505184.309224
1743505184.341338
1743505184.373301
1743505184.404807
1743505184.420851
1743505184.436867
1743505184.469027
1743505184.500707
1743505184.517112
1743505184.549346
1743505184.596864
1743505184.628566
1743505184.661397
1743505184.693372
1743505184.725335
1743505184.756691
1743505184.789421
1743505184.821267
1743505184.853438
1743505184.884748
1743505184.901144
1743505184.933366
1743505184.965230
1743505184.996668
1743505185.012723
1743505185.045376
1743505185.077329
1743505185.108753
1743505185.141505
1743505185.173456
1743505185.205493
1743505185.252804
1743505185.268761
1743505185.284932
1743505185.301004
1743505185.332491
1743505185.349032
1743505185.365192
1743505185.397116
1743505185.429280
1743505185.461558
1743505185.493783
1743505185.525717
1743505185.573273
1743505185.605165
1743505185.636458
1743505185.652817
1743505185.668924
1743505185.684905
1743505185.700968
1743505185.733024
1743505185.765204
1743505185.797321
1743505185.828798
1743505185.861593
1743505185.909216
1743505185.941233
1743505185.972655
1743505186.005153
1743505186.036863
1743505186.052980
1743505186.084522
1743505186.100948
1743505186.133112
1743505186.165281
1743505186.197109
1743505186.228007
1743505186.244814
1743505186.260881
1743505186.292848
1743505186.325259
1743505186.357462
1743505186.389294
1743505186.420726
1743505186.436795
1743505186.469218
1743505186.501077
1743505186.548731
1743505186.580986
1743505186.613220
1743505186.645342
1743505186.676704
1743505186.692688
1743505186.708883
1743505186.741422
1743505186.772669
1743505186.805566
1743505186.837167
1743505186.884844
1743505186.916394
1743505186.932811
1743505186.948917
1743505186.981168
1743505187.012733
1743505187.045211
1743505187.077251
1743505187.109362
1743505187.140810
1743505187.173691
1743505187.205398
1743505187.236701
1743505187.268370
1743505187.284834
1743505187.300933
1743505187.333007
1743505187.364647
1743505187.397097
1743505187.429430
1743505187.461554
1743505187.492835
1743505187.525581
1743505187.557134
1743505187.589286
1743505187.620681
1743505187.653049
1743505187.684958
1743505187.700838
1743505187.732494
1743505187.748866
1743505187.765019
1743505187.797459
1743505187.828921
1743505187.861543
1743505187.893425
1743505187.925509
1743505187.956648
1743505187.989399
1743505188.021223
1743505188.052975
1743505188.084589
1743505188.100911
1743505188.116953
1743505188.133023
1743505188.180974
1743505188.213154
1743505188.245221
1743505188.277349
1743505188.308572
1743505188.341249
1743505188.373098
1743505188.405223
1743505188.436751
1743505188.452924
1743505188.500745
1743505188.532826
1743505188.564426
1743505188.597056
1743505188.629324
1743505188.661173
1743505188.692666
1743505188.725293
1743505188.757279
1743505188.789387
1743505188.836964
1743505188.868962
1743505188.900828
1743505188.916717
1743505188.948424
1743505188.964513
1743505188.980752
1743505189.013455
1743505189.044601
1743505189.077258
1743505189.109386
1743505189.156827
1743505189.188516
1743505189.204763
1743505189.236647
1743505189.252661
1743505189.268775
1743505189.301060
1743505189.332877
1743505189.364991
1743505189.396619
1743505189.429479
1743505189.477059
1743505189.509095
1743505189.540568
1743505189.573031
1743505189.605037
1743505189.637057
1743505189.668463
1743505189.684776
1743505189.717113
1743505189.749137
1743505189.780670
1743505189.813418
1743505189.845145
1743505189.877054
1743505189.908639
1743505189.941225
1743505189.973388
1743505190.005054
1743505190.036461
1743505190.052860
1743505190.068990
1743505190.101080
1743505190.132482
1743505190.148559
1743505190.164714
1743505190.197218
1743505190.228486
1743505190.261406
1743505190.293207
1743505190.325164
1743505190.356678
1743505190.389478
1743505190.421308
1743505190.453396
1743505190.484241
1743505190.500598
1743505190.532701
1743505190.565166
1743505190.596523
1743505190.629324
1743505190.661359
1743505190.693250
1743505190.724710
1743505190.757505
1743505190.789323
1743505190.820927
1743505190.852287
1743505190.868866
1743505190.900894
1743505190.932975
1743505190.964447
1743505190.996942
1743505191.029277
1743505191.061424
1743505191.109219
1743505191.141303
1743505191.173158
1743505191.205012
1743505191.220591
1743505191.252724
1743505191.284891
1743505191.316897
1743505191.348518
1743505191.364645
1743505191.380898
1743505191.428839
1743505191.460440
1743505191.493043
1743505191.525074
1743505191.557090
1743505191.588515
1743505191.604605
1743505191.636930
1743505191.669055
1743505191.700511
1743505191.716912
1743505191.764803
1743505191.797139
1743505191.828411
1743505191.860985
1743505191.893172
1743505191.925276
1743505191.956518
1743505191.989243
1743505192.021239
1743505192.052962
1743505192.084459
1743505192.100640
1743505192.132687
1743505192.164928
1743505192.196427
1743505192.229294
1743505192.261322
1743505192.293307
1743505192.324576
1743505192.357359
1743505192.404935
1743505192.436536
1743505192.468274
1743505192.484601
1743505192.516764
1743505192.548748
1743505192.580350
1743505192.596445
1743505192.629238
1743505192.661262
1743505192.692592
1743505192.740871
1743505192.773178
1743505192.804937
1743505192.836190
1743505192.852715
1743505192.868908
1743505192.900965
1743505192.933091
1743505192.965180
1743505192.997322
1743505193.029595
1743505193.061385
1743505193.092967
1743505193.124400
1743505193.157217
1743505193.189103
1743505193.221227
1743505193.252244
1743505193.268712
1743505193.284978
1743505193.316794
1743505193.348537
1743505193.381485
1743505193.413053
1743505193.445495
1743505193.476453
1743505193.509004
1743505193.541081
1743505193.573467
1743505193.604455
1743505193.620713
1743505193.653114
1743505193.685101
1743505193.716428
1743505193.732536
1743505193.765003
1743505193.797122
1743505193.828381
1743505193.861008
1743505193.893086
1743505193.925230
1743505193.956568
1743505193.989421
1743505194.036926
1743505194.068833
1743505194.100147
1743505194.116585
1743505194.148786
1743505194.180987
1743505194.212406
1743505194.228374
1743505194.244649
1743505194.277349
1743505194.308534
1743505194.356843
1743505194.388938
1743505194.420979
1743505194.452238
1743505194.468570
1743505194.500835
1743505194.532756
1743505194.564430
1743505194.597175
1743505194.629435
1743505194.661331
1743505194.692387
1743505194.725179
1743505194.756913
1743505194.788931
1743505194.820252
1743505194.836592
1743505194.852737
1743505194.884708
1743505194.916326
1743505194.932719
1743505194.948752
1743505194.964774
1743505195.012606
1743505195.044968
1743505195.077100
1743505195.108892
1743505195.140417
1743505195.173275
1743505195.205009
1743505195.236671
1743505195.252706
1743505195.285084
1743505195.332403
1743505195.364869
1743505195.396261
1743505195.429095
1743505195.461285
1743505195.493189
1743505195.524432
1743505195.557146
1743505195.589471
1743505195.621499
1743505195.668635
1743505195.700495
1743505195.716465
1743505195.732579
1743505195.764297
1743505195.797048
1743505195.829310
1743505195.861275
1743505195.892562
1743505195.925577
1743505195.957295
1743505195.989408
1743505196.020281
1743505196.036453
1743505196.052501
1743505196.084754
1743505196.116115
1743505196.132601
1743505196.164897
1743505196.197038
1743505196.228506
1743505196.261377
1743505196.308793
1743505196.340791
1743505196.372290
1743505196.404986
1743505196.436711
1743505196.468726
1743505196.500194
1743505196.516669
1743505196.548952
1743505196.581004
1743505196.612498
1743505196.645128
1743505196.677029
1743505196.708982
1743505196.740356
1743505196.773152
1743505196.805036
1743505196.836861
1743505196.868313
1743505196.884726
1743505196.917014
1743505196.964456
1743505196.996195
1743505197.028941
1743505197.060979
1743505197.092855
1743505197.124304
1743505197.157004
1743505197.188999
1743505197.221230
1743505197.252337
1743505197.285352
1743505197.316653
1743505197.348418
1743505197.380086
1743505197.413010
1743505197.444937
1743505197.477102
1743505197.508363
1743505197.541164
1743505197.573223
1743505197.620788
1743505197.652126
1743505197.668555
1743505197.700464
1743505197.716464
1743505197.732558
1743505197.764819
1743505197.797085
1743505197.829236
1743505197.860516
1743505197.893095
1743505197.940797
1743505197.972838
1743505198.004271
1743505198.020520
1743505198.052786
1743505198.084440
1743505198.116057
1743505198.132386
1743505198.148627
1743505198.180944
1743505198.212431
1743505198.260971
1743505198.292788
1743505198.324879
1743505198.356424
1743505198.388981
1743505198.420962
1743505198.452596
1743505198.484158
1743505198.500785
1743505198.532691
1743505198.564947
1743505198.596419
1743505198.628828
1743505198.660784
1743505198.692816
1743505198.724288
1743505198.756830
1743505198.789081
1743505198.820970
1743505198.852257
1743505198.868608
1743505198.916410
1743505198.948530
1743505198.980137
1743505199.012689
1743505199.044896
1743505199.076918
1743505199.108300
1743505199.141083
1743505199.173105
1743505199.205205
1743505199.236198
1743505199.252332
1743505199.268416
1743505199.284407
1743505199.300603
1743505199.332795
1743505199.365038
1743505199.397063
1743505199.428307
1743505199.461093
1743505199.493028
1743505199.524944
1743505199.572712
1743505199.604737
1743505199.636395
1743505199.652411
1743505199.683992
1743505199.700542
1743505199.732690
1743505199.764849
1743505199.796356
1743505199.828957
1743505199.861027
1743505199.892937
1743505199.924215
1743505199.957084
1743505199.988773
1743505200.021098
1743505200.052094
1743505200.068517
1743505200.100850
1743505200.132668
1743505200.164457
1743505200.212657
1743505200.244674
1743505200.276909
1743505200.308240
1743505200.341004
1743505200.372691
1743505200.404931
1743505200.436067
1743505200.452722
1743505200.484796
1743505200.516737
1743505200.548976
1743505200.580685
1743505200.613113
1743505200.644841
1743505200.676973
1743505200.709043
1743505200.740300
1743505200.773016
1743505200.804947
1743505200.836747
1743505200.868279
1743505200.884325
1743505200.916559
1743505200.948866
1743505200.980089
1743505201.012948
1743505201.044993
1743505201.076892
1743505201.108512
1743505201.140957
1743505201.188614
1743505201.220573
1743505201.251995
1743505201.268353
1743505201.284648
1743505201.300765
1743505201.332453
1743505201.349030
1743505201.380558
1743505201.412575
1743505201.444478
1743505201.476960
1743505201.524742
1743505201.556804
1743505201.588211
1743505201.620292
1743505201.652437
1743505201.668348
1743505201.684525
1743505201.716474
1743505201.748564
1743505201.780850
1743505201.812384
1743505201.845199
1743505201.876779
1743505201.908850
1743505201.940383
1743505201.973084
1743505202.004901
1743505202.036506
1743505202.068097
1743505202.084493
1743505202.100621
1743505202.132683
1743505202.164252
1743505202.196531
1743505202.228709
1743505202.260802
1743505202.292186
1743505202.324835
1743505202.356823
1743505202.389110
1743505202.420392
1743505202.436587
1743505202.452629
1743505202.500269
1743505202.531989
1743505202.548306
1743505202.564513
1743505202.596557
1743505202.628184
1743505202.660866
1743505202.693240
1743505202.724970
1743505202.756295
1743505202.788927
1743505202.820905
1743505202.852362
1743505202.883845
1743505202.900315
1743505202.932483
1743505202.948372
1743505202.980028
1743505203.012920
1743505203.044915
1743505203.077012
1743505203.108263
1743505203.141495
1743505203.172535
1743505203.204752
1743505203.235846
1743505203.252354
1743505203.284496
1743505203.316322
1743505203.332351
1743505203.348464
1743505203.364468
1743505203.380299
1743505203.396591
1743505203.412429
1743505203.428471
1743505203.444577
1743505203.476354
1743505203.491947
1743505203.508230
1743505203.524242
1743505203.540255
1743505203.556270
1743505203.572302
1743505203.588178
1743505203.604380
1743505203.620319
1743505203.636337
1743505203.652410
1743505203.668479
1743505203.684690
1743505203.700554
1743505203.716498
1743505203.732578
1743505203.748728
1743505203.764553
1743505203.797084
1743505203.828060
1743505203.843938
1743505203.860272
1743505203.876220
1743505203.892289
1743505203.908219
1743505203.924333
1743505203.940285
1743505203.956310
1743505203.972312
1743505203.988435
1743505204.004493
1743505204.020399
1743505204.036435
1743505204.052459
1743505204.068445
1743505204.084603
1743505204.116949
1743505204.148488
1743505204.164164
1743505204.180243
1743505204.196168
1743505204.212324
1743505204.228269
1743505204.244297
1743505204.260460
1743505204.276420
1743505204.292308
1743505204.308422
1743505204.324416
1743505204.340379
1743505204.356404
1743505204.372487
1743505204.388496
1743505204.404486
1743505204.420472
1743505204.452223
1743505204.468236
1743505204.484245
1743505204.500359
1743505204.516274
1743505204.532336
1743505204.548302
1743505204.564428
1743505204.580237
1743505204.596260
1743505204.612258
1743505204.628252
1743505204.644341
1743505204.660419
1743505204.676471
1743505204.692412
1743505204.708455
1743505204.724459
1743505204.740480
1743505204.773110
1743505204.803957
1743505204.820222
1743505204.836178
1743505204.852407
1743505204.868243
1743505204.884540
1743505204.900416
1743505204.916420
1743505204.932426
1743505204.948508
1743505204.964545
1743505204.980247
1743505204.996433
1743505205.012527
1743505205.028526
1743505205.044482
1743505205.060554
1743505205.093140
1743505205.124504
1743505205.139854
1743505205.156241
1743505205.172259
1743505205.188180
1743505205.204120
1743505205.220376
1743505205.236252
1743505205.252366
1743505205.268422
1743505205.284466
1743505205.300480
1743505205.316357
1743505205.332475
1743505205.348418
1743505205.364530
1743505205.380394
1743505205.396432
1743505205.428187
1743505205.443899
1743505205.460173
1743505205.476155
1743505205.492181
1743505205.508350
1743505205.524155
1743505205.540148
1743505205.556280
1743505205.572277
1743505205.588328
1743505205.604374
1743505205.620394
1743505205.636305
1743505205.652498
1743505205.668408
1743505205.684470
1743505205.700603
1743505205.716464
1743505205.748772
1743505205.779888
1743505205.795838
1743505205.812140
1743505205.828228
1743505205.844235
1743505205.860271
1743505205.876163
1743505205.892269
1743505205.908333
1743505205.924215
1743505205.940338
1743505205.956226
1743505205.972365
1743505205.988444
1743505206.004662
1743505206.020272
1743505206.036642
1743505206.068741
1743505206.084234
1743505206.100404
1743505206.116230
1743505206.132473
1743505206.148261
1743505206.164271
1743505206.180240
1743505206.196331
1743505206.228355
1743505206.244052
1743505206.260352
1743505206.276354
1743505206.292310
1743505206.308423
1743505206.324588
1743505206.340412
1743505206.356462
1743505206.372389
1743505206.404920
1743505206.436072
1743505206.452272
1743505206.468180
1743505206.484348
1743505206.500249
1743505206.516408
1743505206.532264
1743505206.548408
1743505206.564324
1743505206.580191
1743505206.596272
1743505206.612254
1743505206.628333
1743505206.644374
1743505206.660444
1743505206.676465
1743505206.692389
1743505206.724314
1743505206.739894
1743505206.756096
1743505206.772087
1743505206.788116
1743505206.804140
1743505206.820157
1743505206.836095
1743505206.852334
1743505206.868255
1743505206.884381
1743505206.900377
1743505206.916315
1743505206.932306
1743505206.948315
1743505206.964376
1743505206.980422
1743505206.996329
1743505207.012364
1743505207.045268
1743505207.075949
1743505207.091862
1743505207.108082
1743505207.124113
1743505207.140279
1743505207.156234
1743505207.172195
1743505207.188276
1743505207.204238
1743505207.220229
1743505207.236191
1743505207.252199
1743505207.268313
1743505207.284324
1743505207.300460
1743505207.316315
1743505207.332695
1743505207.348457
1743505207.380945
1743505207.412461
1743505207.444008
1743505207.459861
1743505207.476087
1743505207.492109
1743505207.508129
1743505207.524292
1743505207.540247
1743505207.556157
1743505207.572248
1743505207.588326
1743505207.604332
1743505207.620276
1743505207.636272
1743505207.652453
1743505207.668382
1743505207.700867
1743505207.731777
1743505207.748108
1743505207.764157
1743505207.780084
1743505207.796076
1743505207.812260
1743505207.828268
1743505207.844213
1743505207.860297
1743505207.876226
1743505207.892211
1743505207.908200
1743505207.924429
1743505207.940378
1743505207.956407
1743505207.972374
1743505207.988413
1743505208.020612
1743505208.052101
1743505208.068070
1743505208.084199
1743505208.100237
1743505208.116194
1743505208.132168
1743505208.148248
1743505208.164262
1743505208.180181
1743505208.196179
1743505208.212188
1743505208.228280
1743505208.244311
1743505208.260340
1743505208.276362
1743505208.292289
1743505208.308298
1743505208.324312
1743505208.356192
1743505208.371834
1743505208.388066
1743505208.404039
1743505208.420128
1743505208.436419
1743505208.452144
1743505208.468150
1743505208.484334
1743505208.500411
1743505208.516319
1743505208.532227
1743505208.548472
1743505208.564375
1743505208.580234
1743505208.596276
1743505208.612270
1743505208.628410
1743505208.644414
1743505208.676831
1743505208.708125
1743505208.723848
1743505208.740156
1743505208.756127
1743505208.772196
1743505208.788193
1743505208.804093
1743505208.820181
1743505208.836211
1743505208.852200
1743505208.868175
1743505208.884256
1743505208.900368
1743505208.916301
1743505208.932485
1743505208.948393
1743505208.964573
1743505208.996766
1743505209.028433
1743505209.060428
1743505209.091908
1743505209.108060
1743505209.124172
1743505209.140108
1743505209.156236
1743505209.172250
1743505209.188148
1743505209.204116
1743505209.220317
1743505209.236267
1743505209.252279
1743505209.268286
1743505209.284673
1743505209.300739
1743505209.332833
1743505209.348169
1743505209.364350
1743505209.380073
1743505209.396043
1743505209.412034
1743505209.428198
1743505209.444161
1743505209.460267
1743505209.476138
1743505209.492257
1743505209.508167
1743505209.524230
1743505209.540235
1743505209.556351
1743505209.572316
1743505209.588303
1743505209.604287
1743505209.620350
1743505209.653021
1743505209.684000
1743505209.700088
1743505209.716194
1743505209.732108
1743505209.748227
1743505209.764142
1743505209.780165
1743505209.796139
1743505209.812752
1743505209.844747
1743505209.875896
1743505209.891962
1743505209.908256
1743505209.924337
1743505209.972024
1743505209.987987
1743505210.004048
1743505210.020143
1743505210.036209
1743505210.052116
1743505210.068142
1743505210.084257
1743505210.100268
1743505210.116220
1743505210.132175
1743505210.148202
1743505210.164360
1743505210.180099
1743505210.196109
1743505210.212267
1743505210.228306
1743505210.244277
1743505210.260275
1743505210.276385
1743505210.308887
1743505210.340588
1743505210.372551
1743505210.404010
1743505210.420258
1743505210.436120
1743505210.452118
1743505210.468219
1743505210.484099
1743505210.500299
1743505210.516208
1743505210.532347
1743505210.548406
1743505210.564497
1743505210.580250
1743505210.596455
1743505210.628507
1743505210.660344
1743505210.675761
1743505210.692070
1743505210.708069
1743505210.724127
1743505210.740207
1743505210.756221
1743505210.772160
1743505210.788077
1743505210.804156
1743505210.820178
1743505210.836116
1743505210.852314
1743505210.868243
1743505210.884357
1743505210.900386
1743505210.916305
1743505210.948723
1743505210.979757
1743505210.995711
1743505211.012112
1743505211.028040
1743505211.044144
1743505211.060235
1743505211.076121
1743505211.092089
1743505211.108206
1743505211.124156
1743505211.140125
1743505211.156101
1743505211.172214
1743505211.188324
1743505211.204287
1743505211.220241
1743505211.236317
1743505211.252369
1743505211.284710
1743505211.300043
1743505211.316030
1743505211.332066
1743505211.348111
1743505211.364271
1743505211.380026
1743505211.396032
1743505211.412038
1743505211.428106
1743505211.444138
1743505211.460236
1743505211.476260
1743505211.492054
1743505211.508230
1743505211.524158
1743505211.540297
1743505211.556235
1743505211.572249
1743505211.604631
1743505211.619939
1743505211.635910
1743505211.652026
1743505211.668046
1743505211.684067
1743505211.700029
1743505211.716167
1743505211.732188
1743505211.748181
1743505211.764171
1743505211.780070
1743505211.796088
1743505211.812077
1743505211.828168
1743505211.844258
1743505211.860330
1743505211.876280
1743505211.892236
1743505211.924091
1743505211.939690
1743505211.955945
1743505211.971934
1743505211.988020
1743505212.004012
1743505212.020063
1743505212.035959
1743505212.052211
1743505212.068109
1743505212.084253
1743505212.100278
1743505212.116151
1743505212.132171
1743505212.148205
1743505212.164225
1743505212.180177
1743505212.196194
1743505212.212207
1743505212.228226
1743505212.260049
1743505212.275701
1743505212.291947
1743505212.307879
1743505212.324012
1743505212.340016
1743505212.355980
1743505212.371949
1743505212.388122
1743505212.404049
1743505212.420048
1743505212.435997
1743505212.452197
1743505212.468124
1743505212.484218
1743505212.500172
1743505212.516499
1743505212.532340
1743505212.548285
1743505212.580618
1743505212.611813
1743505212.627642
1743505212.643927
1743505212.660049
1743505212.676067
1743505212.692069
1743505212.708010
1743505212.723987
1743505212.740065
1743505212.755989
1743505212.772072
1743505212.788207
1743505212.804067
1743505212.820218
1743505212.836296
1743505212.852298
1743505212.868288
1743505212.900570
1743505212.915959
1743505212.931903
1743505212.948106
1743505212.964029
1743505212.980003
1743505212.995943
1743505213.011968
1743505213.028078
1743505213.044195
1743505213.060099
1743505213.076159
1743505213.092176
1743505213.108140
1743505213.123999
1743505213.140132
1743505213.156229
1743505213.172156
1743505213.188159
1743505213.204335
1743505213.236748
1743505213.268293
1743505213.283898
1743505213.300163
1743505213.316022
1743505213.332308
