1743504264.677583
1743504264.757739
1743504264.789487
1743504264.821630
1743504264.853845
1743504264.884831
1743504264.916666
1743504264.949018
1743504264.965548
1743504264.997911
1743504265.029722
1743504265.061641
1743504265.083131
1743504265.108598
1743504265.125097
1743504265.141395
1743504265.158003
1743504265.173956
1743504265.222124
1743504265.237790
1743504265.253859
1743504265.285741
1743504265.317992
1743504265.349607
1743504265.381743
1743504265.413734
1743504265.445785
1743504265.478425
1743504265.510378
1743504265.542437
1743504265.574591
1743504265.606723
1743504265.639342
1743504265.671184
1743504265.703059
1743504265.735313
1743504265.766960
1743504265.798934
1743504265.830787
1743504265.863922
1743504265.894843
1743504265.926404
1743504265.957494
1743504265.989238
1743504266.005071
1743504266.021653
1743504266.037455
1743504266.053550
1743504266.069638
1743504266.085495
1743504266.101554
1743504266.117914
1743504266.133727
1743504266.149853
1743504266.165700
1743504266.197480
1743504266.213471
1743504266.229602
1743504266.245628
1743504266.261780
1743504266.294051
1743504266.326370
1743504266.357980
1743504266.389351
1743504266.405157
1743504266.421538
1743504266.437568
1743504266.453591
1743504266.469647
1743504266.485687
1743504266.518299
1743504266.549255
1743504266.566066
1743504266.597778
1743504266.613432
1743504266.629517
1743504266.645513
1743504266.662282
1743504266.693655
1743504266.725436
1743504266.741492
1743504266.757569
1743504266.773623
1743504266.789601
1743504266.805663
1743504266.837889
1743504266.853290
1743504266.869330
1743504266.885384
1743504266.901289
1743504266.917413
1743504266.933601
1743504266.949410
1743504266.965523
1743504266.981571
1743504266.997480
1743504267.013598
1743504267.029540
1743504267.045605
1743504267.061573
1743504267.077528
1743504267.093493
1743504267.109593
1743504267.125626
1743504267.141674
1743504267.174038
1743504267.205656
1743504267.221158
1743504267.237482
1743504267.253416
1743504267.269356
1743504267.285623
1743504267.301391
1743504267.317576
1743504267.333365
1743504267.349409
1743504267.365332
1743504267.381502
1743504267.397626
1743504267.413586
1743504267.429615
1743504267.445743
1743504267.461674
1743504267.493367
1743504267.509026
1743504267.525287
1743504267.541303
1743504267.557352
1743504267.573353
1743504267.589307
1743504267.605302
1743504267.621281
1743504267.637335
1743504267.653356
1743504267.669371
1743504267.685387
1743504267.701475
1743504267.717357
1743504267.733468
1743504267.749547
1743504267.765541
1743504267.781696
1743504267.813867
1743504267.844982
1743504267.861017
1743504267.877274
1743504267.893174
1743504267.909422
1743504267.925335
1743504267.941375
1743504267.957408
1743504267.973425
1743504267.989386
1743504268.005359
1743504268.021476
1743504268.037514
1743504268.053477
1743504268.069542
1743504268.085487
1743504268.101541
1743504268.117599
1743504268.149837
1743504268.165237
1743504268.181352
1743504268.197451
1743504268.213270
1743504268.229335
1743504268.245646
1743504268.261552
1743504268.277480
1743504268.293554
1743504268.309371
1743504268.325436
1743504268.341470
1743504268.357467
1743504268.373609
1743504268.389580
1743504268.405575
1743504268.421707
1743504268.437723
1743504268.470275
1743504268.501709
1743504268.517162
1743504268.533350
1743504268.549377
1743504268.565462
1743504268.581400
1743504268.597362
1743504268.613382
1743504268.629372
1743504268.645531
1743504268.661528
1743504268.677339
1743504268.693318
1743504268.709411
1743504268.725478
1743504268.741533
1743504268.757584
1743504268.790131
1743504268.821017
1743504268.837043
1743504268.853285
1743504268.869220
1743504268.885276
1743504268.901281
1743504268.917311
1743504268.933343
1743504268.949359
1743504268.965413
1743504268.981440
1743504268.997401
1743504269.013405
1743504269.029509
1743504269.045657
1743504269.061594
1743504269.077418
1743504269.093504
1743504269.126222
1743504269.157627
1743504269.172965
1743504269.189283
1743504269.205244
1743504269.221259
1743504269.237309
1743504269.253338
1743504269.269295
1743504269.285322
1743504269.301396
1743504269.317237
1743504269.333265
1743504269.349576
1743504269.365528
1743504269.381602
1743504269.397552
1743504269.413516
1743504269.445253
1743504269.461053
1743504269.477195
1743504269.493189
1743504269.509263
1743504269.525261
1743504269.541266
1743504269.557255
1743504269.573334
1743504269.589437
1743504269.605302
1743504269.621295
1743504269.637482
1743504269.653389
1743504269.669429
1743504269.685445
1743504269.701504
1743504269.717485
1743504269.733575
1743504269.765784
1743504269.781311
1743504269.797250
1743504269.813395
1743504269.829189
1743504269.845343
1743504269.861316
1743504269.877352
1743504269.892875
1743504269.909260
1743504269.925317
1743504269.941378
1743504269.957429
1743504269.973410
1743504269.989517
1743504270.005471
1743504270.021454
1743504270.037507
1743504270.053506
1743504270.069527
1743504270.101704
1743504270.132910
1743504270.149197
1743504270.165254
1743504270.181390
1743504270.197423
1743504270.213413
1743504270.229555
1743504270.245746
1743504270.261542
1743504270.277259
1743504270.293289
1743504270.309217
1743504270.325614
1743504270.341435
1743504270.357527
1743504270.373513
1743504270.389557
1743504270.421453
1743504270.437201
1743504270.453388
1743504270.469196
1743504270.485224
1743504270.501274
1743504270.517249
1743504270.533243
1743504270.549250
1743504270.565319
1743504270.581516
1743504270.597517
1743504270.613370
1743504270.629395
1743504270.645512
1743504270.661510
1743504270.677384
1743504270.693435
1743504270.709488
1743504270.741904
1743504270.773722
1743504270.805058
1743504270.820883
1743504270.837341
1743504270.853121
1743504270.869266
1743504270.885250
1743504270.901239
1743504270.917363
1743504270.933283
1743504270.949453
1743504270.965503
1743504270.981377
1743504270.997888
1743504271.013535
1743504271.029681
1743504271.045653
1743504271.077188
1743504271.092916
1743504271.109246
1743504271.125152
1743504271.141286
1743504271.157263
1743504271.173208
1743504271.189228
1743504271.205226
1743504271.221278
1743504271.237549
1743504271.253454
1743504271.269363
1743504271.285299
1743504271.301405
1743504271.317501
1743504271.333557
1743504271.349618
1743504271.365617
1743504271.397365
1743504271.413073
1743504271.429137
1743504271.445199
1743504271.461353
1743504271.477425
1743504271.493185
1743504271.509210
1743504271.525276
1743504271.541376
1743504271.557391
1743504271.573310
1743504271.589131
1743504271.605177
1743504271.621222
1743504271.637399
1743504271.653372
1743504271.669393
1743504271.685454
1743504271.717780
1743504271.749116
1743504271.765067
1743504271.781290
1743504271.797206
1743504271.813251
1743504271.829282
1743504271.845416
1743504271.861285
1743504271.877160
1743504271.893190
1743504271.909245
1743504271.925337
1743504271.941319
1743504271.957434
1743504271.973333
1743504271.989388
1743504272.005359
1743504272.021434
1743504272.054259
1743504272.085731
1743504272.101102
1743504272.117209
1743504272.133164
1743504272.149194
1743504272.165139
1743504272.181438
1743504272.197397
1743504272.213333
1743504272.229271
1743504272.245425
1743504272.261447
1743504272.277303
1743504272.293354
1743504272.309340
1743504272.325454
1743504272.341452
1743504272.373892
1743504272.404987
1743504272.420952
1743504272.437085
1743504272.453125
1743504272.469164
1743504272.485168
1743504272.501382
1743504272.517309
1743504272.533368
1743504272.549255
1743504272.565312
1743504272.581316
1743504272.597365
1743504272.613305
1743504272.629538
1743504272.645460
1743504272.661857
1743504272.693778
1743504272.725488
1743504272.757606
1743504272.789043
1743504272.804878
1743504272.821133
1743504272.837218
1743504272.853224
1743504272.869235
1743504272.885223
1743504272.901204
1743504272.917313
1743504272.933289
1743504272.949390
1743504272.965340
1743504272.981447
1743504272.997532
1743504273.029854
1743504273.061491
1743504273.092910
1743504273.108755
1743504273.125147
1743504273.141298
1743504273.157147
1743504273.173193
1743504273.189344
1743504273.205191
1743504273.221306
1743504273.237280
1743504273.253379
1743504273.269304
1743504273.285306
1743504273.301396
1743504273.317386
1743504273.349757
1743504273.381023
1743504273.397243
1743504273.413225
1743504273.429151
1743504273.445315
1743504273.461274
1743504273.477205
1743504273.493130
1743504273.509130
1743504273.525285
1743504273.541262
1743504273.557312
1743504273.573235
1743504273.589292
1743504273.605277
1743504273.621403
1743504273.637470
1743504273.670091
1743504273.701549
1743504273.717025
1743504273.733083
1743504273.749182
1743504273.765293
1743504273.781161
1743504273.797257
1743504273.813311
1743504273.829203
1743504273.845262
1743504273.861306
1743504273.877266
1743504273.893272
1743504273.909211
1743504273.925358
1743504273.941392
1743504273.957389
1743504273.973381
1743504274.005157
1743504274.020809
1743504274.037095
1743504274.053088
1743504274.069203
1743504274.085122
1743504274.101115
1743504274.117128
1743504274.133294
1743504274.149174
1743504274.165205
1743504274.181129
1743504274.197321
1743504274.213235
1743504274.229388
1743504274.245281
1743504274.261426
1743504274.277252
1743504274.293332
1743504274.325925
1743504274.356960
1743504274.372732
1743504274.388987
1743504274.405029
1743504274.421057
1743504274.437223
1743504274.453168
1743504274.469179
1743504274.485100
1743504274.501190
1743504274.517166
1743504274.533152
1743504274.549301
1743504274.565336
1743504274.581397
1743504274.597473
1743504274.613476
1743504274.645639
1743504274.677422
1743504274.709478
1743504274.740881
1743504274.773461
1743504274.805651
1743504274.837597
1743504274.869155
1743504274.901873
1743504274.933468
1743504274.981508
1743504275.012753
1743504275.029163
1743504275.061377
1743504275.093464
1743504275.125615
1743504275.157551
1743504275.189857
1743504275.221798
1743504275.253657
1743504275.301397
1743504275.332665
1743504275.348916
1743504275.365017
1743504275.381173
1743504275.412701
1743504275.429236
1743504275.445403
1743504275.477574
1743504275.509083
1743504275.541884
1743504275.573753
1743504275.621352
1743504275.652803
1743504275.685596
1743504275.717336
1743504275.749030
1743504275.780694
1743504275.797558
1743504275.828776
1743504275.845703
1743504275.876795
1743504275.893360
1743504275.925832
1743504275.957837
1743504275.988725
1743504276.021542
1743504276.053479
1743504276.085748
1743504276.117131
1743504276.149193
1743504276.181359
1743504276.197333
1743504276.228953
1743504276.245371
1743504276.277970
1743504276.309377
1743504276.340862
1743504276.373458
1743504276.405523
1743504276.437822
1743504276.468935
1743504276.501692
1743504276.533444
1743504276.565433
1743504276.596797
1743504276.612999
1743504276.645068
1743504276.677286
1743504276.708856
1743504276.724807
1743504276.741012
1743504276.757045
1743504276.773203
1743504276.805744
1743504276.837672
1743504276.869858
1743504276.901083
1743504276.933678
1743504276.964946
1743504276.981093
1743504277.012641
1743504277.028959
1743504277.045147
1743504277.061125
1743504277.092849
1743504277.125630
1743504277.157563
1743504277.189475
1743504277.221070
1743504277.253627
1743504277.285429
1743504277.316997
1743504277.348724
1743504277.365044
1743504277.381088
1743504277.413175
1743504277.444815
1743504277.460938
1743504277.477066
1743504277.509512
1743504277.541134
1743504277.573573
1743504277.605307
1743504277.637469
1743504277.668726
1743504277.701551
1743504277.733265
1743504277.765055
1743504277.796668
1743504277.813229
1743504277.845510
1743504277.877878
1743504277.908900
1743504277.941703
1743504277.973366
1743504278.005392
1743504278.036855
1743504278.069325
1743504278.101640
1743504278.133185
1743504278.164795
1743504278.181341
1743504278.229047
1743504278.261273
1743504278.292778
1743504278.325617
1743504278.357389
1743504278.389445
1743504278.420840
1743504278.437010
1743504278.453156
1743504278.469114
1743504278.500867
1743504278.517210
1743504278.549690
1743504278.581081
1743504278.612587
1743504278.628955
1743504278.645051
1743504278.677212
1743504278.708810
1743504278.741691
1743504278.773458
1743504278.805596
1743504278.837116
1743504278.885346
1743504278.917403
1743504278.949156
1743504278.980523
1743504278.997119
1743504279.029224
1743504279.061536
1743504279.092810
1743504279.108904
1743504279.141552
1743504279.173595
1743504279.204892
1743504279.237399
1743504279.269582
1743504279.301304
1743504279.332565
1743504279.349120
1743504279.381085
1743504279.413287
1743504279.444816
1743504279.477452
1743504279.525171
1743504279.557278
1743504279.588749
1743504279.621536
1743504279.653203
1743504279.685583
1743504279.716805
1743504279.733098
1743504279.765199
1743504279.797316
1743504279.828840
1743504279.861845
1743504279.893289
1743504279.925415
1743504279.956793
1743504279.989515
1743504280.021459
1743504280.053578
1743504280.084964
1743504280.101082
1743504280.133703
1743504280.180762
1743504280.212509
1743504280.228980
1743504280.245021
1743504280.277226
1743504280.308807
1743504280.341484
1743504280.373401
1743504280.405436
1743504280.436986
1743504280.469632
1743504280.501696
1743504280.532845
1743504280.564466
1743504280.580896
1743504280.597067
1743504280.629024
1743504280.660734
1743504280.693268
1743504280.725549
1743504280.757527
1743504280.788902
1743504280.837290
1743504280.869249
1743504280.901453
1743504280.932528
1743504280.948860
1743504280.965054
1743504280.981122
1743504281.012597
1743504281.028953
1743504281.045092
1743504281.061264
1743504281.092934
1743504281.125605
1743504281.157663
1743504281.189815
1743504281.220657
1743504281.253589
1743504281.285372
1743504281.317146
1743504281.348518
1743504281.365037
1743504281.397220
1743504281.413252
1743504281.445074
1743504281.477678
1743504281.509173
1743504281.541409
1743504281.572681
1743504281.605400
1743504281.637545
1743504281.669507
1743504281.700761
1743504281.716951
1743504281.749093
1743504281.765036
1743504281.781254
1743504281.813520
1743504281.844826
1743504281.877000
1743504281.908746
1743504281.941488
1743504281.973251
1743504282.005223
1743504282.036952
1743504282.069684
1743504282.101486
1743504282.133330
1743504282.164484
1743504282.180870
1743504282.212932
1743504282.245133
1743504282.276681
1743504282.308772
1743504282.341300
1743504282.373582
1743504282.405731
1743504282.453156
1743504282.485207
1743504282.517003
1743504282.549101
1743504282.581092
1743504282.612447
1743504282.628756
1743504282.645046
1743504282.661040
1743504282.692854
1743504282.725502
1743504282.757565
1743504282.789449
1743504282.820627
1743504282.853458
1743504282.885278
1743504282.917100
1743504282.948506
1743504282.964804
1743504282.980986
1743504283.013159
1743504283.044748
1743504283.060881
1743504283.076990
1743504283.109468
1743504283.140670
1743504283.173330
1743504283.205348
1743504283.237148
1743504283.268705
1743504283.301237
1743504283.333106
1743504283.365136
1743504283.396621
1743504283.429437
1743504283.461107
1743504283.493318
1743504283.524667
1743504283.557163
1743504283.589335
1743504283.621344
1743504283.652737
1743504283.685671
1743504283.717335
1743504283.764710
1743504283.796384
1743504283.812765
1743504283.828877
1743504283.861332
1743504283.892601
1743504283.925383
1743504283.957354
1743504283.989517
1743504284.020820
1743504284.053633
1743504284.085770
1743504284.117175
1743504284.148313
1743504284.164775
1743504284.180843
1743504284.196879
1743504284.228584
1743504284.245090
1743504284.277045
1743504284.309309
1743504284.340863
1743504284.373595
1743504284.405476
1743504284.437148
1743504284.468503
1743504284.484696
1743504284.516703
1743504284.532677
1743504284.548769
1743504284.564893
1743504284.596965
1743504284.629178
1743504284.660796
1743504284.693398
1743504284.741152
1743504284.773236
1743504284.804599
1743504284.837163
1743504284.869357
1743504284.901354
1743504284.932447
1743504284.948820
1743504284.965043
1743504284.996986
1743504285.028757
1743504285.061644
1743504285.093063
1743504285.125282
1743504285.156593
1743504285.189413
1743504285.221321
1743504285.253069
1743504285.284667
1743504285.300941
1743504285.317020
1743504285.349036
1743504285.380681
1743504285.412801
1743504285.444986
1743504285.477147
1743504285.508574
1743504285.541240
1743504285.573378
1743504285.605240
1743504285.636877
1743504285.669518
1743504285.717120
1743504285.748571
1743504285.780261
1743504285.796710
1743504285.812775
1743504285.828815
1743504285.860643
1743504285.893154
1743504285.925269
1743504285.957356
1743504285.988822
1743504286.037151
1743504286.069047
1743504286.101336
1743504286.132346
1743504286.148680
1743504286.164919
1743504286.180858
1743504286.212399
1743504286.228827
1743504286.260941
1743504286.293231
1743504286.324783
1743504286.357519
1743504286.389041
1743504286.421164
1743504286.452551
1743504286.485353
1743504286.517053
1743504286.548958
1743504286.580384
1743504286.596998
1743504286.613029
1743504286.645005
1743504286.692854
1743504286.725111
1743504286.757154
1743504286.789164
1743504286.820698
1743504286.853612
1743504286.885456
1743504286.917231
1743504286.948554
1743504286.964899
1743504286.980961
1743504287.013279
1743504287.044400
1743504287.060491
1743504287.076643
1743504287.092609
1743504287.124606
1743504287.157317
1743504287.189042
1743504287.221377
1743504287.252664
1743504287.285250
1743504287.333158
1743504287.364615
1743504287.396314
1743504287.412651
1743504287.444885
1743504287.476912
1743504287.508526
1743504287.541170
1743504287.573426
1743504287.605245
1743504287.636768
1743504287.669338
1743504287.701434
1743504287.732704
1743504287.764316
1743504287.780840
1743504287.812840
1743504287.828774
1743504287.844831
1743504287.876993
1743504287.909189
1743504287.941480
1743504287.989082
1743504288.021077
1743504288.053147
1743504288.085010
1743504288.116544
1743504288.132618
1743504288.148690
1743504288.164697
1743504288.180786
1743504288.196907
1743504288.229127
1743504288.261093
1743504288.308984
1743504288.341103
1743504288.373039
1743504288.405176
1743504288.436677
1743504288.469387
1743504288.501196
1743504288.532787
1743504288.564371
1743504288.580888
1743504288.596971
1743504288.612905
1743504288.644623
1743504288.677020
1743504288.708935
1743504288.741150
1743504288.772527
1743504288.805207
1743504288.837511
1743504288.869296
1743504288.900612
1743504288.916843
1743504288.932894
1743504288.965202
1743504288.996223
1743504289.012651
1743504289.044963
1743504289.076970
1743504289.108446
1743504289.124412
1743504289.140713
1743504289.173323
1743504289.204647
1743504289.237628
1743504289.285005
1743504289.316323
1743504289.348219
1743504289.364738
1743504289.396940
1743504289.428945
1743504289.460433
1743504289.493080
1743504289.525171
1743504289.557493
1743504289.588680
1743504289.620668
1743504289.653064
1743504289.685152
1743504289.716925
1743504289.748933
1743504289.780717
1743504289.812683
1743504289.828715
1743504289.844848
1743504289.860875
1743504289.893385
1743504289.940847
1743504289.972956
1743504290.004416
1743504290.037294
1743504290.069032
1743504290.101153
1743504290.131701
1743504290.148897
1743504290.180879
1743504290.196849
1743504290.228562
1743504290.261457
1743504290.292906
1743504290.325005
1743504290.356478
1743504290.388936
1743504290.421120
1743504290.453113
1743504290.484439
1743504290.500635
1743504290.532924
1743504290.565073
1743504290.596397
1743504290.612523
1743504290.628815
1743504290.660820
1743504290.692323
1743504290.708452
1743504290.724739
1743504290.757131
1743504290.788575
1743504290.821230
1743504290.853107
1743504290.885192
1743504290.916427
1743504290.948591
1743504290.980466
1743504290.996501
1743504291.012595
1743504291.044846
1743504291.076871
1743504291.108974
1743504291.140523
1743504291.173385
1743504291.205179
1743504291.237239
1743504291.268276
1743504291.301107
1743504291.332999
1743504291.364482
1743504291.380604
1743504291.412723
1743504291.444952
1743504291.476938
1743504291.508488
1743504291.541260
1743504291.573155
1743504291.604969
1743504291.636474
1743504291.668991
1743504291.701269
1743504291.732951
1743504291.764199
1743504291.780680
1743504291.812890
1743504291.845168
1743504291.892828
1743504291.924896
1743504291.956920
1743504291.989356
1743504292.020353
1743504292.052999
1743504292.085093
1743504292.116911
1743504292.148405
1743504292.164701
1743504292.180804
1743504292.213072
1743504292.244198
1743504292.260331
1743504292.276460
1743504292.308891
1743504292.340407
1743504292.372974
1743504292.405211
1743504292.436881
1743504292.468586
1743504292.501194
1743504292.548584
1743504292.580445
1743504292.596839
1743504292.612695
1743504292.644679
1743504292.660663
1743504292.692418
1743504292.725327
1743504292.757208
1743504292.789093
1743504292.820580
1743504292.868769
1743504292.900896
1743504292.932646
1743504292.964175
1743504292.980682
1743504293.012769
1743504293.044672
1743504293.076406
1743504293.109188
1743504293.141249
1743504293.188978
1743504293.220471
1743504293.252833
1743504293.285009
1743504293.316968
1743504293.348169
1743504293.364593
1743504293.396802
1743504293.428930
1743504293.460690
1743504293.493147
1743504293.525273
1743504293.556954
1743504293.588333
1743504293.621018
1743504293.652966
1743504293.684836
1743504293.716368
1743504293.732496
1743504293.748680
1743504293.764673
1743504293.780878
1743504293.812920
1743504293.845287
1743504293.876613
1743504293.908328
1743504293.941003
1743504293.972980
1743504294.005168
1743504294.036511
1743504294.068997
1743504294.101217
1743504294.132760
1743504294.164349
1743504294.196703
1743504294.228721
1743504294.260968
1743504294.292324
1743504294.308649
1743504294.341219
1743504294.373193
1743504294.404445
1743504294.437399
1743504294.469185
1743504294.501273
1743504294.532053
1743504294.548416
1743504294.564501
1743504294.580556
1743504294.612110
1743504294.628603
1743504294.660888
1743504294.692938
1743504294.724457
1743504294.757046
1743504294.789036
1743504294.821058
1743504294.852340
1743504294.884865
1743504294.900421
1743504294.932510
1743504294.964095
1743504294.980591
1743504295.012636
1743504295.044856
1743504295.076578
1743504295.109019
1743504295.141346
1743504295.172783
1743504295.204225
1743504295.236992
1743504295.268842
1743504295.300914
1743504295.332222
1743504295.348469
1743504295.380766
1743504295.412807
1743504295.444355
1743504295.477391
1743504295.508783
1743504295.540948
1743504295.572257
1743504295.605127
1743504295.636793
1743504295.669238
1743504295.700485
1743504295.732669
1743504295.764735
1743504295.796941
1743504295.828042
1743504295.844362
1743504295.860481
1743504295.892780
1743504295.924231
1743504295.940310
1743504295.956535
1743504295.972472
1743504296.004284
1743504296.020355
1743504296.036608
1743504296.052660
1743504296.084537
1743504296.117169
1743504296.148602
1743504296.180567
1743504296.212038
1743504296.228571
1743504296.260921
1743504296.292648
1743504296.324375
1743504296.356962
1743504296.389217
1743504296.421637
1743504296.452412
1743504296.485077
1743504296.516697
1743504296.548579
1743504296.580007
1743504296.596528
1743504296.612583
1743504296.644545
1743504296.676456
1743504296.708985
1743504296.741119
1743504296.773237
1743504296.804092
1743504296.836876
1743504296.868799
1743504296.901143
1743504296.932042
1743504296.948453
1743504296.964714
1743504296.996690
1743504297.028659
1743504297.060940
1743504297.093391
1743504297.124884
1743504297.156806
1743504297.189042
1743504297.220225
1743504297.253019
1743504297.284854
1743504297.316753
1743504297.348256
1743504297.364676
1743504297.397179
1743504297.428940
1743504297.460103
1743504297.492710
1743504297.524770
1743504297.556818
1743504297.588247
1743504297.620892
1743504297.653021
1743504297.684783
1743504297.716404
1743504297.748939
1743504297.780473
1743504297.812313
1743504297.844076
1743504297.860181
1743504297.892928
1743504297.924900
1743504297.956015
1743504297.972726
1743504298.005157
1743504298.037158
1743504298.068247
1743504298.100654
1743504298.132371
1743504298.164339
1743504298.180499
1743504298.212649
1743504298.244636
1743504298.276610
1743504298.308277
1743504298.341232
1743504298.373149
1743504298.405076
1743504298.436222
1743504298.452392
1743504298.484877
1743504298.517128
1743504298.547998
1743504298.564389
1743504298.580523
1743504298.596666
1743504298.628173
1743504298.644500
1743504298.660625
1743504298.676611
1743504298.724536
1743504298.756653
1743504298.788801
1743504298.820884
1743504298.852170
1743504298.884820
1743504298.916880
1743504298.932331
1743504298.948454
1743504298.964605
1743504298.996710
1743504299.044449
1743504299.076120
1743504299.092320
1743504299.124880
1743504299.156677
1743504299.187878
1743504299.204604
1743504299.235444
1743504299.252527
1743504299.284490
1743504299.300486
1743504299.316522
1743504299.348774
1743504299.380121
1743504299.396383
1743504299.428568
1743504299.460709
1743504299.492338
1743504299.524867
1743504299.557012
1743504299.588958
1743504299.620287
1743504299.652985
1743504299.700569
1743504299.732285
1743504299.763893
1743504299.780539
1743504299.812227
1743504299.828292
1743504299.860069
1743504299.876209
1743504299.892313
1743504299.925180
1743504299.956394
1743504299.989201
1743504300.021282
1743504300.053124
1743504300.084180
1743504300.100290
1743504300.116440
1743504300.148559
1743504300.179960
1743504300.196445
1743504300.213064
1743504300.244593
1743504300.276267
1743504300.308811
1743504300.356800
1743504300.388800
1743504300.420029
1743504300.436001
1743504300.452337
1743504300.484836
1743504300.516164
1743504300.548631
1743504300.580527
1743504300.612488
1743504300.644191
1743504300.677357
1743504300.708583
1743504300.740735
1743504300.772055
1743504300.804809
1743504300.836939
1743504300.868803
1743504300.900156
1743504300.916335
1743504300.948607
1743504300.964514
1743504300.996198
1743504301.028474
1743504301.060674
1743504301.092788
1743504301.124149
1743504301.156948
1743504301.188697
1743504301.220779
1743504301.252284
1743504301.285233
1743504301.332659
1743504301.364460
1743504301.396017
1743504301.412155
1743504301.428296
1743504301.444268
1743504301.460374
1743504301.492555
1743504301.524880
1743504301.556943
1743504301.588295
1743504301.620886
1743504301.652993
1743504301.684675
1743504301.716072
1743504301.732163
1743504301.764400
1743504301.796509
1743504301.827947
1743504301.844208
1743504301.860271
1743504301.876254
1743504301.892394
1743504301.908605
1743504301.941062
1743504301.972917
1743504302.003997
1743504302.036851
1743504302.068561
1743504302.100787
1743504302.131910
1743504302.148153
1743504302.164235
1743504302.180334
1743504302.196460
1743504302.212677
1743504302.244491
1743504302.276835
1743504302.308184
1743504302.340627
1743504302.372776
1743504302.404810
1743504302.436113
1743504302.468688
1743504302.500767
1743504302.532587
1743504302.564065
1743504302.580456
1743504302.596633
1743504302.628785
1743504302.659904
1743504302.692588
1743504302.724740
1743504302.756589
1743504302.788095
1743504302.820953
1743504302.853308
1743504302.884798
1743504302.916219
1743504302.948907
1743504302.980243
1743504302.996238
1743504303.027849
1743504303.044367
1743504303.076675
1743504303.108544
1743504303.140056
1743504303.156079
1743504303.188766
1743504303.220949
1743504303.252334
1743504303.285120
1743504303.316627
1743504303.348104
1743504303.364195
1743504303.396132
1743504303.412101
1743504303.428728
1743504303.460285
1743504303.476351
1743504303.508686
1743504303.541224
1743504303.572316
1743504303.605018
1743504303.636729
1743504303.668559
1743504303.700004
1743504303.716138
1743504303.748441
1743504303.780278
1743504303.811917
1743504303.828367
1743504303.844456
1743504303.860567
1743504303.892212
1743504303.925079
1743504303.956673
1743504303.988498
1743504304.020010
1743504304.052116
1743504304.084667
1743504304.116433
1743504304.148227
1743504304.164316
1743504304.180404
1743504304.196488
1743504304.212533
1743504304.228500
1743504304.260190
1743504304.292469
1743504304.324700
1743504304.356777
1743504304.387953
1743504304.420789
1743504304.452671
1743504304.484696
1743504304.516245
1743504304.532337
1743504304.580135
1743504304.612090
1743504304.643791
1743504304.659910
1743504304.676148
1743504304.708501
1743504304.740049
1743504304.772883
1743504304.804821
1743504304.837148
1743504304.868303
1743504304.900941
1743504304.932086
1743504304.948077
1743504304.964212
1743504304.980168
1743504305.012514
1743504305.044386
1743504305.075903
1743504305.108323
1743504305.140677
1743504305.172989
1743504305.204128
1743504305.236885
1743504305.268523
1743504305.300727
1743504305.331704
1743504305.348234
1743504305.380325
1743504305.396286
1743504305.427951
1743504305.444241
1743504305.460533
1743504305.492637
1743504305.524437
1743504305.557123
1743504305.588463
1743504305.620556
1743504305.652020
1743504305.684801
1743504305.716616
1743504305.748486
1743504305.779769
1743504305.796279
1743504305.828560
1743504305.876229
1743504305.907884
1743504305.940544
1743504305.972739
1743504306.004739
1743504306.036013
1743504306.068671
1743504306.100959
1743504306.132033
1743504306.148301
1743504306.164377
1743504306.212041
1743504306.244051
1743504306.275810
1743504306.308641
1743504306.340563
1743504306.372591
1743504306.403954
1743504306.436772
1743504306.468746
1743504306.500788
1743504306.531864
1743504306.548026
1743504306.564045
1743504306.580030
1743504306.611682
1743504306.628132
1743504306.644186
1743504306.660218
1743504306.691894
1743504306.724671
1743504306.756764
1743504306.788723
1743504306.820154
1743504306.852708
1743504306.884450
1743504306.916090
1743504306.947649
1743504306.964097
1743504306.980163
1743504306.996188
1743504307.027822
1743504307.044251
1743504307.076633
1743504307.108516
1743504307.140213
1743504307.188430
1743504307.220501
1743504307.252524
1743504307.283890
1743504307.300100
1743504307.332332
1743504307.364208
1743504307.395792
1743504307.412233
1743504307.444424
1743504307.476619
1743504307.507999
1743504307.540593
1743504307.572568
1743504307.604544
1743504307.636046
1743504307.668705
1743504307.700598
1743504307.732212
1743504307.763933
1743504307.780319
1743504307.796380
1743504307.828711
1743504307.859773
1743504307.892574
1743504307.924591
1743504307.956521
1743504307.987916
1743504308.020552
1743504308.052355
1743504308.084619
1743504308.116024
1743504308.132196
1743504308.164376
1743504308.195957
1743504308.227707
1743504308.243979
1743504308.260174
1743504308.276192
1743504308.307975
1743504308.340606
1743504308.372530
1743504308.404843
1743504308.436049
1743504308.484848
1743504308.516220
1743504308.548376
1743504308.579680
1743504308.596152
1743504308.628325
1743504308.660236
1743504308.691963
1743504308.724656
1743504308.756643
1743504308.804415
1743504308.835874
1743504308.868626
1743504308.900695
1743504308.931934
1743504308.963604
1743504308.980278
1743504308.996260
1743504309.028315
1743504309.059918
1743504309.092532
1743504309.140221
1743504309.172525
1743504309.203974
1743504309.236509
1743504309.268476
1743504309.300541
1743504309.331642
1743504309.347985
1743504309.364174
1743504309.380260
1743504309.411893
1743504309.428319
1743504309.460658
1743504309.492388
1743504309.523719
1743504309.556644
1743504309.588497
1743504309.620381
1743504309.651887
1743504309.684386
1743504309.700369
1743504309.732392
1743504309.780150
1743504309.811992
1743504309.827941
1743504309.844046
1743504309.875732
1743504309.891734
1743504309.908030
1743504309.940715
1743504309.971890
1743504310.004655
1743504310.036560
1743504310.068896
1743504310.116475
1743504310.148227
1743504310.179981
1743504310.196090
1743504310.227679
1743504310.243986
1743504310.260147
1743504310.292380
1743504310.324038
1743504310.356643
1743504310.388594
1743504310.436508
1743504310.467724
1743504310.500524
1743504310.531971
1743504310.547871
1743504310.564054
1743504310.580218
1743504310.612555
1743504310.644254
1743504310.675888
1743504310.708545
1743504310.756379
1743504310.788582
1743504310.819845
1743504310.852358
1743504310.884706
1743504310.916393
1743504310.947706
1743504310.964030
1743504310.980135
1743504310.996239
1743504311.012221
1743504311.028379
1743504311.060623
1743504311.092807
1743504311.123705
1743504311.156542
1743504311.188763
1743504311.220645
1743504311.251768
1743504311.283955
1743504311.316152
1743504311.332120
1743504311.364279
1743504311.380235
1743504311.412521
1743504311.444131
1743504311.476208
1743504311.508391
1743504311.539823
1743504311.572486
1743504311.604370
1743504311.636514
1743504311.667994
1743504311.700596
1743504311.732523
1743504311.764033
1743504311.795570
1743504311.812016
1743504311.828151
1743504311.860365
1743504311.891717
1743504311.924600
1743504311.956544
1743504311.988536
1743504312.020141
1743504312.068301
1743504312.100297
1743504312.131928
1743504312.148011
1743504312.179870
1743504312.196037
1743504312.228169
1743504312.259797
1743504312.292494
1743504312.324610
1743504312.356875
1743504312.387814
1743504312.420163
1743504312.452202
1743504312.484395
1743504312.515732
1743504312.531859
1743504312.547912
1743504312.563935
1743504312.580113
1743504312.612167
1743504312.644099
1743504312.676595
1743504312.707791
1743504312.740351
1743504312.772255
1743504312.804404
1743504312.835768
1743504312.868491
1743504312.900433
1743504312.932151
1743504312.963781
1743504312.980109
1743504312.996358
1743504313.012186
1743504313.044002
1743504313.076343
1743504313.108292
1743504313.140331
1743504313.171789
1743504313.204390
1743504313.236442
1743504313.268539
1743504313.300029
1743504313.332321
1743504313.364399
1743504313.395918
1743504313.427466
1743504313.443916
1743504313.459918
1743504313.492238
1743504313.523764
1743504313.539770
1743504313.555985
1743504313.572090
1743504313.604015
1743504313.636759
1743504313.684128
1743504313.716522
1743504313.747412
1743504313.763787
1743504313.796063
1743504313.828122
1743504313.859687
1743504313.892559
1743504313.924512
1743504313.956451
1743504313.987977
1743504314.020285
1743504314.052104
1743504314.084267
1743504314.115699
1743504314.131941
1743504314.164292
1743504314.196179
1743504314.227613
1743504314.244103
1743504314.276380
1743504314.308392
1743504314.339769
1743504314.372146
1743504314.404401
1743504314.436364
1743504314.467703
1743504314.500350
1743504314.532093
1743504314.563868
1743504314.595679
1743504314.611976
1743504314.628288
1743504314.660354
1743504314.691550
1743504314.724553
1743504314.756574
1743504314.788411
1743504314.819733
1743504314.852371
1743504314.884460
1743504314.916188
1743504314.947684
1743504314.964151
1743504314.996508
1743504315.027896
1743504315.059549
1743504315.075651
1743504315.108162
1743504315.140346
1743504315.171676
1743504315.204469
1743504315.236412
1743504315.268481
1743504315.316355
1743504315.347734
1743504315.363774
1743504315.379775
1743504315.411408
1743504315.427904
1743504315.460234
1743504315.492367
1743504315.523681
1743504315.556471
1743504315.588385
1743504315.636302
1743504315.667597
1743504315.700504
1743504315.731941
1743504315.763816
1743504315.795355
1743504315.811833
1743504315.828029
1743504315.860260
1743504315.891765
1743504315.924610
1743504315.972164
1743504316.004312
1743504316.035666
1743504316.068308
1743504316.100326
1743504316.131872
1743504316.163477
1743504316.179961
1743504316.196248
1743504316.228298
1743504316.259773
1743504316.292500
1743504316.324449
1743504316.356190
1743504316.387569
1743504316.420264
1743504316.452272
1743504316.484304
1743504316.515706
1743504316.531960
1743504316.547988
1743504316.564036
1743504316.611732
1743504316.643691
1743504316.676034
1743504316.708083
1743504316.739603
1743504316.772091
1743504316.804161
1743504316.836420
1743504316.867795
1743504316.883845
1743504316.899998
1743504316.915998
1743504316.947789
1743504316.963762
1743504316.995781
1743504317.011818
1743504317.027920
1743504317.060415
1743504317.092034
1743504317.124566
1743504317.155667
1743504317.188328
1743504317.220427
1743504317.267968
1743504317.299512
1743504317.315769
1743504317.347809
1743504317.379941
1743504317.411410
1743504317.427901
1743504317.460114
1743504317.492471
1743504317.523766
1743504317.556438
1743504317.588376
1743504317.620168
1743504317.651469
1743504317.684581
1743504317.716312
1743504317.747747
1743504317.779371
1743504317.795942
1743504317.828120
1743504317.860372
1743504317.891695
1743504317.924676
1743504317.956266
1743504317.988238
1743504318.019622
1743504318.052290
1743504318.084012
1743504318.115764
1743504318.147469
1743504318.163877
1743504318.196039
1743504318.244080
1743504318.275325
1743504318.291386
1743504318.307636
1743504318.323749
1743504318.355671
1743504318.388580
1743504318.420257
1743504318.451917
1743504318.483749
1743504318.499873
1743504318.516107
1743504318.563797
1743504318.595268
1743504318.611757
1743504318.644002
1743504318.675955
1743504318.708096
1743504318.740238
1743504318.772295
1743504318.804326
1743504318.836307
1743504318.868296
1743504318.899661
1743504318.931885
1743504318.963958
1743504318.995618
1743504319.027510
1743504319.043791
1743504319.076010
1743504319.108096
1743504319.139744
1743504319.172352
1743504319.220026
1743504319.252286
1743504319.283577
1743504319.299716
1743504319.331748
1743504319.364218
1743504319.395340
1743504319.411665
1743504319.443955
1743504319.476367
1743504319.507715
1743504319.540355
1743504319.572181
1743504319.604014
1743504319.635575
1743504319.668173
1743504319.700227
1743504319.731733
1743504319.763405
1743504319.779856
1743504319.796032
1743504319.828206
1743504319.875871
1743504319.908048
1743504319.940124
1743504319.972195
1743504320.003518
1743504320.036179
1743504320.068128
1743504320.100603
1743504320.131683
1743504320.147866
1743504320.163894
1743504320.196382
1743504320.227295
1743504320.243684
1743504320.259802
1743504320.292048
1743504320.323501
1743504320.356116
1743504320.388143
1743504320.420173
1743504320.451639
1743504320.484441
1743504320.516294
1743504320.547663
1743504320.579231
1743504320.595683
1743504320.611838
1743504320.643732
1743504320.675536
1743504320.708034
1743504320.740177
1743504320.772241
1743504320.803730
1743504320.852223
1743504320.883888
1743504320.915748
1743504320.947211
1743504320.963649
1743504320.995803
1743504321.027992
1743504321.043687
1743504321.059811
1743504321.076177
1743504321.108291
1743504321.139785
1743504321.172519
1743504321.204125
1743504321.236175
1743504321.267471
1743504321.300158
1743504321.331761
1743504321.363754
1743504321.395358
1743504321.411824
1743504321.428052
1743504321.460021
1743504321.491564
1743504321.524218
1743504321.556116
1743504321.588003
1743504321.619482
1743504321.651895
1743504321.684113
1743504321.716073
1743504321.747457
1743504321.763779
1743504321.795882
1743504321.828077
1743504321.859305
1743504321.875505
1743504321.908031
1743504321.940246
1743504321.971421
1743504322.004298
1743504322.035842
1743504322.068662
1743504322.099702
1743504322.115848
1743504322.148265
1743504322.179634
1743504322.211216
1743504322.227701
1743504322.259867
1743504322.292429
1743504322.323542
1743504322.356179
1743504322.388166
1743504322.420238
1743504322.467786
1743504322.500154
1743504322.531538
1743504322.547487
1743504322.563573
1743504322.579746
1743504322.611871
1743504322.643644
1743504322.675428
1743504322.708074
1743504322.740303
1743504322.772428
1743504322.803452
1743504322.835997
1743504322.867975
1743504322.900125
1743504322.931244
1743504322.947605
1743504322.963602
1743504322.979670
1743504322.995846
1743504323.028195
1743504323.043735
1743504323.076009
1743504323.123871
1743504323.156137
1743504323.187999
1743504323.220230
1743504323.251417
1743504323.284158
1743504323.316108
1743504323.347876
1743504323.379400
1743504323.395798
1743504323.411928
1743504323.444158
1743504323.475316
1743504323.507860
1743504323.540273
1743504323.572060
1743504323.603459
1743504323.636112
1743504323.668090
1743504323.700276
1743504323.731441
1743504323.747779
1743504323.780248
1743504323.811696
1743504323.843218
1743504323.859452
1743504323.891830
1743504323.924088
1743504323.955447
1743504323.988037
1743504324.020175
1743504324.052018
1743504324.099956
1743504324.131497
1743504324.163759
1743504324.195669
1743504324.227287
1743504324.243563
1743504324.259753
1743504324.291943
1743504324.323446
1743504324.356157
1743504324.388206
1743504324.420416
1743504324.451245
1743504324.484060
1743504324.516021
1743504324.547518
1743504324.579106
1743504324.595559
1743504324.627746
1743504324.659804
1743504324.691511
1743504324.724331
1743504324.755912
1743504324.788078
1743504324.819426
1743504324.851981
1743504324.883997
1743504324.916001
1743504324.947166
1743504324.963598
1743504324.995993
1743504325.028131
1743504325.043795
1743504325.076321
1743504325.107839
1743504325.139946
1743504325.171396
1743504325.204090
1743504325.235910
1743504325.267969
1743504325.299343
1743504325.315553
1743504325.331706
1743504325.363895
1743504325.395440
1743504325.427645
1743504325.459767
1743504325.491945
1743504325.523390
1743504325.556015
1743504325.588065
1743504325.620070
1743504325.651485
1743504325.684253
1743504325.731685
1743504325.763558
1743504325.795074
1743504325.811377
1743504325.827527
1743504325.843587
1743504325.875377
1743504325.908123
1743504325.940021
1743504325.972049
1743504326.003556
1743504326.052221
1743504326.083872
1743504326.115446
1743504326.147758
1743504326.179548
1743504326.195629
1743504326.227752
1743504326.259699
1743504326.291942
1743504326.323517
1743504326.371893
1743504326.403856
1743504326.435684
1743504326.467387
1743504326.499875
1743504326.531645
1743504326.563707
1743504326.595162
1743504326.611693
1743504326.643901
1743504326.676105
1743504326.707470
1743504326.740158
1743504326.771858
1743504326.803910
1743504326.835364
1743504326.867955
1743504326.899946
1743504326.931722
1743504326.963213
1743504326.979674
1743504326.995835
1743504327.028026
1743504327.059166
1743504327.075135
1743504327.108070
1743504327.140310
1743504327.171254
1743504327.204834
1743504327.236083
1743504327.268084
1743504327.299470
1743504327.315657
1743504327.348070
1743504327.379387
1743504327.410994
1743504327.427449
1743504327.459792
1743504327.491815
1743504327.523290
1743504327.556003
1743504327.588068
1743504327.620123
1743504327.651498
1743504327.684361
1743504327.715939
1743504327.747386
1743504327.778966
1743504327.795486
1743504327.811555
1743504327.843787
1743504327.875296
1743504327.907867
1743504327.940129
1743504327.972033
1743504328.003242
1743504328.035775
1743504328.067936
1743504328.099807
1743504328.130977
1743504328.147489
1743504328.179728
1743504328.211867
1743504328.243352
1743504328.259598
1743504328.292158
1743504328.324225
1743504328.355169
1743504328.387908
1743504328.420071
1743504328.451602
1743504328.483292
1743504328.515720
1743504328.547837
1743504328.579960
1743504328.611383
1743504328.627692
1743504328.660133
1743504328.691690
1743504328.723229
1743504328.755780
1743504328.787911
1743504328.820148
1743504328.851296
1743504328.884095
1743504328.916007
1743504328.947563
1743504328.979378
1743504329.011600
1743504329.043541
1743504329.075789
1743504329.107278
1743504329.139816
1743504329.171988
1743504329.204015
1743504329.235476
1743504329.268051
1743504329.300194
1743504329.331438
1743504329.362956
1743504329.379480
1743504329.395656
1743504329.427705
1743504329.459241
1743504329.491850
1743504329.523931
1743504329.556032
1743504329.587405
1743504329.635815
1743504329.667684
1743504329.699749
1743504329.731001
1743504329.747380
1743504329.779468
1743504329.811512
1743504329.843171
1743504329.859514
1743504329.891978
1743504329.924404
1743504329.955305
1743504329.987913
1743504330.019984
1743504330.051823
1743504330.083217
1743504330.099388
1743504330.131559
1743504330.147526
1743504330.179053
1743504330.195603
1743504330.227806
1743504330.275326
1743504330.307148
1743504330.339905
1743504330.371763
1743504330.403753
1743504330.435203
1743504330.468165
1743504330.499906
1743504330.531662
1743504330.563126
1743504330.579502
1743504330.611919
1743504330.643408
1743504330.675170
1743504330.707984
1743504330.739955
1743504330.771777
1743504330.803297
1743504330.836139
1743504330.867915
1743504330.900048
1743504330.931188
1743504330.963308
1743504330.995394
1743504331.011352
1743504331.027583
1743504331.059917
1743504331.091668
1743504331.107007
1743504331.123509
1743504331.155913
1743504331.188173
1743504331.219993
1743504331.251276
1743504331.283810
1743504331.315761
1743504331.347555
1743504331.379298
1743504331.395532
1743504331.427489
1743504331.459605
1743504331.491305
1743504331.524220
1743504331.555886
1743504331.588049
1743504331.619196
1743504331.651662
1743504331.683882
1743504331.715611
1743504331.746934
1743504331.763259
1743504331.779430
1743504331.795449
1743504331.811777
1743504331.843727
1743504331.875839
1743504331.907657
1743504331.939133
1743504331.971966
1743504332.003634
1743504332.035808
1743504332.067181
1743504332.099723
1743504332.131436
1743504332.147338
1743504332.163540
1743504332.179571
1743504332.227353
1743504332.259589
1743504332.291012
1743504332.324128
1743504332.355800
1743504332.387720
1743504332.419241
1743504332.451879
1743504332.484153
1743504332.515749
1743504332.563177
1743504332.579195
1743504332.595313
1743504332.611335
1743504332.627354
1743504332.643481
1743504332.675968
1743504332.707532
1743504332.739306
1743504332.771955
1743504332.803869
1743504332.835978
1743504332.883424
1743504332.915166
1743504332.931219
1743504332.947224
1743504332.978850
1743504332.995348
1743504333.027413
1743504333.059578
1743504333.091194
1743504333.123874
1743504333.139379
1743504333.155465
1743504333.203830
1743504333.235583
1743504333.267677
1743504333.299827
1743504333.330925
1743504333.347218
1743504333.363318
1743504333.379335
1743504333.395482
1743504333.427192
1743504333.459752
1743504333.492046
1743504333.539495
1743504333.572204
1743504333.603885
1743504333.635725
1743504333.667758
1743504333.699702
1743504333.730945
1743504333.747342
1743504333.779415
1743504333.795521
1743504333.827044
1743504333.859852
1743504333.891606
1743504333.923492
1743504333.955023
1743504333.987736
1743504334.019805
1743504334.051852
1743504334.083180
1743504334.099396
1743504334.131546
1743504334.147403
1743504334.179122
1743504334.195248
1743504334.211335
1743504334.243183
1743504334.275013
1743504334.307717
1743504334.339750
1743504334.371758
1743504334.403193
1743504334.435804
1743504334.467694
1743504334.515477
1743504334.546770
1743504334.563118
1743504334.579360
1743504334.611408
1743504334.642968
1743504334.675485
1743504334.707794
1743504334.739769
1743504334.771156
1743504334.804085
1743504334.835983
1743504334.867635
1743504334.899166
1743504334.915353
1743504334.947407
1743504334.979472
1743504335.011003
1743504335.027366
1743504335.043451
1743504335.075870
1743504335.107292
1743504335.155799
1743504335.187496
1743504335.219754
1743504335.251133
1743504335.283688
1743504335.315776
1743504335.347246
1743504335.363396
1743504335.379614
1743504335.411852
1743504335.443543
1743504335.491624
1743504335.523691
1743504335.555620
1743504335.587526
1743504335.619107
1743504335.651582
1743504335.683712
1743504335.715738
1743504335.746996
1743504335.763419
1743504335.811238
1743504335.843387
1743504335.875292
1743504335.907293
1743504335.938260
1743504335.955551
1743504335.987117
1743504336.019974
1743504336.051474
1743504336.083891
1743504336.131483
1743504336.163102
1743504336.179117
1743504336.195174
1743504336.211346
1743504336.243459
1743504336.275552
1743504336.307473
1743504336.339089
1743504336.371749
1743504336.403954
1743504336.435787
1743504336.467031
1743504336.499626
1743504336.531192
1743504336.563430
1743504336.594827
1743504336.611205
1743504336.627325
1743504336.643337
1743504336.659421
1743504336.692066
1743504336.723719
1743504336.755932
1743504336.787055
1743504336.819843
1743504336.851836
1743504336.883570
1743504336.914991
1743504336.931268
1743504336.963384
1743504336.995429
1743504337.027041
1743504337.043535
1743504337.075757
1743504337.107844
1743504337.138965
1743504337.171696
1743504337.203671
1743504337.235593
1743504337.266897
1743504337.299887
1743504337.331377
1743504337.363534
1743504337.395065
1743504337.411419
1743504337.443603
1743504337.475347
1743504337.506885
1743504337.539720
1743504337.571713
1743504337.603984
1743504337.635037
1743504337.667858
1743504337.699769
1743504337.731404
1743504337.762921
1743504337.779020
1743504337.795227
1743504337.811170
1743504337.842790
1743504337.858942
1743504337.875072
1743504337.907550
1743504337.939000
1743504337.972097
1743504338.003702
1743504338.035955
1743504338.083332
1743504338.115502
1743504338.147184
1743504338.179487
1743504338.210801
1743504338.227154
1743504338.243288
1743504338.275697
1743504338.307005
1743504338.339769
1743504338.371769
1743504338.419461
1743504338.451180
1743504338.483656
1743504338.515588
1743504338.547436
1743504338.579044
1743504338.595334
1743504338.611329
1743504338.643368
1743504338.675054
1743504338.707878
1743504338.739683
1743504338.771408
1743504338.802912
1743504338.835686
1743504338.867399
1743504338.899631
1743504338.930743
1743504338.947183
1743504338.979433
1743504339.011508
1743504339.058998
1743504339.091422
1743504339.123647
1743504339.155462
1743504339.186901
1743504339.202743
1743504339.219085
1743504339.235120
1743504339.251151
1743504339.283717
1743504339.315824
1743504339.347235
1743504339.395103
1743504339.411090
1743504339.443312
1743504339.475520
1743504339.506915
1743504339.539659
1743504339.571579
1743504339.603725
1743504339.635021
1743504339.667617
1743504339.715660
1743504339.746885
1743504339.778569
1743504339.795217
1743504339.827292
1743504339.859516
1743504339.890867
1743504339.923881
1743504339.955636
1743504339.987798
1743504340.035763
1743504340.067347
1743504340.099364
1743504340.131078
1743504340.162627
1743504340.179118
1743504340.211195
1743504340.243219
1743504340.274930
1743504340.307461
1743504340.339784
1743504340.371672
1743504340.402758
1743504340.435916
1743504340.467502
1743504340.499761
1743504340.530654
1743504340.547067
1743504340.579197
1743504340.595269
1743504340.611361
1743504340.643595
1743504340.691353
1743504340.723586
1743504340.754839
1743504340.787725
1743504340.819565
1743504340.851625
1743504340.882877
1743504340.899187
1743504340.931375
1743504340.963392
1743504341.010880
1743504341.043091
1743504341.075285
1743504341.107470
1743504341.139487
1743504341.171722
1743504341.203061
1743504341.218992
1743504341.235048
1743504341.251204
1743504341.283100
1743504341.299230
1743504341.346949
1743504341.378905
1743504341.395178
1743504341.427047
1743504341.443104
1743504341.475358
1743504341.506876
1743504341.539427
1743504341.571688
1743504341.603578
1743504341.635033
1743504341.667751
1743504341.699405
1743504341.731168
1743504341.762582
1743504341.779013
1743504341.795217
1743504341.811151
1743504341.842753
1743504341.858887
1743504341.875077
1743504341.907411
1743504341.939085
1743504341.987148
1743504342.019555
1743504342.051425
1743504342.082782
1743504342.098909
1743504342.131133
1743504342.163195
1743504342.194693
1743504342.211101
1743504342.227264
1743504342.259355
1743504342.291070
1743504342.323875
1743504342.355502
1743504342.387199
1743504342.418919
1743504342.451724
1743504342.483861
1743504342.515392
1743504342.546717
1743504342.563112
1743504342.579212
1743504342.595408
1743504342.643219
1743504342.675153
1743504342.707254
1743504342.739603
1743504342.770890
1743504342.803451
1743504342.835610
1743504342.867442
1743504342.899102
1743504342.915166
1743504342.962903
1743504342.995038
1743504343.026638
1743504343.042999
1743504343.059064
1743504343.091349
1743504343.122849
1743504343.155594
1743504343.187592
1743504343.219711
1743504343.250994
1743504343.299321
1743504343.330954
1743504343.362843
1743504343.394589
1743504343.411001
1743504343.427140
1743504343.459438
1743504343.490780
1743504343.506831
1743504343.523155
1743504343.555501
1743504343.587237
1743504343.619695
1743504343.651393
1743504343.683581
1743504343.714830
1743504343.730958
1743504343.763082
1743504343.795191
1743504343.826639
1743504343.843038
1743504343.859217
1743504343.891618
1743504343.939275
1743504343.971286
1743504344.003399
1743504344.035303
1743504344.066810
1743504344.099478
1743504344.131288
1743504344.163292
1743504344.194721
1743504344.211137
1743504344.243443
1743504344.275539
1743504344.306703
1743504344.339470
1743504344.371289
1743504344.403452
1743504344.434822
1743504344.467729
1743504344.499558
1743504344.531294
1743504344.562803
1743504344.595492
1743504344.627060
1743504344.659168
1743504344.690802
1743504344.723475
1743504344.755379
1743504344.787339
1743504344.818864
1743504344.851585
1743504344.883763
1743504344.915398
1743504344.946500
1743504344.962843
1743504344.994898
1743504345.011004
1743504345.042553
1743504345.058995
1743504345.091283
1743504345.123560
1743504345.154960
1743504345.187863
1743504345.219594
1743504345.251687
1743504345.282665
1743504345.298853
1743504345.330827
1743504345.346836
1743504345.378525
1743504345.395074
1743504345.427135
1743504345.459168
1743504345.490858
1743504345.523538
1743504345.571082
1743504345.603280
1743504345.634642
1743504345.667344
1743504345.699553
1743504345.731005
1743504345.762509
1743504345.778922
1743504345.795070
1743504345.811214
1743504345.842760
1743504345.859041
1743504345.891500
1743504345.923232
1743504345.954620
1743504345.987827
1743504346.019491
1743504346.051738
1743504346.082766
1743504346.098934
1743504346.131285
1743504346.163188
1743504346.194780
1743504346.227717
1743504346.259321
1743504346.291329
1743504346.322793
1743504346.355523
1743504346.387387
1743504346.419426
1743504346.450984
1743504346.483415
1743504346.515487
1743504346.547405
1743504346.578423
1743504346.594877
1743504346.627109
1743504346.659100
1743504346.690574
1743504346.723338
1743504346.755393
1743504346.787438
1743504346.818881
1743504346.867294
1743504346.899200
1743504346.931107
1743504346.962521
1743504346.978848
1743504347.011073
1743504347.043079
1743504347.074797
1743504347.107453
1743504347.139615
1743504347.171555
1743504347.202762
1743504347.235252
1743504347.267459
1743504347.299351
1743504347.330376
1743504347.346776
1743504347.362907
1743504347.379039
1743504347.410584
1743504347.427025
1743504347.459339
1743504347.491498
1743504347.522775
1743504347.555456
1743504347.587337
1743504347.619535
1743504347.650710
1743504347.683320
1743504347.715342
1743504347.746989
1743504347.778667
1743504347.795074
1743504347.843070
1743504347.875123
1743504347.906582
1743504347.939305
1743504347.971499
1743504348.003347
1743504348.034641
1743504348.067363
1743504348.099475
1743504348.131125
1743504348.178973
1743504348.210816
1743504348.226790
1743504348.242815
1743504348.258889
1743504348.290770
1743504348.323333
1743504348.355268
1743504348.387318
1743504348.419739
1743504348.451287
1743504348.499148
1743504348.531055
1743504348.562722
1743504348.594501
1743504348.610962
1743504348.643113
1743504348.675231
1743504348.706717
1743504348.739401
1743504348.771495
1743504348.819280
1743504348.850540
1743504348.883268
1743504348.915118
1743504348.946893
1743504348.978404
1743504348.994926
1743504349.026953
1743504349.059056
1743504349.090806
1743504349.123555
1743504349.155459
1743504349.187119
1743504349.218666
1743504349.251211
1743504349.283293
1743504349.298748
1743504349.330652
1743504349.363067
1743504349.395106
1743504349.427255
1743504349.474731
1743504349.507096
1743504349.539268
1743504349.571287
1743504349.602647
1743504349.635309
1743504349.667140
1743504349.699413
1743504349.730603
1743504349.746828
1743504349.763002
1743504349.795389
1743504349.826362
1743504349.842654
1743504349.858891
1743504349.891168
1743504349.922663
1743504349.955272
1743504349.987314
1743504350.019427
1743504350.050912
1743504350.083520
1743504350.131518
1743504350.162623
1743504350.194317
1743504350.210711
1743504350.226898
1743504350.259013
1743504350.290622
1743504350.323355
1743504350.355338
1743504350.387343
1743504350.418753
1743504350.451500
1743504350.483109
1743504350.514977
1743504350.546348
1743504350.562714
1743504350.594865
1743504350.627005
1743504350.658527
1743504350.691296
1743504350.723306
1743504350.771145
1743504350.802584
1743504350.835055
1743504350.867134
1743504350.899561
1743504350.930628
1743504350.962857
1743504350.995010
1743504351.027054
1743504351.058733
1743504351.106926
1743504351.139211
1743504351.171229
1743504351.202557
1743504351.235054
1743504351.267237
1743504351.299328
1743504351.330430
1743504351.346841
1743504351.379017
1743504351.426694
1743504351.458436
1743504351.491014
1743504351.523385
1743504351.554855
1743504351.586498
1743504351.619318
1743504351.651436
1743504351.683360
1743504351.714732
1743504351.747331
1743504351.778647
1743504351.794670
1743504351.810759
1743504351.826822
1743504351.859153
1743504351.891134
1743504351.922587
1743504351.955191
1743504351.987256
1743504352.019518
1743504352.050731
1743504352.083357
1743504352.115214
1743504352.146652
1743504352.178311
1743504352.194860
1743504352.227026
1743504352.259247
1743504352.290549
1743504352.306767
1743504352.339415
1743504352.371320
1743504352.402548
1743504352.435200
1743504352.467157
1743504352.499133
1743504352.530224
1743504352.546616
1743504352.562668
1743504352.578863
1743504352.610475
1743504352.626754
1743504352.642887
1743504352.675245
1743504352.722853
1743504352.755317
1743504352.787114
1743504352.819391
1743504352.850513
1743504352.883322
1743504352.915015
1743504352.946760
1743504352.978436
1743504352.994929
1743504353.027177
1743504353.059450
1743504353.090389
1743504353.123385
1743504353.155038
1743504353.187028
1743504353.218597
1743504353.251046
1743504353.283229
1743504353.315215
1743504353.330832
1743504353.346920
1743504353.378980
1743504353.410938
1743504353.442253
1743504353.458825
1743504353.491179
1743504353.523293
1743504353.554545
1743504353.587064
1743504353.619443
1743504353.651268
1743504353.699115
1743504353.730785
1743504353.762803
1743504353.794597
1743504353.810714
1743504353.826823
1743504353.859026
1743504353.891273
1743504353.922642
1743504353.954993
1743504353.987128
1743504354.034930
1743504354.066384
1743504354.099051
1743504354.130698
1743504354.162691
1743504354.178840
1743504354.210876
1743504354.243029
1743504354.275087
1743504354.306617
1743504354.354902
1743504354.386923
1743504354.419141
1743504354.450455
1743504354.483041
1743504354.515121
1743504354.546661
1743504354.578232
1743504354.594826
1743504354.610991
1743504354.642812
1743504354.674399
1743504354.706838
1743504354.738999
1743504354.771370
1743504354.802496
1743504354.835022
1743504354.867049
1743504354.899113
1743504354.930520
1743504354.946712
1743504354.962803
1743504355.010751
1743504355.042211
1743504355.058770
1743504355.090899
1743504355.123094
1743504355.154444
1743504355.187154
1743504355.219143
1743504355.250997
1743504355.282672
1743504355.298870
1743504355.331254
1743504355.346593
1743504355.378177
1743504355.394609
1743504355.426557
1743504355.442580
1743504355.474457
1743504355.507013
1743504355.539193
1743504355.571194
1743504355.602608
1743504355.651020
1743504355.683042
1743504355.714957
1743504355.746268
1743504355.762461
1743504355.778598
1743504355.794604
1743504355.810701
1743504355.842440
1743504355.874901
1743504355.907036
1743504355.939229
1743504355.986922
1743504356.019005
1743504356.051050
1743504356.083064
1743504356.115444
1743504356.146267
1743504356.162637
1743504356.194762
1743504356.210801
1743504356.242476
1743504356.258648
1743504356.274824
1743504356.307190
1743504356.338388
1743504356.371086
1743504356.403110
1743504356.435023
1743504356.466426
1743504356.499080
1743504356.530792
1743504356.563079
1743504356.594389
1743504356.627372
1743504356.658814
1743504356.690858
1743504356.722421
1743504356.755059
1743504356.787275
1743504356.819041
1743504356.850419
1743504356.883275
1743504356.915016
1743504356.962556
1743504356.994071
1743504357.010605
1743504357.042646
1743504357.074889
1743504357.106415
1743504357.138877
1743504357.171044
1743504357.203036
1743504357.234616
1743504357.282951
1743504357.314813
1743504357.346394
1743504357.362533
1743504357.394687
1743504357.426792
1743504357.458808
1743504357.490400
1743504357.523101
1743504357.555166
1743504357.603081
1743504357.634240
1743504357.666824
1743504357.699038
1743504357.730560
1743504357.762151
1743504357.778524
1743504357.794677
1743504357.810683
1743504357.826733
1743504357.842843
1743504357.875107
1743504357.907050
1743504357.938356
1743504357.970815
1743504358.003033
1743504358.034786
1743504358.066323
1743504358.098986
1743504358.130568
1743504358.146531
1743504358.162804
1743504358.194722
1743504358.210763
1743504358.226736
1743504358.258421
1743504358.290764
1743504358.322949
1743504358.355098
1743504358.386333
1743504358.418936
1743504358.450847
1743504358.483291
1743504358.514554
1743504358.530646
1743504358.546706
1743504358.579183
1743504358.610086
1743504358.626523
1743504358.642776
1743504358.674888
1743504358.706356
1743504358.738997
1743504358.770974
1743504358.803041
1743504358.834429
1743504358.867158
1743504358.914607
1743504358.946521
1743504358.978222
1743504358.994486
1743504359.026560
1743504359.042546
1743504359.074325
1743504359.106915
1743504359.139040
1743504359.171189
1743504359.202549
1743504359.235019
1743504359.266800
1743504359.298970
1743504359.330078
1743504359.346462
1743504359.378478
1743504359.394583
1743504359.410631
1743504359.426705
1743504359.458707
1743504359.491064
1743504359.522554
1743504359.555261
1743504359.586917
1743504359.618999
1743504359.650338
1743504359.682995
1743504359.715013
1743504359.746600
1743504359.778104
1743504359.794598
1743504359.810691
1743504359.843033
1743504359.890664
1743504359.922893
1743504359.954621
1743504359.986903
1743504360.018596
1743504360.051055
1743504360.083321
1743504360.114943
1743504360.146286
1743504360.162612
1743504360.178835
1743504360.210995
1743504360.242029
1743504360.274722
1743504360.306777
1743504360.339140
1743504360.370336
1743504360.402986
1743504360.434944
1743504360.467068
1743504360.498469
1743504360.531119
1743504360.561444
1743504360.578650
1743504360.610127
1743504360.626388
1743504360.642515
1743504360.658597
1743504360.690546
1743504360.706683
1743504360.738842
1743504360.770934
1743504360.802763
1743504360.818853
1743504360.866500
1743504360.898756
1743504360.930153
1743504360.946592
1743504360.962641
1743504360.978687
1743504360.994720
1743504361.010770
1743504361.042644
1743504361.075050
1743504361.106323
1743504361.139184
1743504361.186832
1743504361.218733
1743504361.250278
1743504361.282815
1743504361.314680
1743504361.330653
1743504361.362463
1743504361.378726
1743504361.394595
1743504361.426669
1743504361.458346
1743504361.474417
1743504361.506910
1743504361.538692
1743504361.570166
1743504361.603172
1743504361.634875
1743504361.666830
1743504361.698377
1743504361.714476
1743504361.746804
1743504361.778558
1743504361.810271
1743504361.842933
1743504361.874698
1743504361.906764
1743504361.938163
1743504361.970714
1743504362.002897
1743504362.035105
1743504362.066284
1743504362.098860
1743504362.130559
1743504362.162767
1743504362.194000
1743504362.210398
1743504362.226495
1743504362.242515
1743504362.274250
1743504362.306725
1743504362.338936
1743504362.370797
1743504362.402431
1743504362.435009
1743504362.482839
1743504362.514416
1743504362.545944
1743504362.562341
1743504362.578565
1743504362.610596
1743504362.642042
1743504362.658323
1743504362.690731
1743504362.722971
1743504362.754454
1743504362.787058
1743504362.819182
1743504362.850662
1743504362.882049
1743504362.898273
1743504362.930317
1743504362.946253
1743504362.977995
1743504362.994535
1743504363.026547
1743504363.042519
1743504363.058679
1743504363.090519
1743504363.138774
1743504363.170784
1743504363.202728
1743504363.234918
1743504363.266635
1743504363.298783
1743504363.330341
1743504363.346300
1743504363.362419
1743504363.378638
1743504363.410715
1743504363.426606
1743504363.458379
1743504363.490770
1743504363.522836
1743504363.554788
1743504363.586134
1743504363.618728
1743504363.651027
1743504363.683010
1743504363.714546
1743504363.746657
1743504363.794270
1743504363.826394
1743504363.858042
1743504363.874126
1743504363.890252
1743504363.922885
1743504363.954213
1743504363.987088
1743504364.019206
1743504364.050865
1743504364.082337
1743504364.114752
1743504364.146205
1743504364.162196
1743504364.178355
1743504364.210543
1743504364.242658
1743504364.274741
1743504364.306194
1743504364.339127
1743504364.370852
1743504364.403050
1743504364.434230
1743504364.466745
1743504364.498649
1743504364.530582
1743504364.561936
1743504364.578249
1743504364.594339
1743504364.626933
1743504364.658175
1743504364.690752
1743504364.722975
1743504364.770511
1743504364.802060
1743504364.834998
1743504364.866765
1743504364.898881
1743504364.930074
1743504364.946488
1743504364.978645
1743504365.010478
1743504365.042176
1743504365.058528
1743504365.091144
1743504365.122807
1743504365.154115
1743504365.186925
1743504365.218687
1743504365.250920
1743504365.282068
1743504365.298318
1743504365.314448
1743504365.346613
1743504365.378058
1743504365.411061
1743504365.442324
1743504365.474624
1743504365.506061
1743504365.538788
1743504365.570883
1743504365.602965
1743504365.634193
1743504365.666841
1743504365.699108
1743504365.746136
1743504365.777847
1743504365.794375
1743504365.826514
1743504365.858514
1743504365.890156
1743504365.922825
1743504365.954692
1743504365.986845
1743504366.018395
1743504366.066695
1743504366.098567
1743504366.130257
1743504366.162125
1743504366.178370
1743504366.194458
1743504366.226698
1743504366.258049
1743504366.290657
1743504366.323348
1743504366.354946
1743504366.386087
1743504366.418882
1743504366.450509
1743504366.482837
1743504366.514071
1743504366.530197
1743504366.562525
1743504366.594637
1743504366.625979
1743504366.642432
1743504366.674925
1743504366.722514
1743504366.754148
1743504366.786683
1743504366.818712
1743504366.850706
1743504366.882106
1743504366.898302
1743504366.930506
1743504366.962522
1743504366.994046
1743504367.010445
1743504367.042677
1743504367.074617
1743504367.105991
1743504367.139042
1743504367.170676
1743504367.202890
1743504367.234097
1743504367.266765
1743504367.298777
1743504367.330621
1743504367.362078
1743504367.394364
1743504367.426203
1743504367.442104
1743504367.458560
1743504367.490611
1743504367.523129
1743504367.554521
1743504367.586167
1743504367.618830
1743504367.651017
1743504367.698545
1743504367.729733
1743504367.746086
1743504367.778141
1743504367.794219
1743504367.825808
1743504367.842326
1743504367.874538
1743504367.906626
1743504367.938196
1743504367.970959
1743504368.018515
1743504368.050440
1743504368.081917
1743504368.098111
1743504368.114237
1743504368.146419
1743504368.177842
1743504368.194409
1743504368.226461
1743504368.242378
1743504368.258505
1743504368.290666
1743504368.338595
1743504368.370556
1743504368.401931
1743504368.434634
1743504368.466902
1743504368.498609
1743504368.529750
1743504368.546228
1743504368.578281
1743504368.594392
1743504368.626064
1743504368.642372
1743504368.674551
1743504368.706888
1743504368.738113
1743504368.770810
1743504368.802691
1743504368.834892
1743504368.866109
1743504368.898735
1743504368.930453
1743504368.962370
1743504368.994009
1743504369.010110
1743504369.026163
1743504369.058308
1743504369.090011
1743504369.122663
1743504369.154669
1743504369.186645
1743504369.217992
1743504369.251130
1743504369.282784
1743504369.314706
1743504369.345745
1743504369.362080
1743504369.394147
1743504369.410272
1743504369.441833
1743504369.458013
1743504369.474068
1743504369.506512
1743504369.538027
1743504369.570755
1743504369.602791
1743504369.650356
1743504369.681866
1743504369.698031
1743504369.730375
1743504369.762414
1743504369.793820
1743504369.810221
1743504369.842351
1743504369.874796
1743504369.906032
1743504369.939021
1743504369.971149
1743504370.002609
1743504370.034008
1743504370.066727
1743504370.098637
1743504370.130372
1743504370.161777
1743504370.178140
1743504370.194262
1743504370.210295
1743504370.226426
1743504370.258656
1743504370.290839
1743504370.322469
1743504370.353889
1743504370.386662
1743504370.418511
1743504370.450548
1743504370.481996
1743504370.498290
1743504370.530555
1743504370.562547
1743504370.594485
1743504370.626608
1743504370.658382
1743504370.690641
1743504370.722767
1743504370.754666
1743504370.785990
1743504370.818731
1743504370.850485
1743504370.882734
1743504370.914126
1743504370.946834
1743504370.978140
1743504371.010251
1743504371.041722
1743504371.057951
1743504371.090426
1743504371.122660
1743504371.153954
1743504371.170263
1743504371.202996
1743504371.234719
1743504371.265984
1743504371.298594
1743504371.330270
1743504371.362279
1743504371.393815
1743504371.410148
1743504371.442236
1743504371.458128
1743504371.489965
1743504371.522619
1743504371.555001
1743504371.602490
1743504371.633843
1743504371.666661
1743504371.698575
1743504371.730088
1743504371.761695
1743504371.778126
1743504371.794280
1743504371.826333
1743504371.842330
1743504371.858504
1743504371.890575
1743504371.922778
1743504371.953819
1743504371.986564
1743504372.018537
1743504372.050531
1743504372.081912
1743504372.098106
1743504372.130179
1743504372.162427
1743504372.193967
1743504372.210324
1743504372.242688
1743504372.274348
1743504372.305893
1743504372.338444
1743504372.370568
1743504372.402702
1743504372.433946
1743504372.466594
1743504372.498613
1743504372.530311
1743504372.577891
1743504372.594021
1743504372.610125
1743504372.642096
1743504372.673757
1743504372.689953
1743504372.706130
1743504372.738696
1743504372.769963
1743504372.802710
1743504372.834833
1743504372.866728
1743504372.897934
1743504372.913970
1743504372.945964
1743504372.978048
1743504373.009662
1743504373.026022
1743504373.058200
1743504373.090539
1743504373.121985
1743504373.154885
1743504373.186990
1743504373.218916
1743504373.249770
1743504373.282558
1743504373.314406
1743504373.346026
1743504373.377685
1743504373.394080
1743504373.410227
1743504373.442400
1743504373.458095
1743504373.474284
1743504373.506632
1743504373.554401
1743504373.585796
1743504373.618541
1743504373.650606
1743504373.682509
1743504373.713903
1743504373.730017
1743504373.762064
1743504373.778236
1743504373.794386
1743504373.826425
1743504373.874055
1743504373.906338
1743504373.937771
1743504373.953778
1743504373.970012
1743504374.002533
1743504374.033834
1743504374.066509
1743504374.098627
1743504374.130414
1743504374.161781
1743504374.194495
1743504374.225932
1743504374.241861
1743504374.258024
1743504374.290399
1743504374.322470
1743504374.354680
1743504374.385893
1743504374.418537
1743504374.450544
1743504374.483004
1743504374.530589
1743504374.562271
1743504374.594069
1743504374.609993
1743504374.626049
1743504374.658466
1743504374.690238
1743504374.722527
1743504374.753901
1743504374.786817
1743504374.818421
1743504374.850873
1743504374.881918
1743504374.913917
1743504374.945897
1743504374.962010
1743504374.993844
1743504375.010063
1743504375.026130
1743504375.042090
1743504375.073851
1743504375.089845
1743504375.106115
1743504375.138806
1743504375.169970
1743504375.202386
1743504375.234488
1743504375.266318
1743504375.297757
1743504375.313905
1743504375.346261
1743504375.377895
1743504375.394125
1743504375.426311
1743504375.458438
1743504375.473931
1743504375.505946
1743504375.538733
1743504375.570323
1743504375.602375
1743504375.633744
1743504375.666314
1743504375.698510
1743504375.730263
1743504375.761687
1743504375.778101
1743504375.794403
1743504375.826331
1743504375.857698
1743504375.873731
1743504375.906198
1743504375.938343
1743504375.969802
1743504376.002480
1743504376.034308
1743504376.066620
1743504376.097974
1743504376.145923
1743504376.177799
1743504376.193939
1743504376.225574
1743504376.242051
1743504376.274576
1743504376.306263
1743504376.337822
1743504376.353800
1743504376.386563
1743504376.418494
1743504376.450057
1743504376.482841
1743504376.514256
1743504376.546169
1743504376.577489
1743504376.594010
1743504376.626031
1743504376.658254
1743504376.689785
1743504376.722635
1743504376.754461
1743504376.802263
1743504376.833601
1743504376.866454
1743504376.898363
1743504376.929927
1743504376.961554
1743504376.978178
1743504377.010315
1743504377.042409
1743504377.073932
1743504377.089863
1743504377.122648
1743504377.154341
1743504377.185675
1743504377.201640
1743504377.217769
1743504377.233879
1743504377.265850
1743504377.298397
1743504377.329977
1743504377.362137
1743504377.393788
1743504377.410218
1743504377.457937
1743504377.490250
1743504377.521707
1743504377.554491
1743504377.586145
1743504377.618347
1743504377.649785
1743504377.682407
1743504377.714539
1743504377.746113
1743504377.777638
1743504377.794033
1743504377.826256
1743504377.858200
1743504377.890448
1743504377.922465
1743504377.954474
1743504377.986685
1743504378.018449
1743504378.050524
1743504378.098278
1743504378.129735
1743504378.145731
1743504378.161815
1743504378.193596
1743504378.209898
1743504378.226024
1743504378.258316
1743504378.289718
1743504378.322398
1743504378.354425
1743504378.386511
1743504378.434274
1743504378.466584
1743504378.498499
1743504378.529867
1743504378.545940
1743504378.577915
1743504378.594032
1743504378.626222
1743504378.657883
1743504378.690222
1743504378.722449
1743504378.754699
1743504378.785790
1743504378.818442
1743504378.850344
1743504378.882505
1743504378.913742
1743504378.929821
1743504378.945953
1743504378.978119
1743504379.009669
1743504379.026004
1743504379.042087
1743504379.074314
1743504379.105528
1743504379.138261
1743504379.170313
1743504379.202257
1743504379.233860
1743504379.266390
1743504379.298349
1743504379.330030
1743504379.361654
1743504379.378041
1743504379.410449
1743504379.441842
1743504379.473561
1743504379.506129
1743504379.521561
1743504379.537808
1743504379.553962
1743504379.586371
1743504379.618466
1743504379.650901
1743504379.681860
1743504379.698090
1743504379.730353
1743504379.761828
1743504379.793516
1743504379.809849
1743504379.841869
1743504379.874184
1743504379.905650
1743504379.938464
1743504379.970556
1743504380.002545
1743504380.049931
1743504380.082527
1743504380.114087
1743504380.145708
1743504380.177461
1743504380.194048
1743504380.226102
1743504380.258426
1743504380.289729
1743504380.322447
1743504380.354422
1743504380.386279
1743504380.417572
1743504380.450317
1743504380.482292
1743504380.514136
1743504380.545406
1743504380.561827
1743504380.594027
1743504380.625966
1743504380.657702
1743504380.673766
1743504380.706507
1743504380.738446
1743504380.769549
1743504380.802329
1743504380.834263
1743504380.866197
1743504380.897612
1743504380.913753
1743504380.946194
1743504380.978136
1743504380.994221
1743504381.026485
1743504381.058303
1743504381.090019
1743504381.121618
1743504381.154426
1743504381.186370
1743504381.218354
1743504381.249676
1743504381.282453
1743504381.314361
1743504381.361898
1743504381.393390
1743504381.409893
1743504381.441951
1743504381.474311
1743504381.505988
1743504381.521677
1743504381.538097
1743504381.570551
1743504381.601723
1743504381.634499
1743504381.682058
1743504381.714163
1743504381.745347
1743504381.761725
1743504381.777842
1743504381.793935
1743504381.825478
1743504381.841776
1743504381.857879
1743504381.890200
1743504381.921725
1743504381.937693
1743504381.970734
1743504382.002315
1743504382.032924
1743504382.049794
1743504382.065890
1743504382.098190
1743504382.129402
1743504382.145708
1743504382.161893
1743504382.194003
1743504382.225495
1743504382.241886
1743504382.274145
1743504382.306521
1743504382.337607
1743504382.370509
1743504382.402201
1743504382.434438
1743504382.465622
1743504382.498227
1743504382.530101
1743504382.561858
1743504382.577931
1743504382.594194
1743504382.626133
1743504382.658425
1743504382.689417
1743504382.722216
1743504382.754054
1743504382.786276
1743504382.817599
1743504382.850147
1743504382.882275
1743504382.914171
1743504382.945531
1743504382.978514
1743504383.010030
1743504383.041693
1743504383.073477
1743504383.106131
1743504383.138175
1743504383.170088
1743504383.201818
1743504383.234387
1743504383.266606
1743504383.314067
1743504383.345239
1743504383.361566
1743504383.377883
1743504383.393821
1743504383.425383
1743504383.441685
1743504383.457841
1743504383.490340
1743504383.521607
1743504383.537595
1743504383.553791
1743504383.569870
1743504383.601878
1743504383.634389
1743504383.666232
1743504383.698372
1743504383.729505
1743504383.745733
1743504383.778078
1743504383.809852
1743504383.841547
1743504383.857697
1743504383.873778
1743504383.889947
1743504383.921867
1743504383.954529
1743504383.986186
1743504384.018196
1743504384.049532
1743504384.082104
1743504384.113738
1743504384.145698
1743504384.177337
1743504384.194026
1743504384.225993
1743504384.258147
1743504384.289619
1743504384.322131
1743504384.353974
1743504384.386165
1743504384.417558
1743504384.450223
1743504384.482239
1743504384.514252
1743504384.545433
1743504384.561829
1743504384.609806
1743504384.641824
1743504384.673381
1743504384.706084
1743504384.738134
1743504384.770222
1743504384.801651
1743504384.834140
1743504384.866457
1743504384.898301
1743504384.929412
1743504384.945598
1743504384.977670
1743504384.993707
1743504385.025555
1743504385.041831
1743504385.058074
1743504385.090284
1743504385.122234
1743504385.154137
1743504385.186591
1743504385.218473
1743504385.265951
1743504385.298115
1743504385.329272
1743504385.345601
1743504385.377647
1743504385.393906
1743504385.425384
1743504385.441697
1743504385.473944
1743504385.506324
1743504385.537775
1743504385.553598
1743504385.586364
1743504385.618351
1743504385.649424
1743504385.682201
1743504385.713992
1743504385.745649
1743504385.777273
1743504385.793780
1743504385.826118
1743504385.858093
1743504385.905942
1743504385.938012
1743504385.969992
1743504386.002218
1743504386.033490
1743504386.066218
1743504386.098108
1743504386.129685
1743504386.161472
1743504386.177861
1743504386.193993
1743504386.241609
1743504386.273316
1743504386.305956
1743504386.338323
1743504386.370226
1743504386.401585
1743504386.434041
1743504386.466139
1743504386.498259
1743504386.529574
1743504386.562329
1743504386.593787
1743504386.625625
1743504386.657341
1743504386.690019
1743504386.722292
1743504386.754081
1743504386.785527
1743504386.818610
1743504386.850502
1743504386.882392
1743504386.913295
1743504386.929499
1743504386.961906
1743504386.993620
1743504387.025428
1743504387.041744
1743504387.073955
1743504387.106098
1743504387.137562
1743504387.170231
1743504387.218035
1743504387.250114
1743504387.281292
1743504387.297488
1743504387.330010
1743504387.361608
1743504387.393305
1743504387.409604
1743504387.441892
1743504387.474105
1743504387.505671
1743504387.538210
1743504387.570083
1743504387.602153
1743504387.633332
1743504387.666254
1743504387.698151
1743504387.729808
1743504387.761227
1743504387.777711
1743504387.793847
1743504387.809865
1743504387.857784
1743504387.889913
1743504387.922024
1743504387.954146
1743504387.985439
1743504388.018361
1743504388.050008
1743504388.082411
1743504388.113654
1743504388.129745
1743504388.161907
1743504388.194186
1743504388.225140
1743504388.241505
1743504388.257636
1743504388.290107
1743504388.321444
1743504388.354141
1743504388.386284
1743504388.418112
1743504388.449729
1743504388.482334
1743504388.514225
1743504388.545682
1743504388.577126
1743504388.593542
1743504388.625851
1743504388.657863
1743504388.689403
1743504388.722088
1743504388.754537
1743504388.786090
1743504388.833971
1743504388.865868
1743504388.898011
1743504388.929616
1743504388.961264
1743504388.977622
1743504388.993727
1743504389.025648
1743504389.057415
1743504389.090018
1743504389.122144
1743504389.169904
1743504389.201357
1743504389.233864
1743504389.266020
1743504389.297979
1743504389.329168
1743504389.345597
1743504389.377650
1743504389.393753
1743504389.425428
1743504389.441709
1743504389.457906
1743504389.489929
1743504389.521336
1743504389.554081
1743504389.585934
1743504389.617950
1743504389.649396
1743504389.682032
1743504389.714229
1743504389.746072
1743504389.777392
1743504389.810301
1743504389.841603
1743504389.873842
1743504389.905329
1743504389.937916
1743504389.970051
1743504390.002098
1743504390.033403
1743504390.066187
1743504390.098228
1743504390.145513
1743504390.177096
1743504390.193536
1743504390.225714
1743504390.257811
1743504390.289381
1743504390.322050
1743504390.354029
1743504390.386087
1743504390.417568
1743504390.465841
1743504390.497840
1743504390.529431
1743504390.561103
1743504390.577448
1743504390.593639
1743504390.625776
1743504390.657291
1743504390.689910
1743504390.722052
1743504390.754094
1743504390.785278
1743504390.818010
1743504390.850031
1743504390.882187
1743504390.913252
1743504390.929509
1743504390.961462
1743504390.977500
1743504390.993727
1743504391.025776
1743504391.057905
1743504391.090024
1743504391.121356
1743504391.154005
1743504391.185941
1743504391.217860
1743504391.249364
1743504391.282054
1743504391.313904
1743504391.345766
1743504391.377632
1743504391.393668
1743504391.409689
1743504391.442134
1743504391.473161
1743504391.505858
1743504391.537953
1743504391.570001
1743504391.601335
1743504391.634053
1743504391.666011
1743504391.698095
1743504391.729190
1743504391.762016
1743504391.793424
1743504391.825359
1743504391.857196
1743504391.889717
1743504391.921926
1743504391.953654
1743504391.985347
1743504392.001347
1743504392.017479
1743504392.033580
1743504392.049654
1743504392.097768
1743504392.129375
1743504392.161519
1743504392.193082
1743504392.209461
1743504392.225616
1743504392.257745
1743504392.289321
1743504392.321974
1743504392.354300
1743504392.386138
1743504392.417370
1743504392.450174
1743504392.481823
1743504392.513889
1743504392.545116
1743504392.561608
1743504392.593885
1743504392.625868
1743504392.657699
1743504392.689944
1743504392.737827
1743504392.769785
1743504392.802006
1743504392.833701
1743504392.865266
1743504392.897894
1743504392.929458
1743504392.961742
1743504392.993292
1743504393.009615
1743504393.025779
1743504393.073322
1743504393.105118
1743504393.137665
1743504393.169862
1743504393.202114
1743504393.233229
1743504393.266306
1743504393.298109
1743504393.329819
1743504393.361284
1743504393.394052
1743504393.425757
1743504393.457781
1743504393.489127
1743504393.521931
1743504393.554014
1743504393.585776
1743504393.617244
1743504393.649987
1743504393.682050
1743504393.714193
1743504393.744981
1743504393.761474
1743504393.777598
1743504393.809748
1743504393.841059
1743504393.857244
1743504393.889768
1743504393.921994
1743504393.953321
1743504393.986222
1743504394.018317
1743504394.050233
1743504394.081134
1743504394.113638
1743504394.145377
1743504394.161350
1743504394.177551
1743504394.209598
1743504394.241740
1743504394.273718
1743504394.305351
1743504394.338038
1743504394.370127
1743504394.401926
1743504394.433151
1743504394.465645
1743504394.497883
1743504394.529525
1743504394.561042
1743504394.577538
1743504394.593623
1743504394.625806
1743504394.657264
1743504394.690128
1743504394.721892
1743504394.753826
1743504394.785240
1743504394.817821
1743504394.849904
1743504394.882005
1743504394.913274
1743504394.929406
1743504394.945554
1743504394.977773
1743504395.025297
1743504395.041301
1743504395.057347
1743504395.089609
1743504395.121227
1743504395.153885
1743504395.185956
1743504395.217857
1743504395.249360
1743504395.282092
1743504395.313973
1743504395.345907
1743504395.376931
1743504395.393391
1743504395.425545
1743504395.457764
1743504395.489305
1743504395.521878
1743504395.553947
1743504395.585850
1743504395.601442
1743504395.634191
1743504395.666159
1743504395.697891
1743504395.729067
1743504395.745245
1743504395.761358
1743504395.777372
1743504395.793565
1743504395.825812
1743504395.857764
1743504395.889668
1743504395.921338
1743504395.954026
1743504396.001136
1743504396.034309
1743504396.065192
1743504396.097065
1743504396.113408
1743504396.145474
1743504396.177128
1743504396.193519
1743504396.225825
1743504396.257588
1743504396.289474
1743504396.322102
1743504396.353794
1743504396.385804
1743504396.417210
1743504396.449949
1743504396.482063
1743504396.513658
1743504396.545038
1743504396.561470
1743504396.593774
1743504396.641191
1743504396.672969
1743504396.705834
1743504396.738126
1743504396.769715
1743504396.801245
1743504396.833935
1743504396.865959
1743504396.898141
1743504396.929302
1743504396.945451
1743504396.977904
1743504397.009152
1743504397.040906
1743504397.057103
1743504397.073463
1743504397.105687
1743504397.137170
1743504397.169863
1743504397.202193
1743504397.233909
1743504397.265447
1743504397.298316
1743504397.329765
1743504397.361505
1743504397.393030
1743504397.409301
1743504397.425448
1743504397.441452
1743504397.473111
1743504397.505852
1743504397.538029
1743504397.569899
1743504397.617857
1743504397.649563
1743504397.681636
1743504397.713714
1743504397.744945
1743504397.761223
1743504397.777420
1743504397.809759
1743504397.841038
1743504397.857262
1743504397.873474
1743504397.905817
1743504397.953642
1743504397.985747
1743504398.017714
1743504398.049871
1743504398.081097
1743504398.097215
1743504398.113489
1743504398.145333
1743504398.176971
1743504398.193501
1743504398.225839
1743504398.273236
1743504398.305128
1743504398.336630
1743504398.353077
1743504398.385764
1743504398.417242
1743504398.449726
1743504398.481721
1743504398.513884
1743504398.544986
1743504398.561392
1743504398.593801
1743504398.625512
1743504398.656972
1743504398.673037
1743504398.689120
1743504398.705159
1743504398.737232
1743504398.769704
1743504398.802110
1743504398.833790
1743504398.865287
1743504398.898068
1743504398.929867
1743504398.961162
1743504398.992833
1743504399.009208
1743504399.041542
1743504399.073624
1743504399.105110
1743504399.137860
1743504399.169771
1743504399.202050
1743504399.249712
1743504399.281600
1743504399.313101
1743504399.329104
1743504399.345190
1743504399.361191
1743504399.377281
1743504399.393442
1743504399.424955
1743504399.441345
1743504399.473866
1743504399.505700
1743504399.537351
1743504399.570039
1743504399.601745
1743504399.633619
1743504399.665267
1743504399.697723
1743504399.729487
1743504399.761346
1743504399.777496
1743504399.809630
1743504399.841522
1743504399.873765
1743504399.905035
1743504399.936990
1743504399.969711
1743504400.001811
1743504400.033980
1743504400.065691
1743504400.097519
1743504400.129474
1743504400.161410
1743504400.177406
1743504400.193670
1743504400.225640
1743504400.257461
1743504400.289439
1743504400.321032
1743504400.353546
1743504400.385868
1743504400.417893
1743504400.449074
1743504400.482073
1743504400.513776
1743504400.545930
1743504400.576757
1743504400.593160
1743504400.625223
1743504400.657446
1743504400.689113
1743504400.705075
1743504400.737806
1743504400.769735
1743504400.801243
1743504400.833963
1743504400.881513
1743504400.913555
1743504400.944724
1743504400.961137
1743504400.993584
1743504401.025268
1743504401.057013
1743504401.089910
1743504401.121782
1743504401.153860
1743504401.201734
1743504401.233487
1743504401.265689
1743504401.297761
1743504401.328759
1743504401.345334
1743504401.377278
1743504401.393357
1743504401.424991
1743504401.441296
1743504401.457607
1743504401.489809
1743504401.521089
1743504401.553726
1743504401.585594
1743504401.617681
1743504401.648970
1743504401.664839
1743504401.681157
1743504401.713385
1743504401.744806
1743504401.761216
1743504401.793723
1743504401.825499
1743504401.857067
1743504401.889440
1743504401.921698
1743504401.953485
1743504401.984878
1743504402.017725
1743504402.049854
1743504402.081818
1743504402.113192
1743504402.129315
1743504402.177200
1743504402.209234
1743504402.240715
1743504402.257008
1743504402.273250
1743504402.305509
1743504402.337002
1743504402.369837
1743504402.401844
1743504402.433665
1743504402.465125
1743504402.497811
1743504402.529175
1743504402.560911
1743504402.592808
1743504402.609173
1743504402.641452
1743504402.673640
1743504402.705099
1743504402.737805
1743504402.770017
1743504402.801839
1743504402.832965
1743504402.864837
1743504402.897673
1743504402.929158
1743504402.960739
1743504402.977127
1743504402.993262
1743504403.025378
1743504403.056980
1743504403.089907
1743504403.121754
1743504403.153702
1743504403.185010
1743504403.217660
1743504403.249669
1743504403.281461
1743504403.312986
1743504403.345477
1743504403.377349
1743504403.409394
1743504403.440985
1743504403.473985
1743504403.505407
1743504403.537365
1743504403.568796
1743504403.601781
1743504403.633793
1743504403.665779
1743504403.697026
1743504403.713242
1743504403.745496
1743504403.777498
1743504403.809063
1743504403.841106
1743504403.873376
1743504403.905388
1743504403.936926
1743504403.953094
1743504403.985609
1743504404.017592
1743504404.049078
1743504404.081996
1743504404.129456
1743504404.160984
1743504404.192684
1743504404.209024
1743504404.241217
1743504404.273538
1743504404.304905
1743504404.337918
1743504404.369683
1743504404.402006
1743504404.449363
1743504404.481423
1743504404.513501
1743504404.545219
1743504404.576691
1743504404.593227
1743504404.625111
1743504404.641084
1743504404.672930
1743504404.689328
1743504404.721879
1743504404.754135
1743504404.785006
1743504404.817408
1743504404.849585
1743504404.881405
1743504404.912927
1743504404.928979
1743504404.961107
1743504404.993243
1743504405.024893
1743504405.041298
1743504405.057442
1743504405.105404
1743504405.136809
1743504405.169473
1743504405.201569
1743504405.233471
1743504405.265004
1743504405.297602
1743504405.329234
1743504405.361340
1743504405.392857
1743504405.425535
1743504405.457278
1743504405.489518
1743504405.520898
1743504405.553489
1743504405.585533
1743504405.617526
1743504405.648946
1743504405.681682
1743504405.697160
1743504405.729434
1743504405.760867
1743504405.777082
1743504405.809278
1743504405.841206
1743504405.872768
1743504405.905270
1743504405.937428
1743504405.969536
1743504406.001151
1743504406.033699
1743504406.081379
1743504406.113439
1743504406.144560
1743504406.160952
1743504406.176999
1743504406.193142
1743504406.224719
1743504406.241029
1743504406.257211
1743504406.289517
1743504406.321026
1743504406.353656
1743504406.401384
1743504406.433354
1743504406.464785
1743504406.497535
1743504406.529021
1743504406.561278
1743504406.592697
1743504406.609056
1743504406.641495
1743504406.673473
1743504406.704978
1743504406.737653
1743504406.769569
1743504406.801534
1743504406.832758
1743504406.865529
1743504406.897538
1743504406.929100
1743504406.960697
1743504406.977183
1743504406.993365
1743504407.025319
1743504407.056863
1743504407.089267
1743504407.121474
1743504407.153507
1743504407.184810
1743504407.200890
1743504407.216920
1743504407.233130
1743504407.264976
1743504407.297585
1743504407.329362
1743504407.376905
1743504407.408551
1743504407.425097
1743504407.457530
1743504407.489401
1743504407.521518
1743504407.553602
1743504407.585615
1743504407.617731
1743504407.649597
1743504407.681537
1743504407.712853
1743504407.728945
1743504407.760900
1743504407.776850
1743504407.793135
1743504407.825280
1743504407.857214
1743504407.889405
1743504407.920840
1743504407.953521
1743504407.985562
1743504408.033360
1743504408.064635
1743504408.097681
1743504408.128934
1743504408.144977
1743504408.176603
1743504408.193141
1743504408.225239
1743504408.257187
1743504408.289012
1743504408.321798
1743504408.353444
1743504408.385258
1743504408.416663
1743504408.449455
1743504408.481476
1743504408.513239
1743504408.544578
1743504408.561027
1743504408.593357
1743504408.625223
1743504408.656907
1743504408.689857
1743504408.721332
1743504408.753414
1743504408.784798
1743504408.817878
1743504408.849478
1743504408.881400
1743504408.912849
1743504408.928948
1743504408.945122
1743504408.961169
1743504409.008887
1743504409.024900
1743504409.040958
1743504409.057147
1743504409.088740
1743504409.121488
1743504409.153450
1743504409.185268
1743504409.216794
1743504409.249599
1743504409.281534
1743504409.329402
1743504409.360495
1743504409.376798
1743504409.393013
1743504409.409000
1743504409.440635
1743504409.456719
1743504409.472866
1743504409.488854
1743504409.520794
1743504409.553520
1743504409.585460
1743504409.617634
1743504409.665221
1743504409.697468
1743504409.729041
1743504409.744842
1743504409.760928
1743504409.793095
1743504409.824971
1743504409.840942
1743504409.857060
1743504409.889286
1743504409.921444
1743504409.953713
1743504409.984835
1743504410.017240
1743504410.049286
1743504410.081389
1743504410.112770
1743504410.129008
1743504410.161117
1743504410.193097
1743504410.224695
1743504410.241214
1743504410.273498
1743504410.305379
1743504410.336601
1743504410.369444
1743504410.401537
1743504410.433496
1743504410.464767
1743504410.497350
1743504410.529169
1743504410.561195
1743504410.592748
1743504410.609098
1743504410.641736
1743504410.673278
1743504410.704631
1743504410.737389
1743504410.769305
1743504410.801357
1743504410.832756
1743504410.865768
1743504410.897379
1743504410.929187
1743504410.960684
1743504410.993126
1743504411.024942
1743504411.057015
1743504411.088613
1743504411.121430
1743504411.153393
1743504411.185186
1743504411.216866
1743504411.249863
1743504411.281350
1743504411.313525
1743504411.344411
1743504411.360770
1743504411.376969
1743504411.392947
1743504411.424565
1743504411.440901
1743504411.473344
1743504411.505201
1743504411.536734
1743504411.569468
1743504411.617280
1743504411.649191
1743504411.680622
1743504411.696796
1743504411.728784
1743504411.744747
1743504411.760867
1743504411.793135
1743504411.824840
1743504411.840985
1743504411.857170
1743504411.889436
1743504411.921453
1743504411.953267
1743504411.984563
1743504412.017284
1743504412.049375
1743504412.081388
1743504412.112662
1743504412.128802
1743504412.144914
1743504412.177292
1743504412.208697
1743504412.225042
1743504412.257494
1743504412.289079
1743504412.320716
1743504412.353273
1743504412.385162
1743504412.417528
1743504412.448605
1743504412.481410
1743504412.513589
1743504412.545149
1743504412.592882
1743504412.624952
1743504412.657077
1743504412.689107
1743504412.720697
1743504412.753297
1743504412.785354
1743504412.817328
1743504412.848721
1743504412.881441
1743504412.929088
1743504412.960715
1743504412.992419
1743504413.008819
1743504413.041317
1743504413.073258
1743504413.104668
1743504413.137416
1743504413.169239
1743504413.201701
1743504413.232584
1743504413.265271
1743504413.297214
1743504413.328704
1743504413.360393
1743504413.376841
1743504413.392961
1743504413.424954
1743504413.441075
1743504413.473203
1743504413.505405
1743504413.537483
1743504413.568734
1743504413.601245
1743504413.633295
1743504413.665264
1743504413.696510
1743504413.712735
1743504413.728851
1743504413.761085
1743504413.776890
1743504413.793038
1743504413.809150
1743504413.841070
1743504413.888723
1743504413.921055
1743504413.953176
1743504413.985484
1743504414.016623
1743504414.049421
1743504414.081258
1743504414.113304
1743504414.144526
1743504414.160938
1743504414.177052
1743504414.209349
1743504414.240427
1743504414.273062
1743504414.305012
1743504414.336960
1743504414.368499
1743504414.401553
1743504414.433294
1743504414.465239
1743504414.496740
1743504414.544792
1743504414.576709
1743504414.592770
1743504414.624357
1743504414.640642
1743504414.656838
1743504414.689056
1743504414.720626
1743504414.736748
1743504414.753125
1743504414.785533
1743504414.817397
1743504414.849361
1743504414.881657
1743504414.913154
1743504414.944682
1743504414.960615
1743504414.976781
1743504414.992942
1743504415.025077
1743504415.056987
1743504415.088589
1743504415.121239
1743504415.153423
1743504415.185395
1743504415.216531
1743504415.249202
1743504415.281198
1743504415.313098
1743504415.344414
1743504415.360847
1743504415.376955
1743504415.393031
1743504415.424536
1743504415.441075
1743504415.473274
1743504415.520903
1743504415.552492
1743504415.585259
1743504415.617265
1743504415.649139
1743504415.680739
1743504415.712908
1743504415.744981
1743504415.777004
1743504415.793006
1743504415.840638
1743504415.872760
1743504415.905133
1743504415.936437
1743504415.952663
1743504415.985398
1743504416.017274
1743504416.048535
1743504416.064577
1743504416.080717
1743504416.096841
1743504416.128536
1743504416.161384
1743504416.192814
1743504416.224823
1743504416.256532
1743504416.289103
1743504416.321367
1743504416.353491
1743504416.384574
1743504416.417351
1743504416.449171
1743504416.497213
1743504416.528276
1743504416.544639
1743504416.577107
1743504416.608734
1743504416.640349
1743504416.656620
1743504416.689194
1743504416.721530
1743504416.752707
1743504416.785408
1743504416.817582
1743504416.849078
1743504416.880729
1743504416.912850
1743504416.944909
1743504416.976672
1743504417.008359
1743504417.024816
1743504417.057040
1743504417.089442
1743504417.137049
1743504417.169286
1743504417.201555
1743504417.233154
1743504417.264497
1743504417.297256
1743504417.328919
1743504417.360976
1743504417.392538
1743504417.408833
1743504417.441231
1743504417.473432
1743504417.504450
1743504417.537301
1743504417.569070
1743504417.601172
1743504417.632525
1743504417.665230
1743504417.697140
1743504417.729112
1743504417.760532
1743504417.776897
1743504417.809393
1743504417.840851
1743504417.872331
1743504417.904868
1743504417.936944
1743504417.969266
1743504418.000579
1743504418.033198
1743504418.065345
1743504418.112822
1743504418.144205
1743504418.160573
1743504418.192900
1743504418.224772
1743504418.256493
1743504418.289090
1743504418.321289
1743504418.353267
1743504418.384546
1743504418.417295
1743504418.449038
1743504418.480945
1743504418.512417
1743504418.528562
1743504418.560637
1743504418.576663
1743504418.592872
1743504418.625021
1743504418.657104
1743504418.689167
1743504418.720667
1743504418.753293
1743504418.785298
1743504418.817064
1743504418.848640
1743504418.881303
1743504418.913172
1743504418.944618
1743504418.960762
1743504418.992972
1743504419.024919
1743504419.057225
1743504419.088423
1743504419.121063
1743504419.152909
1743504419.185243
1743504419.216339
1743504419.232357
1743504419.248747
1743504419.281183
1743504419.312467
1743504419.328669
1743504419.360893
1743504419.376862
1743504419.393016
1743504419.425096
1743504419.456902
1743504419.488912
1743504419.520477
1743504419.553048
1743504419.585073
1743504419.617337
1743504419.648555
1743504419.681495
1743504419.713208
1743504419.760677
1743504419.792215
1743504419.808643
1743504419.824677
1743504419.840617
1743504419.856776
1743504419.889062
1743504419.921172
1743504419.952947
1743504419.984658
1743504420.017797
1743504420.064843
1743504420.097022
1743504420.128132
1743504420.144649
1743504420.176664
1743504420.192721
1743504420.224250
1743504420.240605
1743504420.256751
1743504420.289104
1743504420.320590
1743504420.352571
1743504420.400885
1743504420.432950
1743504420.464401
1743504420.497005
1743504420.528808
1743504420.560495
1743504420.576732
1743504420.608779
1743504420.640623
1743504420.656839
1743504420.688574
1743504420.737002
1743504420.769000
1743504420.801034
1743504420.832363
1743504420.865136
1743504420.897003
1743504420.928730
1743504420.960270
1743504420.976755
1743504420.992818
1743504421.008796
1743504421.040503
1743504421.072885
1743504421.104840
1743504421.137163
1743504421.168420
1743504421.201209
1743504421.233052
1743504421.265049
1743504421.295676
1743504421.311797
1743504421.328891
1743504421.344858
1743504421.376465
1743504421.392734
1743504421.424729
1743504421.440689
1743504421.472202
1743504421.488382
1743504421.520991
1743504421.553155
1743504421.584419
1743504421.617145
1743504421.649245
1743504421.681271
1743504421.712405
1743504421.744480
1743504421.776439
1743504421.792682
1743504421.824286
1743504421.840582
1743504421.856572
1743504421.872608
1743504421.904417
1743504421.937379
1743504421.969324
1743504422.017160
1743504422.048327
1743504422.080367
1743504422.096697
1743504422.128598
1743504422.160687
1743504422.192803
1743504422.224652
1743504422.240587
1743504422.256793
1743504422.289354
1743504422.320656
1743504422.353097
1743504422.384821
1743504422.416995
1743504422.448518
1743504422.481005
1743504422.513006
1743504422.544721
1743504422.576167
1743504422.592760
1743504422.625049
1743504422.656965
1743504422.688432
1743504422.721041
1743504422.752862
1743504422.784860
1743504422.816327
1743504422.848858
1743504422.880990
1743504422.913181
1743504422.944265
1743504422.960632
1743504422.993095
1743504423.024445
1743504423.056231
1743504423.072368
1743504423.104729
1743504423.136973
1743504423.168514
1743504423.201123
1743504423.233000
1743504423.265016
1743504423.296477
1743504423.329201
1743504423.360533
1743504423.392390
1743504423.424099
1743504423.440458
1743504423.456679
1743504423.489112
1743504423.520401
1743504423.553058
1743504423.585153
1743504423.617087
1743504423.664952
1743504423.696913
1743504423.728595
1743504423.760677
1743504423.792170
1743504423.808542
1743504423.840730
1743504423.856606
1743504423.872479
1743504423.888549
1743504423.904659
1743504423.920675
1743504423.936934
1743504423.969523
1743504424.000927
1743504424.032785
1743504424.064358
1743504424.080418
1743504424.096400
1743504424.112589
1743504424.128490
1743504424.144460
1743504424.160498
1743504424.176556
1743504424.192654
1743504424.208658
1743504424.224768
1743504424.240757
1743504424.256772
1743504424.272719
1743504424.305421
1743504424.336811
1743504424.352390
1743504424.368454
1743504424.384512
1743504424.400517
1743504424.416461
1743504424.432535
1743504424.448458
1743504424.464459
1743504424.480483
1743504424.496508
1743504424.512603
1743504424.528552
1743504424.544592
1743504424.560687
1743504424.576707
1743504424.592854
1743504424.608769
1743504424.641166
1743504424.672667
1743504424.688086
1743504424.704441
1743504424.720476
1743504424.736655
1743504424.752424
1743504424.768584
1743504424.784478
1743504424.800627
1743504424.816433
1743504424.832583
1743504424.848573
1743504424.864586
1743504424.880590
1743504424.896671
1743504424.912671
1743504424.945336
1743504424.976761
1743504424.992499
1743504425.008512
1743504425.024470
1743504425.040445
1743504425.056477
1743504425.072440
1743504425.088572
1743504425.104412
1743504425.120431
1743504425.136532
1743504425.152554
1743504425.168674
1743504425.184526
1743504425.200612
1743504425.216627
1743504425.232580
1743504425.248590
1743504425.281258
1743504425.312817
1743504425.328350
1743504425.344447
1743504425.360620
1743504425.376543
1743504425.392631
1743504425.408579
1743504425.424574
1743504425.440581
1743504425.456737
1743504425.472709
1743504425.488568
1743504425.504549
1743504425.520597
1743504425.536686
1743504425.552707
1743504425.568650
1743504425.584771
1743504425.616505
1743504425.632125
1743504425.648360
1743504425.664403
1743504425.680113
1743504425.696334
1743504425.712355
1743504425.728428
1743504425.744416
1743504425.760508
1743504425.776500
1743504425.792629
1743504425.808573
1743504425.824569
1743504425.840664
1743504425.856749
1743504425.872479
1743504425.888756
1743504425.904549
1743504425.937462
1743504425.968248
1743504425.984066
1743504426.000390
1743504426.016351
1743504426.032347
1743504426.048627
1743504426.064451
1743504426.080543
1743504426.096471
1743504426.112565
1743504426.128512
1743504426.144477
1743504426.160546
1743504426.176622
1743504426.192780
1743504426.208689
1743504426.224749
1743504426.257138
1743504426.288805
1743504426.320799
1743504426.352119
1743504426.368407
1743504426.384286
1743504426.400528
1743504426.416532
1743504426.432525
1743504426.448486
1743504426.464554
1743504426.480533
1743504426.496645
1743504426.512617
1743504426.528546
1743504426.544512
1743504426.560634
1743504426.593258
1743504426.624350
1743504426.640256
1743504426.656526
1743504426.672342
1743504426.688350
1743504426.704429
1743504426.720547
1743504426.736438
1743504426.752489
1743504426.768564
1743504426.784593
1743504426.800612
1743504426.816526
1743504426.832530
1743504426.848610
1743504426.864687
1743504426.880610
1743504426.912325
1743504426.928306
1743504426.944321
1743504426.960286
1743504426.976355
1743504426.992607
1743504427.008416
1743504427.024519
1743504427.040509
1743504427.056573
1743504427.072319
1743504427.088403
1743504427.104432
1743504427.120504
1743504427.136569
1743504427.152598
1743504427.168632
1743504427.184564
1743504427.200662
1743504427.233261
1743504427.264120
1743504427.280347
1743504427.296479
1743504427.312520
1743504427.328311
1743504427.344293
1743504427.360567
1743504427.376584
1743504427.392673
1743504427.408537
1743504427.424616
1743504427.440536
1743504427.456816
1743504427.472703
1743504427.488586
1743504427.504525
1743504427.520632
1743504427.536601
1743504427.568318
1743504427.584115
1743504427.600362
1743504427.616220
1743504427.632311
1743504427.648560
1743504427.664344
1743504427.680328
1743504427.696301
1743504427.712346
1743504427.728408
1743504427.744353
1743504427.760485
1743504427.776410
1743504427.792691
1743504427.808600
1743504427.824679
1743504427.840616
1743504427.873018
1743504427.904637
1743504427.936082
1743504427.952171
1743504427.968360
1743504427.984265
1743504428.000420
1743504428.016280
1743504428.032429
1743504428.048374
1743504428.064382
1743504428.080457
1743504428.096581
1743504428.112441
1743504428.128519
1743504428.144557
1743504428.160509
1743504428.176528
1743504428.208289
1743504428.224374
1743504428.240381
1743504428.256268
1743504428.272244
1743504428.288248
1743504428.304319
1743504428.320344
1743504428.336393
1743504428.352443
1743504428.368474
1743504428.384326
1743504428.400495
1743504428.416373
1743504428.432411
1743504428.448570
1743504428.464563
1743504428.480553
1743504428.496535
1743504428.512494
1743504428.544169
1743504428.560197
1743504428.576270
1743504428.592475
1743504428.608346
1743504428.624357
1743504428.640414
1743504428.656295
1743504428.672298
1743504428.688297
1743504428.704315
1743504428.720470
1743504428.736488
1743504428.752482
1743504428.768625
1743504428.784517
1743504428.800615
1743504428.816585
1743504428.832570
1743504428.864895
1743504428.896132
1743504428.912168
1743504428.928234
1743504428.944275
1743504428.960352
1743504428.976401
1743504428.992527
1743504429.008438
1743504429.024511
1743504429.040546
1743504429.056459
1743504429.072430
1743504429.088381
1743504429.104441
1743504429.120526
1743504429.136454
1743504429.152578
1743504429.185133
1743504429.216765
1743504429.248632
1743504429.280169
1743504429.296393
1743504429.312318
1743504429.328353
1743504429.344336
1743504429.360438
1743504429.376455
1743504429.392487
1743504429.408472
1743504429.424651
1743504429.440691
1743504429.456603
1743504429.472691
1743504429.488571
1743504429.521213
1743504429.552735
1743504429.584131
1743504429.600038
1743504429.616175
1743504429.632222
1743504429.648422
1743504429.664342
1743504429.680343
1743504429.696347
1743504429.712429
1743504429.728355
1743504429.744436
1743504429.760413
1743504429.776496
1743504429.792672
1743504429.808588
1743504429.840821
1743504429.871953
1743504429.887898
1743504429.904175
1743504429.920193
1743504429.936321
1743504429.952484
1743504429.968439
1743504429.984344
1743504430.000476
1743504430.016437
1743504430.032473
1743504430.048444
1743504430.064481
1743504430.080437
1743504430.096449
1743504430.112468
1743504430.128538
1743504430.160858
1743504430.176269
1743504430.192353
1743504430.208270
1743504430.224368
1743504430.240365
1743504430.256334
1743504430.272194
1743504430.288330
1743504430.304247
1743504430.320334
1743504430.336400
1743504430.352399
1743504430.368480
1743504430.384364
1743504430.400489
1743504430.416467
1743504430.432513
1743504430.448527
1743504430.464567
1743504430.496886
1743504430.528102
1743504430.544133
1743504430.560310
1743504430.576397
1743504430.592453
1743504430.608262
1743504430.624375
1743504430.640407
1743504430.656332
1743504430.672226
1743504430.688530
1743504430.704332
1743504430.720486
1743504430.736415
1743504430.752553
1743504430.768546
1743504430.784495
1743504430.817171
1743504430.847987
1743504430.863908
1743504430.880273
1743504430.896136
1743504430.912216
1743504430.928245
1743504430.944251
1743504430.960250
1743504430.976281
1743504430.992500
1743504431.008447
1743504431.024458
1743504431.040413
1743504431.056490
1743504431.072469
1743504431.088527
1743504431.104578
1743504431.137206
1743504431.168543
1743504431.183849
1743504431.200273
1743504431.216232
1743504431.232256
1743504431.248248
1743504431.264268
1743504431.280269
1743504431.296270
1743504431.312284
1743504431.328425
1743504431.344330
1743504431.360301
1743504431.376420
1743504431.392505
1743504431.408505
1743504431.424532
1743504431.440666
1743504431.472236
1743504431.487902
1743504431.504170
1743504431.520122
1743504431.536296
1743504431.552271
1743504431.568286
1743504431.584226
1743504431.600297
1743504431.616196
1743504431.632248
1743504431.648222
1743504431.664282
1743504431.680397
1743504431.696582
1743504431.712461
1743504431.728394
1743504431.744340
1743504431.760452
1743504431.792755
1743504431.808192
1743504431.824273
1743504431.840392
1743504431.856298
1743504431.872161
1743504431.888170
1743504431.904208
1743504431.920290
1743504431.936276
1743504431.952359
1743504431.968282
1743504431.984312
1743504432.000395
1743504432.016266
1743504432.032372
1743504432.048522
1743504432.064433
1743504432.080463
1743504432.112160
1743504432.128037
1743504432.144076
1743504432.160084
1743504432.176273
1743504432.192393
1743504432.208189
1743504432.224251
1743504432.240340
1743504432.256584
1743504432.272202
1743504432.288318
1743504432.304338
1743504432.320255
1743504432.336309
1743504432.352397
1743504432.368535
1743504432.384471
1743504432.400572
1743504432.416551
1743504432.448292
1743504432.463952
1743504432.480128
1743504432.496114
1743504432.512216
1743504432.528153
1743504432.544207
1743504432.560213
1743504432.576241
1743504432.592447
1743504432.608289
1743504432.624372
1743504432.640372
1743504432.656430
1743504432.672416
1743504432.688432
1743504432.704341
1743504432.720495
1743504432.736457
1743504432.769001
1743504432.800032
1743504432.815963
1743504432.832091
1743504432.848193
1743504432.864214
1743504432.880377
1743504432.896211
1743504432.912136
1743504432.928270
1743504432.944314
1743504432.960199
1743504432.976220
1743504432.992567
1743504433.008445
1743504433.024458
1743504433.040412
1743504433.056566
1743504433.088790
1743504433.120755
1743504433.152557
1743504433.183903
1743504433.199907
1743504433.216197
1743504433.232238
1743504433.248324
1743504433.264333
1743504433.280404
1743504433.296254
1743504433.312449
1743504433.328455
1743504433.344615
1743504433.360514
1743504433.376715
1743504433.392685
1743504433.425002
1743504433.440485
1743504433.456503
1743504433.472188
1743504433.488228
1743504433.504406
1743504433.520411
1743504433.536385
1743504433.552346
1743504433.568392
1743504433.584356
1743504433.600381
1743504433.616448
1743504433.632359
1743504433.648442
1743504433.664641
1743504433.680483
1743504433.696510
1743504433.712595
1743504433.745092
1743504433.776413
1743504433.792256
1743504433.808310
1743504433.824497
1743504433.840498
1743504433.856697
