1753302887.310713
1753302887.360427
1753302887.410141
1753302887.426767
1753302887.443394
1753302887.460027
1753302887.476660
1753302887.493821
1753302887.510982
1753302887.527277
1753302887.543572
1753302887.560565
1753302887.577559
1753302887.594486
1753302887.611412
1753302887.630068
1753302887.648724
1753302887.664880
1753302887.681036
1753302887.697979
1753302887.714922
1753302887.730048
1753302887.745175
1753302887.763877
1753302887.782580
1753302887.798640
1753302887.814701
1753302887.831231
1753302887.847761
1753302887.863969
1753302887.880177
1753302887.898226
1753302887.916276
1753302887.932621
1753302887.948965
1753302887.966595
1753302887.984224
1753302888.000330
1753302888.016437
1753302888.032875
1753302888.049312
1753302888.067523
1753302888.085733
1753302888.103399
1753302888.121065
1753302888.138643
1753302888.156221
1753302888.171256
1753302888.186291
1753302888.200092
1753302888.213894
1753302888.232371
1753302888.250849
1753302888.267606
1753302888.284363
1753302888.301854
1753302888.319345
1753302888.338078
1753302888.356812
1753302888.372440
1753302888.388069
1753302888.405453
1753302888.422838
1753302888.440257
1753302888.457675
1753302888.474285
1753302888.490895
1753302888.506845
1753302888.522795
1753302888.536210
1753302888.549625
1753302888.566025
1753302888.582425
1753302888.598942
1753302888.615458
1753302888.632334
1753302888.649209
1753302888.666869
1753302888.684528
1753302888.702887
1753302888.721245
1753302888.738882
1753302888.756519
1753302888.768168
1753302888.779818
1753302888.795393
1753302888.810967
1753302888.827661
1753302888.844355
1753302888.863019
1753302888.881683
1753302888.896184
1753302888.910685
1753302888.927432
1753302888.944179
1753302888.963000
1753302888.981820
1753302888.996282
1753302889.010744
1753302889.029693
1753302889.048641
1753302889.062993
1753302889.077344
1753302889.095294
1753302889.113245
1753302889.129023
1753302889.144800
1753302889.164124
1753302889.183448
1753302889.196947
1753302889.210446
1753302889.229713
1753302889.248981
1753302889.263165
1753302889.277349
1753302889.296493
1753302889.315636
1753302889.329756
1753302889.343876
1753302889.361148
1753302889.378420
1753302889.396811
1753302889.415201
1753302889.431502
1753302889.447804
1753302889.462602
1753302889.477400
1753302889.496059
1753302889.514718
1753302889.530602
1753302889.546485
1753302889.564534
1753302889.582584
1753302889.596621
1753302889.610658
1753302889.629211
1753302889.647765
1753302889.664701
1753302889.681638
1753302889.697219
1753302889.712801
1753302889.728097
1753302889.743393
1753302889.762363
1753302889.781334
1753302889.799365
1753302889.817395
1753302889.831882
1753302889.846370
1753302889.861936
1753302889.877501
1753302889.894871
1753302889.912242
1753302889.931158
1753302889.950074
1753302889.966017
1753302889.981961
1753302889.996475
1753302890.010989
1753302890.030057
1753302890.049126
1753302890.065447
1753302890.081769
1753302890.098558
1753302890.115348
1753302890.129900
1753302890.144452
1753302890.163134
1753302890.181815
1753302890.197495
1753302890.213175
1753302890.231274
1753302890.249373
1753302890.263642
1753302890.277911
1753302890.294986
1753302890.312060
1753302890.330840
1753302890.349619
1753302890.364676
1753302890.379733
1753302890.395494
1753302890.411255
1753302890.429266
1753302890.447277
1753302890.465802
1753302890.484327
1753302890.500031
1753302890.515734
1753302890.530277
1753302890.544821
1753302890.563591
1753302890.582362
1753302890.599532
1753302890.616702
1753302890.632409
1753302890.648115
1753302890.662937
1753302890.677760
1753302890.695643
1753302890.713526
1753302890.731924
1753302890.750321
1753302890.766255
1753302890.782190
1753302890.796888
1753302890.811586
1753302890.830395
1753302890.849203
1753302890.864485
1753302890.879766
1753302890.898143
1753302890.916520
1753302890.931037
1753302890.945554
1753302890.963967
1753302890.982380
1753302890.998487
1753302891.014594
1753302891.032677
1753302891.050760
1753302891.064609
1753302891.078457
1753302891.097459
1753302891.116460
1753302891.131977
1753302891.147494
1753302891.166085
1753302891.184675
1753302891.198163
1753302891.211651
1753302891.230846
1753302891.250042
1753302891.267163
1753302891.284284
1753302891.299919
1753302891.315554
1753302891.330300
1753302891.345047
1753302891.363547
1753302891.382048
1753302891.400186
1753302891.418323
1753302891.433737
1753302891.449151
1753302891.463936
1753302891.478721
1753302891.497572
1753302891.516423
1753302891.531001
1753302891.545578
1753302891.563485
1753302891.581392
1753302891.596695
1753302891.611999
1753302891.630023
1753302891.648048
1753302891.666133
1753302891.684218
1753302891.699920
1753302891.715622
1753302891.729968
1753302891.744313
1753302891.764333
1753302891.784354
1753302891.800410
1753302891.816466
1753302891.832393
1753302891.848320
1753302891.863569
1753302891.878817
1753302891.897326
1753302891.915834
1753302891.931995
1753302891.948156
1753302891.966357
1753302891.984558
1753302891.997715
1753302892.010872
1753302892.030200
1753302892.049528
1753302892.065941
1753302892.082354
1753302892.100507
1753302892.118659
1753302892.131474
1753302892.144290
1753302892.163728
1753302892.183166
1753302892.199042
1753302892.214918
1753302892.233361
1753302892.251805
1753302892.264809
1753302892.277812
1753302892.297267
1753302892.316723
1753302892.333770
1753302892.350816
1753302892.365492
1753302892.380168
1753302892.397728
1753302892.415289
1753302892.433052
1753302892.450815
1753302892.467429
1753302892.484043
1753302892.500175
1753302892.516308
1753302892.531074
1753302892.545840
1753302892.564690
1753302892.583539
1753302892.600626
1753302892.617713
1753302892.632838
1753302892.647964
1753302892.663605
1753302892.679247
1753302892.697977
1753302892.716707
1753302892.732424
1753302892.748140
1753302892.766623
1753302892.785106
1753302892.798871
1753302892.812636
1753302892.831579
1753302892.850523
1753302892.865185
1753302892.879846
1753302892.898796
1753302892.917745
1753302892.931879
1753302892.946012
1753302892.965712
1753302892.985412
1753302893.001252
1753302893.017092
1753302893.034191
1753302893.051289
1753302893.065355
1753302893.079420
1753302893.097876
1753302893.116332
1753302893.131870
1753302893.147407
1753302893.166077
1753302893.184747
1753302893.198833
1753302893.212920
1753302893.231465
1753302893.250011
1753302893.267158
1753302893.284304
1753302893.301523
1753302893.318742
1753302893.332541
1753302893.346341
1753302893.364861
1753302893.383381
1753302893.400606
1753302893.417832
1753302893.433558
1753302893.449285
1753302893.465360
1753302893.481435
1753302893.498762
1753302893.516088
1753302893.534379
1753302893.552671
1753302893.568514
1753302893.584358
1753302893.598740
1753302893.613121
1753302893.631346
1753302893.649571
1753302893.667643
1753302893.685714
1753302893.701275
1753302893.716836
1753302893.731344
1753302893.745852
1753302893.765566
1753302893.785280
1753302893.800865
1753302893.816450
1753302893.834297
1753302893.852143
1753302893.866297
1753302893.880452
1753302893.899324
1753302893.918197
1753302893.933755
1753302893.949313
1753302893.967629
1753302893.985945
1753302893.999619
1753302894.013294
1753302894.032202
1753302894.051110
1753302894.066670
1753302894.082230
1753302894.100825
1753302894.119419
1753302894.133098
1753302894.146776
1753302894.165689
1753302894.184602
1753302894.199986
1753302894.215369
1753302894.233860
1753302894.252350
1753302894.266232
1753302894.280115
1753302894.299307
1753302894.318500
1753302894.332761
1753302894.347021
1753302894.364044
1753302894.381066
1753302894.399791
1753302894.418516
1753302894.433553
1753302894.448589
1753302894.467112
1753302894.485634
1753302894.501503
1753302894.517372
1753302894.532278
1753302894.547183
1753302894.565989
1753302894.584794
1753302894.601638
1753302894.618482
1753302894.634216
1753302894.649950
1753302894.666300
1753302894.682650
1753302894.701082
1753302894.719514
1753302894.735167
1753302894.750820
1753302894.766551
1753302894.782283
1753302894.800680
1753302894.819077
1753302894.833916
1753302894.848755
1753302894.865520
1753302894.882284
1753302894.900345
1753302894.918407
1753302894.934014
1753302894.949622
1753302894.967451
1753302894.985280
1753302895.001250
1753302895.017220
1753302895.035348
1753302895.053476
1753302895.067348
1753302895.081219
1753302895.099933
1753302895.118647
1753302895.133359
1753302895.148072
1753302895.166811
1753302895.185549
1753302895.201341
1753302895.217133
1753302895.233361
1753302895.249588
1753302895.268063
1753302895.286538
1753302895.302487
1753302895.318436
1753302895.332902
1753302895.347368
1753302895.366033
1753302895.384698
1753302895.402132
1753302895.419565
1753302895.435398
1753302895.451230
1753302895.465834
1753302895.480437
1753302895.499902
1753302895.519366
1753302895.535276
1753302895.551187
1753302895.567531
1753302895.583874
1753302895.599068
1753302895.614262
1753302895.632843
1753302895.651424
1753302895.667860
1753302895.684295
1753302895.702061
1753302895.719828
1753302895.733180
1753302895.746532
1753302895.764791
1753302895.783051
1753302895.799714
1753302895.816377
1753302895.833107
1753302895.849838
1753302895.865279
1753302895.880720
1753302895.899564
1753302895.918408
1753302895.934329
1753302895.950250
1753302895.968649
1753302895.987049
1753302896.000706
1753302896.014363
1753302896.032777
1753302896.051191
1753302896.069173
1753302896.087155
1753302896.102750
1753302896.118345
1753302896.132953
1753302896.147561
1753302896.165929
1753302896.184297
1753302896.201984
1753302896.219671
1753302896.235303
1753302896.250936
1753302896.265844
1753302896.280752
1753302896.299513
1753302896.318275
1753302896.334273
1753302896.350272
1753302896.366082
1753302896.381892
1753302896.398061
1753302896.414230
1753302896.432611
1753302896.450991
1753302896.468993
1753302896.486995
1753302896.502605
1753302896.518215
1753302896.532922
1753302896.547629
1753302896.566398
1753302896.585167
1753302896.601060
1753302896.616954
1753302896.635297
1753302896.653640
1753302896.667221
1753302896.680801
1753302896.699416
1753302896.718031
1753302896.735860
1753302896.753689
1753302896.769192
1753302896.784694
1753302896.799594
1753302896.814494
1753302896.832906
1753302896.851319
1753302896.869159
1753302896.886998
1753302896.902785
1753302896.918572
1753302896.933115
1753302896.947658
1753302896.965715
1753302896.983773
1753302897.001597
1753302897.019422
1753302897.035891
1753302897.052359
1753302897.066605
1753302897.080851
1753302897.098361
1753302897.115872
1753302897.133247
1753302897.150623
1753302897.168859
1753302897.187095
1753302897.203029
1753302897.218963
1753302897.233583
1753302897.248204
1753302897.265714
1753302897.283224
1753302897.300211
1753302897.317198
1753302897.334275
1753302897.351352
1753302897.366802
1753302897.382252
1753302897.398483
1753302897.414714
1753302897.432707
1753302897.450699
1753302897.468990
1753302897.487281
1753302897.502143
1753302897.517006
1753302897.532419
1753302897.547832
1753302897.566595
1753302897.585358
1753302897.602684
1753302897.620009
1753302897.635780
1753302897.651551
1753302897.666476
1753302897.681400
1753302897.699902
1753302897.718403
1753302897.735812
1753302897.753221
1753302897.768905
1753302897.784588
1753302897.799760
1753302897.814932
1753302897.834347
1753302897.853762
1753302897.869769
1753302897.885775
1753302897.903176
1753302897.920577
1753302897.934439
1753302897.948301
1753302897.966778
1753302897.985254
1753302898.001766
1753302898.018278
1753302898.036234
1753302898.054190
1753302898.068039
1753302898.081888
1753302898.100596
1753302898.119305
1753302898.134651
1753302898.149998
1753302898.167537
1753302898.185077
1753302898.200406
1753302898.215734
1753302898.234607
1753302898.253481
1753302898.269100
1753302898.284719
1753302898.302509
1753302898.320299
1753302898.334409
1753302898.348519
1753302898.366337
1753302898.384155
1753302898.402519
1753302898.420884
1753302898.437120
1753302898.453357
1753302898.467706
1753302898.482055
1753302898.500333
1753302898.518611
1753302898.536495
1753302898.554380
1753302898.569790
1753302898.585201
1753302898.600332
1753302898.615463
1753302898.634111
1753302898.652759
1753302898.670273
1753302898.687787
1753302898.704483
1753302898.721178
1753302898.734542
1753302898.747906
1753302898.766088
1753302898.784269
1753302898.802697
1753302898.821124
1753302898.835912
1753302898.850699
1753302898.866442
1753302898.882186
1753302898.900298
1753302898.918410
1753302898.936043
1753302898.953675
1753302898.969677
1753302898.985679
1753302899.000525
1753302899.015370
1753302899.033708
1753302899.052045
1753302899.068601
1753302899.085157
1753302899.101989
1753302899.118821
1753302899.133872
1753302899.148922
1753302899.166937
1753302899.184953
1753302899.201313
1753302899.217673
1753302899.235869
1753302899.254066
1753302899.268244
1753302899.282422
1753302899.300858
1753302899.319295
1753302899.336832
1753302899.354369
1753302899.369137
1753302899.383906
1753302899.399779
1753302899.415653
1753302899.434215
1753302899.452777
1753302899.471198
1753302899.489618
1753302899.503419
1753302899.517221
1753302899.533113
1753302899.549005
1753302899.567633
1753302899.586261
1753302899.602427
1753302899.618594
1753302899.635271
1753302899.651947
1753302899.667219
1753302899.682490
1753302899.701581
1753302899.720672
1753302899.735902
1753302899.751133
1753302899.769425
1753302899.787717
1753302899.801812
1753302899.815907
1753302899.834794
1753302899.853680
1753302899.869756
1753302899.885833
1753302899.902528
1753302899.919223
1753302899.934445
1753302899.949668
1753302899.968781
1753302899.987894
1753302900.003780
1753302900.019666
1753302900.036222
1753302900.052777
1753302900.067605
1753302900.082434
1753302900.101547
1753302900.120659
1753302900.136013
1753302900.151367
1753302900.167427
1753302900.183486
1753302900.199761
1753302900.216036
1753302900.234815
1753302900.253593
1753302900.269415
1753302900.285237
1753302900.301956
1753302900.318674
1753302900.334030
1753302900.349385
1753302900.367778
1753302900.386171
1753302900.404355
1753302900.422538
1753302900.437758
1753302900.452979
1753302900.467906
1753302900.482834
1753302900.501721
1753302900.520609
1753302900.536691
1753302900.552774
1753302900.570490
1753302900.588207
1753302900.602243
1753302900.616280
1753302900.634857
1753302900.653434
1753302900.670791
1753302900.688147
1753302900.703945
1753302900.719742
1753302900.734455
1753302900.749168
1753302900.767490
1753302900.785812
1753302900.803372
1753302900.820932
1753302900.837311
1753302900.853690
1753302900.868412
1753302900.883134
1753302900.901932
1753302900.920730
1753302900.936351
1753302900.951971
1753302900.970467
1753302900.988962
1753302901.003086
1753302901.017210
1753302901.036150
1753302901.055089
1753302901.070783
1753302901.086477
1753302901.103099
1753302901.119721
1753302901.134662
1753302901.149603
1753302901.169001
1753302901.188399
1753302901.204278
1753302901.220158
1753302901.236683
1753302901.253208
1753302901.268394
1753302901.283581
1753302901.302266
1753302901.320950
1753302901.337311
1753302901.353671
1753302901.369637
1753302901.385603
1753302901.401176
1753302901.416749
1753302901.435579
1753302901.454409
1753302901.470655
1753302901.486902
1753302901.503414
1753302901.519926
1753302901.535005
1753302901.550083
1753302901.569258
1753302901.588433
1753302901.604175
1753302901.619916
1753302901.636930
1753302901.653944
1753302901.668853
1753302901.683762
1753302901.702899
1753302901.722036
1753302901.738003
1753302901.753971
1753302901.770541
1753302901.787111
1753302901.801986
1753302901.816861
1753302901.835536
1753302901.854211
1753302901.871109
1753302901.888007
1753302901.904170
1753302901.920333
1753302901.935170
1753302901.950007
1753302901.968718
1753302901.987429
1753302902.003504
1753302902.019579
1753302902.036940
1753302902.054301
1753302902.068998
1753302902.083696
1753302902.102635
1753302902.121574
1753302902.138119
1753302902.154665
1753302902.171311
1753302902.187958
1753302902.203559
1753302902.219160
1753302902.237750
1753302902.256339
1753302902.272778
1753302902.289217
1753302902.305551
1753302902.321885
1753302902.336335
1753302902.350784
1753302902.369807
1753302902.388831
1753302902.403401
1753302902.417972
1753302902.437003
1753302902.456033
1753302902.470006
1753302902.483979
1753302902.502650
1753302902.521321
1753302902.537555
1753302902.553788
1753302902.572009
1753302902.590229
1753302902.603865
1753302902.617500
1753302902.636026
1753302902.654552
1753302902.671379
1753302902.688205
1753302902.705009
1753302902.721814
1753302902.736069
1753302902.750324
1753302902.769310
1753302902.788297
1753302902.804353
1753302902.820410
1753302902.838108
1753302902.855806
1753302902.870023
1753302902.884240
1753302902.903543
1753302902.922845
1753302902.939291
1753302902.955736
1753302902.972461
1753302902.989187
1753302903.004324
1753302903.019461
1753302903.038094
1753302903.056727
1753302903.072596
1753302903.088464
1753302903.106055
1753302903.123645
1753302903.137189
1753302903.150733
1753302903.170151
1753302903.189570
1753302903.205350
1753302903.221130
1753302903.239350
1753302903.257570
1753302903.271291
1753302903.285011
1753302903.303624
1753302903.322236
1753302903.339035
1753302903.355833
1753302903.372580
1753302903.389327
1753302903.403458
1753302903.417588
1753302903.436229
1753302903.454871
1753302903.472274
1753302903.489677
1753302903.506311
1753302903.522945
1753302903.537140
1753302903.551336
1753302903.570477
1753302903.589619
1753302903.605309
1753302903.620999
1753302903.638318
1753302903.655636
1753302903.670107
1753302903.684578
1753302903.703422
1753302903.722266
1753302903.738979
1753302903.755692
1753302903.772830
1753302903.789968
1753302903.804099
1753302903.818230
1753302903.837655
1753302903.857080
1753302903.873175
1753302903.889270
1753302903.906008
1753302903.922747
1753302903.937094
1753302903.951441
1753302903.970304
1753302903.989166
1753302904.004731
1753302904.020296
1753302904.038655
1753302904.057013
1753302904.070979
1753302904.084944
1753302904.104019
1753302904.123094
1753302904.140428
1753302904.157761
1753302904.174006
1753302904.190252
1753302904.204326
1753302904.218400
1753302904.235490
1753302904.252580
1753302904.271262
1753302904.289945
1753302904.306081
1753302904.322218
1753302904.339079
1753302904.355941
1753302904.372139
1753302904.388336
1753302904.406147
1753302904.423957
1753302904.440017
1753302904.456077
1753302904.472054
1753302904.488030
1753302904.506366
1753302904.524703
1753302904.540771
1753302904.556840
1753302904.573421
1753302904.590002
1753302904.604333
1753302904.618664
1753302904.637755
1753302904.656846
1753302904.673482
1753302904.690119
1753302904.706589
1753302904.723060
1753302904.738234
1753302904.753407
1753302904.770896
1753302904.788385
1753302904.806030
1753302904.823675
1753302904.840054
1753302904.856433
1753302904.872638
1753302904.888844
1753302904.906419
1753302904.923993
1753302904.939531
1753302904.955069
1753302904.973085
1753302904.991101
1753302905.004931
1753302905.018762
1753302905.037625
1753302905.056488
1753302905.072702
1753302905.088917
1753302905.107337
1753302905.125756
1753302905.138454
1753302905.151152
1753302905.170537
1753302905.189921
1753302905.205449
1753302905.220977
1753302905.239440
1753302905.257904
1753302905.271653
1753302905.285402
1753302905.303583
1753302905.321763
1753302905.339751
1753302905.357740
1753302905.372120
1753302905.386501
1753302905.402644
1753302905.418787
1753302905.437227
1753302905.455668
1753302905.472736
1753302905.489804
1753302905.505937
1753302905.522070
1753302905.540337
1753302905.558604
1753302905.572127
1753302905.585651
1753302905.604396
1753302905.623142
1753302905.639223
1753302905.655303
1753302905.673636
1753302905.691970
1753302905.706796
1753302905.721621
1753302905.736675
1753302905.751729
1753302905.770760
1753302905.789790
1753302905.806260
1753302905.822729
1753302905.839504
1753302905.856278
1753302905.870966
1753302905.885654
1753302905.904783
1753302905.923912
1753302905.939409
1753302905.954907
1753302905.973271
1753302905.991636
1753302906.005178
1753302906.018721
1753302906.036801
1753302906.054881
1753302906.072964
1753302906.091046
1753302906.107296
1753302906.123546
1753302906.137478
1753302906.151410
1753302906.171246
1753302906.191082
1753302906.206180
1753302906.221277
1753302906.239403
1753302906.257530
1753302906.271663
1753302906.285796
1753302906.304380
1753302906.322964
1753302906.340285
1753302906.357606
1753302906.373981
1753302906.390355
1753302906.405000
1753302906.419645
1753302906.437123
1753302906.454601
1753302906.472686
1753302906.490771
1753302906.505504
1753302906.520236
1753302906.538592
1753302906.556949
1753302906.573489
1753302906.590029
1753302906.606951
1753302906.623872
1753302906.640275
1753302906.656678
1753302906.671395
1753302906.686112
1753302906.705168
1753302906.724225
1753302906.739776
1753302906.755326
1753302906.773808
1753302906.792291
1753302906.805996
1753302906.819701
1753302906.838355
1753302906.857009
1753302906.872954
1753302906.888899
1753302906.907280
1753302906.925662
1753302906.939268
1753302906.952873
1753302906.971078
1753302906.989284
1753302907.006314
1753302907.023343
1753302907.040534
1753302907.057726
1753302907.071959
1753302907.086192
1753302907.105229
1753302907.124267
1753302907.139892
1753302907.155516
1753302907.173975
1753302907.192433
1753302907.206100
1753302907.219766
1753302907.239245
1753302907.258725
1753302907.274256
1753302907.289788
1753302907.307301
1753302907.324813
1753302907.338920
1753302907.353027
1753302907.371787
1753302907.390546
1753302907.407974
1753302907.425401
1753302907.441340
1753302907.457279
1753302907.471857
1753302907.486434
1753302907.505681
1753302907.524928
1753302907.541348
1753302907.557769
1753302907.573838
1753302907.589906
1753302907.604810
1753302907.619714
1753302907.637784
1753302907.655854
1753302907.674220
1753302907.692585
1753302907.707490
1753302907.722395
1753302907.738566
1753302907.754737
1753302907.773178
1753302907.791619
1753302907.808522
1753302907.825425
1753302907.841385
1753302907.857345
1753302907.871593
1753302907.885840
1753302907.904879
1753302907.923917
1753302907.941328
1753302907.958739
1753302907.974364
1753302907.989989
1753302908.004951
1753302908.019912
1753302908.039140
1753302908.058368
1753302908.074713
1753302908.091058
1753302908.107157
1753302908.123255
1753302908.138278
1753302908.153302
1753302908.172042
1753302908.190782
1753302908.207088
1753302908.223395
1753302908.241229
1753302908.259062
1753302908.272904
1753302908.286746
1753302908.305527
1753302908.324308
1753302908.341301
1753302908.358294
1753302908.374200
1753302908.390107
1753302908.405926
1753302908.421744
1753302908.440304
1753302908.458864
1753302908.475276
1753302908.491689
1753302908.507653
1753302908.523618
1753302908.539885
1753302908.556152
1753302908.574519
1753302908.592885
1753302908.609071
1753302908.625257
1753302908.641268
1753302908.657279
1753302908.674111
1753302908.690944
1753302908.707056
1753302908.723167
1753302908.740511
1753302908.757855
1753302908.774081
1753302908.790308
1753302908.806952
1753302908.823597
1753302908.840606
1753302908.857615
1753302908.874120
1753302908.890626
1753302908.907454
1753302908.924281
1753302908.940008
1753302908.955736
1753302908.974503
1753302908.993269
1753302909.009358
1753302909.025447
1753302909.041410
1753302909.057373
1753302909.074800
1753302909.092228
1753302909.108144
1753302909.124060
1753302909.141094
1753302909.158128
1753302909.174336
1753302909.190545
1753302909.206936
1753302909.223327
1753302909.240370
1753302909.257413
1753302909.275643
1753302909.293873
1753302909.307781
1753302909.321688
1753302909.338423
1753302909.355158
1753302909.373279
1753302909.391400
1753302909.409537
1753302909.427673
1753302909.443243
1753302909.458813
1753302909.473196
1753302909.487578
1753302909.506472
1753302909.525366
1753302909.541900
1753302909.558433
1753302909.575661
1753302909.592889
1753302909.606876
1753302909.620863
1753302909.639789
1753302909.658714
1753302909.675176
1753302909.691637
1753302909.708048
1753302909.724459
1753302909.740144
1753302909.755829
1753302909.774541
1753302909.793253
1753302909.809393
1753302909.825534
1753302909.842602
1753302909.859670
1753302909.873665
1753302909.887660
1753302909.906402
1753302909.925143
1753302909.942730
1753302909.960318
1753302909.976269
1753302909.992219
1753302910.006701
1753302910.021184
1753302910.040259
1753302910.059334
1753302910.075709
1753302910.092084
1753302910.108842
1753302910.125601
1753302910.140015
1753302910.154428
1753302910.173156
1753302910.191883
1753302910.209281
1753302910.226679
1753302910.243091
1753302910.259503
1753302910.273722
1753302910.287941
1753302910.306125
1753302910.324309
1753302910.342568
1753302910.360827
1753302910.375870
1753302910.390914
1753302910.406646
1753302910.422378
1753302910.440990
1753302910.459603
1753302910.475108
1753302910.490612
1753302910.508364
1753302910.526116
1753302910.540790
1753302910.555464
1753302910.574119
1753302910.592773
1753302910.608493
1753302910.624213
1753302910.642681
1753302910.661149
1753302910.674635
1753302910.688122
1753302910.706594
1753302910.725066
1753302910.741687
1753302910.758309
1753302910.776363
1753302910.794417
1753302910.808134
1753302910.821851
1753302910.840766
1753302910.859681
1753302910.875015
1753302910.890350
1753302910.908769
1753302910.927187
1753302910.942343
1753302910.957499
1753302910.975291
1753302910.993082
1753302911.008322
1753302911.023563
1753302911.042074
1753302911.060586
1753302911.074503
1753302911.088421
1753302911.107424
1753302911.126426
1753302911.142364
1753302911.158301
1753302911.176460
1753302911.194618
1753302911.208229
1753302911.221839
1753302911.240644
1753302911.259448
1753302911.275271
1753302911.291094
1753302911.308745
1753302911.326397
1753302911.340659
1753302911.354921
1753302911.373592
1753302911.392264
1753302911.409489
1753302911.426714
1753302911.442592
1753302911.458470
1753302911.473575
1753302911.488680
1753302911.507305
1753302911.525931
1753302911.541920
1753302911.557910
1753302911.575840
1753302911.593770
1753302911.607821
1753302911.621873
1753302911.640704
1753302911.659536
1753302911.676631
1753302911.693726
1753302911.708992
1753302911.724257
1753302911.739413
1753302911.754570
1753302911.773294
1753302911.792018
1753302911.809943
1753302911.827868
1753302911.843691
1753302911.859515
1753302911.874115
1753302911.888716
1753302911.907224
1753302911.925732
1753302911.941987
1753302911.958242
1753302911.975218
1753302911.992194
1753302912.007089
1753302912.021984
1753302912.041702
1753302912.061419
1753302912.077276
1753302912.093134
1753302912.109003
1753302912.124872
1753302912.140093
1753302912.155314
1753302912.174318
1753302912.193322
1753302912.209299
1753302912.225275
1753302912.243300
1753302912.261325
1753302912.275126
1753302912.288928
1753302912.306924
1753302912.324921
1753302912.343215
1753302912.361510
1753302912.376695
1753302912.391880
1753302912.407021
1753302912.422161
1753302912.441172
1753302912.460183
1753302912.477353
1753302912.494523
1753302912.511098
1753302912.527673
1753302912.542372
1753302912.557070
1753302912.575740
1753302912.594411
1753302912.610507
1753302912.626602
1753302912.643702
1753302912.660802
1753302912.674978
1753302912.689155
1753302912.707577
1753302912.725998
1753302912.743096
1753302912.760195
1753302912.776944
1753302912.793693
1753302912.808113
1753302912.822532
1753302912.841722
1753302912.860913
1753302912.876786
1753302912.892659
1753302912.911044
1753302912.929428
1753302912.942642
1753302912.955856
1753302912.975136
1753302912.994416
1753302913.010234
1753302913.026053
1753302913.044049
1753302913.062045
1753302913.075646
1753302913.089247
1753302913.108668
1753302913.128089
1753302913.143637
1753302913.159186
1753302913.177347
1753302913.195509
1753302913.209091
1753302913.222673
1753302913.241569
1753302913.260464
1753302913.276451
1753302913.292438
1753302913.309742
1753302913.327047
1753302913.341472
1753302913.355897
1753302913.374362
1753302913.392828
1753302913.411025
1753302913.429221
1753302913.444869
1753302913.460517
1753302913.474905
1753302913.489293
1753302913.508193
1753302913.527094
1753302913.543419
1753302913.559745
1753302913.576733
1753302913.593720
1753302913.608251
1753302913.622782
1753302913.641464
1753302913.660147
1753302913.676870
1753302913.693593
1753302913.709376
1753302913.725159
1753302913.741801
1753302913.758443
1753302913.776834
1753302913.795225
1753302913.811292
1753302913.827359
1753302913.844308
1753302913.861257
1753302913.877659
1753302913.894061
1753302913.908545
1753302913.923030
1753302913.941801
1753302913.960571
1753302913.977048
1753302913.993526
1753302914.009719
1753302914.025913
1753302914.044278
1753302914.062642
1753302914.076231
1753302914.089819
1753302914.108810
1753302914.127801
1753302914.143025
1753302914.158250
1753302914.175672
1753302914.193093
1753302914.208111
1753302914.223129
1753302914.241251
1753302914.259374
1753302914.277052
1753302914.294731
1753302914.309603
1753302914.324475
1753302914.341454
1753302914.358432
1753302914.375237
1753302914.392042
1753302914.409145
1753302914.426248
1753302914.444832
1753302914.463416
1753302914.476766
1753302914.490115
1753302914.509085
1753302914.528055
1753302914.544215
1753302914.560376
1753302914.576749
1753302914.593123
1753302914.608231
1753302914.623338
1753302914.641911
1753302914.660484
1753302914.678665
1753302914.696846
1753302914.712509
1753302914.728171
1753302914.742640
1753302914.757108
1753302914.776133
1753302914.795158
1753302914.811016
1753302914.826874
1753302914.845044
1753302914.863213
1753302914.876801
1753302914.890388
1753302914.909209
1753302914.928029
1753302914.945335
1753302914.962641
1753302914.978671
1753302914.994700
1753302915.010468
1753302915.026236
1753302915.044632
1753302915.063028
1753302915.079351
1753302915.095674
1753302915.111918
1753302915.128162
1753302915.142538
1753302915.156914
1753302915.175979
1753302915.195044
1753302915.210490
1753302915.225935
1753302915.244418
1753302915.262900
1753302915.276636
1753302915.290371
1753302915.309042
1753302915.327712
1753302915.344991
1753302915.362270
1753302915.378136
1753302915.394002
1753302915.408747
1753302915.423493
1753302915.442317
1753302915.461141
1753302915.478253
1753302915.495365
1753302915.511505
1753302915.527645
1753302915.542302
1753302915.556958
1753302915.575730
1753302915.594503
1753302915.610788
1753302915.627073
1753302915.644166
1753302915.661260
1753302915.675940
1753302915.690619
1753302915.709539
1753302915.728460
1753302915.744085
1753302915.759710
1753302915.778246
1753302915.796782
1753302915.810378
1753302915.823973
1753302915.843132
1753302915.862291
1753302915.877753
1753302915.893214
1753302915.911498
1753302915.929782
1753302915.943719
1753302915.957657
1753302915.976800
1753302915.995944
1753302916.011913
1753302916.027882
1753302916.045514
1753302916.063146
1753302916.077033
1753302916.090920
1753302916.109824
1753302916.128728
1753302916.143814
1753302916.158899
1753302916.177596
1753302916.196293
1753302916.210166
1753302916.224040
1753302916.243236
1753302916.262431
1753302916.278265
1753302916.294098
1753302916.311017
1753302916.327935
1753302916.342715
1753302916.357495
1753302916.376060
1753302916.394624
1753302916.411233
1753302916.427842
1753302916.446198
1753302916.464555
1753302916.477786
1753302916.491017
1753302916.509870
1753302916.528723
1753302916.545137
1753302916.561552
1753302916.577930
1753302916.594309
1753302916.610027
1753302916.625745
1753302916.644355
1753302916.662965
1753302916.678650
1753302916.694336
1753302916.712524
1753302916.730712
1753302916.744304
1753302916.757897
1753302916.776474
1753302916.795052
1753302916.811409
1753302916.827766
1753302916.845816
1753302916.863866
1753302916.877683
1753302916.891499
1753302916.910825
1753302916.930150
1753302916.946259
1753302916.962367
1753302916.978584
1753302916.994801
1753302917.010919
1753302917.027037
1753302917.045346
1753302917.063655
1753302917.079984
1753302917.096313
1753302917.112259
1753302917.128205
1753302917.144178
1753302917.160151
1753302917.178908
1753302917.197665
1753302917.213280
1753302917.228896
1753302917.246229
1753302917.263562
1753302917.277537
1753302917.291512
1753302917.309504
1753302917.327496
1753302917.345238
1753302917.362980
1753302917.378525
1753302917.394071
1753302917.409396
1753302917.424721
1753302917.443048
1753302917.461374
1753302917.479627
1753302917.497879
1753302917.513826
1753302917.529773
1753302917.543927
1753302917.558081
1753302917.576976
1753302917.595871
1753302917.611838
1753302917.627805
1753302917.644866
1753302917.661928
1753302917.676829
1753302917.691730
1753302917.710382
1753302917.729034
1753302917.745137
1753302917.761241
1753302917.779238
1753302917.797234
1753302917.811071
1753302917.824909
1753302917.843738
1753302917.862566
1753302917.878699
1753302917.894832
1753302917.911422
1753302917.928013
1753302917.943101
1753302917.958189
1753302917.977746
1753302917.997303
1753302918.013124
1753302918.028944
1753302918.045341
1753302918.061737
1753302918.076694
1753302918.091650
1753302918.110517
1753302918.129384
1753302918.145061
1753302918.160737
1753302918.179336
1753302918.197934
1753302918.211525
1753302918.225116
1753302918.244489
1753302918.263862
1753302918.280133
1753302918.296404
1753302918.311932
1753302918.327459
1753302918.343211
1753302918.358963
1753302918.377351
1753302918.395739
1753302918.413382
1753302918.431025
1753302918.447328
1753302918.463631
1753302918.477851
1753302918.492072
1753302918.510821
1753302918.529570
1753302918.545333
1753302918.561097
1753302918.579309
1753302918.597521
1753302918.611372
1753302918.625224
1753302918.644001
1753302918.662779
1753302918.680101
1753302918.697423
1753302918.713466
1753302918.729509
1753302918.744142
1753302918.758775
1753302918.777437
1753302918.796099
1753302918.812470
1753302918.828842
1753302918.845309
1753302918.861776
1753302918.877705
1753302918.893633
1753302918.912078
1753302918.930524
1753302918.946723
1753302918.962923
1753302918.978791
1753302918.994660
1753302919.010909
1753302919.027157
1753302919.045044
1753302919.062931
1753302919.080791
1753302919.098651
1753302919.114586
1753302919.130521
1753302919.145240
1753302919.159959
1753302919.178643
1753302919.197327
1753302919.213047
1753302919.228766
1753302919.246557
1753302919.264348
1753302919.278327
1753302919.292307
1753302919.310723
1753302919.329140
1753302919.346857
1753302919.364573
1753302919.379056
1753302919.393539
1753302919.411497
1753302919.429454
1753302919.445897
1753302919.462340
1753302919.480381
1753302919.498422
1753302919.514303
1753302919.530184
1753302919.545557
1753302919.560929
1753302919.579379
1753302919.597829
1753302919.614194
1753302919.630560
1753302919.646365
1753302919.662170
1753302919.677708
1753302919.693246
1753302919.711554
1753302919.729861
1753302919.747100
1753302919.764340
1753302919.780356
1753302919.796373
1753302919.811199
1753302919.826026
1753302919.845251
1753302919.864475
1753302919.880508
1753302919.896541
1753302919.912945
1753302919.929348
1753302919.944307
1753302919.959266
1753302919.978398
1753302919.997531
1753302920.014013
1753302920.030495
1753302920.047371
1753302920.064247
1753302920.078580
1753302920.092914
1753302920.111611
1753302920.130308
1753302920.145893
1753302920.161478
1753302920.179692
1753302920.197906
1753302920.212225
1753302920.226545
1753302920.245195
1753302920.263845
1753302920.279984
1753302920.296122
1753302920.312919
1753302920.329716
1753302920.344709
1753302920.359703
1753302920.378481
1753302920.397260
1753302920.414335
1753302920.431411
1753302920.448032
1753302920.464654
1753302920.479072
1753302920.493489
1753302920.512753
1753302920.532016
1753302920.548197
1753302920.564378
1753302920.580716
1753302920.597053
1753302920.611668
1753302920.626283
1753302920.644927
1753302920.663571
1753302920.680624
1753302920.697676
1753302920.714471
1753302920.731267
1753302920.746279
1753302920.761290
1753302920.779131
1753302920.796973
1753302920.814224
1753302920.831476
1753302920.847553
1753302920.863629
1753302920.878788
1753302920.893947
1753302920.912388
1753302920.930830
1753302920.947028
1753302920.963226
1753302920.980244
1753302920.997261
1753302921.011862
1753302921.026462
1753302921.045249
1753302921.064037
1753302921.081347
1753302921.098656
1753302921.114986
1753302921.131317
1753302921.146763
1753302921.162210
1753302921.180244
1753302921.198279
1753302921.214514
1753302921.230749
1753302921.247041
1753302921.263333
1753302921.279319
1753302921.295305
1753302921.312592
1753302921.329879
1753302921.347687
1753302921.365495
1753302921.381586
1753302921.397677
1753302921.412164
1753302921.426652
1753302921.445615
1753302921.464578
1753302921.480570
1753302921.496562
1753302921.514336
1753302921.532110
1753302921.546020
1753302921.559929
1753302921.578815
1753302921.597702
1753302921.613735
1753302921.629768
1753302921.647756
1753302921.665743
1753302921.679560
1753302921.693376
1753302921.712581
1753302921.731786
1753302921.747518
1753302921.763250
1753302921.781578
1753302921.799906
1753302921.813427
1753302921.826948
1753302921.846286
1753302921.865624
1753302921.881506
1753302921.897389
1753302921.914087
1753302921.930785
1753302921.945602
1753302921.960420
1753302921.979325
1753302921.998230
1753302922.015079
1753302922.031928
1753302922.048243
1753302922.064557
1753302922.079038
1753302922.093519
1753302922.111956
1753302922.130393
1753302922.146751
1753302922.163109
1753302922.180929
1753302922.198748
1753302922.215209
1753302922.231670
1753302922.245991
1753302922.260312
1753302922.279055
1753302922.297797
1753302922.313489
1753302922.329181
1753302922.347074
1753302922.364967
1753302922.381645
1753302922.398322
1753302922.413735
1753302922.429149
1753302922.447195
1753302922.465240
1753302922.481688
1753302922.498137
1753302922.515411
1753302922.532686
1753302922.547235
1753302922.561784
1753302922.580335
1753302922.598886
1753302922.615438
1753302922.631989
1753302922.648232
1753302922.664475
1753302922.680269
1753302922.696063
1753302922.712859
1753302922.729655
1753302922.748098
1753302922.766541
1753302922.782497
1753302922.798453
1753302922.813786
1753302922.829118
1753302922.846546
1753302922.863974
1753302922.880336
1753302922.896697
1753302922.915328
1753302922.933959
1753302922.947423
1753302922.960886
1753302922.979362
1753302922.997838
1753302923.013161
1753302923.028484
1753302923.047076
1753302923.065668
1753302923.081094
1753302923.096519
1753302923.114780
1753302923.133041
1753302923.149053
1753302923.165064
1753302923.182096
1753302923.199129
1753302923.214725
1753302923.230320
1753302923.248831
1753302923.267342
1753302923.283107
1753302923.298871
1753302923.314996
1753302923.331120
1753302923.346066
1753302923.361013
1753302923.380018
1753302923.399024
1753302923.415179
1753302923.431335
1753302923.448154
1753302923.464973
1753302923.479682
1753302923.494392
1753302923.513031
1753302923.531669
1753302923.547908
1753302923.564147
1753302923.581604
1753302923.599062
1753302923.613349
1753302923.627636
1753302923.644793
1753302923.661949
1753302923.679609
1753302923.697270
1753302923.715603
1753302923.733937
1753302923.747028
1753302923.760120
1753302923.778807
1753302923.797494
1753302923.815722
1753302923.833949
1753302923.849730
1753302923.865511
1753302923.879910
1753302923.894310
1753302923.912952
1753302923.931595
1753302923.948736
1753302923.965876
1753302923.981318
1753302923.996760
1753302924.012325
1753302924.027891
1753302924.046456
1753302924.065022
1753302924.082700
1753302924.100377
1753302924.116153
1753302924.131928
1753302924.147573
1753302924.163219
1753302924.181057
1753302924.198895
1753302924.215214
1753302924.231533
1753302924.248975
1753302924.266416
1753302924.280642
1753302924.294868
1753302924.313390
1753302924.331912
1753302924.348182
1753302924.364452
1753302924.382417
1753302924.400382
1753302924.414257
1753302924.428132
1753302924.446445
1753302924.464758
1753302924.481333
1753302924.497909
1753302924.514641
1753302924.531372
1753302924.546317
1753302924.561262
1753302924.580918
1753302924.600575
1753302924.616389
1753302924.632203
1753302924.648478
1753302924.664752
1753302924.680707
1753302924.696661
1753302924.714903
1753302924.733146
1753302924.749231
1753302924.765317
1753302924.783459
1753302924.801602
1753302924.815045
1753302924.828489
1753302924.847645
1753302924.866800
1753302924.882814
1753302924.898828
1753302924.915855
1753302924.932883
1753302924.947368
1753302924.961853
1753302924.980113
1753302924.998372
1753302925.015693
1753302925.033013
1753302925.047528
1753302925.062043
1753302925.080366
1753302925.098689
1753302925.114806
1753302925.130923
1753302925.148421
1753302925.165919
1753302925.182138
1753302925.198357
1753302925.213974
1753302925.229592
1753302925.248046
1753302925.266501
1753302925.282290
1753302925.298078
1753302925.314785
1753302925.331493
1753302925.346659
1753302925.361825
1753302925.380692
1753302925.399559
1753302925.416170
1753302925.432781
1753302925.450098
1753302925.467414
1753302925.481426
1753302925.495439
1753302925.514325
1753302925.533210
1753302925.549680
1753302925.566149
1753302925.581286
1753302925.596424
1753302925.612936
1753302925.629448
1753302925.648168
1753302925.666887
1753302925.682754
1753302925.698621
1753302925.715656
1753302925.732691
1753302925.747362
1753302925.762033
1753302925.779945
1753302925.797858
1753302925.816051
1753302925.834244
1753302925.849969
1753302925.865695
1753302925.880533
1753302925.895371
1753302925.914076
1753302925.932781
1753302925.948956
1753302925.965130
1753302925.981561
1753302925.997991
1753302926.013403
1753302926.028816
1753302926.047285
1753302926.065754
1753302926.082057
1753302926.098360
1753302926.115764
1753302926.133167
1753302926.147717
1753302926.162266
1753302926.180758
1753302926.199251
1753302926.216302
1753302926.233353
1753302926.249588
1753302926.265824
1753302926.280765
1753302926.295705
1753302926.313836
1753302926.331966
1753302926.350274
1753302926.368581
1753302926.384364
1753302926.400147
1753302926.414653
1753302926.429159
1753302926.447436
1753302926.465713
1753302926.482815
1753302926.499916
1753302926.516683
1753302926.533450
1753302926.548458
1753302926.563465
1753302926.582140
1753302926.600815
1753302926.616335
1753302926.631856
1753302926.648725
1753302926.665594
1753302926.682013
1753302926.698431
1753302926.716743
1753302926.735055
1753302926.750598
1753302926.766141
1753302926.783632
1753302926.801123
1753302926.816205
1753302926.831286
1753302926.848110
1753302926.864934
1753302926.883009
1753302926.901084
1753302926.916742
1753302926.932400
1753302926.948880
1753302926.965360
1753302926.982759
1753302927.000157
1753302927.017101
1753302927.034045
1753302927.050277
1753302927.066510
1753302927.082163
1753302927.097817
1753302927.114691
1753302927.131565
1753302927.149498
1753302927.167430
1753302927.183012
1753302927.198593
1753302927.215424
1753302927.232254
1753302927.249480
1753302927.266705
1753302927.283635
1753302927.300565
1753302927.316280
1753302927.331995
1753302927.348405
1753302927.364815
1753302927.383154
1753302927.401493
1753302927.416955
1753302927.432416
1753302927.450219
1753302927.468022
1753302927.482133
1753302927.496244
1753302927.514853
1753302927.533462
1753302927.551074
1753302927.568685
1753302927.584534
1753302927.600382
1753302927.614982
1753302927.629582
1753302927.648238
1753302927.666894
1753302927.683269
1753302927.699644
1753302927.717609
1753302927.735575
1753302927.749388
1753302927.763202
1753302927.781968
1753302927.800734
1753302927.816209
1753302927.831684
1753302927.849390
1753302927.867096
1753302927.882303
1753302927.897510
1753302927.916105
1753302927.934700
1753302927.950532
1753302927.966364
1753302927.983987
1753302928.001610
1753302928.015422
1753302928.029234
1753302928.048107
1753302928.066980
1753302928.084326
1753302928.101672
1753302928.117253
1753302928.132835
1753302928.148029
1753302928.163223
1753302928.182327
1753302928.201431
1753302928.217911
1753302928.234391
1753302928.250724
1753302928.267057
1753302928.281806
1753302928.296554
1753302928.314631
1753302928.332709
1753302928.351180
1753302928.369650
1753302928.385348
1753302928.401046
1753302928.415462
1753302928.429878
1753302928.448606
1753302928.467335
1753302928.484075
1753302928.500814
1753302928.516419
1753302928.532025
1753302928.547619
1753302928.563213
1753302928.582005
1753302928.600797
1753302928.617435
1753302928.634074
1753302928.650187
1753302928.666299
1753302928.681548
1753302928.696796
1753302928.715440
1753302928.734084
1753302928.751473
1753302928.768863
1753302928.784878
1753302928.800893
1753302928.815444
1753302928.829994
1753302928.849546
1753302928.869099
1753302928.885031
1753302928.900962
1753302928.916806
1753302928.932649
1753302928.950445
1753302928.968241
1753302928.983859
1753302928.999477
1753302929.016344
1753302929.033210
1753302929.051012
1753302929.068814
1753302929.082960
1753302929.097105
1753302929.116189
1753302929.135274
1753302929.151279
1753302929.167285
1753302929.184335
1753302929.201385
1753302929.215876
1753302929.230367
1753302929.249303
1753302929.268239
1753302929.284971
1753302929.301702
1753302929.317566
1753302929.333430
1753302929.349248
1753302929.365066
1753302929.383651
1753302929.402235
1753302929.418280
1753302929.434325
1753302929.450182
1753302929.466039
1753302929.482359
1753302929.498680
1753302929.517127
1753302929.535573
1753302929.551520
1753302929.567467
1753302929.585418
1753302929.603369
1753302929.617149
1753302929.630929
1753302929.649644
1753302929.668359
1753302929.683898
1753302929.699437
1753302929.717324
1753302929.735211
1753302929.749614
1753302929.764017
1753302929.782651
1753302929.801285
1753302929.817207
1753302929.833129
1753302929.850570
1753302929.868011
1753302929.882591
1753302929.897171
1753302929.916705
1753302929.936238
1753302929.952640
1753302929.969041
1753302929.985602
1753302930.002164
1753302930.016440
1753302930.030716
1753302930.047802
1753302930.064889
1753302930.082569
1753302930.100249
1753302930.118166
1753302930.136083
1753302930.150158
1753302930.164233
1753302930.182020
1753302930.199808
1753302930.218158
1753302930.236508
1753302930.250819
1753302930.265130
1753302930.282218
1753302930.299306
1753302930.317736
1753302930.336166
1753302930.352344
1753302930.368522
1753302930.385793
1753302930.403065
1753302930.417071
1753302930.431078
1753302930.449495
1753302930.467912
1753302930.485606
1753302930.503300
1753302930.518762
1753302930.534223
1753302930.551792
1753302930.569360
1753302930.583577
1753302930.597794
1753302930.617247
1753302930.636699
1753302930.652740
1753302930.668780
1753302930.684197
1753302930.699614
1753302930.717657
1753302930.735699
1753302930.750126
1753302930.764554
1753302930.783104
1753302930.801655
1753302930.818904
1753302930.836154
1753302930.852739
1753302930.869324
1753302930.883729
1753302930.898135
1753302930.916477
1753302930.934820
1753302930.951212
1753302930.967604
1753302930.985636
1753302931.003667
1753302931.017553
1753302931.031439
1753302931.050359
1753302931.069280
1753302931.085915
1753302931.102550
1753302931.118758
1753302931.134966
1753302931.151360
1753302931.167754
1753302931.184417
1753302931.201080
1753302931.217779
1753302931.234478
1753302931.251140
1753302931.267802
1753302931.284553
1753302931.301303
1753302931.318635
1753302931.335968
1753302931.353183
1753302931.370398
1753302931.386111
1753302931.401825
1753302931.416672
1753302931.431520
1753302931.450847
1753302931.470174
1753302931.485743
1753302931.501311
1753302931.518571
1753302931.535832
1753302931.550407
1753302931.564982
1753302931.583150
1753302931.601319
1753302931.619207
1753302931.637096
1753302931.652752
1753302931.668409
1753302931.683712
1753302931.699016
1753302931.717618
1753302931.736220
1753302931.752384
1753302931.768549
1753302931.786125
1753302931.803701
1753302931.818023
1753302931.832346
1753302931.850462
1753302931.868578
1753302931.885976
1753302931.903375
1753302931.919093
1753302931.934811
1753302931.950605
1753302931.966399
1753302931.985174
1753302932.003949
1753302932.019918
1753302932.035888
1753302932.053437
1753302932.070985
1753302932.084969
1753302932.098953
1753302932.117419
1753302932.135884
1753302932.153080
1753302932.170275
1753302932.186214
1753302932.202154
1753302932.217068
1753302932.231983
1753302932.251268
1753302932.270553
1753302932.286603
1753302932.302654
1753302932.317382
1753302932.332111
1753302932.350883
1753302932.369656
1753302932.386045
1753302932.402434
1753302932.419708
1753302932.436982
1753302932.452915
1753302932.468849
1753302932.484638
1753302932.500427
1753302932.518723
1753302932.537020
1753302932.553162
1753302932.569303
1753302932.586977
1753302932.604652
1753302932.618640
1753302932.632629
1753302932.651281
1753302932.669934
1753302932.685272
1753302932.700609
1753302932.719202
1753302932.737794
1753302932.751259
1753302932.764725
1753302932.783442
1753302932.802159
1753302932.819884
1753302932.837609
1753302932.853662
1753302932.869715
1753302932.884784
1753302932.899852
1753302932.918389
1753302932.936926
1753302932.953022
1753302932.969118
1753302932.986214
1753302933.003309
1753302933.017744
1753302933.032178
1753302933.050977
1753302933.069776
1753302933.085985
1753302933.102194
1753302933.120002
1753302933.137809
1753302933.151785
1753302933.165762
1753302933.184569
1753302933.203377
1753302933.219432
1753302933.235488
1753302933.253127
1753302933.270766
1753302933.284884
1753302933.299002
1753302933.316903
1753302933.334803
1753302933.353192
1753302933.371581
1753302933.387369
1753302933.403156
1753302933.417801
1753302933.432446
1753302933.451027
1753302933.469609
1753302933.486856
1753302933.504103
1753302933.518431
1753302933.532759
1753302933.549365
1753302933.565971
1753302933.584876
1753302933.603780
1753302933.620405
1753302933.637030
1753302933.652852
1753302933.668673
1753302933.683947
1753302933.699220
1753302933.718124
1753302933.737028
1753302933.753000
1753302933.768972
1753302933.787068
1753302933.805165
1753302933.818909
1753302933.832652
1753302933.851233
1753302933.869813
1753302933.886064
1753302933.902314
1753302933.918203
1753302933.934093
1753302933.950566
1753302933.967039
1753302933.985895
1753302934.004750
1753302934.021353
1753302934.037957
1753302934.054243
1753302934.070528
1753302934.085021
1753302934.099515
1753302934.116902
1753302934.134289
1753302934.152699
1753302934.171109
1753302934.187063
1753302934.203017
1753302934.218357
1753302934.233697
1753302934.252270
1753302934.270844
1753302934.286683
1753302934.302522
1753302934.319299
1753302934.336076
1753302934.351827
1753302934.367577
1753302934.385449
1753302934.403322
1753302934.419799
1753302934.436277
1753302934.454825
1753302934.473373
1753302934.486787
1753302934.500201
1753302934.518848
1753302934.537495
1753302934.552979
1753302934.568464
1753302934.586644
1753302934.604824
1753302934.620306
1753302934.635789
1753302934.653457
1753302934.671125
1753302934.687786
1753302934.704447
1753302934.719977
1753302934.735507
1753302934.752764
1753302934.770021
1753302934.786598
1753302934.803176
1753302934.821290
1753302934.839404
1753302934.854933
1753302934.870461
1753302934.885798
1753302934.901134
1753302934.919674
1753302934.938215
1753302934.954388
1753302934.970560
1753302934.986290
1753302935.002021
1753302935.019590
1753302935.037159
1753302935.053165
1753302935.069172
1753302935.087552
1753302935.105932
1753302935.121584
1753302935.137237
1753302935.153905
1753302935.170573
1753302935.186775
1753302935.202978
1753302935.220609
1753302935.238240
1753302935.253927
1753302935.269615
1753302935.285530
1753302935.301445
1753302935.318386
1753302935.335326
1753302935.352196
1753302935.369065
1753302935.387566
1753302935.406067
1753302935.419847
1753302935.433627
1753302935.452994
1753302935.472361
1753302935.488370
1753302935.504380
1753302935.521116
1753302935.537851
1753302935.552329
1753302935.566807
1753302935.586123
1753302935.605439
1753302935.622110
1753302935.638781
1753302935.655273
1753302935.671765
1753302935.685564
1753302935.699363
1753302935.717408
1753302935.735453
1753302935.753533
1753302935.771614
1753302935.787314
1753302935.803015
1753302935.819492
1753302935.835970
1753302935.853903
1753302935.871837
1753302935.888133
1753302935.904429
1753302935.920512
1753302935.936596
1753302935.951737
1753302935.966878
1753302935.986171
1753302936.005465
1753302936.021086
1753302936.036707
1753302936.055231
1753302936.073754
1753302936.087243
1753302936.100731
1753302936.119390
1753302936.138048
1753302936.153113
1753302936.168178
1753302936.187110
1753302936.206043
1753302936.219916
1753302936.233790
1753302936.252572
1753302936.271353
1753302936.287439
1753302936.303526
1753302936.320374
1753302936.337223
1753302936.352584
1753302936.367945
1753302936.387113
1753302936.406280
1753302936.421951
1753302936.437621
1753302936.454522
1753302936.471422
1753302936.486089
1753302936.500757
1753302936.519989
1753302936.539222
1753302936.556357
1753302936.573493
1753302936.588629
1753302936.603765
1753302936.618822
1753302936.633878
1753302936.652506
1753302936.671135
1753302936.687810
1753302936.704486
1753302936.720190
1753302936.735894
1753302936.752930
1753302936.769966
1753302936.786579
1753302936.803192
1753302936.820543
1753302936.837894
1753302936.854331
1753302936.870768
1753302936.886016
1753302936.901265
1753302936.919522
1753302936.937780
1753302936.953864
1753302936.969947
1753302936.988291
1753302937.006635
1753302937.020506
1753302937.034377
1753302937.053527
1753302937.072677
1753302937.088686
1753302937.104695
1753302937.121697
1753302937.138700
1753302937.153249
1753302937.167798
1753302937.185646
1753302937.203493
1753302937.220542
1753302937.237591
1753302937.255900
1753302937.274210
1753302937.287695
1753302937.301181
1753302937.319460
1753302937.337739
1753302937.355890
1753302937.374041
1753302937.389936
1753302937.405831
1753302937.420104
1753302937.434377
1753302937.453694
1753302937.473011
1753302937.489090
1753302937.505169
1753302937.522148
1753302937.539127
1753302937.553390
1753302937.567652
1753302937.585905
1753302937.604157
1753302937.621729
1753302937.639302
1753302937.656163
1753302937.673024
1753302937.686501
1753302937.699978
1753302937.719295
1753302937.738612
1753302937.754117
1753302937.769623
1753302937.787840
1753302937.806058
1753302937.820323
1753302937.834587
1753302937.853442
1753302937.872297
1753302937.888600
1753302937.904904
1753302937.921671
1753302937.938438
1753302937.953085
1753302937.967732
1753302937.986727
1753302938.005722
1753302938.022336
1753302938.038949
1753302938.056562
1753302938.074176
1753302938.087886
1753302938.101596
1753302938.119603
1753302938.137610
1753302938.155450
1753302938.173290
1753302938.188872
1753302938.204455
1753302938.219732
1753302938.235010
1753302938.252410
1753302938.269810
1753302938.286570
1753302938.303329
1753302938.321886
1753302938.340442
1753302938.354275
1753302938.368109
1753302938.386732
1753302938.405354
1753302938.422772
1753302938.440190
1753302938.456378
1753302938.472565
1753302938.487099
1753302938.501633
1753302938.520678
1753302938.539723
1753302938.555975
1753302938.572228
1753302938.588388
1753302938.604548
1753302938.620221
1753302938.635894
1753302938.654135
1753302938.672376
1753302938.689450
1753302938.706524
1753302938.722748
1753302938.738973
1753302938.754427
1753302938.769881
1753302938.787340
1753302938.804799
1753302938.822836
1753302938.840874
1753302938.856460
1753302938.872046
1753302938.889518
1753302938.906989
1753302938.921078
1753302938.935167
1753302938.954268
1753302938.973368
1753302938.989672
1753302939.005977
1753302939.023115
1753302939.040253
1753302939.056934
1753302939.073616
1753302939.089273
1753302939.104931
1753302939.122327
1753302939.139722
1753302939.156035
1753302939.172348
1753302939.189818
1753302939.207289
1753302939.222525
1753302939.237761
1753302939.255929
1753302939.274096
1753302939.288470
1753302939.302843
1753302939.321826
1753302939.340809
1753302939.354748
1753302939.368686
1753302939.387217
1753302939.405748
1753302939.423613
1753302939.441478
1753302939.457321
1753302939.473164
1753302939.488055
1753302939.502946
1753302939.520696
1753302939.538447
1753302939.554269
1753302939.570091
1753302939.587605
1753302939.605119
1753302939.620940
1753302939.636762
1753302939.655514
1753302939.674267
1753302939.690192
1753302939.706117
1753302939.723178
1753302939.740240
1753302939.754590
1753302939.768939
1753302939.787653
1753302939.806368
1753302939.823289
1753302939.840210
1753302939.857271
1753302939.874332
1753302939.888288
1753302939.902244
1753302939.920988
1753302939.939732
1753302939.956061
1753302939.972390
1753302939.990501
1753302940.008613
1753302940.022182
1753302940.035750
1753302940.055255
1753302940.074761
1753302940.090653
1753302940.106546
1753302940.123952
1753302940.141358
1753302940.155243
1753302940.169128
1753302940.188032
1753302940.206936
1753302940.222869
1753302940.238802
1753302940.257221
1753302940.275639
1753302940.289058
1753302940.302477
1753302940.321055
1753302940.339634
1753302940.357670
1753302940.375707
1753302940.391464
1753302940.407221
1753302940.422991
1753302940.438761
1753302940.457283
1753302940.475806
1753302940.491682
1753302940.507557
1753302940.524354
1753302940.541152
1753302940.556206
1753302940.571259
1753302940.589285
1753302940.607311
1753302940.623412
1753302940.639513
1753302940.656327
1753302940.673140
1753302940.688107
1753302940.703075
1753302940.721056
1753302940.739037
1753302940.756442
1753302940.773846
1753302940.790255
1753302940.806664
1753302940.823098
1753302940.839532
1753302940.857009
1753302940.874487
1753302940.890101
1753302940.905715
1753302940.924166
1753302940.942618
1753302940.956126
1753302940.969635
1753302940.988249
1753302941.006863
1753302941.022806
1753302941.038748
1753302941.057183
1753302941.075617
1753302941.089318
1753302941.103019
1753302941.120984
1753302941.138949
1753302941.156422
1753302941.173895
1753302941.190187
1753302941.206479
1753302941.222477
1753302941.238476
1753302941.257149
1753302941.275822
1753302941.291249
1753302941.306676
1753302941.323927
1753302941.341179
1753302941.356428
1753302941.371677
1753302941.389717
1753302941.407757
1753302941.423934
1753302941.440112
1753302941.457165
1753302941.474218
1753302941.488679
1753302941.503140
1753302941.522653
1753302941.542165
1753302941.556400
1753302941.570635
1753302941.589148
1753302941.607660
1753302941.622082
1753302941.636505
1753302941.654831
1753302941.673158
1753302941.690370
1753302941.707581
1753302941.723361
1753302941.739140
1753302941.754492
1753302941.769843
1753302941.789129
1753302941.808416
1753302941.824078
1753302941.839739
1753302941.858222
1753302941.876705
1753302941.890002
1753302941.903300
1753302941.922191
1753302941.941082
1753302941.958266
1753302941.975450
1753302941.991853
1753302942.008256
1753302942.021981
1753302942.035707
1753302942.054497
1753302942.073287
1753302942.090950
1753302942.108613
1753302942.125219
1753302942.141825
1753302942.155947
1753302942.170070
1753302942.188437
1753302942.206805
1753302942.224622
1753302942.242440
1753302942.258528
1753302942.274617
1753302942.289037
1753302942.303457
1753302942.322603
1753302942.341748
1753302942.357970
1753302942.374192
1753302942.389935
1753302942.405679
1753302942.421393
1753302942.437108
1753302942.456145
1753302942.475182
1753302942.490388
1753302942.505595
1753302942.523475
1753302942.541355
1753302942.555214
1753302942.569074
1753302942.588573
1753302942.608073
1753302942.624110
1753302942.640147
1753302942.658248
1753302942.676350
1753302942.690133
1753302942.703915
1753302942.721338
1753302942.738760
1753302942.757198
1753302942.775637
1753302942.792147
1753302942.808657
1753302942.822938
1753302942.837219
1753302942.855976
1753302942.874732
1753302942.890997
1753302942.907263
1753302942.925572
1753302942.943882
1753302942.957200
1753302942.970517
1753302942.988871
1753302943.007224
1753302943.025388
1753302943.043552
1753302943.059402
1753302943.075253
1753302943.090582
1753302943.105911
1753302943.124456
1753302943.143001
1753302943.159472
1753302943.175943
1753302943.192405
1753302943.208867
1753302943.224319
1753302943.239770
1753302943.257774
1753302943.275778
1753302943.292081
1753302943.308384
1753302943.324444
1753302943.340505
1753302943.357287
1753302943.374069
1753302943.390083
1753302943.406097
1753302943.424499
1753302943.442900
1753302943.458817
1753302943.474735
1753302943.489667
1753302943.504600
1753302943.522517
1753302943.540434
1753302943.555811
1753302943.571189
1753302943.589565
1753302943.607941
1753302943.622720
1753302943.637500
1753302943.656290
1753302943.675080
1753302943.690490
1753302943.705900
1753302943.723457
1753302943.741014
1753302943.756051
1753302943.771088
1753302943.789673
1753302943.808259
1753302943.824984
1753302943.841709
1753302943.858934
1753302943.876159
1753302943.889920
1753302943.903682
1753302943.922458
1753302943.941234
1753302943.956613
1753302943.971991
1753302943.990072
1753302944.008153
1753302944.023971
1753302944.039788
1753302944.058018
1753302944.076249
1753302944.092532
1753302944.108816
1753302944.125813
1753302944.142811
1753302944.156928
1753302944.171045
1753302944.188876
1753302944.206706
1753302944.224617
1753302944.242527
1753302944.258088
1753302944.273649
1753302944.289019
1753302944.304388
1753302944.322984
1753302944.341580
1753302944.359277
1753302944.376975
1753302944.392835
1753302944.408695
1753302944.423265
1753302944.437836
1753302944.456558
1753302944.475280
1753302944.492193
1753302944.509106
1753302944.525962
1753302944.542818
1753302944.557009
1753302944.571199
1753302944.589879
1753302944.608558
1753302944.624265
1753302944.639972
1753302944.658777
1753302944.677583
1753302944.691103
1753302944.704623
1753302944.722551
1753302944.740480
1753302944.757885
1753302944.775290
1753302944.792047
1753302944.808804
1753302944.823416
1753302944.838028
1753302944.857013
1753302944.875997
1753302944.891564
1753302944.907132
1753302944.925494
1753302944.943856
1753302944.957776
1753302944.971696
1753302944.990466
1753302945.009236
1753302945.026010
1753302945.042783
1753302945.060031
1753302945.077280
1753302945.091159
1753302945.105039
1753302945.124064
1753302945.143089
1753302945.158895
1753302945.174700
1753302945.192910
1753302945.211120
1753302945.224712
1753302945.238304
1753302945.256954
1753302945.275605
1753302945.292985
1753302945.310365
1753302945.326283
1753302945.342201
1753302945.356352
1753302945.370503
1753302945.389030
1753302945.407558
1753302945.426086
1753302945.444614
1753302945.460479
1753302945.476345
1753302945.490700
1753302945.505055
1753302945.524429
1753302945.543803
1753302945.560202
1753302945.576601
1753302945.592262
1753302945.607923
1753302945.623204
1753302945.638486
1753302945.658005
1753302945.677525
1753302945.692605
1753302945.707685
1753302945.724972
1753302945.742259
1753302945.756944
1753302945.771629
1753302945.790138
1753302945.808647
1753302945.826719
1753302945.844792
1753302945.860826
1753302945.876859
1753302945.891082
1753302945.905305
1753302945.924289
1753302945.943272
1753302945.959785
1753302945.976297
1753302945.992135
1753302946.007973
1753302946.023199
1753302946.038425
1753302946.057570
1753302946.076714
1753302946.092919
1753302946.109124
1753302946.127284
1753302946.145444
1753302946.158727
1753302946.172011
1753302946.190697
1753302946.209384
1753302946.226347
1753302946.243310
1753302946.259151
1753302946.274991
1753302946.290104
1753302946.305218
1753302946.324052
1753302946.342887
1753302946.359932
1753302946.376978
1753302946.391786
1753302946.406593
1753302946.424343
1753302946.442092
1753302946.459153
1753302946.476214
1753302946.493913
1753302946.511613
1753302946.528018
1753302946.544422
1753302946.558356
1753302946.572290
1753302946.590921
1753302946.609553
1753302946.626927
1753302946.644301
1753302946.660388
1753302946.676475
1753302946.691091
1753302946.705707
1753302946.723503
1753302946.741298
1753302946.759631
1753302946.777964
1753302946.794001
1753302946.810038
1753302946.824488
1753302946.838938
1753302946.857824
1753302946.876710
1753302946.892724
1753302946.908738
1753302946.927079
1753302946.945421
1753302946.959003
1753302946.972586
1753302946.991606
1753302947.010626
1753302947.026851
1753302947.043076
1753302947.060462
1753302947.077847
1753302947.091894
1753302947.105941
1753302947.125048
1753302947.144155
1753302947.160790
1753302947.177425
1753302947.193190
1753302947.208955
1753302947.226953
1753302947.244950
1753302947.258750
1753302947.272550
1753302947.291430
1753302947.310310
1753302947.327685
1753302947.345060
1753302947.361106
1753302947.377153
1753302947.393621
1753302947.410089
1753302947.424704
1753302947.439319
1753302947.458010
1753302947.476702
1753302947.493829
1753302947.510957
1753302947.527576
1753302947.544195
1753302947.558450
1753302947.572706
1753302947.591416
1753302947.610127
1753302947.627619
1753302947.645111
1753302947.661179
1753302947.677246
1753302947.691667
1753302947.706088
1753302947.724726
1753302947.743364
1753302947.761153
1753302947.778941
1753302947.794738
1753302947.810536
1753302947.824976
1753302947.839416
1753302947.858115
1753302947.876814
1753302947.894433
1753302947.912051
1753302947.928112
1753302947.944173
1753302947.958614
1753302947.973055
1753302947.992045
1753302948.011036
1753302948.027021
1753302948.043007
1753302948.061056
1753302948.079105
1753302948.092809
1753302948.106513
1753302948.125242
1753302948.143970
1753302948.160815
1753302948.177661
1753302948.193138
1753302948.208615
1753302948.226038
1753302948.243460
1753302948.260473
1753302948.277486
1753302948.293850
1753302948.310214
1753302948.327724
1753302948.345234
1753302948.359265
1753302948.373296
1753302948.392179
1753302948.411062
1753302948.428210
1753302948.445357
1753302948.461686
1753302948.478015
1753302948.493436
1753302948.508857
1753302948.527125
1753302948.545393
1753302948.561520
1753302948.577646
1753302948.593738
1753302948.609830
1753302948.626882
1753302948.643933
1753302948.660191
1753302948.676448
1753302948.692924
1753302948.709400
1753302948.726262
1753302948.743123
1753302948.760684
1753302948.778246
1753302948.794100
1753302948.809954
1753302948.828375
1753302948.846797
1753302948.862121
1753302948.877445
1753302948.893067
1753302948.908690
1753302948.927130
1753302948.945570
1753302948.961409
1753302948.977247
1753302948.994801
1753302949.012355
1753302949.026212
1753302949.040068
1753302949.059344
1753302949.078620
1753302949.094696
1753302949.110771
1753302949.127361
1753302949.143951
1753302949.159815
1753302949.175679
1753302949.193801
1753302949.211923
1753302949.227807
1753302949.243691
1753302949.261379
1753302949.279068
1753302949.294741
1753302949.310414
1753302949.326895
1753302949.343375
1753302949.360538
1753302949.377700
1753302949.395307
1753302949.412914
1753302949.426662
1753302949.440410
1753302949.459794
1753302949.479177
1753302949.495690
1753302949.512204
1753302949.528819
1753302949.545434
1753302949.559801
1753302949.574167
1753302949.592566
1753302949.610966
1753302949.626349
1753302949.641733
1753302949.658102
1753302949.674471
1753302949.690688
1753302949.706905
1753302949.724830
1753302949.742756
1753302949.761233
1753302949.779710
1753302949.795729
1753302949.811748
1753302949.827427
1753302949.843106
1753302949.860389
1753302949.877673
1753302949.894536
1753302949.911398
1753302949.928977
1753302949.946556
1753302949.960199
1753302949.973842
1753302949.992425
1753302950.011008
1753302950.028476
1753302950.045944
1753302950.062019
1753302950.078094
1753302950.092973
1753302950.107851
1753302950.126497
1753302950.145142
1753302950.161309
1753302950.177476
1753302950.193259
1753302950.209043
1753302950.225171
1753302950.241299
1753302950.259697
1753302950.278095
1753302950.295679
1753302950.313262
1753302950.329343
1753302950.345424
1753302950.359778
1753302950.374132
1753302950.392601
1753302950.411070
1753302950.429109
1753302950.447147
1753302950.463010
1753302950.478874
1753302950.493130
1753302950.507387
1753302950.526212
1753302950.545036
1753302950.561213
1753302950.577391
1753302950.594876
1753302950.612362
1753302950.626248
1753302950.640134
1753302950.658965
1753302950.677796
1753302950.694500
1753302950.711204
1753302950.728311
1753302950.745417
1753302950.759885
1753302950.774353
1753302950.793783
1753302950.813213
1753302950.829207
1753302950.845202
1753302950.861490
1753302950.877778
1753302950.893818
1753302950.909859
1753302950.928555
1753302950.947251
1753302950.963279
1753302950.979308
1753302950.995373
1753302951.011439
1753302951.027637
1753302951.043835
1753302951.061796
1753302951.079758
1753302951.095599
1753302951.111441
1753302951.128720
1753302951.146000
1753302951.161157
1753302951.176314
1753302951.192789
1753302951.209263
1753302951.227679
1753302951.246095
1753302951.262199
1753302951.278303
1753302951.293236
1753302951.308169
1753302951.327381
1753302951.346593
1753302951.362165
1753302951.377737
1753302951.395141
1753302951.412545
1753302951.426908
1753302951.441272
1753302951.460586
1753302951.479899
1753302951.495769
1753302951.511639
1753302951.528410
1753302951.545181
1753302951.559863
1753302951.574545
1753302951.593460
1753302951.612375
1753302951.629316
1753302951.646257
1753302951.662508
1753302951.678760
1753302951.693374
1753302951.707987
1753302951.726487
1753302951.744987
1753302951.761522
1753302951.778057
1753302951.795616
1753302951.813174
1753302951.827285
1753302951.841396
1753302951.859432
1753302951.877468
1753302951.894571
1753302951.911673
1753302951.929552
1753302951.947430
1753302951.961154
1753302951.974879
1753302951.993580
1753302952.012282
1753302952.028455
1753302952.044628
1753302952.062867
1753302952.081106
1753302952.094791
1753302952.108477
1753302952.127300
1753302952.146122
1753302952.162184
1753302952.178247
1753302952.193907
1753302952.209568
1753302952.226831
1753302952.244094
1753302952.260663
1753302952.277231
1753302952.294110
1753302952.310989
1753302952.327806
1753302952.344622
1753302952.360538
1753302952.376455
1753302952.395047
1753302952.413638
1753302952.429780
1753302952.445922
1753302952.462379
1753302952.478836
1753302952.493702
1753302952.508569
1753302952.527395
1753302952.546220
1753302952.561901
1753302952.577581
1753302952.595686
1753302952.613791
1753302952.627270
1753302952.640750
1753302952.659763
1753302952.678776
1753302952.694133
1753302952.709490
1753302952.727264
1753302952.745038
1753302952.759567
1753302952.774096
1753302952.793864
1753302952.813633
1753302952.829525
1753302952.845418
1753302952.862751
1753302952.880084
1753302952.893795
1753302952.907506
1753302952.927206
1753302952.946905
1753302952.962830
1753302952.978754
1753302952.993875
1753302953.008995
1753302953.027597
1753302953.046200
1753302953.061973
1753302953.077746
1753302953.095817
1753302953.113888
1753302953.129853
1753302953.145818
1753302953.161110
1753302953.176402
1753302953.194686
1753302953.212970
1753302953.229877
1753302953.246783
1753302953.263883
1753302953.280982
1753302953.296471
1753302953.311959
1753302953.328825
1753302953.345691
1753302953.362140
1753302953.378589
1753302953.396886
1753302953.415184
1753302953.428737
1753302953.442289
1753302953.461728
1753302953.481167
1753302953.497606
1753302953.514045
1753302953.530135
1753302953.546225
1753302953.561520
1753302953.576815
1753302953.595305
1753302953.613795
1753302953.629783
1753302953.645771
1753302953.662994
1753302953.680217
1753302953.694597
1753302953.708977
1753302953.727026
1753302953.745076
1753302953.763100
1753302953.781124
1753302953.797979
1753302953.814834
1753302953.828546
1753302953.842257
1753302953.860803
1753302953.879349
1753302953.896461
1753302953.913574
1753302953.929751
1753302953.945929
1753302953.960588
1753302953.975247
1753302953.993762
1753302954.012276
1753302954.029223
1753302954.046171
1753302954.063796
1753302954.081420
1753302954.095351
1753302954.109282
1753302954.127846
1753302954.146411
1753302954.163071
1753302954.179731
1753302954.195297
1753302954.210864
1753302954.228910
1753302954.246957
1753302954.263294
1753302954.279631
1753302954.296152
1753302954.312673
1753302954.330795
1753302954.348917
1753302954.362452
1753302954.375987
1753302954.395469
1753302954.414951
1753302954.430839
1753302954.446726
1753302954.464380
1753302954.482034
1753302954.495699
1753302954.509365
1753302954.528831
1753302954.548296
1753302954.564116
1753302954.579937
1753302954.597216
1753302954.614494
1753302954.628769
1753302954.643045
1753302954.661854
1753302954.680663
1753302954.696689
1753302954.712715
1753302954.730994
1753302954.749272
1753302954.762805
1753302954.776337
1753302954.795017
1753302954.813698
1753302954.830685
1753302954.847671
1753302954.863333
1753302954.878995
1753302954.895294
1753302954.911593
1753302954.929870
1753302954.948147
1753302954.964229
1753302954.980310
1753302954.997535
1753302955.014759
1753302955.028916
1753302955.043073
1753302955.061967
1753302955.080862
1753302955.096961
1753302955.113059
1753302955.129749
1753302955.146439
1753302955.163138
1753302955.179838
1753302955.195586
1753302955.211334
1753302955.228875
1753302955.246416
1753302955.264280
1753302955.282144
1753302955.295976
1753302955.309808
1753302955.328535
1753302955.347261
1753302955.363300
1753302955.379340
1753302955.397686
1753302955.416033
1753302955.429751
1753302955.443470
1753302955.462548
1753302955.481626
1753302955.497929
1753302955.514232
1753302955.530888
1753302955.547543
1753302955.564785
1753302955.582026
1753302955.595966
1753302955.609906
1753302955.628978
1753302955.648050
1753302955.664401
1753302955.680751
1753302955.695647
1753302955.710543
1753302955.728712
1753302955.746881
1753302955.761971
1753302955.777061
1753302955.795925
1753302955.814788
1753302955.831014
1753302955.847239
1753302955.863243
1753302955.879246
1753302955.895947
1753302955.912648
1753302955.930592
1753302955.948535
1753302955.964645
1753302955.980755
1753302955.998226
1753302956.015696
1753302956.029198
1753302956.042699
1753302956.061838
1753302956.080976
1753302956.097257
1753302956.113537
1753302956.130538
1753302956.147539
1753302956.162956
1753302956.178373
1753302956.195971
1753302956.213568
1753302956.231243
1753302956.248918
1753302956.265308
1753302956.281699
1753302956.297060
1753302956.312421
1753302956.330137
1753302956.347854
1753302956.363309
1753302956.378765
1753302956.397320
1753302956.415874
1753302956.429838
1753302956.443802
1753302956.462825
1753302956.481848
1753302956.499080
1753302956.516312
1753302956.532805
1753302956.549298
1753302956.564065
1753302956.578832
1753302956.597379
1753302956.615926
1753302956.631815
1753302956.647704
1753302956.665097
1753302956.682490
1753302956.696566
1753302956.710642
1753302956.728805
1753302956.746968
1753302956.765007
1753302956.783045
1753302956.799173
1753302956.815302
1753302956.829624
1753302956.843947
1753302956.861337
1753302956.878727
1753302956.897121
1753302956.915515
1753302956.931775
1753302956.948034
1753302956.962631
1753302956.977227
1753302956.996006
1753302957.014785
1753302957.030897
1753302957.047008
1753302957.064956
1753302957.082904
1753302957.096848
1753302957.110791
1753302957.128598
1753302957.146406
1753302957.164755
1753302957.183105
1753302957.197904
1753302957.212702
1753302957.228730
1753302957.244758
1753302957.263438
1753302957.282119
1753302957.298956
1753302957.315794
1753302957.331657
1753302957.347520
1753302957.363350
1753302957.379180
1753302957.397210
1753302957.415240
1753302957.432088
1753302957.448937
1753302957.465701
1753302957.482464
1753302957.498405
1753302957.514346
1753302957.531153
1753302957.547960
1753302957.565820
1753302957.583680
1753302957.599599
1753302957.615519
1753302957.631904
1753302957.648289
1753302957.664012
1753302957.679736
1753302957.698254
1753302957.716772
1753302957.732984
1753302957.749195
1753302957.763603
1753302957.778011
1753302957.796362
1753302957.814714
1753302957.831638
1753302957.848563
1753302957.864767
1753302957.880971
1753302957.896059
1753302957.911146
1753302957.929255
1753302957.947363
1753302957.964134
1753302957.980905
1753302957.999210
1753302958.017516
1753302958.030951
1753302958.044385
1753302958.063040
1753302958.081696
1753302958.098801
1753302958.115906
1753302958.131370
1753302958.146834
1753302958.164995
1753302958.183157
1753302958.198111
1753302958.213065
1753302958.231545
1753302958.250026
1753302958.266035
1753302958.282044
1753302958.296960
1753302958.311877
1753302958.330322
1753302958.348766
1753302958.363876
1753302958.378986
1753302958.397614
1753302958.416243
1753302958.430470
1753302958.444698
1753302958.463271
1753302958.481843
1753302958.498230
1753302958.514616
1753302958.531890
1753302958.549164
1753302958.563774
1753302958.578384
1753302958.597169
1753302958.615954
1753302958.632113
1753302958.648272
1753302958.664644
1753302958.681015
1753302958.698433
1753302958.715851
1753302958.731921
1753302958.747991
1753302958.766186
1753302958.784380
1753302958.799702
1753302958.815024
1753302958.830563
1753302958.846101
1753302958.863055
1753302958.880009
1753302958.898636
1753302958.917263
1753302958.933371
1753302958.949478
1753302958.966065
1753302958.982653
1753302958.998384
1753302959.014115
1753302959.032280
1753302959.050445
1753302959.066508
1753302959.082570
1753302959.098331
1753302959.114092
1753302959.131039
1753302959.147985
1753302959.164567
1753302959.181149
1753302959.198595
1753302959.216040
1753302959.231644
1753302959.247249
1753302959.264054
1753302959.280860
1753302959.298216
1753302959.315572
1753302959.331975
1753302959.348379
1753302959.364358
1753302959.380338
1753302959.397288
1753302959.414239
1753302959.431607
1753302959.448976
1753302959.466591
1753302959.484206
1753302959.498258
1753302959.512309
1753302959.531403
1753302959.550497
1753302959.566535
1753302959.582573
1753302959.599171
1753302959.615769
1753302959.630440
1753302959.645111
1753302959.663642
1753302959.682173
1753302959.698136
1753302959.714099
1753302959.729950
1753302959.745801
1753302959.763020
1753302959.780239
1753302959.798809
1753302959.817378
1753302959.833207
1753302959.849036
1753302959.863920
1753302959.878805
1753302959.895387
1753302959.911969
1753302959.930268
1753302959.948567
1753302959.964757
1753302959.980947
1753302959.998860
1753302960.016773
1753302960.031206
1753302960.045638
1753302960.064710
1753302960.083781
1753302960.100458
1753302960.117134
1753302960.131608
1753302960.146081
1753302960.164783
1753302960.183484
1753302960.198975
1753302960.214466
1753302960.231705
1753302960.248944
1753302960.267169
1753302960.285395
1753302960.298791
1753302960.312188
1753302960.330976
1753302960.349764
1753302960.365335
1753302960.380907
1753302960.397747
1753302960.414586
1753302960.430891
1753302960.447196
1753302960.465670
1753302960.484143
1753302960.500545
1753302960.516947
1753302960.533630
1753302960.550314
1753302960.564657
1753302960.579001
1753302960.598518
1753302960.618035
1753302960.633663
1753302960.649291
1753302960.667371
1753302960.685451
1753302960.698981
1753302960.712510
1753302960.732125
1753302960.751739
1753302960.767441
1753302960.783143
1753302960.799031
1753302960.814919
1753302960.831090
1753302960.847261
1753302960.864245
1753302960.881229
1753302960.899503
1753302960.917778
1753302960.934201
1753302960.950624
1753302960.965747
1753302960.980871
1753302960.998050
1753302961.015230
1753302961.033238
1753302961.051246
1753302961.067268
1753302961.083291
1753302961.099074
1753302961.114858
1753302961.132292
1753302961.149726
1753302961.166608
1753302961.183491
1753302961.199340
1753302961.215189
1753302961.231833
1753302961.248477
1753302961.266009
1753302961.283542
1753302961.300208
1753302961.316874
1753302961.334213
1753302961.351551
1753302961.365650
1753302961.379749
1753302961.398367
1753302961.416985
1753302961.433338
1753302961.449691
1753302961.467290
1753302961.484890
1753302961.498922
1753302961.512955
1753302961.531664
1753302961.550373
1753302961.566472
1753302961.582570
1753302961.600102
1753302961.617635
1753302961.631934
1753302961.646233
1753302961.665090
1753302961.683947
1753302961.700891
1753302961.717834
1753302961.734754
1753302961.751674
1753302961.765746
1753302961.779817
1753302961.798534
1753302961.817251
1753302961.833643
1753302961.850036
1753302961.865138
1753302961.880240
1753302961.898706
1753302961.917172
1753302961.932677
1753302961.948182
1753302961.965182
1753302961.982181
1753302962.000358
1753302962.018534
1753302962.032529
1753302962.046524
1753302962.065514
1753302962.084503
1753302962.100515
1753302962.116527
1753302962.132938
1753302962.149349
1753302962.165182
1753302962.181015
1753302962.199559
1753302962.218103
1753302962.233920
1753302962.249737
1753302962.267780
1753302962.285823
1753302962.299525
1753302962.313227
1753302962.332524
1753302962.351821
1753302962.366274
1753302962.380728
1753302962.399076
1753302962.417423
1753302962.431994
1753302962.446565
1753302962.465664
1753302962.484764
1753302962.500516
1753302962.516268
1753302962.534651
1753302962.553033
1753302962.566612
1753302962.580191
1753302962.598808
1753302962.617425
1753302962.634012
1753302962.650600
1753302962.668350
1753302962.686099
1753302962.699707
1753302962.713314
1753302962.731667
1753302962.750019
1753302962.767702
1753302962.785384
1753302962.801668
1753302962.817952
1753302962.833077
1753302962.848202
1753302962.865574
1753302962.882946
1753302962.901382
1753302962.919818
1753302962.935311
1753302962.950805
1753302962.966793
1753302962.982781
1753302962.999626
1753302963.016471
1753302963.034815
1753302963.053159
1753302963.069008
1753302963.084858
1753302963.099863
1753302963.114867
1753302963.131449
1753302963.148031
1753302963.167109
1753302963.186186
1753302963.202273
1753302963.218361
1753302963.234298
1753302963.250236
1753302963.268409
1753302963.286583
1753302963.301825
1753302963.317067
1753302963.335392
1753302963.353716
1753302963.367877
1753302963.382039
1753302963.400887
1753302963.419736
1753302963.435441
1753302963.451147
1753302963.467452
1753302963.483756
1753302963.499845
1753302963.515933
1753302963.534437
1753302963.552941
1753302963.569261
1753302963.585581
1753302963.602200
1753302963.618818
1753302963.633237
1753302963.647657
1753302963.666059
1753302963.684461
1753302963.700942
1753302963.717422
1753302963.733770
1753302963.750118
1753302963.765305
1753302963.780492
1753302963.797867
1753302963.815242
1753302963.833970
1753302963.852697
1753302963.866921
1753302963.881146
1753302963.899513
1753302963.917880
1753302963.932654
1753302963.947428
1753302963.966236
1753302963.985043
1753302964.001312
1753302964.017580
1753302964.034946
1753302964.052313
1753302964.068619
1753302964.084925
1753302964.099447
1753302964.113969
1753302964.132069
1753302964.150169
1753302964.168565
1753302964.186962
1753302964.202760
1753302964.218559
1753302964.233013
1753302964.247466
1753302964.265986
1753302964.284507
1753302964.302408
1753302964.320308
1753302964.335715
1753302964.351122
1753302964.367365
1753302964.383608
1753302964.400214
1753302964.416819
1753302964.435267
1753302964.453716
1753302964.469712
1753302964.485708
1753302964.500102
1753302964.514495
1753302964.533529
1753302964.552563
1753302964.569546
1753302964.586530
1753302964.602552
1753302964.618574
1753302964.633100
1753302964.647626
1753302964.666142
1753302964.684658
1753302964.701442
1753302964.718226
1753302964.734125
1753302964.750024
1753302964.766199
1753302964.782373
1753302964.800396
1753302964.818420
1753302964.835573
1753302964.852726
1753302964.867491
1753302964.882256
1753302964.900213
1753302964.918169
1753302964.934206
1753302964.950242
1753302964.966875
1753302964.983507
1753302965.000920
1753302965.018333
1753302965.033577
1753302965.048822
1753302965.067470
1753302965.086118
1753302965.102309
1753302965.118499
1753302965.133619
1753302965.148739
1753302965.167541
1753302965.186342
1753302965.202053
1753302965.217763
1753302965.234563
1753302965.251363
1753302965.268483
1753302965.285602
1753302965.300266
1753302965.314930
1753302965.332555
1753302965.350180
1753302965.368700
1753302965.387219
1753302965.402989
1753302965.418760
1753302965.433538
1753302965.448316
1753302965.466228
1753302965.484139
1753302965.502367
1753302965.520595
1753302965.536761
1753302965.552927
1753302965.567014
1753302965.581100
1753302965.598245
1753302965.615390
1753302965.633900
1753302965.652409
1753302965.668980
1753302965.685550
1753302965.700231
1753302965.714912
1753302965.733959
1753302965.753006
1753302965.769237
1753302965.785467
1753302965.801904
1753302965.818342
1753302965.833251
1753302965.848161
1753302965.866441
1753302965.884721
1753302965.901524
1753302965.918326
1753302965.935129
1753302965.951933
1753302965.966964
1753302965.981996
1753302966.000607
1753302966.019219
1753302966.035529
1753302966.051839
1753302966.068417
1753302966.084995
1753302966.099875
1753302966.114755
1753302966.132648
1753302966.150540
1753302966.167642
1753302966.184744
1753302966.201451
1753302966.218159
1753302966.233765
1753302966.249371
1753302966.268066
1753302966.286761
1753302966.302254
1753302966.317747
1753302966.335614
1753302966.353481
1753302966.368441
1753302966.383400
1753302966.402085
1753302966.420771
1753302966.436018
1753302966.451265
1753302966.468666
1753302966.486066
1753302966.501904
1753302966.517743
1753302966.534852
1753302966.551960
1753302966.570275
1753302966.588590
1753302966.604698
1753302966.620807
1753302966.634490
1753302966.648172
1753302966.666531
1753302966.684890
1753302966.701620
1753302966.718350
1753302966.736584
1753302966.754819
1753302966.768600
1753302966.782381
1753302966.801272
1753302966.820164
1753302966.836142
1753302966.852120
1753302966.868258
1753302966.884397
1753302966.901174
1753302966.917951
1753302966.936212
1753302966.954473
1753302966.970062
1753302966.985651
1753302967.002510
1753302967.019369
1753302967.034409
1753302967.049449
1753302967.067759
1753302967.086068
1753302967.102331
1753302967.118594
1753302967.134510
1753302967.150426
1753302967.169075
1753302967.187723
1753302967.201933
1753302967.216143
1753302967.235709
1753302967.255276
1753302967.270676
1753302967.286076
1753302967.302778
1753302967.319480
1753302967.336560
1753302967.353641
1753302967.369350
1753302967.385059
1753302967.403470
1753302967.421880
1753302967.435442
1753302967.449005
1753302967.467269
1753302967.485533
1753302967.503810
1753302967.522088
1753302967.538262
1753302967.554437
1753302967.570292
1753302967.586147
1753302967.603486
1753302967.620825
1753302967.636640
1753302967.652455
1753302967.669162
1753302967.685868
1753302967.701813
1753302967.717758
1753302967.735879
1753302967.754000
1753302967.770904
1753302967.787808
1753302967.803751
1753302967.819695
1753302967.834512
1753302967.849328
1753302967.868625
1753302967.887921
1753302967.903955
1753302967.919988
1753302967.935609
1753302967.951231
1753302967.967797
1753302967.984363
1753302968.002353
1753302968.020343
1753302968.035355
1753302968.050367
1753302968.068787
1753302968.087207
1753302968.101618
1753302968.116029
1753302968.134174
1753302968.152319
1753302968.169505
1753302968.186690
1753302968.203763
1753302968.220837
1753302968.235106
1753302968.249374
1753302968.267744
1753302968.286114
1753302968.303009
1753302968.319903
1753302968.337864
1753302968.355826
1753302968.369365
1753302968.382903
1753302968.401357
1753302968.419810
1753302968.436238
1753302968.452666
1753302968.470437
1753302968.488208
1753302968.502320
1753302968.516432
1753302968.535051
1753302968.553671
1753302968.569522
1753302968.585374
1753302968.602198
1753302968.619021
1753302968.635359
1753302968.651697
1753302968.669958
1753302968.688219
1753302968.702580
1753302968.716942
1753302968.735380
1753302968.753818
1753302968.769792
1753302968.785766
1753302968.804033
1753302968.822300
1753302968.837585
1753302968.852870
1753302968.869980
1753302968.887090
1753302968.902604
1753302968.918117
1753302968.936544
1753302968.954972
1753302968.971735
1753302968.988498
1753302969.004651
1753302969.020803
1753302969.036317
1753302969.051832
1753302969.069479
1753302969.087125
1753302969.103451
1753302969.119778
1753302969.137550
1753302969.155323
1753302969.169292
1753302969.183261
1753302969.202713
1753302969.222164
1753302969.238909
1753302969.255655
1753302969.271266
1753302969.286877
1753302969.302730
1753302969.318583
1753302969.337067
1753302969.355551
1753302969.371531
1753302969.387510
1753302969.403994
1753302969.420478
1753302969.437254
1753302969.454031
1753302969.470055
1753302969.486079
1753302969.503911
1753302969.521743
1753302969.537390
1753302969.553038
1753302969.570227
1753302969.587416
1753302969.603177
1753302969.618938
1753302969.635799
1753302969.652661
1753302969.670821
1753302969.688980
1753302969.703063
1753302969.717146
1753302969.735772
1753302969.754398
1753302969.770253
1753302969.786107
1753302969.801898
1753302969.817688
1753302969.835057
1753302969.852427
1753302969.870456
1753302969.888486
1753302969.905616
1753302969.922747
1753302969.938730
1753302969.954714
1753302969.969180
1753302969.983645
1753302970.001419
1753302970.019193
1753302970.035871
1753302970.052549
1753302970.070919
1753302970.089288
1753302970.103165
1753302970.117041
1753302970.135679
1753302970.154317
1753302970.171834
1753302970.189352
1753302970.205298
1753302970.221244
1753302970.235767
1753302970.250290
1753302970.269629
1753302970.288968
1753302970.305005
1753302970.321042
1753302970.338434
1753302970.355826
1753302970.369884
1753302970.383941
1753302970.403083
1753302970.422225
1753302970.439142
1753302970.456059
1753302970.472502
1753302970.488946
1753302970.503176
1753302970.517406
1753302970.536721
1753302970.556036
1753302970.571736
1753302970.587437
1753302970.604639
1753302970.621840
1753302970.636188
1753302970.650536
1753302970.670144
1753302970.689751
1753302970.705847
1753302970.721943
1753302970.738412
1753302970.754881
1753302970.769416
1753302970.783952
1753302970.803047
1753302970.822142
1753302970.839223
1753302970.856305
1753302970.872269
1753302970.888233
1753302970.902780
1753302970.917326
1753302970.934920
1753302970.952514
1753302970.969772
1753302970.987031
1753302971.004286
1753302971.021541
1753302971.036890
1753302971.052239
1753302971.070612
1753302971.088986
1753302971.106064
1753302971.123143
1753302971.138749
1753302971.154354
1753302971.170396
1753302971.186438
1753302971.205053
1753302971.223668
1753302971.239985
1753302971.256302
1753302971.272806
1753302971.289310
1753302971.304736
1753302971.320161
1753302971.338562
1753302971.356964
1753302971.372925
1753302971.388886
1753302971.405991
1753302971.423096
1753302971.437840
1753302971.452584
1753302971.470934
1753302971.489285
1753302971.505530
1753302971.521775
1753302971.538700
1753302971.555624
1753302971.571302
1753302971.586980
1753302971.604391
1753302971.621802
1753302971.637550
1753302971.653298
1753302971.671869
1753302971.690441
1753302971.704053
1753302971.717665
1753302971.736460
1753302971.755256
1753302971.772610
1753302971.789965
1753302971.805995
1753302971.822026
1753302971.836593
1753302971.851159
1753302971.870039
1753302971.888920
1753302971.904168
1753302971.919415
1753302971.937903
1753302971.956392
1753302971.970499
1753302971.984605
1753302972.002348
1753302972.020092
1753302972.037186
1753302972.054279
1753302972.071687
1753302972.089095
1753302972.103579
1753302972.118063
1753302972.136594
1753302972.155125
1753302972.171823
1753302972.188520
1753302972.205801
1753302972.223082
1753302972.238858
1753302972.254634
1753302972.269685
1753302972.284736
1753302972.303459
1753302972.322182
1753302972.339630
1753302972.357078
1753302972.373014
1753302972.388950
1753302972.406392
1753302972.423834
1753302972.437714
1753302972.451594
1753302972.470935
1753302972.490276
1753302972.506379
1753302972.522481
1753302972.539599
1753302972.556718
1753302972.570765
1753302972.584812
1753302972.603444
1753302972.622075
1753302972.639773
1753302972.657472
1753302972.673314
1753302972.689156
1753302972.703727
1753302972.718299
1753302972.737374
1753302972.756449
1753302972.772526
1753302972.788602
1753302972.806281
1753302972.823959
1753302972.837867
1753302972.851775
1753302972.870744
1753302972.889714
1753302972.905555
1753302972.921396
1753302972.939460
1753302972.957523
1753302972.971269
1753302972.985015
1753302973.002316
1753302973.019616
1753302973.038262
1753302973.056909
1753302973.072664
1753302973.088420
1753302973.104018
1753302973.119616
1753302973.138011
1753302973.156407
1753302973.172647
1753302973.188887
1753302973.206751
1753302973.224616
1753302973.238227
1753302973.251839
1753302973.270081
1753302973.288323
1753302973.305119
1753302973.321914
1753302973.339935
1753302973.357956
1753302973.371609
1753302973.385263
1753302973.403616
1753302973.421969
1753302973.440042
1753302973.458116
1753302973.473850
1753302973.489584
1753302973.505121
1753302973.520659
1753302973.538612
1753302973.556565
1753302973.571130
1753302973.585695
1753302973.604801
1753302973.623907
1753302973.638018
1753302973.652128
1753302973.671125
1753302973.690123
1753302973.704533
1753302973.718942
1753302973.737874
1753302973.756806
1753302973.771119
1753302973.785432
1753302973.804292
1753302973.823152
1753302973.839885
1753302973.856618
1753302973.872338
1753302973.888059
1753302973.903681
1753302973.919304
1753302973.937963
1753302973.956623
1753302973.973171
1753302973.989719
1753302974.005258
1753302974.020797
1753302974.036828
1753302974.052859
1753302974.071419
1753302974.089980
1753302974.106978
1753302974.123977
1753302974.140560
1753302974.157143
1753302974.171372
1753302974.185601
1753302974.203682
1753302974.221764
1753302974.240201
1753302974.258638
1753302974.273307
1753302974.287977
1753302974.303509
1753302974.319040
1753302974.337727
1753302974.356413
1753302974.372193
1753302974.387973
1753302974.406126
1753302974.424280
1753302974.438362
1753302974.452444
1753302974.471310
1753302974.490176
1753302974.507150
1753302974.524124
1753302974.540569
1753302974.557014
1753302974.571509
1753302974.586005
1753302974.604176
1753302974.622347
1753302974.640680
1753302974.659012
1753302974.675032
1753302974.691051
1753302974.705243
1753302974.719435
1753302974.737705
1753302974.755974
1753302974.773901
1753302974.791828
1753302974.808154
1753302974.824480
1753302974.838537
1753302974.852594
1753302974.870878
1753302974.889161
1753302974.906560
1753302974.923960
1753302974.940251
1753302974.956542
1753302974.971568
1753302974.986593
1753302975.004531
1753302975.022470
1753302975.039786
1753302975.057102
1753302975.072815
1753302975.088529
1753302975.104343
1753302975.120158
1753302975.138950
1753302975.157743
1753302975.173607
1753302975.189471
1753302975.206480
1753302975.223489
1753302975.239724
1753302975.255958
1753302975.273855
1753302975.291752
1753302975.307397
1753302975.323042
1753302975.340338
1753302975.357634
1753302975.373353
1753302975.389071
1753302975.405484
1753302975.421898
1753302975.440370
1753302975.458842
1753302975.475325
1753302975.491807
1753302975.505762
1753302975.519717
1753302975.538648
1753302975.557579
1753302975.574730
1753302975.591881
1753302975.607188
1753302975.622494
1753302975.640398
1753302975.658301
1753302975.673674
1753302975.689046
1753302975.706198
1753302975.723350
1753302975.740752
1753302975.758153
1753302975.772331
1753302975.786508
1753302975.805768
1753302975.825027
1753302975.840632
1753302975.856237
1753302975.872814
1753302975.889392
1753302975.904731
1753302975.920071
1753302975.937643
1753302975.955214
1753302975.972942
1753302975.990670
1753302976.007538
1753302976.024406
1753302976.038852
1753302976.053299
1753302976.072037
1753302976.090776
1753302976.108117
1753302976.125457
1753302976.141385
1753302976.157312
1753302976.171889
1753302976.186467
1753302976.205538
1753302976.224609
1753302976.239641
1753302976.254673
1753302976.270770
1753302976.286866
1753302976.303207
1753302976.319548
1753302976.336498
1753302976.353449
1753302976.370298
1753302976.387147
1753302976.403896
1753302976.420645
1753302976.437210
1753302976.453774
1753302976.470472
1753302976.487170
1753302976.503903
1753302976.520637
1753302976.537268
1753302976.553899
1753302976.570583
1753302976.587267
1753302976.603942
1753302976.620618
1753302976.637391
1753302976.654164
1753302976.670372
1753302976.686580
1753302976.703767
1753302976.720955
1753302976.736804
1753302976.752654
1753302976.770539
1753302976.788424
1753302976.804749
1753302976.821074
1753302976.837625
1753302976.854175
1753302976.870807
1753302976.887439
1753302976.904071
1753302976.920703
1753302976.937078
1753302976.953453
1753302976.970170
1753302976.986887
1753302977.003693
1753302977.020498
1753302977.038247
1753302977.055995
1753302977.071451
1753302977.086907
1753302977.105882
1753302977.124857
1753302977.140715
1753302977.156572
1753302977.175095
1753302977.193617
1753302977.209610
1753302977.225602
1753302977.239901
1753302977.254199
1753302977.273529
1753302977.292859
1753302977.308641
1753302977.324424
1753302977.341833
1753302977.359242
1753302977.373995
1753302977.388748
1753302977.407472
1753302977.426196
1753302977.442113
1753302977.458031
1753302977.474277
1753302977.490524
1753302977.507740
1753302977.524956
1753302977.541053
1753302977.557150
1753302977.575321
1753302977.593492
1753302977.609273
1753302977.625055
1753302977.641559
1753302977.658063
1753302977.675222
1753302977.692382
1753302977.708014
1753302977.723645
1753302977.741102
1753302977.758559
1753302977.773561
1753302977.788563
1753302977.806854
1753302977.825146
1753302977.842374
1753302977.859602
1753302977.875401
1753302977.891201
1753302977.906880
1753302977.922559
1753302977.940981
1753302977.959404
1753302977.975753
1753302977.992102
1753302978.007868
1753302978.023634
1753302978.039454
1753302978.055275
1753302978.073999
1753302978.092724
1753302978.109201
1753302978.125678
1753302978.141779
1753302978.157881
1753302978.172704
1753302978.187528
1753302978.206100
1753302978.224672
1753302978.242440
1753302978.260208
1753302978.275890
1753302978.291573
1753302978.306249
1753302978.320924
1753302978.339934
1753302978.358945
1753302978.374607
1753302978.390268
1753302978.408362
1753302978.426456
1753302978.440452
1753302978.454447
1753302978.473370
1753302978.492293
1753302978.507995
1753302978.523697
1753302978.542031
1753302978.560365
1753302978.574080
1753302978.587794
1753302978.606541
1753302978.625287
1753302978.642881
1753302978.660475
1753302978.676756
1753302978.693038
1753302978.707235
1753302978.721432
1753302978.740031
1753302978.758629
1753302978.775988
1753302978.793346
1753302978.809473
1753302978.825600
1753302978.840069
1753302978.854538
1753302978.872893
1753302978.891248
1753302978.909394
1753302978.927539
1753302978.943539
1753302978.959539
1753302978.974755
1753302978.989971
1753302979.007773
1753302979.025576
1753302979.042918
1753302979.060260
1753302979.076574
1753302979.092888
1753302979.107263
1753302979.121638
1753302979.140125
1753302979.158611
1753302979.176178
1753302979.193744
1753302979.209986
1753302979.226228
1753302979.241819
1753302979.257410
1753302979.275883
1753302979.294356
1753302979.309918
1753302979.325480
1753302979.343021
1753302979.360563
1753302979.375658
1753302979.390753
1753302979.408725
1753302979.426696
1753302979.443095
1753302979.459494
1753302979.476861
1753302979.494229
1753302979.507744
1753302979.521258
1753302979.540120
1753302979.558981
1753302979.576267
1753302979.593553
1753302979.609969
1753302979.626385
1753302979.641884
1753302979.657384
1753302979.674922
1753302979.692459
1753302979.708088
1753302979.723718
1753302979.741457
1753302979.759196
1753302979.773812
1753302979.788428
1753302979.807254
1753302979.826080
1753302979.842850
1753302979.859620
1753302979.874618
1753302979.889615
1753302979.908099
1753302979.926583
1753302979.940896
1753302979.955209
1753302979.974226
1753302979.993244
1753302980.009776
1753302980.026308
1753302980.040776
1753302980.055244
1753302980.074155
1753302980.093067
1753302980.108895
1753302980.124724
1753302980.141626
1753302980.158529
1753302980.173483
1753302980.188437
1753302980.207587
1753302980.226738
1753302980.243531
1753302980.260323
1753302980.276453
1753302980.292582
1753302980.307232
1753302980.321883
1753302980.340775
1753302980.359668
1753302980.374832
1753302980.389996
1753302980.408457
1753302980.426917
1753302980.441214
1753302980.455510
1753302980.474754
1753302980.493998
1753302980.510448
1753302980.526899
1753302980.543078
1753302980.559258
1753302980.575851
1753302980.592444
1753302980.607368
1753302980.622292
1753302980.641702
1753302980.661111
1753302980.677186
1753302980.693261
1753302980.708486
1753302980.723710
1753302980.741894
1753302980.760077
1753302980.774551
1753302980.789026
1753302980.807694
1753302980.826363
1753302980.842992
1753302980.859621
1753302980.876930
1753302980.894238
1753302980.908393
1753302980.922548
1753302980.941309
1753302980.960070
1753302980.975948
1753302980.991826
1753302981.008919
1753302981.026013
1753302981.041147
1753302981.056281
1753302981.075378
1753302981.094476
1753302981.110164
1753302981.125852
1753302981.141978
1753302981.158104
1753302981.174256
1753302981.190408
1753302981.208816
1753302981.227224
1753302981.244076
1753302981.260927
1753302981.277125
1753302981.293324
1753302981.309139
1753302981.324955
1753302981.343453
1753302981.361951
1753302981.376492
1753302981.391033
1753302981.409523
1753302981.428013
1753302981.443200
1753302981.458387
1753302981.476732
1753302981.495078
1753302981.511106
1753302981.527133
1753302981.543711
1753302981.560289
1753302981.575550
1753302981.590811
1753302981.609511
1753302981.628212
1753302981.644050
1753302981.659888
1753302981.678122
1753302981.696356
1753302981.709559
1753302981.722763
1753302981.741067
1753302981.759372
1753302981.777803
1753302981.796235
1753302981.811571
1753302981.826906
1753302981.841512
1753302981.856118
1753302981.874436
1753302981.892755
1753302981.910864
1753302981.928974
1753302981.945030
1753302981.961087
1753302981.975295
1753302981.989502
1753302982.008448
1753302982.027394
1753302982.043606
1753302982.059818
1753302982.077868
1753302982.095918
1753302982.109407
1753302982.122897
1753302982.140636
1753302982.158375
1753302982.176907
1753302982.195438
1753302982.211170
1753302982.226902
1753302982.241581
1753302982.256260
1753302982.274804
1753302982.293348
1753302982.309599
1753302982.325850
1753302982.344270
1753302982.362689
1753302982.376173
1753302982.389658
1753302982.408020
1753302982.426383
1753302982.444730
1753302982.463077
1753302982.479054
1753302982.495032
1753302982.509099
1753302982.523167
1753302982.541686
1753302982.560205
1753302982.577376
1753302982.594548
1753302982.610691
1753302982.626833
1753302982.641732
1753302982.656630
1753302982.676133
1753302982.695636
1753302982.711161
1753302982.726685
1753302982.743689
1753302982.760693
1753302982.775277
1753302982.789860
1753302982.809137
1753302982.828415
1753302982.845076
1753302982.861736
1753302982.877457
1753302982.893177
1753302982.909695
1753302982.926212
1753302982.944493
1753302982.962774
1753302982.978169
1753302982.993565
1753302983.011568
1753302983.029571
1753302983.043660
1753302983.057748
1753302983.076518
1753302983.095287
1753302983.111629
1753302983.127972
1753302983.143578
1753302983.159184
1753302983.177782
1753302983.196380
1753302983.210019
1753302983.223658
1753302983.242888
1753302983.262118
1753302983.278454
1753302983.294790
1753302983.310426
1753302983.326061
1753302983.344531
1753302983.363000
1753302983.378744
1753302983.394488
1753302983.411922
1753302983.429357
1753302983.443749
1753302983.458141
1753302983.476767
1753302983.495392
1753302983.511480
1753302983.527568
1753302983.544494
1753302983.561419
1753302983.575789
1753302983.590159
1753302983.609218
1753302983.628277
1753302983.644454
1753302983.660631
1753302983.677298
1753302983.693964
1753302983.708921
1753302983.723878
1753302983.743098
1753302983.762318
1753302983.778498
1753302983.794678
1753302983.810951
1753302983.827223
1753302983.842628
1753302983.858032
1753302983.875859
1753302983.893686
1753302983.911521
1753302983.929356
1753302983.944804
1753302983.960251
1753302983.975354
1753302983.990457
1753302984.009374
1753302984.028290
1753302984.044159
1753302984.060028
1753302984.078164
1753302984.096300
1753302984.110341
1753302984.124381
1753302984.142762
1753302984.161143
1753302984.179164
1753302984.197186
1753302984.213001
1753302984.228816
1753302984.243043
1753302984.257271
1753302984.276814
1753302984.296357
1753302984.311742
1753302984.327128
1753302984.345535
1753302984.363942
1753302984.377308
1753302984.390675
1753302984.409775
1753302984.428874
1753302984.444879
1753302984.460884
1753302984.478732
1753302984.496579
1753302984.510284
1753302984.523989
1753302984.542953
1753302984.561916
1753302984.577844
1753302984.593772
1753302984.611660
1753302984.629548
1753302984.643471
1753302984.657394
1753302984.676126
1753302984.694859
1753302984.710556
1753302984.726253
1753302984.743941
1753302984.761629
1753302984.776206
1753302984.790783
1753302984.809408
1753302984.828033
1753302984.844155
1753302984.860277
1753302984.877707
1753302984.895138
1753302984.909613
1753302984.924087
1753302984.942819
1753302984.961551
1753302984.977934
1753302984.994317
1753302985.012726
1753302985.031135
1753302985.044446
1753302985.057756
1753302985.076690
1753302985.095624
1753302985.111608
1753302985.127591
1753302985.143839
1753302985.160087
1753302985.176117
1753302985.192147
1753302985.210829
1753302985.229511
1753302985.245685
1753302985.261859
1753302985.278859
1753302985.295859
1753302985.310265
1753302985.324671
1753302985.343426
1753302985.362180
1753302985.377896
1753302985.393612
1753302985.412191
1753302985.430770
1753302985.444394
1753302985.458018
1753302985.476883
1753302985.495748
1753302985.512937
1753302985.530125
1753302985.546470
1753302985.562816
1753302985.578435
1753302985.594054
1753302985.612460
1753302985.630865
1753302985.646827
1753302985.662788
1753302985.679475
1753302985.696162
1753302985.711419
1753302985.726676
1753302985.745010
1753302985.763344
1753302985.779237
1753302985.795129
1753302985.811555
1753302985.827981
1753302985.845485
1753302985.862989
1753302985.878232
1753302985.893476
1753302985.910879
1753302985.928281
1753302985.943801
1753302985.959322
1753302985.976305
1753302985.993289
1753302986.010767
1753302986.028244
1753302986.045800
1753302986.063356
1753302986.080630
1753302986.097904
1753302986.111896
1753302986.125888
1753302986.144428
1753302986.162968
1753302986.179457
1753302986.195946
1753302986.212407
1753302986.228868
1753302986.244915
1753302986.260961
1753302986.279419
1753302986.297877
1753302986.313308
1753302986.328738
1753302986.346534
1753302986.364330
1753302986.379004
1753302986.393678
1753302986.411756
1753302986.429834
1753302986.447083
1753302986.464331
1753302986.480605
1753302986.496879
1753302986.510981
1753302986.525082
1753302986.543943
1753302986.562804
1753302986.578724
1753302986.594644
1753302986.612073
1753302986.629502
1753302986.645168
1753302986.660834
1753302986.678508
1753302986.696182
1753302986.711933
1753302986.727683
1753302986.745387
1753302986.763091
1753302986.778680
1753302986.794269
1753302986.812845
1753302986.831421
1753302986.847415
1753302986.863409
1753302986.879570
1753302986.895732
1753302986.912048
1753302986.928364
1753302986.945336
1753302986.962308
1753302986.979414
1753302986.996521
1753302987.013351
1753302987.030182
1753302987.044770
1753302987.059359
1753302987.078254
1753302987.097148
1753302987.113196
1753302987.129245
1753302987.145217
1753302987.161189
1753302987.177255
1753302987.193321
1753302987.211972
1753302987.230623
1753302987.246714
1753302987.262805
1753302987.279433
1753302987.296061
1753302987.311200
1753302987.326339
1753302987.345150
1753302987.363962
1753302987.380234
1753302987.396507
1753302987.413086
1753302987.429665
1753302987.446165
1753302987.462665
1753302987.479218
1753302987.495770
1753302987.513038
1753302987.530306
1753302987.546669
1753302987.563031
1753302987.578946
1753302987.594860
1753302987.613125
1753302987.631390
1753302987.647708
1753302987.664026
1753302987.680619
1753302987.697213
1753302987.711577
1753302987.725941
1753302987.744692
1753302987.763444
1753302987.779823
1753302987.796202
1753302987.813955
1753302987.831708
1753302987.845529
1753302987.859350
1753302987.877795
1753302987.896239
1753302987.912611
1753302987.928982
1753302987.945670
1753302987.962357
1753302987.977416
1753302987.992474
1753302988.011659
1753302988.030843
1753302988.046834
1753302988.062826
1753302988.080052
1753302988.097278
1753302988.111567
1753302988.125856
1753302988.144553
1753302988.163250
1753302988.180197
1753302988.197144
1753302988.214268
1753302988.231392
1753302988.245296
1753302988.259199
1753302988.278007
1753302988.296815
1753302988.312086
1753302988.327356
1753302988.346008
1753302988.364660
1753302988.378719
1753302988.392778
1753302988.412180
1753302988.431582
1753302988.447535
1753302988.463487
1753302988.478990
1753302988.494493
1753302988.510160
1753302988.525828
1753302988.544645
1753302988.563462
1753302988.579656
1753302988.595849
1753302988.613597
1753302988.631346
1753302988.645292
1753302988.659238
1753302988.678222
1753302988.697206
1753302988.713567
1753302988.729929
1753302988.746150
1753302988.762371
1753302988.778179
1753302988.793987
1753302988.812087
1753302988.830186
1753302988.847129
1753302988.864073
1753302988.880283
1753302988.896494
1753302988.913784
1753302988.931073
1753302988.945204
1753302988.959335
1753302988.978356
1753302988.997377
1753302989.014075
1753302989.030773
1753302989.047728
1753302989.064683
1753302989.081278
1753302989.097873
1753302989.112204
1753302989.126535
1753302989.144745
1753302989.162955
1753302989.180799
1753302989.198644
1753302989.215310
1753302989.231976
1753302989.245919
1753302989.259861
1753302989.278522
1753302989.297182
1753302989.313152
1753302989.329121
1753302989.347010
1753302989.364899
1753302989.379214
1753302989.393529
1753302989.411865
1753302989.430201
1753302989.447693
1753302989.465185
1753302989.481494
1753302989.497804
1753302989.513727
1753302989.529651
1753302989.547615
1753302989.565579
1753302989.579962
1753302989.594345
1753302989.613184
1753302989.632024
1753302989.645989
1753302989.659954
1753302989.678868
1753302989.697782
1753302989.714179
1753302989.730576
1753302989.748022
1753302989.765467
1753302989.778974
1753302989.792480
1753302989.811490
1753302989.830499
1753302989.846754
1753302989.863009
1753302989.881007
1753302989.899006
1753302989.912584
1753302989.926163
1753302989.944284
1753302989.962406
1753302989.980669
1753302989.998931
1753302990.014735
1753302990.030540
1753302990.045259
1753302990.059978
1753302990.078850
1753302990.097722
1753302990.113806
1753302990.129889
1753302990.146381
1753302990.162873
1753302990.178102
1753302990.193331
1753302990.212068
1753302990.230804
1753302990.247954
1753302990.265105
1753302990.281821
1753302990.298536
1753302990.312710
1753302990.326884
1753302990.345599
1753302990.364314
1753302990.381514
1753302990.398714
1753302990.414608
1753302990.430502
1753302990.445431
1753302990.460360
1753302990.479141
1753302990.497922
1753302990.514966
1753302990.532009
1753302990.549067
1753302990.566124
1753302990.579876
1753302990.593628
1753302990.611703
1753302990.629778
1753302990.648215
1753302990.666653
1753302990.682542
1753302990.698431
1753302990.712700
1753302990.726969
1753302990.746693
1753302990.766417
1753302990.782377
1753302990.798338
1753302990.815367
1753302990.832397
1753302990.846395
1753302990.860394
1753302990.879044
1753302990.897694
1753302990.915030
1753302990.932367
1753302990.948492
1753302990.964617
1753302990.979409
1753302990.994201
1753302991.012860
1753302991.031520
1753302991.047741
1753302991.063962
1753302991.082157
1753302991.100351
1753302991.113832
1753302991.127312
1753302991.145839
1753302991.164367
1753302991.180854
1753302991.197341
1753302991.214046
1753302991.230751
1753302991.247466
1753302991.264181
1753302991.281679
1753302991.299178
1753302991.316303
1753302991.333428
1753302991.348245
1753302991.363062
1753302991.381389
1753302991.399716
1753302991.414409
1753302991.429102
1753302991.447598
1753302991.466095
1753302991.482152
1753302991.498209
1753302991.514297
1753302991.530386
1753302991.548695
1753302991.567004
1753302991.582629
1753302991.598255
1753302991.614582
1753302991.630909
1753302991.648626
1753302991.666344
1753302991.681705
1753302991.697067
1753302991.715214
1753302991.733362
1753302991.749295
1753302991.765229
1753302991.780312
1753302991.795395
1753302991.813962
1753302991.832530
1753302991.848675
1753302991.864820
1753302991.882318
1753302991.899817
1753302991.913773
1753302991.927729
1753302991.946709
1753302991.965690
1753302991.982286
1753302991.998882
1753302992.014912
1753302992.030942
1753302992.045951
1753302992.060961
1753302992.079667
1753302992.098372
1753302992.115669
1753302992.132965
1753302992.148899
1753302992.164833
1753302992.180773
1753302992.196712
1753302992.215181
1753302992.233651
1753302992.249479
1753302992.265307
1753302992.282815
1753302992.300322
1753302992.314090
1753302992.327859
1753302992.345644
1753302992.363430
1753302992.381689
1753302992.399947
1753302992.415900
1753302992.431853
1753302992.446535
1753302992.461216
1753302992.480159
1753302992.499102
1753302992.516175
1753302992.533247
1753302992.548887
1753302992.564527
1753302992.580674
1753302992.596820
1753302992.613900
1753302992.630979
1753302992.648239
1753302992.665499
1753302992.681756
1753302992.698014
1753302992.714303
1753302992.730592
1753302992.748023
1753302992.765453
1753302992.781198
1753302992.796942
1753302992.815511
1753302992.834081
1753302992.847809
1753302992.861537
1753302992.880703
1753302992.899869
1753302992.916102
1753302992.932336
1753302992.947805
1753302992.963274
1753302992.980567
1753302992.997860
1753302993.014230
1753302993.030601
1753302993.048671
1753302993.066741
1753302993.082960
1753302993.099178
1753302993.115285
1753302993.131392
1753302993.148527
1753302993.165661
1753302993.182009
1753302993.198356
1753302993.216178
1753302993.234001
1753302993.247859
1753302993.261716
1753302993.280813
1753302993.299911
1753302993.316596
1753302993.333281
1753302993.349936
1753302993.366590
1753302993.382065
1753302993.397540
1753302993.415318
1753302993.433096
1753302993.448822
1753302993.464549
1753302993.481998
1753302993.499447
1753302993.515771
1753302993.532095
1753302993.549532
1753302993.566970
1753302993.582660
1753302993.598349
1753302993.616562
1753302993.634775
1753302993.649053
1753302993.663331
1753302993.681489
1753302993.699648
1753302993.716496
1753302993.733344
1753302993.749889
1753302993.766435
1753302993.781682
1753302993.796928
1753302993.815107
1753302993.833286
1753302993.849524
1753302993.865761
1753302993.883068
1753302993.900375
1753302993.914670
1753302993.928964
1753302993.947790
1753302993.966616
1753302993.982940
1753302993.999264
1753302994.016041
1753302994.032818
1753302994.047468
1753302994.062118
1753302994.080748
1753302994.099378
1753302994.115299
1753302994.131219
1753302994.148886
1753302994.166554
1753302994.181114
1753302994.195674
1753302994.214240
1753302994.232806
1753302994.249633
1753302994.266461
1753302994.283072
1753302994.299684
1753302994.314162
1753302994.328639
1753302994.347416
1753302994.366194
1753302994.382111
1753302994.398027
1753302994.415273
1753302994.432519
1753302994.447362
1753302994.462206
1753302994.481367
1753302994.500528
1753302994.516457
1753302994.532386
1753302994.549846
1753302994.567305
1753302994.581398
1753302994.595492
1753302994.613979
1753302994.632467
1753302994.649615
1753302994.666762
1753302994.682505
1753302994.698248
1753302994.716347
1753302994.734447
1753302994.749443
1753302994.764438
1753302994.781452
1753302994.798467
1753302994.815323
1753302994.832180
1753302994.848498
1753302994.864816
1753302994.883040
1753302994.901264
1753302994.917800
1753302994.934336
1753302994.950593
1753302994.966849
1753302994.981313
1753302994.995777
1753302995.014330
1753302995.032883
1753302995.050488
1753302995.068093
1753302995.083728
1753302995.099363
1753302995.115666
1753302995.131970
1753302995.148438
1753302995.164907
1753302995.183278
1753302995.201648
1753302995.217639
1753302995.233631
1753302995.249166
1753302995.264701
1753302995.281535
1753302995.298370
1753302995.315388
1753302995.332406
1753302995.348216
1753302995.364025
1753302995.382625
1753302995.401225
1753302995.416468
1753302995.431711
1753302995.450166
1753302995.468620
1753302995.484571
1753302995.500521
1753302995.516117
1753302995.531713
1753302995.549750
1753302995.567787
1753302995.583616
1753302995.599446
1753302995.617437
1753302995.635428
1753302995.649560
1753302995.663692
1753302995.682013
1753302995.700334
1753302995.717055
1753302995.733776
1753302995.750657
1753302995.767537
1753302995.783144
1753302995.798750
1753302995.817124
1753302995.835499
1753302995.851493
1753302995.867487
1753302995.883713
1753302995.899940
1753302995.915619
1753302995.931299
1753302995.949922
1753302995.968544
1753302995.984394
1753302996.000244
1753302996.016576
1753302996.032909
1753302996.047931
1753302996.062953
1753302996.082046
1753302996.101138
1753302996.116821
1753302996.132503
1753302996.150305
1753302996.168107
1753302996.182209
1753302996.196311
1753302996.215227
1753302996.234143
1753302996.249686
1753302996.265230
1753302996.283029
1753302996.300827
1753302996.315287
1753302996.329747
1753302996.348583
1753302996.367420
1753302996.383199
1753302996.398978
1753302996.417243
1753302996.435508
1753302996.449314
1753302996.463119
1753302996.482036
1753302996.500952
1753302996.516891
1753302996.532830
1753302996.550837
1753302996.568844
1753302996.582772
1753302996.596701
1753302996.615582
1753302996.634463
1753302996.651223
1753302996.667983
1753302996.683679
1753302996.699375
1753302996.714526
1753302996.729677
1753302996.748868
1753302996.768059
1753302996.784086
1753302996.800112
1753302996.816639
1753302996.833166
1753302996.847969
1753302996.862771
1753302996.881358
1753302996.899945
1753302996.917614
1753302996.935282
1753302996.951603
1753302996.967925
1753302996.982439
1753302996.996953
1753302997.015065
1753302997.033177
1753302997.051385
1753302997.069594
1753302997.085381
1753302997.101167
1753302997.115744
1753302997.130320
1753302997.148764
1753302997.167208
1753302997.185079
1753302997.202950
1753302997.218452
1753302997.233954
1753302997.250002
1753302997.266051
1753302997.284441
1753302997.302830
1753302997.318926
1753302997.335022
1753302997.351188
1753302997.367354
1753302997.383381
1753302997.399408
1753302997.417104
1753302997.434799
1753302997.450877
1753302997.466955
1753302997.483541
1753302997.500126
1753302997.517208
1753302997.534290
1753302997.550915
1753302997.567540
1753302997.583818
1753302997.600097
1753302997.617820
1753302997.635543
1753302997.651709
1753302997.667874
1753302997.683652
1753302997.699430
1753302997.717222
1753302997.735014
1753302997.750984
1753302997.766955
1753302997.784024
1753302997.801093
1753302997.818809
1753302997.836524
1753302997.850196
1753302997.863869
1753302997.882092
1753302997.900315
1753302997.917698
1753302997.935082
1753302997.952314
1753302997.969547
1753302997.983444
1753302997.997341
1753302998.015229
1753302998.033116
1753302998.051577
1753302998.070037
1753302998.085280
1753302998.100523
1753302998.115487
1753302998.130450
1753302998.148901
1753302998.167353
1753302998.184665
1753302998.201977
1753302998.218223
1753302998.234468
1753302998.249157
1753302998.263847
1753302998.282266
1753302998.300684
1753302998.318403
1753302998.336121
1753302998.351821
1753302998.367522
1753302998.382535
1753302998.397547
1753302998.415777
1753302998.434007
1753302998.452096
1753302998.470186
1753302998.485378
1753302998.500570
1753302998.515761
1753302998.530952
1753302998.549224
1753302998.567497
1753302998.585678
1753302998.603859
1753302998.619622
1753302998.635386
1753302998.649773
1753302998.664159
1753302998.682736
1753302998.701313
1753302998.718887
1753302998.736461
1753302998.752252
1753302998.768043
1753302998.783727
1753302998.799410
1753302998.817632
1753302998.835854
1753302998.852420
1753302998.868986
1753302998.886042
1753302998.903098
1753302998.917048
1753302998.930999
1753302998.950144
1753302998.969289
1753302998.985576
1753302999.001863
1753302999.018108
1753302999.034354
1753302999.050950
1753302999.067546
1753302999.084755
1753302999.101965
1753302999.118785
1753302999.135606
1753302999.151623
1753302999.167639
1753302999.182631
1753302999.197624
1753302999.215117
1753302999.232610
1753302999.250310
1753302999.268011
1753302999.284635
1753302999.301259
1753302999.316865
1753302999.332472
1753302999.351091
1753302999.369710
1753302999.385761
1753302999.401812
1753302999.418216
1753302999.434620
1753302999.451372
1753302999.468124
1753302999.484460
1753302999.500797
1753302999.518623
1753302999.536450
1753302999.552802
1753302999.569153
1753302999.584312
1753302999.599471
1753302999.617889
1753302999.636307
1753302999.652162
1753302999.668017
1753302999.686054
1753302999.704091
1753302999.717797
1753302999.731503
1753302999.749856
1753302999.768209
1753302999.785870
1753302999.803531
1753302999.819390
1753302999.835249
1753302999.852041
1753302999.868832
1753302999.885424
1753302999.902015
1753302999.919716
1753302999.937418
1753302999.953427
1753302999.969436
1753302999.985319
1753303000.001202
1753303000.019428
1753303000.037654
1753303000.051855
1753303000.066056
1753303000.084300
1753303000.102544
1753303000.118327
1753303000.134109
1753303000.151009
1753303000.167909
1753303000.186081
1753303000.204253
1753303000.218637
1753303000.233021
1753303000.251577
1753303000.270134
1753303000.285632
1753303000.301129
1753303000.318322
1753303000.335514
1753303000.352175
1753303000.368836
1753303000.384810
1753303000.400784
1753303000.419265
1753303000.437746
1753303000.453778
1753303000.469810
1753303000.486032
1753303000.502253
1753303000.518052
1753303000.533850
1753303000.552510
1753303000.571170
1753303000.587507
1753303000.603844
1753303000.620456
1753303000.637069
1753303000.651917
1753303000.666765
1753303000.684447
1753303000.702129
1753303000.719175
1753303000.736222
1753303000.753222
1753303000.770222
1753303000.786032
1753303000.801843
1753303000.818478
1753303000.835113
1753303000.851765
1753303000.868417
1753303000.886197
1753303000.903977
1753303000.919681
1753303000.935385
1753303000.953480
1753303000.971574
1753303000.987269
1753303001.002964
1753303001.020428
1753303001.037892
1753303001.053041
1753303001.068190
1753303001.086625
1753303001.105059
1753303001.120912
1753303001.136764
1753303001.152832
1753303001.168900
1753303001.186552
1753303001.204204
1753303001.219450
1753303001.234697
1753303001.252264
1753303001.269830
1753303001.285922
1753303001.302014
1753303001.319453
1753303001.336892
1753303001.352604
1753303001.368316
1753303001.386095
1753303001.403873
1753303001.420956
1753303001.438038
1753303001.452138
1753303001.466239
1753303001.486022
1753303001.505804
1753303001.521639
1753303001.537474
1753303001.553507
1753303001.569541
1753303001.585378
1753303001.601215
1753303001.619150
1753303001.637085
1753303001.653429
1753303001.669772
1753303001.686954
1753303001.704136
1753303001.718011
1753303001.731886
1753303001.750731
1753303001.769576
1753303001.786224
1753303001.802873
1753303001.819345
1753303001.835817
1753303001.850880
1753303001.865943
1753303001.883027
1753303001.900110
1753303001.918412
1753303001.936715
1753303001.953372
1753303001.970029
1753303001.984548
1753303001.999066
1753303002.017355
1753303002.035644
1753303002.053423
1753303002.071203
1753303002.087120
1753303002.103037
1753303002.118429
1753303002.133820
1753303002.152189
1753303002.170557
1753303002.186268
1753303002.201979
1753303002.218715
1753303002.235452
1753303002.251447
1753303002.267443
1753303002.285954
1753303002.304465
1753303002.320099
1753303002.335734
1753303002.353873
1753303002.372013
1753303002.385706
1753303002.399400
1753303002.418837
1753303002.438273
1753303002.454452
1753303002.470631
1753303002.486805
1753303002.502979
1753303002.517813
1753303002.532647
1753303002.551430
1753303002.570213
1753303002.586528
1753303002.602842
1753303002.620859
1753303002.638875
1753303002.651991
1753303002.665107
1753303002.683805
1753303002.702503
1753303002.719698
1753303002.736894
1753303002.753887
1753303002.770880
1753303002.785257
1753303002.799634
1753303002.817980
1753303002.836326
1753303002.852571
1753303002.868817
1753303002.886881
1753303002.904945
1753303002.918933
1753303002.932921
1753303002.951472
1753303002.970023
1753303002.986530
1753303003.003038
1753303003.020681
1753303003.038325
1753303003.052419
1753303003.066512
1753303003.085967
1753303003.105421
1753303003.121231
1753303003.137041
1753303003.153298
1753303003.169556
1753303003.184810
1753303003.200064
1753303003.218611
1753303003.237158
1753303003.254527
1753303003.271896
1753303003.288006
1753303003.304116
1753303003.318660
1753303003.333205
1753303003.352515
1753303003.371824
1753303003.388242
1753303003.404661
1753303003.420687
1753303003.436713
1753303003.451522
1753303003.466331
1753303003.484510
1753303003.502689
1753303003.520810
1753303003.538931
1753303003.555568
1753303003.572206
1753303003.585689
1753303003.599172
1753303003.617162
1753303003.635151
1753303003.651472
1753303003.667792
1753303003.685488
1753303003.703183
1753303003.718667
1753303003.734150
1753303003.752548
1753303003.770945
1753303003.788210
1753303003.805476
1753303003.822245
1753303003.839013
1753303003.853269
1753303003.867525
1753303003.886158
1753303003.904791
1753303003.921469
1753303003.938147
1753303003.955076
1753303003.972005
1753303003.986202
1753303004.000400
1753303004.019191
1753303004.037982
1753303004.053808
1753303004.069635
1753303004.086483
1753303004.103331
1753303004.118494
1753303004.133656
1753303004.150972
1753303004.168288
1753303004.186368
1753303004.204447
1753303004.220425
1753303004.236403
1753303004.252015
1753303004.267626
1753303004.286356
1753303004.305086
1753303004.320887
1753303004.336687
1753303004.352819
1753303004.368952
1753303004.384676
1753303004.400400
1753303004.419142
1753303004.437885
1753303004.454046
1753303004.470206
1753303004.487346
1753303004.504486
1753303004.519063
1753303004.533640
1753303004.552105
1753303004.570571
1753303004.588472
1753303004.606373
1753303004.622706
1753303004.639040
1753303004.653125
1753303004.667210
1753303004.686261
1753303004.705312
1753303004.720938
1753303004.736564
1753303004.754996
1753303004.773429
1753303004.787054
1753303004.800679
1753303004.818731
1753303004.836783
1753303004.855143
1753303004.873503
1753303004.888633
1753303004.903762
1753303004.919351
1753303004.934940
1753303004.953287
1753303004.971633
1753303004.987857
1753303005.004082
1753303005.022210
1753303005.040337
1753303005.054036
1753303005.067734
1753303005.086468
1753303005.105202
1753303005.121602
1753303005.138002
1753303005.153917
1753303005.169833
1753303005.187539
1753303005.205244
1753303005.220825
1753303005.236406
1753303005.254889
1753303005.273371
1753303005.289799
1753303005.306228
1753303005.320454
1753303005.334680
1753303005.353760
1753303005.372841
1753303005.389375
1753303005.405909
1753303005.421781
1753303005.437652
1753303005.453699
1753303005.469745
1753303005.486789
1753303005.503832
1753303005.522368
1753303005.540905
1753303005.556548
1753303005.572190
1753303005.589033
1753303005.605875
1753303005.620158
1753303005.634441
1753303005.653430
1753303005.672418
1753303005.688769
1753303005.705120
1753303005.720673
1753303005.736225
1753303005.754572
1753303005.772919
1753303005.787168
1753303005.801417
1753303005.818952
1753303005.836487
1753303005.853400
1753303005.870312
1753303005.887192
1753303005.904072
1753303005.920775
1753303005.937479
1753303005.954814
1753303005.972149
1753303005.988074
1753303006.003999
1753303006.022361
1753303006.040723
1753303006.054417
1753303006.068110
1753303006.086861
1753303006.105612
1753303006.121492
1753303006.137372
1753303006.154789
1753303006.172207
1753303006.186141
1753303006.200076
1753303006.219212
1753303006.238348
1753303006.255984
1753303006.273620
1753303006.289622
1753303006.305625
1753303006.320217
1753303006.334809
1753303006.353670
1753303006.372530
1753303006.388495
1753303006.404461
1753303006.422768
1753303006.441075
1753303006.454565
1753303006.468054
1753303006.486979
1753303006.505905
1753303006.521811
1753303006.537718
1753303006.555744
1753303006.573770
1753303006.587603
1753303006.601436
1753303006.618464
1753303006.635491
1753303006.653447
1753303006.671403
1753303006.688661
1753303006.705918
1753303006.719915
1753303006.733913
1753303006.752720
1753303006.771528
1753303006.789162
1753303006.806796
1753303006.822306
1753303006.837816
1753303006.852700
1753303006.867585
1753303006.886493
1753303006.905402
1753303006.923016
1753303006.940630
1753303006.956823
1753303006.973016
1753303006.987727
1753303007.002438
1753303007.019877
1753303007.037316
1753303007.055176
1753303007.073037
1753303007.089672
1753303007.106307
1753303007.120844
1753303007.135382
1753303007.153558
1753303007.171734
1753303007.189177
1753303007.206620
1753303007.221923
1753303007.237226
1753303007.253747
1753303007.270268
1753303007.288682
1753303007.307097
1753303007.322817
1753303007.338537
1753303007.357247
1753303007.375957
1753303007.389065
1753303007.402172
1753303007.420895
1753303007.439618
1753303007.455599
1753303007.471579
1753303007.490137
1753303007.508695
1753303007.522067
1753303007.535439
1753303007.554515
1753303007.573592
1753303007.590270
1753303007.606948
1753303007.623043
1753303007.639137
1753303007.655660
1753303007.672183
1753303007.689029
1753303007.705875
1753303007.722799
1753303007.739723
1753303007.755797
1753303007.771872
1753303007.789280
1753303007.806688
1753303007.822930
1753303007.839172
1753303007.855671
1753303007.872171
1753303007.887965
1753303007.903759
1753303007.919856
1753303007.935953
1753303007.954871
1753303007.973789
1753303007.989713
1753303008.005638
1753303008.023727
1753303008.041817
1753303008.055269
1753303008.068721
1753303008.087663
1753303008.106604
1753303008.122060
1753303008.137515
1753303008.155374
1753303008.173233
1753303008.187670
1753303008.202108
1753303008.220683
1753303008.239258
1753303008.257194
1753303008.275130
1753303008.291516
1753303008.307902
1753303008.321743
1753303008.335584
1753303008.354409
1753303008.373233
1753303008.389356
1753303008.405479
1753303008.423387
1753303008.441294
1753303008.455236
1753303008.469179
1753303008.486583
1753303008.503988
1753303008.522078
1753303008.540167
1753303008.556406
1753303008.572645
1753303008.587590
1753303008.602534
1753303008.620673
1753303008.638811
1753303008.657183
1753303008.675554
1753303008.690678
1753303008.705802
1753303008.721180
1753303008.736558
1753303008.755319
1753303008.774080
1753303008.790339
1753303008.806598
1753303008.823900
1753303008.841203
1753303008.855191
1753303008.869179
1753303008.888073
1753303008.906968
1753303008.922982
1753303008.938995
1753303008.957335
1753303008.975675
1753303008.989161
1753303009.002646
1753303009.021327
1753303009.040009
1753303009.056199
1753303009.072388
1753303009.090567
1753303009.108746
1753303009.122353
1753303009.135959
1753303009.154575
1753303009.173191
1753303009.190037
1753303009.206884
1753303009.223064
1753303009.239245
1753303009.255135
1753303009.271025
1753303009.289426
1753303009.307827
1753303009.324049
1753303009.340272
1753303009.356314
1753303009.372357
1753303009.388171
1753303009.403985
1753303009.422558
1753303009.441131
1753303009.457452
1753303009.473772
1753303009.489042
1753303009.504312
1753303009.522830
1753303009.541347
1753303009.556350
1753303009.571353
1753303009.589619
1753303009.607885
1753303009.623608
1753303009.639331
1753303009.655377
1753303009.671424
1753303009.688991
1753303009.706558
1753303009.723340
1753303009.740122
1753303009.757076
1753303009.774030
1753303009.788517
1753303009.803003
1753303009.822232
1753303009.841462
1753303009.857553
1753303009.873644
1753303009.890579
1753303009.907514
1753303009.921958
1753303009.936402
1753303009.955027
1753303009.973651
1753303009.990997
1753303010.008343
1753303010.025293
1753303010.042243
1753303010.055997
1753303010.069751
1753303010.088237
1753303010.106722
1753303010.122233
1753303010.137745
1753303010.154074
1753303010.170404
1753303010.188637
1753303010.206870
1753303010.222818
1753303010.238766
1753303010.256241
1753303010.273717
1753303010.290172
1753303010.306626
1753303010.321950
1753303010.337275
1753303010.355450
1753303010.373625
1753303010.390767
1753303010.407909
1753303010.424936
1753303010.441963
1753303010.455974
1753303010.469985
1753303010.488407
1753303010.506828
1753303010.524802
1753303010.542776
1753303010.558886
1753303010.574995
1753303010.589298
1753303010.603602
1753303010.622641
1753303010.641680
1753303010.658160
1753303010.674640
1753303010.690881
1753303010.707123
1753303010.722824
1753303010.738524
1753303010.756724
1753303010.774925
1753303010.791057
1753303010.807189
1753303010.825491
1753303010.843793
1753303010.856553
1753303010.869312
1753303010.888231
1753303010.907150
1753303010.925138
1753303010.943127
1753303010.959226
1753303010.975325
1753303010.989516
1753303011.003707
1753303011.022820
1753303011.041933
1753303011.058297
1753303011.074661
1753303011.091944
1753303011.109227
1753303011.123054
1753303011.136881
1753303011.155636
1753303011.174391
1753303011.191831
1753303011.209271
1753303011.225434
1753303011.241597
1753303011.256205
1753303011.270812
1753303011.289558
1753303011.308304
1753303011.325027
1753303011.341750
1753303011.358896
1753303011.376043
1753303011.389900
1753303011.403757
1753303011.422370
1753303011.440984
1753303011.458252
1753303011.475521
1753303011.492304
1753303011.509087
1753303011.523905
1753303011.538723
1753303011.557346
1753303011.575970
1753303011.591645
1753303011.607321
1753303011.624665
1753303011.642009
1753303011.656837
1753303011.671665
1753303011.689147
1753303011.706628
1753303011.723492
1753303011.740355
1753303011.757011
1753303011.773668
1753303011.789465
1753303011.805263
1753303011.824129
1753303011.842995
1753303011.858880
1753303011.874765
1753303011.890552
1753303011.906338
1753303011.923439
1753303011.940539
1753303011.957243
1753303011.973948
1753303011.989769
1753303012.005589
1753303012.023756
1753303012.041923
1753303012.057130
1753303012.072337
1753303012.090758
1753303012.109179
1753303012.125806
1753303012.142434
1753303012.159433
1753303012.176433
1753303012.191017
1753303012.205601
1753303012.223821
1753303012.242041
1753303012.258117
1753303012.274192
1753303012.292343
1753303012.310493
1753303012.324097
1753303012.337701
1753303012.356573
1753303012.375444
1753303012.392045
1753303012.408647
1753303012.424585
1753303012.440523
1753303012.455768
1753303012.471012
1753303012.490102
1753303012.509191
1753303012.525627
1753303012.542062
1753303012.558419
1753303012.574777
1753303012.589554
1753303012.604331
1753303012.623416
1753303012.642502
1753303012.659734
1753303012.676967
1753303012.692660
1753303012.708354
1753303012.722589
1753303012.736823
1753303012.754859
1753303012.772896
1753303012.791589
1753303012.810283
1753303012.826162
1753303012.842042
1753303012.856589
1753303012.871137
1753303012.890196
1753303012.909256
1753303012.925879
1753303012.942503
1753303012.959570
1753303012.976637
1753303012.990633
1753303013.004630
1753303013.023709
1753303013.042787
1753303013.059153
1753303013.075518
1753303013.092661
1753303013.109804
1753303013.123509
1753303013.137214
1753303013.156583
1753303013.175952
1753303013.191401
1753303013.206850
1753303013.225450
1753303013.244049
1753303013.258142
1753303013.272236
1753303013.290744
1753303013.309252
1753303013.326192
1753303013.343132
1753303013.359215
1753303013.375298
1753303013.390360
1753303013.405423
1753303013.423571
1753303013.441718
1753303013.459445
1753303013.477173
1753303013.493188
1753303013.509203
1753303013.525284
1753303013.541365
1753303013.558675
1753303013.575985
1753303013.592005
1753303013.608026
1753303013.626418
1753303013.644809
1753303013.658484
1753303013.672159
1753303013.689620
1753303013.707081
1753303013.724643
1753303013.742204
1753303013.759612
1753303013.777020
1753303013.791184
1753303013.805349
1753303013.824501
1753303013.843652
1753303013.859754
1753303013.875855
1753303013.891899
1753303013.907942
1753303013.926215
1753303013.944488
1753303013.958094
1753303013.971699
1753303013.991036
1753303014.010373
1753303014.026464
1753303014.042555
1753303014.060005
1753303014.077455
1753303014.093572
1753303014.109689
1753303014.123652
1753303014.137616
1753303014.156709
1753303014.175803
1753303014.192107
1753303014.208411
1753303014.226733
1753303014.245056
1753303014.258508
1753303014.271961
1753303014.290605
1753303014.309249
1753303014.324755
1753303014.340261
1753303014.358570
1753303014.376878
1753303014.391098
1753303014.405318
1753303014.424517
1753303014.443715
1753303014.460318
1753303014.476921
1753303014.494256
1753303014.511591
1753303014.525251
1753303014.538911
1753303014.557715
1753303014.576520
1753303014.593221
1753303014.609922
1753303014.626905
1753303014.643889
1753303014.657999
1753303014.672108
1753303014.689526
1753303014.706944
1753303014.724597
1753303014.742250
1753303014.760267
1753303014.778285
1753303014.791886
1753303014.805487
1753303014.824767
1753303014.844047
1753303014.860319
1753303014.876591
1753303014.892751
1753303014.908912
1753303014.924326
1753303014.939740
1753303014.958408
1753303014.977077
1753303014.993749
1753303015.010420
1753303015.026766
1753303015.043111
1753303015.058263
1753303015.073415
1753303015.091507
1753303015.109600
1753303015.127070
1753303015.144541
1753303015.160809
1753303015.177077
1753303015.191466
1753303015.205855
1753303015.225037
1753303015.244219
1753303015.260604
1753303015.276989
1753303015.293837
1753303015.310685
1753303015.324870
1753303015.339055
1753303015.357789
1753303015.376523
1753303015.392680
1753303015.408837
1753303015.427183
1753303015.445529
1753303015.459115
1753303015.472700
1753303015.491575
1753303015.510449
1753303015.526518
1753303015.542588
1753303015.560736
1753303015.578884
1753303015.592411
1753303015.605938
1753303015.624774
1753303015.643609
1753303015.660410
1753303015.677211
1753303015.692551
1753303015.707890
1753303015.724277
1753303015.740664
1753303015.759300
1753303015.777936
1753303015.793941
1753303015.809945
1753303015.826557
1753303015.843169
1753303015.859508
1753303015.875846
1753303015.893212
1753303015.910578
1753303015.927188
1753303015.943799
1753303015.960687
1753303015.977574
1753303015.993057
1753303016.008539
1753303016.026898
1753303016.045257
1753303016.061629
1753303016.078001
1753303016.094595
1753303016.111189
1753303016.124973
1753303016.138758
1753303016.157913
1753303016.177068
1753303016.192957
1753303016.208847
1753303016.227030
1753303016.245213
1753303016.259080
1753303016.272947
1753303016.291294
1753303016.309641
1753303016.326478
1753303016.343315
1753303016.359179
1753303016.375042
1753303016.390531
1753303016.406019
1753303016.424805
1753303016.443591
1753303016.460238
1753303016.476884
1753303016.494084
1753303016.511284
1753303016.525600
1753303016.539916
1753303016.559341
1753303016.578766
1753303016.594695
1753303016.610624
1753303016.627955
1753303016.645286
1753303016.659162
1753303016.673037
1753303016.690481
1753303016.707925
1753303016.725620
1753303016.743315
1753303016.760668
1753303016.778021
1753303016.792711
1753303016.807400
1753303016.825994
1753303016.844588
1753303016.860883
1753303016.877179
1753303016.893806
1753303016.910433
1753303016.927713
1753303016.944993
1753303016.960876
1753303016.976759
1753303016.994709
1753303017.012659
1753303017.028730
1753303017.044802
1753303017.060532
1753303017.076262
1753303017.094189
1753303017.112116
1753303017.128194
1753303017.144272
1753303017.160938
1753303017.177604
1753303017.192532
1753303017.207460
1753303017.225344
1753303017.243228
1753303017.261157
1753303017.279085
1753303017.295017
1753303017.310949
1753303017.327811
1753303017.344672
1753303017.360681
1753303017.376690
1753303017.394414
1753303017.412138
1753303017.428042
1753303017.443946
1753303017.460462
1753303017.476978
1753303017.494215
1753303017.511453
1753303017.527216
1753303017.542980
1753303017.561090
1753303017.579201
1753303017.593289
1753303017.607378
1753303017.625913
1753303017.644447
1753303017.660717
1753303017.676986
1753303017.693501
1753303017.710017
1753303017.725227
1753303017.740438
1753303017.758667
1753303017.776895
1753303017.793428
1753303017.809962
1753303017.827059
1753303017.844155
1753303017.859251
1753303017.874348
1753303017.892764
1753303017.911179
1753303017.927684
1753303017.944189
1753303017.960480
1753303017.976771
1753303017.993976
1753303018.011180
1753303018.027108
1753303018.043037
1753303018.061130
1753303018.079223
1753303018.095873
1753303018.112523
1753303018.126478
1753303018.140433
1753303018.159143
1753303018.177854
1753303018.193271
1753303018.208688
1753303018.226959
1753303018.245231
1753303018.259672
1753303018.274114
1753303018.293071
1753303018.312028
1753303018.328122
1753303018.344216
1753303018.360823
1753303018.377430
1753303018.392812
1753303018.408194
1753303018.427017
1753303018.445840
1753303018.461872
1753303018.477904
1753303018.494464
1753303018.511025
1753303018.525989
1753303018.540952
1753303018.559557
1753303018.578162
1753303018.594916
1753303018.611670
1753303018.628200
1753303018.644729
1753303018.659115
1753303018.673502
1753303018.692091
1753303018.710679
1753303018.728513
1753303018.746347
1753303018.762311
1753303018.778276
1753303018.792840
1753303018.807405
1753303018.825686
1753303018.843968
1753303018.860528
1753303018.877089
1753303018.894031
1753303018.910972
1753303018.925840
1753303018.940708
1753303018.959543
1753303018.978377
1753303018.994426
1753303019.010475
1753303019.028605
1753303019.046734
1753303019.060431
1753303019.074127
1753303019.093249
1753303019.112372
1753303019.128106
1753303019.143840
1753303019.162301
1753303019.180762
1753303019.194456
1753303019.208149
1753303019.225742
1753303019.243335
1753303019.261550
1753303019.279766
1753303019.296429
1753303019.313091
1753303019.327197
1753303019.341303
1753303019.359233
1753303019.377163
1753303019.395489
1753303019.413815
1753303019.429933
1753303019.446051
1753303019.460364
1753303019.474678
1753303019.494104
1753303019.513530
1753303019.529438
1753303019.545345
1753303019.562293
1753303019.579240
1753303019.594254
1753303019.609268
1753303019.627460
1753303019.645653
1753303019.661683
1753303019.677712
1753303019.693279
1753303019.708846
1753303019.726356
1753303019.743865
1753303019.761918
1753303019.779970
1753303019.796170
1753303019.812371
1753303019.828588
1753303019.844806
1753303019.860681
1753303019.876555
1753303019.894520
1753303019.912485
1753303019.929457
1753303019.946430
1753303019.962367
1753303019.978304
1753303019.992705
1753303020.007106
1753303020.025794
1753303020.044482
1753303020.062938
1753303020.081394
1753303020.096945
1753303020.112496
1753303020.126902
1753303020.141307
1753303020.159730
1753303020.178153
1753303020.194338
1753303020.210523
1753303020.226352
1753303020.242181
1753303020.260632
1753303020.279083
1753303020.294742
1753303020.310400
1753303020.328987
1753303020.347574
1753303020.362863
1753303020.378151
1753303020.393161
1753303020.408172
1753303020.427026
1753303020.445881
1753303020.463029
1753303020.480178
1753303020.496454
1753303020.512729
1753303020.527085
1753303020.541441
1753303020.560352
1753303020.579263
1753303020.595799
1753303020.612335
1753303020.628921
1753303020.645507
1753303020.661333
1753303020.677158
1753303020.693248
1753303020.709338
1753303020.728137
1753303020.746935
1753303020.762916
1753303020.778896
1753303020.794331
1753303020.809766
1753303020.828281
1753303020.846796
1753303020.861950
1753303020.877105
1753303020.895105
1753303020.913106
1753303020.927865
1753303020.942624
1753303020.961713
1753303020.980802
1753303020.997036
1753303021.013270
1753303021.029717
1753303021.046164
1753303021.060861
1753303021.075557
1753303021.094554
1753303021.113551
1753303021.129460
1753303021.145370
1753303021.163336
1753303021.181302
1753303021.195664
1753303021.210026
1753303021.228799
1753303021.247573
1753303021.263618
1753303021.279664
1753303021.295980
1753303021.312296
1753303021.329967
1753303021.347637
1753303021.361902
1753303021.376168
1753303021.395630
1753303021.415093
1753303021.431175
1753303021.447256
1753303021.462863
1753303021.478470
1753303021.495858
1753303021.513245
1753303021.529902
1753303021.546559
1753303021.563658
1753303021.580756
1753303021.595443
1753303021.610131
1753303021.628535
1753303021.646939
1753303021.663084
1753303021.679229
1753303021.694146
1753303021.709062
1753303021.727499
1753303021.745937
1753303021.763348
1753303021.780759
1753303021.796792
1753303021.812824
1753303021.830399
1753303021.847973
1753303021.862378
1753303021.876783
1753303021.895387
1753303021.913991
1753303021.930614
1753303021.947237
1753303021.963627
1753303021.980018
1753303021.996765
1753303022.013512
1753303022.029752
1753303022.045992
1753303022.063659
1753303022.081327
1753303022.097425
1753303022.113523
1753303022.128808
1753303022.144094
1753303022.160036
1753303022.175978
1753303022.192663
1753303022.209349
1753303022.228328
1753303022.247306
1753303022.263371
1753303022.279437
1753303022.294354
1753303022.309271
1753303022.328292
1753303022.347313
1753303022.363083
1753303022.378854
1753303022.396782
1753303022.414710
1753303022.431590
1753303022.448469
1753303022.462447
1753303022.476425
1753303022.494208
1753303022.511991
1753303022.529910
1753303022.547829
1753303022.564311
1753303022.580792
1753303022.594970
1753303022.609147
1753303022.628374
1753303022.647601
1753303022.663876
1753303022.680151
1753303022.695737
1753303022.711323
1753303022.726614
1753303022.741904
1753303022.761861
1753303022.781818
1753303022.797824
1753303022.813831
1753303022.830045
1753303022.846258
1753303022.861055
1753303022.875852
1753303022.894770
1753303022.913687
1753303022.929915
1753303022.946144
1753303022.964042
1753303022.981940
1753303022.995628
1753303023.009316
1753303023.028491
1753303023.047667
1753303023.064579
1753303023.081492
1753303023.097734
1753303023.113976
1753303023.128321
1753303023.142666
1753303023.161887
1753303023.181107
1753303023.197459
1753303023.213811
1753303023.230018
1753303023.246225
1753303023.260982
1753303023.275739
1753303023.294297
1753303023.312856
1753303023.331089
1753303023.349322
1753303023.362809
1753303023.376295
1753303023.392868
1753303023.409440
1753303023.426874
1753303023.444307
1753303023.462675
1753303023.481042
1753303023.497132
1753303023.513222
1753303023.527904
1753303023.542586
1753303023.559570
1753303023.576553
1753303023.595454
1753303023.614355
1753303023.629815
1753303023.645275
1753303023.660621
1753303023.675967
1753303023.692861
1753303023.709755
1753303023.728973
1753303023.748192
1753303023.762285
1753303023.776378
1753303023.793028
1753303023.809678
1753303023.828259
1753303023.846841
1753303023.864135
1753303023.881428
1753303023.897148
1753303023.912868
1753303023.927828
1753303023.942788
1753303023.960403
1753303023.978019
1753303023.996625
1753303024.015231
1753303024.030056
1753303024.044882
1753303024.060728
1753303024.076573
1753303024.093139
1753303024.109705
1753303024.127908
1753303024.146110
1753303024.164528
1753303024.182946
1753303024.196327
1753303024.209709
1753303024.226597
1753303024.243486
1753303024.262175
1753303024.280864
1753303024.295296
1753303024.309728
1753303024.326514
1753303024.343300
1753303024.359911
1753303024.376522
1753303024.395360
1753303024.414197
1753303024.429220
1753303024.444244
1753303024.460268
1753303024.476292
1753303024.493215
1753303024.510138
1753303024.528884
1753303024.547630
1753303024.562174
1753303024.576718
1753303024.593248
1753303024.609779
1753303024.626488
1753303024.643197
1753303024.662050
1753303024.680904
1753303024.695457
1753303024.710009
1753303024.726145
1753303024.742280
1753303024.760467
1753303024.778654
1753303024.796733
1753303024.814813
1753303024.829328
1753303024.843842
1753303024.860305
1753303024.876768
1753303024.894105
1753303024.911442
1753303024.929959
1753303024.948476
1753303024.962978
1753303024.977481
1753303024.993808
1753303025.010136
1753303025.027658
1753303025.045179
1753303025.063251
1753303025.081322
1753303025.097090
1753303025.112858
1753303025.128206
1753303025.143555
1753303025.161382
1753303025.179209
1753303025.197536
1753303025.215863
1753303025.231103
1753303025.246343
1753303025.261665
1753303025.276987
1753303025.295031
1753303025.313074
1753303025.331562
1753303025.350049
1753303025.363622
1753303025.377195
1753303025.393833
1753303025.410471
1753303025.427706
1753303025.444942
1753303025.463853
1753303025.482764
1753303025.497756
1753303025.512748
1753303025.528281
1753303025.543814
1753303025.561841
1753303025.579867
1753303025.598310
1753303025.616754
1753303025.631559
1753303025.646364
1753303025.661823
1753303025.677282
1753303025.695621
1753303025.713960
1753303025.731597
1753303025.749235
1753303025.765178
1753303025.781121
1753303025.795836
1753303025.810551
1753303025.828876
1753303025.847201
1753303025.863068
1753303025.878934
1753303025.897325
1753303025.915715
1753303025.929823
1753303025.943931
1753303025.963008
1753303025.982086
1753303025.998328
1753303026.014570
1753303026.031546
1753303026.048521
1753303026.062937
1753303026.077354
1753303026.096689
1753303026.116025
1753303026.131021
1753303026.146016
1753303026.164437
1753303026.182858
1753303026.196722
1753303026.210586
1753303026.229088
1753303026.247589
1753303026.263958
1753303026.280326
1753303026.298629
1753303026.316933
1753303026.330631
1753303026.344330
1753303026.362880
1753303026.381430
1753303026.398466
1753303026.415502
1753303026.431771
1753303026.448039
1753303026.462779
1753303026.477519
1753303026.496109
1753303026.514699
1753303026.530980
1753303026.547261
1753303026.564136
1753303026.581011
1753303026.595960
1753303026.610908
1753303026.628649
1753303026.646390
1753303026.664950
1753303026.683511
1753303026.699142
1753303026.714773
1753303026.729074
1753303026.743374
1753303026.762564
1753303026.781753
1753303026.798850
1753303026.815947
1753303026.831815
1753303026.847682
1753303026.862743
1753303026.877805
1753303026.897223
1753303026.916642
1753303026.932423
1753303026.948203
1753303026.965822
1753303026.983440
1753303026.997561
1753303027.011682
1753303027.030506
1753303027.049329
1753303027.066009
1753303027.082689
1753303027.099240
1753303027.115791
1753303027.130312
1753303027.144834
1753303027.163555
1753303027.182276
1753303027.199178
1753303027.216080
1753303027.231988
1753303027.247897
1753303027.263096
1753303027.278295
1753303027.296688
1753303027.315081
1753303027.332952
1753303027.350823
1753303027.364729
1753303027.378635
1753303027.394979
1753303027.411324
1753303027.430836
1753303027.450348
1753303027.466278
1753303027.482208
1753303027.499606
1753303027.517004
1753303027.530867
1753303027.544729
1753303027.563221
1753303027.581714
1753303027.599563
1753303027.617412
1753303027.631718
1753303027.646024
1753303027.662091
1753303027.678157
1753303027.696661
1753303027.715166
1753303027.731927
1753303027.748689
1753303027.765922
1753303027.783154
1753303027.797381
1753303027.811608
1753303027.829990
1753303027.848373
1753303027.863717
1753303027.879060
1753303027.897678
1753303027.916296
1753303027.930593
1753303027.944890
1753303027.963405
1753303027.981920
1753303027.998385
1753303028.014850
1753303028.033130
1753303028.051410
1753303028.064695
1753303028.077981
1753303028.096776
1753303028.115571
1753303028.131203
1753303028.146835
1753303028.164981
1753303028.183127
1753303028.197475
1753303028.211824
1753303028.230073
1753303028.248322
1753303028.266703
1753303028.285084
1753303028.299542
1753303028.314001
1753303028.329519
1753303028.345037
1753303028.361957
1753303028.378876
1753303028.397584
1753303028.416293
1753303028.432237
1753303028.448181
1753303028.463212
1753303028.478244
1753303028.496335
1753303028.514426
1753303028.531288
1753303028.548150
1753303028.566613
1753303028.585076
1753303028.598392
1753303028.611708
1753303028.629030
1753303028.646353
1753303028.665023
1753303028.683693
1753303028.699243
1753303028.714793
1753303028.729519
1753303028.744245
1753303028.762937
1753303028.781629
1753303028.799806
1753303028.817982
1753303028.832533
1753303028.847085
1753303028.862895
1753303028.878704
1753303028.897077
1753303028.915450
1753303028.933280
1753303028.951110
1753303028.965914
1753303028.980719
1753303028.996565
1753303029.012411
1753303029.030960
1753303029.049509
1753303029.066442
1753303029.083376
1753303029.099363
1753303029.115350
1753303029.130454
1753303029.145558
1753303029.163979
1753303029.182399
1753303029.198903
1753303029.215406
1753303029.233579
1753303029.251752
1753303029.265329
1753303029.278907
1753303029.297583
1753303029.316259
1753303029.333529
1753303029.350800
1753303029.365388
1753303029.379976
1753303029.396971
1753303029.413966
1753303029.430506
1753303029.447047
1753303029.465413
1753303029.483779
1753303029.498969
1753303029.514158
1753303029.529995
1753303029.545832
1753303029.564564
1753303029.583297
1753303029.599182
1753303029.615066
1753303029.633450
1753303029.651834
1753303029.665433
1753303029.679033
1753303029.697578
1753303029.716123
1753303029.734293
1753303029.752464
1753303029.765954
1753303029.779444
1753303029.796084
1753303029.812725
1753303029.830590
1753303029.848456
1753303029.863936
1753303029.879416
1753303029.898124
1753303029.916832
1753303029.931325
1753303029.945818
