1753301676.530980
1753301676.580884
1753301676.630787
1753301676.647759
1753301676.664731
1753301676.681545
1753301676.698360
1753301676.714826
1753301676.731292
1753301676.747498
1753301676.763704
1753301676.781123
1753301676.798541
1753301676.815239
1753301676.831937
1753301676.848290
1753301676.864644
1753301676.881980
1753301676.899317
1753301676.915202
1753301676.931087
1753301676.949688
1753301676.968290
1753301676.984405
1753301677.000520
1753301677.018757
1753301677.036995
1753301677.053144
1753301677.069292
1753301677.086631
1753301677.103970
1753301677.120556
1753301677.137143
1753301677.152468
1753301677.167793
1753301677.186395
1753301677.204996
1753301677.221319
1753301677.237641
1753301677.255142
1753301677.272643
1753301677.291123
1753301677.309604
1753301677.327886
1753301677.346167
1753301677.362400
1753301677.378633
1753301677.391767
1753301677.404900
1753301677.421089
1753301677.437278
1753301677.453925
1753301677.470572
1753301677.488187
1753301677.505802
1753301677.522208
1753301677.538614
1753301677.556148
1753301677.573682
1753301677.592629
1753301677.611577
1753301677.628560
1753301677.645542
1753301677.661580
1753301677.677618
1753301677.695526
1753301677.713434
1753301677.729278
1753301677.745122
1753301677.761933
1753301677.778744
1753301677.795289
1753301677.811833
1753301677.828988
1753301677.846142
1753301677.862092
1753301677.878043
1753301677.892002
1753301677.905960
1753301677.921977
1753301677.937993
1753301677.953891
1753301677.969789
1753301677.984751
1753301677.999713
1753301678.015840
1753301678.031967
1753301678.051637
1753301678.071307
1753301678.086987
1753301678.102667
1753301678.116992
1753301678.131318
1753301678.147813
1753301678.164308
1753301678.184184
1753301678.204060
1753301678.217989
1753301678.231919
1753301678.251086
1753301678.270253
1753301678.283790
1753301678.297326
1753301678.316425
1753301678.335524
1753301678.352301
1753301678.369077
1753301678.386117
1753301678.403156
1753301678.416982
1753301678.430807
1753301678.450782
1753301678.470757
1753301678.484770
1753301678.498783
1753301678.517438
1753301678.536093
1753301678.550632
1753301678.565171
1753301678.584064
1753301678.602956
1753301678.618792
1753301678.634628
1753301678.652510
1753301678.670392
1753301678.684495
1753301678.698598
1753301678.716134
1753301678.733670
1753301678.749744
1753301678.765818
1753301678.784571
1753301678.803323
1753301678.817648
1753301678.831973
1753301678.850955
1753301678.869938
1753301678.886005
1753301678.902073
1753301678.919044
1753301678.936015
1753301678.950682
1753301678.965349
1753301678.984226
1753301679.003103
1753301679.019599
1753301679.036096
1753301679.052638
1753301679.069179
1753301679.084126
1753301679.099073
1753301679.117972
1753301679.136871
1753301679.152548
1753301679.168224
1753301679.186462
1753301679.204700
1753301679.218571
1753301679.232442
1753301679.251729
1753301679.271015
1753301679.286919
1753301679.302823
1753301679.319789
1753301679.336756
1753301679.351758
1753301679.366759
1753301679.385497
1753301679.404234
1753301679.419940
1753301679.435647
1753301679.454171
1753301679.472695
1753301679.486084
1753301679.499474
1753301679.518339
1753301679.537204
1753301679.553399
1753301679.569593
1753301679.586769
1753301679.603944
1753301679.618306
1753301679.632668
1753301679.651256
1753301679.669844
1753301679.686739
1753301679.703635
1753301679.719424
1753301679.735212
1753301679.750643
1753301679.766074
1753301679.784893
1753301679.803711
1753301679.820653
1753301679.837595
1753301679.853696
1753301679.869798
1753301679.884675
1753301679.899551
1753301679.918890
1753301679.938228
1753301679.954401
1753301679.970574
1753301679.987936
1753301680.005298
1753301680.019084
1753301680.032870
1753301680.052372
1753301680.071873
1753301680.087639
1753301680.103406
1753301680.120833
1753301680.138261
1753301680.152294
1753301680.166327
1753301680.186015
1753301680.205703
1753301680.221564
1753301680.237425
1753301680.254884
1753301680.272342
1753301680.285982
1753301680.299622
1753301680.318409
1753301680.337196
1753301680.354013
1753301680.370831
1753301680.388084
1753301680.405337
1753301680.419273
1753301680.433210
1753301680.452339
1753301680.471469
1753301680.487243
1753301680.503017
1753301680.521331
1753301680.539645
1753301680.553125
1753301680.566606
1753301680.585505
1753301680.604405
1753301680.620557
1753301680.636709
1753301680.653624
1753301680.670539
1753301680.685184
1753301680.699828
1753301680.718593
1753301680.737358
1753301680.754196
1753301680.771033
1753301680.787552
1753301680.804071
1753301680.818695
1753301680.833318
1753301680.852304
1753301680.871290
1753301680.887528
1753301680.903766
1753301680.921210
1753301680.938654
1753301680.952662
1753301680.966671
1753301680.985982
1753301681.005293
1753301681.020178
1753301681.035064
1753301681.053524
1753301681.071983
1753301681.086026
1753301681.100069
1753301681.118896
1753301681.137724
1753301681.153448
1753301681.169171
1753301681.187702
1753301681.206232
1753301681.219818
1753301681.233403
1753301681.252627
1753301681.271852
1753301681.287852
1753301681.303852
1753301681.320410
1753301681.336967
1753301681.353022
1753301681.369077
1753301681.385818
1753301681.402560
1753301681.421087
1753301681.439613
1753301681.455439
1753301681.471264
1753301681.487346
1753301681.503428
1753301681.520999
1753301681.538571
1753301681.555043
1753301681.571516
1753301681.587592
1753301681.603668
1753301681.621680
1753301681.639693
1753301681.654139
1753301681.668584
1753301681.687303
1753301681.706021
1753301681.721688
1753301681.737354
1753301681.752088
1753301681.766822
1753301681.784267
1753301681.801712
1753301681.818987
1753301681.836263
1753301681.855033
1753301681.873803
1753301681.887297
1753301681.900791
1753301681.919655
1753301681.938520
1753301681.955524
1753301681.972528
1753301681.989071
1753301682.005615
1753301682.019960
1753301682.034306
1753301682.053228
1753301682.072150
1753301682.088165
1753301682.104180
1753301682.120622
1753301682.137064
1753301682.153641
1753301682.170218
1753301682.188195
1753301682.206172
1753301682.221980
1753301682.237788
1753301682.254339
1753301682.270889
1753301682.285743
1753301682.300597
1753301682.319139
1753301682.337682
1753301682.355597
1753301682.373513
1753301682.389116
1753301682.404719
1753301682.419333
1753301682.433946
1753301682.452716
1753301682.471486
1753301682.488653
1753301682.505820
1753301682.521792
1753301682.537764
1753301682.552727
1753301682.567690
1753301682.586300
1753301682.604911
1753301682.622492
1753301682.640073
1753301682.655849
1753301682.671626
1753301682.686251
1753301682.700876
1753301682.719698
1753301682.738520
1753301682.755034
1753301682.771548
1753301682.787952
1753301682.804357
1753301682.819314
1753301682.834271
1753301682.853846
1753301682.873421
1753301682.889185
1753301682.904950
1753301682.922302
1753301682.939655
1753301682.953640
1753301682.967626
1753301682.986444
1753301683.005262
1753301683.021480
1753301683.037697
1753301683.054501
1753301683.071304
1753301683.086111
1753301683.100917
1753301683.120299
1753301683.139681
1753301683.155532
1753301683.171383
1753301683.189359
1753301683.207335
1753301683.220953
1753301683.234571
1753301683.253500
1753301683.272428
1753301683.289445
1753301683.306463
1753301683.321843
1753301683.337222
1753301683.352544
1753301683.367865
1753301683.386420
1753301683.404974
1753301683.422611
1753301683.440248
1753301683.456212
1753301683.472176
1753301683.486717
1753301683.501258
1753301683.520128
1753301683.538999
1753301683.555996
1753301683.572993
1753301683.588931
1753301683.604868
1753301683.619795
1753301683.634723
1753301683.653579
1753301683.672436
1753301683.688287
1753301683.704137
1753301683.722558
1753301683.740978
1753301683.754072
1753301683.767166
1753301683.786094
1753301683.805023
1753301683.822212
1753301683.839402
1753301683.854748
1753301683.870095
1753301683.885962
1753301683.901828
1753301683.920710
1753301683.939591
1753301683.956278
1753301683.972965
1753301683.989159
1753301684.005353
1753301684.020126
1753301684.034899
1753301684.054229
1753301684.073559
1753301684.089525
1753301684.105490
1753301684.122359
1753301684.139228
1753301684.153719
1753301684.168210
1753301684.186522
1753301684.204833
1753301684.223009
1753301684.241185
1753301684.257046
1753301684.272906
1753301684.287263
1753301684.301620
1753301684.319675
1753301684.337730
1753301684.353341
1753301684.368952
1753301684.388106
1753301684.407260
1753301684.421121
1753301684.434982
1753301684.453351
1753301684.471720
1753301684.489921
1753301684.508122
1753301684.523830
1753301684.539538
1753301684.555132
1753301684.570726
1753301684.589166
1753301684.607607
1753301684.623420
1753301684.639234
1753301684.656646
1753301684.674059
1753301684.687954
1753301684.701850
1753301684.720934
1753301684.740019
1753301684.755429
1753301684.770838
1753301684.789337
1753301684.807835
1753301684.821559
1753301684.835283
1753301684.854341
1753301684.873398
1753301684.889268
1753301684.905139
1753301684.922540
1753301684.939942
1753301684.954257
1753301684.968571
1753301684.987492
1753301685.006413
1753301685.022128
1753301685.037842
1753301685.055066
1753301685.072290
1753301685.088090
1753301685.103890
1753301685.122437
1753301685.140985
1753301685.156788
1753301685.172592
1753301685.190209
1753301685.207827
1753301685.221641
1753301685.235454
1753301685.253549
1753301685.271643
1753301685.289944
1753301685.308246
1753301685.323907
1753301685.339568
1753301685.354286
1753301685.369005
1753301685.387681
1753301685.406357
1753301685.423333
1753301685.440308
1753301685.456236
1753301685.472164
1753301685.487716
1753301685.503268
1753301685.521888
1753301685.540507
1753301685.556721
1753301685.572935
1753301685.589374
1753301685.605813
1753301685.621184
1753301685.636556
1753301685.655113
1753301685.673670
1753301685.689341
1753301685.705012
1753301685.723468
1753301685.741924
1753301685.755610
1753301685.769296
1753301685.787964
1753301685.806633
1753301685.823292
1753301685.839950
1753301685.857413
1753301685.874876
1753301685.888690
1753301685.902505
1753301685.921370
1753301685.940235
1753301685.956095
1753301685.971954
1753301685.989240
1753301686.006526
1753301686.021161
1753301686.035795
1753301686.054593
1753301686.073390
1753301686.090179
1753301686.106968
1753301686.123507
1753301686.140047
1753301686.154571
1753301686.169095
1753301686.187577
1753301686.206058
1753301686.222525
1753301686.238992
1753301686.257368
1753301686.275744
1753301686.289107
1753301686.302471
1753301686.319854
1753301686.337237
1753301686.356017
1753301686.374797
1753301686.390692
1753301686.406587
1753301686.424006
1753301686.441425
1753301686.455417
1753301686.469409
1753301686.488254
1753301686.507098
1753301686.523805
1753301686.540512
1753301686.556207
1753301686.571902
1753301686.589442
1753301686.606981
1753301686.621617
1753301686.636253
1753301686.654714
1753301686.673174
1753301686.691231
1753301686.709288
1753301686.725232
1753301686.741176
1753301686.754998
1753301686.768821
1753301686.787931
1753301686.807041
1753301686.823334
1753301686.839628
1753301686.857774
1753301686.875921
1753301686.889502
1753301686.903082
1753301686.921835
1753301686.940588
1753301686.957488
1753301686.974387
1753301686.990374
1753301687.006361
1753301687.021539
1753301687.036718
1753301687.055793
1753301687.074868
1753301687.090989
1753301687.107109
1753301687.124438
1753301687.141767
1753301687.155766
1753301687.169765
1753301687.188128
1753301687.206492
1753301687.224286
1753301687.242080
1753301687.258229
1753301687.274378
1753301687.288720
1753301687.303062
1753301687.321376
1753301687.339691
1753301687.357701
1753301687.375711
1753301687.392209
1753301687.408707
1753301687.422758
1753301687.436809
1753301687.455498
1753301687.474186
1753301687.490735
1753301687.507284
1753301687.524716
1753301687.542149
1753301687.556078
1753301687.570007
1753301687.589524
1753301687.609041
1753301687.624877
1753301687.640714
1753301687.658071
1753301687.675427
1753301687.689390
1753301687.703353
1753301687.722208
1753301687.741064
1753301687.756223
1753301687.771382
1753301687.789882
1753301687.808381
1753301687.822547
1753301687.836713
1753301687.856117
1753301687.875521
1753301687.891347
1753301687.907174
1753301687.924247
1753301687.941320
1753301687.955717
1753301687.970114
1753301687.989382
1753301688.008650
1753301688.024814
1753301688.040977
1753301688.057210
1753301688.073443
1753301688.088545
1753301688.103648
1753301688.122409
1753301688.141170
1753301688.158064
1753301688.174958
1753301688.192034
1753301688.209110
1753301688.222959
1753301688.236808
1753301688.255635
1753301688.274463
1753301688.290270
1753301688.306078
1753301688.323072
1753301688.340067
1753301688.354951
1753301688.369836
1753301688.388751
1753301688.407666
1753301688.425090
1753301688.442514
1753301688.458381
1753301688.474248
1753301688.488894
1753301688.503539
1753301688.522269
1753301688.541000
1753301688.557894
1753301688.574788
1753301688.590721
1753301688.606653
1753301688.621727
1753301688.636802
1753301688.656042
1753301688.675282
1753301688.691223
1753301688.707163
1753301688.725131
1753301688.743098
1753301688.756277
1753301688.769455
1753301688.787980
1753301688.806505
1753301688.822235
1753301688.837965
1753301688.855939
1753301688.873914
1753301688.888813
1753301688.903712
1753301688.922575
1753301688.941439
1753301688.958549
1753301688.975660
1753301688.991618
1753301689.007575
1753301689.022369
1753301689.037163
1753301689.056033
1753301689.074903
1753301689.091304
1753301689.107705
1753301689.123982
1753301689.140259
1753301689.155405
1753301689.170550
1753301689.190144
1753301689.209738
1753301689.225612
1753301689.241486
1753301689.258028
1753301689.274570
1753301689.289352
1753301689.304135
1753301689.322663
1753301689.341191
1753301689.357709
1753301689.374228
1753301689.392394
1753301689.410559
1753301689.423828
1753301689.437097
1753301689.455906
1753301689.474715
1753301689.491394
1753301689.508072
1753301689.524451
1753301689.540830
1753301689.555810
1753301689.570791
1753301689.589950
1753301689.609108
1753301689.625002
1753301689.640896
1753301689.659251
1753301689.677606
1753301689.690982
1753301689.704358
1753301689.723183
1753301689.742007
1753301689.757960
1753301689.773913
1753301689.791739
1753301689.809564
1753301689.823598
1753301689.837633
1753301689.856657
1753301689.875681
1753301689.892370
1753301689.909060
1753301689.925554
1753301689.942047
1753301689.956640
1753301689.971233
1753301689.989997
1753301690.008762
1753301690.025717
1753301690.042673
1753301690.059623
1753301690.076572
1753301690.090569
1753301690.104567
1753301690.123517
1753301690.142467
1753301690.159116
1753301690.175765
1753301690.192469
1753301690.209173
1753301690.223553
1753301690.237933
1753301690.256567
1753301690.275202
1753301690.292704
1753301690.310206
1753301690.324095
1753301690.337984
1753301690.357235
1753301690.376487
1753301690.390939
1753301690.405392
1753301690.424037
1753301690.442682
1753301690.459183
1753301690.475684
1753301690.490176
1753301690.504669
1753301690.523438
1753301690.542208
1753301690.559051
1753301690.575893
1753301690.592230
1753301690.608568
1753301690.623236
1753301690.637905
1753301690.656130
1753301690.674355
1753301690.692852
1753301690.711350
1753301690.726644
1753301690.741938
1753301690.756285
1753301690.770632
1753301690.789518
1753301690.808405
1753301690.825465
1753301690.842526
1753301690.858731
1753301690.874936
1753301690.889953
1753301690.904969
1753301690.923740
1753301690.942511
1753301690.958781
1753301690.975050
1753301690.992908
1753301691.010767
1753301691.024506
1753301691.038244
1753301691.057272
1753301691.076301
1753301691.092741
1753301691.109182
1753301691.125305
1753301691.141428
1753301691.156593
1753301691.171759
1753301691.190841
1753301691.209924
1753301691.225847
1753301691.241771
1753301691.259888
1753301691.278005
1753301691.291477
1753301691.304949
1753301691.323695
1753301691.342441
1753301691.359874
1753301691.377308
1753301691.392585
1753301691.407862
1753301691.423090
1753301691.438317
1753301691.457410
1753301691.476503
1753301691.492439
1753301691.508376
1753301691.526083
1753301691.543791
1753301691.557770
1753301691.571748
1753301691.590651
1753301691.609553
1753301691.626597
1753301691.643641
1753301691.659297
1753301691.674952
1753301691.690031
1753301691.705110
1753301691.723799
1753301691.742487
1753301691.758816
1753301691.775146
1753301691.792259
1753301691.809371
1753301691.823931
1753301691.838492
1753301691.857238
1753301691.875985
1753301691.892747
1753301691.909510
1753301691.926801
1753301691.944092
1753301691.958102
1753301691.972111
1753301691.990799
1753301692.009487
1753301692.025809
1753301692.042131
1753301692.059490
1753301692.076849
1753301692.091206
1753301692.105563
1753301692.124470
1753301692.143378
1753301692.160007
1753301692.176636
1753301692.192864
1753301692.209092
1753301692.223975
1753301692.238859
1753301692.256684
1753301692.274510
1753301692.291613
1753301692.308716
1753301692.326536
1753301692.344355
1753301692.358306
1753301692.372258
1753301692.391325
1753301692.410391
1753301692.427610
1753301692.444830
1753301692.460872
1753301692.476915
1753301692.491340
1753301692.505766
1753301692.524600
1753301692.543434
1753301692.559694
1753301692.575955
1753301692.592413
1753301692.608872
1753301692.623901
1753301692.638931
1753301692.657930
1753301692.676929
1753301692.692930
1753301692.708931
1753301692.726742
1753301692.744553
1753301692.758550
1753301692.772547
1753301692.791336
1753301692.810124
1753301692.826107
1753301692.842089
1753301692.859653
1753301692.877217
1753301692.891447
1753301692.905677
1753301692.924607
1753301692.943537
1753301692.959738
1753301692.975939
1753301692.994045
1753301693.012152
1753301693.025748
1753301693.039344
1753301693.058067
1753301693.076790
1753301693.093031
1753301693.109272
1753301693.127218
1753301693.145164
1753301693.158851
1753301693.172538
1753301693.191123
1753301693.209709
1753301693.227634
1753301693.245559
1753301693.260958
1753301693.276358
1753301693.291102
1753301693.305846
1753301693.324510
1753301693.343174
1753301693.360705
1753301693.378237
1753301693.394230
1753301693.410224
1753301693.424936
1753301693.439648
1753301693.458694
1753301693.477740
1753301693.493990
1753301693.510241
1753301693.527398
1753301693.544555
1753301693.558673
1753301693.572791
1753301693.591233
1753301693.609674
1753301693.626362
1753301693.643050
1753301693.659655
1753301693.676259
1753301693.691251
1753301693.706243
1753301693.725090
1753301693.743937
1753301693.760714
1753301693.777490
1753301693.793874
1753301693.810258
1753301693.824965
1753301693.839673
1753301693.856906
1753301693.874140
1753301693.892867
1753301693.911593
1753301693.927832
1753301693.944071
1753301693.958467
1753301693.972863
1753301693.992647
1753301694.012431
1753301694.027866
1753301694.043301
1753301694.060554
1753301694.077807
1753301694.092152
1753301694.106497
1753301694.125751
1753301694.145004
1753301694.161090
1753301694.177177
1753301694.193873
1753301694.210570
1753301694.225203
1753301694.239836
1753301694.258459
1753301694.277081
1753301694.294511
1753301694.311941
1753301694.327735
1753301694.343530
1753301694.358618
1753301694.373707
1753301694.392461
1753301694.411214
1753301694.427969
1753301694.444725
1753301694.460854
1753301694.476983
1753301694.491740
1753301694.506496
1753301694.526572
1753301694.546649
1753301694.561891
1753301694.577132
1753301694.593607
1753301694.610083
1753301694.624967
1753301694.639850
1753301694.659011
1753301694.678172
1753301694.694223
1753301694.710274
1753301694.727246
1753301694.744218
1753301694.760189
1753301694.776159
1753301694.791152
1753301694.806145
1753301694.825748
1753301694.845351
1753301694.860929
1753301694.876507
1753301694.893252
1753301694.909997
1753301694.927659
1753301694.945321
1753301694.959468
1753301694.973615
1753301694.992755
1753301695.011896
1753301695.027650
1753301695.043405
1753301695.060152
1753301695.076898
1753301695.091914
1753301695.106929
1753301695.126267
1753301695.145606
1753301695.161720
1753301695.177833
1753301695.195612
1753301695.213391
1753301695.226911
1753301695.240431
1753301695.259748
1753301695.279065
1753301695.295670
1753301695.312275
1753301695.328842
1753301695.345409
1753301695.359582
1753301695.373755
1753301695.392965
1753301695.412175
1753301695.429209
1753301695.446242
1753301695.462698
1753301695.479154
1753301695.493151
1753301695.507148
1753301695.526332
1753301695.545517
1753301695.562007
1753301695.578497
1753301695.595014
1753301695.611531
1753301695.626051
1753301695.640572
1753301695.659557
1753301695.678542
1753301695.695126
1753301695.711709
1753301695.726561
1753301695.741412
1753301695.759891
1753301695.778369
1753301695.794180
1753301695.809992
1753301695.826922
1753301695.843852
1753301695.860960
1753301695.878069
1753301695.893122
1753301695.908175
1753301695.926764
1753301695.945352
1753301695.962441
1753301695.979530
1753301695.996191
1753301696.012851
1753301696.026467
1753301696.040083
1753301696.059298
1753301696.078513
1753301696.094469
1753301696.110424
1753301696.128319
1753301696.146213
1753301696.160397
1753301696.174581
1753301696.193411
1753301696.212242
1753301696.228370
1753301696.244499
1753301696.262112
1753301696.279725
1753301696.293900
1753301696.308076
1753301696.326976
1753301696.345877
1753301696.362418
1753301696.378959
1753301696.396020
1753301696.413082
1753301696.427289
1753301696.441496
1753301696.460008
1753301696.478520
1753301696.495150
1753301696.511780
1753301696.527835
1753301696.543891
1753301696.559073
1753301696.574255
1753301696.592822
1753301696.611389
1753301696.629253
1753301696.647117
1753301696.661668
1753301696.676220
1753301696.691950
1753301696.707680
1753301696.726519
1753301696.745357
1753301696.761425
1753301696.777492
1753301696.794625
1753301696.811757
1753301696.826350
1753301696.840943
1753301696.859324
1753301696.877706
1753301696.894389
1753301696.911072
1753301696.928498
1753301696.945924
1753301696.960205
1753301696.974485
1753301696.993356
1753301697.012226
1753301697.028016
1753301697.043805
1753301697.061672
1753301697.079539
1753301697.094708
1753301697.109878
1753301697.128057
1753301697.146235
1753301697.162009
1753301697.177783
1753301697.195999
1753301697.214214
1753301697.227931
1753301697.241647
1753301697.260813
1753301697.279978
1753301697.295429
1753301697.310881
1753301697.328728
1753301697.346575
1753301697.360652
1753301697.374730
1753301697.393276
1753301697.411822
1753301697.429913
1753301697.448003
1753301697.463635
1753301697.479267
1753301697.493714
1753301697.508162
1753301697.526416
1753301697.544670
1753301697.562554
1753301697.580438
1753301697.596218
1753301697.611998
1753301697.626696
1753301697.641393
1753301697.660161
1753301697.678930
1753301697.696434
1753301697.713939
1753301697.729506
1753301697.745074
1753301697.760013
1753301697.774952
1753301697.793340
1753301697.811729
1753301697.829627
1753301697.847525
1753301697.863558
1753301697.879592
1753301697.893938
1753301697.908283
1753301697.926819
1753301697.945356
1753301697.962773
1753301697.980190
1753301697.996794
1753301698.013398
1753301698.027594
1753301698.041790
1753301698.060495
1753301698.079201
1753301698.096411
1753301698.113621
1753301698.130092
1753301698.146562
1753301698.161030
1753301698.175497
1753301698.194274
1753301698.213051
1753301698.229191
1753301698.245330
1753301698.263161
1753301698.280991
1753301698.294870
1753301698.308749
1753301698.328397
1753301698.348045
1753301698.363830
1753301698.379614
1753301698.395609
1753301698.411604
1753301698.428928
1753301698.446253
1753301698.462091
1753301698.477930
1753301698.495945
1753301698.513961
1753301698.530427
1753301698.546892
1753301698.561103
1753301698.575315
1753301698.594149
1753301698.612982
1753301698.628768
1753301698.644554
1753301698.662997
1753301698.681440
1753301698.695137
1753301698.708834
1753301698.727180
1753301698.745527
1753301698.763255
1753301698.780983
1753301698.797421
1753301698.813858
1753301698.828058
1753301698.842259
1753301698.860408
1753301698.878557
1753301698.894099
1753301698.909642
1753301698.929273
1753301698.948904
1753301698.962344
1753301698.975784
1753301698.994888
1753301699.013992
1753301699.030202
1753301699.046413
1753301699.062689
1753301699.078966
1753301699.093880
1753301699.108795
1753301699.127994
1753301699.147193
1753301699.164017
1753301699.180841
1753301699.195503
1753301699.210164
1753301699.226163
1753301699.242163
1753301699.260157
1753301699.278151
1753301699.296659
1753301699.315168
1753301699.330739
1753301699.346309
1753301699.360925
1753301699.375542
1753301699.393477
1753301699.411413
1753301699.429792
1753301699.448171
1753301699.463501
1753301699.478831
1753301699.494064
1753301699.509297
1753301699.527495
1753301699.545693
1753301699.563926
1753301699.582159
1753301699.598574
1753301699.614988
1753301699.628758
1753301699.642528
1753301699.661491
1753301699.680454
1753301699.696891
1753301699.713328
1753301699.730563
1753301699.747798
1753301699.762714
1753301699.777631
1753301699.796043
1753301699.814456
1753301699.830628
1753301699.846800
1753301699.862858
1753301699.878916
1753301699.895072
1753301699.911228
1753301699.929600
1753301699.947973
1753301699.964067
1753301699.980162
1753301699.995546
1753301700.010930
1753301700.028764
1753301700.046599
1753301700.062699
1753301700.078799
1753301700.097075
1753301700.115350
1753301700.131546
1753301700.147743
1753301700.161795
1753301700.175846
1753301700.194700
1753301700.213554
1753301700.229631
1753301700.245708
1753301700.264100
1753301700.282492
1753301700.296168
1753301700.309844
1753301700.329042
1753301700.348241
1753301700.364719
1753301700.381197
1753301700.397918
1753301700.414639
1753301700.428843
1753301700.443046
1753301700.461587
1753301700.480129
1753301700.497152
1753301700.514176
1753301700.530006
1753301700.545836
1753301700.561439
1753301700.577042
1753301700.595841
1753301700.614640
1753301700.631285
1753301700.647930
1753301700.664002
1753301700.680075
1753301700.695263
1753301700.710451
1753301700.729085
1753301700.747719
1753301700.764596
1753301700.781472
1753301700.797510
1753301700.813548
1753301700.828394
1753301700.843241
1753301700.862429
1753301700.881616
1753301700.896872
1753301700.912127
1753301700.930629
1753301700.949132
1753301700.962915
1753301700.976699
1753301700.995798
1753301701.014897
1753301701.031787
1753301701.048678
1753301701.065499
1753301701.082320
1753301701.096077
1753301701.109835
1753301701.128677
1753301701.147519
1753301701.164737
1753301701.181954
1753301701.200208
1753301701.218462
1753301701.230918
1753301701.243375
1753301701.262651
1753301701.281928
1753301701.299537
1753301701.317145
1753301701.331555
1753301701.345965
1753301701.361461
1753301701.376957
1753301701.394303
1753301701.411649
1753301701.430197
1753301701.448745
1753301701.465230
1753301701.481714
1753301701.495933
1753301701.510151
1753301701.529128
1753301701.548105
1753301701.563898
1753301701.579691
1753301701.597986
1753301701.616281
1753301701.629951
1753301701.643622
1753301701.662390
1753301701.681158
1753301701.697753
1753301701.714349
1753301701.730435
1753301701.746521
1753301701.762604
1753301701.778686
1753301701.797248
1753301701.815810
1753301701.831550
1753301701.847290
1753301701.864155
1753301701.881019
1753301701.895750
1753301701.910481
1753301701.929372
1753301701.948264
1753301701.966286
1753301701.984308
1753301701.999547
1753301702.014786
1753301702.029227
1753301702.043667
1753301702.061884
1753301702.080101
1753301702.098488
1753301702.116875
1753301702.132535
1753301702.148195
1753301702.163465
1753301702.178736
1753301702.197037
1753301702.215339
1753301702.231880
1753301702.248421
1753301702.265101
1753301702.281781
1753301702.296249
1753301702.310718
1753301702.329196
1753301702.347675
1753301702.364778
1753301702.381881
1753301702.397862
1753301702.413843
1753301702.429672
1753301702.445501
1753301702.464065
1753301702.482628
1753301702.498603
1753301702.514578
1753301702.532628
1753301702.550678
1753301702.564327
1753301702.577976
1753301702.596186
1753301702.614396
1753301702.629685
1753301702.644975
1753301702.661669
1753301702.678364
1753301702.696236
1753301702.714108
1753301702.730356
1753301702.746603
1753301702.763196
1753301702.779788
1753301702.795476
1753301702.811165
1753301702.827444
1753301702.843723
1753301702.860434
1753301702.877145
1753301702.893847
1753301702.910550
1753301702.928229
1753301702.945908
1753301702.961689
1753301702.977470
1753301702.995848
1753301703.014227
1753301703.032148
1753301703.050070
1753301703.067134
1753301703.084199
1753301703.099873
1753301703.115546
1753301703.129962
1753301703.144379
1753301703.163220
1753301703.182061
1753301703.199095
1753301703.216128
1753301703.232768
1753301703.249407
1753301703.266178
1753301703.282949
1753301703.297002
1753301703.311056
1753301703.330088
1753301703.349120
1753301703.366027
1753301703.382934
1753301703.398793
1753301703.414651
1753301703.429506
1753301703.444362
1753301703.462926
1753301703.481491
1753301703.499010
1753301703.516529
1753301703.533163
1753301703.549796
1753301703.563822
1753301703.577847
1753301703.596426
1753301703.615006
1753301703.632154
1753301703.649303
1753301703.666001
1753301703.682699
1753301703.696985
1753301703.711270
1753301703.730013
1753301703.748756
1753301703.763918
1753301703.779080
1753301703.797926
1753301703.816773
1753301703.830712
1753301703.844651
1753301703.864082
1753301703.883513
1753301703.899055
1753301703.914596
1753301703.932516
1753301703.950435
1753301703.964262
1753301703.978088
1753301703.996852
1753301704.015617
1753301704.031904
1753301704.048192
1753301704.065992
1753301704.083793
1753301704.097596
1753301704.111399
1753301704.130380
1753301704.149361
1753301704.165925
1753301704.182489
1753301704.198720
1753301704.214950
1753301704.229765
1753301704.244580
1753301704.263513
1753301704.282445
1753301704.299279
1753301704.316114
1753301704.333393
1753301704.350671
1753301704.364529
1753301704.378386
1753301704.397262
1753301704.416138
1753301704.432716
1753301704.449294
1753301704.466411
1753301704.483528
1753301704.497659
1753301704.511790
1753301704.530099
1753301704.548408
1753301704.566670
1753301704.584933
1753301704.600237
1753301704.615541
1753301704.630300
1753301704.645059
1753301704.663757
1753301704.682454
1753301704.699545
1753301704.716636
1753301704.732589
1753301704.748543
1753301704.763495
1753301704.778447
1753301704.797083
1753301704.815720
1753301704.831637
1753301704.847554
1753301704.864951
1753301704.882347
1753301704.897347
1753301704.912347
1753301704.931257
1753301704.950166
1753301704.966753
1753301704.983340
1753301705.000351
1753301705.017362
1753301705.031447
1753301705.045532
1753301705.064460
1753301705.083388
1753301705.100019
1753301705.116649
1753301705.133465
1753301705.150282
1753301705.164505
1753301705.178729
1753301705.196878
1753301705.215028
1753301705.232771
1753301705.250514
1753301705.266583
1753301705.282653
1753301705.297317
1753301705.311980
1753301705.331318
1753301705.350657
1753301705.367057
1753301705.383457
1753301705.399495
1753301705.415532
1753301705.430412
1753301705.445292
1753301705.464099
1753301705.482906
1753301705.498899
1753301705.514891
1753301705.533185
1753301705.551480
1753301705.565255
1753301705.579029
1753301705.598090
1753301705.617151
1753301705.632868
1753301705.648585
1753301705.666838
1753301705.685091
1753301705.698659
1753301705.712228
1753301705.730867
1753301705.749506
1753301705.766407
1753301705.783309
1753301705.800815
1753301705.818321
1753301705.831991
1753301705.845661
1753301705.864494
1753301705.883328
1753301705.898899
1753301705.914470
1753301705.933005
1753301705.951540
1753301705.965324
1753301705.979109
1753301705.998178
1753301706.017247
1753301706.033722
1753301706.050197
1753301706.067251
1753301706.084305
1753301706.099546
1753301706.114788
1753301706.133157
1753301706.151525
1753301706.167250
1753301706.182974
1753301706.200391
1753301706.217808
1753301706.233064
1753301706.248320
1753301706.266743
1753301706.285165
1753301706.301390
1753301706.317615
1753301706.334273
1753301706.350931
1753301706.365563
1753301706.380195
1753301706.398742
1753301706.417289
1753301706.433706
1753301706.450122
1753301706.467020
1753301706.483917
1753301706.498276
1753301706.512635
1753301706.531663
1753301706.550692
1753301706.567089
1753301706.583486
1753301706.600685
1753301706.617884
1753301706.631937
1753301706.645989
1753301706.664814
1753301706.683639
1753301706.699500
1753301706.715360
1753301706.732586
1753301706.749812
1753301706.764795
1753301706.779778
1753301706.798619
1753301706.817460
1753301706.834227
1753301706.850993
1753301706.867551
1753301706.884109
1753301706.898448
1753301706.912788
1753301706.932513
1753301706.952239
1753301706.966785
1753301706.981332
1753301706.999868
1753301707.018405
1753301707.033358
1753301707.048310
1753301707.066712
1753301707.085114
1753301707.101089
1753301707.117064
1753301707.134455
1753301707.151847
1753301707.165808
1753301707.179770
1753301707.198705
1753301707.217640
1753301707.233510
1753301707.249380
1753301707.267557
1753301707.285733
1753301707.299377
1753301707.313022
1753301707.331658
1753301707.350294
1753301707.367706
1753301707.385118
1753301707.401193
1753301707.417267
1753301707.431853
1753301707.446438
1753301707.465273
1753301707.484109
1753301707.500332
1753301707.516556
1753301707.534493
1753301707.552431
1753301707.566029
1753301707.579627
1753301707.598833
1753301707.618038
1753301707.634199
1753301707.650360
1753301707.667181
1753301707.684001
1753301707.699352
1753301707.714703
1753301707.733019
1753301707.751335
1753301707.767020
1753301707.782705
1753301707.801000
1753301707.819295
1753301707.834546
1753301707.849796
1753301707.867472
1753301707.885147
1753301707.901483
1753301707.917818
1753301707.934554
1753301707.951290
1753301707.965679
1753301707.980068
1753301707.999038
1753301708.018007
1753301708.034615
1753301708.051222
1753301708.067630
1753301708.084038
1753301708.098764
1753301708.113490
1753301708.132757
1753301708.152023
1753301708.168063
1753301708.184103
1753301708.199675
1753301708.215246
1753301708.233531
1753301708.251815
1753301708.267246
1753301708.282678
1753301708.301015
1753301708.319353
1753301708.335350
1753301708.351346
1753301708.368696
1753301708.386046
1753301708.400512
1753301708.414977
1753301708.433416
1753301708.451855
1753301708.467986
1753301708.484116
1753301708.500031
1753301708.515947
1753301708.534317
1753301708.552686
1753301708.568727
1753301708.584769
1753301708.600963
1753301708.617157
1753301708.632296
1753301708.647434
1753301708.665955
1753301708.684475
1753301708.701650
1753301708.718825
1753301708.734896
1753301708.750966
1753301708.766530
1753301708.782094
1753301708.800435
1753301708.818775
1753301708.835384
1753301708.851993
1753301708.868325
1753301708.884657
1753301708.900405
1753301708.916153
1753301708.934686
1753301708.953219
1753301708.967502
1753301708.981785
1753301709.000316
1753301709.018846
1753301709.033030
1753301709.047214
1753301709.066019
1753301709.084823
1753301709.102113
1753301709.119404
1753301709.135499
1753301709.151595
1753301709.166172
1753301709.180749
1753301709.198982
1753301709.217216
1753301709.234694
1753301709.252172
1753301709.269043
1753301709.285915
1753301709.299932
1753301709.313948
1753301709.333415
1753301709.352882
1753301709.368792
1753301709.384701
1753301709.402297
1753301709.419894
1753301709.433686
1753301709.447478
1753301709.466125
1753301709.484773
1753301709.502512
1753301709.520251
1753301709.536597
1753301709.552944
1753301709.567121
1753301709.581298
1753301709.599968
1753301709.618639
1753301709.635362
1753301709.652085
1753301709.668292
1753301709.684499
1753301709.699188
1753301709.713878
1753301709.733059
1753301709.752240
1753301709.768642
1753301709.785045
1753301709.801776
1753301709.818507
1753301709.833090
1753301709.847674
1753301709.865897
1753301709.884121
1753301709.901531
1753301709.918942
1753301709.935899
1753301709.952857
1753301709.967744
1753301709.982632
1753301710.001411
1753301710.020191
1753301710.035932
1753301710.051673
1753301710.069268
1753301710.086863
1753301710.101392
1753301710.115921
1753301710.134392
1753301710.152862
1753301710.168825
1753301710.184788
1753301710.200670
1753301710.216552
1753301710.234067
1753301710.251582
1753301710.269085
1753301710.286588
1753301710.302668
1753301710.318748
1753301710.335489
1753301710.352230
1753301710.368154
1753301710.384078
1753301710.401425
1753301710.418773
1753301710.436077
1753301710.453381
1753301710.469275
1753301710.485170
1753301710.499847
1753301710.514525
1753301710.533180
1753301710.551834
1753301710.568159
1753301710.584483
1753301710.602704
1753301710.620924
1753301710.634462
1753301710.648000
1753301710.666255
1753301710.684511
1753301710.702641
1753301710.720770
1753301710.736141
1753301710.751513
1753301710.767684
1753301710.783854
1753301710.802252
1753301710.820650
1753301710.836865
1753301710.853081
1753301710.868821
1753301710.884560
1753301710.900848
1753301710.917137
1753301710.935287
1753301710.953437
1753301710.969638
1753301710.985839
1753301711.002608
1753301711.019377
1753301711.033783
1753301711.048189
1753301711.067861
1753301711.087533
1753301711.103571
1753301711.119610
1753301711.135697
1753301711.151785
1753301711.166942
1753301711.182099
1753301711.200836
1753301711.219572
1753301711.235753
1753301711.251934
1753301711.269547
1753301711.287159
1753301711.301184
1753301711.315209
1753301711.333869
1753301711.352530
1753301711.367358
1753301711.382187
1753301711.401268
1753301711.420350
1753301711.437142
1753301711.453934
1753301711.467812
1753301711.481690
1753301711.501185
1753301711.520680
1753301711.536787
1753301711.552893
1753301711.569370
1753301711.585847
1753301711.602744
1753301711.619641
1753301711.634223
1753301711.648806
1753301711.667603
1753301711.686401
1753301711.703592
1753301711.720783
1753301711.737165
1753301711.753548
1753301711.767734
1753301711.781919
1753301711.801020
1753301711.820121
1753301711.836463
1753301711.852806
1753301711.868917
1753301711.885027
1753301711.901252
1753301711.917477
1753301711.935752
1753301711.954028
1753301711.969751
1753301711.985475
1753301712.002792
1753301712.020109
1753301712.035059
1753301712.050010
1753301712.068584
1753301712.087158
1753301712.103958
1753301712.120758
1753301712.136393
1753301712.152027
1753301712.167906
1753301712.183785
1753301712.202400
1753301712.221015
1753301712.237464
1753301712.253914
1753301712.270090
1753301712.286265
1753301712.302032
1753301712.317799
1753301712.336163
1753301712.354527
1753301712.370454
1753301712.386381
1753301712.402434
1753301712.418487
1753301712.435207
1753301712.451927
1753301712.469455
1753301712.486982
1753301712.503298
1753301712.519614
1753301712.536878
1753301712.554142
1753301712.568192
1753301712.582242
1753301712.601505
1753301712.620768
1753301712.637233
1753301712.653698
1753301712.670472
1753301712.687246
1753301712.700912
1753301712.714578
1753301712.734287
1753301712.753996
1753301712.769636
1753301712.785277
1753301712.803331
1753301712.821386
1753301712.835168
1753301712.848950
1753301712.867247
1753301712.885544
1753301712.903489
1753301712.921433
1753301712.937459
1753301712.953486
1753301712.967910
1753301712.982334
1753301713.001404
1753301713.020475
1753301713.037061
1753301713.053648
1753301713.070465
1753301713.087281
1753301713.101467
1753301713.115653
1753301713.134441
1753301713.153230
1753301713.169140
1753301713.185050
1753301713.202362
1753301713.219674
1753301713.234366
1753301713.249059
1753301713.268255
1753301713.287452
1753301713.303632
1753301713.319812
1753301713.336694
1753301713.353575
1753301713.368407
1753301713.383239
1753301713.402073
1753301713.420908
1753301713.437384
1753301713.453859
1753301713.470785
1753301713.487710
1753301713.501841
1753301713.515971
1753301713.534917
1753301713.553864
1753301713.570650
1753301713.587436
1753301713.604155
1753301713.620874
1753301713.635242
1753301713.649610
1753301713.668373
1753301713.687136
1753301713.703862
1753301713.720589
1753301713.736978
1753301713.753366
1753301713.767922
1753301713.782479
1753301713.801215
1753301713.819951
1753301713.837236
1753301713.854521
1753301713.870054
1753301713.885586
1753301713.901956
1753301713.918325
1753301713.936678
1753301713.955031
1753301713.971479
1753301713.987927
1753301714.004771
1753301714.021616
1753301714.035686
1753301714.049755
1753301714.069032
1753301714.088308
1753301714.104864
1753301714.121419
1753301714.137447
1753301714.153476
1753301714.168644
1753301714.183813
1753301714.203212
1753301714.222611
1753301714.238735
1753301714.254860
1753301714.270923
1753301714.286986
1753301714.303223
1753301714.319460
1753301714.337327
1753301714.355194
1753301714.371621
1753301714.388048
1753301714.404913
1753301714.421778
1753301714.437097
1753301714.452415
1753301714.470423
1753301714.488430
1753301714.505002
1753301714.521574
1753301714.538264
1753301714.554954
1753301714.570580
1753301714.586207
1753301714.603722
1753301714.621236
1753301714.638101
1753301714.654965
1753301714.671044
1753301714.687123
1753301714.703025
1753301714.718927
1753301714.736553
1753301714.754179
1753301714.770095
1753301714.786011
1753301714.804132
1753301714.822254
1753301714.836058
1753301714.849862
1753301714.867403
1753301714.884944
1753301714.903769
1753301714.922595
1753301714.938529
1753301714.954463
1753301714.968872
1753301714.983281
1753301715.002561
1753301715.021841
1753301715.038044
1753301715.054248
1753301715.070829
1753301715.087411
1753301715.102011
1753301715.116611
1753301715.135343
1753301715.154075
1753301715.170036
1753301715.185998
1753301715.203645
1753301715.221292
1753301715.235826
1753301715.250359
1753301715.268074
1753301715.285789
1753301715.304007
1753301715.322224
1753301715.338377
1753301715.354530
1753301715.369059
1753301715.383587
1753301715.402448
1753301715.421309
1753301715.437729
1753301715.454149
1753301715.470698
1753301715.487248
1753301715.502902
1753301715.518555
1753301715.537116
1753301715.555677
1753301715.572180
1753301715.588683
1753301715.604907
1753301715.621131
1753301715.635864
1753301715.650598
1753301715.669277
1753301715.687956
1753301715.705105
1753301715.722254
1753301715.738251
1753301715.754248
1753301715.769069
1753301715.783891
1753301715.802055
1753301715.820220
1753301715.838493
1753301715.856767
1753301715.872690
1753301715.888614
1753301715.904549
1753301715.920483
1753301715.938236
1753301715.955988
1753301715.971775
1753301715.987561
1753301716.004123
1753301716.020685
1753301716.036313
1753301716.051940
1753301716.070580
1753301716.089220
1753301716.105351
1753301716.121482
1753301716.138197
1753301716.154913
1753301716.169453
1753301716.183993
1753301716.202827
1753301716.221661
1753301716.237895
1753301716.254128
1753301716.272020
1753301716.289913
1753301716.303604
1753301716.317295
1753301716.336441
1753301716.355587
1753301716.371850
1753301716.388114
1753301716.405356
1753301716.422599
1753301716.436894
1753301716.451190
1753301716.469120
1753301716.487050
1753301716.505224
1753301716.523398
1753301716.539360
1753301716.555322
1753301716.570426
1753301716.585530
1753301716.603155
1753301716.620779
1753301716.637589
1753301716.654398
1753301716.672414
1753301716.690430
1753301716.703998
1753301716.717565
1753301716.736040
1753301716.754514
1753301716.770831
1753301716.787147
1753301716.805536
1753301716.823924
1753301716.837427
1753301716.850929
1753301716.869261
1753301716.887593
1753301716.904449
1753301716.921304
1753301716.939371
1753301716.957438
1753301716.970823
1753301716.984208
1753301717.003059
1753301717.021910
1753301717.038378
1753301717.054847
1753301717.071924
1753301717.089002
1753301717.103223
1753301717.117445
1753301717.135630
1753301717.153814
1753301717.171801
1753301717.189787
1753301717.205623
1753301717.221459
1753301717.236162
1753301717.250866
1753301717.269601
1753301717.288337
1753301717.306282
1753301717.324226
1753301717.339972
1753301717.355719
1753301717.370075
1753301717.384430
1753301717.403257
1753301717.422085
1753301717.438781
1753301717.455478
1753301717.472716
1753301717.489955
1753301717.503912
1753301717.517870
1753301717.536914
1753301717.555958
1753301717.572809
1753301717.589661
1753301717.606375
1753301717.623089
1753301717.637238
1753301717.651387
1753301717.670841
1753301717.690296
1753301717.706134
1753301717.721973
1753301717.738707
1753301717.755441
1753301717.770124
1753301717.784808
1753301717.802859
1753301717.820910
1753301717.838990
1753301717.857070
1753301717.872957
1753301717.888844
1753301717.903779
1753301717.918714
1753301717.937448
1753301717.956182
1753301717.972098
1753301717.988014
1753301718.006276
1753301718.024537
1753301718.038471
1753301718.052404
1753301718.071125
1753301718.089846
1753301718.106114
1753301718.122382
1753301718.138180
1753301718.153979
1753301718.171512
1753301718.189045
1753301718.204993
1753301718.220940
1753301718.239234
1753301718.257529
1753301718.273336
1753301718.289144
1753301718.305390
1753301718.321637
1753301718.339818
1753301718.358000
1753301718.373559
1753301718.389119
1753301718.405807
1753301718.422494
1753301718.437102
1753301718.451710
1753301718.470634
1753301718.489558
1753301718.505455
1753301718.521351
1753301718.536664
1753301718.551976
1753301718.570371
1753301718.588766
1753301718.605453
1753301718.622140
1753301718.640085
1753301718.658031
1753301718.674310
1753301718.690589
1753301718.704564
1753301718.718539
1753301718.737363
1753301718.756187
1753301718.772444
1753301718.788701
1753301718.806872
1753301718.825044
1753301718.838622
1753301718.852199
1753301718.871419
1753301718.890640
1753301718.906392
1753301718.922143
1753301718.940147
1753301718.958151
1753301718.971763
1753301718.985374
1753301719.004734
1753301719.024093
1753301719.039680
1753301719.055266
1753301719.070627
1753301719.085988
1753301719.104780
1753301719.123572
1753301719.138355
1753301719.153138
1753301719.171206
1753301719.189275
1753301719.205765
1753301719.222255
1753301719.237835
1753301719.253415
1753301719.271976
1753301719.290536
1753301719.306416
1753301719.322295
1753301719.340006
1753301719.357718
1753301719.371222
1753301719.384726
1753301719.403198
1753301719.421670
1753301719.439119
1753301719.456569
1753301719.472724
1753301719.488879
1753301719.503959
1753301719.519039
1753301719.537853
1753301719.556667
1753301719.573261
1753301719.589856
1753301719.606138
1753301719.622420
1753301719.638017
1753301719.653614
1753301719.672048
1753301719.690481
1753301719.706116
1753301719.721751
1753301719.739490
1753301719.757229
1753301719.773046
1753301719.788863
1753301719.803900
1753301719.818938
1753301719.838136
1753301719.857334
1753301719.873562
1753301719.889791
1753301719.906996
1753301719.924200
1753301719.940217
1753301719.956235
1753301719.971772
1753301719.987310
1753301720.005977
1753301720.024644
1753301720.040322
1753301720.056000
1753301720.074295
1753301720.092589
1753301720.105898
1753301720.119207
1753301720.137553
1753301720.155900
1753301720.173842
1753301720.191785
1753301720.207049
1753301720.222314
1753301720.239846
1753301720.257378
1753301720.273438
1753301720.289499
1753301720.307261
1753301720.325024
1753301720.341384
1753301720.357745
1753301720.372916
1753301720.388086
1753301720.406530
1753301720.424974
1753301720.440599
1753301720.456224
1753301720.473883
1753301720.491542
1753301720.507212
1753301720.522881
1753301720.540480
1753301720.558079
1753301720.574015
1753301720.589950
1753301720.605705
1753301720.621459
1753301720.640006
1753301720.658553
1753301720.673250
1753301720.687947
1753301720.705520
1753301720.723092
1753301720.740040
1753301720.756988
1753301720.771584
1753301720.786179
1753301720.804942
1753301720.823704
1753301720.840518
1753301720.857333
1753301720.874199
1753301720.891066
1753301720.905380
1753301720.919694
1753301720.938890
1753301720.958087
1753301720.973792
1753301720.989496
1753301721.007754
1753301721.026012
1753301721.039531
1753301721.053051
1753301721.071736
1753301721.090421
1753301721.106463
1753301721.122505
1753301721.140242
1753301721.157979
1753301721.172091
1753301721.186203
1753301721.204801
1753301721.223399
1753301721.240705
1753301721.258012
1753301721.273686
1753301721.289360
1753301721.304515
1753301721.319671
1753301721.338501
1753301721.357331
1753301721.372712
1753301721.388092
1753301721.406425
1753301721.424758
1753301721.438933
1753301721.453108
1753301721.471849
1753301721.490590
1753301721.506994
1753301721.523397
1753301721.541028
1753301721.558659
1753301721.572595
1753301721.586531
1753301721.605280
1753301721.624029
1753301721.640817
1753301721.657606
1753301721.674082
1753301721.690559
1753301721.705179
1753301721.719800
1753301721.738502
1753301721.757203
1753301721.773926
1753301721.790650
1753301721.807038
1753301721.823426
1753301721.839547
1753301721.855667
1753301721.872951
1753301721.890234
1753301721.908509
1753301721.926783
1753301721.942287
1753301721.957791
1753301721.972215
1753301721.986639
1753301722.005482
1753301722.024325
1753301722.040558
1753301722.056791
1753301722.074888
1753301722.092984
1753301722.106591
1753301722.120199
1753301722.138435
1753301722.156672
1753301722.174669
1753301722.192665
1753301722.208404
1753301722.224143
1753301722.240435
1753301722.256726
1753301722.274911
1753301722.293096
1753301722.309343
1753301722.325590
1753301722.341965
1753301722.358341
1753301722.374100
1753301722.389860
1753301722.408243
1753301722.426626
1753301722.441960
1753301722.457295
1753301722.474329
1753301722.491362
1753301722.507105
1753301722.522848
1753301722.541265
1753301722.559681
1753301722.575310
1753301722.590938
1753301722.607412
1753301722.623886
1753301722.638807
1753301722.653727
1753301722.672482
1753301722.691238
1753301722.707197
1753301722.723156
1753301722.741075
1753301722.758993
1753301722.773093
1753301722.787192
1753301722.806778
1753301722.826365
1753301722.842167
1753301722.857969
1753301722.875018
1753301722.892066
1753301722.906247
1753301722.920427
1753301722.939512
1753301722.958597
1753301722.975435
1753301722.992274
1753301723.008325
1753301723.024376
1753301723.039137
1753301723.053898
1753301723.073265
1753301723.092632
1753301723.108837
1753301723.125041
1753301723.141781
1753301723.158521
1753301723.172914
1753301723.187307
1753301723.205446
1753301723.223585
1753301723.241440
1753301723.259296
1753301723.275430
1753301723.291564
1753301723.306209
1753301723.320853
1753301723.339676
1753301723.358499
1753301723.374476
1753301723.390453
1753301723.407948
1753301723.425444
1753301723.439723
1753301723.454003
1753301723.472985
1753301723.491967
1753301723.508878
1753301723.525788
1753301723.541897
1753301723.558005
1753301723.572776
1753301723.587546
1753301723.606455
1753301723.625364
1753301723.640863
1753301723.656363
1753301723.674925
1753301723.693488
1753301723.707323
1753301723.721157
1753301723.739171
1753301723.757184
1753301723.775377
1753301723.793569
1753301723.809547
1753301723.825525
1753301723.839923
1753301723.854322
1753301723.873136
1753301723.891950
1753301723.909443
1753301723.926936
1753301723.942884
1753301723.958832
1753301723.973541
1753301723.988250
1753301724.007033
1753301724.025816
1753301724.042391
1753301724.058966
1753301724.075282
1753301724.091597
1753301724.107482
1753301724.123367
1753301724.141763
1753301724.160159
1753301724.176127
1753301724.192096
1753301724.207752
1753301724.223408
1753301724.240806
1753301724.258204
1753301724.274511
1753301724.290819
1753301724.309193
1753301724.327567
1753301724.343793
1753301724.360020
1753301724.374501
1753301724.388983
1753301724.407134
1753301724.425285
1753301724.442284
1753301724.459283
1753301724.475538
1753301724.491793
1753301724.507464
1753301724.523135
1753301724.541018
1753301724.558902
1753301724.575840
1753301724.592779
1753301724.609470
1753301724.626162
1753301724.640468
1753301724.654774
1753301724.672571
1753301724.690368
1753301724.706850
1753301724.723331
1753301724.740698
1753301724.758066
1753301724.773065
1753301724.788063
1753301724.806881
1753301724.825700
1753301724.841730
1753301724.857760
1753301724.874251
1753301724.890743
1753301724.906099
1753301724.921455
1753301724.940293
1753301724.959132
1753301724.975697
1753301724.992262
1753301725.008663
1753301725.025064
1753301725.039973
1753301725.054881
1753301725.073713
1753301725.092544
1753301725.109400
1753301725.126256
1753301725.143118
1753301725.159981
1753301725.174148
1753301725.188314
1753301725.206690
1753301725.225066
1753301725.242816
1753301725.260566
1753301725.276129
1753301725.291692
1753301725.308178
1753301725.324664
1753301725.341459
1753301725.358254
1753301725.375466
1753301725.392678
1753301725.407320
1753301725.421963
1753301725.440428
1753301725.458893
1753301725.474731
1753301725.490570
1753301725.509034
1753301725.527497
1753301725.543074
1753301725.558651
1753301725.574399
1753301725.590148
1753301725.608775
1753301725.627402
1753301725.643351
1753301725.659300
1753301725.676466
1753301725.693631
1753301725.707860
1753301725.722090
1753301725.741570
1753301725.761050
1753301725.777167
1753301725.793285
1753301725.809309
1753301725.825334
1753301725.840950
1753301725.856566
1753301725.874465
1753301725.892364
1753301725.910410
1753301725.928456
1753301725.944160
1753301725.959864
1753301725.974181
1753301725.988499
1753301726.006879
1753301726.025259
1753301726.042139
1753301726.059018
1753301726.076315
1753301726.093612
1753301726.107874
1753301726.122136
1753301726.140534
1753301726.158933
1753301726.176090
1753301726.193248
1753301726.208631
1753301726.224014
1753301726.241180
1753301726.258347
1753301726.276258
1753301726.294168
1753301726.309801
1753301726.325434
1753301726.343632
1753301726.361829
1753301726.375387
1753301726.388945
1753301726.407757
1753301726.426568
1753301726.442420
1753301726.458273
1753301726.476678
1753301726.495084
1753301726.508802
1753301726.522521
1753301726.541482
1753301726.560444
1753301726.576080
1753301726.591715
1753301726.610132
1753301726.628548
1753301726.641835
1753301726.655123
1753301726.674584
1753301726.694046
1753301726.709604
1753301726.725162
1753301726.743613
1753301726.762063
1753301726.775629
1753301726.789195
1753301726.808455
1753301726.827714
1753301726.843753
1753301726.859792
1753301726.875916
1753301726.892041
1753301726.907934
1753301726.923827
1753301726.942326
1753301726.960825
1753301726.976683
1753301726.992541
1753301727.010727
1753301727.028913
1753301727.042410
1753301727.055907
1753301727.074628
1753301727.093350
1753301727.109622
1753301727.125893
1753301727.143149
1753301727.160405
1753301727.176255
1753301727.192106
1753301727.208233
1753301727.224360
1753301727.242979
1753301727.261598
1753301727.277355
1753301727.293111
1753301727.309340
1753301727.325570
1753301727.343380
1753301727.361190
1753301727.377079
1753301727.392967
1753301727.409421
1753301727.425875
1753301727.441845
1753301727.457816
1753301727.476215
1753301727.494614
1753301727.510751
1753301727.526889
1753301727.543190
1753301727.559492
1753301727.575148
1753301727.590804
1753301727.609394
1753301727.627983
1753301727.643847
1753301727.659711
1753301727.676510
1753301727.693309
1753301727.708117
1753301727.722924
1753301727.741853
1753301727.760783
1753301727.777606
1753301727.794428
1753301727.810655
1753301727.826881
1753301727.841576
1753301727.856270
1753301727.874815
1753301727.893360
1753301727.910949
1753301727.928538
1753301727.944872
1753301727.961206
1753301727.975395
1753301727.989584
1753301728.008933
1753301728.028281
1753301728.043943
1753301728.059606
1753301728.077775
1753301728.095944
1753301728.112002
1753301728.128060
1753301728.141685
1753301728.155311
1753301728.173512
1753301728.191713
1753301728.207300
1753301728.222887
1753301728.241519
1753301728.260151
1753301728.276719
1753301728.293287
1753301728.310484
1753301728.327681
1753301728.343549
1753301728.359417
1753301728.376262
1753301728.393108
1753301728.411462
1753301728.429817
1753301728.443307
1753301728.456797
1753301728.476221
1753301728.495644
1753301728.512416
1753301728.529188
1753301728.545639
1753301728.562089
1753301728.576130
1753301728.590172
1753301728.609148
1753301728.628123
1753301728.644366
1753301728.660609
1753301728.676611
1753301728.692614
1753301728.707738
1753301728.722862
1753301728.742052
1753301728.761241
1753301728.777769
1753301728.794296
1753301728.811512
1753301728.828728
1753301728.843807
1753301728.858886
1753301728.875844
1753301728.892802
1753301728.909676
1753301728.926550
1753301728.944550
1753301728.962549
1753301728.976431
1753301728.990313
1753301729.009489
1753301729.028665
1753301729.044794
1753301729.060923
1753301729.078079
1753301729.095235
1753301729.109895
1753301729.124554
1753301729.141733
1753301729.158912
1753301729.177534
1753301729.196155
1753301729.212087
1753301729.228018
1753301729.243291
1753301729.258564
1753301729.276034
1753301729.293504
1753301729.311767
1753301729.330029
1753301729.345986
1753301729.361944
1753301729.376218
1753301729.390493
1753301729.409879
1753301729.429266
1753301729.445560
1753301729.461855
1753301729.478509
1753301729.495163
1753301729.509416
1753301729.523668
1753301729.542495
1753301729.561323
1753301729.577193
1753301729.593063
1753301729.611501
1753301729.629939
1753301729.643795
1753301729.657652
1753301729.676240
1753301729.694829
1753301729.710304
1753301729.725778
1753301729.744125
1753301729.762472
1753301729.776219
1753301729.789966
1753301729.808588
1753301729.827209
1753301729.845191
1753301729.863173
1753301729.878179
1753301729.893184
1753301729.908711
1753301729.924239
1753301729.943035
1753301729.961831
1753301729.977701
1753301729.993570
1753301730.011420
1753301730.029270
1753301730.043223
1753301730.057176
1753301730.075993
1753301730.094809
1753301730.111699
1753301730.128589
1753301730.144774
1753301730.160960
1753301730.175951
1753301730.190943
1753301730.209532
1753301730.228121
1753301730.243954
1753301730.259787
1753301730.277145
1753301730.294503
1753301730.309176
1753301730.323849
1753301730.342821
1753301730.361793
1753301730.377491
1753301730.393189
1753301730.411704
1753301730.430219
1753301730.444016
1753301730.457812
1753301730.476688
1753301730.495565
1753301730.512733
1753301730.529902
1753301730.545910
1753301730.561919
1753301730.576514
1753301730.591110
1753301730.610035
1753301730.628960
1753301730.645710
1753301730.662459
1753301730.678916
1753301730.695373
1753301730.709813
1753301730.724252
1753301730.742933
1753301730.761614
1753301730.778288
1753301730.794962
1753301730.812152
1753301730.829342
1753301730.843502
1753301730.857662
1753301730.875371
1753301730.893079
1753301730.911502
1753301730.929925
1753301730.945576
1753301730.961227
1753301730.976176
1753301730.991125
1753301731.009562
1753301731.028000
1753301731.045400
1753301731.062800
1753301731.079891
1753301731.096983
1753301731.110912
1753301731.124841
1753301731.142768
1753301731.160695
1753301731.179203
1753301731.197710
1753301731.211811
1753301731.225912
1753301731.243157
1753301731.260403
1753301731.278314
1753301731.296224
1753301731.312577
1753301731.328930
1753301731.344791
1753301731.360653
1753301731.375994
1753301731.391336
1753301731.410236
1753301731.429136
1753301731.446041
1753301731.462945
1753301731.480078
1753301731.497211
1753301731.511012
1753301731.524813
1753301731.543311
1753301731.561809
1753301731.578578
1753301731.595347
1753301731.612676
1753301731.630005
1753301731.644064
1753301731.658124
1753301731.677290
1753301731.696456
1753301731.711977
1753301731.727498
1753301731.745954
1753301731.764409
1753301731.777761
1753301731.791113
1753301731.810922
1753301731.830731
1753301731.846172
1753301731.861613
1753301731.877937
1753301731.894261
1753301731.909529
1753301731.924798
1753301731.943727
1753301731.962657
1753301731.978320
1753301731.993982
1753301732.012276
1753301732.030570
1753301732.044467
1753301732.058364
1753301732.077318
1753301732.096273
1753301732.112286
1753301732.128298
1753301732.144806
1753301732.161315
1753301732.177338
1753301732.193360
1753301732.211498
1753301732.229635
1753301732.246182
1753301732.262729
1753301732.278934
1753301732.295140
1753301732.310293
1753301732.325446
1753301732.344434
1753301732.363422
1753301732.378731
1753301732.394041
1753301732.409606
1753301732.425172
1753301732.443344
1753301732.461516
1753301732.478426
1753301732.495336
1753301732.512816
1753301732.530296
1753301732.546586
1753301732.562875
1753301732.577373
1753301732.591870
1753301732.611186
1753301732.630502
1753301732.646580
1753301732.662657
1753301732.679531
1753301732.696404
1753301732.710988
1753301732.725572
1753301732.744347
1753301732.763121
1753301732.778625
1753301732.794129
1753301732.812607
1753301732.831086
1753301732.844962
1753301732.858838
1753301732.877547
1753301732.896256
1753301732.912187
1753301732.928118
1753301732.946598
1753301732.965077
1753301732.978667
1753301732.992257
1753301733.011096
1753301733.029935
1753301733.046061
1753301733.062187
1753301733.080403
1753301733.098620
1753301733.112102
1753301733.125583
1753301733.143667
1753301733.161751
1753301733.179432
1753301733.197113
1753301733.212649
1753301733.228186
1753301733.243432
1753301733.258678
1753301733.277849
1753301733.297021
1753301733.312623
1753301733.328224
1753301733.346455
1753301733.364686
1753301733.378470
1753301733.392255
1753301733.411397
1753301733.430539
1753301733.446125
1753301733.461711
1753301733.480057
1753301733.498402
1753301733.512172
1753301733.525941
1753301733.545028
1753301733.564115
1753301733.580553
1753301733.596990
1753301733.613919
1753301733.630848
1753301733.645071
1753301733.659293
1753301733.678504
1753301733.697715
1753301733.713676
1753301733.729637
1753301733.746389
1753301733.763142
1753301733.777935
1753301733.792727
1753301733.811476
1753301733.830226
1753301733.846006
1753301733.861786
1753301733.878287
1753301733.894788
1753301733.912709
1753301733.930629
1753301733.945189
1753301733.959750
1753301733.978526
1753301733.997302
1753301734.013200
1753301734.029098
1753301734.044937
1753301734.060775
1753301734.078701
1753301734.096626
1753301734.113815
1753301734.131004
1753301734.146125
1753301734.161246
1753301734.176940
1753301734.192635
1753301734.210833
1753301734.229031
1753301734.247456
1753301734.265881
1753301734.281607
1753301734.297332
1753301734.311737
1753301734.326141
1753301734.345382
1753301734.364623
1753301734.380254
1753301734.395885
1753301734.413999
1753301734.432113
1753301734.445751
1753301734.459390
1753301734.478362
1753301734.497334
1753301734.513104
1753301734.528875
1753301734.547237
1753301734.565599
1753301734.579307
1753301734.593014
1753301734.611073
1753301734.629131
1753301734.646449
1753301734.663767
1753301734.679679
1753301734.695591
1753301734.712954
1753301734.730316
1753301734.746140
1753301734.761964
1753301734.780450
1753301734.798936
1753301734.815547
1753301734.832159
1753301734.845539
1753301734.858919
1753301734.875893
1753301734.892867
1753301734.910592
1753301734.928317
1753301734.946412
1753301734.964506
1753301734.978359
1753301734.992211
1753301735.011258
1753301735.030304
1753301735.046531
1753301735.062759
1753301735.080418
1753301735.098076
1753301735.112315
1753301735.126553
1753301735.143722
1753301735.160891
1753301735.179614
1753301735.198336
1753301735.213739
1753301735.229143
1753301735.246558
1753301735.263973
1753301735.279999
1753301735.296026
1753301735.313200
1753301735.330374
1753301735.347366
1753301735.364358
1753301735.378851
1753301735.393345
1753301735.412104
1753301735.430863
1753301735.447415
1753301735.463967
1753301735.481346
1753301735.498724
1753301735.512742
1753301735.526760
1753301735.545517
1753301735.564274
1753301735.581391
1753301735.598508
1753301735.615135
1753301735.631763
1753301735.645960
1753301735.660158
1753301735.678210
1753301735.696263
1753301735.713113
1753301735.729962
1753301735.746349
1753301735.762736
1753301735.778349
1753301735.793962
1753301735.812192
1753301735.830423
1753301735.847735
1753301735.865047
1753301735.879666
1753301735.894285
1753301735.912957
1753301735.931629
1753301735.947511
1753301735.963394
1753301735.981321
1753301735.999249
1753301736.015164
1753301736.031080
1753301736.047253
1753301736.063425
1753301736.080819
1753301736.098213
1753301736.115091
1753301736.131970
1753301736.147452
1753301736.162934
1753301736.178728
1753301736.194521
1753301736.212689
1753301736.230858
1753301736.248779
1753301736.266700
1753301736.282081
1753301736.297462
1753301736.312266
1753301736.327071
1753301736.345824
1753301736.364577
1753301736.380592
1753301736.396607
1753301736.415116
1753301736.433626
1753301736.449382
1753301736.465139
1753301736.479489
1753301736.493839
1753301736.512954
1753301736.532068
1753301736.548409
1753301736.564751
1753301736.582201
1753301736.599651
1753301736.615906
1753301736.632161
1753301736.646498
1753301736.660835
1753301736.679666
1753301736.698496
1753301736.713985
1753301736.729474
1753301736.747689
1753301736.765905
1753301736.780054
1753301736.794202
1753301736.812961
1753301736.831719
1753301736.847955
1753301736.864191
1753301736.879828
1753301736.895465
1753301736.911799
1753301736.928133
1753301736.946481
1753301736.964829
1753301736.982230
1753301736.999632
1753301737.016762
1753301737.033892
1753301737.047238
1753301737.060585
1753301737.079410
1753301737.098235
1753301737.114908
1753301737.131582
1753301737.147392
1753301737.163201
1753301737.178546
1753301737.193891
1753301737.212307
1753301737.230724
1753301737.248776
1753301737.266829
1753301737.282562
1753301737.298295
1753301737.312807
1753301737.327318
1753301737.346150
1753301737.364982
1753301737.380748
1753301737.396514
1753301737.415059
1753301737.433604
1753301737.447216
1753301737.460828
1753301737.479522
1753301737.498216
1753301737.514151
1753301737.530085
1753301737.548656
1753301737.567228
1753301737.580723
1753301737.594218
1753301737.612775
1753301737.631332
1753301737.647619
1753301737.663907
1753301737.681916
1753301737.699926
1753301737.713814
1753301737.727703
1753301737.747176
1753301737.766649
1753301737.782768
1753301737.798888
1753301737.814836
1753301737.830783
1753301737.845922
1753301737.861062
1753301737.877852
1753301737.894643
1753301737.913575
1753301737.932506
1753301737.949836
1753301737.967167
1753301737.980930
1753301737.994693
1753301738.013438
1753301738.032182
1753301738.049083
1753301738.065984
1753301738.082426
1753301738.098868
1753301738.113263
1753301738.127658
1753301738.145019
1753301738.162379
1753301738.181141
1753301738.199903
1753301738.214978
1753301738.230052
1753301738.245558
1753301738.261063
1753301738.280287
1753301738.299510
1753301738.316648
1753301738.333787
1753301738.349992
1753301738.366197
1753301738.380593
1753301738.394988
1753301738.413415
1753301738.431842
1753301738.449600
1753301738.467358
1753301738.481164
1753301738.494969
1753301738.513771
1753301738.532573
1753301738.548370
1753301738.564167
1753301738.582530
1753301738.600893
1753301738.616821
1753301738.632749
1753301738.647177
1753301738.661604
1753301738.680247
1753301738.698891
1753301738.714947
1753301738.731002
1753301738.749016
1753301738.767030
1753301738.780964
1753301738.794899
1753301738.814158
1753301738.833418
1753301738.848950
1753301738.864482
1753301738.879991
1753301738.895499
1753301738.913089
1753301738.930679
1753301738.948251
1753301738.965822
1753301738.983166
1753301739.000510
1753301739.016384
1753301739.032257
1753301739.046777
1753301739.061297
1753301739.079512
1753301739.097727
1753301739.116128
1753301739.134529
1753301739.149154
1753301739.163779
1753301739.179069
1753301739.194358
1753301739.213122
1753301739.231886
1753301739.247584
1753301739.263283
1753301739.281744
1753301739.300204
1753301739.314341
1753301739.328478
1753301739.347364
1753301739.366250
1753301739.382337
1753301739.398424
1753301739.416710
1753301739.434996
1753301739.448443
1753301739.461890
1753301739.480942
1753301739.499995
1753301739.516965
1753301739.533935
1753301739.549931
1753301739.565927
1753301739.580613
1753301739.595299
1753301739.613695
1753301739.632090
1753301739.649437
1753301739.666784
1753301739.683126
1753301739.699469
1753301739.714226
1753301739.728983
1753301739.748230
1753301739.767477
1753301739.783398
1753301739.799318
1753301739.816500
1753301739.833681
1753301739.847902
1753301739.862122
1753301739.878972
1753301739.895821
1753301739.914743
1753301739.933665
1753301739.949890
1753301739.966114
1753301739.980780
1753301739.995445
1753301740.014555
1753301740.033665
1753301740.049841
1753301740.066017
1753301740.083609
1753301740.101201
1753301740.115062
1753301740.128923
1753301740.146876
1753301740.164830
1753301740.183323
1753301740.201817
1753301740.217466
1753301740.233115
1753301740.247721
1753301740.262328
1753301740.281235
1753301740.300143
1753301740.316863
1753301740.333582
1753301740.350588
1753301740.367594
1753301740.381686
1753301740.395778
1753301740.414753
1753301740.433729
1753301740.450408
1753301740.467087
1753301740.483072
1753301740.499056
1753301740.515189
1753301740.531322
1753301740.549324
1753301740.567325
1753301740.583331
1753301740.599336
1753301740.616343
1753301740.633349
1753301740.649664
1753301740.665980
1753301740.683743
1753301740.701507
1753301740.717203
1753301740.732898
1753301740.749679
1753301740.766460
1753301740.782158
1753301740.797856
1753301740.816392
1753301740.834928
1753301740.850905
1753301740.866882
1753301740.881540
1753301740.896198
1753301740.914823
1753301740.933448
1753301740.949290
1753301740.965132
1753301740.983582
1753301741.002031
1753301741.017798
1753301741.033565
1753301741.048146
1753301741.062726
1753301741.081841
1753301741.100956
1753301741.117518
1753301741.134081
1753301741.148965
1753301741.163849
1753301741.181038
1753301741.198228
1753301741.216826
1753301741.235424
1753301741.251698
1753301741.267973
1753301741.284142
1753301741.300311
1753301741.314871
1753301741.329430
1753301741.348194
1753301741.366958
1753301741.381835
1753301741.396713
1753301741.415384
1753301741.434055
1753301741.448442
1753301741.462829
1753301741.481613
1753301741.500396
1753301741.516618
1753301741.532841
1753301741.551010
1753301741.569179
1753301741.582720
1753301741.596261
1753301741.615217
1753301741.634173
1753301741.650504
1753301741.666834
1753301741.683935
1753301741.701035
1753301741.715313
1753301741.729591
1753301741.748177
1753301741.766763
1753301741.782437
1753301741.798112
1753301741.816138
1753301741.834164
1753301741.848567
1753301741.862970
1753301741.879996
1753301741.897021
1753301741.914531
1753301741.932040
1753301741.950435
1753301741.968830
1753301741.982683
1753301741.996536
1753301742.014885
1753301742.033235
1753301742.051425
1753301742.069615
1753301742.085490
1753301742.101366
1753301742.115793
1753301742.130221
1753301742.147205
1753301742.164189
1753301742.182778
1753301742.201367
1753301742.217438
1753301742.233510
1753301742.249887
1753301742.266265
1753301742.284877
1753301742.303489
1753301742.318838
1753301742.334187
1753301742.351473
1753301742.368759
1753301742.382878
1753301742.396998
1753301742.416271
1753301742.435544
1753301742.451502
1753301742.467460
1753301742.484710
1753301742.501961
1753301742.516056
1753301742.530150
1753301742.549172
1753301742.568195
1753301742.584335
1753301742.600475
1753301742.617921
1753301742.635367
1753301742.650414
1753301742.665462
1753301742.683964
1753301742.702466
1753301742.718169
1753301742.733873
1753301742.751144
1753301742.768415
1753301742.784178
1753301742.799942
1753301742.818184
1753301742.836427
1753301742.852825
1753301742.869223
1753301742.884336
1753301742.899450
1753301742.914829
1753301742.930207
1753301742.948870
1753301742.967533
1753301742.984937
1753301743.002340
1753301743.018288
1753301743.034236
1753301743.048971
1753301743.063706
1753301743.083154
1753301743.102602
1753301743.118202
1753301743.133802
1753301743.149285
1753301743.164768
1753301743.182445
1753301743.200122
1753301743.217502
1753301743.234881
1753301743.251019
1753301743.267156
1753301743.284522
1753301743.301888
1753301743.316247
1753301743.330607
1753301743.349478
1753301743.368350
1753301743.383806
1753301743.399261
1753301743.417855
1753301743.436449
1753301743.450143
1753301743.463837
1753301743.482803
1753301743.501769
1753301743.518814
1753301743.535858
1753301743.551995
1753301743.568132
1753301743.582729
1753301743.597327
1753301743.615844
1753301743.634362
1753301743.650581
1753301743.666801
1753301743.684970
1753301743.703140
1753301743.716949
1753301743.730757
1753301743.749950
1753301743.769143
1753301743.785460
1753301743.801776
1753301743.818432
1753301743.835088
1753301743.849575
1753301743.864061
1753301743.882439
1753301743.900816
1753301743.919040
1753301743.937264
1753301743.952592
1753301743.967921
1753301743.982595
1753301743.997269
1753301744.015600
1753301744.033932
1753301744.052186
1753301744.070440
1753301744.086240
1753301744.102039
1753301744.116447
1753301744.130856
1753301744.147714
1753301744.164571
1753301744.183320
1753301744.202069
1753301744.218205
1753301744.234342
1753301744.249232
1753301744.264122
1753301744.283097
1753301744.302071
1753301744.318420
1753301744.334770
1753301744.351973
1753301744.369175
1753301744.383436
1753301744.397697
1753301744.416605
1753301744.435512
1753301744.451674
1753301744.467835
1753301744.485893
1753301744.503952
1753301744.517590
1753301744.531227
1753301744.550690
1753301744.570152
1753301744.585994
1753301744.601836
1753301744.618260
1753301744.634685
1753301744.651039
1753301744.667393
1753301744.683115
1753301744.698837
1753301744.716743
1753301744.734650
1753301744.752510
1753301744.770370
1753301744.787016
1753301744.803663
1753301744.817489
1753301744.831315
1753301744.850487
1753301744.869659
1753301744.884681
1753301744.899703
1753301744.917287
1753301744.934871
1753301744.951411
1753301744.967952
1753301744.983341
1753301744.998730
1753301745.017051
1753301745.035372
1753301745.052938
1753301745.070503
1753301745.086715
1753301745.102927
1753301745.117114
1753301745.131301
1753301745.148282
1753301745.165262
1753301745.182194
1753301745.199127
1753301745.217949
1753301745.236771
1753301745.250733
1753301745.264695
1753301745.283746
1753301745.302797
1753301745.319432
1753301745.336066
1753301745.352214
1753301745.368363
1753301745.385934
1753301745.403505
1753301745.418353
1753301745.433200
1753301745.451852
1753301745.470504
1753301745.487022
1753301745.503540
1753301745.518075
1753301745.532609
1753301745.551376
1753301745.570144
1753301745.586689
1753301745.603233
1753301745.620125
1753301745.637016
1753301745.651003
1753301745.664990
1753301745.683861
1753301745.702733
1753301745.718618
1753301745.734503
1753301745.752758
1753301745.771012
1753301745.784573
1753301745.798134
1753301745.817123
1753301745.836112
1753301745.851871
1753301745.867631
1753301745.884403
1753301745.901176
1753301745.916405
1753301745.931635
1753301745.950383
1753301745.969132
1753301745.986051
1753301746.002969
1753301746.018505
1753301746.034040
1753301746.049546
1753301746.065053
1753301746.084490
1753301746.103927
1753301746.119816
1753301746.135705
1753301746.151411
1753301746.167116
1753301746.182734
1753301746.198352
1753301746.216875
1753301746.235398
1753301746.251956
1753301746.268514
1753301746.286608
1753301746.304703
1753301746.318310
1753301746.331917
1753301746.350719
1753301746.369521
1753301746.385798
1753301746.402075
1753301746.419573
1753301746.437071
1753301746.451113
1753301746.465154
1753301746.484521
1753301746.503888
1753301746.519744
1753301746.535600
1753301746.552024
1753301746.568448
1753301746.584327
1753301746.600205
1753301746.618706
1753301746.637208
1753301746.653697
1753301746.670186
1753301746.687157
1753301746.704128
1753301746.718227
1753301746.732327
1753301746.750672
1753301746.769018
1753301746.786203
1753301746.803388
1753301746.819951
1753301746.836514
1753301746.850994
1753301746.865474
1753301746.884024
1753301746.902573
1753301746.920095
1753301746.937618
1753301746.953660
1753301746.969702
1753301746.984242
1753301746.998783
1753301747.017516
1753301747.036249
1753301747.054177
1753301747.072106
1753301747.087863
1753301747.103620
1753301747.117884
1753301747.132148
1753301747.150402
1753301747.168655
1753301747.186609
1753301747.204563
1753301747.220284
1753301747.236006
1753301747.250807
1753301747.265607
1753301747.285286
1753301747.304965
1753301747.321429
1753301747.337892
1753301747.354270
1753301747.370647
1753301747.384961
1753301747.399275
1753301747.418642
1753301747.438008
1753301747.454020
1753301747.470032
1753301747.486348
1753301747.502664
1753301747.517576
1753301747.532488
1753301747.552075
1753301747.571663
1753301747.587534
1753301747.603406
1753301747.619812
1753301747.636217
1753301747.651027
1753301747.665836
1753301747.684927
1753301747.704018
1753301747.719977
1753301747.735936
1753301747.753338
1753301747.770741
1753301747.785131
1753301747.799520
1753301747.818815
1753301747.838111
1753301747.854045
1753301747.869979
1753301747.886460
1753301747.902942
1753301747.917802
1753301747.932663
1753301747.951601
1753301747.970538
1753301747.987346
1753301748.004155
1753301748.020185
1753301748.036216
1753301748.051550
1753301748.066885
1753301748.085527
1753301748.104169
1753301748.120575
1753301748.136981
1753301748.152174
1753301748.167367
1753301748.185585
1753301748.203802
1753301748.219623
1753301748.235444
1753301748.253932
1753301748.272420
1753301748.288851
1753301748.305282
1753301748.319293
1753301748.333303
1753301748.351952
1753301748.370600
1753301748.386747
1753301748.402895
1753301748.421096
1753301748.439297
1753301748.452928
1753301748.466558
1753301748.485408
1753301748.504258
1753301748.520722
1753301748.537186
1753301748.554282
1753301748.571379
1753301748.585546
1753301748.599713
1753301748.618566
1753301748.637419
1753301748.654711
1753301748.672003
1753301748.688425
1753301748.704847
1753301748.719190
1753301748.733533
1753301748.751976
1753301748.770419
1753301748.787832
1753301748.805245
1753301748.821512
1753301748.837780
1753301748.852092
1753301748.866404
1753301748.884979
1753301748.903554
1753301748.920922
1753301748.938290
1753301748.954907
1753301748.971525
1753301748.985705
1753301748.999886
1753301749.018508
1753301749.037130
1753301749.054941
1753301749.072751
1753301749.088705
1753301749.104659
1753301749.118927
1753301749.133195
1753301749.151763
1753301749.170331
1753301749.187914
1753301749.205498
1753301749.221323
1753301749.237147
1753301749.251847
1753301749.266547
1753301749.285253
1753301749.303958
1753301749.319325
1753301749.334693
1753301749.352533
1753301749.370374
1753301749.385159
1753301749.399943
1753301749.419533
1753301749.439122
1753301749.455162
1753301749.471201
1753301749.488453
1753301749.505705
1753301749.519603
1753301749.533501
1753301749.552925
1753301749.572348
1753301749.587843
1753301749.603339
1753301749.621560
1753301749.639780
1753301749.653334
1753301749.666888
1753301749.685592
1753301749.704296
1753301749.720569
1753301749.736841
1753301749.755397
1753301749.773954
1753301749.787140
1753301749.800326
1753301749.819298
1753301749.838270
1753301749.854882
1753301749.871493
1753301749.887568
1753301749.903643
1753301749.919375
1753301749.935107
1753301749.953652
1753301749.972198
1753301749.989060
1753301750.005923
1753301750.021512
1753301750.037101
1753301750.052168
1753301750.067235
1753301750.085990
1753301750.104746
1753301750.121810
1753301750.138875
1753301750.154614
1753301750.170353
1753301750.185836
1753301750.201319
1753301750.219941
1753301750.238563
1753301750.254692
1753301750.270821
1753301750.288282
1753301750.305744
1753301750.319916
1753301750.334088
1753301750.352819
1753301750.371551
1753301750.388707
1753301750.405863
1753301750.422336
1753301750.438808
1753301750.453063
1753301750.467317
1753301750.485728
1753301750.504139
1753301750.521804
1753301750.539470
1753301750.555505
1753301750.571540
1753301750.588355
1753301750.605169
1753301750.621505
1753301750.637842
1753301750.655333
1753301750.672824
1753301750.689567
1753301750.706309
1753301750.721483
1753301750.736656
1753301750.754601
1753301750.772545
1753301750.789402
1753301750.806258
1753301750.822186
1753301750.838113
1753301750.854937
1753301750.871760
1753301750.888164
1753301750.904567
1753301750.922413
1753301750.940260
1753301750.956337
1753301750.972415
1753301750.988175
1753301751.003935
1753301751.019715
1753301751.035494
1753301751.054644
1753301751.073794
1753301751.089878
1753301751.105961
1753301751.120128
1753301751.134294
1753301751.152782
1753301751.171271
1753301751.188745
1753301751.206219
1753301751.222666
1753301751.239113
1753301751.253442
1753301751.267770
1753301751.287079
1753301751.306388
1753301751.321530
1753301751.336673
1753301751.355097
1753301751.373521
1753301751.387314
1753301751.401107
1753301751.419852
1753301751.438596
1753301751.455015
1753301751.471434
1753301751.487875
1753301751.504317
1753301751.519313
1753301751.534309
1753301751.553009
1753301751.571708
1753301751.589398
1753301751.607089
1753301751.623265
1753301751.639441
1753301751.653679
1753301751.667917
1753301751.686522
1753301751.705128
1753301751.722806
1753301751.740485
1753301751.756359
1753301751.772232
1753301751.786805
1753301751.801377
1753301751.819751
1753301751.838124
1753301751.855996
1753301751.873868
1753301751.889265
1753301751.904662
1753301751.921099
1753301751.937537
1753301751.954469
1753301751.971401
1753301751.989338
1753301752.007275
1753301752.022867
1753301752.038458
1753301752.054117
1753301752.069776
1753301752.088074
1753301752.106372
1753301752.123295
1753301752.140217
1753301752.155876
1753301752.171535
1753301752.187407
1753301752.203278
1753301752.221748
1753301752.240218
1753301752.256845
1753301752.273473
1753301752.289047
1753301752.304622
1753301752.321307
1753301752.337993
1753301752.355299
1753301752.372605
1753301752.388855
1753301752.405104
1753301752.423030
1753301752.440956
1753301752.454722
1753301752.468488
1753301752.487273
1753301752.506059
1753301752.522024
1753301752.537989
1753301752.555068
1753301752.572146
1753301752.588018
1753301752.603890
1753301752.621930
1753301752.639970
1753301752.655960
1753301752.671949
1753301752.688462
1753301752.704976
1753301752.723292
1753301752.741608
1753301752.754527
1753301752.767446
1753301752.787497
1753301752.807547
1753301752.823615
1753301752.839682
1753301752.854034
1753301752.868387
1753301752.886867
1753301752.905346
1753301752.923324
1753301752.941301
1753301752.956774
1753301752.972247
1753301752.987025
1753301753.001804
1753301753.020475
1753301753.039146
1753301753.056662
1753301753.074178
1753301753.089738
1753301753.105298
1753301753.123476
1753301753.141654
1753301753.155197
1753301753.168740
1753301753.187544
1753301753.206348
1753301753.223127
1753301753.239907
1753301753.256469
1753301753.273031
1753301753.289272
1753301753.305513
1753301753.320591
1753301753.335669
1753301753.354405
1753301753.373141
1753301753.388966
1753301753.404790
1753301753.422945
1753301753.441101
1753301753.454946
1753301753.468791
1753301753.487439
1753301753.506086
1753301753.523198
1753301753.540309
1753301753.555825
1753301753.571341
1753301753.587021
1753301753.602702
1753301753.621387
1753301753.640072
1753301753.655773
1753301753.671473
1753301753.689635
1753301753.707796
1753301753.721725
1753301753.735654
1753301753.754134
1753301753.772614
1753301753.788620
1753301753.804627
1753301753.822839
1753301753.841052
1753301753.855147
1753301753.869242
1753301753.888019
1753301753.906795
1753301753.924083
1753301753.941371
1753301753.957371
1753301753.973372
1753301753.987774
1753301754.002177
1753301754.020472
1753301754.038766
1753301754.056541
1753301754.074317
1753301754.090321
1753301754.106325
1753301754.120987
1753301754.135650
1753301754.154470
1753301754.173291
1753301754.188846
1753301754.204401
1753301754.222720
1753301754.241038
1753301754.255085
1753301754.269133
1753301754.288409
1753301754.307685
1753301754.323435
1753301754.339186
1753301754.356213
1753301754.373239
1753301754.387859
1753301754.402479
1753301754.421662
1753301754.440845
1753301754.457639
1753301754.474433
1753301754.490337
1753301754.506242
1753301754.522439
1753301754.538636
1753301754.556806
1753301754.574975
1753301754.590989
1753301754.607003
1753301754.623344
1753301754.639686
1753301754.656072
1753301754.672458
1753301754.690724
1753301754.708991
1753301754.724948
1753301754.740905
1753301754.756676
1753301754.772447
1753301754.789389
1753301754.806331
1753301754.822351
1753301754.838370
1753301754.856775
1753301754.875180
1753301754.891111
1753301754.907043
1753301754.921561
1753301754.936080
1753301754.955165
1753301754.974250
1753301754.991430
1753301755.008609
1753301755.023500
1753301755.038391
1753301755.053885
1753301755.069378
1753301755.088454
1753301755.107530
1753301755.123005
1753301755.138481
1753301755.156940
1753301755.175400
1753301755.189114
1753301755.202828
1753301755.221531
1753301755.240234
1753301755.256115
1753301755.271996
1753301755.290230
1753301755.308463
1753301755.322448
1753301755.336434
1753301755.355113
1753301755.373791
1753301755.390025
1753301755.406258
1753301755.423265
1753301755.440272
1753301755.454959
1753301755.469647
1753301755.488472
1753301755.507296
1753301755.522947
1753301755.538598
1753301755.556841
1753301755.575084
1753301755.589126
1753301755.603168
1753301755.622514
1753301755.641860
1753301755.657914
1753301755.673968
1753301755.690555
1753301755.707142
1753301755.721773
1753301755.736403
1753301755.755677
1753301755.774950
1753301755.791085
1753301755.807220
1753301755.823314
1753301755.839408
1753301755.855209
1753301755.871011
1753301755.888680
1753301755.906348
1753301755.924563
1753301755.942778
1753301755.958867
1753301755.974955
1753301755.989163
1753301756.003372
1753301756.022773
1753301756.042174
1753301756.057855
1753301756.073536
1753301756.089962
1753301756.106387
1753301756.122721
1753301756.139056
1753301756.157599
1753301756.176142
1753301756.192459
1753301756.208776
1753301756.225030
1753301756.241285
1753301756.257795
1753301756.274305
1753301756.291127
1753301756.307949
1753301756.323957
1753301756.339966
1753301756.357103
1753301756.374240
1753301756.390203
1753301756.406167
1753301756.424540
1753301756.442912
1753301756.459358
1753301756.475804
1753301756.491884
1753301756.507963
1753301756.523813
1753301756.539663
1753301756.557065
1753301756.574468
1753301756.591063
1753301756.607659
1753301756.624533
1753301756.641406
1753301756.658021
1753301756.674636
1753301756.690622
1753301756.706608
1753301756.724914
1753301756.743219
1753301756.758415
1753301756.773612
1753301756.791584
1753301756.809555
1753301756.824686
1753301756.839817
1753301756.857933
1753301756.876049
1753301756.891607
1753301756.907164
1753301756.922764
1753301756.938364
1753301756.957274
1753301756.976184
1753301756.992135
1753301757.008085
1753301757.024734
1753301757.041384
1753301757.056020
1753301757.070655
1753301757.089911
1753301757.109168
1753301757.125246
1753301757.141324
1753301757.157557
1753301757.173789
1753301757.189683
1753301757.205578
1753301757.224058
1753301757.242537
1753301757.258572
1753301757.274606
1753301757.290500
1753301757.306394
1753301757.321786
1753301757.337179
1753301757.355981
1753301757.374784
1753301757.392422
1753301757.410060
1753301757.425611
1753301757.441163
1753301757.455780
1753301757.470397
1753301757.488880
1753301757.507363
1753301757.525417
1753301757.543471
1753301757.559156
1753301757.574841
1753301757.589534
1753301757.604226
1753301757.622883
1753301757.641539
1753301757.657689
1753301757.673838
1753301757.692023
1753301757.710208
1753301757.723987
1753301757.737766
1753301757.757020
1753301757.776274
1753301757.791894
1753301757.807515
1753301757.825471
1753301757.843427
1753301757.857122
1753301757.870818
1753301757.889692
1753301757.908566
1753301757.925431
1753301757.942297
1753301757.959259
1753301757.976220
1753301757.991122
1753301758.006025
1753301758.024146
1753301758.042267
1753301758.059445
1753301758.076623
1753301758.090514
1753301758.104405
1753301758.123282
1753301758.142160
1753301758.157861
1753301758.173561
1753301758.191963
1753301758.210364
1753301758.226127
1753301758.241890
1753301758.257704
1753301758.273519
1753301758.291934
1753301758.310348
1753301758.326107
1753301758.341865
1753301758.358579
1753301758.375293
1753301758.391203
1753301758.407114
1753301758.425399
1753301758.443684
1753301758.459397
1753301758.475110
1753301758.492071
1753301758.509031
1753301758.525134
1753301758.541237
1753301758.558919
1753301758.576602
1753301758.592428
1753301758.608255
1753301758.625676
1753301758.643097
1753301758.658761
1753301758.674424
1753301758.691578
1753301758.708732
1753301758.725902
1753301758.743072
1753301758.758847
1753301758.774621
1753301758.792058
1753301758.809494
1753301758.825687
1753301758.841880
1753301758.858189
1753301758.874498
1753301758.891579
1753301758.908661
1753301758.924257
1753301758.939853
1753301758.958294
1753301758.976736
1753301758.992810
1753301759.008883
1753301759.025753
1753301759.042624
1753301759.057096
1753301759.071569
1753301759.089992
1753301759.108415
1753301759.126279
1753301759.144143
1753301759.160037
1753301759.175930
1753301759.190305
1753301759.204681
1753301759.223929
1753301759.243178
1753301759.259266
1753301759.275355
1753301759.293280
1753301759.311205
1753301759.324726
1753301759.338246
1753301759.356847
1753301759.375447
1753301759.391275
1753301759.407103
1753301759.422961
1753301759.438819
1753301759.455178
1753301759.471537
1753301759.489876
1753301759.508214
1753301759.525583
1753301759.542951
1753301759.559825
1753301759.576700
1753301759.590828
1753301759.604956
1753301759.623797
1753301759.642638
1753301759.659110
1753301759.675582
1753301759.692699
1753301759.709816
1753301759.724149
1753301759.738483
1753301759.756918
1753301759.775353
1753301759.792596
1753301759.809840
1753301759.825848
1753301759.841855
1753301759.856776
1753301759.871696
1753301759.890173
1753301759.908650
1753301759.926630
1753301759.944610
1753301759.960649
1753301759.976688
1753301759.990848
1753301760.005007
1753301760.024674
1753301760.044341
1753301760.060146
1753301760.075951
1753301760.093269
1753301760.110587
1753301760.124971
1753301760.139355
1753301760.157717
1753301760.176080
1753301760.193138
1753301760.210195
1753301760.226005
1753301760.241815
1753301760.257989
1753301760.274163
1753301760.291918
1753301760.309672
1753301760.325059
1753301760.340447
1753301760.358498
1753301760.376549
1753301760.391108
1753301760.405666
1753301760.424833
1753301760.444000
1753301760.460436
1753301760.476872
1753301760.492676
1753301760.508481
1753301760.526558
1753301760.544635
1753301760.559174
1753301760.573713
1753301760.592264
1753301760.610815
1753301760.626975
1753301760.643135
1753301760.658646
1753301760.674157
1753301760.692692
1753301760.711228
1753301760.727102
1753301760.742977
1753301760.759116
1753301760.775256
1753301760.791223
1753301760.807189
1753301760.825763
1753301760.844336
1753301760.860041
1753301760.875745
1753301760.893432
1753301760.911118
1753301760.925127
1753301760.939136
1753301760.958286
1753301760.977436
1753301760.992982
1753301761.008529
1753301761.026883
1753301761.045236
1753301761.058858
1753301761.072481
1753301761.091253
1753301761.110025
1753301761.126030
1753301761.142035
1753301761.160314
1753301761.178592
1753301761.192305
1753301761.206018
1753301761.225297
1753301761.244576
1753301761.259855
1753301761.275134
1753301761.293559
1753301761.311983
1753301761.325645
1753301761.339307
1753301761.358204
1753301761.377101
1753301761.392955
1753301761.408810
1753301761.427040
1753301761.445269
1753301761.461754
1753301761.478239
1753301761.492074
1753301761.505909
1753301761.525236
1753301761.544563
1753301761.559980
1753301761.575397
1753301761.592761
1753301761.610124
1753301761.626312
1753301761.642499
1753301761.657602
1753301761.672706
1753301761.692225
1753301761.711744
1753301761.727847
1753301761.743949
1753301761.760968
1753301761.777988
1753301761.792062
1753301761.806136
1753301761.826209
1753301761.846281
1753301761.862053
1753301761.877825
1753301761.893858
1753301761.909892
1753301761.926761
1753301761.943630
1753301761.959663
1753301761.975696
1753301761.993856
1753301762.012016
1753301762.027819
1753301762.043622
1753301762.059289
1753301762.074957
1753301762.093412
1753301762.111867
1753301762.128322
1753301762.144776
1753301762.161551
1753301762.178325
1753301762.192326
1753301762.206327
1753301762.225003
1753301762.243678
1753301762.260100
1753301762.276522
1753301762.294181
1753301762.311841
1753301762.327184
1753301762.342527
1753301762.359963
1753301762.377399
1753301762.394332
1753301762.411266
1753301762.426709
1753301762.442151
1753301762.460568
1753301762.478985
1753301762.493532
1753301762.508078
1753301762.526447
1753301762.544815
1753301762.561512
1753301762.578209
1753301762.593991
1753301762.609773
1753301762.626234
1753301762.642694
1753301762.661132
1753301762.679570
1753301762.695287
1753301762.711004
1753301762.726737
1753301762.742471
1753301762.760941
1753301762.779410
1753301762.795344
1753301762.811279
1753301762.827776
1753301762.844273
1753301762.858803
1753301762.873332
1753301762.891611
1753301762.909889
1753301762.928091
1753301762.946292
1753301762.961524
1753301762.976757
1753301762.992171
1753301763.007585
1753301763.025956
1753301763.044326
1753301763.060838
1753301763.077350
1753301763.093267
1753301763.109184
1753301763.124974
1753301763.140765
1753301763.158892
1753301763.177019
1753301763.195042
1753301763.213065
1753301763.229255
1753301763.245446
1753301763.259463
1753301763.273480
1753301763.292218
1753301763.310957
1753301763.327643
1753301763.344329
1753301763.361025
1753301763.377721
1753301763.392296
1753301763.406871
1753301763.425711
1753301763.444550
1753301763.461137
1753301763.477724
1753301763.494443
1753301763.511163
1753301763.525653
1753301763.540143
1753301763.559657
1753301763.579170
1753301763.594692
1753301763.610213
1753301763.628401
1753301763.646589
1753301763.660293
1753301763.673997
1753301763.692643
1753301763.711290
1753301763.727817
1753301763.744344
1753301763.760750
1753301763.777156
1753301763.793119
1753301763.809083
1753301763.827239
1753301763.845395
1753301763.861598
1753301763.877802
1753301763.894529
1753301763.911256
1753301763.925879
1753301763.940502
1753301763.959025
1753301763.977548
1753301763.995204
1753301764.012860
1753301764.028605
1753301764.044350
1753301764.059248
1753301764.074147
1753301764.092824
1753301764.111500
1753301764.127886
1753301764.144272
1753301764.161499
1753301764.178725
1753301764.193048
1753301764.207371
1753301764.226136
1753301764.244901
1753301764.262262
1753301764.279624
1753301764.295568
1753301764.311512
1753301764.326128
1753301764.340744
1753301764.359778
1753301764.378812
1753301764.394542
1753301764.410272
1753301764.428412
1753301764.446553
1753301764.460536
1753301764.474520
1753301764.493425
1753301764.512331
1753301764.528242
1753301764.544152
1753301764.562150
1753301764.580149
1753301764.594017
1753301764.607885
1753301764.626802
1753301764.645719
1753301764.662151
1753301764.678583
1753301764.695743
1753301764.712902
1753301764.728290
1753301764.743677
1753301764.761542
1753301764.779408
1753301764.795062
1753301764.810715
1753301764.828917
1753301764.847119
1753301764.860860
1753301764.874601
1753301764.892676
1753301764.910751
1753301764.928834
1753301764.946918
1753301764.962580
1753301764.978242
1753301764.992651
1753301765.007061
1753301765.025553
1753301765.044045
1753301765.062047
1753301765.080050
1753301765.095927
1753301765.111805
1753301765.126387
1753301765.140968
1753301765.158992
1753301765.177015
1753301765.195001
1753301765.212987
1753301765.227787
1753301765.242586
1753301765.258539
1753301765.274492
1753301765.292923
1753301765.311354
1753301765.329020
1753301765.346685
1753301765.363203
1753301765.379720
1753301765.393790
1753301765.407859
1753301765.426826
1753301765.445794
1753301765.462953
1753301765.480112
1753301765.495571
1753301765.511030
1753301765.526018
1753301765.541006
1753301765.560202
1753301765.579397
1753301765.595419
1753301765.611442
1753301765.629313
1753301765.647184
1753301765.660993
1753301765.674801
1753301765.694054
1753301765.713306
1753301765.728812
1753301765.744318
1753301765.761221
1753301765.778125
1753301765.793075
1753301765.808024
1753301765.827607
1753301765.847190
1753301765.862723
1753301765.878257
1753301765.894520
1753301765.910783
1753301765.926641
1753301765.942500
1753301765.959144
1753301765.975787
1753301765.993457
1753301766.011127
1753301766.029499
1753301766.047870
1753301766.061347
1753301766.074825
1753301766.093648
1753301766.112471
1753301766.128289
1753301766.144106
1753301766.162665
1753301766.181225
1753301766.194850
1753301766.208475
1753301766.227279
1753301766.246082
1753301766.261796
1753301766.277509
1753301766.295971
1753301766.314434
1753301766.328204
1753301766.341973
1753301766.360917
1753301766.379860
1753301766.395722
1753301766.411584
1753301766.430332
1753301766.449080
1753301766.462219
1753301766.475358
1753301766.494010
1753301766.512662
1753301766.529250
1753301766.545838
1753301766.562998
1753301766.580158
1753301766.595382
1753301766.610606
1753301766.629046
1753301766.647487
1753301766.663314
1753301766.679141
1753301766.695806
1753301766.712471
1753301766.728258
1753301766.744045
1753301766.762532
1753301766.781019
1753301766.796710
1753301766.812400
1753301766.830256
1753301766.848111
1753301766.861759
1753301766.875408
1753301766.893858
1753301766.912308
1753301766.930199
1753301766.948090
1753301766.963886
1753301766.979681
1753301766.994296
1753301767.008911
1753301767.027457
1753301767.046003
1753301767.062870
1753301767.079737
1753301767.095796
1753301767.111855
1753301767.126916
1753301767.141977
1753301767.161508
1753301767.181038
1753301767.197313
1753301767.213588
1753301767.229596
1753301767.245604
1753301767.260450
1753301767.275296
1753301767.294717
1753301767.314139
1753301767.330709
1753301767.347279
1753301767.363245
1753301767.379211
1753301767.394910
1753301767.410609
1753301767.429271
1753301767.447934
1753301767.464133
1753301767.480332
1753301767.497065
1753301767.513797
1753301767.529414
1753301767.545031
1753301767.563322
1753301767.581612
1753301767.597970
1753301767.614329
1753301767.630543
1753301767.646756
1753301767.662301
1753301767.677845
1753301767.695793
1753301767.713741
1753301767.730027
1753301767.746313
1753301767.763813
1753301767.781314
1753301767.795255
1753301767.809197
1753301767.827711
1753301767.846225
1753301767.862999
1753301767.879773
1753301767.896511
1753301767.913249
1753301767.927883
1753301767.942516
1753301767.962006
1753301767.981495
1753301767.997664
1753301768.013833
1753301768.030022
1753301768.046211
1753301768.061475
1753301768.076738
1753301768.096100
1753301768.115462
1753301768.131526
1753301768.147590
1753301768.164104
1753301768.180617
1753301768.194907
1753301768.209197
1753301768.228198
1753301768.247198
1753301768.263090
1753301768.278981
1753301768.297314
1753301768.315647
1753301768.329190
1753301768.342734
1753301768.361606
1753301768.380477
1753301768.396086
1753301768.411695
1753301768.430295
1753301768.448894
1753301768.462782
1753301768.476670
1753301768.495073
1753301768.513476
1753301768.530684
1753301768.547891
1753301768.563677
1753301768.579463
1753301768.595301
1753301768.611138
1753301768.629547
1753301768.647955
1753301768.664513
1753301768.681071
1753301768.697046
1753301768.713020
1753301768.728425
1753301768.743829
1753301768.762438
1753301768.781047
1753301768.797808
1753301768.814569
1753301768.830642
1753301768.846714
1753301768.861591
1753301768.876469
1753301768.895042
1753301768.913615
1753301768.930806
1753301768.947997
1753301768.964140
1753301768.980283
1753301768.994962
1753301769.009640
1753301769.029059
1753301769.048478
1753301769.064102
1753301769.079727
1753301769.097607
1753301769.115487
1753301769.129246
1753301769.143005
1753301769.161954
1753301769.180904
1753301769.196375
1753301769.211846
1753301769.230393
1753301769.248941
1753301769.262730
1753301769.276518
1753301769.295137
1753301769.313757
1753301769.329821
1753301769.345885
1753301769.364349
1753301769.382813
1753301769.396533
1753301769.410252
1753301769.428974
1753301769.447696
1753301769.464110
1753301769.480524
1753301769.495941
1753301769.511358
1753301769.529431
1753301769.547505
1753301769.563274
1753301769.579044
1753301769.597493
1753301769.615942
1753301769.632178
1753301769.648414
1753301769.662529
1753301769.676643
1753301769.694975
1753301769.713308
1753301769.731261
1753301769.749214
1753301769.764708
1753301769.780202
1753301769.797494
1753301769.814786
1753301769.829096
1753301769.843406
1753301769.861682
1753301769.879958
1753301769.897399
1753301769.914841
1753301769.931381
1753301769.947920
1753301769.964870
1753301769.981821
1753301769.996041
1753301770.010260
1753301770.028955
1753301770.047649
1753301770.065224
1753301770.082800
1753301770.098189
1753301770.113578
1753301770.128516
1753301770.143454
1753301770.161785
1753301770.180116
1753301770.198298
1753301770.216479
1753301770.232807
1753301770.249135
1753301770.263170
1753301770.277204
1753301770.296069
1753301770.314933
1753301770.331272
1753301770.347611
1753301770.364798
1753301770.381984
1753301770.396214
1753301770.410444
1753301770.429111
1753301770.447778
1753301770.464338
1753301770.480898
1753301770.497666
1753301770.514434
1753301770.529199
1753301770.543964
1753301770.562292
1753301770.580620
1753301770.598063
1753301770.615507
1753301770.632505
1753301770.649503
1753301770.663404
1753301770.677304
1753301770.695518
1753301770.713731
1753301770.731367
1753301770.749002
1753301770.765301
1753301770.781601
1753301770.797323
1753301770.813046
1753301770.831513
1753301770.849981
1753301770.865615
1753301770.881249
1753301770.897829
1753301770.914408
1753301770.929246
1753301770.944084
1753301770.962934
1753301770.981785
1753301770.998408
1753301771.015031
1753301771.031732
1753301771.048433
1753301771.062927
1753301771.077420
1753301771.096189
1753301771.114957
1753301771.132282
1753301771.149606
1753301771.165792
1753301771.181977
1753301771.196349
1753301771.210721
1753301771.229300
1753301771.247878
1753301771.265037
1753301771.282196
1753301771.298190
1753301771.314183
1753301771.329860
1753301771.345537
1753301771.364050
1753301771.382564
1753301771.397924
1753301771.413284
1753301771.431495
1753301771.449706
1753301771.463629
1753301771.477551
1753301771.496329
1753301771.515107
1753301771.532195
1753301771.549282
1753301771.565634
1753301771.581987
1753301771.596496
1753301771.611004
1753301771.629720
1753301771.648436
1753301771.666003
1753301771.683569
1753301771.698677
1753301771.713785
1753301771.728971
1753301771.744156
1753301771.763109
1753301771.782062
1753301771.798996
1753301771.815931
1753301771.831864
1753301771.847797
1753301771.862315
1753301771.876833
1753301771.895823
1753301771.914812
1753301771.932368
1753301771.949923
1753301771.964291
1753301771.978658
1753301771.997599
1753301772.016540
1753301772.031602
1753301772.046665
1753301772.065017
1753301772.083370
1753301772.100031
1753301772.116692
1753301772.131291
1753301772.145891
1753301772.163998
1753301772.182104
1753301772.198503
1753301772.214902
1753301772.232295
1753301772.249687
1753301772.264967
1753301772.280247
1753301772.298730
1753301772.317214
1753301772.333431
1753301772.349649
1753301772.366305
1753301772.382962
1753301772.397421
1753301772.411881
1753301772.430880
1753301772.449878
1753301772.466392
1753301772.482906
1753301772.498724
1753301772.514542
1753301772.532113
1753301772.549684
1753301772.564642
1753301772.579600
1753301772.598187
1753301772.616775
1753301772.633339
1753301772.649903
1753301772.665515
1753301772.681127
1753301772.699388
1753301772.717648
1753301772.733349
1753301772.749050
1753301772.765969
1753301772.782889
1753301772.799739
1753301772.816590
1753301772.832206
1753301772.847821
1753301772.865728
1753301772.883636
1753301772.899490
1753301772.915345
1753301772.932119
1753301772.948894
1753301772.965629
1753301772.982364
1753301772.999071
1753301773.015778
1753301773.032026
1753301773.048273
1753301773.064109
1753301773.079945
1753301773.098045
1753301773.116145
1753301773.133277
1753301773.150409
1753301773.166306
1753301773.182203
1753301773.196874
1753301773.211545
1753301773.230363
1753301773.249182
1753301773.266794
1753301773.284406
1753301773.300198
1753301773.315989
1753301773.330502
1753301773.345015
1753301773.363890
1753301773.382765
1753301773.399248
1753301773.415730
1753301773.432953
1753301773.450177
1753301773.464332
1753301773.478487
1753301773.497322
1753301773.516157
1753301773.533422
1753301773.550688
1753301773.566672
1753301773.582656
1753301773.597202
1753301773.611749
1753301773.630591
1753301773.649433
1753301773.666475
1753301773.683518
1753301773.698811
1753301773.714103
1753301773.729701
1753301773.745298
1753301773.764024
1753301773.782751
1753301773.799134
1753301773.815518
1753301773.833549
1753301773.851581
1753301773.865170
1753301773.878759
1753301773.897161
1753301773.915564
1753301773.933504
1753301773.951444
1753301773.967315
1753301773.983186
1753301773.997712
1753301774.012238
1753301774.031098
1753301774.049959
1753301774.066335
1753301774.082712
1753301774.100337
1753301774.117962
1753301774.131769
1753301774.145577
1753301774.164127
1753301774.182677
1753301774.200606
1753301774.218536
1753301774.234215
1753301774.249895
1753301774.264459
1753301774.279023
1753301774.297932
1753301774.316841
1753301774.333005
1753301774.349170
1753301774.366537
1753301774.383903
1753301774.398705
1753301774.413507
1753301774.432177
1753301774.450846
1753301774.466910
1753301774.482974
1753301774.499616
1753301774.516258
1753301774.530988
1753301774.545719
1753301774.564482
1753301774.583245
1753301774.599443
1753301774.615642
1753301774.633883
1753301774.652125
1753301774.665639
1753301774.679153
1753301774.698509
1753301774.717866
1753301774.733720
1753301774.749574
1753301774.766029
1753301774.782485
1753301774.798618
1753301774.814751
1753301774.832961
1753301774.851170
1753301774.867527
1753301774.883883
1753301774.900229
1753301774.916574
1753301774.931366
1753301774.946158
1753301774.964889
1753301774.983620
1753301775.001027
1753301775.018434
1753301775.034317
1753301775.050200
1753301775.064760
1753301775.079320
1753301775.098773
1753301775.118226
1753301775.133697
1753301775.149168
1753301775.167097
1753301775.185025
1753301775.198879
1753301775.212732
1753301775.231562
1753301775.250392
1753301775.267589
1753301775.284786
1753301775.300872
1753301775.316958
1753301775.331487
1753301775.346016
1753301775.364801
1753301775.383586
1753301775.399930
1753301775.416273
1753301775.433853
1753301775.451432
1753301775.465383
1753301775.479333
1753301775.497844
1753301775.516355
1753301775.534520
1753301775.552685
1753301775.568540
1753301775.584394
1753301775.598637
1753301775.612879
1753301775.631737
1753301775.650595
1753301775.666983
1753301775.683371
1753301775.700961
1753301775.718551
1753301775.732400
1753301775.746250
1753301775.764942
1753301775.783634
1753301775.800894
1753301775.818154
1753301775.834416
1753301775.850679
1753301775.865177
1753301775.879675
1753301775.897861
1753301775.916047
1753301775.933431
1753301775.950814
1753301775.967075
1753301775.983337
1753301775.997840
1753301776.012344
1753301776.031798
1753301776.051252
1753301776.068061
1753301776.084871
1753301776.101050
1753301776.117229
1753301776.131715
1753301776.146201
1753301776.164782
1753301776.183363
1753301776.201327
1753301776.219292
1753301776.235314
1753301776.251336
1753301776.265630
1753301776.279923
1753301776.298690
1753301776.317457
1753301776.334086
1753301776.350716
1753301776.367394
1753301776.384072
1753301776.398637
1753301776.413201
1753301776.432477
1753301776.451752
1753301776.467933
1753301776.484115
1753301776.501226
1753301776.518338
1753301776.532575
1753301776.546811
1753301776.565832
1753301776.584853
1753301776.601542
1753301776.618230
1753301776.634346
1753301776.650463
1753301776.666391
1753301776.682319
1753301776.700812
1753301776.719305
1753301776.735010
1753301776.750715
1753301776.766987
1753301776.783259
1753301776.800902
1753301776.818545
1753301776.833708
1753301776.848871
1753301776.867602
1753301776.886334
1753301776.902174
1753301776.918014
1753301776.932496
1753301776.946977
1753301776.965558
1753301776.984138
1753301777.000514
1753301777.016889
1753301777.035017
1753301777.053146
1753301777.066700
1753301777.080255
1753301777.099395
1753301777.118535
1753301777.135137
1753301777.151738
1753301777.167850
1753301777.183962
1753301777.198743
1753301777.213524
1753301777.232461
1753301777.251399
1753301777.268323
1753301777.285247
1753301777.301377
1753301777.317507
1753301777.332201
1753301777.346895
1753301777.365417
1753301777.383940
1753301777.401022
1753301777.418105
1753301777.434284
1753301777.450464
1753301777.465331
1753301777.480198
1753301777.499547
1753301777.518897
1753301777.535024
1753301777.551150
1753301777.568325
1753301777.585499
1753301777.599656
1753301777.613812
1753301777.633021
1753301777.652231
1753301777.668316
1753301777.684401
1753301777.701182
1753301777.717963
1753301777.733119
1753301777.748276
1753301777.766574
1753301777.784873
1753301777.801204
1753301777.817535
1753301777.835302
1753301777.853069
1753301777.866824
1753301777.880579
1753301777.899287
1753301777.917996
1753301777.934243
1753301777.950490
1753301777.968532
1753301777.986573
1753301777.999950
1753301778.013327
1753301778.032580
1753301778.051833
1753301778.067790
1753301778.083747
1753301778.102071
1753301778.120396
1753301778.136220
1753301778.152045
1753301778.166501
1753301778.180956
1753301778.200126
1753301778.219297
1753301778.235218
1753301778.251138
1753301778.269152
1753301778.287166
1753301778.303131
1753301778.319096
1753301778.334875
1753301778.350653
1753301778.368199
1753301778.385745
1753301778.401828
1753301778.417911
1753301778.434463
1753301778.451015
1753301778.467472
1753301778.483928
1753301778.501833
1753301778.519738
1753301778.534175
1753301778.548613
1753301778.567643
1753301778.586673
1753301778.601788
1753301778.616903
1753301778.634972
1753301778.653040
1753301778.668746
1753301778.684452
1753301778.702399
1753301778.720346
1753301778.734490
1753301778.748635
1753301778.767214
1753301778.785792
1753301778.801300
1753301778.816808
1753301778.835019
1753301778.853229
1753301778.867268
1753301778.881306
1753301778.900725
1753301778.920144
1753301778.936157
1753301778.952169
1753301778.969303
1753301778.986437
1753301779.000551
1753301779.014664
1753301779.033725
1753301779.052786
1753301779.069375
1753301779.085964
1753301779.102036
1753301779.118107
1753301779.133991
1753301779.149874
1753301779.167281
1753301779.184688
1753301779.202625
1753301779.220562
1753301779.236864
1753301779.253165
1753301779.267261
1753301779.281356
1753301779.300074
1753301779.318792
1753301779.335545
1753301779.352298
1753301779.368243
1753301779.384188
1753301779.399701
1753301779.415213
1753301779.434099
1753301779.452984
1753301779.469207
1753301779.485429
1753301779.502006
1753301779.518582
1753301779.534146
1753301779.549709
1753301779.567252
1753301779.584794
1753301779.600268
1753301779.615743
1753301779.634552
1753301779.653362
1753301779.667449
1753301779.681537
1753301779.700725
1753301779.719913
1753301779.735860
1753301779.751807
1753301779.769655
1753301779.787502
1753301779.801383
1753301779.815264
1753301779.834595
1753301779.853927
1753301779.869974
1753301779.886021
1753301779.903210
1753301779.920399
1753301779.934433
1753301779.948467
1753301779.967841
1753301779.987214
1753301780.003756
1753301780.020297
1753301780.036536
1753301780.052774
1753301780.067285
1753301780.081795
1753301780.100906
1753301780.120018
1753301780.136700
1753301780.153382
1753301780.169545
1753301780.185707
1753301780.201267
1753301780.216827
1753301780.235239
1753301780.253650
1753301780.269859
1753301780.286068
1753301780.303059
1753301780.320049
1753301780.334285
1753301780.348522
1753301780.367342
1753301780.386161
1753301780.401955
1753301780.417749
1753301780.436272
1753301780.454795
1753301780.468380
1753301780.481966
1753301780.501095
1753301780.520224
1753301780.536404
1753301780.552583
1753301780.569105
1753301780.585627
1753301780.601046
1753301780.616465
1753301780.633955
1753301780.651445
1753301780.669770
1753301780.688096
1753301780.704175
1753301780.720254
1753301780.735340
1753301780.750426
1753301780.768767
1753301780.787109
1753301780.803824
1753301780.820540
1753301780.836643
1753301780.852745
1753301780.868177
1753301780.883610
1753301780.902500
1753301780.921390
1753301780.937114
1753301780.952839
1753301780.969721
1753301780.986604
1753301781.002106
1753301781.017608
1753301781.035735
1753301781.053862
1753301781.070458
1753301781.087054
1753301781.103832
1753301781.120610
1753301781.134797
1753301781.148983
1753301781.167544
1753301781.186105
1753301781.202983
1753301781.219861
1753301781.236320
1753301781.252778
1753301781.267522
1753301781.282266
1753301781.300979
1753301781.319692
1753301781.336822
1753301781.353952
1753301781.370040
1753301781.386129
1753301781.400896
1753301781.415662
1753301781.434222
1753301781.452781
1753301781.468882
1753301781.484982
1753301781.503264
1753301781.521546
1753301781.535265
1753301781.548985
1753301781.567884
1753301781.586784
1753301781.603546
1753301781.620308
1753301781.636829
1753301781.653350
1753301781.667864
1753301781.682377
1753301781.701017
1753301781.719657
1753301781.736413
1753301781.753170
1753301781.769096
1753301781.785022
1753301781.800534
1753301781.816047
1753301781.835031
1753301781.854014
1753301781.871114
1753301781.888214
1753301781.904119
1753301781.920023
1753301781.934929
1753301781.949835
1753301781.968421
1753301781.987007
1753301782.003866
1753301782.020725
1753301782.037215
1753301782.053705
1753301782.068263
1753301782.082820
1753301782.102163
1753301782.121506
1753301782.136922
1753301782.152338
1753301782.170107
1753301782.187876
1753301782.202003
1753301782.216129
1753301782.235168
1753301782.254207
1753301782.271256
1753301782.288306
1753301782.304462
1753301782.320619
1753301782.335064
1753301782.349509
1753301782.368211
1753301782.386913
1753301782.404383
1753301782.421853
1753301782.438167
1753301782.454481
1753301782.468740
1753301782.482999
1753301782.501725
1753301782.520451
1753301782.536711
1753301782.552970
1753301782.570867
1753301782.588763
1753301782.602811
1753301782.616860
1753301782.634976
1753301782.653092
1753301782.671027
1753301782.688962
1753301782.704730
1753301782.720497
1753301782.735572
1753301782.750648
1753301782.768214
1753301782.785779
1753301782.802956
1753301782.820133
1753301782.837771
1753301782.855409
1753301782.869348
1753301782.883286
1753301782.901862
1753301782.920438
1753301782.937306
1753301782.954175
1753301782.970934
1753301782.987693
1753301783.003163
1753301783.018633
1753301783.036784
1753301783.054935
1753301783.069440
1753301783.083945
1753301783.102623
1753301783.121300
1753301783.135294
1753301783.149288
1753301783.168256
1753301783.187224
1753301783.203494
1753301783.219763
1753301783.237921
1753301783.256080
1753301783.269742
1753301783.283403
1753301783.302022
1753301783.320642
1753301783.338104
1753301783.355565
1753301783.371740
1753301783.387915
1753301783.402283
1753301783.416652
1753301783.435150
1753301783.453648
1753301783.471781
1753301783.489914
1753301783.505850
1753301783.521786
1753301783.536048
1753301783.550310
1753301783.569104
1753301783.587899
1753301783.604995
1753301783.622091
1753301783.638296
1753301783.654500
1753301783.669072
1753301783.683644
1753301783.702623
1753301783.721602
1753301783.738168
1753301783.754735
1753301783.770594
1753301783.786453
1753301783.801651
1753301783.816850
1753301783.835989
1753301783.855128
1753301783.871100
1753301783.887073
1753301783.904700
1753301783.922327
1753301783.936317
1753301783.950308
1753301783.969081
1753301783.987854
1753301784.003989
1753301784.020124
1753301784.038324
1753301784.056524
1753301784.070073
1753301784.083621
1753301784.102823
1753301784.122024
1753301784.139062
1753301784.156101
1753301784.171926
1753301784.187750
1753301784.203260
1753301784.218770
1753301784.237371
1753301784.255973
1753301784.271244
1753301784.286515
1753301784.304934
1753301784.323353
1753301784.336963
1753301784.350572
1753301784.369236
1753301784.387901
1753301784.404567
1753301784.421233
1753301784.438226
1753301784.455220
1753301784.469754
1753301784.484289
1753301784.502379
1753301784.520470
1753301784.538129
1753301784.555788
1753301784.571648
1753301784.587507
1753301784.603966
1753301784.620425
1753301784.638592
1753301784.656760
1753301784.672529
1753301784.688299
1753301784.704325
1753301784.720351
1753301784.737630
1753301784.754910
1753301784.770887
1753301784.786865
1753301784.805298
1753301784.823732
1753301784.839640
1753301784.855548
1753301784.869874
1753301784.884200
1753301784.903283
1753301784.922366
1753301784.939336
1753301784.956306
1753301784.972591
1753301784.988876
1753301785.003269
1753301785.017661
1753301785.036033
1753301785.054404
1753301785.072114
1753301785.089823
1753301785.106164
1753301785.122505
1753301785.136768
1753301785.151031
1753301785.169489
1753301785.187948
1753301785.204805
1753301785.221663
1753301785.239000
1753301785.256338
1753301785.270308
1753301785.284277
1753301785.303198
1753301785.322119
1753301785.338104
1753301785.354090
1753301785.371383
1753301785.388676
1753301785.403111
1753301785.417545
1753301785.436812
1753301785.456079
1753301785.471874
1753301785.487668
1753301785.505570
1753301785.523472
1753301785.537297
1753301785.551123
1753301785.570024
1753301785.588925
1753301785.605034
1753301785.621143
1753301785.639112
1753301785.657082
1753301785.670817
1753301785.684553
1753301785.703151
1753301785.721748
1753301785.739142
1753301785.756536
1753301785.772804
1753301785.789072
1753301785.803380
1753301785.817687
1753301785.836838
1753301785.855990
1753301785.872006
1753301785.888022
1753301785.905755
1753301785.923488
1753301785.937387
1753301785.951286
1753301785.969408
1753301785.987529
1753301786.005787
1753301786.024046
1753301786.039912
1753301786.055778
1753301786.070140
1753301786.084502
1753301786.103548
1753301786.122594
1753301786.137991
1753301786.153388
1753301786.171887
1753301786.190387
1753301786.204237
1753301786.218088
1753301786.236988
1753301786.255887
1753301786.272946
1753301786.290005
1753301786.306498
1753301786.322990
1753301786.337154
1753301786.351318
1753301786.369853
1753301786.388389
1753301786.405678
1753301786.422967
1753301786.438745
1753301786.454522
1753301786.472808
1753301786.491095
1753301786.504669
1753301786.518243
1753301786.537461
1753301786.556678
1753301786.572680
1753301786.588681
1753301786.606045
1753301786.623409
1753301786.638678
1753301786.653947
1753301786.671473
1753301786.688999
1753301786.704904
1753301786.720809
1753301786.738012
1753301786.755215
1753301786.771268
1753301786.787322
1753301786.805308
1753301786.823294
1753301786.838903
1753301786.854512
1753301786.872738
1753301786.890965
1753301786.905934
1753301786.920903
1753301786.937459
1753301786.954015
1753301786.969607
1753301786.985199
1753301787.004401
1753301787.023604
1753301787.039737
1753301787.055869
1753301787.070652
1753301787.085435
1753301787.104022
1753301787.122608
1753301787.139359
1753301787.156110
1753301787.173555
1753301787.191001
1753301787.204881
1753301787.218762
1753301787.237390
1753301787.256017
1753301787.272011
1753301787.288005
1753301787.306334
1753301787.324664
1753301787.338315
1753301787.351967
1753301787.370955
1753301787.389942
1753301787.405748
1753301787.421554
1753301787.439306
1753301787.457059
1753301787.471210
1753301787.485360
1753301787.504089
1753301787.522818
1753301787.539367
1753301787.555916
1753301787.572648
1753301787.589380
1753301787.604021
1753301787.618661
1753301787.637703
1753301787.656746
1753301787.672874
1753301787.689003
1753301787.705606
1753301787.722208
1753301787.737367
1753301787.752526
1753301787.771491
1753301787.790456
1753301787.806506
1753301787.822556
1753301787.840034
1753301787.857512
1753301787.870969
1753301787.884426
1753301787.904484
1753301787.924542
1753301787.940353
1753301787.956164
1753301787.973280
1753301787.990396
1753301788.005096
1753301788.019796
1753301788.038553
1753301788.057311
1753301788.073121
1753301788.088931
1753301788.107002
1753301788.125072
1753301788.138594
1753301788.152115
1753301788.170476
1753301788.188837
1753301788.205441
1753301788.222046
1753301788.240314
1753301788.258582
1753301788.272362
1753301788.286142
1753301788.304826
1753301788.323511
1753301788.339943
1753301788.356376
1753301788.372350
1753301788.388323
1753301788.404158
1753301788.419993
1753301788.438015
1753301788.456036
1753301788.473973
1753301788.491909
1753301788.507740
1753301788.523571
1753301788.537995
1753301788.552420
1753301788.570904
1753301788.589389
1753301788.607661
1753301788.625932
1753301788.641666
1753301788.657401
1753301788.671951
1753301788.686500
1753301788.704346
1753301788.722191
1753301788.739532
1753301788.756873
1753301788.773533
1753301788.790193
1753301788.805806
1753301788.821418
1753301788.839286
1753301788.857154
1753301788.873620
1753301788.890086
1753301788.906897
1753301788.923707
1753301788.939677
1753301788.955648
1753301788.972976
1753301788.990305
1753301789.006092
1753301789.021878
1753301789.040372
1753301789.058866
1753301789.072547
1753301789.086229
1753301789.105073
1753301789.123917
1753301789.140200
1753301789.156483
1753301789.173992
1753301789.191501
1753301789.205484
1753301789.219467
1753301789.238708
1753301789.257949
1753301789.274032
1753301789.290115
1753301789.306212
1753301789.322310
1753301789.336985
1753301789.351660
1753301789.370028
1753301789.388396
1753301789.406229
1753301789.424061
1753301789.439902
1753301789.455743
1753301789.471039
1753301789.486335
1753301789.505137
1753301789.523940
1753301789.540964
1753301789.557987
1753301789.573945
1753301789.589903
1753301789.605565
1753301789.621227
1753301789.638317
1753301789.655406
1753301789.671360
1753301789.687313
1753301789.704419
1753301789.721525
1753301789.739156
1753301789.756788
1753301789.772814
1753301789.788839
1753301789.807242
1753301789.825645
1753301789.841615
1753301789.857585
1753301789.871592
1753301789.885599
1753301789.904094
1753301789.922590
1753301789.940315
1753301789.958040
1753301789.974701
1753301789.991362
1753301790.005621
1753301790.019881
1753301790.038770
1753301790.057659
1753301790.073292
1753301790.088925
1753301790.107405
1753301790.125886
1753301790.139019
1753301790.152153
1753301790.171667
1753301790.191180
1753301790.207141
1753301790.223102
1753301790.240424
1753301790.257745
1753301790.272839
1753301790.287932
1753301790.306326
1753301790.324720
1753301790.341466
1753301790.358212
1753301790.374515
1753301790.390818
1753301790.405379
1753301790.419939
1753301790.438666
1753301790.457394
1753301790.475131
1753301790.492868
1753301790.508804
1753301790.524741
1753301790.540195
1753301790.555648
1753301790.573744
1753301790.591839
1753301790.608306
1753301790.624774
1753301790.640782
1753301790.656791
1753301790.674747
1753301790.692704
1753301790.707027
1753301790.721351
1753301790.739898
1753301790.758445
1753301790.774590
1753301790.790735
1753301790.806834
1753301790.822934
1753301790.841293
1753301790.859653
1753301790.875179
1753301790.890705
1753301790.907962
1753301790.925219
1753301790.939477
1753301790.953736
1753301790.972136
1753301790.990537
1753301791.007605
1753301791.024673
1753301791.041911
1753301791.059149
1753301791.073251
1753301791.087353
1753301791.105973
1753301791.124592
1753301791.140535
1753301791.156479
1753301791.173909
1753301791.191339
1753301791.206004
1753301791.220669
1753301791.239328
1753301791.257987
1753301791.275369
1753301791.292751
1753301791.308570
1753301791.324390
1753301791.339131
1753301791.353873
1753301791.372705
1753301791.391536
1753301791.408934
1753301791.426332
1753301791.441921
1753301791.457511
1753301791.472388
1753301791.487265
1753301791.505854
1753301791.524443
1753301791.540692
1753301791.556941
1753301791.574445
1753301791.591950
1753301791.606328
1753301791.620705
1753301791.639557
1753301791.658410
1753301791.674423
1753301791.690435
1753301791.706782
1753301791.723129
1753301791.738128
1753301791.753127
1753301791.772141
1753301791.791154
1753301791.809039
1753301791.826924
1753301791.842768
1753301791.858611
1753301791.872752
1753301791.886893
1753301791.905931
1753301791.924970
1753301791.942247
1753301791.959524
1753301791.975501
1753301791.991478
1753301792.006760
1753301792.022042
1753301792.039421
1753301792.056799
1753301792.075246
1753301792.093693
1753301792.108704
1753301792.123715
1753301792.139651
1753301792.155587
1753301792.173793
1753301792.192000
1753301792.207529
1753301792.223058
1753301792.241713
1753301792.260368
1753301792.274041
1753301792.287713
1753301792.305584
1753301792.323456
1753301792.341975
1753301792.360494
1753301792.376112
1753301792.391729
1753301792.406406
1753301792.421083
1753301792.439897
1753301792.458710
1753301792.474880
1753301792.491049
1753301792.508970
1753301792.526892
1753301792.540759
1753301792.554626
1753301792.573275
1753301792.591924
1753301792.608255
1753301792.624587
1753301792.642688
1753301792.660789
1753301792.673916
1753301792.687044
1753301792.705052
1753301792.723061
1753301792.741055
1753301792.759048
1753301792.776259
1753301792.793471
1753301792.807366
1753301792.821261
1753301792.840477
1753301792.859694
1753301792.875640
1753301792.891586
1753301792.908853
1753301792.926119
1753301792.940386
1753301792.954653
1753301792.972888
1753301792.991122
1753301793.009490
1753301793.027858
1753301793.043791
1753301793.059724
1753301793.073866
1753301793.088008
1753301793.106359
1753301793.124710
1753301793.142068
1753301793.159426
1753301793.175293
1753301793.191160
1753301793.205752
1753301793.220345
1753301793.238755
1753301793.257166
1753301793.274546
1753301793.291926
1753301793.308463
1753301793.324999
1753301793.339816
1753301793.354632
1753301793.373213
1753301793.391795
1753301793.408235
1753301793.424674
1753301793.442795
1753301793.460915
1753301793.474509
1753301793.488102
1753301793.506868
1753301793.525634
1753301793.542156
1753301793.558678
1753301793.575510
1753301793.592341
1753301793.606961
1753301793.621581
1753301793.640465
1753301793.659349
1753301793.675969
1753301793.692589
1753301793.708071
1753301793.723554
1753301793.738734
1753301793.753915
1753301793.773849
1753301793.793783
1753301793.809762
1753301793.825740
1753301793.843225
1753301793.860711
1753301793.874563
1753301793.888414
1753301793.907216
1753301793.926017
1753301793.942227
1753301793.958438
1753301793.976347
1753301793.994256
1753301794.008105
1753301794.021953
1753301794.040583
1753301794.059213
1753301794.076270
1753301794.093326
1753301794.110446
1753301794.127567
1753301794.141410
1753301794.155253
1753301794.173966
1753301794.192679
1753301794.209426
1753301794.226173
1753301794.243511
1753301794.260850
1753301794.274784
1753301794.288717
1753301794.307803
1753301794.326889
1753301794.343742
1753301794.360596
1753301794.376384
1753301794.392172
1753301794.407205
1753301794.422237
1753301794.440612
1753301794.458987
1753301794.476067
1753301794.493147
1753301794.508780
1753301794.524414
1753301794.540890
1753301794.557366
1753301794.574931
1753301794.592496
1753301794.609286
1753301794.626076
1753301794.642406
1753301794.658737
1753301794.676157
1753301794.693578
1753301794.708076
1753301794.722574
1753301794.741085
1753301794.759596
1753301794.776498
1753301794.793400
1753301794.809342
1753301794.825285
1753301794.840452
1753301794.855619
1753301794.874426
1753301794.893234
1753301794.909392
1753301794.925551
1753301794.943465
1753301794.961380
1753301794.977274
1753301794.993168
1753301795.009581
1753301795.025994
1753301795.043065
1753301795.060136
1753301795.076792
1753301795.093447
1753301795.109185
1753301795.124922
1753301795.140467
1753301795.156011
1753301795.174486
1753301795.192960
1753301795.208451
1753301795.223941
1753301795.242699
1753301795.261456
1753301795.275233
1753301795.289009
1753301795.308071
1753301795.327132
1753301795.343183
1753301795.359233
1753301795.375816
1753301795.392400
1753301795.407319
1753301795.422237
1753301795.441451
1753301795.460665
1753301795.476519
1753301795.492373
1753301795.510494
1753301795.528615
1753301795.542191
1753301795.555767
1753301795.574507
1753301795.593247
1753301795.609716
1753301795.626186
1753301795.643115
1753301795.660043
1753301795.674641
1753301795.689239
1753301795.706622
1753301795.724005
1753301795.742280
1753301795.760556
1753301795.776624
1753301795.792692
1753301795.807582
1753301795.822472
1753301795.841441
1753301795.860409
1753301795.876230
1753301795.892050
1753301795.910096
1753301795.928142
1753301795.942029
1753301795.955915
1753301795.975309
1753301795.994703
1753301796.011111
1753301796.027519
1753301796.044075
1753301796.060632
1753301796.075043
1753301796.089454
1753301796.108797
1753301796.128139
1753301796.144136
1753301796.160134
1753301796.177734
1753301796.195335
1753301796.209116
1753301796.222897
1753301796.242836
1753301796.262774
1753301796.278445
1753301796.294116
1753301796.311030
1753301796.327945
1753301796.342137
1753301796.356330
1753301796.374417
1753301796.392505
1753301796.411140
1753301796.429776
1753301796.445431
1753301796.461085
1753301796.475448
1753301796.489811
1753301796.508837
1753301796.527863
1753301796.544261
1753301796.560659
1753301796.576816
1753301796.592973
1753301796.608598
1753301796.624224
1753301796.642695
1753301796.661167
1753301796.676974
1753301796.692781
1753301796.708081
1753301796.723382
1753301796.741491
1753301796.759600
1753301796.776637
1753301796.793673
1753301796.809771
1753301796.825868
1753301796.843626
1753301796.861384
1753301796.875616
1753301796.889848
1753301796.909094
1753301796.928341
1753301796.944477
1753301796.960613
1753301796.976451
1753301796.992290
1753301797.007856
1753301797.023422
1753301797.042711
1753301797.062001
1753301797.077929
1753301797.093856
1753301797.110904
1753301797.127952
1753301797.141991
1753301797.156029
1753301797.175253
1753301797.194478
1753301797.210402
1753301797.226327
1753301797.244457
1753301797.262588
1753301797.276334
1753301797.290079
1753301797.309560
1753301797.329041
1753301797.344092
1753301797.359143
1753301797.376074
1753301797.393005
1753301797.408194
1753301797.423383
1753301797.442294
1753301797.461205
1753301797.477058
1753301797.492911
1753301797.511204
1753301797.529496
1753301797.543368
1753301797.557241
1753301797.575863
1753301797.594486
1753301797.610441
1753301797.626397
1753301797.643830
1753301797.661263
1753301797.675737
1753301797.690211
1753301797.707196
1753301797.724181
1753301797.742636
1753301797.761091
1753301797.776788
1753301797.792485
1753301797.808722
1753301797.824960
1753301797.843696
1753301797.862432
1753301797.877033
1753301797.891633
1753301797.909353
1753301797.927072
1753301797.941970
1753301797.956869
1753301797.975759
1753301797.994648
1753301798.011214
1753301798.027781
1753301798.044780
1753301798.061778
1753301798.076164
1753301798.090550
1753301798.109545
1753301798.128540
1753301798.143937
1753301798.159333
1753301798.177236
1753301798.195138
1753301798.209550
1753301798.223962
1753301798.242660
1753301798.261358
1753301798.278793
1753301798.296228
1753301798.311617
1753301798.327006
1753301798.344382
1753301798.361757
1753301798.376814
1753301798.391871
1753301798.410174
1753301798.428478
1753301798.444545
1753301798.460611
1753301798.476629
1753301798.492647
1753301798.511156
1753301798.529665
1753301798.545402
1753301798.561138
1753301798.577055
1753301798.592972
1753301798.611278
1753301798.629583
1753301798.645144
1753301798.660704
1753301798.678777
1753301798.696850
1753301798.710788
1753301798.724727
1753301798.743599
1753301798.762471
1753301798.777874
1753301798.793278
1753301798.810386
1753301798.827494
1753301798.845405
1753301798.863316
1753301798.877127
1753301798.890938
1753301798.910073
1753301798.929208
1753301798.944928
1753301798.960647
1753301798.978455
1753301798.996262
1753301799.010365
1753301799.024469
1753301799.043762
1753301799.063055
1753301799.078610
1753301799.094165
1753301799.111979
1753301799.129793
1753301799.143420
1753301799.157046
1753301799.176011
1753301799.194976
1753301799.211113
1753301799.227251
1753301799.245344
1753301799.263437
1753301799.277269
1753301799.291101
1753301799.309352
1753301799.327603
1753301799.345316
1753301799.363030
1753301799.377259
1753301799.391489
1753301799.409004
1753301799.426519
1753301799.444326
1753301799.462134
1753301799.478899
1753301799.495665
1753301799.511275
1753301799.526884
1753301799.542295
1753301799.557705
1753301799.576221
1753301799.594738
1753301799.612036
1753301799.629334
1753301799.645404
1753301799.661474
1753301799.676305
1753301799.691136
1753301799.708680
1753301799.726224
1753301799.742561
1753301799.758898
1753301799.776457
1753301799.794016
1753301799.809269
1753301799.824522
1753301799.843126
1753301799.861730
1753301799.877543
1753301799.893356
1753301799.911867
1753301799.930377
1753301799.944299
1753301799.958220
1753301799.977092
1753301799.995964
1753301800.012099
1753301800.028234
1753301800.046340
1753301800.064447
1753301800.078306
1753301800.092166
1753301800.110918
1753301800.129670
1753301800.145075
1753301800.160481
1753301800.178627
1753301800.196773
1753301800.210811
1753301800.224849
1753301800.243769
1753301800.262689
1753301800.278618
1753301800.294547
1753301800.312918
1753301800.331288
1753301800.344841
1753301800.358394
1753301800.375617
1753301800.392840
1753301800.411396
1753301800.429951
1753301800.445724
1753301800.461498
1753301800.479622
1753301800.497746
1753301800.511674
1753301800.525602
1753301800.544172
1753301800.562742
1753301800.578580
1753301800.594418
1753301800.612255
1753301800.630092
1753301800.645406
1753301800.660721
1753301800.678797
1753301800.696873
1753301800.712576
1753301800.728279
1753301800.744126
1753301800.759972
1753301800.778533
1753301800.797093
1753301800.813504
1753301800.829914
1753301800.846592
1753301800.863271
1753301800.877538
1753301800.891806
1753301800.910321
1753301800.928837
1753301800.946429
1753301800.964020
1753301800.979365
1753301800.994711
1753301801.009949
1753301801.025188
1753301801.043766
1753301801.062343
1753301801.080270
1753301801.098197
1753301801.113844
1753301801.129492
1753301801.144146
1753301801.158801
1753301801.177886
1753301801.196970
1753301801.212345
1753301801.227720
1753301801.246155
1753301801.264589
1753301801.278329
1753301801.292069
1753301801.311077
1753301801.330084
1753301801.346773
1753301801.363461
1753301801.378380
1753301801.393299
1753301801.411963
1753301801.430626
1753301801.445915
1753301801.461204
1753301801.479455
1753301801.497705
1753301801.513630
1753301801.529556
1753301801.544847
1753301801.560139
1753301801.577513
1753301801.594886
1753301801.613178
1753301801.631470
1753301801.647149
1753301801.662827
1753301801.677726
1753301801.692625
1753301801.710166
1753301801.727708
1753301801.745632
1753301801.763555
1753301801.779726
1753301801.795897
1753301801.810763
1753301801.825630
1753301801.844301
1753301801.862971
1753301801.877695
1753301801.892419
1753301801.910141
1753301801.927864
1753301801.943613
1753301801.959361
1753301801.977149
1753301801.994938
1753301802.012169
1753301802.029400
1753301802.047001
1753301802.064602
1753301802.078674
1753301802.092747
1753301802.111874
1753301802.131001
1753301802.146272
1753301802.161543
1753301802.180008
1753301802.198474
1753301802.212234
1753301802.225993
1753301802.244966
1753301802.263938
1753301802.279694
1753301802.295449
1753301802.313807
1753301802.332164
1753301802.345820
1753301802.359477
1753301802.378022
1753301802.396567
1753301802.413827
1753301802.431088
1753301802.446869
1753301802.462650
1753301802.480760
1753301802.498870
1753301802.512566
1753301802.526262
1753301802.545462
1753301802.564661
1753301802.580132
1753301802.595604
1753301802.613977
1753301802.632350
1753301802.646089
1753301802.659828
1753301802.678518
1753301802.697209
1753301802.712711
1753301802.728214
1753301802.746626
1753301802.765038
1753301802.779294
1753301802.793551
1753301802.812049
1753301802.830547
1753301802.847075
1753301802.863603
1753301802.878235
1753301802.892867
1753301802.911549
1753301802.930230
1753301802.947679
1753301802.965127
1753301802.980824
1753301802.996522
1753301803.012727
1753301803.028932
1753301803.045893
1753301803.062853
1753301803.080820
1753301803.098786
1753301803.114564
1753301803.130342
1753301803.146072
1753301803.161802
1753301803.177346
1753301803.192891
1753301803.210909
1753301803.228927
1753301803.247223
1753301803.265520
1753301803.280588
1753301803.295655
1753301803.314163
1753301803.332671
1753301803.346291
1753301803.359911
1753301803.377325
1753301803.394739
1753301803.413150
1753301803.431561
1753301803.447889
1753301803.464218
1753301803.478654
1753301803.493091
1753301803.511687
1753301803.530283
1753301803.548049
1753301803.565816
1753301803.581955
1753301803.598094
1753301803.612376
1753301803.626659
1753301803.644066
1753301803.661473
1753301803.680124
1753301803.698775
1753301803.714923
1753301803.731071
1753301803.745005
1753301803.758938
1753301803.778444
1753301803.797949
1753301803.813946
1753301803.829942
1753301803.848170
1753301803.866398
1753301803.879942
1753301803.893486
1753301803.911484
1753301803.929481
1753301803.947746
1753301803.966010
1753301803.981551
1753301803.997092
1753301804.012948
1753301804.028804
1753301804.047416
1753301804.066028
1753301804.081727
1753301804.097425
1753301804.114341
1753301804.131256
1753301804.145795
1753301804.160334
1753301804.178950
1753301804.197565
1753301804.213798
1753301804.230030
1753301804.248137
1753301804.266244
1753301804.279977
1753301804.293710
1753301804.312510
1753301804.331309
1753301804.348475
1753301804.365641
1753301804.380314
1753301804.394987
1753301804.413175
1753301804.431363
1753301804.447413
1753301804.463463
1753301804.481510
1753301804.499557
1753301804.514946
1753301804.530336
1753301804.546025
1753301804.561714
1753301804.580352
1753301804.598990
1753301804.614689
1753301804.630389
1753301804.647912
1753301804.665435
1753301804.679606
1753301804.693777
1753301804.711738
1753301804.729699
1753301804.747303
1753301804.764908
1753301804.780614
1753301804.796320
1753301804.813464
1753301804.830608
1753301804.848125
1753301804.865643
1753301804.881505
1753301804.897366
1753301804.915173
1753301804.932980
1753301804.946846
1753301804.960713
1753301804.979322
1753301804.997931
1753301805.013792
1753301805.029653
1753301805.047764
1753301805.065875
1753301805.079955
1753301805.094035
1753301805.112491
1753301805.130947
1753301805.147059
1753301805.163171
1753301805.181267
1753301805.199362
1753301805.213347
1753301805.227332
1753301805.246591
1753301805.265850
1753301805.282102
1753301805.298354
1753301805.315006
1753301805.331658
1753301805.346216
1753301805.360775
1753301805.377588
1753301805.394401
1753301805.413317
1753301805.432233
1753301805.447802
1753301805.463371
1753301805.478694
1753301805.494017
1753301805.512485
1753301805.530952
1753301805.548640
1753301805.566329
1753301805.581360
1753301805.596391
1753301805.612149
1753301805.627906
1753301805.646013
1753301805.664120
1753301805.682173
1753301805.700227
1753301805.715879
1753301805.731532
1753301805.746263
1753301805.760994
1753301805.779773
1753301805.798551
1753301805.815114
1753301805.831678
1753301805.849321
1753301805.866965
1753301805.880668
1753301805.894371
1753301805.913118
1753301805.931865
1753301805.948980
1753301805.966095
1753301805.982919
1753301805.999744
1753301806.014372
1753301806.029001
1753301806.047577
1753301806.066153
1753301806.082278
1753301806.098403
1753301806.115690
1753301806.132977
1753301806.147130
1753301806.161283
1753301806.180193
1753301806.199103
1753301806.215704
1753301806.232305
1753301806.249494
1753301806.266682
1753301806.280829
1753301806.294977
1753301806.314210
1753301806.333444
1753301806.349897
1753301806.366351
1753301806.381324
1753301806.396298
1753301806.414918
1753301806.433539
1753301806.448394
1753301806.463250
1753301806.481723
1753301806.500197
1753301806.516470
1753301806.532743
1753301806.547801
1753301806.562860
1753301806.581402
1753301806.599944
1753301806.615886
1753301806.631827
1753301806.648031
1753301806.664235
1753301806.680869
1753301806.697503
1753301806.714163
1753301806.730822
1753301806.748165
1753301806.765508
1753301806.782466
1753301806.799425
1753301806.815138
1753301806.830851
1753301806.849227
1753301806.867604
1753301806.881606
1753301806.895607
1753301806.914425
1753301806.933244
1753301806.948879
1753301806.964514
1753301806.982043
1753301806.999571
1753301807.016026
1753301807.032481
1753301807.049440
1753301807.066399
1753301807.080730
1753301807.095062
1753301807.113892
1753301807.132722
1753301807.148090
1753301807.163459
1753301807.181733
1753301807.200007
1753301807.214217
1753301807.228427
1753301807.247001
1753301807.265576
1753301807.282303
1753301807.299031
1753301807.315256
1753301807.331480
1753301807.347361
1753301807.363242
1753301807.381886
1753301807.400529
1753301807.416865
1753301807.433202
1753301807.449569
1753301807.465935
1753301807.480507
1753301807.495080
1753301807.514442
1753301807.533804
1753301807.549739
1753301807.565675
1753301807.583443
1753301807.601211
1753301807.614975
1753301807.628740
1753301807.647346
1753301807.665951
1753301807.684289
1753301807.702626
1753301807.717465
1753301807.732304
1753301807.747280
1753301807.762255
1753301807.781725
1753301807.801195
1753301807.817566
1753301807.833938
1753301807.850147
1753301807.866356
1753301807.881033
1753301807.895711
1753301807.913700
1753301807.931688
1753301807.947491
1753301807.963293
1753301807.980560
1753301807.997826
1753301808.013138
1753301808.028450
1753301808.046636
1753301808.064821
1753301808.083259
1753301808.101696
1753301808.117976
1753301808.134256
1753301808.148182
1753301808.162109
1753301808.180878
1753301808.199648
1753301808.215285
1753301808.230922
1753301808.249416
1753301808.267910
1753301808.281591
1753301808.295272
1753301808.313949
1753301808.332626
1753301808.350381
1753301808.368136
1753301808.384433
1753301808.400730
1753301808.414826
1753301808.428923
1753301808.447759
1753301808.466595
1753301808.482491
1753301808.498387
1753301808.516530
1753301808.534673
1753301808.548402
1753301808.562131
1753301808.581511
1753301808.600890
1753301808.617068
1753301808.633246
1753301808.649834
1753301808.666422
1753301808.681101
1753301808.695781
1753301808.714319
1753301808.732858
1753301808.750660
1753301808.768463
1753301808.784330
1753301808.800198
1753301808.814695
1753301808.829192
1753301808.847973
1753301808.866755
1753301808.882087
1753301808.897418
1753301808.915884
1753301808.934350
1753301808.948422
1753301808.962494
1753301808.981184
1753301808.999873
1753301809.016999
1753301809.034126
1753301809.050544
1753301809.066962
1753301809.081463
1753301809.095964
1753301809.115019
1753301809.134074
1753301809.148882
1753301809.163691
1753301809.182267
1753301809.200843
1753301809.215071
1753301809.229298
1753301809.248123
1753301809.266948
1753301809.283052
1753301809.299157
1753301809.317126
1753301809.335095
1753301809.348825
1753301809.362555
1753301809.381696
1753301809.400836
1753301809.416984
1753301809.433131
1753301809.450157
1753301809.467183
1753301809.481575
1753301809.495967
1753301809.514884
1753301809.533800
1753301809.551703
1753301809.569606
1753301809.584015
1753301809.598425
1753301809.613891
1753301809.629357
1753301809.648501
1753301809.667645
1753301809.683440
1753301809.699235
1753301809.716771
1753301809.734306
1753301809.748347
1753301809.762388
1753301809.780875
1753301809.799363
1753301809.815501
1753301809.831640
1753301809.850291
1753301809.868942
1753301809.882607
1753301809.896273
1753301809.915232
1753301809.934191
1753301809.949113
1753301809.964035
1753301809.982595
1753301810.001156
1753301810.015481
1753301810.029807
1753301810.048611
1753301810.067414
1753301810.084254
1753301810.101094
1753301810.117705
1753301810.134316
1753301810.148850
1753301810.163385
1753301810.182187
1753301810.200988
1753301810.217052
1753301810.233115
1753301810.251521
1753301810.269927
1753301810.283224
1753301810.296520
1753301810.315863
1753301810.335205
1753301810.351628
1753301810.368050
1753301810.383732
1753301810.399414
1753301810.416341
1753301810.433267
1753301810.450468
1753301810.467668
1753301810.485063
1753301810.502458
1753301810.517970
1753301810.533482
1753301810.549648
1753301810.565813
1753301810.583709
1753301810.601604
1753301810.617901
1753301810.634199
1753301810.650167
1753301810.666136
1753301810.682644
1753301810.699152
1753301810.716122
1753301810.733092
1753301810.750974
1753301810.768855
1753301810.784698
1753301810.800541
1753301810.815881
1753301810.831221
1753301810.849983
1753301810.868745
1753301810.884609
1753301810.900472
1753301810.918813
1753301810.937155
1753301810.950372
1753301810.963590
1753301810.982895
1753301811.002201
1753301811.017825
1753301811.033448
1753301811.051891
1753301811.070335
1753301811.083678
1753301811.097021
1753301811.115853
1753301811.134685
1753301811.150374
1753301811.166063
1753301811.184525
1753301811.202988
1753301811.216653
1753301811.230319
1753301811.249819
1753301811.269318
1753301811.285204
1753301811.301090
1753301811.317494
1753301811.333899
1753301811.348925
1753301811.363951
1753301811.381878
1753301811.399805
1753301811.418102
1753301811.436398
1753301811.452107
1753301811.467817
1753301811.484150
1753301811.500483
1753301811.515491
1753301811.530499
1753301811.549499
1753301811.568498
1753301811.585982
1753301811.603467
1753301811.619209
1753301811.634951
1753301811.651052
1753301811.667154
1753301811.682229
1753301811.697303
1753301811.715804
1753301811.734305
1753301811.751402
1753301811.768500
1753301811.785393
1753301811.802285
1753301811.816283
1753301811.830281
1753301811.849220
1753301811.868159
1753301811.884386
1753301811.900613
1753301811.918908
1753301811.937203
1753301811.950416
1753301811.963628
1753301811.982437
1753301812.001246
1753301812.017077
1753301812.032909
1753301812.050931
1753301812.068953
1753301812.083016
1753301812.097080
1753301812.115904
1753301812.134729
1753301812.150048
1753301812.165368
1753301812.184064
1753301812.202761
1753301812.216705
1753301812.230650
1753301812.249857
1753301812.269065
1753301812.284862
1753301812.300659
1753301812.317790
1753301812.334920
1753301812.349473
1753301812.364027
1753301812.382581
1753301812.401134
1753301812.418661
1753301812.436187
1753301812.452077
1753301812.467967
1753301812.483613
1753301812.499260
1753301812.517877
1753301812.536494
1753301812.552575
1753301812.568655
1753301812.585518
1753301812.602382
1753301812.616627
1753301812.630872
1753301812.649426
1753301812.667979
1753301812.685385
1753301812.702792
1753301812.717637
1753301812.732482
1753301812.748312
1753301812.764142
1753301812.783358
1753301812.802573
1753301812.817750
1753301812.832927
1753301812.851400
1753301812.869873
1753301812.883832
1753301812.897790
1753301812.916502
1753301812.935215
1753301812.951711
1753301812.968207
1753301812.984711
1753301813.001216
1753301813.016167
1753301813.031118
1753301813.049947
1753301813.068776
1753301813.085768
1753301813.102761
1753301813.118490
1753301813.134219
1753301813.149390
1753301813.164560
1753301813.183338
1753301813.202116
1753301813.218787
1753301813.235458
1753301813.252332
1753301813.269207
1753301813.283589
1753301813.297971
1753301813.316833
1753301813.335695
1753301813.352498
1753301813.369300
1753301813.385063
1753301813.400827
1753301813.416063
1753301813.431299
1753301813.449289
1753301813.467280
1753301813.484540
1753301813.501800
1753301813.519020
1753301813.536239
1753301813.550343
1753301813.564446
1753301813.582781
1753301813.601116
1753301813.619530
1753301813.637945
1753301813.651176
1753301813.664407
1753301813.681260
1753301813.698113
1753301813.714771
1753301813.731429
1753301813.750454
1753301813.769479
1753301813.784462
1753301813.799446
1753301813.815482
1753301813.831517
1753301813.848074
1753301813.864632
1753301813.883562
1753301813.902491
1753301813.918060
1753301813.933629
1753301813.949080
1753301813.964531
1753301813.981230
1753301813.997929
1753301814.016437
1753301814.034944
1753301814.050788
1753301814.066633
1753301814.082425
1753301814.098216
1753301814.114851
1753301814.131487
1753301814.149977
1753301814.168467
1753301814.184417
1753301814.200368
1753301814.216000
1753301814.231631
1753301814.248960
1753301814.266290
1753301814.284873
1753301814.303455
1753301814.319108
1753301814.334761
1753301814.349835
1753301814.364909
1753301814.383317
1753301814.401726
1753301814.419269
1753301814.436812
1753301814.452475
1753301814.468138
1753301814.483220
1753301814.498302
1753301814.516302
1753301814.534302
1753301814.551538
1753301814.568774
1753301814.586422
1753301814.604071
1753301814.617838
1753301814.631606
1753301814.649670
1753301814.667733
1753301814.685073
1753301814.702414
1753301814.719139
1753301814.735864
1753301814.750010
1753301814.764157
1753301814.782521
1753301814.800884
1753301814.818041
1753301814.835198
1753301814.853000
1753301814.870802
1753301814.884516
1753301814.898231
1753301814.916739
1753301814.935246
1753301814.953308
1753301814.971369
1753301814.986488
1753301815.001607
1753301815.016815
1753301815.032023
1753301815.050548
1753301815.069073
1753301815.085147
1753301815.101221
1753301815.119663
1753301815.138105
1753301815.151606
1753301815.165107
1753301815.183501
1753301815.201896
1753301815.219020
1753301815.236145
1753301815.253209
1753301815.270272
1753301815.284348
1753301815.298424
1753301815.315532
1753301815.332640
1753301815.351448
1753301815.370255
1753301815.385919
1753301815.401582
1753301815.416786
1753301815.431990
1753301815.448957
1753301815.465924
1753301815.484651
1753301815.503378
1753301815.519294
1753301815.535210
1753301815.550258
1753301815.565306
1753301815.583995
1753301815.602684
1753301815.618703
1753301815.634723
1753301815.652030
1753301815.669336
1753301815.683992
1753301815.698649
1753301815.715434
1753301815.732218
1753301815.751027
1753301815.769836
1753301815.787059
1753301815.804283
1753301815.818208
1753301815.832134
1753301815.850771
1753301815.869409
1753301815.886752
1753301815.904094
1753301815.920796
1753301815.937499
1753301815.951533
1753301815.965567
1753301815.984270
1753301816.002972
1753301816.019820
1753301816.036668
1753301816.053375
1753301816.070082
1753301816.084651
1753301816.099221
1753301816.118142
1753301816.137063
1753301816.152998
1753301816.168934
1753301816.187207
1753301816.205480
1753301816.218933
1753301816.232386
1753301816.251275
1753301816.270164
1753301816.286965
1753301816.303766
1753301816.320395
1753301816.337024
1753301816.351483
1753301816.365943
1753301816.384594
1753301816.403246
1753301816.420598
1753301816.437950
1753301816.453861
1753301816.469772
1753301816.484558
1753301816.499343
1753301816.518049
1753301816.536755
1753301816.552890
1753301816.569024
1753301816.586641
1753301816.604257
1753301816.618503
1753301816.632748
1753301816.651655
1753301816.670562
1753301816.687450
1753301816.704338
1753301816.719735
1753301816.735131
1753301816.750667
1753301816.766203
1753301816.784780
1753301816.803356
1753301816.819876
1753301816.836397
1753301816.854303
1753301816.872209
1753301816.885785
1753301816.899361
1753301816.917242
1753301816.935122
1753301816.953589
1753301816.972057
1753301816.986899
1753301817.001741
1753301817.017226
1753301817.032710
1753301817.049529
1753301817.066347
1753301817.085082
1753301817.103816
1753301817.120121
1753301817.136427
1753301817.151248
1753301817.166069
1753301817.183542
1753301817.201016
1753301817.217782
1753301817.234547
1753301817.252582
1753301817.270616
1753301817.285133
1753301817.299651
1753301817.317907
1753301817.336164
1753301817.354247
1753301817.372330
1753301817.387327
1753301817.402324
1753301817.417632
1753301817.432940
1753301817.451214
1753301817.469488
1753301817.487731
1753301817.505974
1753301817.519497
1753301817.533020
1753301817.549736
1753301817.566452
1753301817.584962
1753301817.603473
1753301817.619975
1753301817.636476
1753301817.654793
1753301817.673110
1753301817.686481
1753301817.699851
1753301817.718366
1753301817.736880
1753301817.753680
1753301817.770480
1753301817.786437
1753301817.802393
1753301817.817886
1753301817.833379
1753301817.852057
1753301817.870736
1753301817.886977
1753301817.903219
1753301817.921453
1753301817.939687
1753301817.953104
1753301817.966521
1753301817.985115
1753301818.003709
1753301818.019606
1753301818.035502
1753301818.053944
1753301818.072385
1753301818.086255
1753301818.100125
1753301818.119018
1753301818.137911
1753301818.153878
1753301818.169845
1753301818.188238
1753301818.206631
1753301818.219953
1753301818.233275
1753301818.252092
1753301818.270910
1753301818.287139
1753301818.303369
1753301818.320971
1753301818.338573
1753301818.352715
1753301818.366858
1753301818.386029
1753301818.405199
1753301818.421009
1753301818.436819
1753301818.454539
1753301818.472258
1753301818.486234
1753301818.500209
1753301818.518862
1753301818.537514
1753301818.553849
1753301818.570184
1753301818.587715
1753301818.605246
1753301818.619476
1753301818.633706
1753301818.651525
1753301818.669343
1753301818.687636
1753301818.705929
1753301818.721011
1753301818.736093
1753301818.752373
1753301818.768652
1753301818.787337
1753301818.806023
1753301818.821999
1753301818.837974
1753301818.854303
1753301818.870633
1753301818.885209
1753301818.899784
1753301818.918860
1753301818.937937
1753301818.953692
1753301818.969448
1753301818.988003
1753301819.006559
1753301819.020319
1753301819.034079
1753301819.052534
1753301819.070988
1753301819.088327
1753301819.105667
1753301819.121647
1753301819.137627
1753301819.152474
1753301819.167321
