1753301326.270782
1753301326.320421
1753301326.370061
1753301326.386714
1753301326.403367
1753301326.420336
1753301326.437305
1753301326.453756
1753301326.470208
1753301326.486620
1753301326.503033
1753301326.520155
1753301326.537277
1753301326.553417
1753301326.569558
1753301326.586672
1753301326.603786
1753301326.624025
1753301326.644265
1753301326.660281
1753301326.676297
1753301326.693575
1753301326.710854
1753301326.727279
1753301326.743704
1753301326.759687
1753301326.775671
1753301326.792485
1753301326.809298
1753301326.827402
1753301326.845505
1753301326.861212
1753301326.876919
1753301326.893813
1753301326.910706
1753301326.927679
1753301326.944651
1753301326.961946
1753301326.979242
1753301326.995303
1753301327.011363
1753301327.028390
1753301327.045418
1753301327.062454
1753301327.079490
1753301327.097256
1753301327.115023
1753301327.132020
1753301327.149018
1753301327.166423
1753301327.183828
1753301327.199642
1753301327.215455
1753301327.229640
1753301327.243826
1753301327.261034
1753301327.278242
1753301327.294775
1753301327.311308
1753301327.328593
1753301327.345879
1753301327.362837
1753301327.379795
1753301327.397246
1753301327.414698
1753301327.431967
1753301327.449237
1753301327.465508
1753301327.481780
1753301327.497630
1753301327.513479
1753301327.530213
1753301327.546947
1753301327.564436
1753301327.581926
1753301327.596847
1753301327.611768
1753301327.628172
1753301327.644577
1753301327.659800
1753301327.675023
1753301327.693481
1753301327.711940
1753301327.725172
1753301327.738404
1753301327.754607
1753301327.770810
1753301327.790008
1753301327.809206
1753301327.824433
1753301327.839660
1753301327.857235
1753301327.874811
1753301327.889297
1753301327.903782
1753301327.923677
1753301327.943573
1753301327.959172
1753301327.974772
1753301327.992691
1753301328.010610
1753301328.023738
1753301328.036867
1753301328.056935
1753301328.077003
1753301328.091642
1753301328.106282
1753301328.124469
1753301328.142656
1753301328.156471
1753301328.170286
1753301328.190499
1753301328.210712
1753301328.225373
1753301328.240034
1753301328.258260
1753301328.276486
1753301328.290174
1753301328.303861
1753301328.323813
1753301328.343766
1753301328.359371
1753301328.374976
1753301328.392617
1753301328.410259
1753301328.423710
1753301328.437161
1753301328.457189
1753301328.477217
1753301328.493055
1753301328.508893
1753301328.526185
1753301328.543476
1753301328.557049
1753301328.570621
1753301328.590737
1753301328.610854
1753301328.626627
1753301328.642401
1753301328.659157
1753301328.675913
1753301328.690065
1753301328.704218
1753301328.723410
1753301328.742602
1753301328.759479
1753301328.776355
1753301328.790178
1753301328.804001
1753301328.823597
1753301328.843193
1753301328.859825
1753301328.876456
1753301328.893446
1753301328.910436
1753301328.924080
1753301328.937724
1753301328.957505
1753301328.977285
1753301328.992813
1753301329.008341
1753301329.025789
1753301329.043237
1753301329.057296
1753301329.071355
1753301329.091038
1753301329.110721
1753301329.127188
1753301329.143655
1753301329.160173
1753301329.176692
1753301329.191089
1753301329.205485
1753301329.224850
1753301329.244214
1753301329.260374
1753301329.276534
1753301329.292876
1753301329.309217
1753301329.324888
1753301329.340558
1753301329.358313
1753301329.376068
1753301329.393120
1753301329.410171
1753301329.427047
1753301329.443922
1753301329.458991
1753301329.474060
1753301329.492123
1753301329.510185
1753301329.527050
1753301329.543914
1753301329.560549
1753301329.577183
1753301329.592793
1753301329.608403
1753301329.625626
1753301329.642848
1753301329.659907
1753301329.676967
1753301329.693854
1753301329.710742
1753301329.724697
1753301329.738652
1753301329.758043
1753301329.777434
1753301329.794280
1753301329.811125
1753301329.827500
1753301329.843876
1753301329.858660
1753301329.873445
1753301329.891685
1753301329.909924
1753301329.927490
1753301329.945055
1753301329.960615
1753301329.976174
1753301329.992785
1753301330.009397
1753301330.025758
1753301330.042118
1753301330.059510
1753301330.076902
1753301330.094232
1753301330.111561
1753301330.126076
1753301330.140591
1753301330.158918
1753301330.177245
1753301330.193884
1753301330.210523
1753301330.227387
1753301330.244251
1753301330.258357
1753301330.272463
1753301330.292837
1753301330.313210
1753301330.327784
1753301330.342357
1753301330.359803
1753301330.377249
1753301330.392940
1753301330.408630
1753301330.426268
1753301330.443906
1753301330.461294
1753301330.478682
1753301330.494183
1753301330.509683
1753301330.525901
1753301330.542119
1753301330.559319
1753301330.576519
1753301330.594301
1753301330.612084
1753301330.629313
1753301330.646542
1753301330.659454
1753301330.672366
1753301330.692446
1753301330.712527
1753301330.727343
1753301330.742158
1753301330.760203
1753301330.778249
1753301330.792675
1753301330.807100
1753301330.825668
1753301330.844236
1753301330.859423
1753301330.874611
1753301330.891379
1753301330.908148
1753301330.923550
1753301330.938952
1753301330.959733
1753301330.980515
1753301330.994610
1753301331.008705
1753301331.026051
1753301331.043396
1753301331.059165
1753301331.074935
1753301331.093040
1753301331.111145
1753301331.128385
1753301331.145624
1753301331.160870
1753301331.176115
1753301331.193608
1753301331.211100
1753301331.226569
1753301331.242038
1753301331.260005
1753301331.277972
1753301331.293708
1753301331.309444
1753301331.326372
1753301331.343300
1753301331.360722
1753301331.378144
1753301331.394655
1753301331.411166
1753301331.427196
1753301331.443225
1753301331.459406
1753301331.475587
1753301331.493326
1753301331.511065
1753301331.528557
1753301331.546049
1753301331.562168
1753301331.578287
1753301331.592998
1753301331.607709
1753301331.625895
1753301331.644081
1753301331.661411
1753301331.678740
1753301331.694315
1753301331.709890
1753301331.725984
1753301331.742078
1753301331.759614
1753301331.777151
1753301331.794865
1753301331.812579
1753301331.829895
1753301331.847211
1753301331.860450
1753301331.873689
1753301331.892477
1753301331.911265
1753301331.928890
1753301331.946516
1753301331.962901
1753301331.979286
1753301331.994044
1753301332.008802
1753301332.026397
1753301332.043992
1753301332.061700
1753301332.079408
1753301332.096625
1753301332.113843
1753301332.128592
1753301332.143342
1753301332.160204
1753301332.177066
1753301332.194836
1753301332.212605
1753301332.229198
1753301332.245790
1753301332.259274
1753301332.272759
1753301332.291301
1753301332.309842
1753301332.328165
1753301332.346488
1753301332.361238
1753301332.375987
1753301332.391005
1753301332.406022
1753301332.426197
1753301332.446371
1753301332.461346
1753301332.476320
1753301332.494615
1753301332.512910
1753301332.526172
1753301332.539435
1753301332.559808
1753301332.580181
1753301332.595042
1753301332.609904
1753301332.627897
1753301332.645889
1753301332.659509
1753301332.673129
1753301332.692259
1753301332.711388
1753301332.728490
1753301332.745592
1753301332.761579
1753301332.777566
1753301332.792006
1753301332.806446
1753301332.826216
1753301332.845986
1753301332.862475
1753301332.878965
1753301332.894565
1753301332.910164
1753301332.926045
1753301332.941927
1753301332.959724
1753301332.977522
1753301332.995538
1753301333.013555
1753301333.028389
1753301333.043223
1753301333.059333
1753301333.075443
1753301333.095253
1753301333.115063
1753301333.129137
1753301333.143210
1753301333.161132
1753301333.179054
1753301333.192877
1753301333.206700
1753301333.225415
1753301333.244130
1753301333.262241
1753301333.280352
1753301333.295623
1753301333.310893
1753301333.326635
1753301333.342378
1753301333.360378
1753301333.378378
1753301333.394822
1753301333.411266
1753301333.431328
1753301333.451389
1753301333.462219
1753301333.473049
1753301333.493452
1753301333.513854
1753301333.528514
1753301333.543175
1753301333.563478
1753301333.583782
1753301333.594990
1753301333.606197
1753301333.626644
1753301333.647090
1753301333.661819
1753301333.676548
1753301333.694628
1753301333.712707
1753301333.726294
1753301333.739880
1753301333.759521
1753301333.779161
1753301333.794798
1753301333.810435
1753301333.830230
1753301333.850024
1753301333.861529
1753301333.873035
1753301333.892231
1753301333.911427
1753301333.929029
1753301333.946630
1753301333.962759
1753301333.978887
1753301333.992704
1753301334.006521
1753301334.026866
1753301334.047211
1753301334.061450
1753301334.075690
1753301334.096164
1753301334.116639
1753301334.128205
1753301334.139772
1753301334.158071
1753301334.176370
1753301334.194450
1753301334.212530
1753301334.229682
1753301334.246835
1753301334.260350
1753301334.273865
1753301334.292044
1753301334.310223
1753301334.328431
1753301334.346639
1753301334.362977
1753301334.379314
1753301334.393219
1753301334.407124
1753301334.428503
1753301334.449882
1753301334.462774
1753301334.475665
1753301334.493906
1753301334.512147
1753301334.526348
1753301334.540549
1753301334.559268
1753301334.577987
1753301334.596309
1753301334.614632
1753301334.629023
1753301334.643413
1753301334.659283
1753301334.675152
1753301334.695652
1753301334.716152
1753301334.729461
1753301334.742770
1753301334.762141
1753301334.781511
1753301334.794214
1753301334.806918
1753301334.825618
1753301334.844318
1753301334.861886
1753301334.879453
1753301334.895750
1753301334.912046
1753301334.926650
1753301334.941253
1753301334.960639
1753301334.980024
1753301334.995800
1753301335.011577
1753301335.029311
1753301335.047045
1753301335.060607
1753301335.074170
1753301335.094524
1753301335.114879
1753301335.129090
1753301335.143301
1753301335.161098
1753301335.178894
1753301335.193619
1753301335.208345
1753301335.229382
1753301335.250419
1753301335.263547
1753301335.276675
1753301335.294993
1753301335.313312
1753301335.327418
1753301335.341524
1753301335.360174
1753301335.378824
1753301335.395874
1753301335.412924
1753301335.430704
1753301335.448484
1753301335.461698
1753301335.474912
1753301335.496234
1753301335.517556
1753301335.530616
1753301335.543676
1753301335.562371
1753301335.581066
1753301335.594402
1753301335.607739
1753301335.626832
1753301335.645925
1753301335.663005
1753301335.680085
1753301335.698159
1753301335.716234
1753301335.728723
1753301335.741211
1753301335.761027
1753301335.780844
1753301335.798496
1753301335.816147
1753301335.830730
1753301335.845313
1753301335.860955
1753301335.876597
1753301335.895425
1753301335.914253
1753301335.932073
1753301335.949893
1753301335.963907
1753301335.977921
1753301335.992841
1753301336.007762
1753301336.025116
1753301336.042470
1753301336.060813
1753301336.079156
1753301336.100249
1753301336.121342
1753301336.132697
1753301336.144052
1753301336.163719
1753301336.183386
1753301336.195695
1753301336.208004
1753301336.229354
1753301336.250705
1753301336.264025
1753301336.277345
1753301336.294600
1753301336.311856
1753301336.328577
1753301336.345297
1753301336.361284
1753301336.377271
1753301336.394467
1753301336.411664
1753301336.430123
1753301336.448583
1753301336.466504
1753301336.484424
1753301336.496368
1753301336.508313
1753301336.527502
1753301336.546691
1753301336.563816
1753301336.580940
1753301336.600064
1753301336.619188
1753301336.630708
1753301336.642227
1753301336.661569
1753301336.680910
1753301336.696715
1753301336.712520
1753301336.730737
1753301336.748955
1753301336.762155
1753301336.775354
1753301336.794106
1753301336.812858
1753301336.833701
1753301336.854544
1753301336.865619
1753301336.876695
1753301336.895442
1753301336.914189
1753301336.930373
1753301336.946556
1753301336.966078
1753301336.985599
1753301336.998407
1753301337.011215
1753301337.027832
1753301337.044448
1753301337.062174
1753301337.079900
1753301337.098275
1753301337.116650
1753301337.130624
1753301337.144597
1753301337.160335
1753301337.176073
1753301337.194830
1753301337.213588
1753301337.231920
1753301337.250251
1753301337.263985
1753301337.277718
1753301337.297511
1753301337.317303
1753301337.330473
1753301337.343643
1753301337.362780
1753301337.381917
1753301337.397035
1753301337.412153
1753301337.428787
1753301337.445420
1753301337.462758
1753301337.480095
1753301337.500017
1753301337.519939
1753301337.531950
1753301337.543961
1753301337.561370
1753301337.578780
1753301337.596195
1753301337.613609
1753301337.632018
1753301337.650427
1753301337.664619
1753301337.678812
1753301337.696254
1753301337.713696
1753301337.729155
1753301337.744614
1753301337.763893
1753301337.783172
1753301337.797578
1753301337.811985
1753301337.831669
1753301337.851354
1753301337.864018
1753301337.876682
1753301337.897064
1753301337.917446
1753301337.932992
1753301337.948538
1753301337.963182
1753301337.977826
1753301337.996416
1753301338.015006
1753301338.032298
1753301338.049590
1753301338.065563
1753301338.081536
1753301338.096063
1753301338.110590
1753301338.129349
1753301338.148107
1753301338.163752
1753301338.179397
1753301338.199425
1753301338.219453
1753301338.231148
1753301338.242842
1753301338.261936
1753301338.281031
1753301338.300836
1753301338.320641
1753301338.332417
1753301338.344193
1753301338.361778
1753301338.379362
1753301338.396898
1753301338.414433
1753301338.434738
1753301338.455043
1753301338.466124
1753301338.477205
1753301338.494461
1753301338.511717
1753301338.529124
1753301338.546532
1753301338.566726
1753301338.586920
1753301338.598751
1753301338.610582
1753301338.628374
1753301338.646166
1753301338.663089
1753301338.680012
1753301338.699538
1753301338.719064
1753301338.731560
1753301338.744056
1753301338.760910
1753301338.777763
1753301338.795751
1753301338.813738
1753301338.833745
1753301338.853753
1753301338.865519
1753301338.877285
1753301338.895708
1753301338.914130
1753301338.930490
1753301338.946851
1753301338.966767
1753301338.986683
1753301338.998851
1753301339.011019
1753301339.028094
1753301339.045169
1753301339.063326
1753301339.081483
1753301339.101043
1753301339.120603
1753301339.132376
1753301339.144149
1753301339.162493
1753301339.180836
1753301339.197634
1753301339.214433
1753301339.234925
1753301339.255417
1753301339.266522
1753301339.277627
1753301339.296925
1753301339.316222
1753301339.330419
1753301339.344615
1753301339.365937
1753301339.387258
1753301339.399080
1753301339.410901
1753301339.429532
1753301339.448163
1753301339.465504
1753301339.482845
1753301339.497467
1753301339.512089
1753301339.533586
1753301339.555082
1753301339.565842
1753301339.576601
1753301339.599721
1753301339.622841
1753301339.633431
1753301339.644022
1753301339.664689
1753301339.685355
1753301339.697790
1753301339.710225
1753301339.730300
1753301339.750375
1753301339.764667
1753301339.778958
1753301339.800310
1753301339.821662
1753301339.832532
1753301339.843403
1753301339.861953
1753301339.880504
1753301339.897800
1753301339.915096
1753301339.931520
1753301339.947944
1753301339.964164
1753301339.980385
1753301339.996970
1753301340.013554
1753301340.034386
1753301340.055218
1753301340.066417
1753301340.077617
1753301340.096605
1753301340.115593
1753301340.131241
1753301340.146890
1753301340.167077
1753301340.187264
1753301340.199233
1753301340.211202
1753301340.229705
1753301340.248208
1753301340.263731
1753301340.279253
1753301340.299504
1753301340.319755
1753301340.332231
1753301340.344706
1753301340.362136
1753301340.379567
1753301340.395566
1753301340.411565
1753301340.431511
1753301340.451458
1753301340.464975
1753301340.478493
1753301340.495910
1753301340.513327
1753301340.531446
1753301340.549564
1753301340.564136
1753301340.578707
1753301340.597120
1753301340.615533
1753301340.629441
1753301340.643349
1753301340.660026
1753301340.676703
1753301340.693284
1753301340.709864
1753301340.726616
1753301340.743369
1753301340.762339
1753301340.781308
1753301340.798676
1753301340.816045
1753301340.835223
1753301340.854401
1753301340.865503
1753301340.876604
1753301340.894562
1753301340.912519
1753301340.929254
1753301340.945988
1753301340.963165
1753301340.980342
1753301341.001218
1753301341.022095
1753301341.032937
1753301341.043778
1753301341.066723
1753301341.089669
1753301341.100357
1753301341.111045
1753301341.131903
1753301341.152761
1753301341.164856
1753301341.176952
1753301341.193930
1753301341.210909
1753301341.229472
1753301341.248035
1753301341.263473
1753301341.278910
1753301341.296289
1753301341.313669
1753301341.333879
1753301341.354090
1753301341.365939
1753301341.377787
1753301341.397985
1753301341.418184
1753301341.431243
1753301341.444302
1753301341.465935
1753301341.487567
1753301341.499427
1753301341.511288
1753301341.532121
1753301341.552954
1753301341.565250
1753301341.577547
1753301341.598935
1753301341.620322
1753301341.633672
1753301341.647021
1753301341.668074
1753301341.689126
1753301341.700109
1753301341.711091
1753301341.729740
1753301341.748388
1753301341.766181
1753301341.783973
1753301341.799804
1753301341.815635
1753301341.830342
1753301341.845049
1753301341.863504
1753301341.881959
1753301341.897022
1753301341.912085
1753301341.928123
1753301341.944161
1753301341.960701
1753301341.977240
1753301341.993919
1753301342.010599
1753301342.027189
1753301342.043780
1753301342.065627
1753301342.087473
1753301342.099448
1753301342.111424
1753301342.130210
1753301342.148996
1753301342.168225
1753301342.187454
1753301342.199615
1753301342.211776
1753301342.232531
1753301342.253285
1753301342.265575
1753301342.277866
1753301342.300346
1753301342.322827
1753301342.333834
1753301342.344841
1753301342.365788
1753301342.386734
1753301342.399421
1753301342.412108
1753301342.432408
1753301342.452708
1753301342.468310
1753301342.483913
1753301342.497710
1753301342.511507
1753301342.534342
1753301342.557177
1753301342.567484
1753301342.577792
1753301342.600206
1753301342.622621
1753301342.633672
1753301342.644722
1753301342.666113
1753301342.687504
1753301342.700478
1753301342.713452
1753301342.732244
1753301342.751035
1753301342.764676
1753301342.778316
1753301342.798763
1753301342.819210
1753301342.833184
1753301342.847157
1753301342.867975
1753301342.888793
1753301342.900155
1753301342.911516
1753301342.934634
1753301342.957752
1753301342.967947
1753301342.978143
1753301342.999901
1753301343.021659
1753301343.033228
1753301343.044797
1753301343.066000
1753301343.087204
1753301343.100493
1753301343.113783
1753301343.134825
1753301343.155868
1753301343.166707
1753301343.177546
1753301343.200150
1753301343.222755
1753301343.233932
1753301343.245110
1753301343.267081
1753301343.289052
1753301343.300380
1753301343.311707
1753301343.333009
1753301343.354312
1753301343.366827
1753301343.379343
1753301343.400384
1753301343.421425
1753301343.433276
1753301343.445126
1753301343.466844
1753301343.488562
1753301343.500300
1753301343.512039
1753301343.533621
1753301343.555203
1753301343.567003
1753301343.578802
1753301343.599895
1753301343.620987
1753301343.633574
1753301343.646161
1753301343.667797
1753301343.689432
1753301343.700765
1753301343.712098
1753301343.731423
1753301343.750748
1753301343.766717
1753301343.782687
1753301343.803459
1753301343.824231
1753301343.834695
1753301343.845160
1753301343.866105
1753301343.887050
1753301343.900485
1753301343.913920
1753301343.935846
1753301343.957773
1753301343.968292
1753301343.978811
1753301343.998389
1753301344.017967
1753301344.035422
1753301344.052877
1753301344.068070
1753301344.083263
1753301344.100031
1753301344.116800
1753301344.133651
1753301344.150503
1753301344.169501
1753301344.188500
1753301344.200503
1753301344.212506
1753301344.233668
1753301344.254830
1753301344.267063
1753301344.279296
1753301344.299752
1753301344.320209
1753301344.336446
1753301344.352682
1753301344.365931
1753301344.379180
1753301344.399345
1753301344.419510
1753301344.436627
1753301344.453745
1753301344.467587
1753301344.481430
1753301344.502503
1753301344.523577
1753301344.534506
1753301344.545435
1753301344.567241
1753301344.589047
1753301344.600908
1753301344.612769
1753301344.633938
1753301344.655108
1753301344.669022
1753301344.682936
1753301344.700269
1753301344.717601
1753301344.731776
1753301344.745951
1753301344.765912
1753301344.785872
1753301344.804038
1753301344.822204
1753301344.834167
1753301344.846130
1753301344.868277
1753301344.890423
1753301344.901468
1753301344.912513
1753301344.932484
1753301344.952455
1753301344.965993
1753301344.979532
1753301345.001174
1753301345.022817
1753301345.034545
1753301345.046273
1753301345.068670
1753301345.091067
1753301345.101739
1753301345.112411
1753301345.134071
1753301345.155732
1753301345.167555
1753301345.179378
1753301345.200548
1753301345.221718
1753301345.233972
1753301345.246226
1753301345.268476
1753301345.290725
1753301345.301749
1753301345.312773
1753301345.334417
1753301345.356061
1753301345.367968
1753301345.379874
1753301345.401014
1753301345.422155
1753301345.435481
1753301345.448807
1753301345.469923
1753301345.491038
1753301345.502187
1753301345.513335
1753301345.534432
1753301345.555529
1753301345.567833
1753301345.580138
1753301345.601616
1753301345.623095
1753301345.634705
1753301345.646314
1753301345.667787
1753301345.689260
1753301345.702638
1753301345.716016
1753301345.734257
1753301345.752498
1753301345.766232
1753301345.779967
1753301345.801665
1753301345.823363
1753301345.835635
1753301345.847907
1753301345.868559
1753301345.889212
1753301345.901342
1753301345.913472
1753301345.934717
1753301345.955962
1753301345.968440
1753301345.980917
1753301346.001976
1753301346.023035
1753301346.035029
1753301346.047024
1753301346.065379
1753301346.083734
1753301346.099134
1753301346.114535
1753301346.133791
1753301346.153047
1753301346.167557
1753301346.182066
1753301346.202079
1753301346.222092
1753301346.236444
1753301346.250797
1753301346.271437
1753301346.292077
1753301346.302682
1753301346.313287
1753301346.334723
1753301346.356160
1753301346.369497
1753301346.382834
1753301346.403913
1753301346.424991
1753301346.435708
1753301346.446424
1753301346.466841
1753301346.487257
1753301346.503653
1753301346.520049
1753301346.537834
1753301346.555618
1753301346.568196
1753301346.580774
1753301346.602040
1753301346.623306
1753301346.635635
1753301346.647964
1753301346.669933
1753301346.691902
1753301346.702590
1753301346.713278
1753301346.733733
1753301346.754187
1753301346.768299
1753301346.782411
1753301346.803637
1753301346.824862
1753301346.835726
1753301346.846590
1753301346.868003
1753301346.889416
1753301346.902907
1753301346.916399
1753301346.937228
1753301346.958057
1753301346.969111
1753301346.980165
1753301347.000990
1753301347.021815
1753301347.035704
1753301347.049592
1753301347.070181
1753301347.090770
1753301347.102112
1753301347.113454
1753301347.135135
1753301347.156815
1753301347.170161
1753301347.183506
1753301347.203335
1753301347.223164
1753301347.235310
1753301347.247455
1753301347.268996
1753301347.290538
1753301347.302752
1753301347.314965
1753301347.336212
1753301347.357459
1753301347.368935
1753301347.380411
1753301347.403156
1753301347.425901
1753301347.437046
1753301347.448190
1753301347.469941
1753301347.491691
1753301347.502738
1753301347.513785
1753301347.535602
1753301347.557419
1753301347.570982
1753301347.584545
1753301347.605014
1753301347.625483
1753301347.636332
1753301347.647180
1753301347.668848
1753301347.690516
1753301347.705076
1753301347.719637
1753301347.736407
1753301347.753178
1753301347.767382
1753301347.781587
1753301347.800312
1753301347.819037
1753301347.837680
1753301347.856323
1753301347.870666
1753301347.885008
1753301347.900814
1753301347.916620
1753301347.936496
1753301347.956372
1753301347.971106
1753301347.985840
1753301348.003972
1753301348.022103
1753301348.034677
1753301348.047250
1753301348.069333
1753301348.091416
1753301348.103577
1753301348.115738
1753301348.136686
1753301348.157635
1753301348.169887
1753301348.182139
1753301348.202149
1753301348.222159
1753301348.237284
1753301348.252409
1753301348.271215
1753301348.290021
1753301348.302913
1753301348.315805
1753301348.337013
1753301348.358221
1753301348.371199
1753301348.384177
1753301348.404399
1753301348.424621
1753301348.437099
1753301348.449578
1753301348.470366
1753301348.491154
1753301348.505183
1753301348.519211
1753301348.538109
1753301348.557007
1753301348.570086
1753301348.583166
1753301348.604026
1753301348.624886
1753301348.638319
1753301348.651753
1753301348.672107
1753301348.692461
1753301348.703771
1753301348.715081
1753301348.733938
1753301348.752794
1753301348.772379
1753301348.791964
1753301348.804110
1753301348.816255
1753301348.836806
1753301348.857357
1753301348.869686
1753301348.882014
1753301348.903181
1753301348.924347
1753301348.938009
1753301348.951671
1753301348.967826
1753301348.983981
1753301349.004522
1753301349.025063
1753301349.038528
1753301349.051994
1753301349.072171
1753301349.092348
1753301349.103535
1753301349.114721
1753301349.135815
1753301349.156908
1753301349.171703
1753301349.186498
1753301349.204718
1753301349.222938
1753301349.236345
1753301349.249751
1753301349.270522
1753301349.291293
1753301349.305421
1753301349.319550
1753301349.337859
1753301349.356167
1753301349.369035
1753301349.381904
1753301349.402382
1753301349.422860
1753301349.438854
1753301349.454847
1753301349.472688
1753301349.490529
1753301349.502586
1753301349.514643
1753301349.536260
1753301349.557877
1753301349.570502
1753301349.583127
1753301349.603892
1753301349.624657
1753301349.636266
1753301349.647875
1753301349.669580
1753301349.691286
1753301349.704194
1753301349.717102
1753301349.735372
1753301349.753642
1753301349.768052
1753301349.782461
1753301349.802929
1753301349.823397
1753301349.838911
1753301349.854425
1753301349.872204
1753301349.889983
1753301349.902479
1753301349.914976
1753301349.935992
1753301349.957009
1753301349.971212
1753301349.985416
1753301350.004722
1753301350.024027
1753301350.036485
1753301350.048942
1753301350.069752
1753301350.090561
1753301350.105270
1753301350.119980
1753301350.138720
1753301350.157460
1753301350.170186
1753301350.182911
1753301350.203624
1753301350.224338
1753301350.239275
1753301350.254213
1753301350.272608
1753301350.291002
1753301350.302957
1753301350.314912
1753301350.336360
1753301350.357808
1753301350.372649
1753301350.387490
1753301350.405669
1753301350.423848
1753301350.436226
1753301350.448604
1753301350.469691
1753301350.490777
1753301350.505812
1753301350.520847
1753301350.539173
1753301350.557498
1753301350.569667
1753301350.581836
1753301350.603683
1753301350.625531
1753301350.638499
1753301350.651468
1753301350.671831
1753301350.692194
1753301350.703573
1753301350.714952
1753301350.733831
1753301350.752711
1753301350.771214
1753301350.789717
1753301350.804586
1753301350.819456
1753301350.834966
1753301350.850475
1753301350.869141
1753301350.887807
1753301350.902703
1753301350.917599
1753301350.934613
1753301350.951628
1753301350.966799
1753301350.981970
1753301351.003370
1753301351.024769
1753301351.038103
1753301351.051436
1753301351.071811
1753301351.092186
1753301351.103657
1753301351.115127
1753301351.136360
1753301351.157592
1753301351.171807
1753301351.186022
1753301351.204136
1753301351.222250
1753301351.235450
1753301351.248650
1753301351.270264
1753301351.291877
1753301351.305082
1753301351.318287
1753301351.338706
1753301351.359124
1753301351.370710
1753301351.382296
1753301351.403877
1753301351.425459
1753301351.439305
1753301351.453151
1753301351.473056
1753301351.492962
1753301351.504353
1753301351.515743
1753301351.537350
1753301351.558957
1753301351.571616
1753301351.584275
1753301351.602654
1753301351.621033
1753301351.635068
1753301351.649104
1753301351.667974
1753301351.686843
1753301351.702948
1753301351.719053
1753301351.736506
1753301351.753960
1753301351.769045
1753301351.784131
1753301351.804851
1753301351.825571
1753301351.838140
1753301351.850710
1753301351.870924
1753301351.891137
1753301351.903438
1753301351.915739
1753301351.937354
1753301351.958969
1753301351.972288
1753301351.985606
1753301352.005632
1753301352.025658
1753301352.037841
1753301352.050025
1753301352.071075
1753301352.092125
1753301352.106964
1753301352.121802
1753301352.139621
1753301352.157440
1753301352.171988
1753301352.186536
1753301352.203325
1753301352.220114
1753301352.239532
1753301352.258949
1753301352.274591
1753301352.290233
1753301352.304745
1753301352.319257
1753301352.337720
1753301352.356184
1753301352.373739
1753301352.391293
1753301352.406080
1753301352.420868
1753301352.436738
1753301352.452607
1753301352.472014
1753301352.491422
1753301352.506865
1753301352.522308
1753301352.540315
1753301352.558321
1753301352.570407
1753301352.582494
1753301352.602129
1753301352.621764
1753301352.639224
1753301352.656684
1753301352.673002
1753301352.689320
1753301352.703705
1753301352.718090
1753301352.736220
1753301352.754350
1753301352.772437
1753301352.790523
1753301352.807435
1753301352.824346
1753301352.841364
1753301352.858383
1753301352.870564
1753301352.882744
1753301352.904673
1753301352.926601
1753301352.941234
1753301352.955866
1753301352.973847
1753301352.991829
1753301353.007571
1753301353.023312
1753301353.037262
1753301353.051212
1753301353.071497
1753301353.091783
1753301353.107027
1753301353.122271
1753301353.140131
1753301353.157991
1753301353.171366
1753301353.184742
1753301353.204270
1753301353.223799
1753301353.240464
1753301353.257129
1753301353.274830
1753301353.292531
1753301353.305329
1753301353.318127
1753301353.338654
1753301353.359181
1753301353.372485
1753301353.385789
1753301353.405545
1753301353.425301
1753301353.438185
1753301353.451069
1753301353.472010
1753301353.492950
1753301353.508050
1753301353.523150
1753301353.541124
1753301353.559098
1753301353.571319
1753301353.583540
1753301353.604893
1753301353.626246
1753301353.640847
1753301353.655448
1753301353.673610
1753301353.691773
1753301353.704978
1753301353.718182
1753301353.736682
1753301353.755183
1753301353.773511
1753301353.791840
1753301353.807739
1753301353.823638
1753301353.839092
1753301353.854546
1753301353.872840
1753301353.891135
1753301353.904835
1753301353.918535
1753301353.939202
1753301353.959869
1753301353.973403
1753301353.986938
1753301354.005497
1753301354.024056
1753301354.041090
1753301354.058123
1753301354.074420
1753301354.090717
1753301354.105842
1753301354.120966
1753301354.137566
1753301354.154166
1753301354.170132
1753301354.186098
1753301354.204225
1753301354.222352
1753301354.236320
1753301354.250287
1753301354.268916
1753301354.287545
1753301354.304350
1753301354.321155
1753301354.340198
1753301354.359241
1753301354.371739
1753301354.384237
1753301354.405187
1753301354.426137
1753301354.440746
1753301354.455356
1753301354.473667
1753301354.491979
1753301354.504784
1753301354.517589
1753301354.538664
1753301354.559739
1753301354.574932
1753301354.590124
1753301354.607993
1753301354.625862
1753301354.638754
1753301354.651646
1753301354.671716
1753301354.691786
1753301354.705935
1753301354.720083
1753301354.738133
1753301354.756183
1753301354.771837
1753301354.787492
1753301354.805359
1753301354.823227
1753301354.840990
1753301354.858753
1753301354.873717
1753301354.888682
1753301354.904791
1753301354.920900
1753301354.939106
1753301354.957311
1753301354.974897
1753301354.992484
1753301355.007927
1753301355.023371
1753301355.038203
1753301355.053036
1753301355.071867
1753301355.090699
1753301355.107952
1753301355.125205
1753301355.140717
1753301355.156229
1753301355.170190
1753301355.184151
1753301355.204883
1753301355.225614
1753301355.240909
1753301355.256203
1753301355.274076
1753301355.291948
1753301355.304597
1753301355.317247
1753301355.338132
1753301355.359018
1753301355.374084
1753301355.389149
1753301355.407543
1753301355.425937
1753301355.438345
1753301355.450754
1753301355.471597
1753301355.492440
1753301355.508136
1753301355.523832
1753301355.541528
1753301355.559224
1753301355.572656
1753301355.586089
1753301355.605447
1753301355.624805
1753301355.641819
1753301355.658833
1753301355.674790
1753301355.690748
1753301355.705212
1753301355.719675
1753301355.737551
1753301355.755427
1753301355.774031
1753301355.792635
1753301355.808659
1753301355.824682
1753301355.839140
1753301355.853599
1753301355.871766
1753301355.889932
1753301355.908081
1753301355.926230
1753301355.941477
1753301355.956724
1753301355.972368
1753301355.988013
1753301356.005970
1753301356.023928
1753301356.041530
1753301356.059132
1753301356.075490
1753301356.091849
1753301356.106396
1753301356.120943
1753301356.136803
1753301356.152663
1753301356.169441
1753301356.186219
1753301356.203165
1753301356.220110
1753301356.239154
1753301356.258199
1753301356.273110
1753301356.288022
1753301356.306436
1753301356.324850
1753301356.341240
1753301356.357630
1753301356.372158
1753301356.386686
1753301356.403828
1753301356.420970
1753301356.440442
1753301356.459913
1753301356.473035
1753301356.486158
1753301356.504715
1753301356.523272
1753301356.539616
1753301356.555959
1753301356.575104
1753301356.594248
1753301356.609396
1753301356.624545
1753301356.640217
1753301356.655889
1753301356.673100
1753301356.690310
1753301356.707377
1753301356.724444
1753301356.740021
1753301356.755597
1753301356.771931
1753301356.788265
1753301356.806370
1753301356.824476
1753301356.841970
1753301356.859465
1753301356.874699
1753301356.889933
1753301356.905487
1753301356.921041
1753301356.939574
1753301356.958108
1753301356.974934
1753301356.991760
1753301357.009015
1753301357.026270
1753301357.040182
1753301357.054094
1753301357.072338
1753301357.090582
1753301357.107394
1753301357.124206
1753301357.141182
1753301357.158159
1753301357.173123
1753301357.188088
1753301357.207606
1753301357.227125
1753301357.242373
1753301357.257621
1753301357.274740
1753301357.291858
1753301357.306889
1753301357.321920
1753301357.340519
1753301357.359119
1753301357.375104
1753301357.391089
1753301357.408551
1753301357.426012
1753301357.441366
1753301357.456720
1753301357.474222
1753301357.491724
1753301357.508208
1753301357.524691
1753301357.540497
1753301357.556303
1753301357.572222
1753301357.588140
1753301357.607625
1753301357.627110
1753301357.642713
1753301357.658316
1753301357.673589
1753301357.688863
1753301357.705495
1753301357.722128
1753301357.739152
1753301357.756176
1753301357.774492
1753301357.792807
1753301357.808847
1753301357.824888
1753301357.841637
1753301357.858386
1753301357.873582
1753301357.888779
1753301357.908006
1753301357.927233
1753301357.943110
1753301357.958987
1753301357.974509
1753301357.990031
1753301358.007765
1753301358.025499
1753301358.041908
1753301358.058317
1753301358.075777
1753301358.093237
1753301358.108222
1753301358.123207
1753301358.139606
1753301358.156005
1753301358.173611
1753301358.191217
1753301358.207758
1753301358.224300
1753301358.240611
1753301358.256922
1753301358.274426
1753301358.291929
1753301358.308704
1753301358.325480
1753301358.342472
1753301358.359464
1753301358.374362
1753301358.389260
1753301358.408256
1753301358.427252
1753301358.443082
1753301358.458912
1753301358.475047
1753301358.491182
1753301358.506079
1753301358.520976
1753301358.539553
1753301358.558130
1753301358.574979
1753301358.591828
1753301358.609287
1753301358.626746
1753301358.639622
1753301358.652498
1753301358.671643
1753301358.690788
1753301358.707420
1753301358.724052
1753301358.739668
1753301358.755285
1753301358.772486
1753301358.789687
1753301358.807332
1753301358.824976
1753301358.842487
1753301358.859999
1753301358.875834
1753301358.891670
1753301358.906713
1753301358.921756
1753301358.940794
1753301358.959832
1753301358.976803
1753301358.993774
1753301359.009177
1753301359.024580
1753301359.039464
1753301359.054349
1753301359.074085
1753301359.093821
1753301359.110415
1753301359.127008
1753301359.142578
1753301359.158147
1753301359.174165
1753301359.190183
1753301359.207001
1753301359.223819
1753301359.241668
1753301359.259516
1753301359.275880
1753301359.292244
1753301359.307778
1753301359.323313
1753301359.340969
1753301359.358624
1753301359.375211
1753301359.391799
1753301359.408223
1753301359.424647
1753301359.441101
1753301359.457555
1753301359.472609
1753301359.487663
1753301359.506445
1753301359.525228
1753301359.541384
1753301359.557539
1753301359.574939
1753301359.592338
1753301359.606252
1753301359.620166
1753301359.639710
1753301359.659254
1753301359.675295
1753301359.691336
1753301359.706729
1753301359.722123
1753301359.739927
1753301359.757731
1753301359.775129
1753301359.792527
1753301359.810054
1753301359.827581
1753301359.841468
1753301359.855355
1753301359.874732
1753301359.894110
1753301359.908818
1753301359.923525
1753301359.941714
1753301359.959903
1753301359.975099
1753301359.990295
1753301360.008085
1753301360.025876
1753301360.042334
1753301360.058792
1753301360.075203
1753301360.091615
1753301360.108279
1753301360.124942
1753301360.141148
1753301360.157354
1753301360.174841
1753301360.192328
1753301360.208911
1753301360.225494
1753301360.241857
1753301360.258220
1753301360.275563
1753301360.292905
1753301360.308628
1753301360.324350
1753301360.341554
1753301360.358758
1753301360.374944
1753301360.391130
1753301360.408960
1753301360.426790
1753301360.443743
1753301360.460696
1753301360.476762
1753301360.492828
1753301360.508084
1753301360.523341
1753301360.541441
1753301360.559542
1753301360.575963
1753301360.592385
1753301360.609480
1753301360.626575
1753301360.642143
1753301360.657711
1753301360.674312
1753301360.690913
1753301360.707646
1753301360.724380
1753301360.741158
1753301360.757936
1753301360.775115
1753301360.792293
1753301360.808709
1753301360.825124
1753301360.842681
1753301360.860238
1753301360.877039
1753301360.893840
1753301360.908894
1753301360.923948
1753301360.942242
1753301360.960535
1753301360.978006
1753301360.995478
1753301361.010437
1753301361.025396
1753301361.041257
1753301361.057119
1753301361.074603
1753301361.092086
1753301361.109472
1753301361.126858
1753301361.142797
1753301361.158735
1753301361.175780
1753301361.192825
1753301361.206536
1753301361.220246
1753301361.240491
1753301361.260737
1753301361.278007
1753301361.295277
1753301361.310446
1753301361.325614
1753301361.342948
1753301361.360283
1753301361.377268
1753301361.394254
1753301361.409492
1753301361.424730
1753301361.441764
1753301361.458799
1753301361.475781
1753301361.492763
1753301361.508536
1753301361.524309
1753301361.541570
1753301361.558831
1753301361.574449
1753301361.590067
1753301361.608572
1753301361.627078
1753301361.641527
1753301361.655975
1753301361.673639
1753301361.691303
1753301361.707342
1753301361.723380
1753301361.740161
1753301361.756943
1753301361.774031
1753301361.791119
1753301361.808567
1753301361.826014
1753301361.842972
1753301361.859929
1753301361.874908
1753301361.889887
1753301361.905684
1753301361.921481
1753301361.939290
1753301361.957098
1753301361.975261
1753301361.993425
1753301362.010734
1753301362.028042
1753301362.042894
1753301362.057746
1753301362.075224
1753301362.092703
1753301362.110074
1753301362.127444
1753301362.143673
1753301362.159902
1753301362.175410
1753301362.190918
1753301362.208569
1753301362.226219
1753301362.243297
1753301362.260374
1753301362.277838
1753301362.295301
1753301362.309966
1753301362.324631
1753301362.342502
1753301362.360372
1753301362.377065
1753301362.393758
1753301362.410061
1753301362.426365
1753301362.442638
1753301362.458912
1753301362.475918
1753301362.492925
1753301362.509848
1753301362.526771
1753301362.544188
1753301362.561604
1753301362.575778
1753301362.589953
1753301362.608077
1753301362.626201
1753301362.643114
1753301362.660027
1753301362.676220
1753301362.692413
1753301362.707134
1753301362.721854
1753301362.739881
1753301362.757908
1753301362.775460
1753301362.793011
1753301362.809748
1753301362.826485
1753301362.842019
1753301362.857552
1753301362.875643
1753301362.893733
1753301362.910851
1753301362.927969
1753301362.945169
1753301362.962370
1753301362.975153
1753301362.987936
1753301363.007623
1753301363.027310
1753301363.044454
1753301363.061598
1753301363.079010
1753301363.096423
1753301363.108784
1753301363.121145
1753301363.140434
1753301363.159723
1753301363.176991
1753301363.194258
1753301363.211046
1753301363.227835
1753301363.242089
1753301363.256343
1753301363.274720
1753301363.293097
1753301363.309765
1753301363.326434
1753301363.343617
1753301363.360801
1753301363.375753
1753301363.390706
1753301363.408979
1753301363.427252
1753301363.444616
1753301363.461980
1753301363.477271
1753301363.492562
1753301363.508952
1753301363.525342
1753301363.542189
1753301363.559036
1753301363.576041
1753301363.593047
1753301363.610291
1753301363.627534
1753301363.641237
1753301363.654941
1753301363.674198
1753301363.693454
1753301363.709814
1753301363.726173
1753301363.741430
1753301363.756687
1753301363.774873
1753301363.793060
1753301363.809937
1753301363.826814
1753301363.844192
1753301363.861570
1753301363.878431
1753301363.895292
1753301363.909855
1753301363.924419
1753301363.944347
1753301363.964276
1753301363.978409
1753301363.992541
1753301364.008309
1753301364.024077
1753301364.041510
1753301364.058943
1753301364.076257
1753301364.093572
1753301364.110703
1753301364.127835
1753301364.144198
1753301364.160561
1753301364.175105
1753301364.189649
1753301364.207222
1753301364.224794
1753301364.243545
1753301364.262295
1753301364.277606
1753301364.292918
1753301364.309518
1753301364.326118
1753301364.343358
1753301364.360598
1753301364.377470
1753301364.394343
1753301364.411739
1753301364.429135
1753301364.443238
1753301364.457341
1753301364.474721
1753301364.492101
1753301364.509304
1753301364.526506
1753301364.544145
1753301364.561783
1753301364.575954
1753301364.590126
1753301364.608381
1753301364.626635
1753301364.642175
1753301364.657715
1753301364.674905
1753301364.692095
1753301364.706464
1753301364.720832
1753301364.739228
1753301364.757623
1753301364.775177
1753301364.792732
1753301364.809922
1753301364.827112
1753301364.842638
1753301364.858165
1753301364.877009
1753301364.895854
1753301364.911304
1753301364.926755
1753301364.944482
1753301364.962209
1753301364.975780
1753301364.989351
1753301365.009059
1753301365.028767
1753301365.045595
1753301365.062422
1753301365.079065
1753301365.095708
1753301365.108822
1753301365.121936
1753301365.141587
1753301365.161237
1753301365.178599
1753301365.195961
1753301365.210140
1753301365.224319
1753301365.241773
1753301365.259226
1753301365.276886
1753301365.294547
1753301365.312797
1753301365.331047
1753301365.345639
1753301365.360230
1753301365.375823
1753301365.391416
1753301365.409589
1753301365.427762
1753301365.446173
1753301365.464584
1753301365.479072
1753301365.493559
1753301365.509625
1753301365.525692
1753301365.543757
1753301365.561823
1753301365.577611
1753301365.593400
1753301365.611366
1753301365.629332
1753301365.644075
1753301365.658818
1753301365.676440
1753301365.694061
1753301365.711926
1753301365.729790
1753301365.744192
1753301365.758593
1753301365.774808
1753301365.791023
1753301365.810820
1753301365.830617
1753301365.846303
1753301365.861990
1753301365.877688
1753301365.893387
1753301365.910592
1753301365.927797
1753301365.944201
1753301365.960604
1753301365.978230
1753301365.995855
1753301366.011779
1753301366.027703
1753301366.043733
1753301366.059763
1753301366.077089
1753301366.094416
1753301366.112259
1753301366.130103
1753301366.145783
1753301366.161464
1753301366.177637
1753301366.193810
1753301366.210027
1753301366.226243
1753301366.242234
1753301366.258226
1753301366.274137
1753301366.290047
1753301366.308517
1753301366.326986
1753301366.344455
1753301366.361925
1753301366.380359
1753301366.398794
1753301366.412107
1753301366.425419
1753301366.443532
1753301366.461646
1753301366.477238
1753301366.492829
1753301366.511377
1753301366.529925
1753301366.546380
1753301366.562834
1753301366.577102
1753301366.591370
1753301366.609556
1753301366.627741
1753301366.645462
1753301366.663182
1753301366.678982
1753301366.694781
1753301366.709753
1753301366.724724
1753301366.741047
1753301366.757370
1753301366.777408
1753301366.797446
1753301366.812610
1753301366.827774
1753301366.843284
1753301366.858793
1753301366.876292
1753301366.893792
1753301366.912074
1753301366.930355
1753301366.945730
1753301366.961105
1753301366.977797
1753301366.994488
1753301367.011343
1753301367.028199
1753301367.046204
1753301367.064209
1753301367.081991
1753301367.099774
1753301367.111777
1753301367.123780
1753301367.141565
1753301367.159350
1753301367.177680
1753301367.196010
1753301367.211460
1753301367.226909
1753301367.244077
1753301367.261246
1753301367.278401
1753301367.295556
1753301367.312838
1753301367.330119
1753301367.347216
1753301367.364313
1753301367.377169
1753301367.390025
1753301367.410264
1753301367.430502
1753301367.447501
1753301367.464500
1753301367.481135
1753301367.497771
1753301367.510485
1753301367.523199
1753301367.542237
1753301367.561275
1753301367.579536
1753301367.597798
1753301367.613086
1753301367.628373
1753301367.643904
1753301367.659436
1753301367.676847
1753301367.694257
1753301367.711428
1753301367.728598
1753301367.744072
1753301367.759547
1753301367.776464
1753301367.793382
1753301367.809708
1753301367.826033
1753301367.844536
1753301367.863039
1753301367.880258
1753301367.897477
1753301367.911459
1753301367.925442
1753301367.944058
1753301367.962674
1753301367.980900
1753301367.999126
1753301368.013155
1753301368.027184
1753301368.043784
1753301368.060384
1753301368.077887
1753301368.095389
1753301368.113303
1753301368.131217
1753301368.145325
1753301368.159433
1753301368.179229
1753301368.199026
1753301368.211656
1753301368.224285
1753301368.243697
1753301368.263109
1753301368.280782
1753301368.298456
1753301368.312527
1753301368.326599
1753301368.344925
1753301368.363252
1753301368.378773
1753301368.394294
1753301368.411944
1753301368.429594
1753301368.444247
1753301368.458901
1753301368.478748
1753301368.498595
1753301368.514502
1753301368.530408
1753301368.547525
1753301368.564643
1753301368.577801
1753301368.590959
1753301368.609690
1753301368.628421
1753301368.646735
1753301368.665049
1753301368.679692
1753301368.694334
1753301368.709249
1753301368.724163
1753301368.742560
1753301368.760957
1753301368.778620
1753301368.796283
1753301368.812706
1753301368.829130
1753301368.843522
1753301368.857913
1753301368.875984
1753301368.894055
1753301368.912428
1753301368.930801
1753301368.947851
1753301368.964902
1753301368.977860
1753301368.990818
1753301369.009160
1753301369.027501
1753301369.048293
1753301369.069084
1753301369.080742
1753301369.092400
1753301369.109739
1753301369.127077
1753301369.144463
1753301369.161849
1753301369.180003
1753301369.198156
1753301369.212710
1753301369.227265
1753301369.244693
1753301369.262121
1753301369.279590
1753301369.297059
1753301369.315204
1753301369.333349
1753301369.347219
1753301369.361088
1753301369.377192
1753301369.393297
1753301369.411418
1753301369.429539
1753301369.446800
1753301369.464060
1753301369.480947
1753301369.497833
1753301369.514930
1753301369.532028
1753301369.544774
1753301369.557520
1753301369.578645
1753301369.599769
1753301369.613512
1753301369.627254
1753301369.645269
1753301369.663285
1753301369.679224
1753301369.695162
1753301369.709929
1753301369.724696
1753301369.742903
1753301369.761111
1753301369.780881
1753301369.800652
1753301369.814156
1753301369.827660
1753301369.844550
1753301369.861439
1753301369.878972
1753301369.896504
1753301369.912410
1753301369.928316
1753301369.946355
1753301369.964394
1753301369.978327
1753301369.992259
1753301370.010669
1753301370.029079
1753301370.046324
1753301370.063570
1753301370.082350
1753301370.101129
1753301370.113935
1753301370.126741
1753301370.145301
1753301370.163862
1753301370.179736
1753301370.195610
1753301370.212368
1753301370.229127
1753301370.244976
1753301370.260824
1753301370.278479
1753301370.296133
1753301370.311908
1753301370.327683
1753301370.347784
1753301370.367884
1753301370.380024
1753301370.392165
1753301370.413430
1753301370.434695
1753301370.447864
1753301370.461032
1753301370.481092
1753301370.501152
1753301370.513797
1753301370.526441
1753301370.545051
1753301370.563661
1753301370.582371
1753301370.601080
1753301370.614453
1753301370.627827
1753301370.645467
1753301370.663107
1753301370.678609
1753301370.694112
1753301370.712167
1753301370.730222
1753301370.745630
1753301370.761037
1753301370.778542
1753301370.796047
1753301370.812320
1753301370.828592
1753301370.848912
1753301370.869232
1753301370.881259
1753301370.893286
1753301370.911291
1753301370.929295
1753301370.946418
1753301370.963541
1753301370.983392
1753301371.003243
1753301371.014965
1753301371.026687
1753301371.044544
1753301371.062400
1753301371.079604
1753301371.096808
1753301371.117054
1753301371.137299
1753301371.148185
1753301371.159071
1753301371.176108
1753301371.193146
1753301371.210657
1753301371.228168
1753301371.244649
1753301371.261130
1753301371.278147
1753301371.295164
1753301371.312112
1753301371.329060
1753301371.345388
1753301371.361716
1753301371.379709
1753301371.397702
1753301371.413333
1753301371.428965
1753301371.446319
1753301371.463673
1753301371.479787
1753301371.495901
1753301371.516041
1753301371.536180
1753301371.548328
1753301371.560477
1753301371.578197
1753301371.595917
1753301371.613156
1753301371.630395
1753301371.650459
1753301371.670524
1753301371.682148
1753301371.693772
1753301371.712310
1753301371.730848
1753301371.744683
1753301371.758518
1753301371.781596
1753301371.804674
1753301371.816066
1753301371.827458
1753301371.848265
1753301371.869073
1753301371.880908
1753301371.892743
1753301371.914327
1753301371.935910
1753301371.948297
1753301371.960683
1753301371.979538
1753301371.998394
1753301372.011932
1753301372.025470
1753301372.048657
1753301372.071844
1753301372.082695
1753301372.093546
1753301372.111659
1753301372.129771
1753301372.145123
1753301372.160474
1753301372.177254
1753301372.194034
1753301372.210042
1753301372.226050
1753301372.246861
1753301372.267672
1753301372.280643
1753301372.293613
1753301372.314563
1753301372.335513
1753301372.348792
1753301372.362071
1753301372.380169
1753301372.398267
1753301372.413818
1753301372.429369
1753301372.450434
1753301372.471500
1753301372.482755
1753301372.494011
1753301372.512130
1753301372.530250
1753301372.547098
1753301372.563945
1753301372.584106
1753301372.604267
1753301372.615565
1753301372.626863
1753301372.645453
1753301372.664043
1753301372.680338
1753301372.696633
1753301372.714649
1753301372.732665
1753301372.748395
1753301372.764126
1753301372.779809
1753301372.795493
1753301372.814240
1753301372.832986
1753301372.847283
1753301372.861580
1753301372.879394
1753301372.897207
1753301372.911303
1753301372.925398
1753301372.943715
1753301372.962031
1753301372.979075
1753301372.996119
1753301373.016772
1753301373.037425
1753301373.048509
1753301373.059593
1753301373.081787
1753301373.103980
1753301373.115662
1753301373.127344
1753301373.145448
1753301373.163552
1753301373.179344
1753301373.195136
1753301373.212469
1753301373.229801
1753301373.249752
1753301373.269702
1753301373.282151
1753301373.294601
1753301373.312095
1753301373.329589
1753301373.347281
1753301373.364973
1753301373.381592
1753301373.398211
1753301373.413913
1753301373.429616
1753301373.445953
1753301373.462291
1753301373.480377
1753301373.498463
1753301373.514539
1753301373.530615
1753301373.546883
1753301373.563150
1753301373.578027
1753301373.592904
1753301373.611342
1753301373.629780
1753301373.646625
1753301373.663470
1753301373.679604
1753301373.695737
1753301373.711062
1753301373.726387
1753301373.744734
1753301373.763081
1753301373.783300
1753301373.803520
1753301373.815601
1753301373.827682
1753301373.846140
1753301373.864598
1753301373.882025
1753301373.899452
1753301373.915313
1753301373.931174
1753301373.952132
1753301373.973090
1753301373.983117
1753301373.993143
1753301374.012882
1753301374.032621
1753301374.048493
1753301374.064366
1753301374.081015
1753301374.097663
1753301374.113506
1753301374.129350
1753301374.147913
1753301374.166477
1753301374.181514
1753301374.196551
1753301374.212610
1753301374.228670
1753301374.247018
1753301374.265366
1753301374.280817
1753301374.296267
1753301374.315328
1753301374.334388
1753301374.349473
1753301374.364557
1753301374.380368
1753301374.396179
1753301374.417006
1753301374.437832
1753301374.449239
1753301374.460646
1753301374.482219
1753301374.503793
1753301374.515470
1753301374.527147
1753301374.546328
1753301374.565508
1753301374.583668
1753301374.601829
1753301374.615420
1753301374.629011
1753301374.646774
1753301374.664537
1753301374.681147
1753301374.697756
1753301374.714791
1753301374.731825
1753301374.748111
1753301374.764397
1753301374.778416
1753301374.792436
1753301374.810879
1753301374.829322
1753301374.847521
1753301374.865720
1753301374.880890
1753301374.896060
1753301374.910818
1753301374.925576
1753301374.945904
1753301374.966233
1753301374.981555
1753301374.996878
1753301375.013440
1753301375.030002
1753301375.044787
1753301375.059572
1753301375.078748
1753301375.097925
1753301375.114896
1753301375.131868
1753301375.150678
1753301375.169488
1753301375.181614
1753301375.193741
1753301375.212404
1753301375.231066
1753301375.251064
1753301375.271062
1753301375.282808
1753301375.294554
1753301375.313377
1753301375.332200
1753301375.348183
1753301375.364165
1753301375.383523
1753301375.402882
1753301375.416556
1753301375.430230
1753301375.447887
1753301375.465545
1753301375.482650
1753301375.499755
1753301375.515748
1753301375.531741
1753301375.552037
1753301375.572333
1753301375.583169
1753301375.594004
1753301375.615941
1753301375.637877
1753301375.649721
1753301375.661565
1753301375.681663
1753301375.701760
1753301375.714621
1753301375.727481
1753301375.746147
1753301375.764814
1753301375.785574
1753301375.806334
1753301375.817185
1753301375.828037
1753301375.849140
1753301375.870243
1753301375.882211
1753301375.894179
1753301375.917952
1753301375.941724
1753301375.951396
1753301375.961068
1753301375.981735
1753301376.002401
1753301376.015290
1753301376.028179
1753301376.049804
1753301376.071429
1753301376.083544
1753301376.095660
1753301376.115875
1753301376.136090
1753301376.148818
1753301376.161547
1753301376.182843
1753301376.204140
1753301376.215904
1753301376.227667
1753301376.247888
1753301376.268108
1753301376.281484
1753301376.294860
1753301376.314238
1753301376.333616
1753301376.347815
1753301376.362013
1753301376.381161
1753301376.400309
1753301376.414253
1753301376.428196
1753301376.448305
1753301376.468413
1753301376.485140
1753301376.501867
1753301376.514977
1753301376.528088
1753301376.549270
1753301376.570451
1753301376.582835
1753301376.595219
1753301376.616702
1753301376.638184
1753301376.649670
1753301376.661155
1753301376.680976
1753301376.700798
1753301376.714951
1753301376.729104
1753301376.747870
1753301376.766637
1753301376.780588
1753301376.794539
1753301376.816546
1753301376.838554
1753301376.850040
1753301376.861527
1753301376.882170
1753301376.902814
1753301376.915487
1753301376.928161
1753301376.949921
1753301376.971681
1753301376.983316
1753301376.994952
1753301377.018103
1753301377.041253
1753301377.051322
1753301377.061390
1753301377.081814
1753301377.102239
1753301377.116860
1753301377.131482
1753301377.151037
1753301377.170593
1753301377.182735
1753301377.194877
1753301377.213755
1753301377.232633
1753301377.253289
1753301377.273945
1753301377.284442
1753301377.294940
1753301377.313819
1753301377.332699
1753301377.348122
1753301377.363544
1753301377.384623
1753301377.405702
1753301377.417137
1753301377.428571
1753301377.446517
1753301377.464462
1753301377.484123
1753301377.503785
1753301377.517212
1753301377.530639
1753301377.551060
1753301377.571482
1753301377.583144
1753301377.594807
1753301377.617144
1753301377.639480
1753301377.650652
1753301377.661825
1753301377.682781
1753301377.703736
1753301377.716015
1753301377.728294
1753301377.746798
1753301377.765301
1753301377.786365
1753301377.807428
1753301377.818027
1753301377.828625
1753301377.850110
1753301377.871595
1753301377.883312
1753301377.895029
1753301377.916080
1753301377.937131
1753301377.950668
1753301377.964206
1753301377.985061
1753301378.005916
1753301378.017597
1753301378.029278
1753301378.047579
1753301378.065880
1753301378.083265
1753301378.100649
1753301378.118183
1753301378.135717
1753301378.152503
1753301378.169289
1753301378.182580
1753301378.195870
1753301378.214870
1753301378.233871
1753301378.253908
1753301378.273945
1753301378.284791
1753301378.295636
1753301378.316115
1753301378.336595
1753301378.349237
1753301378.361879
1753301378.382829
1753301378.403779
1753301378.417760
1753301378.431741
1753301378.449862
1753301378.467982
1753301378.481761
1753301378.495540
1753301378.517636
1753301378.539733
1753301378.551038
1753301378.562343
1753301378.583621
1753301378.604898
1753301378.617039
1753301378.629181
1753301378.650699
1753301378.672217
1753301378.684323
1753301378.696429
1753301378.714514
1753301378.732599
1753301378.750057
1753301378.767515
1753301378.785265
1753301378.803016
1753301378.821249
1753301378.839481
1753301378.850960
1753301378.862438
1753301378.881804
1753301378.901171
1753301378.918409
1753301378.935648
1753301378.953932
1753301378.972216
1753301378.984138
1753301378.996060
1753301379.017101
1753301379.038142
1753301379.050940
1753301379.063737
1753301379.085023
1753301379.106310
1753301379.117794
1753301379.129277
1753301379.151628
1753301379.173979
1753301379.184941
1753301379.195902
1753301379.215277
1753301379.234651
1753301379.249406
1753301379.264161
1753301379.285330
1753301379.306498
1753301379.318451
1753301379.330405
1753301379.350869
1753301379.371333
1753301379.383977
1753301379.396622
1753301379.417889
1753301379.439156
1753301379.451809
1753301379.464462
1753301379.485455
1753301379.506448
1753301379.518283
1753301379.530119
1753301379.551537
1753301379.572955
1753301379.585344
1753301379.597734
1753301379.619411
1753301379.641088
1753301379.652055
1753301379.663022
1753301379.684860
1753301379.706697
1753301379.719261
1753301379.731825
1753301379.749880
1753301379.767934
1753301379.785681
1753301379.803429
1753301379.816886
1753301379.830343
1753301379.852084
1753301379.873825
1753301379.885772
1753301379.897718
1753301379.919317
1753301379.940916
1753301379.952366
1753301379.963817
1753301379.985488
1753301380.007160
1753301380.019676
1753301380.032192
1753301380.053140
1753301380.074088
1753301380.086011
1753301380.097934
1753301380.119533
1753301380.141132
1753301380.153047
1753301380.164961
1753301380.185863
1753301380.206764
1753301380.219024
1753301380.231284
1753301380.252798
1753301380.274312
1753301380.285921
1753301380.297530
1753301380.318573
1753301380.339617
1753301380.351913
1753301380.364209
1753301380.385823
1753301380.407438
1753301380.420979
1753301380.434519
1753301380.451899
1753301380.469278
1753301380.484898
1753301380.500517
1753301380.520959
1753301380.541401
1753301380.552867
1753301380.564334
1753301380.583342
1753301380.602349
1753301380.617991
1753301380.633634
1753301380.653649
1753301380.673664
1753301380.685834
1753301380.698005
1753301380.715212
1753301380.732419
1753301380.750925
1753301380.769431
1753301380.787754
1753301380.806077
1753301380.820136
1753301380.834195
1753301380.849344
1753301380.864494
1753301380.884068
1753301380.903642
1753301380.921559
1753301380.939477
1753301380.954214
1753301380.968950
1753301380.983537
1753301380.998124
1753301381.018840
1753301381.039556
1753301381.053447
1753301381.067338
1753301381.088096
1753301381.108854
1753301381.119516
1753301381.130178
1753301381.151551
1753301381.172923
1753301381.187231
1753301381.201539
1753301381.217135
1753301381.232732
1753301381.250680
1753301381.268628
1753301381.285252
1753301381.301876
1753301381.321935
1753301381.341993
1753301381.353607
1753301381.365220
1753301381.382572
1753301381.399924
1753301381.415374
1753301381.430824
1753301381.452880
1753301381.474937
1753301381.486625
1753301381.498314
1753301381.518500
1753301381.538687
1753301381.552023
1753301381.565359
1753301381.586788
1753301381.608216
1753301381.620262
1753301381.632308
1753301381.648663
1753301381.665017
1753301381.684155
1753301381.703293
1753301381.721642
1753301381.739990
1753301381.752639
1753301381.765288
1753301381.785223
1753301381.805159
1753301381.818829
1753301381.832499
1753301381.853714
1753301381.874929
1753301381.887685
1753301381.900442
1753301381.918158
1753301381.935873
1753301381.952518
1753301381.969162
1753301381.987297
1753301382.005432
1753301382.021828
1753301382.038225
1753301382.051469
1753301382.064713
1753301382.086197
1753301382.107682
1753301382.119519
1753301382.131357
1753301382.151701
1753301382.172045
1753301382.185609
1753301382.199174
1753301382.217957
1753301382.236741
1753301382.255331
1753301382.273920
1753301382.288553
1753301382.303186
1753301382.317735
1753301382.332285
1753301382.353226
1753301382.374168
1753301382.386691
1753301382.399213
1753301382.419167
1753301382.439120
1753301382.452916
1753301382.466712
1753301382.487149
1753301382.507587
1753301382.521098
1753301382.534609
1753301382.555168
1753301382.575726
1753301382.586733
1753301382.597741
1753301382.618113
1753301382.638485
1753301382.653188
1753301382.667891
1753301382.688333
1753301382.708774
1753301382.719763
1753301382.730751
1753301382.749655
1753301382.768558
1753301382.788817
1753301382.809076
1753301382.820973
1753301382.832870
1753301382.849691
1753301382.866513
1753301382.884770
1753301382.903028
1753301382.920854
1753301382.938680
1753301382.953628
1753301382.968576
1753301382.983043
1753301382.997511
1753301383.016658
1753301383.035805
1753301383.054847
1753301383.073889
1753301383.087502
1753301383.101114
1753301383.117378
1753301383.133641
1753301383.152226
1753301383.170811
1753301383.189336
1753301383.207861
1753301383.222492
1753301383.237122
1753301383.252331
1753301383.267541
1753301383.287951
1753301383.308361
1753301383.321024
1753301383.333687
1753301383.354664
1753301383.375641
1753301383.386775
1753301383.397909
1753301383.419648
1753301383.441388
1753301383.454360
1753301383.467332
1753301383.488061
1753301383.508791
1753301383.519881
1753301383.530970
1753301383.552711
1753301383.574453
1753301383.586731
1753301383.599010
1753301383.620415
1753301383.641821
1753301383.653203
1753301383.664585
1753301383.686317
1753301383.708049
1753301383.720913
1753301383.733777
1753301383.752626
1753301383.771476
1753301383.785733
1753301383.799990
1753301383.820770
1753301383.841550
1753301383.854434
1753301383.867318
1753301383.882939
1753301383.898561
1753301383.916378
1753301383.934196
1753301383.950633
1753301383.967070
1753301383.986406
1753301384.005742
1753301384.022894
1753301384.040047
1753301384.052984
1753301384.065921
1753301384.084553
1753301384.103185
1753301384.122123
1753301384.141060
1753301384.155741
1753301384.170422
1753301384.186024
1753301384.201626
1753301384.219652
1753301384.237677
1753301384.254114
1753301384.270551
1753301384.289908
1753301384.309265
1753301384.321039
1753301384.332814
1753301384.354040
1753301384.375266
1753301384.388920
1753301384.402574
1753301384.421898
1753301384.441222
1753301384.454002
1753301384.466782
1753301384.487105
1753301384.507429
1753301384.522458
1753301384.537486
1753301384.556179
1753301384.574872
1753301384.587886
1753301384.600900
1753301384.621317
1753301384.641735
1753301384.655489
1753301384.669243
1753301384.688977
1753301384.708710
1753301384.720376
1753301384.732042
1753301384.751094
1753301384.770146
1753301384.788654
1753301384.807163
1753301384.823721
1753301384.840280
1753301384.852974
1753301384.865669
1753301384.885125
1753301384.904580
1753301384.922988
1753301384.941397
1753301384.956336
1753301384.971274
1753301384.986805
1753301385.002336
1753301385.020672
1753301385.039008
1753301385.056859
1753301385.074709
1753301385.089746
1753301385.104784
1753301385.120627
1753301385.136470
1753301385.153176
1753301385.169881
1753301385.188817
1753301385.207752
1753301385.222742
1753301385.237732
1753301385.253516
1753301385.269300
1753301385.288623
1753301385.307946
1753301385.323224
1753301385.338501
1753301385.356423
1753301385.374346
1753301385.387185
1753301385.400024
1753301385.421098
1753301385.442173
1753301385.456226
1753301385.470279
1753301385.490131
1753301385.509983
1753301385.521073
1753301385.532163
1753301385.553783
1753301385.575404
1753301385.588969
1753301385.602535
1753301385.622473
1753301385.642411
1753301385.655547
1753301385.668682
1753301385.688775
1753301385.708868
1753301385.722214
1753301385.735559
1753301385.752555
1753301385.769552
1753301385.788340
1753301385.807128
1753301385.821618
1753301385.836107
1753301385.855531
1753301385.874955
1753301385.889696
1753301385.904437
1753301385.921651
1753301385.938866
1753301385.954509
1753301385.970153
1753301385.988923
1753301386.007693
1753301386.023010
1753301386.038326
1753301386.053964
1753301386.069602
1753301386.088951
1753301386.108299
1753301386.123544
1753301386.138789
1753301386.155711
1753301386.172634
1753301386.190987
1753301386.209340
1753301386.221073
1753301386.232806
1753301386.254932
1753301386.277059
1753301386.289997
1753301386.302934
1753301386.322259
1753301386.341584
1753301386.355520
1753301386.369457
1753301386.384145
1753301386.398834
1753301386.416434
1753301386.434034
1753301386.455065
1753301386.476096
1753301386.491208
1753301386.506320
1753301386.523203
1753301386.540087
1753301386.555132
1753301386.570177
1753301386.589216
1753301386.608255
1753301386.623930
1753301386.639604
1753301386.654812
1753301386.670020
1753301386.688499
1753301386.706979
1753301386.722973
1753301386.738967
1753301386.756552
1753301386.774136
1753301386.787096
1753301386.800056
1753301386.821254
1753301386.842453
1753301386.856989
1753301386.871525
1753301386.886921
1753301386.902318
1753301386.920793
1753301386.939267
1753301386.954938
1753301386.970610
1753301386.989306
1753301387.008002
1753301387.022793
1753301387.037584
1753301387.053596
1753301387.069608
1753301387.088624
1753301387.107641
1753301387.122292
1753301387.136943
1753301387.155215
1753301387.173487
1753301387.186597
1753301387.199708
1753301387.221097
1753301387.242486
1753301387.257470
1753301387.272454
1753301387.290210
1753301387.307967
1753301387.320472
1753301387.332976
1753301387.354357
1753301387.375737
1753301387.390322
1753301387.404908
1753301387.423159
1753301387.441410
1753301387.453987
1753301387.466563
1753301387.488196
1753301387.509830
1753301387.525079
1753301387.540327
1753301387.557810
1753301387.575292
1753301387.588502
1753301387.601712
1753301387.622363
1753301387.643014
1753301387.657359
1753301387.671703
1753301387.690498
1753301387.709293
1753301387.721496
1753301387.733699
1753301387.753313
1753301387.772927
1753301387.790679
1753301387.808432
1753301387.823741
1753301387.839051
1753301387.854162
1753301387.869273
1753301387.886716
1753301387.904160
1753301387.923513
1753301387.942866
1753301387.958513
1753301387.974160
1753301387.988968
1753301388.003776
1753301388.022382
1753301388.040988
1753301388.057692
1753301388.074395
1753301388.091946
1753301388.109497
1753301388.121512
1753301388.133528
1753301388.151505
1753301388.169482
1753301388.187512
1753301388.205543
1753301388.221403
1753301388.237263
1753301388.255382
1753301388.273501
1753301388.288922
1753301388.304344
1753301388.323196
1753301388.342049
1753301388.357842
1753301388.373635
1753301388.388814
1753301388.403993
1753301388.422619
1753301388.441245
1753301388.457660
1753301388.474075
1753301388.491658
1753301388.509241
1753301388.523603
1753301388.537966
1753301388.556230
1753301388.574493
1753301388.590491
1753301388.606490
1753301388.624314
1753301388.642139
1753301388.656659
1753301388.671179
1753301388.689877
1753301388.708575
1753301388.724318
1753301388.740060
1753301388.757069
1753301388.774078
1753301388.789151
1753301388.804224
1753301388.822364
1753301388.840504
1753301388.858049
1753301388.875595
1753301388.888685
1753301388.901775
1753301388.921087
1753301388.940399
1753301388.955914
1753301388.971428
1753301388.990005
1753301389.008581
1753301389.023462
1753301389.038344
1753301389.055215
1753301389.072086
1753301389.088985
1753301389.105885
1753301389.123599
1753301389.141313
1753301389.156673
1753301389.172034
1753301389.186912
1753301389.201789
1753301389.221390
1753301389.240992
1753301389.257654
1753301389.274315
1753301389.291289
1753301389.308262
1753301389.321158
1753301389.334054
1753301389.354622
1753301389.375191
1753301389.389799
1753301389.404407
1753301389.423134
1753301389.441861
1753301389.454855
1753301389.467850
1753301389.488463
1753301389.509077
1753301389.524837
1753301389.540598
1753301389.557861
1753301389.575125
1753301389.588418
1753301389.601712
1753301389.622150
1753301389.642588
1753301389.657590
1753301389.672593
1753301389.690542
1753301389.708491
1753301389.721950
1753301389.735408
1753301389.755230
1753301389.775053
1753301389.791389
1753301389.807724
1753301389.824634
1753301389.841544
1753301389.855422
1753301389.869299
1753301389.888897
1753301389.908496
1753301389.924309
1753301389.940122
1753301389.958074
1753301389.976026
1753301389.989082
1753301390.002138
1753301390.022110
1753301390.042083
1753301390.058727
1753301390.075370
1753301390.092117
1753301390.108864
1753301390.122620
1753301390.136376
1753301390.153971
1753301390.171566
1753301390.190795
1753301390.210024
1753301390.225400
1753301390.240777
1753301390.256771
1753301390.272765
1753301390.290561
1753301390.308357
1753301390.324747
1753301390.341137
1753301390.358709
1753301390.376282
1753301390.390646
1753301390.405009
1753301390.423863
1753301390.442718
1753301390.458607
1753301390.474496
1753301390.491926
1753301390.509356
1753301390.524231
1753301390.539107
1753301390.557352
1753301390.575597
1753301390.591452
1753301390.607307
1753301390.625113
1753301390.642919
1753301390.657214
1753301390.671509
1753301390.689885
1753301390.708261
1753301390.725366
1753301390.742470
1753301390.757993
1753301390.773517
1753301390.788548
1753301390.803580
1753301390.822856
1753301390.842133
1753301390.857565
1753301390.872998
1753301390.890183
1753301390.907369
1753301390.921201
1753301390.935033
1753301390.955143
1753301390.975254
1753301390.991673
1753301391.008091
1753301391.023889
1753301391.039686
1753301391.055054
1753301391.070423
1753301391.089280
1753301391.108137
1753301391.125232
1753301391.142327
1753301391.158203
1753301391.174079
1753301391.188374
1753301391.202669
1753301391.222956
1753301391.243244
1753301391.258531
1753301391.273817
1753301391.291234
1753301391.308650
1753301391.321714
1753301391.334778
1753301391.355471
1753301391.376163
1753301391.390772
1753301391.405382
1753301391.424990
1753301391.444599
1753301391.456319
1753301391.468039
1753301391.485977
1753301391.503914
1753301391.523612
1753301391.543311
1753301391.558797
1753301391.574283
1753301391.588218
1753301391.602154
1753301391.621447
1753301391.640739
1753301391.658342
1753301391.675945
1753301391.691879
1753301391.707813
1753301391.721512
1753301391.735211
1753301391.755378
1753301391.775546
1753301391.792821
1753301391.810097
1753301391.825580
1753301391.841062
1753301391.855849
1753301391.870635
1753301391.889795
1753301391.908955
1753301391.924964
1753301391.940974
1753301391.957895
1753301391.974816
1753301391.988648
1753301392.002480
1753301392.021657
1753301392.040835
1753301392.058429
1753301392.076023
1753301392.092048
1753301392.108072
1753301392.122228
1753301392.136384
1753301392.154239
1753301392.172094
1753301392.191460
1753301392.210825
1753301392.226451
1753301392.242077
1753301392.256153
1753301392.270229
1753301392.290078
1753301392.309927
1753301392.326236
1753301392.342546
1753301392.359267
1753301392.375988
1753301392.389882
1753301392.403775
1753301392.423949
1753301392.444124
1753301392.459769
1753301392.475415
1753301392.492532
1753301392.509648
1753301392.523155
1753301392.536662
1753301392.555607
1753301392.574552
1753301392.591881
1753301392.609209
1753301392.626427
1753301392.643645
1753301392.656631
1753301392.669618
1753301392.689540
1753301392.709462
1753301392.725687
1753301392.741911
1753301392.758675
1753301392.775438
1753301392.790574
1753301392.805710
1753301392.823933
1753301392.842156
1753301392.858912
1753301392.875667
1753301392.892706
1753301392.909746
1753301392.923970
1753301392.938193
1753301392.958557
1753301392.978920
1753301392.993019
1753301393.007118
1753301393.024689
1753301393.042261
1753301393.056343
1753301393.070424
1753301393.088660
1753301393.106895
1753301393.124904
1753301393.142913
1753301393.159110
1753301393.175307
1753301393.189700
1753301393.204092
1753301393.222484
1753301393.240876
1753301393.258418
1753301393.275960
1753301393.292949
1753301393.309938
1753301393.323458
1753301393.336979
1753301393.356107
1753301393.375236
1753301393.392329
1753301393.409421
1753301393.425565
1753301393.441709
1753301393.457458
1753301393.473206
1753301393.490782
1753301393.508358
1753301393.524796
1753301393.541235
1753301393.557719
1753301393.574202
1753301393.590844
1753301393.607485
1753301393.624710
1753301393.641935
1753301393.658021
1753301393.674107
1753301393.691803
1753301393.709500
1753301393.725090
1753301393.740679
1753301393.757628
1753301393.774578
1753301393.792313
1753301393.810048
1753301393.826298
1753301393.842548
1753301393.857354
1753301393.872160
1753301393.890894
1753301393.909628
1753301393.926168
1753301393.942708
1753301393.959818
1753301393.976928
1753301393.990012
1753301394.003096
1753301394.022165
1753301394.041233
1753301394.059157
1753301394.077082
1753301394.094092
1753301394.111103
1753301394.125442
1753301394.139781
1753301394.157682
1753301394.175583
1753301394.192869
1753301394.210155
1753301394.226807
1753301394.243459
1753301394.257149
1753301394.270838
1753301394.290280
1753301394.309723
1753301394.326374
1753301394.343024
1753301394.359487
1753301394.375949
1753301394.390130
1753301394.404310
1753301394.424248
1753301394.444187
1753301394.461042
1753301394.477898
1753301394.492492
1753301394.507086
1753301394.525347
1753301394.543607
1753301394.556728
1753301394.569850
1753301394.589296
1753301394.608743
1753301394.625391
1753301394.642039
1753301394.658608
1753301394.675178
1753301394.692812
1753301394.710447
1753301394.723755
1753301394.737063
1753301394.756515
1753301394.775966
1753301394.793031
1753301394.810097
1753301394.825365
1753301394.840633
1753301394.854894
1753301394.869155
1753301394.887536
1753301394.905916
1753301394.924206
1753301394.942495
1753301394.959257
1753301394.976018
1753301394.990606
1753301395.005194
1753301395.024050
1753301395.042907
1753301395.059332
1753301395.075758
1753301395.092374
1753301395.108991
1753301395.125005
1753301395.141019
1753301395.156908
1753301395.172796
1753301395.190933
1753301395.209071
1753301395.225859
1753301395.242647
1753301395.257267
1753301395.271886
1753301395.291432
1753301395.310978
1753301395.326954
1753301395.342930
1753301395.360424
1753301395.377917
1753301395.390862
1753301395.403806
1753301395.423764
1753301395.443721
1753301395.460523
1753301395.477325
1753301395.494491
1753301395.511656
1753301395.524261
1753301395.536867
1753301395.557166
1753301395.577465
1753301395.593291
1753301395.609116
1753301395.626361
1753301395.643607
1753301395.656969
1753301395.670331
1753301395.690730
1753301395.711128
1753301395.726877
1753301395.742627
1753301395.759984
1753301395.777341
1753301395.791065
1753301395.804788
1753301395.824975
1753301395.845163
1753301395.860301
1753301395.875439
1753301395.892467
1753301395.909496
1753301395.925457
1753301395.941418
1753301395.958852
1753301395.976286
1753301395.992743
1753301396.009200
1753301396.025455
1753301396.041711
1753301396.057904
1753301396.074097
1753301396.091780
1753301396.109463
1753301396.126644
1753301396.143824
1753301396.160023
1753301396.176222
1753301396.190698
1753301396.205174
1753301396.224711
1753301396.244248
1753301396.260760
1753301396.277273
1753301396.293983
1753301396.310692
1753301396.325970
1753301396.341247
1753301396.358613
1753301396.375978
1753301396.393144
1753301396.410310
1753301396.427744
1753301396.445179
1753301396.457886
1753301396.470592
1753301396.488400
1753301396.506209
1753301396.524695
1753301396.543182
1753301396.560489
1753301396.577797
1753301396.592726
1753301396.607656
1753301396.626395
1753301396.645135
1753301396.660126
1753301396.675117
1753301396.692921
1753301396.710725
1753301396.725646
1753301396.740566
1753301396.758967
1753301396.777369
1753301396.794614
1753301396.811859
1753301396.826899
1753301396.841938
1753301396.856462
1753301396.870985
1753301396.891284
1753301396.911584
1753301396.926303
1753301396.941023
1753301396.959851
1753301396.978679
1753301396.993091
1753301397.007503
1753301397.024933
1753301397.042363
1753301397.059143
1753301397.075922
1753301397.093580
1753301397.111237
1753301397.126171
1753301397.141105
1753301397.158658
1753301397.176210
1753301397.193103
1753301397.209997
1753301397.227247
1753301397.244497
1753301397.258587
1753301397.272678
1753301397.291754
1753301397.310831
1753301397.327856
1753301397.344881
1753301397.361134
1753301397.377387
1753301397.391742
1753301397.406096
1753301397.424406
1753301397.442716
1753301397.459573
1753301397.476431
1753301397.493562
1753301397.510693
1753301397.525655
1753301397.540617
1753301397.560740
1753301397.580862
1753301397.595186
1753301397.609510
1753301397.626273
1753301397.643036
1753301397.658804
1753301397.674572
1753301397.693421
1753301397.712270
1753301397.727201
1753301397.742133
1753301397.759515
1753301397.776897
1753301397.792308
1753301397.807719
1753301397.826353
1753301397.844987
1753301397.861943
1753301397.878899
1753301397.894046
1753301397.909192
1753301397.925431
1753301397.941670
1753301397.961164
1753301397.980659
1753301397.994952
1753301398.009245
1753301398.025537
1753301398.041830
1753301398.058650
1753301398.075470
1753301398.093333
1753301398.111195
1753301398.128499
1753301398.145802
1753301398.160853
1753301398.175905
1753301398.192700
1753301398.209496
1753301398.226728
1753301398.243961
1753301398.261635
1753301398.279309
1753301398.294258
1753301398.309207
1753301398.327073
1753301398.344939
1753301398.360192
1753301398.375445
1753301398.395356
1753301398.415267
1753301398.428510
1753301398.441753
1753301398.459214
1753301398.476676
1753301398.493668
1753301398.510659
1753301398.528500
1753301398.546341
1753301398.561624
1753301398.576906
1753301398.594116
1753301398.611326
1753301398.626813
1753301398.642301
1753301398.660699
1753301398.679097
1753301398.694723
1753301398.710349
1753301398.726078
1753301398.741806
1753301398.759872
1753301398.777939
1753301398.795604
1753301398.813269
1753301398.828238
1753301398.843208
1753301398.858944
1753301398.874681
1753301398.892612
1753301398.910543
1753301398.927618
1753301398.944692
1753301398.961788
1753301398.978884
1753301398.992877
1753301399.006870
1753301399.025386
1753301399.043902
1753301399.061593
1753301399.079284
1753301399.095086
1753301399.110887
1753301399.125667
1753301399.140446
1753301399.158370
1753301399.176294
1753301399.194676
1753301399.213059
1753301399.228148
1753301399.243236
1753301399.258934
1753301399.274633
1753301399.293384
1753301399.312135
1753301399.327224
1753301399.342314
1753301399.360523
1753301399.378732
1753301399.393302
1753301399.407872
1753301399.428207
1753301399.448543
1753301399.462695
1753301399.476846
1753301399.493678
1753301399.510509
1753301399.526463
1753301399.542416
1753301399.561338
1753301399.580261
1753301399.595069
1753301399.609877
1753301399.628086
1753301399.646294
1753301399.660770
1753301399.675246
1753301399.695035
1753301399.714825
1753301399.728714
1753301399.742602
1753301399.760360
1753301399.778117
1753301399.793581
1753301399.809044
1753301399.827446
1753301399.845847
1753301399.861293
1753301399.876739
1753301399.894882
1753301399.913025
1753301399.927677
1753301399.942329
1753301399.960606
1753301399.978883
1753301399.994750
1753301400.010618
1753301400.026846
1753301400.043075
1753301400.057693
1753301400.072310
1753301400.092589
1753301400.112868
1753301400.127460
1753301400.142053
1753301400.159608
1753301400.177164
1753301400.192924
1753301400.208685
1753301400.226685
1753301400.244685
1753301400.262220
1753301400.279755
1753301400.295639
1753301400.311523
1753301400.326715
1753301400.341906
1753301400.360258
1753301400.378609
1753301400.394939
1753301400.411270
1753301400.429214
1753301400.447159
1753301400.461263
1753301400.475366
1753301400.495141
1753301400.514916
1753301400.530095
1753301400.545273
1753301400.563253
1753301400.581233
1753301400.594904
1753301400.608575
1753301400.626989
1753301400.645403
1753301400.662721
1753301400.680039
1753301400.696714
1753301400.713390
1753301400.727995
1753301400.742601
1753301400.760629
1753301400.778657
1753301400.795830
1753301400.813002
1753301400.829813
1753301400.846624
1753301400.861287
1753301400.875950
1753301400.893453
1753301400.910955
1753301400.928793
1753301400.946632
1753301400.962218
1753301400.977805
1753301400.993227
1753301401.008650
1753301401.025586
1753301401.042522
1753301401.060768
1753301401.079014
1753301401.095477
1753301401.111939
1753301401.127350
1753301401.142761
1753301401.159438
1753301401.176115
1753301401.192647
1753301401.209180
1753301401.225952
1753301401.242723
1753301401.258055
1753301401.273387
1753301401.290607
1753301401.307827
1753301401.328832
1753301401.349836
1753301401.362984
1753301401.376131
1753301401.393185
1753301401.410238
1753301401.428076
1753301401.445913
1753301401.461448
1753301401.476982
1753301401.495322
1753301401.513662
1753301401.526989
1753301401.540315
1753301401.561317
1753301401.582320
1753301401.594522
1753301401.606723
1753301401.625884
1753301401.645045
1753301401.660112
1753301401.675179
1753301401.695506
1753301401.715833
1753301401.729378
1753301401.742922
1753301401.760838
1753301401.778754
1753301401.793516
1753301401.808278
1753301401.827099
1753301401.845920
1753301401.863294
1753301401.880668
1753301401.897655
1753301401.914641
1753301401.927660
1753301401.940678
1753301401.961998
1753301401.983318
1753301401.995915
1753301402.008512
1753301402.026792
1753301402.045071
1753301402.060501
1753301402.075930
1753301402.096069
1753301402.116208
1753301402.130166
1753301402.144123
1753301402.164029
1753301402.183935
1753301402.195700
1753301402.207466
1753301402.227162
1753301402.246858
1753301402.264585
1753301402.282311
1753301402.296576
1753301402.310840
1753301402.328746
1753301402.346653
1753301402.362180
1753301402.377706
1753301402.396467
1753301402.415228
1753301402.429673
1753301402.444119
1753301402.463284
1753301402.482450
1753301402.496001
1753301402.509551
1753301402.528101
1753301402.546652
1753301402.564787
1753301402.582922
1753301402.596329
1753301402.609737
1753301402.630521
1753301402.651306
1753301402.664100
1753301402.676894
1753301402.695539
1753301402.714185
1753301402.728385
1753301402.742585
1753301402.761590
1753301402.780594
1753301402.796457
1753301402.812320
1753301402.830273
1753301402.848226
1753301402.866224
1753301402.884222
1753301402.895786
1753301402.907349
1753301402.925096
1753301402.942843
1753301402.961650
1753301402.980457
1753301402.996348
1753301403.012240
1753301403.029808
1753301403.047375
1753301403.061366
1753301403.075357
1753301403.096861
1753301403.118366
1753301403.130717
1753301403.143068
1753301403.161649
1753301403.180229
1753301403.195019
1753301403.209809
1753301403.229730
1753301403.249651
1753301403.263352
1753301403.277053
1753301403.295325
1753301403.313596
1753301403.328444
1753301403.343293
1753301403.361944
1753301403.380595
1753301403.397645
1753301403.414695
1753301403.432587
1753301403.450478
1753301403.462366
1753301403.474254
1753301403.497345
1753301403.520436
1753301403.531716
1753301403.542996
1753301403.564268
1753301403.585540
1753301403.596531
1753301403.607523
1753301403.628487
1753301403.649451
1753301403.663434
1753301403.677417
1753301403.696091
1753301403.714765
1753301403.728559
1753301403.742352
1753301403.762058
1753301403.781764
1753301403.797032
1753301403.812300
1753301403.831834
1753301403.851368
1753301403.863051
1753301403.874735
1753301403.893715
1753301403.912696
1753301403.931795
1753301403.950894
1753301403.964346
1753301403.977799
1753301403.994863
1753301404.011927
1753301404.029416
1753301404.046904
1753301404.064514
1753301404.082124
1753301404.096530
1753301404.110936
1753301404.127451
1753301404.143967
1753301404.161657
1753301404.179347
1753301404.198442
1753301404.217536
1753301404.230710
1753301404.243884
1753301404.261126
1753301404.278368
1753301404.295450
1753301404.312532
1753301404.332768
1753301404.353005
1753301404.364952
1753301404.376898
1753301404.395416
1753301404.413933
1753301404.429081
1753301404.444230
1753301404.464135
1753301404.484040
1753301404.497578
1753301404.511116
1753301404.528903
1753301404.546691
1753301404.563299
1753301404.579907
1753301404.598323
1753301404.616739
1753301404.630545
1753301404.644350
1753301404.662767
1753301404.681184
1753301404.696308
1753301404.711432
1753301404.729106
1753301404.746781
1753301404.764255
1753301404.781728
1753301404.795344
1753301404.808961
1753301404.828009
1753301404.847057
1753301404.865086
1753301404.883114
1753301404.896793
1753301404.910472
1753301404.926096
1753301404.941721
1753301404.960715
1753301404.979709
1753301404.999423
1753301405.019136
1753301405.031389
1753301405.043642
1753301405.060843
1753301405.078044
1753301405.095571
1753301405.113097
1753301405.131856
1753301405.150615
1753301405.164731
1753301405.178847
1753301405.195190
1753301405.211534
1753301405.230256
1753301405.248978
1753301405.263492
1753301405.278006
1753301405.296435
1753301405.314864
1753301405.329721
1753301405.344578
1753301405.362998
1753301405.381417
1753301405.397150
1753301405.412883
1753301405.433195
1753301405.453507
1753301405.464459
1753301405.475412
1753301405.493814
1753301405.512215
1753301405.533019
1753301405.553822
1753301405.565240
1753301405.576658
1753301405.595495
1753301405.614332
1753301405.630571
1753301405.646811
1753301405.667230
1753301405.687649
1753301405.698985
1753301405.710321
1753301405.728161
1753301405.746002
1753301405.763195
1753301405.780388
1753301405.800916
1753301405.821443
1753301405.832404
1753301405.843365
1753301405.862657
1753301405.881949
1753301405.896241
1753301405.910533
1753301405.929881
1753301405.949228
1753301405.963699
1753301405.978170
1753301405.995114
1753301406.012059
1753301406.030528
1753301406.048997
1753301406.063461
1753301406.077926
1753301406.098136
1753301406.118346
1753301406.130347
1753301406.142348
1753301406.164650
1753301406.186952
1753301406.198659
1753301406.210367
1753301406.230283
1753301406.250199
1753301406.262724
1753301406.275249
1753301406.297243
1753301406.319236
1753301406.331599
1753301406.343961
1753301406.363042
1753301406.382123
1753301406.396407
1753301406.410690
1753301406.431907
1753301406.453123
1753301406.465113
1753301406.477103
1753301406.496952
1753301406.516801
1753301406.529546
1753301406.542290
1753301406.560352
1753301406.578414
1753301406.595313
1753301406.612212
1753301406.631320
1753301406.650427
1753301406.663607
1753301406.676786
1753301406.695404
1753301406.714021
1753301406.731416
1753301406.748811
1753301406.764959
1753301406.781107
1753301406.795975
1753301406.810844
1753301406.829580
1753301406.848316
1753301406.865845
1753301406.883374
1753301406.897279
1753301406.911184
1753301406.928492
1753301406.945799
1753301406.963523
1753301406.981247
1753301406.998961
1753301407.016675
1753301407.030615
1753301407.044556
1753301407.061491
1753301407.078426
1753301407.096943
1753301407.115461
1753301407.132651
1753301407.149841
1753301407.165877
1753301407.181913
1753301407.195749
1753301407.209586
1753301407.229805
1753301407.250023
1753301407.265492
1753301407.280961
1753301407.300395
1753301407.319829
1753301407.331313
1753301407.342796
1753301407.364948
1753301407.387100
1753301407.398869
1753301407.410638
1753301407.429996
1753301407.449355
1753301407.463166
1753301407.476978
1753301407.496116
1753301407.515254
1753301407.534439
1753301407.553623
1753301407.565226
1753301407.576829
1753301407.598177
1753301407.619525
1753301407.631238
1753301407.642950
1753301407.665893
1753301407.688836
1753301407.699729
1753301407.710623
1753301407.728157
1753301407.745690
1753301407.764689
1753301407.783689
1753301407.798543
1753301407.813397
1753301407.834239
1753301407.855080
1753301407.865936
1753301407.876793
1753301407.898006
1753301407.919220
1753301407.931818
1753301407.944416
1753301407.963234
1753301407.982053
1753301407.997036
1753301408.012018
1753301408.033173
1753301408.054327
1753301408.065978
1753301408.077629
1753301408.098567
1753301408.119506
1753301408.131793
1753301408.144081
1753301408.164548
1753301408.185016
1753301408.200171
1753301408.215327
1753301408.231604
1753301408.247881
1753301408.265604
1753301408.283326
1753301408.296953
1753301408.310580
1753301408.332303
1753301408.354026
1753301408.365827
1753301408.377627
1753301408.397235
1753301408.416843
1753301408.430565
1753301408.444287
1753301408.465356
1753301408.486425
1753301408.499042
1753301408.511658
1753301408.531488
1753301408.551318
1753301408.564386
1753301408.577455
1753301408.598656
1753301408.619857
1753301408.632263
1753301408.644669
1753301408.665265
1753301408.685860
1753301408.698329
1753301408.710798
1753301408.729124
1753301408.747449
1753301408.765653
1753301408.783857
1753301408.797423
1753301408.810989
1753301408.831772
1753301408.852555
1753301408.866186
1753301408.879816
1753301408.899848
1753301408.919880
1753301408.931905
1753301408.943930
1753301408.965051
1753301408.986172
1753301408.999228
1753301409.012283
1753301409.033494
1753301409.054704
1753301409.065966
1753301409.077228
1753301409.098450
1753301409.119671
1753301409.131922
1753301409.144173
1753301409.164807
1753301409.185442
1753301409.197870
1753301409.210298
1753301409.231393
1753301409.252488
1753301409.265515
1753301409.278543
1753301409.299149
1753301409.319755
1753301409.331806
1753301409.343857
1753301409.362655
1753301409.381453
1753301409.401356
1753301409.421259
1753301409.432872
1753301409.444485
1753301409.463807
1753301409.483128
1753301409.497054
1753301409.510979
1753301409.532412
1753301409.553845
1753301409.565868
1753301409.577891
1753301409.598490
1753301409.619089
1753301409.631754
1753301409.644420
1753301409.665322
1753301409.686224
1753301409.699703
1753301409.713182
1753301409.728727
1753301409.744272
1753301409.764470
1753301409.784667
1753301409.799428
1753301409.814190
1753301409.835509
1753301409.856829
1753301409.867110
1753301409.877391
1753301409.898957
1753301409.920523
1753301409.932848
1753301409.945173
1753301409.966626
1753301409.988078
1753301409.999483
1753301410.010887
1753301410.031740
1753301410.052594
1753301410.066984
1753301410.081374
1753301410.101697
1753301410.122021
1753301410.133201
1753301410.144381
1753301410.166276
1753301410.188172
1753301410.199863
1753301410.211555
1753301410.233434
1753301410.255313
1753301410.266608
1753301410.277903
1753301410.298951
1753301410.319998
1753301410.333582
1753301410.347166
1753301410.367850
1753301410.388534
1753301410.399920
1753301410.411306
1753301410.432771
1753301410.454237
1753301410.466336
1753301410.478436
1753301410.499931
1753301410.521426
1753301410.533087
1753301410.544747
1753301410.565421
1753301410.586094
1753301410.600623
1753301410.615152
1753301410.636131
1753301410.657110
1753301410.667574
1753301410.678039
1753301410.698953
1753301410.719866
1753301410.732977
1753301410.746089
1753301410.765527
1753301410.784964
1753301410.798176
1753301410.811388
1753301410.832200
1753301410.853012
1753301410.866371
1753301410.879730
1753301410.900188
1753301410.920646
1753301410.932549
1753301410.944451
1753301410.965378
1753301410.986304
1753301410.999199
1753301411.012094
1753301411.031838
1753301411.051582
1753301411.064823
1753301411.078064
1753301411.098486
1753301411.118909
1753301411.131995
1753301411.145081
1753301411.167667
1753301411.190253
1753301411.202348
1753301411.214442
1753301411.230896
1753301411.247350
1753301411.268078
1753301411.288806
1753301411.300135
1753301411.311463
1753301411.334140
1753301411.356817
1753301411.367621
1753301411.378426
1753301411.398014
1753301411.417601
1753301411.431291
1753301411.444980
1753301411.466619
1753301411.488257
1753301411.501483
1753301411.514710
1753301411.532145
1753301411.549580
1753301411.566649
1753301411.583719
1753301411.601923
1753301411.620128
1753301411.633752
1753301411.647376
1753301411.665205
1753301411.683034
1753301411.697639
1753301411.712243
1753301411.730735
1753301411.749226
1753301411.766608
1753301411.783989
1753301411.798337
1753301411.812684
1753301411.833651
1753301411.854617
1753301411.867189
1753301411.879762
1753301411.900553
1753301411.921345
1753301411.933297
1753301411.945249
1753301411.966618
1753301411.987987
1753301412.000604
1753301412.013220
1753301412.034462
1753301412.055704
1753301412.067267
1753301412.078831
1753301412.098038
1753301412.117246
1753301412.134467
1753301412.151688
1753301412.169514
1753301412.187340
1753301412.199906
1753301412.212473
1753301412.233723
1753301412.254973
1753301412.268467
1753301412.281962
1753301412.300338
1753301412.318714
1753301412.332195
1753301412.345677
1753301412.366822
1753301412.387967
1753301412.401146
1753301412.414325
1753301412.435889
1753301412.457454
1753301412.468154
1753301412.478855
1753301412.500455
1753301412.522056
1753301412.535971
1753301412.549885
1753301412.570475
1753301412.591064
1753301412.601851
1753301412.612639
1753301412.635090
1753301412.657542
1753301412.668343
1753301412.679143
1753301412.700292
1753301412.721441
1753301412.733451
1753301412.745461
1753301412.765975
1753301412.786488
1753301412.804017
1753301412.821546
1753301412.834234
1753301412.846922
1753301412.866237
1753301412.885553
1753301412.899080
1753301412.912608
1753301412.933985
1753301412.955362
1753301412.967514
1753301412.979666
1753301413.000848
1753301413.022030
1753301413.034111
1753301413.046193
1753301413.068863
1753301413.091533
1753301413.102251
1753301413.112968
1753301413.133210
1753301413.153452
1753301413.166356
1753301413.179259
1753301413.201700
1753301413.224141
1753301413.235162
1753301413.246183
1753301413.267099
1753301413.288016
1753301413.300355
1753301413.312695
1753301413.334117
1753301413.355539
1753301413.368057
1753301413.380575
1753301413.398775
1753301413.416974
1753301413.433990
1753301413.451005
1753301413.469946
1753301413.488888
1753301413.501644
1753301413.514399
1753301413.531847
1753301413.549295
1753301413.566575
1753301413.583854
1753301413.604105
1753301413.624355
1753301413.635417
1753301413.646479
1753301413.665200
1753301413.683921
1753301413.698929
1753301413.713937
1753301413.732502
1753301413.751067
1753301413.767956
1753301413.784846
1753301413.798941
1753301413.813036
1753301413.834577
1753301413.856117
1753301413.868685
1753301413.881252
1753301413.903038
1753301413.924824
1753301413.935472
1753301413.946121
1753301413.967867
1753301413.989613
1753301414.003292
1753301414.016971
1753301414.037550
1753301414.058129
1753301414.068960
1753301414.079790
1753301414.101639
1753301414.123488
1753301414.135209
1753301414.146929
1753301414.168687
1753301414.190446
1753301414.201775
1753301414.213103
1753301414.232061
1753301414.251020
1753301414.271288
1753301414.291557
1753301414.302736
1753301414.313914
1753301414.335061
1753301414.356207
1753301414.368636
1753301414.381065
1753301414.402439
1753301414.423813
1753301414.435585
1753301414.447357
1753301414.468616
1753301414.489874
1753301414.502011
1753301414.514149
1753301414.535074
1753301414.555999
1753301414.570426
1753301414.584852
1753301414.601489
1753301414.618125
1753301414.635893
1753301414.653662
1753301414.669796
1753301414.685931
1753301414.703732
1753301414.721533
1753301414.734020
1753301414.746507
1753301414.766972
1753301414.787437
1753301414.804533
1753301414.821628
1753301414.837132
1753301414.852637
1753301414.866690
1753301414.880743
1753301414.901553
1753301414.922362
1753301414.936738
1753301414.951114
1753301414.970910
1753301414.990706
1753301415.001990
1753301415.013275
1753301415.034796
1753301415.056317
1753301415.070346
1753301415.084375
1753301415.104650
1753301415.124924
1753301415.135768
1753301415.146613
1753301415.167692
1753301415.188772
1753301415.201428
1753301415.214084
1753301415.236283
1753301415.258482
1753301415.269518
1753301415.280554
1753301415.302288
1753301415.324021
1753301415.335723
1753301415.347425
1753301415.368402
1753301415.389378
1753301415.401351
1753301415.413325
1753301415.435390
1753301415.457454
1753301415.469723
1753301415.481992
1753301415.502890
1753301415.523788
1753301415.535214
1753301415.546640
1753301415.568516
1753301415.590393
1753301415.602737
1753301415.615081
1753301415.635771
1753301415.656461
1753301415.668321
1753301415.680180
1753301415.700803
1753301415.721425
1753301415.735226
1753301415.749027
1753301415.769495
1753301415.789962
1753301415.802109
1753301415.814257
1753301415.835240
1753301415.856223
1753301415.869758
1753301415.883292
1753301415.900502
1753301415.917712
1753301415.932499
1753301415.947286
1753301415.967402
1753301415.987519
1753301416.005749
1753301416.023979
1753301416.038688
1753301416.053397
1753301416.067961
1753301416.082525
1753301416.103785
1753301416.125045
1753301416.136957
1753301416.148869
1753301416.170218
1753301416.191568
1753301416.203786
1753301416.216005
1753301416.236381
1753301416.256757
1753301416.271834
1753301416.286911
1753301416.305168
1753301416.323424
1753301416.335387
1753301416.347350
1753301416.366424
1753301416.385498
1753301416.400505
1753301416.415512
1753301416.431674
1753301416.447837
1753301416.464126
1753301416.480415
1753301416.496991
1753301416.513567
1753301416.530174
1753301416.546781
1753301416.568286
1753301416.589792
1753301416.602134
1753301416.614476
1753301416.631546
1753301416.648617
1753301416.665133
1753301416.681650
1753301416.701925
1753301416.722200
1753301416.734851
1753301416.747503
1753301416.768794
1753301416.790085
1753301416.805342
1753301416.820599
1753301416.839050
1753301416.857501
1753301416.869525
1753301416.881549
1753301416.902311
1753301416.923073
1753301416.938311
1753301416.953549
1753301416.970261
1753301416.986973
1753301417.001738
1753301417.016502
1753301417.036895
1753301417.057288
1753301417.070259
1753301417.083229
1753301417.104655
1753301417.126081
1753301417.136766
1753301417.147451
1753301417.169605
1753301417.191759
1753301417.204104
1753301417.216450
1753301417.237793
1753301417.259137
1753301417.269960
1753301417.280784
1753301417.302135
1753301417.323486
1753301417.337703
1753301417.351919
1753301417.370113
1753301417.388308
1753301417.401638
1753301417.414968
1753301417.436170
1753301417.457372
1753301417.472046
1753301417.486720
1753301417.505144
1753301417.523568
1753301417.535811
1753301417.548055
1753301417.569564
1753301417.591073
1753301417.605461
1753301417.619848
1753301417.638350
1753301417.656852
1753301417.670120
1753301417.683389
1753301417.702840
1753301417.722292
1753301417.736289
1753301417.750285
1753301417.770506
1753301417.790727
1753301417.804273
1753301417.817819
1753301417.837907
1753301417.857994
1753301417.870858
1753301417.883722
1753301417.904414
1753301417.925105
1753301417.936944
1753301417.948784
1753301417.970223
1753301417.991662
1753301418.004710
1753301418.017758
1753301418.038468
1753301418.059179
1753301418.070313
1753301418.081448
1753301418.103577
1753301418.125705
1753301418.137529
1753301418.149353
1753301418.170856
1753301418.192359
1753301418.203563
1753301418.214768
1753301418.236522
1753301418.258276
1753301418.271410
1753301418.284544
1753301418.304856
1753301418.325168
1753301418.336699
1753301418.348229
1753301418.368879
1753301418.389529
1753301418.404818
1753301418.420107
1753301418.439028
1753301418.457949
1753301418.470877
1753301418.483805
1753301418.504277
1753301418.524750
1753301418.539676
1753301418.554602
1753301418.572745
1753301418.590888
1753301418.603862
1753301418.616836
1753301418.637239
1753301418.657643
1753301418.673017
1753301418.688391
1753301418.705343
1753301418.722295
1753301418.735125
1753301418.747955
1753301418.769773
1753301418.791590
1753301418.804952
1753301418.818314
1753301418.838780
1753301418.859246
1753301418.870710
1753301418.882175
1753301418.904038
1753301418.925902
1753301418.938735
1753301418.951569
1753301418.971274
1753301418.990979
1753301419.004248
1753301419.017517
1753301419.038121
1753301419.058725
1753301419.071709
1753301419.084692
1753301419.105108
1753301419.125524
1753301419.136993
1753301419.148462
1753301419.169807
1753301419.191153
1753301419.204997
1753301419.218841
1753301419.237967
1753301419.257093
1753301419.269498
1753301419.281903
1753301419.303414
1753301419.324926
1753301419.338903
1753301419.352880
1753301419.372517
1753301419.392153
1753301419.403808
1753301419.415462
1753301419.436873
1753301419.458284
1753301419.472162
1753301419.486041
1753301419.506244
1753301419.526446
1753301419.541390
1753301419.556335
1753301419.569181
1753301419.582028
1753301419.604329
1753301419.626629
1753301419.639806
1753301419.652983
1753301419.672467
1753301419.691951
1753301419.705814
1753301419.719677
1753301419.735543
1753301419.751408
1753301419.771567
1753301419.791726
1753301419.807329
1753301419.822931
1753301419.840795
1753301419.858659
1753301419.871583
1753301419.884506
1753301419.905066
1753301419.925626
1753301419.940295
1753301419.954964
1753301419.973256
1753301419.991548
1753301420.004107
1753301420.016666
1753301420.037642
1753301420.058619
1753301420.073752
1753301420.088886
1753301420.107117
1753301420.125348
1753301420.137295
1753301420.149242
1753301420.170761
1753301420.192279
1753301420.207036
1753301420.221794
1753301420.240186
1753301420.258579
1753301420.271418
1753301420.284257
1753301420.304420
1753301420.324584
1753301420.340029
1753301420.355474
1753301420.372730
1753301420.389987
1753301420.404805
1753301420.419623
1753301420.437939
1753301420.456255
1753301420.473948
1753301420.491641
1753301420.507059
1753301420.522476
1753301420.537940
1753301420.553404
1753301420.572063
1753301420.590722
1753301420.606029
1753301420.621335
1753301420.639683
1753301420.658030
1753301420.671690
1753301420.685351
1753301420.703508
1753301420.721665
1753301420.737716
1753301420.753768
1753301420.772923
1753301420.792077
1753301420.805737
1753301420.819397
1753301420.837850
1753301420.856302
1753301420.872982
1753301420.889661
1753301420.907226
1753301420.924791
1753301420.938631
1753301420.952470
1753301420.971142
1753301420.989813
1753301421.007465
1753301421.025117
1753301421.040268
1753301421.055419
1753301421.072926
1753301421.090432
1753301421.105482
1753301421.120532
1753301421.138988
1753301421.157443
1753301421.174672
1753301421.191901
1753301421.205919
1753301421.219937
1753301421.238593
1753301421.257248
1753301421.274605
1753301421.291962
1753301421.307538
1753301421.323113
1753301421.338897
1753301421.354681
1753301421.371786
1753301421.388891
1753301421.407023
1753301421.425155
1753301421.440823
1753301421.456491
1753301421.472126
1753301421.487760
1753301421.506114
1753301421.524469
1753301421.540373
1753301421.556277
1753301421.574051
1753301421.591825
1753301421.606384
1753301421.620942
1753301421.639121
1753301421.657300
1753301421.674880
1753301421.692459
1753301421.707025
1753301421.721590
1753301421.737082
1753301421.752573
1753301421.772207
1753301421.791841
1753301421.807489
1753301421.823137
1753301421.841009
1753301421.858881
1753301421.871128
1753301421.883374
1753301421.904556
1753301421.925738
1753301421.941339
1753301421.956939
1753301421.974282
1753301421.991624
1753301422.004145
1753301422.016665
1753301422.037592
1753301422.058520
1753301422.073529
1753301422.088538
1753301422.106736
1753301422.124934
1753301422.138994
1753301422.153055
1753301422.170253
1753301422.187451
1753301422.206346
1753301422.225240
1753301422.240759
1753301422.256278
1753301422.272708
1753301422.289138
1753301422.306576
1753301422.324014
1753301422.341522
1753301422.359030
1753301422.373897
1753301422.388763
1753301422.404847
1753301422.420931
1753301422.439204
1753301422.457477
1753301422.474960
1753301422.492443
1753301422.507815
1753301422.523187
1753301422.540102
1753301422.557016
1753301422.572547
1753301422.588078
1753301422.607700
1753301422.627323
1753301422.642178
1753301422.657032
1753301422.672387
1753301422.687741
1753301422.704448
1753301422.721155
1753301422.738334
1753301422.755514
1753301422.773770
1753301422.792027
1753301422.805491
1753301422.818956
1753301422.838109
1753301422.857261
1753301422.874532
1753301422.891802
1753301422.906083
1753301422.920364
1753301422.937668
1753301422.954973
1753301422.970471
1753301422.985970
1753301423.005813
1753301423.025656
1753301423.041275
1753301423.056893
1753301423.072130
1753301423.087367
1753301423.105906
1753301423.124445
1753301423.140192
1753301423.155939
1753301423.173594
1753301423.191249
1753301423.204911
1753301423.218573
1753301423.237828
1753301423.257082
1753301423.274598
1753301423.292114
1753301423.307419
1753301423.322724
1753301423.338841
1753301423.354959
1753301423.372465
1753301423.389971
1753301423.407346
1753301423.424721
1753301423.441429
1753301423.458137
1753301423.472644
1753301423.487151
1753301423.505832
1753301423.524513
1753301423.541247
1753301423.557981
1753301423.574130
1753301423.590279
1753301423.604388
1753301423.618496
1753301423.637856
1753301423.657215
1753301423.674715
1753301423.692215
1753301423.706774
1753301423.721333
1753301423.735771
1753301423.750209
1753301423.771856
1753301423.793502
1753301423.808635
1753301423.823768
1753301423.841648
1753301423.859528
1753301423.872201
1753301423.884874
1753301423.905551
1753301423.926228
1753301423.941649
1753301423.957071
1753301423.974581
1753301423.992090
1753301424.005281
1753301424.018472
1753301424.039133
1753301424.059794
1753301424.074895
1753301424.089996
1753301424.107907
1753301424.125817
1753301424.138324
1753301424.150832
1753301424.171156
1753301424.191481
1753301424.206471
1753301424.221462
1753301424.240518
1753301424.259574
1753301424.272449
1753301424.285324
1753301424.304600
1753301424.323875
1753301424.341579
1753301424.359283
1753301424.374682
1753301424.390082
1753301424.406140
1753301424.422199
1753301424.439898
1753301424.457597
1753301424.474507
1753301424.491418
1753301424.508828
1753301424.526239
1753301424.539003
1753301424.551767
1753301424.571465
1753301424.591162
1753301424.608006
1753301424.624851
1753301424.641150
1753301424.657448
1753301424.673184
1753301424.688920
1753301424.706574
1753301424.724229
1753301424.739682
1753301424.755135
1753301424.772604
1753301424.790072
1753301424.803434
1753301424.816796
1753301424.835011
1753301424.853227
1753301424.872100
1753301424.890974
1753301424.907323
1753301424.923672
1753301424.939556
1753301424.955440
1753301424.973608
1753301424.991775
1753301425.007990
1753301425.024206
1753301425.042008
1753301425.059811
1753301425.073845
1753301425.087879
1753301425.106810
1753301425.125740
1753301425.140982
1753301425.156223
1753301425.174028
1753301425.191833
1753301425.205948
1753301425.220063
1753301425.239044
1753301425.258025
1753301425.273722
1753301425.289420
1753301425.305081
1753301425.320742
1753301425.338149
1753301425.355555
1753301425.371488
1753301425.387420
1753301425.406942
1753301425.426464
1753301425.442257
1753301425.458050
1753301425.473923
1753301425.489796
1753301425.507428
1753301425.525060
1753301425.541085
1753301425.557111
1753301425.574805
1753301425.592499
1753301425.608074
1753301425.623649
1753301425.641207
1753301425.658766
1753301425.676188
1753301425.693611
1753301425.709543
1753301425.725475
1753301425.738523
1753301425.751570
1753301425.772189
1753301425.792808
1753301425.808860
1753301425.824912
1753301425.841815
1753301425.858717
1753301425.873640
1753301425.888562
1753301425.907847
1753301425.927133
1753301425.943238
1753301425.959344
1753301425.976250
1753301425.993156
1753301426.008204
1753301426.023251
1753301426.040705
1753301426.058159
1753301426.074339
1753301426.090520
1753301426.108298
1753301426.126076
1753301426.140401
1753301426.154727
1753301426.173507
1753301426.192287
1753301426.207449
1753301426.222611
1753301426.241766
1753301426.260921
1753301426.275321
1753301426.289721
1753301426.307493
1753301426.325266
1753301426.341010
1753301426.356753
1753301426.373156
1753301426.389558
1753301426.406082
1753301426.422605
1753301426.440751
1753301426.458896
1753301426.475572
1753301426.492248
1753301426.508507
1753301426.524767
1753301426.540328
1753301426.555889
1753301426.574017
1753301426.592144
1753301426.609497
1753301426.626850
1753301426.642636
1753301426.658423
1753301426.672221
1753301426.686019
1753301426.703619
1753301426.721218
1753301426.736749
1753301426.752280
1753301426.772263
1753301426.792246
1753301426.808203
1753301426.824159
1753301426.841006
1753301426.857853
1753301426.873603
1753301426.889354
1753301426.906068
1753301426.922783
1753301426.937936
1753301426.953090
1753301426.972063
1753301426.991036
1753301427.008312
1753301427.025589
1753301427.042118
1753301427.058646
1753301427.073252
1753301427.087859
1753301427.108033
1753301427.128208
1753301427.142029
1753301427.155851
1753301427.175229
1753301427.194607
1753301427.206331
1753301427.218056
1753301427.237475
1753301427.256895
1753301427.275284
1753301427.293673
1753301427.309697
1753301427.325720
1753301427.341115
1753301427.356511
1753301427.373761
1753301427.391011
1753301427.408565
1753301427.426119
1753301427.443461
1753301427.460803
1753301427.473431
1753301427.486058
1753301427.505690
1753301427.525321
1753301427.542222
1753301427.559122
1753301427.575364
1753301427.591605
1753301427.606307
1753301427.621008
1753301427.640084
1753301427.659160
1753301427.673295
1753301427.687431
1753301427.706285
1753301427.725140
1753301427.738615
1753301427.752090
1753301427.771947
1753301427.791804
1753301427.808223
1753301427.824642
1753301427.841201
1753301427.857760
1753301427.875265
1753301427.892770
1753301427.906077
1753301427.919384
1753301427.939147
1753301427.958911
1753301427.975638
1753301427.992365
1753301428.008987
1753301428.025610
1753301428.042671
1753301428.059732
1753301428.075184
1753301428.090637
1753301428.108129
1753301428.125620
1753301428.141891
1753301428.158162
1753301428.175581
1753301428.193000
1753301428.208667
1753301428.224334
1753301428.241432
1753301428.258530
1753301428.275723
1753301428.292917
1753301428.309914
1753301428.326911
1753301428.342188
1753301428.357466
1753301428.374890
1753301428.392315
1753301428.409170
1753301428.426025
1753301428.443130
1753301428.460235
1753301428.475661
1753301428.491087
1753301428.508497
1753301428.525906
1753301428.543222
1753301428.560538
1753301428.577442
1753301428.594345
1753301428.609603
1753301428.624861
1753301428.641798
1753301428.658736
1753301428.675672
1753301428.692608
1753301428.708791
1753301428.724974
1753301428.739400
1753301428.753826
1753301428.773075
1753301428.792324
1753301428.809637
1753301428.826950
1753301428.844144
1753301428.861338
1753301428.875210
1753301428.889083
1753301428.908487
1753301428.927891
1753301428.943229
1753301428.958567
1753301428.975520
1753301428.992473
1753301429.006820
1753301429.021167
1753301429.041060
1753301429.060954
1753301429.077451
1753301429.093948
1753301429.108666
1753301429.123384
1753301429.140233
1753301429.157082
1753301429.174621
1753301429.192159
1753301429.209270
1753301429.226380
1753301429.242018
1753301429.257655
1753301429.272110
1753301429.286564
1753301429.306369
1753301429.326174
1753301429.343290
1753301429.360406
1753301429.376858
1753301429.393309
1753301429.408836
1753301429.424363
1753301429.442019
1753301429.459675
1753301429.476756
1753301429.493837
1753301429.511337
1753301429.528836
1753301429.541353
1753301429.553869
1753301429.573768
1753301429.593666
1753301429.610604
1753301429.627542
1753301429.644578
1753301429.661615
1753301429.675936
1753301429.690256
1753301429.707378
1753301429.724500
1753301429.740763
1753301429.757027
1753301429.775385
1753301429.793743
1753301429.808857
1753301429.823972
1753301429.841556
1753301429.859139
1753301429.876419
1753301429.893699
1753301429.910964
1753301429.928230
1753301429.942145
1753301429.956061
1753301429.974215
1753301429.992368
1753301430.010183
1753301430.027998
1753301430.043721
1753301430.059444
1753301430.074928
1753301430.090412
1753301430.108272
1753301430.126131
1753301430.142518
1753301430.158904
1753301430.175447
1753301430.191990
1753301430.207833
1753301430.223676
1753301430.243641
1753301430.263607
1753301430.277670
1753301430.291733
1753301430.309077
1753301430.326421
1753301430.342615
1753301430.358809
1753301430.375365
1753301430.391921
1753301430.409081
1753301430.426241
1753301430.441867
1753301430.457494
1753301430.475183
1753301430.492873
1753301430.509125
1753301430.525378
1753301430.542650
1753301430.559921
1753301430.577210
1753301430.594500
1753301430.609961
1753301430.625422
1753301430.642149
1753301430.658877
1753301430.676411
1753301430.693945
1753301430.711280
1753301430.728615
1753301430.741123
1753301430.753631
1753301430.772914
1753301430.792197
1753301430.809805
1753301430.827414
1753301430.844502
1753301430.861590
1753301430.876087
1753301430.890585
1753301430.909878
1753301430.929172
1753301430.944395
1753301430.959618
1753301430.975737
1753301430.991856
1753301431.008157
1753301431.024459
1753301431.041668
1753301431.058877
1753301431.076372
1753301431.093866
1753301431.110831
1753301431.127797
1753301431.141562
1753301431.155326
1753301431.173779
1753301431.192231
1753301431.207771
1753301431.223312
1753301431.240237
1753301431.257163
1753301431.272818
1753301431.288472
1753301431.308344
1753301431.328217
1753301431.343354
1753301431.358492
1753301431.376166
1753301431.393840
1753301431.407822
1753301431.421804
1753301431.441970
1753301431.462136
1753301431.477875
1753301431.493615
1753301431.511048
1753301431.528481
1753301431.541636
1753301431.554792
1753301431.575123
1753301431.595455
1753301431.610584
1753301431.625714
1753301431.642482
1753301431.659249
1753301431.675069
1753301431.690889
1753301431.707767
1753301431.724645
1753301431.741910
1753301431.759176
1753301431.775974
1753301431.792772
1753301431.808771
1753301431.824769
1753301431.842061
1753301431.859353
1753301431.875501
1753301431.891649
1753301431.911299
1753301431.930949
1753301431.942861
1753301431.954773
1753301431.975173
1753301431.995574
1753301432.011093
1753301432.026611
1753301432.044133
1753301432.061654
1753301432.076338
1753301432.091022
1753301432.110396
1753301432.129771
1753301432.144087
1753301432.158403
1753301432.176023
1753301432.193644
1753301432.209256
1753301432.224868
1753301432.242571
1753301432.260275
1753301432.276593
1753301432.292912
1753301432.310629
1753301432.328347
1753301432.343400
1753301432.358452
1753301432.375868
1753301432.393284
1753301432.410559
1753301432.427833
1753301432.445463
1753301432.463093
1753301432.477195
1753301432.491296
1753301432.511409
1753301432.531522
1753301432.545675
1753301432.559827
1753301432.577560
1753301432.595294
1753301432.610200
1753301432.625106
1753301432.642386
1753301432.659666
1753301432.677128
1753301432.694590
1753301432.709563
1753301432.724536
1753301432.741888
1753301432.759240
1753301432.777043
1753301432.794846
1753301432.810697
1753301432.826547
1753301432.842987
1753301432.859426
1753301432.875556
1753301432.891686
1753301432.909809
1753301432.927932
1753301432.945369
1753301432.962807
1753301432.978483
1753301432.994160
1753301433.008726
1753301433.023292
1753301433.041460
1753301433.059628
1753301433.078358
1753301433.097088
1753301433.111328
1753301433.125568
1753301433.140934
1753301433.156299
1753301433.176235
1753301433.196171
1753301433.211453
1753301433.226736
1753301433.244408
1753301433.262080
1753301433.276825
1753301433.291571
1753301433.308154
1753301433.324736
1753301433.342207
1753301433.359679
1753301433.376568
1753301433.393458
1753301433.408841
1753301433.424224
1753301433.442350
1753301433.460476
1753301433.477959
1753301433.495442
1753301433.512453
1753301433.529464
1753301433.542426
1753301433.555387
1753301433.575870
1753301433.596353
1753301433.610676
1753301433.624999
1753301433.645010
1753301433.665020
1753301433.676725
1753301433.688430
1753301433.707637
1753301433.726843
1753301433.741881
1753301433.756919
1753301433.775284
1753301433.793650
1753301433.809260
1753301433.824870
1753301433.845503
1753301433.866136
1753301433.879095
1753301433.892053
1753301433.910160
1753301433.928266
1753301433.943511
1753301433.958755
1753301433.978979
1753301433.999203
1753301434.012910
1753301434.026617
1753301434.044673
1753301434.062729
1753301434.076685
1753301434.090641
1753301434.109040
1753301434.127440
1753301434.144610
1753301434.161781
1753301434.179468
1753301434.197154
1753301434.210527
1753301434.223901
1753301434.243788
1753301434.263674
1753301434.279585
1753301434.295496
1753301434.312327
1753301434.329159
1753301434.344002
1753301434.358845
1753301434.377603
1753301434.396361
1753301434.411946
1753301434.427531
1753301434.446344
1753301434.465158
1753301434.478281
1753301434.491405
1753301434.510125
1753301434.528845
1753301434.546851
1753301434.564857
1753301434.579277
1753301434.593696
1753301434.611637
1753301434.629578
1753301434.643830
1753301434.658082
1753301434.678976
1753301434.699870
1753301434.713127
1753301434.726383
1753301434.742692
1753301434.759000
1753301434.778710
1753301434.798421
1753301434.812757
1753301434.827092
1753301434.845564
1753301434.864036
1753301434.877973
1753301434.891909
1753301434.912844
1753301434.933780
1753301434.946555
1753301434.959330
1753301434.977759
1753301434.996188
1753301435.011008
1753301435.025828
1753301435.044664
1753301435.063500
1753301435.080373
1753301435.097246
1753301435.112369
1753301435.127491
1753301435.142466
1753301435.157440
1753301435.178036
1753301435.198632
1753301435.211380
1753301435.224129
1753301435.243045
1753301435.261962
1753301435.276998
1753301435.292033
1753301435.312813
1753301435.333593
1753301435.346603
1753301435.359614
1753301435.376365
1753301435.393117
1753301435.407470
1753301435.421823
1753301435.441920
1753301435.462017
1753301435.477901
1753301435.493786
1753301435.509558
1753301435.525330
1753301435.540278
1753301435.555227
1753301435.574301
1753301435.593374
1753301435.609459
1753301435.625545
1753301435.643016
1753301435.660487
1753301435.675101
1753301435.689715
1753301435.708102
1753301435.726490
1753301435.743490
1753301435.760489
1753301435.780359
1753301435.800229
1753301435.811795
1753301435.823361
1753301435.842335
1753301435.861308
1753301435.876139
1753301435.890970
1753301435.909564
1753301435.928158
1753301435.943952
1753301435.959746
1753301435.977649
1753301435.995553
1753301436.011681
1753301436.027809
1753301436.048424
1753301436.069040
1753301436.079571
1753301436.090101
1753301436.108982
1753301436.127863
1753301436.146953
1753301436.166043
1753301436.179918
1753301436.193792
1753301436.210912
1753301436.228032
1753301436.242485
1753301436.256938
1753301436.279008
1753301436.301078
1753301436.313708
1753301436.326338
1753301436.345274
1753301436.364211
1753301436.379111
1753301436.394011
1753301436.411892
1753301436.429773
1753301436.445244
1753301436.460714
1753301436.477835
1753301436.494955
1753301436.513750
1753301436.532544
1753301436.546210
1753301436.559877
1753301436.578250
1753301436.596623
1753301436.615197
1753301436.633771
1753301436.647352
1753301436.660932
1753301436.679278
1753301436.697625
1753301436.711366
1753301436.725107
1753301436.742918
1753301436.760730
1753301436.777027
1753301436.793324
1753301436.809210
1753301436.825096
1753301436.844788
1753301436.864480
1753301436.879220
1753301436.893960
1753301436.912516
1753301436.931072
1753301436.945132
1753301436.959191
1753301436.978004
1753301436.996818
1753301437.014616
1753301437.032414
1753301437.047100
1753301437.061786
1753301437.077911
1753301437.094037
1753301437.111297
1753301437.128557
1753301437.146216
1753301437.163876
1753301437.181947
1753301437.200017
1753301437.212051
1753301437.224085
1753301437.242868
1753301437.261651
1753301437.280253
1753301437.298855
1753301437.312922
1753301437.326990
1753301437.344781
1753301437.362573
1753301437.379562
1753301437.396552
1753301437.414293
1753301437.432033
1753301437.445625
1753301437.459216
1753301437.476872
1753301437.494529
1753301437.512145
1753301437.529761
1753301437.547513
1753301437.565265
1753301437.580267
1753301437.595270
1753301437.611140
1753301437.627011
1753301437.644502
1753301437.661992
1753301437.682926
1753301437.703859
1753301437.714468
1753301437.725078
1753301437.741700
1753301437.758321
1753301437.776275
1753301437.794229
1753301437.812597
1753301437.830965
1753301437.846230
1753301437.861495
1753301437.876050
1753301437.890606
1753301437.907705
1753301437.924804
1753301437.942143
1753301437.959483
1753301437.976086
1753301437.992689
1753301438.013348
1753301438.034006
1753301438.046614
1753301438.059221
1753301438.078268
1753301438.097315
1753301438.114876
1753301438.132437
1753301438.145617
1753301438.158796
1753301438.177521
1753301438.196245
1753301438.212201
1753301438.228157
1753301438.246838
1753301438.265519
1753301438.279317
1753301438.293115
1753301438.311912
1753301438.330708
1753301438.347334
1753301438.363960
1753301438.381823
1753301438.399685
1753301438.413024
1753301438.426363
1753301438.445099
1753301438.463835
1753301438.483519
1753301438.503203
1753301438.515017
1753301438.526831
1753301438.547639
1753301438.568447
1753301438.580244
1753301438.592040
1753301438.613111
1753301438.634182
1753301438.647700
1753301438.661218
1753301438.679820
1753301438.698422
1753301438.712604
1753301438.726786
1753301438.744566
1753301438.762347
1753301438.782835
1753301438.803323
1753301438.814481
1753301438.825639
1753301438.844859
1753301438.864079
1753301438.878915
1753301438.893751
1753301438.912997
1753301438.932244
1753301438.946144
1753301438.960044
1753301438.978861
1753301438.997678
1753301439.013609
1753301439.029540
1753301439.049847
1753301439.070154
1753301439.080937
1753301439.091720
1753301439.115047
1753301439.138375
1753301439.148290
1753301439.158205
1753301439.180927
1753301439.203649
1753301439.214447
1753301439.225245
1753301439.244948
1753301439.264652
1753301439.280131
1753301439.295611
1753301439.315042
1753301439.334472
1753301439.346512
1753301439.358552
1753301439.377219
1753301439.395886
1753301439.416242
1753301439.436598
1753301439.448307
1753301439.460016
1753301439.477261
1753301439.494505
1753301439.512551
1753301439.530597
1753301439.548424
1753301439.566251
1753301439.580440
1753301439.594629
1753301439.611134
1753301439.627638
1753301439.647461
1753301439.667284
1753301439.680619
1753301439.693954
1753301439.711100
1753301439.728246
1753301439.742804
1753301439.757362
1753301439.780633
1753301439.803904
1753301439.815409
1753301439.826914
1753301439.848632
1753301439.870350
1753301439.881253
1753301439.892156
1753301439.914902
1753301439.937648
1753301439.948762
1753301439.959877
1753301439.981176
1753301440.002475
1753301440.014199
1753301440.025924
1753301440.045004
1753301440.064085
1753301440.082052
1753301440.100020
1753301440.114667
1753301440.129314
1753301440.145050
1753301440.160785
1753301440.179430
1753301440.198074
1753301440.215215
1753301440.232355
1753301440.246813
1753301440.261271
1753301440.279584
1753301440.297898
1753301440.313945
1753301440.329991
1753301440.350654
1753301440.371316
1753301440.382268
1753301440.393221
1753301440.413093
1753301440.432964
1753301440.446697
1753301440.460430
1753301440.481265
1753301440.502099
1753301440.514843
1753301440.527587
1753301440.546427
1753301440.565268
1753301440.579525
1753301440.593783
1753301440.613835
1753301440.633887
1753301440.647608
1753301440.661329
1753301440.679692
1753301440.698054
1753301440.712499
1753301440.726943
1753301440.745018
1753301440.763094
1753301440.783608
1753301440.804123
1753301440.815298
1753301440.826472
1753301440.848473
1753301440.870473
1753301440.882039
1753301440.893604
1753301440.913832
1753301440.934060
1753301440.947230
1753301440.960400
1753301440.981352
1753301441.002304
1753301441.015005
1753301441.027705
1753301441.047899
1753301441.068093
1753301441.080523
1753301441.092953
1753301441.114750
1753301441.136547
1753301441.148384
1753301441.160221
1753301441.181695
1753301441.203168
1753301441.214634
1753301441.226101
1753301441.247423
1753301441.268745
1753301441.281410
1753301441.294075
1753301441.313713
1753301441.333351
1753301441.346527
1753301441.359702
1753301441.380316
1753301441.400931
1753301441.414542
1753301441.428153
1753301441.445962
1753301441.463772
1753301441.478005
1753301441.492238
1753301441.513000
1753301441.533762
1753301441.547790
1753301441.561818
1753301441.582842
1753301441.603867
1753301441.614960
1753301441.626053
1753301441.648208
1753301441.670362
1753301441.681770
1753301441.693179
1753301441.712021
1753301441.730863
1753301441.744679
1753301441.758495
1753301441.782401
1753301441.806307
1753301441.816437
1753301441.826567
1753301441.848035
1753301441.869504
1753301441.881157
1753301441.892810
1753301441.915633
1753301441.938456
1753301441.949381
1753301441.960307
1753301441.981875
1753301442.003444
1753301442.014986
1753301442.026528
1753301442.048192
1753301442.069855
1753301442.082141
1753301442.094427
1753301442.116768
1753301442.139109
1753301442.149055
1753301442.159001
1753301442.182232
1753301442.205464
1753301442.216404
1753301442.227344
1753301442.247702
1753301442.268060
1753301442.280926
1753301442.293791
1753301442.314742
1753301442.335692
1753301442.348672
1753301442.361653
1753301442.381078
1753301442.400502
1753301442.413843
1753301442.427184
1753301442.447066
1753301442.466948
1753301442.483057
1753301442.499165
1753301442.515836
1753301442.532508
1753301442.546510
1753301442.560511
1753301442.580853
1753301442.601195
1753301442.615175
1753301442.629155
1753301442.649288
1753301442.669422
1753301442.681486
1753301442.693550
1753301442.713265
1753301442.732980
1753301442.748380
1753301442.763780
1753301442.784574
1753301442.805368
1753301442.816151
1753301442.826934
1753301442.850350
1753301442.873766
1753301442.883676
1753301442.893585
1753301442.914469
1753301442.935352
1753301442.947819
1753301442.960286
1753301442.981620
1753301443.002954
1753301443.015561
1753301443.028168
1753301443.049554
1753301443.070941
1753301443.082245
1753301443.093549
1753301443.116287
1753301443.139024
1753301443.150118
1753301443.161212
1753301443.181818
1753301443.202424
1753301443.214680
1753301443.226936
1753301443.248471
1753301443.270006
1753301443.283170
1753301443.296335
1753301443.317288
1753301443.338241
1753301443.349211
1753301443.360181
1753301443.378838
1753301443.397494
1753301443.418622
1753301443.439749
1753301443.450104
1753301443.460459
1753301443.480227
1753301443.499996
1753301443.513745
1753301443.527494
1753301443.549439
1753301443.571385
1753301443.582794
1753301443.594204
1753301443.615556
1753301443.636909
1753301443.648690
1753301443.660471
1753301443.683569
1753301443.706668
1753301443.717127
1753301443.727587
1753301443.745517
1753301443.763447
1753301443.784656
1753301443.805864
1753301443.816565
1753301443.827265
1753301443.849178
1753301443.871091
1753301443.882625
1753301443.894159
1753301443.915354
1753301443.936548
1753301443.949315
1753301443.962082
1753301443.983356
1753301444.004631
1753301444.015965
1753301444.027300
1753301444.048758
1753301444.070216
1753301444.083231
1753301444.096246
1753301444.117361
1753301444.138476
1753301444.150023
1753301444.161571
1753301444.182601
1753301444.203632
1753301444.215781
1753301444.227930
1753301444.249229
1753301444.270528
1753301444.282502
1753301444.294476
1753301444.317619
1753301444.340762
1753301444.350931
1753301444.361100
1753301444.382049
1753301444.402998
1753301444.415413
1753301444.427828
1753301444.449129
1753301444.470429
1753301444.483809
1753301444.497188
1753301444.518382
1753301444.539576
1753301444.551605
1753301444.563634
1753301444.579236
1753301444.594837
1753301444.616201
1753301444.637565
1753301444.650788
1753301444.664012
1753301444.685375
1753301444.706739
1753301444.717534
1753301444.728329
1753301444.747124
1753301444.765919
1753301444.781425
1753301444.796931
1753301444.818054
1753301444.839177
1753301444.850461
1753301444.861746
1753301444.880071
1753301444.898396
1753301444.917355
1753301444.936314
1753301444.952742
1753301444.969170
1753301444.986376
1753301445.003581
1753301445.015910
1753301445.028239
1753301445.048316
1753301445.068393
1753301445.083281
1753301445.098169
1753301445.119023
1753301445.139877
1753301445.150752
1753301445.161626
1753301445.182532
1753301445.203438
1753301445.216772
1753301445.230106
1753301445.251523
1753301445.272939
1753301445.283740
1753301445.294541
1753301445.315658
1753301445.336774
1753301445.349776
1753301445.362777
1753301445.382581
1753301445.402384
1753301445.415365
1753301445.428346
1753301445.449340
1753301445.470334
1753301445.483805
1753301445.497276
1753301445.517482
1753301445.537688
1753301445.549588
1753301445.561488
1753301445.582655
1753301445.603822
1753301445.617351
1753301445.630879
1753301445.651593
1753301445.672308
1753301445.683654
1753301445.695000
1753301445.714231
1753301445.733462
1753301445.749982
1753301445.766502
1753301445.786971
1753301445.807440
1753301445.817886
1753301445.828332
1753301445.849876
1753301445.871420
1753301445.883816
1753301445.896213
1753301445.916377
1753301445.936540
1753301445.949261
1753301445.961982
1753301445.984870
1753301446.007758
1753301446.018215
1753301446.028673
1753301446.050546
1753301446.072419
1753301446.084036
1753301446.095654
1753301446.118009
1753301446.140364
1753301446.151722
1753301446.163081
1753301446.185426
1753301446.207772
1753301446.218313
1753301446.228854
1753301446.250454
1753301446.272055
1753301446.283870
1753301446.295684
1753301446.317185
1753301446.338687
1753301446.350668
1753301446.362649
1753301446.383617
1753301446.404585
1753301446.418368
1753301446.432151
1753301446.452922
1753301446.473693
1753301446.484602
1753301446.495512
1753301446.518330
1753301446.541147
1753301446.551281
1753301446.561416
1753301446.582839
1753301446.604262
1753301446.616949
1753301446.629635
1753301446.650710
1753301446.671784
1753301446.684400
1753301446.697015
1753301446.716650
1753301446.736285
1753301446.748915
1753301446.761546
1753301446.783796
1753301446.806046
1753301446.818778
1753301446.831509
1753301446.849387
1753301446.867265
1753301446.881671
1753301446.896077
1753301446.917701
1753301446.939325
1753301446.951599
1753301446.963872
1753301446.985317
1753301447.006762
1753301447.018184
1753301447.029606
1753301447.050712
1753301447.071818
1753301447.084708
1753301447.097598
1753301447.118298
1753301447.138997
1753301447.151029
1753301447.163060
1753301447.184293
1753301447.205526
1753301447.217884
1753301447.230242
1753301447.251949
1753301447.273656
1753301447.284617
1753301447.295578
1753301447.316791
1753301447.338004
1753301447.350815
1753301447.363625
1753301447.385774
1753301447.407922
1753301447.418385
1753301447.428848
1753301447.451949
1753301447.475050
1753301447.485693
1753301447.496336
1753301447.517774
1753301447.539212
1753301447.550909
1753301447.562606
1753301447.583790
1753301447.604973
1753301447.618443
1753301447.631914
1753301447.652667
1753301447.673420
1753301447.684751
1753301447.696081
1753301447.715245
1753301447.734409
1753301447.750162
1753301447.765914
1753301447.786739
1753301447.807564
1753301447.818430
1753301447.829297
1753301447.851042
1753301447.872786
1753301447.884876
1753301447.896967
1753301447.917415
1753301447.937863
1753301447.950656
1753301447.963449
1753301447.984251
1753301448.005052
1753301448.019422
1753301448.033792
1753301448.053967
1753301448.074143
1753301448.085104
1753301448.096066
1753301448.117718
1753301448.139370
1753301448.152025
1753301448.164681
1753301448.185826
1753301448.206972
1753301448.218101
1753301448.229229
1753301448.251075
1753301448.272921
1753301448.286732
1753301448.300543
1753301448.321013
1753301448.341483
1753301448.352079
1753301448.362675
1753301448.383069
1753301448.403463
1753301448.420927
1753301448.438391
1753301448.452287
1753301448.466184
1753301448.483135
1753301448.500087
1753301448.517810
1753301448.535534
1753301448.553548
1753301448.571562
1753301448.585502
1753301448.599442
1753301448.615141
1753301448.630841
1753301448.651546
1753301448.672250
1753301448.686069
1753301448.699889
1753301448.717849
1753301448.735810
1753301448.748841
1753301448.761872
1753301448.784188
1753301448.806504
1753301448.818595
1753301448.830686
1753301448.851784
1753301448.872882
1753301448.884250
1753301448.895619
1753301448.914506
1753301448.933393
1753301448.948464
1753301448.963535
1753301448.983548
1753301449.003561
1753301449.016901
1753301449.030241
1753301449.050055
1753301449.069868
1753301449.084758
1753301449.099648
1753301449.120338
1753301449.141028
1753301449.152091
1753301449.163154
1753301449.184267
1753301449.205379
1753301449.218377
1753301449.231375
1753301449.252841
1753301449.274306
1753301449.285296
1753301449.296287
1753301449.317995
1753301449.339702
1753301449.352133
1753301449.364565
1753301449.384294
1753301449.404022
1753301449.416954
1753301449.429885
1753301449.451377
1753301449.472870
1753301449.485427
1753301449.497984
1753301449.519261
1753301449.540538
1753301449.551869
1753301449.563200
1753301449.585941
1753301449.608682
1753301449.620160
1753301449.631637
1753301449.652500
1753301449.673363
1753301449.684969
1753301449.696576
1753301449.716549
1753301449.736523
1753301449.751648
1753301449.766774
1753301449.787408
1753301449.808042
1753301449.819028
1753301449.830015
1753301449.849319
1753301449.868623
1753301449.887482
1753301449.906341
1753301449.920803
1753301449.935265
1753301449.950490
1753301449.965715
1753301449.985629
1753301450.005543
1753301450.020293
1753301450.035044
1753301450.055173
1753301450.075302
1753301450.085992
1753301450.096683
1753301450.118690
1753301450.140698
1753301450.153887
1753301450.167076
1753301450.187788
1753301450.208501
1753301450.219524
1753301450.230548
1753301450.252259
1753301450.273970
1753301450.286314
1753301450.298659
1753301450.320176
1753301450.341692
1753301450.352680
1753301450.363668
1753301450.384287
1753301450.404906
1753301450.419827
1753301450.434748
1753301450.454976
1753301450.475204
1753301450.486238
1753301450.497273
1753301450.518998
1753301450.540723
1753301450.555334
1753301450.569944
1753301450.587893
1753301450.605842
1753301450.619513
1753301450.633184
1753301450.653498
1753301450.673812
1753301450.688403
1753301450.702994
1753301450.721247
1753301450.739499
1753301450.751348
1753301450.763197
1753301450.784703
1753301450.806209
1753301450.822041
1753301450.837873
1753301450.855396
1753301450.872919
1753301450.886385
1753301450.899851
1753301450.920558
1753301450.941265
1753301450.955666
1753301450.970067
1753301450.988409
1753301451.006750
1753301451.019174
1753301451.031598
1753301451.051236
1753301451.070874
1753301451.088928
1753301451.106981
1753301451.121250
1753301451.135519
1753301451.151827
1753301451.168136
1753301451.184650
1753301451.201165
1753301451.218410
1753301451.235654
1753301451.254526
1753301451.273398
1753301451.285440
1753301451.297483
1753301451.319276
1753301451.341070
1753301451.353918
1753301451.366765
1753301451.386816
1753301451.406867
1753301451.419031
1753301451.431194
1753301451.452613
1753301451.474032
1753301451.488681
1753301451.503330
1753301451.521672
1753301451.540014
1753301451.552181
1753301451.564348
1753301451.585258
1753301451.606169
1753301451.622016
1753301451.637864
1753301451.655168
1753301451.672472
1753301451.685574
1753301451.698676
1753301451.719863
1753301451.741050
1753301451.752728
1753301451.764405
1753301451.787342
1753301451.810278
1753301451.820730
1753301451.831182
1753301451.852558
1753301451.873933
1753301451.888656
1753301451.903378
1753301451.921393
1753301451.939408
1753301451.951999
1753301451.964590
1753301451.985849
1753301452.007109
1753301452.021894
1753301452.036680
1753301452.054246
1753301452.071812
1753301452.086495
1753301452.101179
1753301452.121031
1753301452.140883
1753301452.154840
1753301452.168796
1753301452.189103
1753301452.209410
1753301452.220399
1753301452.231389
1753301452.252184
1753301452.272979
1753301452.289835
1753301452.306691
1753301452.322763
1753301452.338835
1753301452.352782
1753301452.366730
1753301452.382690
1753301452.398650
1753301452.419982
1753301452.441315
1753301452.455693
1753301452.470071
1753301452.485929
1753301452.501787
1753301452.521370
1753301452.540953
1753301452.556093
1753301452.571233
1753301452.587142
1753301452.603051
1753301452.621016
1753301452.638981
1753301452.653708
1753301452.668434
1753301452.688715
1753301452.708996
1753301452.721328
1753301452.733661
1753301452.752065
1753301452.770469
1753301452.785970
1753301452.801472
1753301452.821847
1753301452.842223
1753301452.855901
1753301452.869580
1753301452.888330
1753301452.907081
1753301452.919390
1753301452.931700
1753301452.954769
1753301452.977837
1753301452.990158
1753301453.002479
1753301453.021568
1753301453.040656
1753301453.056678
1753301453.072700
1753301453.086874
1753301453.101048
1753301453.120942
1753301453.140836
1753301453.155498
1753301453.170159
1753301453.188549
1753301453.206939
1753301453.219682
1753301453.232424
1753301453.253185
1753301453.273945
1753301453.288338
1753301453.302730
1753301453.321788
1753301453.340846
1753301453.353146
1753301453.365446
1753301453.386079
1753301453.406711
1753301453.421921
1753301453.437131
1753301453.455474
1753301453.473817
1753301453.486481
1753301453.499145
1753301453.520111
1753301453.541077
1753301453.555833
1753301453.570589
1753301453.589113
1753301453.607638
1753301453.619715
1753301453.631792
1753301453.653316
1753301453.674841
1753301453.689182
1753301453.703523
1753301453.721430
1753301453.739338
1753301453.751913
1753301453.764487
1753301453.786249
1753301453.808010
1753301453.822355
1753301453.836699
1753301453.855248
1753301453.873798
1753301453.886312
1753301453.898825
1753301453.919842
1753301453.940860
1753301453.955580
1753301453.970300
1753301453.989121
1753301454.007943
1753301454.020345
1753301454.032747
1753301454.054091
1753301454.075436
1753301454.090033
1753301454.104630
1753301454.122887
1753301454.141144
1753301454.154467
1753301454.167790
1753301454.188119
1753301454.208448
1753301454.223424
1753301454.238400
1753301454.256809
1753301454.275217
1753301454.287468
1753301454.299720
1753301454.320730
1753301454.341740
1753301454.356515
1753301454.371290
1753301454.389370
1753301454.407450
1753301454.421618
1753301454.435786
1753301454.454013
1753301454.472240
1753301454.490312
1753301454.508383
1753301454.523583
1753301454.538783
1753301454.554976
1753301454.571170
1753301454.588245
1753301454.605320
1753301454.623442
1753301454.641564
1753301454.656801
1753301454.672039
1753301454.688984
1753301454.705930
1753301454.721522
1753301454.737114
1753301454.754381
1753301454.771648
1753301454.789958
1753301454.808269
1753301454.821084
1753301454.833900
1753301454.854423
1753301454.874945
1753301454.889750
1753301454.904554
1753301454.922680
1753301454.940806
1753301454.953943
1753301454.967080
1753301454.987442
1753301455.007803
1753301455.023216
1753301455.038628
1753301455.056990
1753301455.075352
1753301455.087906
1753301455.100461
1753301455.120984
1753301455.141507
1753301455.156482
1753301455.171457
1753301455.189721
1753301455.207985
1753301455.220406
1753301455.232826
1753301455.254467
1753301455.276107
1753301455.289140
1753301455.302172
1753301455.321319
1753301455.340465
1753301455.353291
1753301455.366116
1753301455.385609
1753301455.405101
1753301455.422806
1753301455.440511
1753301455.457275
1753301455.474040
1753301455.486830
1753301455.499621
1753301455.521454
1753301455.543287
1753301455.556586
1753301455.569884
1753301455.588707
1753301455.607530
1753301455.621483
1753301455.635436
1753301455.655032
1753301455.674628
1753301455.689657
1753301455.704686
1753301455.722754
1753301455.740822
1753301455.753709
1753301455.766596
1753301455.787472
1753301455.808349
1753301455.823106
1753301455.837864
1753301455.857495
1753301455.877127
1753301455.888351
1753301455.899575
1753301455.921076
1753301455.942577
1753301455.956729
1753301455.970881
1753301455.989465
1753301456.008050
1753301456.020178
1753301456.032307
1753301456.051660
1753301456.071012
1753301456.089800
1753301456.108589
1753301456.123893
1753301456.139197
1753301456.153682
1753301456.168167
1753301456.188658
1753301456.209149
1753301456.223195
1753301456.237241
1753301456.256170
1753301456.275098
1753301456.287686
1753301456.300274
1753301456.321184
1753301456.342095
1753301456.357442
1753301456.372789
1753301456.388999
1753301456.405209
1753301456.419117
1753301456.433025
1753301456.454888
1753301456.476751
1753301456.491272
1753301456.505794
1753301456.523751
1753301456.541707
1753301456.554368
1753301456.567029
1753301456.587945
1753301456.608861
1753301456.622242
1753301456.635624
1753301456.655828
1753301456.676032
1753301456.688632
1753301456.701233
1753301456.720884
1753301456.740536
1753301456.756855
1753301456.773174
1753301456.790731
1753301456.808288
1753301456.823314
1753301456.838339
1753301456.856409
1753301456.874479
1753301456.891521
1753301456.908564
1753301456.923061
1753301456.937559
1753301456.952791
1753301456.968023
1753301456.988256
1753301457.008490
1753301457.023464
1753301457.038438
1753301457.057581
1753301457.076724
1753301457.088925
1753301457.101127
1753301457.121222
1753301457.141317
1753301457.157264
1753301457.173211
1753301457.190967
1753301457.208722
1753301457.221496
1753301457.234269
1753301457.254999
1753301457.275730
1753301457.291185
1753301457.306641
1753301457.324449
1753301457.342257
1753301457.355075
1753301457.367893
1753301457.388124
1753301457.408356
1753301457.424355
1753301457.440353
1753301457.457788
1753301457.475222
1753301457.487833
1753301457.500445
1753301457.521298
1753301457.542152
1753301457.557490
1753301457.572829
1753301457.590662
1753301457.608496
1753301457.622364
1753301457.636231
1753301457.656096
1753301457.675962
1753301457.691178
1753301457.706394
1753301457.723948
1753301457.741503
1753301457.754128
1753301457.766754
1753301457.788049
1753301457.809343
1753301457.824741
1753301457.840139
1753301457.857846
1753301457.875553
1753301457.888764
1753301457.901975
1753301457.921330
1753301457.940686
1753301457.958189
1753301457.975691
1753301457.990955
1753301458.006219
1753301458.022272
1753301458.038324
1753301458.056339
1753301458.074354
1753301458.091406
1753301458.108459
1753301458.124513
1753301458.140567
1753301458.156107
1753301458.171648
1753301458.190155
1753301458.208662
1753301458.224221
1753301458.239781
1753301458.258011
1753301458.276242
1753301458.289619
1753301458.302997
1753301458.320729
1753301458.338461
1753301458.357847
1753301458.377233
1753301458.391939
1753301458.406644
1753301458.422415
1753301458.438187
1753301458.457119
1753301458.476052
1753301458.491943
1753301458.507835
1753301458.524199
1753301458.540564
1753301458.556312
1753301458.572060
1753301458.590226
1753301458.608391
1753301458.625211
1753301458.642031
1753301458.659137
1753301458.676243
1753301458.690955
1753301458.705666
1753301458.723639
1753301458.741613
1753301458.757964
1753301458.774315
1753301458.791868
1753301458.809421
1753301458.824878
1753301458.840334
1753301458.857522
1753301458.874709
1753301458.891258
1753301458.907808
1753301458.923160
1753301458.938512
1753301458.957682
1753301458.976852
1753301458.990868
1753301459.004883
1753301459.024074
1753301459.043264
1753301459.058980
1753301459.074696
1753301459.089681
1753301459.104666
1753301459.123249
1753301459.141831
1753301459.157433
1753301459.173035
1753301459.190722
1753301459.208409
1753301459.222200
1753301459.235992
1753301459.255083
1753301459.274173
1753301459.291342
1753301459.308510
1753301459.325027
1753301459.341543
1753301459.356786
1753301459.372029
1753301459.390002
1753301459.407974
1753301459.424227
1753301459.440479
1753301459.458086
1753301459.475693
1753301459.489328
1753301459.502964
1753301459.522169
1753301459.541374
1753301459.557532
1753301459.573690
1753301459.591316
1753301459.608942
1753301459.621953
1753301459.634965
1753301459.655170
1753301459.675376
1753301459.691550
1753301459.707724
1753301459.724446
1753301459.741168
1753301459.754843
1753301459.768517
1753301459.787730
1753301459.806944
1753301459.824649
1753301459.842354
1753301459.857913
1753301459.873473
1753301459.887141
1753301459.900810
1753301459.919312
1753301459.937814
1753301459.953727
1753301459.969641
1753301459.988210
1753301460.006780
1753301460.023060
1753301460.039341
1753301460.056817
1753301460.074293
1753301460.091592
1753301460.108891
1753301460.125695
1753301460.142500
1753301460.157695
1753301460.172891
1753301460.190693
1753301460.208495
1753301460.224824
1753301460.241153
1753301460.257849
1753301460.274546
1753301460.290360
1753301460.306175
1753301460.323694
1753301460.341213
1753301460.358504
1753301460.375795
1753301460.391863
1753301460.407932
1753301460.424062
1753301460.440191
1753301460.457092
1753301460.473993
1753301460.491484
1753301460.508974
1753301460.525231
1753301460.541488
1753301460.555393
1753301460.569299
1753301460.588225
1753301460.607152
1753301460.624596
1753301460.642039
1753301460.657095
1753301460.672151
1753301460.690084
1753301460.708016
1753301460.724018
1753301460.740019
1753301460.756948
1753301460.773878
1753301460.791310
1753301460.808742
1753301460.823450
1753301460.838157
1753301460.857538
1753301460.876919
1753301460.891831
1753301460.906743
1753301460.924733
1753301460.942723
1753301460.958054
1753301460.973384
1753301460.991152
1753301461.008921
1753301461.025134
1753301461.041346
1753301461.058318
1753301461.075289
1753301461.091000
1753301461.106710
1753301461.123440
1753301461.140170
1753301461.157629
1753301461.175088
1753301461.189243
1753301461.203399
1753301461.220881
1753301461.238362
1753301461.253879
1753301461.269395
1753301461.287024
1753301461.304652
1753301461.324264
1753301461.343875
1753301461.359587
1753301461.375300
1753301461.392388
1753301461.409477
1753301461.422991
1753301461.436505
1753301461.456145
1753301461.475785
1753301461.492195
1753301461.508605
1753301461.524876
1753301461.541146
1753301461.555147
1753301461.569148
1753301461.588413
1753301461.607677
1753301461.624670
1753301461.641663
1753301461.658782
1753301461.675902
1753301461.689292
1753301461.702683
1753301461.722477
1753301461.742272
1753301461.758862
1753301461.775453
1753301461.791733
1753301461.808012
1753301461.822518
1753301461.837025
1753301461.857116
1753301461.877207
1753301461.892586
1753301461.907965
1753301461.925542
1753301461.943120
1753301461.956749
1753301461.970378
1753301461.989836
1753301462.009293
1753301462.025288
1753301462.041282
1753301462.057644
1753301462.074007
1753301462.090641
1753301462.107274
1753301462.124460
1753301462.141645
1753301462.158116
1753301462.174587
1753301462.191022
1753301462.207457
1753301462.224437
1753301462.241418
1753301462.257744
1753301462.274070
1753301462.291479
1753301462.308888
1753301462.325346
1753301462.341803
1753301462.357347
1753301462.372890
1753301462.390632
1753301462.408373
1753301462.424157
1753301462.439941
1753301462.458401
1753301462.476861
1753301462.490504
1753301462.504146
1753301462.523994
1753301462.543843
1753301462.559543
1753301462.575243
1753301462.592618
1753301462.609993
1753301462.623934
1753301462.637875
1753301462.657838
1753301462.677801
1753301462.692657
1753301462.707512
1753301462.724988
1753301462.742465
1753301462.756731
1753301462.770996
1753301462.791355
1753301462.811714
1753301462.826241
1753301462.840767
1753301462.858211
1753301462.875655
1753301462.889441
1753301462.903226
1753301462.923497
1753301462.943769
1753301462.959095
1753301462.974422
1753301462.990971
1753301463.007519
1753301463.022799
1753301463.038078
1753301463.057377
1753301463.076676
1753301463.092228
1753301463.107780
1753301463.124387
1753301463.140993
1753301463.155993
1753301463.170994
1753301463.190477
1753301463.209961
1753301463.225772
1753301463.241584
1753301463.258112
1753301463.274641
1753301463.289304
1753301463.303968
1753301463.323595
1753301463.343221
1753301463.358494
1753301463.373767
1753301463.390497
1753301463.407228
1753301463.423401
1753301463.439574
1753301463.457250
1753301463.474926
1753301463.491581
1753301463.508237
1753301463.525268
1753301463.542298
1753301463.556160
1753301463.570023
1753301463.589953
1753301463.609883
1753301463.625931
1753301463.641978
1753301463.659225
1753301463.676471
1753301463.689792
1753301463.703113
1753301463.722258
1753301463.741402
1753301463.758438
1753301463.775474
1753301463.792823
1753301463.810172
1753301463.823410
1753301463.836648
1753301463.855913
1753301463.875178
1753301463.891171
1753301463.907165
1753301463.926321
1753301463.945476
1753301463.957638
1753301463.969799
1753301463.988836
1753301464.007873
1753301464.025171
1753301464.042469
1753301464.058326
1753301464.074182
1753301464.088743
1753301464.103304
1753301464.122186
1753301464.141069
1753301464.158579
1753301464.176089
1753301464.189844
1753301464.203598
1753301464.220359
1753301464.237120
1753301464.255764
1753301464.274409
1753301464.289965
1753301464.305521
1753301464.324263
1753301464.343005
1753301464.356582
1753301464.370159
1753301464.389029
1753301464.407899
1753301464.425461
1753301464.443024
1753301464.458707
1753301464.474391
1753301464.488964
1753301464.503536
1753301464.522452
1753301464.541368
1753301464.557664
1753301464.573961
1753301464.591440
1753301464.608919
1753301464.622949
1753301464.636979
1753301464.656010
1753301464.675040
1753301464.690519
1753301464.705999
1753301464.723963
1753301464.741927
1753301464.756183
1753301464.770439
1753301464.789887
1753301464.809335
1753301464.825917
1753301464.842500
1753301464.859431
1753301464.876362
1753301464.890099
1753301464.903835
1753301464.922689
1753301464.941543
1753301464.958704
1753301464.975864
1753301464.992444
1753301465.009023
1753301465.023065
1753301465.037106
1753301465.056724
1753301465.076342
1753301465.092391
1753301465.108439
1753301465.125891
1753301465.143343
1753301465.157020
1753301465.170696
1753301465.190692
1753301465.210688
1753301465.226529
1753301465.242370
1753301465.259927
1753301465.277485
1753301465.290674
1753301465.303864
1753301465.324154
1753301465.344445
1753301465.359556
1753301465.374667
1753301465.392631
1753301465.410595
1753301465.423953
1753301465.437310
1753301465.457340
1753301465.477371
1753301465.493020
1753301465.508668
1753301465.525964
1753301465.543261
1753301465.557017
1753301465.570773
1753301465.590094
1753301465.609415
1753301465.626784
1753301465.644153
1753301465.660331
1753301465.676508
1753301465.690527
1753301465.704546
1753301465.724079
1753301465.743611
1753301465.759880
1753301465.776148
1753301465.794095
1753301465.812041
1753301465.824777
1753301465.837513
1753301465.857891
1753301465.878268
1753301465.893499
1753301465.908731
1753301465.927179
1753301465.945628
1753301465.958236
1753301465.970844
1753301465.990698
1753301466.010553
1753301466.025393
1753301466.040233
1753301466.058464
1753301466.076694
1753301466.091041
1753301466.105388
1753301466.123561
1753301466.141734
1753301466.159362
1753301466.176991
1753301466.194190
1753301466.211388
1753301466.224744
1753301466.238100
1753301466.257681
1753301466.277262
1753301466.292564
1753301466.307866
1753301466.325893
1753301466.343921
1753301466.357282
1753301466.370643
1753301466.390665
1753301466.410686
1753301466.427004
1753301466.443323
1753301466.460598
1753301466.477873
1753301466.491216
1753301466.504559
1753301466.524693
1753301466.544827
1753301466.560036
1753301466.575245
1753301466.593180
1753301466.611115
1753301466.624561
1753301466.638007
1753301466.658037
1753301466.678067
1753301466.693949
1753301466.709830
1753301466.726547
1753301466.743263
1753301466.757386
1753301466.771509
1753301466.791662
1753301466.811816
1753301466.827016
1753301466.842217
1753301466.859657
1753301466.877097
1753301466.890988
1753301466.904880
1753301466.924985
1753301466.945090
1753301466.959625
1753301466.974161
1753301466.992094
1753301467.010027
1753301467.024234
1753301467.038441
1753301467.058691
1753301467.078940
1753301467.094004
1753301467.109068
1753301467.128846
1753301467.148625
1753301467.160167
1753301467.171708
1753301467.191982
1753301467.212256
1753301467.227071
1753301467.241886
1753301467.260213
1753301467.278540
1753301467.291749
1753301467.304958
1753301467.325277
1753301467.345596
1753301467.360493
1753301467.375389
1753301467.393718
1753301467.412046
1753301467.425175
1753301467.438304
1753301467.458478
1753301467.478652
1753301467.493433
1753301467.508215
1753301467.525801
1753301467.543387
1753301467.557530
1753301467.571673
1753301467.591938
1753301467.612204
1753301467.626911
1753301467.641617
1753301467.662361
1753301467.683104
1753301467.694126
1753301467.705148
1753301467.724300
1753301467.743452
1753301467.760225
1753301467.776998
1753301467.794456
1753301467.811914
1753301467.825330
1753301467.838746
1753301467.856992
1753301467.875239
1753301467.893363
1753301467.911486
1753301467.926834
1753301467.942181
1753301467.957035
1753301467.971888
1753301467.990261
1753301468.008634
1753301468.025378
1753301468.042122
1753301468.061466
1753301468.080809
1753301468.093100
1753301468.105390
1753301468.124494
1753301468.143598
1753301468.161130
1753301468.178663
1753301468.195320
1753301468.211977
1753301468.225496
1753301468.239015
1753301468.258595
1753301468.278174
1753301468.293532
1753301468.308891
1753301468.326729
1753301468.344567
1753301468.358428
1753301468.372290
1753301468.391647
1753301468.411004
1753301468.427798
1753301468.444591
1753301468.461844
1753301468.479098
1753301468.492347
1753301468.505595
1753301468.525584
1753301468.545573
1753301468.560316
1753301468.575058
1753301468.595635
1753301468.616212
1753301468.627462
1753301468.638712
1753301468.658626
1753301468.678539
1753301468.695601
1753301468.712663
1753301468.726902
1753301468.741141
1753301468.758213
1753301468.775285
1753301468.792026
1753301468.808766
1753301468.827945
1753301468.847125
1753301468.861372
1753301468.875618
1753301468.890717
1753301468.905816
1753301468.924048
1753301468.942280
1753301468.960206
1753301468.978131
1753301468.993438
1753301469.008744
1753301469.023926
1753301469.039108
1753301469.055653
1753301469.072198
1753301469.092791
1753301469.113384
1753301469.127311
1753301469.141239
