1753302366.453671
1753302366.503044
1753302366.552416
1753302366.568826
1753302366.585235
1753302366.602067
1753302366.618899
1753302366.635421
1753302366.651942
1753302366.669857
1753302366.687771
1753302366.703858
1753302366.719946
1753302366.736440
1753302366.752934
1753302366.769463
1753302366.785992
1753302366.803755
1753302366.821518
1753302366.838317
1753302366.855116
1753302366.870750
1753302366.886384
1753302366.904711
1753302366.923037
1753302366.939230
1753302366.955424
1753302366.972329
1753302366.989233
1753302367.006828
1753302367.024423
1753302367.041261
1753302367.058099
1753302367.074485
1753302367.090871
1753302367.107911
1753302367.124950
1753302367.142000
1753302367.159051
1753302367.174907
1753302367.190764
1753302367.206963
1753302367.223162
1753302367.240098
1753302367.257034
1753302367.275820
1753302367.294607
1753302367.313543
1753302367.332480
1753302367.348700
1753302367.364920
1753302367.381418
1753302367.397916
1753302367.415430
1753302367.432944
1753302367.448982
1753302367.465020
1753302367.482267
1753302367.499514
1753302367.515760
1753302367.532007
1753302367.549419
1753302367.566831
1753302367.582534
1753302367.598237
1753302367.615508
1753302367.632778
1753302367.649236
1753302367.665694
1753302367.683010
1753302367.700326
1753302367.712974
1753302367.725621
1753302367.741385
1753302367.757150
1753302367.774453
1753302367.791756
1753302367.808539
1753302367.825323
1753302367.842409
1753302367.859495
1753302367.877309
1753302367.895124
1753302367.908337
1753302367.921549
1753302367.937518
1753302367.953487
1753302367.970104
1753302367.986720
1753302368.005087
1753302368.023454
1753302368.039119
1753302368.054783
1753302368.070681
1753302368.086578
1753302368.105384
1753302368.124191
1753302368.138670
1753302368.153149
1753302368.170269
1753302368.187389
1753302368.203589
1753302368.219789
1753302368.236589
1753302368.253389
1753302368.271965
1753302368.290541
1753302368.305139
1753302368.319736
1753302368.336522
1753302368.353307
1753302368.370092
1753302368.386877
1753302368.404358
1753302368.421839
1753302368.440415
1753302368.458992
1753302368.472728
1753302368.486464
1753302368.505258
1753302368.524052
1753302368.539879
1753302368.555707
1753302368.573118
1753302368.590530
1753302368.605195
1753302368.619859
1753302368.637251
1753302368.654644
1753302368.672806
1753302368.690967
1753302368.706687
1753302368.722408
1753302368.737455
1753302368.752503
1753302368.771117
1753302368.789732
1753302368.806518
1753302368.823304
1753302368.839501
1753302368.855698
1753302368.871172
1753302368.886647
1753302368.903785
1753302368.920924
1753302368.939413
1753302368.957901
1753302368.973914
1753302368.989927
1753302369.005131
1753302369.020336
1753302369.037263
1753302369.054191
1753302369.072110
1753302369.090028
1753302369.106629
1753302369.123230
1753302369.138278
1753302369.153327
1753302369.171793
1753302369.190258
1753302369.206307
1753302369.222357
1753302369.238863
1753302369.255368
1753302369.271292
1753302369.287216
1753302369.305143
1753302369.323071
1753302369.340507
1753302369.357943
1753302369.372988
1753302369.388032
1753302369.404336
1753302369.420641
1753302369.437554
1753302369.454468
1753302369.472195
1753302369.489922
1753302369.507365
1753302369.524808
1753302369.539367
1753302369.553926
1753302369.572245
1753302369.590564
1753302369.608844
1753302369.627123
1753302369.641326
1753302369.655530
1753302369.671422
1753302369.687315
1753302369.706266
1753302369.725217
1753302369.741270
1753302369.757322
1753302369.775194
1753302369.793066
1753302369.806827
1753302369.820588
1753302369.840040
1753302369.859492
1753302369.875136
1753302369.890780
1753302369.909004
1753302369.927228
1753302369.940634
1753302369.954039
1753302369.973412
1753302369.992785
1753302370.008529
1753302370.024273
1753302370.041497
1753302370.058721
1753302370.073119
1753302370.087517
1753302370.106913
1753302370.126309
1753302370.140579
1753302370.154849
1753302370.173308
1753302370.191768
1753302370.206445
1753302370.221121
1753302370.238219
1753302370.255317
1753302370.274192
1753302370.293067
1753302370.308395
1753302370.323724
1753302370.339027
1753302370.354330
1753302370.371743
1753302370.389156
1753302370.407652
1753302370.426148
1753302370.441518
1753302370.456888
1753302370.472290
1753302370.487692
1753302370.506543
1753302370.525393
1753302370.541113
1753302370.556833
1753302370.574698
1753302370.592563
1753302370.606800
1753302370.621036
1753302370.639488
1753302370.657939
1753302370.674340
1753302370.690742
1753302370.707059
1753302370.723376
1753302370.738378
1753302370.753380
1753302370.772951
1753302370.792521
1753302370.808421
1753302370.824320
1753302370.842191
1753302370.860061
1753302370.874202
1753302370.888343
1753302370.906807
1753302370.925272
1753302370.942641
1753302370.960011
1753302370.975738
1753302370.991464
1753302371.006464
1753302371.021465
1753302371.040092
1753302371.058719
1753302371.076158
1753302371.093596
1753302371.109439
1753302371.125283
1753302371.139587
1753302371.153892
1753302371.173403
1753302371.192914
1753302371.209227
1753302371.225539
1753302371.242886
1753302371.260232
1753302371.274287
1753302371.288342
1753302371.306787
1753302371.325233
1753302371.342707
1753302371.360181
1753302371.374860
1753302371.389538
1753302371.407450
1753302371.425362
1753302371.441382
1753302371.457402
1753302371.474993
1753302371.492584
1753302371.509067
1753302371.525550
1753302371.539794
1753302371.554039
1753302371.572561
1753302371.591082
1753302371.609654
1753302371.628227
1753302371.643317
1753302371.658406
1753302371.673974
1753302371.689542
1753302371.707322
1753302371.725102
1753302371.742602
1753302371.760103
1753302371.776354
1753302371.792605
1753302371.807204
1753302371.821803
1753302371.840632
1753302371.859462
1753302371.875225
1753302371.890987
1753302371.909366
1753302371.927745
1753302371.941552
1753302371.955359
1753302371.972914
1753302371.990468
1753302372.007926
1753302372.025385
1753302372.043552
1753302372.061719
1753302372.075194
1753302372.088670
1753302372.107597
1753302372.126525
1753302372.141974
1753302372.157423
1753302372.175890
1753302372.194358
1753302372.208207
1753302372.222056
1753302372.240868
1753302372.259680
1753302372.276382
1753302372.293084
1753302372.308875
1753302372.324666
1753302372.339990
1753302372.355314
1753302372.373590
1753302372.391865
1753302372.410126
1753302372.428387
1753302372.444191
1753302372.459996
1753302372.474348
1753302372.488700
1753302372.507569
1753302372.526439
1753302372.542270
1753302372.558102
1753302372.576190
1753302372.594277
1753302372.608377
1753302372.622478
1753302372.640633
1753302372.658788
1753302372.676988
1753302372.695188
1753302372.709602
1753302372.724016
1753302372.739470
1753302372.754924
1753302372.773569
1753302372.792213
1753302372.809724
1753302372.827236
1753302372.843199
1753302372.859162
1753302372.874140
1753302372.889118
1753302372.906220
1753302372.923323
1753302372.941163
1753302372.959002
1753302372.977139
1753302372.995276
1753302373.008925
1753302373.022575
1753302373.041081
1753302373.059588
1753302373.076162
1753302373.092736
1753302373.108828
1753302373.124919
1753302373.140170
1753302373.155421
1753302373.174196
1753302373.192972
1753302373.208828
1753302373.224685
1753302373.243025
1753302373.261365
1753302373.275272
1753302373.289179
1753302373.307308
1753302373.325437
1753302373.343801
1753302373.362164
1753302373.377906
1753302373.393648
1753302373.408037
1753302373.422426
1753302373.440750
1753302373.459073
1753302373.476714
1753302373.494355
1753302373.510046
1753302373.525737
1753302373.540824
1753302373.555911
1753302373.574230
1753302373.592549
1753302373.609590
1753302373.626631
1753302373.642339
1753302373.658046
1753302373.673542
1753302373.689038
1753302373.707407
1753302373.725776
1753302373.744069
1753302373.762362
1753302373.778417
1753302373.794472
1753302373.808547
1753302373.822622
1753302373.841769
1753302373.860915
1753302373.876666
1753302373.892416
1753302373.910776
1753302373.929136
1753302373.942632
1753302373.956128
1753302373.974663
1753302373.993198
1753302374.010005
1753302374.026811
1753302374.044012
1753302374.061213
1753302374.075374
1753302374.089534
1753302374.108845
1753302374.128155
1753302374.143722
1753302374.159288
1753302374.177171
1753302374.195053
1753302374.209022
1753302374.222990
1753302374.241506
1753302374.260021
1753302374.277884
1753302374.295748
1753302374.310356
1753302374.324964
1753302374.340912
1753302374.356860
1753302374.375460
1753302374.394060
1753302374.410129
1753302374.426198
1753302374.443837
1753302374.461476
1753302374.475657
1753302374.489837
1753302374.508601
1753302374.527365
1753302374.543123
1753302374.558880
1753302374.577409
1753302374.595937
1753302374.609566
1753302374.623195
1753302374.641523
1753302374.659851
1753302374.677866
1753302374.695880
1753302374.710132
1753302374.724384
1753302374.740053
1753302374.755722
1753302374.773858
1753302374.791994
1753302374.810526
1753302374.829058
1753302374.844750
1753302374.860442
1753302374.875171
1753302374.889900
1753302374.907995
1753302374.926090
1753302374.943440
1753302374.960791
1753302374.977114
1753302374.993436
1753302375.008285
1753302375.023133
1753302375.041669
1753302375.060205
1753302375.077746
1753302375.095288
1753302375.110664
1753302375.126041
1753302375.141343
1753302375.156645
1753302375.175486
1753302375.194327
1753302375.210244
1753302375.226161
1753302375.244132
1753302375.262103
1753302375.276247
1753302375.290391
1753302375.309034
1753302375.327677
1753302375.343781
1753302375.359884
1753302375.376892
1753302375.393900
1753302375.408716
1753302375.423533
1753302375.441940
1753302375.460347
1753302375.477948
1753302375.495549
1753302375.511662
1753302375.527776
1753302375.542465
1753302375.557155
1753302375.576005
1753302375.594855
1753302375.611206
1753302375.627556
1753302375.643239
1753302375.658921
1753302375.675382
1753302375.691842
1753302375.709696
1753302375.727550
1753302375.744624
1753302375.761697
1753302375.777538
1753302375.793379
1753302375.808568
1753302375.823758
1753302375.842742
1753302375.861727
1753302375.878253
1753302375.894779
1753302375.910776
1753302375.926772
1753302375.941991
1753302375.957209
1753302375.975557
1753302375.993904
1753302376.011323
1753302376.028742
1753302376.044251
1753302376.059761
1753302376.075875
1753302376.091989
1753302376.110597
1753302376.129204
1753302376.144373
1753302376.159543
1753302376.178000
1753302376.196458
1753302376.210328
1753302376.224197
1753302376.242818
1753302376.261440
1753302376.278527
1753302376.295615
1753302376.310306
1753302376.324996
1753302376.343594
1753302376.362191
1753302376.376506
1753302376.390821
1753302376.410157
1753302376.429493
1753302376.445492
1753302376.461491
1753302376.477503
1753302376.493514
1753302376.511712
1753302376.529910
1753302376.543750
1753302376.557590
1753302376.576109
1753302376.594628
1753302376.612248
1753302376.629869
1753302376.646034
1753302376.662198
1753302376.676643
1753302376.691088
1753302376.708654
1753302376.726220
1753302376.744357
1753302376.762494
1753302376.779355
1753302376.796215
1753302376.810999
1753302376.825784
1753302376.844306
1753302376.862829
1753302376.878434
1753302376.894039
1753302376.912227
1753302376.930415
1753302376.944113
1753302376.957812
1753302376.976543
1753302376.995275
1753302377.011475
1753302377.027675
1753302377.045598
1753302377.063520
1753302377.077389
1753302377.091257
1753302377.109611
1753302377.127964
1753302377.144600
1753302377.161237
1753302377.179089
1753302377.196941
1753302377.210834
1753302377.224726
1753302377.243824
1753302377.262922
1753302377.279206
1753302377.295489
1753302377.312065
1753302377.328641
1753302377.343326
1753302377.358011
1753302377.376693
1753302377.395375
1753302377.412496
1753302377.429617
1753302377.445440
1753302377.461263
1753302377.478332
1753302377.495401
1753302377.511517
1753302377.527632
1753302377.545435
1753302377.563239
1753302377.579772
1753302377.596306
1753302377.611721
1753302377.627135
1753302377.643181
1753302377.659227
1753302377.678046
1753302377.696866
1753302377.712355
1753302377.727844
1753302377.744148
1753302377.760452
1753302377.778172
1753302377.795893
1753302377.812940
1753302377.829986
1753302377.846891
1753302377.863796
1753302377.877737
1753302377.891678
1753302377.910480
1753302377.929283
1753302377.945664
1753302377.962045
1753302377.978779
1753302377.995514
1753302378.010705
1753302378.025897
1753302378.044693
1753302378.063490
1753302378.079335
1753302378.095181
1753302378.112358
1753302378.129534
1753302378.143924
1753302378.158315
1753302378.177011
1753302378.195707
1753302378.212597
1753302378.229487
1753302378.245298
1753302378.261109
1753302378.279250
1753302378.297390
1753302378.311629
1753302378.325868
1753302378.344588
1753302378.363309
1753302378.379230
1753302378.395151
1753302378.411699
1753302378.428247
1753302378.446525
1753302378.464802
1753302378.480479
1753302378.496155
1753302378.512352
1753302378.528548
1753302378.543559
1753302378.558569
1753302378.577305
1753302378.596041
1753302378.612842
1753302378.629642
1753302378.646758
1753302378.663874
1753302378.677816
1753302378.691758
1753302378.710453
1753302378.729147
1753302378.746079
1753302378.763012
1753302378.778687
1753302378.794363
1753302378.809755
1753302378.825147
1753302378.843925
1753302378.862702
1753302378.878350
1753302378.893999
1753302378.912199
1753302378.930400
1753302378.944626
1753302378.958852
1753302378.977612
1753302378.996373
1753302379.011748
1753302379.027124
1753302379.044544
1753302379.061965
1753302379.076987
1753302379.092008
1753302379.110993
1753302379.129979
1753302379.145677
1753302379.161374
1753302379.179507
1753302379.197641
1753302379.211551
1753302379.225462
1753302379.244248
1753302379.263034
1753302379.279141
1753302379.295248
1753302379.311716
1753302379.328183
1753302379.343502
1753302379.358820
1753302379.377371
1753302379.395923
1753302379.413309
1753302379.430695
1753302379.447709
1753302379.464723
1753302379.478471
1753302379.492218
1753302379.511310
1753302379.530402
1753302379.546332
1753302379.562262
1753302379.580404
1753302379.598545
1753302379.612164
1753302379.625783
1753302379.644603
1753302379.663422
1753302379.679358
1753302379.695294
1753302379.713031
1753302379.730769
1753302379.744991
1753302379.759214
1753302379.778143
1753302379.797072
1753302379.813701
1753302379.830330
1753302379.846993
1753302379.863656
1753302379.878146
1753302379.892636
1753302379.911469
1753302379.930302
1753302379.946674
1753302379.963046
1753302379.979799
1753302379.996552
1753302380.011169
1753302380.025786
1753302380.044512
1753302380.063238
1753302380.079963
1753302380.096689
1753302380.113182
1753302380.129674
1753302380.144566
1753302380.159457
1753302380.178212
1753302380.196967
1753302380.213186
1753302380.229405
1753302380.247301
1753302380.265197
1753302380.278925
1753302380.292654
1753302380.311174
1753302380.329695
1753302380.347566
1753302380.365437
1753302380.381176
1753302380.396916
1753302380.411503
1753302380.426090
1753302380.444697
1753302380.463305
1753302380.481072
1753302380.498840
1753302380.514346
1753302380.529852
1753302380.544633
1753302380.559415
1753302380.577962
1753302380.596510
1753302380.614455
1753302380.632399
1753302380.648026
1753302380.663654
1753302380.678233
1753302380.692812
1753302380.710600
1753302380.728389
1753302380.745668
1753302380.762947
1753302380.781095
1753302380.799242
1753302380.812706
1753302380.826171
1753302380.845034
1753302380.863897
1753302380.878964
1753302380.894032
1753302380.911091
1753302380.928150
1753302380.943983
1753302380.959816
1753302380.978409
1753302380.997002
1753302381.013393
1753302381.029784
1753302381.047660
1753302381.065537
1753302381.079293
1753302381.093049
1753302381.111726
1753302381.130403
1753302381.146162
1753302381.161921
1753302381.180349
1753302381.198777
1753302381.212649
1753302381.226522
1753302381.244986
1753302381.263450
1753302381.281489
1753302381.299529
1753302381.315180
1753302381.330830
1753302381.345427
1753302381.360023
1753302381.378644
1753302381.397265
1753302381.414175
1753302381.431084
1753302381.447478
1753302381.463873
1753302381.478548
1753302381.493222
1753302381.512050
1753302381.530878
1753302381.547701
1753302381.564525
1753302381.580791
1753302381.597057
1753302381.611948
1753302381.626838
1753302381.645310
1753302381.663782
1753302381.680712
1753302381.697642
1753302381.713873
1753302381.730105
1753302381.745865
1753302381.761626
1753302381.780079
1753302381.798532
1753302381.814286
1753302381.830041
1753302381.848210
1753302381.866379
1753302381.880300
1753302381.894221
1753302381.912947
1753302381.931672
1753302381.947818
1753302381.963963
1753302381.981280
1753302381.998597
1753302382.013635
1753302382.028674
1753302382.047309
1753302382.065945
1753302382.081525
1753302382.097105
1753302382.114516
1753302382.131927
1753302382.146173
1753302382.160419
1753302382.179029
1753302382.197638
1753302382.213796
1753302382.229953
1753302382.247925
1753302382.265896
1753302382.279788
1753302382.293680
1753302382.312160
1753302382.330640
1753302382.348181
1753302382.365723
1753302382.381858
1753302382.397993
1753302382.412505
1753302382.427016
1753302382.445781
1753302382.464547
1753302382.481748
1753302382.498949
1753302382.514807
1753302382.530665
1753302382.545499
1753302382.560333
1753302382.579250
1753302382.598167
1753302382.614147
1753302382.630127
1753302382.647535
1753302382.664943
1753302382.679433
1753302382.693923
1753302382.712479
1753302382.731035
1753302382.747736
1753302382.764437
1753302382.781938
1753302382.799439
1753302382.813391
1753302382.827343
1753302382.845860
1753302382.864377
1753302382.880372
1753302382.896367
1753302382.914771
1753302382.933175
1753302382.946908
1753302382.960641
1753302382.980237
1753302382.999832
1753302383.015278
1753302383.030724
1753302383.048868
1753302383.067012
1753302383.080499
1753302383.093986
1753302383.112626
1753302383.131266
1753302383.147204
1753302383.163142
1753302383.181477
1753302383.199811
1753302383.213681
1753302383.227550
1753302383.246584
1753302383.265618
1753302383.282506
1753302383.299394
1753302383.315027
1753302383.330661
1753302383.346060
1753302383.361458
1753302383.380177
1753302383.398895
1753302383.415694
1753302383.432492
1753302383.448449
1753302383.464405
1753302383.480447
1753302383.496489
1753302383.514811
1753302383.533132
1753302383.548918
1753302383.564703
1753302383.580742
1753302383.596782
1753302383.613842
1753302383.630902
1753302383.647483
1753302383.664064
1753302383.682405
1753302383.700745
1753302383.716353
1753302383.731962
1753302383.747024
1753302383.762085
1753302383.780594
1753302383.799104
1753302383.814862
1753302383.830621
1753302383.848472
1753302383.866323
1753302383.881580
1753302383.896837
1753302383.915372
1753302383.933908
1753302383.949836
1753302383.965765
1753302383.981906
1753302383.998047
1753302384.013503
1753302384.028958
1753302384.047751
1753302384.066545
1753302384.083262
1753302384.099979
1753302384.116000
1753302384.132021
1753302384.146610
1753302384.161200
1753302384.180910
1753302384.200619
1753302384.216549
1753302384.232480
1753302384.249397
1753302384.266313
1753302384.280549
1753302384.294785
1753302384.313165
1753302384.331545
1753302384.349467
1753302384.367388
1753302384.383143
1753302384.398898
1753302384.413470
1753302384.428043
1753302384.446719
1753302384.465395
1753302384.481985
1753302384.498575
1753302384.515305
1753302384.532034
1753302384.546687
1753302384.561340
1753302384.580161
1753302384.598982
1753302384.615290
1753302384.631597
1753302384.648687
1753302384.665778
1753302384.681653
1753302384.697528
1753302384.712862
1753302384.728197
1753302384.746868
1753302384.765538
1753302384.781815
1753302384.798092
1753302384.815742
1753302384.833393
1753302384.849499
1753302384.865605
1753302384.880253
1753302384.894900
1753302384.913747
1753302384.932594
1753302384.948703
1753302384.964811
1753302384.982814
1753302385.000816
1753302385.014666
1753302385.028516
1753302385.047311
1753302385.066106
1753302385.082582
1753302385.099057
1753302385.116088
1753302385.133119
1753302385.147390
1753302385.161661
1753302385.181035
1753302385.200409
1753302385.216891
1753302385.233373
1753302385.250127
1753302385.266882
1753302385.281061
1753302385.295240
1753302385.314317
1753302385.333393
1753302385.349764
1753302385.366135
1753302385.382050
1753302385.397964
1753302385.413155
1753302385.428345
1753302385.447134
1753302385.465924
1753302385.482645
1753302385.499365
1753302385.516500
1753302385.533634
1753302385.548214
1753302385.562795
1753302385.581418
1753302385.600041
1753302385.616129
1753302385.632218
1753302385.649625
1753302385.667032
1753302385.682168
1753302385.697303
1753302385.715040
1753302385.732777
1753302385.748314
1753302385.763851
1753302385.782435
1753302385.801019
1753302385.815231
1753302385.829444
1753302385.848206
1753302385.866967
1753302385.882016
1753302385.897065
1753302385.915543
1753302385.934020
1753302385.949738
1753302385.965456
1753302385.982558
1753302385.999659
1753302386.015820
1753302386.031980
1753302386.049222
1753302386.066463
1753302386.082978
1753302386.099493
1753302386.116254
1753302386.133015
1753302386.149255
1753302386.165495
1753302386.183378
1753302386.201262
1753302386.216656
1753302386.232050
1753302386.249831
1753302386.267613
1753302386.283898
1753302386.300183
1753302386.317605
1753302386.335027
1753302386.348803
1753302386.362579
1753302386.381125
1753302386.399671
1753302386.415368
1753302386.431064
1753302386.449426
1753302386.467789
1753302386.481882
1753302386.495975
1753302386.515282
1753302386.534589
1753302386.550519
1753302386.566448
1753302386.582964
1753302386.599481
1753302386.614206
1753302386.628931
1753302386.647707
1753302386.666484
1753302386.683469
1753302386.700454
1753302386.716508
1753302386.732563
1753302386.748444
1753302386.764325
1753302386.782830
1753302386.801335
1753302386.818215
1753302386.835095
1753302386.851183
1753302386.867272
1753302386.881655
1753302386.896038
1753302386.914628
1753302386.933217
1753302386.950871
1753302386.968526
1753302386.984402
1753302387.000278
1753302387.014769
1753302387.029260
1753302387.048082
1753302387.066905
1753302387.083735
1753302387.100564
1753302387.117084
1753302387.133604
1753302387.148140
1753302387.162676
1753302387.181429
1753302387.200183
1753302387.217637
1753302387.235090
1753302387.251071
1753302387.267053
1753302387.281555
1753302387.296057
1753302387.313892
1753302387.331727
1753302387.349293
1753302387.366858
1753302387.384083
1753302387.401308
1753302387.415346
1753302387.429383
1753302387.448182
1753302387.466980
1753302387.483297
1753302387.499615
1753302387.517099
1753302387.534584
1753302387.548812
1753302387.563040
1753302387.581698
1753302387.600356
1753302387.616951
1753302387.633545
1753302387.650911
1753302387.668278
1753302387.682349
1753302387.696421
1753302387.714930
1753302387.733439
1753302387.751016
1753302387.768593
1753302387.784578
1753302387.800563
1753302387.815207
1753302387.829850
1753302387.848537
1753302387.867225
1753302387.884262
1753302387.901299
1753302387.918033
1753302387.934767
1753302387.949285
1753302387.963802
1753302387.982153
1753302388.000504
1753302388.017754
1753302388.035004
1753302388.051034
1753302388.067064
1753302388.081768
1753302388.096471
1753302388.115198
1753302388.133925
1753302388.149740
1753302388.165555
1753302388.183649
1753302388.201742
1753302388.215847
1753302388.229951
1753302388.248611
1753302388.267272
1753302388.283831
1753302388.300390
1753302388.318127
1753302388.335863
1753302388.349617
1753302388.363372
1753302388.381903
1753302388.400433
1753302388.416926
1753302388.433419
1753302388.451190
1753302388.468962
1753302388.482778
1753302388.496593
1753302388.515307
1753302388.534021
1753302388.551398
1753302388.568776
1753302388.584468
1753302388.600161
1753302388.614964
1753302388.629766
1753302388.648879
1753302388.667991
1753302388.684087
1753302388.700183
1753302388.717025
1753302388.733868
1753302388.748553
1753302388.763238
1753302388.782250
1753302388.801262
1753302388.817476
1753302388.833690
1753302388.851484
1753302388.869278
1753302388.883098
1753302388.896918
1753302388.915461
1753302388.934003
1753302388.951408
1753302388.968813
1753302388.984832
1753302389.000851
1753302389.015507
1753302389.030163
1753302389.048404
1753302389.066645
1753302389.084430
1753302389.102216
1753302389.118313
1753302389.134410
1753302389.148911
1753302389.163412
1753302389.182371
1753302389.201329
1753302389.217427
1753302389.233524
1753302389.251534
1753302389.269544
1753302389.283279
1753302389.297015
1753302389.315785
1753302389.334555
1753302389.351600
1753302389.368645
1753302389.384940
1753302389.401235
1753302389.415777
1753302389.430318
1753302389.449212
1753302389.468105
1753302389.484221
1753302389.500338
1753302389.517866
1753302389.535393
1753302389.549585
1753302389.563778
1753302389.582944
1753302389.602110
1753302389.618661
1753302389.635212
1753302389.651921
1753302389.668630
1753302389.682900
1753302389.697171
1753302389.716123
1753302389.735074
1753302389.751250
1753302389.767426
1753302389.785263
1753302389.803099
1753302389.816849
1753302389.830598
1753302389.847783
1753302389.864967
1753302389.883264
1753302389.901560
1753302389.917926
1753302389.934292
1753302389.949193
1753302389.964095
1753302389.982492
1753302390.000889
1753302390.018465
1753302390.036040
1753302390.052383
1753302390.068726
1753302390.083563
1753302390.098400
1753302390.116575
1753302390.134750
1753302390.150867
1753302390.166984
1753302390.183961
1753302390.200939
1753302390.216130
1753302390.231322
1753302390.250082
1753302390.268843
1753302390.284961
1753302390.301079
1753302390.319071
1753302390.337063
1753302390.350695
1753302390.364326
1753302390.382744
1753302390.401162
1753302390.417610
1753302390.434059
1753302390.452404
1753302390.470749
1753302390.484182
1753302390.497616
1753302390.516012
1753302390.534408
1753302390.552023
1753302390.569639
1753302390.584399
1753302390.599158
1753302390.615113
1753302390.631068
1753302390.649305
1753302390.667542
1753302390.685564
1753302390.703586
1753302390.719437
1753302390.735287
1753302390.749435
1753302390.763583
1753302390.782354
1753302390.801125
1753302390.819306
1753302390.837487
1753302390.853035
1753302390.868583
1753302390.883152
1753302390.897720
1753302390.917092
1753302390.936464
1753302390.952401
1753302390.968337
1753302390.984769
1753302391.001201
1753302391.016289
1753302391.031378
1753302391.050002
1753302391.068625
1753302391.084970
1753302391.101315
1753302391.119313
1753302391.137311
1753302391.151022
1753302391.164733
1753302391.184422
1753302391.204110
1753302391.220108
1753302391.236106
1753302391.252179
1753302391.268252
1753302391.283065
1753302391.297878
1753302391.316730
1753302391.335582
1753302391.351977
1753302391.368372
1753302391.385410
1753302391.402449
1753302391.417165
1753302391.431882
1753302391.451099
1753302391.470316
1753302391.486358
1753302391.502400
1753302391.518464
1753302391.534527
1753302391.550175
1753302391.565823
1753302391.584270
1753302391.602717
1753302391.620059
1753302391.637400
1753302391.653245
1753302391.669090
1753302391.683707
1753302391.698323
1753302391.716816
1753302391.735309
1753302391.751601
1753302391.767894
1753302391.785741
1753302391.803588
1753302391.817607
1753302391.831627
1753302391.849649
1753302391.867672
1753302391.885863
1753302391.904054
1753302391.920438
1753302391.936823
1753302391.951985
1753302391.967147
1753302391.985416
1753302392.003686
1753302392.019371
1753302392.035055
1753302392.051798
1753302392.068542
1753302392.084204
1753302392.099866
1753302392.118502
1753302392.137138
1753302392.152792
1753302392.168447
1753302392.185359
1753302392.202271
1753302392.217136
1753302392.232001
1753302392.250440
1753302392.268878
1753302392.285167
1753302392.301455
1753302392.319411
1753302392.337367
1753302392.351367
1753302392.365367
1753302392.384190
1753302392.403012
1753302392.419774
1753302392.436536
1753302392.452385
1753302392.468234
1753302392.483400
1753302392.498566
1753302392.517000
1753302392.535434
1753302392.552466
1753302392.569498
1753302392.585758
1753302392.602018
1753302392.616873
1753302392.631727
1753302392.650264
1753302392.668801
1753302392.686275
1753302392.703750
1753302392.719271
1753302392.734792
1753302392.749586
1753302392.764379
1753302392.782861
1753302392.801344
1753302392.818745
1753302392.836146
1753302392.852567
1753302392.868987
1753302392.883793
1753302392.898599
1753302392.917457
1753302392.936314
1753302392.952694
1753302392.969074
1753302392.985582
1753302393.002091
1753302393.019484
1753302393.036876
1753302393.051261
1753302393.065647
1753302393.084249
1753302393.102852
1753302393.119848
1753302393.136844
1753302393.152695
1753302393.168547
1753302393.186743
1753302393.204939
1753302393.218661
1753302393.232384
1753302393.251377
1753302393.270369
1753302393.287149
1753302393.303929
1753302393.319633
1753302393.335338
1753302393.350487
1753302393.365635
1753302393.384506
1753302393.403378
1753302393.418975
1753302393.434573
1753302393.453082
1753302393.471590
1753302393.485321
1753302393.499052
1753302393.517674
1753302393.536297
1753302393.552772
1753302393.569246
1753302393.587101
1753302393.604956
1753302393.618758
1753302393.632560
1753302393.651175
1753302393.669789
1753302393.685639
1753302393.701490
1753302393.719759
1753302393.738028
1753302393.751943
1753302393.765857
1753302393.784407
1753302393.802957
1753302393.818887
1753302393.834817
1753302393.851971
1753302393.869125
1753302393.884649
1753302393.900173
1753302393.919003
1753302393.937833
1753302393.953778
1753302393.969723
1753302393.986210
1753302394.002697
1753302394.018690
1753302394.034683
1753302394.052725
1753302394.070767
1753302394.086651
1753302394.102535
1753302394.119173
1753302394.135810
1753302394.152329
1753302394.168849
1753302394.185512
1753302394.202175
1753302394.220562
1753302394.238950
1753302394.254981
1753302394.271012
1753302394.286974
1753302394.302937
1753302394.320549
1753302394.338160
1753302394.354726
1753302394.371292
1753302394.387336
1753302394.403379
1753302394.419497
1753302394.435614
1753302394.453915
1753302394.472216
1753302394.487847
1753302394.503478
1753302394.519278
1753302394.535078
1753302394.550765
1753302394.566452
1753302394.585495
1753302394.604539
1753302394.620435
1753302394.636331
1753302394.654219
1753302394.672107
1753302394.685869
1753302394.699632
1753302394.718588
1753302394.737544
1753302394.753460
1753302394.769377
1753302394.787583
1753302394.805789
1753302394.819479
1753302394.833168
1753302394.851962
1753302394.870756
1753302394.886431
1753302394.902105
1753302394.919786
1753302394.937468
1753302394.951895
1753302394.966322
1753302394.985072
1753302395.003822
1753302395.021161
1753302395.038500
1753302395.054327
1753302395.070155
1753302395.085179
1753302395.100204
1753302395.119184
1753302395.138165
1753302395.154186
1753302395.170207
1753302395.187526
1753302395.204846
1753302395.219187
1753302395.233528
1753302395.252353
1753302395.271179
1753302395.287206
1753302395.303233
1753302395.321393
1753302395.339553
1753302395.353117
1753302395.366682
1753302395.385525
1753302395.404368
1753302395.419899
1753302395.435429
1753302395.453974
1753302395.472518
1753302395.486360
1753302395.500201
1753302395.519025
1753302395.537849
1753302395.553610
1753302395.569371
1753302395.586816
1753302395.604261
1753302395.619112
1753302395.633963
1753302395.652537
1753302395.671111
1753302395.687028
1753302395.702946
1753302395.720883
1753302395.738820
1753302395.752404
1753302395.765988
1753302395.785179
1753302395.804369
1753302395.820374
1753302395.836380
1753302395.853607
1753302395.870834
1753302395.886509
1753302395.902185
1753302395.920522
1753302395.938860
1753302395.954875
1753302395.970889
1753302395.987645
1753302396.004400
1753302396.020232
1753302396.036064
1753302396.053886
1753302396.071708
1753302396.087677
1753302396.103647
1753302396.120369
1753302396.137092
1753302396.154603
1753302396.172113
1753302396.187433
1753302396.202752
1753302396.220512
1753302396.238273
1753302396.254123
1753302396.269974
1753302396.286656
1753302396.303338
1753302396.320014
1753302396.336689
1753302396.355037
1753302396.373386
1753302396.389298
1753302396.405211
1753302396.420620
1753302396.436030
1753302396.454401
1753302396.472773
1753302396.488635
1753302396.504496
1753302396.521766
1753302396.539035
1753302396.553235
1753302396.567435
1753302396.586488
1753302396.605540
1753302396.621636
1753302396.637732
1753302396.655102
1753302396.672472
1753302396.686602
1753302396.700732
1753302396.719275
1753302396.737818
1753302396.754898
1753302396.771977
1753302396.787973
1753302396.803970
1753302396.818980
1753302396.833989
1753302396.852776
1753302396.871562
1753302396.887573
1753302396.903583
1753302396.921619
1753302396.939656
1753302396.953610
1753302396.967564
1753302396.986373
1753302397.005182
1753302397.021483
1753302397.037785
1753302397.053825
1753302397.069866
1753302397.085260
1753302397.100655
1753302397.119519
1753302397.138383
1753302397.154681
1753302397.170980
1753302397.188488
1753302397.205995
1753302397.220024
1753302397.234053
1753302397.251347
1753302397.268640
1753302397.285630
1753302397.302620
1753302397.321030
1753302397.339440
1753302397.353561
1753302397.367683
1753302397.386513
1753302397.405342
1753302397.421391
1753302397.437439
1753302397.454601
1753302397.471763
1753302397.486464
1753302397.501164
1753302397.520233
1753302397.539302
1753302397.555035
1753302397.570767
1753302397.588289
1753302397.605812
1753302397.620150
1753302397.634488
1753302397.652320
1753302397.670153
1753302397.686996
1753302397.703840
1753302397.721715
1753302397.739591
1753302397.753850
1753302397.768108
1753302397.786543
1753302397.804979
1753302397.821986
1753302397.838993
1753302397.855285
1753302397.871577
1753302397.886312
1753302397.901047
1753302397.919572
1753302397.938097
1753302397.956007
1753302397.973916
1753302397.989449
1753302398.004982
1753302398.019743
1753302398.034504
1753302398.053530
1753302398.072557
1753302398.088319
1753302398.104081
1753302398.122479
1753302398.140877
1753302398.154501
1753302398.168125
1753302398.186177
1753302398.204230
1753302398.221894
1753302398.239558
1753302398.255773
1753302398.271988
1753302398.287654
1753302398.303321
1753302398.321850
1753302398.340379
1753302398.355571
1753302398.370763
1753302398.388981
1753302398.407199
1753302398.420955
1753302398.434711
1753302398.453764
1753302398.472817
1753302398.488980
1753302398.505143
1753302398.521465
1753302398.537788
1753302398.553580
1753302398.569372
1753302398.587835
1753302398.606299
1753302398.622280
1753302398.638261
1753302398.656274
1753302398.674287
1753302398.687885
1753302398.701483
1753302398.719760
1753302398.738038
1753302398.755896
1753302398.773753
1753302398.789439
1753302398.805126
1753302398.820295
1753302398.835464
1753302398.852365
1753302398.869265
1753302398.887815
1753302398.906364
1753302398.922459
1753302398.938554
1753302398.953385
1753302398.968216
1753302398.986598
1753302399.004981
1753302399.023104
1753302399.041227
1753302399.055440
1753302399.069653
1753302399.085675
1753302399.101696
1753302399.120147
1753302399.138597
1753302399.156118
1753302399.173640
1753302399.189005
1753302399.204370
1753302399.219674
1753302399.234978
1753302399.253821
1753302399.272665
1753302399.288745
1753302399.304825
1753302399.322568
1753302399.340311
1753302399.354391
1753302399.368470
1753302399.387269
1753302399.406068
1753302399.422328
1753302399.438589
1753302399.455771
1753302399.472953
1753302399.487406
1753302399.501859
1753302399.518911
1753302399.535963
1753302399.554122
1753302399.572282
1753302399.589702
1753302399.607121
1753302399.621273
1753302399.635425
1753302399.654249
1753302399.673072
1753302399.689106
1753302399.705141
1753302399.722937
1753302399.740732
1753302399.754774
1753302399.768816
1753302399.787372
1753302399.805928
1753302399.822215
1753302399.838501
1753302399.855206
1753302399.871910
1753302399.888183
1753302399.904456
1753302399.922462
1753302399.940467
1753302399.956143
1753302399.971820
1753302399.988642
1753302400.005463
1753302400.021403
1753302400.037344
1753302400.055175
1753302400.073006
1753302400.089238
1753302400.105470
1753302400.123776
1753302400.142082
1753302400.155656
1753302400.169231
1753302400.187615
1753302400.206000
1753302400.223265
1753302400.240530
1753302400.256376
1753302400.272221
1753302400.288795
1753302400.305368
1753302400.321784
1753302400.338200
1753302400.356557
1753302400.374914
1753302400.389302
1753302400.403691
1753302400.420660
1753302400.437628
1753302400.455894
1753302400.474161
1753302400.490347
1753302400.506533
1753302400.522828
1753302400.539123
1753302400.554746
1753302400.570369
1753302400.588815
1753302400.607261
1753302400.622901
1753302400.638542
1753302400.656971
1753302400.675399
1753302400.688974
1753302400.702549
1753302400.721045
1753302400.739540
1753302400.756599
1753302400.773658
1753302400.789450
1753302400.805242
1753302400.820640
1753302400.836038
1753302400.854533
1753302400.873028
1753302400.889700
1753302400.906372
1753302400.923567
1753302400.940762
1753302400.955054
1753302400.969345
1753302400.988346
1753302401.007347
1753302401.023363
1753302401.039378
1753302401.057114
1753302401.074850
1753302401.088773
1753302401.102695
1753302401.121027
1753302401.139359
1753302401.157019
1753302401.174679
1753302401.190263
1753302401.205847
1753302401.220932
1753302401.236016
1753302401.254744
1753302401.273472
1753302401.289590
1753302401.305708
1753302401.323700
1753302401.341693
1753302401.358227
1753302401.374762
1753302401.388885
1753302401.403008
1753302401.422231
1753302401.441454
1753302401.457397
1753302401.473341
1753302401.489465
1753302401.505589
1753302401.523067
1753302401.540546
1753302401.556157
1753302401.571767
1753302401.590328
1753302401.608888
1753302401.625131
1753302401.641374
1753302401.657867
1753302401.674361
1753302401.690010
1753302401.705659
1753302401.722722
1753302401.739784
1753302401.757076
1753302401.774367
1753302401.791551
1753302401.808735
1753302401.822130
1753302401.835525
1753302401.854172
1753302401.872819
1753302401.888673
1753302401.904527
1753302401.923002
1753302401.941478
1753302401.955719
1753302401.969960
1753302401.989233
1753302402.008506
1753302402.022906
1753302402.037305
1753302402.056333
1753302402.075360
1753302402.089321
1753302402.103281
1753302402.121569
1753302402.139856
1753302402.156717
1753302402.173578
1753302402.191114
1753302402.208650
1753302402.222734
1753302402.236818
1753302402.255157
1753302402.273497
1753302402.290102
1753302402.306708
1753302402.324580
1753302402.342452
1753302402.356251
1753302402.370049
1753302402.388302
1753302402.406556
1753302402.424411
1753302402.442267
1753302402.456731
1753302402.471195
1753302402.489583
1753302402.507971
1753302402.523720
1753302402.539468
1753302402.556468
1753302402.573467
1753302402.591346
1753302402.609224
1753302402.623144
1753302402.637064
1753302402.654947
1753302402.672830
1753302402.690037
1753302402.707244
1753302402.723112
1753302402.738979
1753302402.754261
1753302402.769544
1753302402.788640
1753302402.807736
1753302402.824013
1753302402.840290
1753302402.857150
1753302402.874009
1753302402.889838
1753302402.905668
1753302402.923110
1753302402.940553
1753302402.957299
1753302402.974044
1753302402.992011
1753302403.009978
1753302403.023661
1753302403.037343
1753302403.056127
1753302403.074910
1753302403.090943
1753302403.106976
1753302403.125092
1753302403.143208
1753302403.156984
1753302403.170760
1753302403.189289
1753302403.207817
1753302403.225092
1753302403.242368
1753302403.258484
1753302403.274601
1753302403.289200
1753302403.303799
1753302403.323266
1753302403.342732
1753302403.357882
1753302403.373032
1753302403.390411
1753302403.407790
1753302403.422442
1753302403.437095
1753302403.455441
1753302403.473788
1753302403.491716
1753302403.509644
1753302403.525655
1753302403.541666
1753302403.556134
1753302403.570602
1753302403.589111
1753302403.607620
1753302403.623786
1753302403.639952
1753302403.658128
1753302403.676305
1753302403.690320
1753302403.704335
1753302403.722457
1753302403.740580
1753302403.757654
1753302403.774727
1753302403.790773
1753302403.806819
1753302403.822755
1753302403.838691
1753302403.857341
1753302403.875991
1753302403.892035
1753302403.908079
1753302403.925327
1753302403.942575
1753302403.957118
1753302403.971660
1753302403.990709
1753302404.009759
1753302404.025396
1753302404.041033
1753302404.059140
1753302404.077247
1753302404.091467
1753302404.105688
1753302404.124164
1753302404.142639
1753302404.158006
1753302404.173373
1753302404.191784
1753302404.210196
1753302404.224723
1753302404.239251
1753302404.257466
1753302404.275681
1753302404.291507
1753302404.307333
1753302404.325509
1753302404.343685
1753302404.357455
1753302404.371226
1753302404.389011
1753302404.406797
1753302404.424885
1753302404.442973
1753302404.459416
1753302404.475859
1753302404.490170
1753302404.504482
1753302404.522796
1753302404.541109
1753302404.558922
1753302404.576734
1753302404.591824
1753302404.606914
1753302404.622284
1753302404.637655
1753302404.655779
1753302404.673904
1753302404.689959
1753302404.706013
1753302404.723668
1753302404.741323
1753302404.756263
1753302404.771204
1753302404.789722
1753302404.808240
1753302404.825541
1753302404.842842
1753302404.859273
1753302404.875704
1753302404.890112
1753302404.904520
1753302404.923242
1753302404.941964
1753302404.959667
1753302404.977371
1753302404.993432
1753302405.009493
1753302405.023849
1753302405.038205
1753302405.056747
1753302405.075289
1753302405.091241
1753302405.107194
1753302405.125257
1753302405.143321
1753302405.157369
1753302405.171417
1753302405.189789
1753302405.208161
1753302405.226156
1753302405.244150
1753302405.259698
1753302405.275246
1753302405.290055
1753302405.304865
1753302405.323177
1753302405.341489
1753302405.358967
1753302405.376444
1753302405.392956
1753302405.409468
1753302405.423776
1753302405.438084
1753302405.456765
1753302405.475447
1753302405.490062
1753302405.504677
1753302405.523216
1753302405.541755
1753302405.556638
1753302405.571520
1753302405.589879
1753302405.608237
1753302405.623567
1753302405.638897
1753302405.657646
1753302405.676396
1753302405.690645
1753302405.704894
1753302405.723187
1753302405.741481
1753302405.758256
1753302405.775031
1753302405.792498
1753302405.809964
1753302405.824222
1753302405.838480
1753302405.857070
1753302405.875661
1753302405.892903
1753302405.910145
1753302405.925702
1753302405.941259
1753302405.956525
1753302405.971791
1753302405.989769
1753302406.007746
1753302406.025920
1753302406.044094
1753302406.060266
1753302406.076439
1753302406.090836
1753302406.105232
1753302406.123066
1753302406.140901
1753302406.158957
1753302406.177012
1753302406.192571
1753302406.208130
1753302406.224940
1753302406.241751
1753302406.258613
1753302406.275475
1753302406.293697
1753302406.311919
1753302406.326567
1753302406.341215
1753302406.356489
1753302406.371763
1753302406.391212
1753302406.410660
1753302406.426363
1753302406.442065
1753302406.459565
1753302406.477065
1753302406.490706
1753302406.504347
1753302406.522714
1753302406.541080
1753302406.559232
1753302406.577384
1753302406.592979
1753302406.608574
1753302406.623660
1753302406.638746
1753302406.657016
1753302406.675286
1753302406.693616
1753302406.711947
1753302406.726730
1753302406.741514
1753302406.756787
1753302406.772060
1753302406.790401
1753302406.808742
1753302406.826991
1753302406.845239
1753302406.860623
1753302406.876008
1753302406.890725
1753302406.905441
1753302406.923765
1753302406.942089
1753302406.957661
1753302406.973233
1753302406.991858
1753302407.010484
1753302407.024770
1753302407.039057
1753302407.057348
1753302407.075639
1753302407.093784
1753302407.111929
1753302407.127509
1753302407.143089
1753302407.157855
1753302407.172621
1753302407.190498
1753302407.208375
1753302407.225289
1753302407.242204
1753302407.260404
1753302407.278603
1753302407.292201
1753302407.305799
1753302407.324565
1753302407.343331
1753302407.360449
1753302407.377566
1753302407.393368
1753302407.409170
1753302407.424241
1753302407.439312
1753302407.458058
1753302407.476804
1753302407.493679
1753302407.510553
1753302407.526375
1753302407.542197
1753302407.557367
1753302407.572538
1753302407.591333
1753302407.610128
1753302407.626313
1753302407.642499
1753302407.660682
1753302407.678865
1753302407.692244
1753302407.705623
1753302407.723007
1753302407.740392
1753302407.758305
1753302407.776217
1753302407.793611
1753302407.811004
1753302407.825259
1753302407.839515
1753302407.857264
1753302407.875012
1753302407.892137
1753302407.909262
1753302407.926569
1753302407.943877
1753302407.959047
1753302407.974218
1753302407.991705
1753302408.009193
1753302408.027131
1753302408.045069
1753302408.060720
1753302408.076371
1753302408.092149
1753302408.107928
1753302408.126254
1753302408.144580
1753302408.160734
1753302408.176889
1753302408.193434
1753302408.209978
1753302408.225782
1753302408.241587
1753302408.259826
1753302408.278066
1753302408.294569
1753302408.311073
1753302408.327468
1753302408.343863
1753302408.358413
1753302408.372962
1753302408.391747
1753302408.410532
1753302408.426351
1753302408.442170
1753302408.460647
1753302408.479124
1753302408.492851
1753302408.506578
1753302408.525134
1753302408.543689
1753302408.560147
1753302408.576605
1753302408.594145
1753302408.611684
1753302408.625899
1753302408.640114
1753302408.658735
1753302408.677356
1753302408.693079
1753302408.708802
1753302408.725662
1753302408.742523
1753302408.757820
1753302408.773116
1753302408.791409
1753302408.809701
1753302408.827290
1753302408.844879
1753302408.861398
1753302408.877917
1753302408.892251
1753302408.906585
1753302408.924592
1753302408.942598
1753302408.960983
1753302408.979367
1753302408.995007
1753302409.010646
1753302409.025322
1753302409.039998
1753302409.058772
1753302409.077546
1753302409.093836
1753302409.110127
1753302409.127530
1753302409.144932
1753302409.159220
1753302409.173508
1753302409.191785
1753302409.210063
1753302409.227841
1753302409.245620
1753302409.261611
1753302409.277601
1753302409.292181
1753302409.306762
1753302409.325612
1753302409.344461
1753302409.360032
1753302409.375602
1753302409.393963
1753302409.412324
1753302409.426281
1753302409.440239
1753302409.459025
1753302409.477811
1753302409.493841
1753302409.509871
1753302409.527278
1753302409.544685
1753302409.559559
1753302409.574433
1753302409.593174
1753302409.611914
1753302409.628750
1753302409.645586
1753302409.661142
1753302409.676698
1753302409.694830
1753302409.712962
1753302409.726222
1753302409.739481
1753302409.758116
1753302409.776751
1753302409.794886
1753302409.813021
1753302409.828983
1753302409.844945
1753302409.862309
1753302409.879672
1753302409.893818
1753302409.907965
1753302409.926577
1753302409.945189
1753302409.961591
1753302409.977992
1753302409.994238
1753302410.010485
1753302410.026986
1753302410.043487
1753302410.061774
1753302410.080062
1753302410.095852
1753302410.111643
1753302410.127915
1753302410.144188
1753302410.160202
1753302410.176215
1753302410.194393
1753302410.212571
1753302410.229104
1753302410.245636
1753302410.262187
1753302410.278737
1753302410.294003
1753302410.309270
1753302410.327336
1753302410.345402
1753302410.362081
1753302410.378759
1753302410.395339
1753302410.411918
1753302410.426362
1753302410.440805
1753302410.460168
1753302410.479531
1753302410.495692
1753302410.511852
1753302410.528584
1753302410.545316
1753302410.560004
1753302410.574691
1753302410.593456
1753302410.612220
1753302410.627928
1753302410.643637
1753302410.661076
1753302410.678515
1753302410.694354
1753302410.710193
1753302410.726519
1753302410.742845
1753302410.760539
1753302410.778233
1753302410.795530
1753302410.812827
1753302410.826901
1753302410.840976
1753302410.858883
1753302410.876790
1753302410.894603
1753302410.912415
1753302410.929280
1753302410.946145
1753302410.960233
1753302410.974321
1753302410.993059
1753302411.011798
1753302411.027556
1753302411.043315
1753302411.061782
1753302411.080249
1753302411.093992
1753302411.107735
1753302411.126120
1753302411.144505
1753302411.161395
1753302411.178285
1753302411.195430
1753302411.212575
1753302411.226828
1753302411.241080
1753302411.259871
1753302411.278663
1753302411.295799
1753302411.312936
1753302411.328759
1753302411.344582
1753302411.360218
1753302411.375854
1753302411.394429
1753302411.413004
1753302411.428678
1753302411.444351
1753302411.462074
1753302411.479797
1753302411.495208
1753302411.510619
1753302411.528980
1753302411.547341
1753302411.563312
1753302411.579282
1753302411.595379
1753302411.611476
1753302411.627486
1753302411.643497
1753302411.661167
1753302411.678837
1753302411.695358
1753302411.711878
1753302411.728416
1753302411.744954
1753302411.760045
1753302411.775136
1753302411.794281
1753302411.813426
1753302411.829598
1753302411.845771
1753302411.862661
1753302411.879551
1753302411.894229
1753302411.908907
1753302411.926159
1753302411.943412
1753302411.960450
1753302411.977487
1753302411.995956
1753302412.014425
1753302412.028029
1753302412.041633
1753302412.060577
1753302412.079522
1753302412.096311
1753302412.113100
1753302412.128858
1753302412.144615
1753302412.161788
1753302412.178960
1753302412.194816
1753302412.210671
1753302412.228623
1753302412.246575
1753302412.262649
1753302412.278722
1753302412.294931
1753302412.311141
1753302412.329462
1753302412.347782
1753302412.363579
1753302412.379376
1753302412.394955
1753302412.410534
1753302412.427899
1753302412.445265
1753302412.462911
1753302412.480557
1753302412.496664
1753302412.512770
1753302412.528955
1753302412.545141
1753302412.560237
1753302412.575333
1753302412.594362
1753302412.613391
1753302412.629437
1753302412.645484
1753302412.663101
1753302412.680719
1753302412.695133
1753302412.709547
1753302412.727574
1753302412.745601
1753302412.761204
1753302412.776807
1753302412.795442
1753302412.814076
1753302412.829482
1753302412.844888
1753302412.863112
1753302412.881336
1753302412.897148
1753302412.912960
1753302412.929003
1753302412.945047
1753302412.961491
1753302412.977935
1753302412.996305
1753302413.014676
1753302413.030425
1753302413.046174
1753302413.062637
1753302413.079100
1753302413.094560
1753302413.110020
1753302413.127472
1753302413.144925
1753302413.162804
1753302413.180683
1753302413.196714
1753302413.212745
1753302413.228915
1753302413.245086
1753302413.263347
1753302413.281608
1753302413.297290
1753302413.312972
1753302413.330158
1753302413.347344
1753302413.361500
1753302413.375656
1753302413.394255
1753302413.412854
1753302413.430156
1753302413.447457
1753302413.463488
1753302413.479518
1753302413.495147
1753302413.510777
1753302413.529119
1753302413.547462
1753302413.563507
1753302413.579551
1753302413.595860
1753302413.612168
1753302413.627923
1753302413.643677
1753302413.661995
1753302413.680313
1753302413.696711
1753302413.713109
1753302413.728292
1753302413.743475
1753302413.761946
1753302413.780418
1753302413.796173
1753302413.811928
1753302413.829536
1753302413.847144
1753302413.863888
1753302413.880632
1753302413.895477
1753302413.910322
1753302413.928772
1753302413.947222
1753302413.963313
1753302413.979404
1753302413.996416
1753302414.013428
1753302414.029535
1753302414.045642
1753302414.063940
1753302414.082238
1753302414.098057
1753302414.113876
1753302414.131043
1753302414.148211
1753302414.163497
1753302414.178783
1753302414.196244
1753302414.213705
1753302414.230465
1753302414.247226
1753302414.264295
1753302414.281363
1753302414.296933
1753302414.312503
1753302414.330704
1753302414.348905
1753302414.364985
1753302414.381066
1753302414.396771
1753302414.412477
1753302414.429086
1753302414.445695
1753302414.463926
1753302414.482158
1753302414.498143
1753302414.514129
1753302414.530313
1753302414.546496
1753302414.561285
1753302414.576073
1753302414.595376
1753302414.614679
1753302414.631797
1753302414.648915
1753302414.664780
1753302414.680645
1753302414.695035
1753302414.709425
1753302414.727222
1753302414.745020
1753302414.762183
1753302414.779346
1753302414.797307
1753302414.815269
1753302414.829095
1753302414.842921
1753302414.861634
1753302414.880348
1753302414.896222
1753302414.912096
1753302414.930489
1753302414.948881
1753302414.962575
1753302414.976269
1753302414.994985
1753302415.013700
1753302415.030586
1753302415.047472
1753302415.063825
1753302415.080177
1753302415.094876
1753302415.109574
1753302415.127726
1753302415.145878
1753302415.163574
1753302415.181270
1753302415.197133
1753302415.212996
1753302415.227977
1753302415.242958
1753302415.261650
1753302415.280342
1753302415.297316
1753302415.314290
1753302415.331061
1753302415.347833
1753302415.362086
1753302415.376340
1753302415.395084
1753302415.413828
1753302415.430114
1753302415.446400
1753302415.464560
1753302415.482719
1753302415.496387
1753302415.510054
1753302415.528872
1753302415.547690
1753302415.564458
1753302415.581227
1753302415.597316
1753302415.613405
1753302415.628339
1753302415.643273
1753302415.662055
1753302415.680838
1753302415.697069
1753302415.713299
1753302415.730467
1753302415.747635
1753302415.762129
1753302415.776624
1753302415.795170
1753302415.813716
1753302415.831118
1753302415.848519
1753302415.864062
1753302415.879604
1753302415.894741
1753302415.909878
1753302415.928728
1753302415.947578
1753302415.964798
1753302415.982019
1753302415.998371
1753302416.014723
1753302416.028566
1753302416.042410
1753302416.062439
1753302416.082468
1753302416.098850
1753302416.115233
1753302416.130757
1753302416.146281
1753302416.162371
1753302416.178461
1753302416.196188
1753302416.213915
1753302416.230870
1753302416.247825
1753302416.264057
1753302416.280289
1753302416.297570
1753302416.314851
1753302416.330750
1753302416.346650
1753302416.364874
1753302416.383098
1753302416.398803
1753302416.414509
1753302416.430504
1753302416.446499
1753302416.464458
1753302416.482416
1753302416.498279
1753302416.514141
1753302416.530452
1753302416.546764
1753302416.561947
1753302416.577131
1753302416.595799
1753302416.614468
1753302416.630547
1753302416.646626
1753302416.665025
1753302416.683423
1753302416.696908
1753302416.710392
1753302416.729403
1753302416.748414
1753302416.764478
1753302416.780542
1753302416.798660
1753302416.816778
1753302416.829692
1753302416.842606
1753302416.861945
1753302416.881284
1753302416.897868
1753302416.914452
1753302416.930753
1753302416.947054
1753302416.962121
1753302416.977189
1753302416.996130
1753302417.015071
1753302417.031442
1753302417.047814
1753302417.064354
1753302417.080894
1753302417.096523
1753302417.112152
1753302417.130660
1753302417.149167
1753302417.165471
1753302417.181775
1753302417.198030
1753302417.214284
1753302417.230292
1753302417.246300
1753302417.264660
1753302417.283020
1753302417.299322
1753302417.315624
1753302417.331746
1753302417.347868
1753302417.363460
1753302417.379052
1753302417.397385
1753302417.415718
1753302417.432236
1753302417.448753
1753302417.465333
1753302417.481912
1753302417.496359
1753302417.510807
1753302417.529724
1753302417.548640
1753302417.564656
1753302417.580671
1753302417.598946
1753302417.617221
1753302417.630863
1753302417.644504
1753302417.663604
1753302417.682703
1753302417.698183
1753302417.713663
1753302417.731767
1753302417.749871
1753302417.763750
1753302417.777628
1753302417.796970
1753302417.816313
1753302417.832295
1753302417.848277
1753302417.864598
1753302417.880919
1753302417.897047
1753302417.913174
1753302417.931453
1753302417.949732
1753302417.965596
1753302417.981460
1753302417.997647
1753302418.013833
1753302418.032293
1753302418.050753
1753302418.064277
1753302418.077800
1753302418.097097
1753302418.116395
1753302418.132881
1753302418.149367
1753302418.165323
1753302418.181280
1753302418.197927
1753302418.214575
1753302418.230897
1753302418.247219
1753302418.264440
1753302418.281660
1753302418.299056
1753302418.316451
1753302418.333039
1753302418.349626
1753302418.365251
1753302418.380876
1753302418.397255
1753302418.413634
1753302418.431527
1753302418.449420
1753302418.465310
1753302418.481200
1753302418.498616
1753302418.516033
1753302418.531823
1753302418.547613
1753302418.564308
1753302418.581003
1753302418.597873
1753302418.614744
1753302418.631419
1753302418.648094
1753302418.664398
1753302418.680702
1753302418.697541
1753302418.714381
1753302418.732296
1753302418.750210
1753302418.764215
1753302418.778220
1753302418.796834
1753302418.815448
1753302418.832426
1753302418.849403
1753302418.865186
1753302418.880969
1753302418.897022
1753302418.913076
1753302418.931576
1753302418.950077
1753302418.966589
1753302418.983102
1753302418.999832
1753302419.016562
1753302419.030754
1753302419.044946
1753302419.064165
1753302419.083383
1753302419.099821
1753302419.116259
1753302419.132273
1753302419.148286
1753302419.163244
1753302419.178202
1753302419.196541
1753302419.214881
1753302419.231842
1753302419.248803
1753302419.266027
1753302419.283252
1753302419.297547
1753302419.311842
1753302419.330534
1753302419.349226
1753302419.366216
1753302419.383206
1753302419.399042
1753302419.414878
1753302419.429954
1753302419.445029
1753302419.464613
1753302419.484198
1753302419.500177
1753302419.516156
1753302419.533093
1753302419.550030
1753302419.564169
1753302419.578309
1753302419.597349
1753302419.616389
1753302419.633508
1753302419.650627
1753302419.667079
1753302419.683531
1753302419.697692
1753302419.711853
1753302419.729866
1753302419.747879
1753302419.765126
1753302419.782374
1753302419.798701
1753302419.815029
1753302419.830076
1753302419.845123
1753302419.863963
1753302419.882803
1753302419.899009
1753302419.915215
1753302419.931930
1753302419.948645
1753302419.963612
1753302419.978579
1753302419.997734
1753302420.016888
1753302420.033993
1753302420.051098
1753302420.067075
1753302420.083052
1753302420.098649
1753302420.114245
1753302420.132852
1753302420.151459
1753302420.167109
1753302420.182759
1753302420.198484
1753302420.214210
1753302420.231568
1753302420.248926
1753302420.266266
1753302420.283607
1753302420.299754
1753302420.315900
1753302420.332741
1753302420.349583
1753302420.364610
1753302420.379638
1753302420.398223
1753302420.416809
1753302420.432868
1753302420.448927
1753302420.466199
1753302420.483471
1753302420.497897
1753302420.512323
1753302420.531560
1753302420.550798
1753302420.566817
1753302420.582836
1753302420.599243
1753302420.615650
1753302420.630642
1753302420.645634
1753302420.664433
1753302420.683233
1753302420.698720
1753302420.714208
1753302420.732362
1753302420.750516
1753302420.764775
1753302420.779034
1753302420.797862
1753302420.816689
1753302420.833673
1753302420.850657
1753302420.866713
1753302420.882768
1753302420.897601
1753302420.912434
1753302420.931252
1753302420.950070
1753302420.966636
1753302420.983202
1753302421.000074
1753302421.016946
1753302421.031327
1753302421.045707
1753302421.064810
1753302421.083913
1753302421.100945
1753302421.117977
1753302421.134001
1753302421.150026
1753302421.165148
1753302421.180269
1753302421.197626
1753302421.214982
1753302421.232090
1753302421.249199
1753302421.266717
1753302421.284235
1753302421.298352
1753302421.312468
1753302421.331591
1753302421.350714
1753302421.367177
1753302421.383639
1753302421.399779
1753302421.415918
1753302421.431299
1753302421.446679
1753302421.465585
1753302421.484491
1753302421.501161
1753302421.517831
1753302421.533978
1753302421.550126
1753302421.564775
1753302421.579423
1753302421.598486
1753302421.617550
1753302421.633934
1753302421.650319
1753302421.667050
1753302421.683781
1753302421.698338
1753302421.712895
1753302421.731988
1753302421.751081
1753302421.767210
1753302421.783340
1753302421.800840
1753302421.818341
1753302421.832260
1753302421.846178
1753302421.864932
1753302421.883686
1753302421.900633
1753302421.917580
1753302421.933549
1753302421.949518
1753302421.964149
1753302421.978781
1753302421.997893
1753302422.017005
1753302422.033417
1753302422.049829
1753302422.067846
1753302422.085863
1753302422.099427
1753302422.112991
1753302422.131918
1753302422.150846
1753302422.166824
1753302422.182803
1753302422.199037
1753302422.215270
1753302422.230851
1753302422.246432
1753302422.265348
1753302422.284265
1753302422.300204
1753302422.316143
1753302422.334270
1753302422.352396
1753302422.366101
1753302422.379806
1753302422.398358
1753302422.416911
1753302422.434815
1753302422.452720
1753302422.468333
1753302422.483947
1753302422.500232
1753302422.516516
1753302422.534580
1753302422.552645
1753302422.568566
1753302422.584488
1753302422.601034
1753302422.617581
1753302422.633488
1753302422.649395
1753302422.667441
1753302422.685488
1753302422.701130
1753302422.716773
1753302422.734394
1753302422.752014
1753302422.766109
1753302422.780204
1753302422.797858
1753302422.815511
1753302422.833156
1753302422.850800
1753302422.867412
1753302422.884023
1753302422.898882
1753302422.913742
1753302422.932425
1753302422.951108
1753302422.967244
1753302422.983380
1753302423.001622
1753302423.019864
1753302423.033347
1753302423.046830
1753302423.065230
1753302423.083630
1753302423.100080
1753302423.116530
1753302423.133881
1753302423.151232
1753302423.165853
1753302423.180473
1753302423.197761
1753302423.215049
1753302423.232057
1753302423.249064
1753302423.267336
1753302423.285608
1753302423.299570
1753302423.313532
1753302423.332114
1753302423.350695
1753302423.367118
1753302423.383541
1753302423.401749
1753302423.419957
1753302423.433433
1753302423.446908
1753302423.466065
1753302423.485222
1753302423.501511
1753302423.517800
1753302423.533975
1753302423.550150
1753302423.565318
1753302423.580485
1753302423.599607
1753302423.618728
1753302423.634997
1753302423.651267
1753302423.668678
1753302423.686088
1753302423.699992
1753302423.713896
1753302423.731813
1753302423.749731
1753302423.768222
1753302423.786713
1753302423.802642
1753302423.818572
1753302423.833086
1753302423.847599
1753302423.865710
1753302423.883821
1753302423.901652
1753302423.919483
1753302423.934975
1753302423.950467
1753302423.965497
1753302423.980526
1753302423.999144
1753302424.017761
1753302424.034155
1753302424.050550
1753302424.067336
1753302424.084122
1753302424.098980
1753302424.113839
1753302424.132682
1753302424.151525
1753302424.168787
1753302424.186049
1753302424.200555
1753302424.215062
1753302424.232445
1753302424.249829
1753302424.268056
1753302424.286284
1753302424.301313
1753302424.316342
1753302424.334748
1753302424.353153
1753302424.367018
1753302424.380883
1753302424.400448
1753302424.420013
1753302424.436181
1753302424.452348
1753302424.468691
1753302424.485034
1753302424.499632
1753302424.514230
1753302424.532905
1753302424.551579
1753302424.568396
1753302424.585212
1753302424.602461
1753302424.619710
1753302424.634380
1753302424.649051
1753302424.667630
1753302424.686209
1753302424.700776
1753302424.715342
1753302424.733441
1753302424.751540
1753302424.767280
1753302424.783020
1753302424.801573
1753302424.820125
1753302424.835668
1753302424.851211
1753302424.867965
1753302424.884718
1753302424.899597
1753302424.914476
1753302424.932635
1753302424.950794
1753302424.969218
1753302424.987641
1753302425.002364
1753302425.017087
1753302425.032425
1753302425.047763
1753302425.066301
1753302425.084839
1753302425.102283
1753302425.119728
1753302425.135405
1753302425.151081
1753302425.166847
1753302425.182612
1753302425.198604
1753302425.214595
1753302425.233202
1753302425.251809
1753302425.269113
1753302425.286417
1753302425.300534
1753302425.314652
1753302425.333300
1753302425.351947
1753302425.368396
1753302425.384845
1753302425.401845
1753302425.418845
1753302425.434695
1753302425.450545
1753302425.468499
1753302425.486453
1753302425.502895
1753302425.519337
1753302425.535017
1753302425.550698
1753302425.567367
1753302425.584035
1753302425.601565
1753302425.619096
1753302425.635059
1753302425.651022
1753302425.669429
1753302425.687837
1753302425.701394
1753302425.714951
1753302425.733666
1753302425.752381
1753302425.768435
1753302425.784489
1753302425.801828
1753302425.819167
1753302425.833697
1753302425.848228
1753302425.866040
1753302425.883852
1753302425.901617
1753302425.919382
1753302425.935349
1753302425.951315
1753302425.966446
1753302425.981578
1753302426.000496
1753302426.019414
1753302426.035768
1753302426.052122
1753302426.068600
1753302426.085077
1753302426.100064
1753302426.115051
1753302426.133386
1753302426.151721
1753302426.167906
1753302426.184091
1753302426.200064
1753302426.216036
1753302426.234919
1753302426.253802
1753302426.268848
1753302426.283894
1753302426.301960
1753302426.320025
1753302426.336339
1753302426.352653
1753302426.368993
1753302426.385332
1753302426.400311
1753302426.415290
1753302426.434184
1753302426.453077
1753302426.469715
1753302426.486352
1753302426.502918
1753302426.519483
1753302426.535244
1753302426.551005
1753302426.568573
1753302426.586142
1753302426.601943
1753302426.617744
1753302426.635643
1753302426.653542
1753302426.670357
1753302426.687171
1753302426.701909
1753302426.716646
1753302426.735312
1753302426.753977
1753302426.769852
1753302426.785727
1753302426.801917
1753302426.818106
1753302426.834069
1753302426.850032
1753302426.867372
1753302426.884711
1753302426.903013
1753302426.921314
1753302426.937492
1753302426.953671
1753302426.967909
1753302426.982147
1753302427.000860
1753302427.019574
1753302427.035728
1753302427.051883
1753302427.069007
1753302427.086131
1753302427.101017
1753302427.115904
1753302427.134151
1753302427.152398
1753302427.169734
1753302427.187071
1753302427.201575
1753302427.216079
1753302427.233985
1753302427.251892
1753302427.268629
1753302427.285365
1753302427.303665
1753302427.321964
1753302427.337620
1753302427.353275
1753302427.367800
1753302427.382324
1753302427.401050
1753302427.419775
1753302427.435569
1753302427.451363
1753302427.469133
1753302427.486904
1753302427.501165
1753302427.515426
1753302427.534364
1753302427.553301
1753302427.569168
1753302427.585034
1753302427.603177
1753302427.621320
1753302427.635185
1753302427.649050
1753302427.667844
1753302427.686638
1753302427.701157
1753302427.715675
1753302427.734027
1753302427.752380
1753302427.767351
1753302427.782323
1753302427.801347
1753302427.820372
1753302427.836184
1753302427.851996
1753302427.868703
1753302427.885411
1753302427.900815
1753302427.916220
1753302427.935123
1753302427.954027
1753302427.970760
1753302427.987494
1753302428.003296
1753302428.019099
1753302428.034929
1753302428.050759
1753302428.068177
1753302428.085595
1753302428.102267
1753302428.118939
1753302428.135685
1753302428.152432
1753302428.168938
1753302428.185444
1753302428.200880
1753302428.216315
1753302428.235158
1753302428.254002
1753302428.269997
1753302428.285992
1753302428.301008
1753302428.316024
1753302428.334899
1753302428.353774
1753302428.369085
1753302428.384396
1753302428.401167
1753302428.417938
1753302428.435422
1753302428.452907
1753302428.469501
1753302428.486094
1753302428.503879
1753302428.521664
1753302428.537515
1753302428.553366
1753302428.569119
1753302428.584872
1753302428.602281
1753302428.619689
1753302428.636662
1753302428.653635
1753302428.669610
1753302428.685584
1753302428.700945
1753302428.716306
1753302428.735615
1753302428.754925
1753302428.770606
1753302428.786286
1753302428.804321
1753302428.822355
1753302428.836143
1753302428.849930
1753302428.867817
1753302428.885705
1753302428.903406
1753302428.921107
1753302428.936973
1753302428.952839
1753302428.967968
1753302428.983097
1753302429.001914
1753302429.020731
1753302429.037360
1753302429.053990
1753302429.070457
1753302429.086923
1753302429.102199
1753302429.117475
1753302429.134957
1753302429.152439
1753302429.170163
1753302429.187887
1753302429.203333
1753302429.218780
1753302429.235742
1753302429.252703
1753302429.269825
1753302429.286948
1753302429.304068
1753302429.321187
1753302429.337143
1753302429.353100
1753302429.368151
1753302429.383202
1753302429.402035
1753302429.420868
1753302429.436857
1753302429.452846
1753302429.469688
1753302429.486530
1753302429.502077
1753302429.517624
1753302429.536094
1753302429.554564
1753302429.570434
1753302429.586304
1753302429.603106
1753302429.619907
1753302429.636679
1753302429.653451
1753302429.669678
1753302429.685905
1753302429.701581
1753302429.717258
1753302429.735489
1753302429.753721
1753302429.770004
1753302429.786287
1753302429.804852
1753302429.823418
1753302429.838478
1753302429.853538
1753302429.869817
1753302429.886095
1753302429.903768
1753302429.921441
1753302429.937235
1753302429.953029
1753302429.971393
1753302429.989756
1753302430.005668
1753302430.021580
1753302430.035841
1753302430.050101
1753302430.069596
1753302430.089091
1753302430.105182
1753302430.121273
1753302430.137135
1753302430.152997
1753302430.168284
1753302430.183571
1753302430.203049
1753302430.222526
1753302430.236667
1753302430.250807
1753302430.269235
1753302430.287663
1753302430.302323
1753302430.316983
1753302430.335768
1753302430.354553
1753302430.370409
1753302430.386264
1753302430.404556
1753302430.422848
1753302430.436602
1753302430.450356
1753302430.468927
1753302430.487499
1753302430.503622
1753302430.519745
1753302430.538124
1753302430.556503
1753302430.570201
1753302430.583899
1753302430.602787
1753302430.621674
1753302430.637013
1753302430.652353
1753302430.670941
1753302430.689530
1753302430.703368
1753302430.717207
1753302430.736034
1753302430.754862
1753302430.770859
1753302430.786857
1753302430.803987
1753302430.821117
1753302430.835872
1753302430.850627
1753302430.867447
1753302430.884268
1753302430.902709
1753302430.921151
1753302430.937140
1753302430.953129
1753302430.968482
1753302430.983836
1753302431.002808
1753302431.021780
1753302431.037808
1753302431.053836
1753302431.071178
1753302431.088521
1753302431.102909
1753302431.117297
1753302431.135008
1753302431.152720
1753302431.171031
1753302431.189342
1753302431.204969
1753302431.220597
1753302431.235600
1753302431.250604
1753302431.269334
1753302431.288065
1753302431.304195
1753302431.320325
1753302431.338046
1753302431.355766
1753302431.369868
1753302431.383970
1753302431.402762
1753302431.421555
1753302431.437629
1753302431.453702
1753302431.470537
1753302431.487372
1753302431.502441
1753302431.517511
1753302431.536346
1753302431.555181
1753302431.571723
1753302431.588266
1753302431.604285
1753302431.620304
1753302431.635554
1753302431.650804
1753302431.669805
1753302431.688806
1753302431.705264
1753302431.721721
1753302431.737947
1753302431.754174
1753302431.769254
1753302431.784335
1753302431.801349
1753302431.818364
1753302431.836713
1753302431.855063
1753302431.870423
1753302431.885784
1753302431.902370
1753302431.918957
1753302431.936432
1753302431.953908
1753302431.970576
1753302431.987244
1753302432.004790
1753302432.022337
1753302432.036860
1753302432.051383
1753302432.069990
1753302432.088596
1753302432.104880
1753302432.121164
1753302432.137427
1753302432.153690
1753302432.169504
1753302432.185317
1753302432.201621
1753302432.217925
1753302432.235090
1753302432.252255
1753302432.270444
1753302432.288634
1753302432.303356
1753302432.318078
1753302432.336774
1753302432.355471
1753302432.371135
1753302432.386799
1753302432.404757
1753302432.422716
1753302432.436986
1753302432.451256
1753302432.469135
1753302432.487013
1753302432.503730
1753302432.520446
1753302432.537675
1753302432.554904
1753302432.570580
1753302432.586257
1753302432.604816
1753302432.623375
1753302432.638741
1753302432.654106
1753302432.671439
1753302432.688772
1753302432.703480
1753302432.718187
1753302432.737356
1753302432.756524
1753302432.772853
1753302432.789183
1753302432.805026
1753302432.820869
1753302432.835966
1753302432.851062
1753302432.868370
1753302432.885678
1753302432.903137
1753302432.920596
1753302432.938957
1753302432.957318
1753302432.971063
1753302432.984808
1753302433.003582
1753302433.022357
1753302433.038825
1753302433.055292
1753302433.071701
1753302433.088110
1753302433.103181
1753302433.118252
1753302433.135545
1753302433.152839
1753302433.171362
1753302433.189886
1753302433.205780
1753302433.221674
1753302433.236521
1753302433.251367
1753302433.270152
1753302433.288936
1753302433.305280
1753302433.321624
1753302433.339521
1753302433.357418
1753302433.371308
1753302433.385198
1753302433.404125
1753302433.423052
1753302433.438864
1753302433.454676
1753302433.471463
1753302433.488250
1753302433.503871
1753302433.519493
1753302433.537815
1753302433.556137
1753302433.572067
1753302433.587996
1753302433.606096
1753302433.624196
1753302433.638135
1753302433.652075
1753302433.671374
1753302433.690673
1753302433.706828
1753302433.722983
1753302433.738739
1753302433.754496
1753302433.770148
1753302433.785799
1753302433.803843
1753302433.821888
1753302433.839049
1753302433.856211
1753302433.871264
1753302433.886317
1753302433.904290
1753302433.922263
1753302433.938471
1753302433.954680
1753302433.971350
1753302433.988020
1753302434.005095
1753302434.022170
1753302434.037749
1753302434.053328
1753302434.071818
1753302434.090309
1753302434.106523
1753302434.122737
1753302434.137941
1753302434.153146
1753302434.171775
1753302434.190405
1753302434.205972
1753302434.221539
1753302434.239537
1753302434.257536
1753302434.272030
1753302434.286525
1753302434.305254
1753302434.323984
1753302434.339474
1753302434.354965
1753302434.371619
1753302434.388273
1753302434.405991
1753302434.423709
1753302434.439201
1753302434.454694
1753302434.471527
1753302434.488359
1753302434.505965
1753302434.523572
1753302434.538085
1753302434.552598
1753302434.571273
1753302434.589948
1753302434.605675
1753302434.621403
1753302434.639395
1753302434.657386
1753302434.673578
1753302434.689769
1753302434.706177
1753302434.722586
1753302434.737798
1753302434.753010
1753302434.772245
1753302434.791480
1753302434.807192
1753302434.822904
1753302434.839676
1753302434.856449
1753302434.871937
1753302434.887426
1753302434.905189
1753302434.922951
1753302434.939768
1753302434.956586
1753302434.972921
1753302434.989256
1753302435.006638
1753302435.024019
1753302435.039420
1753302435.054820
1753302435.073314
1753302435.091808
1753302435.108114
1753302435.124419
1753302435.138700
1753302435.152981
1753302435.172205
1753302435.191429
1753302435.207032
1753302435.222635
1753302435.240820
1753302435.259005
1753302435.273064
1753302435.287122
1753302435.305202
1753302435.323282
1753302435.340819
1753302435.358356
1753302435.372875
1753302435.387395
1753302435.405226
1753302435.423058
1753302435.438593
1753302435.454128
1753302435.471004
1753302435.487881
1753302435.505280
1753302435.522678
1753302435.540183
1753302435.557688
1753302435.571990
1753302435.586292
1753302435.605347
1753302435.624402
1753302435.639623
1753302435.654844
1753302435.672772
1753302435.690700
1753302435.705367
1753302435.720034
1753302435.738672
1753302435.757310
1753302435.773320
1753302435.789331
1753302435.807660
1753302435.825988
1753302435.839661
1753302435.853333
1753302435.870241
1753302435.887149
1753302435.905723
1753302435.924296
1753302435.941317
1753302435.958338
1753302435.972888
1753302435.987439
1753302436.005724
1753302436.024010
1753302436.040236
1753302436.056462
1753302436.074353
1753302436.092244
1753302436.106447
1753302436.120651
1753302436.138345
1753302436.156038
1753302436.174242
1753302436.192445
1753302436.208189
1753302436.223932
1753302436.240197
1753302436.256462
1753302436.273556
1753302436.290650
1753302436.306859
1753302436.323067
1753302436.341094
1753302436.359121
1753302436.372993
1753302436.386865
1753302436.405313
1753302436.423761
1753302436.440000
1753302436.456239
1753302436.473444
1753302436.490649
1753302436.506627
1753302436.522605
1753302436.540447
1753302436.558288
1753302436.575226
1753302436.592164
1753302436.608026
1753302436.623887
1753302436.639110
1753302436.654333
1753302436.672840
1753302436.691346
1753302436.708143
1753302436.724940
1753302436.741292
1753302436.757644
1753302436.772269
1753302436.786895
1753302436.805254
1753302436.823612
1753302436.840712
1753302436.857812
1753302436.873444
1753302436.889076
1753302436.904655
1753302436.920233
1753302436.939549
1753302436.958866
1753302436.974581
1753302436.990297
1753302437.007073
1753302437.023850
1753302437.038687
1753302437.053524
1753302437.071385
1753302437.089247
1753302437.107512
1753302437.125777
1753302437.141108
1753302437.156438
1753302437.171563
1753302437.186688
1753302437.205589
1753302437.224490
1753302437.240675
1753302437.256861
1753302437.273925
1753302437.290989
1753302437.305685
1753302437.320380
1753302437.339134
1753302437.357888
1753302437.374575
1753302437.391261
1753302437.408324
1753302437.425387
1753302437.439590
1753302437.453794
1753302437.472193
1753302437.490592
1753302437.508231
1753302437.525870
1753302437.542043
1753302437.558216
1753302437.573606
1753302437.588995
1753302437.607394
1753302437.625792
1753302437.640555
1753302437.655318
1753302437.673342
1753302437.691365
1753302437.706082
1753302437.720800
1753302437.739298
1753302437.757797
1753302437.773576
1753302437.789354
1753302437.807110
1753302437.824866
1753302437.839473
1753302437.854081
1753302437.872201
1753302437.890322
1753302437.907665
1753302437.925007
1753302437.942012
1753302437.959017
1753302437.973250
1753302437.987483
1753302438.004493
1753302438.021502
1753302438.040211
1753302438.058920
1753302438.074886
1753302438.090853
1753302438.106956
1753302438.123058
1753302438.139867
1753302438.156675
1753302438.174768
1753302438.192861
1753302438.209136
1753302438.225410
1753302438.240541
1753302438.255672
1753302438.274199
1753302438.292725
1753302438.308765
1753302438.324806
1753302438.342305
1753302438.359804
1753302438.373799
1753302438.387794
1753302438.405912
1753302438.424030
1753302438.442338
1753302438.460647
1753302438.476056
1753302438.491465
1753302438.506250
1753302438.521036
1753302438.538070
1753302438.555104
1753302438.572988
1753302438.590872
1753302438.609118
1753302438.627364
1753302438.640934
1753302438.654504
1753302438.672110
1753302438.689715
1753302438.707314
1753302438.724914
1753302438.742376
1753302438.759838
1753302438.773833
1753302438.787828
1753302438.806490
1753302438.825153
1753302438.842663
1753302438.860172
1753302438.876182
1753302438.892192
1753302438.906620
1753302438.921048
1753302438.939603
1753302438.958158
1753302438.974800
1753302438.991442
1753302439.008069
1753302439.024696
1753302439.039554
1753302439.054411
1753302439.073555
1753302439.092698
1753302439.108495
1753302439.124291
1753302439.139712
1753302439.155134
1753302439.172159
1753302439.189185
1753302439.206932
1753302439.224679
1753302439.242437
1753302439.260196
1753302439.275888
1753302439.291581
1753302439.307450
1753302439.323320
1753302439.340837
1753302439.358353
1753302439.374844
1753302439.391334
1753302439.409450
1753302439.427565
1753302439.441211
1753302439.454857
1753302439.473041
1753302439.491225
1753302439.509408
1753302439.527590
1753302439.541718
1753302439.555847
1753302439.574302
1753302439.592758
1753302439.608066
1753302439.623373
1753302439.640944
1753302439.658515
1753302439.676373
1753302439.694230
1753302439.708073
1753302439.721916
1753302439.740637
1753302439.759359
1753302439.775047
1753302439.790736
1753302439.809024
1753302439.827313
1753302439.841239
1753302439.855165
1753302439.873263
1753302439.891361
1753302439.909421
1753302439.927481
1753302439.942957
1753302439.958434
1753302439.973977
1753302439.989520
1753302440.007052
1753302440.024585
1753302440.042380
1753302440.060175
1753302440.075392
1753302440.090610
1753302440.107354
1753302440.124098
1753302440.140045
1753302440.155992
1753302440.174230
1753302440.192467
1753302440.209164
1753302440.225860
1753302440.241663
1753302440.257466
1753302440.275997
1753302440.294527
1753302440.309698
1753302440.324869
1753302440.343120
1753302440.361371
1753302440.375460
1753302440.389549
1753302440.408212
1753302440.426875
1753302440.443171
1753302440.459466
1753302440.475039
1753302440.490612
1753302440.508865
1753302440.527118
1753302440.542665
1753302440.558211
1753302440.576588
1753302440.594964
1753302440.610594
1753302440.626224
1753302440.641974
1753302440.657725
1753302440.676106
1753302440.694487
1753302440.710410
1753302440.726332
1753302440.742632
1753302440.758933
1753302440.774822
1753302440.790710
1753302440.808896
1753302440.827081
1753302440.842930
1753302440.858780
1753302440.875153
1753302440.891526
1753302440.907341
1753302440.923157
1753302440.941823
1753302440.960488
1753302440.976787
1753302440.993085
1753302441.008574
1753302441.024062
1753302441.040576
1753302441.057089
1753302441.075531
1753302441.093972
1753302441.110340
1753302441.126707
1753302441.142461
1753302441.158215
1753302441.174036
1753302441.189857
1753302441.207676
1753302441.225496
1753302441.243640
1753302441.261785
1753302441.278044
1753302441.294304
1753302441.308344
1753302441.322385
1753302441.340801
1753302441.359218
1753302441.375499
1753302441.391780
1753302441.410219
1753302441.428659
1753302441.442312
1753302441.455965
1753302441.474514
1753302441.493063
1753302441.510180
1753302441.527296
1753302441.542950
1753302441.558604
1753302441.574379
1753302441.590155
1753302441.608844
1753302441.627533
1753302441.642908
1753302441.658283
1753302441.676816
1753302441.695348
1753302441.709067
1753302441.722787
1753302441.741438
1753302441.760089
1753302441.776628
1753302441.793166
1753302441.809606
1753302441.826045
1753302441.841618
1753302441.857190
1753302441.875709
1753302441.894228
1753302441.910306
1753302441.926384
1753302441.943964
1753302441.961544
1753302441.975492
1753302441.989439
1753302442.007742
1753302442.026045
1753302442.043859
1753302442.061672
1753302442.077636
1753302442.093600
1753302442.108148
1753302442.122696
1753302442.140638
1753302442.158580
1753302442.176807
1753302442.195034
1753302442.211238
1753302442.227443
1753302442.242856
1753302442.258269
1753302442.276775
1753302442.295281
1753302442.310899
1753302442.326518
1753302442.344437
1753302442.362356
1753302442.376020
1753302442.389684
1753302442.408320
1753302442.426957
1753302442.443799
1753302442.460640
1753302442.476381
1753302442.492122
1753302442.510603
1753302442.529084
1753302442.542758
1753302442.556433
1753302442.575045
1753302442.593656
1753302442.610674
1753302442.627692
1753302442.643309
1753302442.658926
1753302442.676764
1753302442.694601
1753302442.709787
1753302442.724973
1753302442.743525
1753302442.762077
1753302442.776014
1753302442.789951
1753302442.808285
1753302442.826619
1753302442.842909
1753302442.859200
1753302442.875528
1753302442.891856
1753302442.907931
1753302442.924007
1753302442.942496
1753302442.960986
1753302442.976801
1753302442.992616
1753302443.010188
1753302443.027759
1753302443.044548
1753302443.061336
1753302443.075683
1753302443.090029
1753302443.108890
1753302443.127750
1753302443.143913
1753302443.160076
1753302443.177631
1753302443.195186
1753302443.210315
1753302443.225445
1753302443.241946
1753302443.258448
1753302443.276947
1753302443.295446
1753302443.310853
1753302443.326260
1753302443.344577
1753302443.362893
1753302443.376538
1753302443.390182
1753302443.408439
1753302443.426695
1753302443.444769
1753302443.462843
1753302443.477628
1753302443.492413
1753302443.508452
1753302443.524492
1753302443.543072
1753302443.561653
1753302443.577370
1753302443.593087
1753302443.611320
1753302443.629553
1753302443.643296
1753302443.657038
1753302443.675491
1753302443.693945
1753302443.710530
1753302443.727115
1753302443.744588
1753302443.762062
1753302443.777326
1753302443.792590
1753302443.810597
1753302443.828604
1753302443.843447
1753302443.858290
1753302443.875996
1753302443.893701
1753302443.911352
1753302443.929002
1753302443.943830
1753302443.958658
1753302443.977221
1753302443.995783
1753302444.010945
1753302444.026106
1753302444.044526
1753302444.062945
1753302444.078001
1753302444.093056
1753302444.110385
1753302444.127715
1753302444.144105
1753302444.160495
1753302444.177902
1753302444.195308
1753302444.210491
1753302444.225674
1753302444.244122
1753302444.262570
1753302444.278410
1753302444.294250
1753302444.309743
1753302444.325236
1753302444.343872
1753302444.362507
1753302444.378322
1753302444.394136
1753302444.411195
1753302444.428254
1753302444.443257
1753302444.458260
1753302444.475918
1753302444.493576
1753302444.511083
1753302444.528589
1753302444.545815
1753302444.563042
1753302444.576902
1753302444.590763
1753302444.609530
1753302444.628298
1753302444.644354
1753302444.660410
1753302444.677730
1753302444.695050
1753302444.710116
1753302444.725182
1753302444.743803
1753302444.762424
1753302444.778991
1753302444.795559
1753302444.811315
1753302444.827071
1753302444.842444
1753302444.857817
1753302444.876347
1753302444.894876
1753302444.911914
1753302444.928952
1753302444.945758
1753302444.962565
1753302444.976752
1753302444.990939
1753302445.009367
1753302445.027796
1753302445.044990
1753302445.062184
1753302445.078645
1753302445.095106
1753302445.109633
1753302445.124161
1753302445.142593
1753302445.161026
1753302445.178754
1753302445.196483
1753302445.211614
1753302445.226745
1753302445.242390
1753302445.258035
1753302445.276811
1753302445.295586
1753302445.311849
1753302445.328111
1753302445.343931
1753302445.359752
1753302445.375600
1753302445.391448
1753302445.410201
1753302445.428953
1753302445.445838
1753302445.462723
1753302445.479596
1753302445.496468
1753302445.510533
1753302445.524598
1753302445.543102
1753302445.561606
1753302445.579393
1753302445.597181
1753302445.612969
1753302445.628758
1753302445.643317
1753302445.657875
1753302445.676719
1753302445.695563
1753302445.711669
1753302445.727775
1753302445.745030
1753302445.762285
1753302445.776758
1753302445.791231
1753302445.809737
1753302445.828243
1753302445.846107
1753302445.863972
1753302445.880288
1753302445.896603
1753302445.910951
1753302445.925298
1753302445.943974
1753302445.962650
1753302445.979113
1753302445.995575
1753302446.010999
1753302446.026423
1753302446.043409
1753302446.060396
1753302446.076301
1753302446.092205
1753302446.110744
1753302446.129284
1753302446.145600
1753302446.161917
1753302446.176583
1753302446.191249
1753302446.210577
1753302446.229904
1753302446.246161
1753302446.262419
1753302446.279797
1753302446.297174
1753302446.311002
1753302446.324830
1753302446.343614
1753302446.362397
1753302446.377959
1753302446.393521
1753302446.411304
1753302446.429088
1753302446.443644
1753302446.458200
1753302446.476815
1753302446.495429
1753302446.512907
1753302446.530384
1753302446.546447
1753302446.562509
1753302446.578212
1753302446.593915
1753302446.612019
1753302446.630123
1753302446.647061
1753302446.663999
1753302446.680008
1753302446.696017
1753302446.710755
1753302446.725493
1753302446.743963
1753302446.762434
1753302446.778926
1753302446.795418
1753302446.812351
1753302446.829285
1753302446.845276
1753302446.861267
1753302446.877572
1753302446.893876
1753302446.912319
1753302446.930761
1753302446.946947
1753302446.963132
1753302446.977559
1753302446.991985
1753302447.010512
1753302447.029039
1753302447.046833
1753302447.064626
1753302447.080253
1753302447.095879
1753302447.110487
1753302447.125095
1753302447.143532
1753302447.161970
1753302447.180083
1753302447.198197
1753302447.213849
1753302447.229501
1753302447.244028
1753302447.258554
1753302447.277385
1753302447.296215
1753302447.312816
1753302447.329417
1753302447.346697
1753302447.363977
1753302447.378961
1753302447.393945
1753302447.412347
1753302447.430750
1753302447.446770
1753302447.462790
1753302447.480069
1753302447.497348
1753302447.511351
1753302447.525353
1753302447.544252
1753302447.563152
1753302447.579129
1753302447.595105
1753302447.613432
1753302447.631759
1753302447.645402
1753302447.659046
1753302447.677524
1753302447.696001
1753302447.711500
1753302447.726998
1753302447.745060
1753302447.763122
1753302447.777664
1753302447.792206
1753302447.811115
1753302447.830024
1753302447.846771
1753302447.863518
1753302447.879300
1753302447.895082
1753302447.910264
1753302447.925446
1753302447.944296
1753302447.963147
1753302447.979842
1753302447.996537
1753302448.012282
1753302448.028027
1753302448.043521
1753302448.059015
1753302448.077790
1753302448.096566
1753302448.113770
1753302448.130974
1753302448.146660
1753302448.162346
1753302448.178064
1753302448.193783
1753302448.212530
1753302448.231276
1753302448.246950
1753302448.262623
1753302448.279790
1753302448.296957
1753302448.312659
1753302448.328361
1753302448.346793
1753302448.365225
1753302448.380961
1753302448.396698
1753302448.413116
1753302448.429533
1753302448.445526
1753302448.461519
1753302448.479964
1753302448.498409
1753302448.514410
1753302448.530411
1753302448.546667
1753302448.562923
1753302448.579658
1753302448.596392
1753302448.613048
1753302448.629704
1753302448.647127
1753302448.664549
1753302448.680501
1753302448.696452
1753302448.711769
1753302448.727086
1753302448.745130
1753302448.763173
1753302448.779693
1753302448.796213
1753302448.814301
1753302448.832389
1753302448.846029
1753302448.859669
1753302448.877789
1753302448.895910
1753302448.914143
1753302448.932375
1753302448.948066
1753302448.963758
1753302448.978328
1753302448.992897
1753302449.011365
1753302449.029833
1753302449.046112
1753302449.062391
1753302449.080813
1753302449.099235
1753302449.112770
1753302449.126305
1753302449.144658
1753302449.163010
1753302449.180699
1753302449.198388
1753302449.213711
1753302449.229033
1753302449.244227
1753302449.259422
1753302449.278056
1753302449.296689
1753302449.313705
1753302449.330721
1753302449.347245
1753302449.363770
1753302449.378501
1753302449.393232
1753302449.411648
1753302449.430063
1753302449.447455
1753302449.464848
1753302449.480692
1753302449.496536
1753302449.511462
1753302449.526388
1753302449.544842
1753302449.563297
1753302449.581355
1753302449.599413
1753302449.615227
1753302449.631042
1753302449.645374
1753302449.659706
1753302449.678890
1753302449.698073
1753302449.713860
1753302449.729646
1753302449.747327
1753302449.765009
1753302449.779023
1753302449.793038
1753302449.811855
1753302449.830673
1753302449.848113
1753302449.865552
1753302449.881647
1753302449.897742
1753302449.912126
1753302449.926509
1753302449.945096
1753302449.963683
1753302449.981352
1753302449.999021
1753302450.014755
1753302450.030490
1753302450.045202
1753302450.059915
1753302450.078897
1753302450.097880
1753302450.113914
1753302450.129949
1753302450.147095
1753302450.164241
1753302450.178801
1753302450.193361
1753302450.211776
1753302450.230191
1753302450.248167
1753302450.266143
1753302450.281770
1753302450.297396
1753302450.312854
1753302450.328312
1753302450.346600
1753302450.364888
1753302450.380025
1753302450.395162
1753302450.413618
1753302450.432073
1753302450.446542
1753302450.461010
1753302450.479700
1753302450.498389
1753302450.514394
1753302450.530399
1753302450.546941
1753302450.563483
1753302450.581174
1753302450.598865
1753302450.613870
1753302450.628874
1753302450.647151
1753302450.665429
1753302450.681466
1753302450.697502
1753302450.712179
1753302450.726857
1753302450.745212
1753302450.763566
1753302450.781653
1753302450.799740
1753302450.815651
1753302450.831562
1753302450.845968
1753302450.860373
1753302450.878903
1753302450.897433
1753302450.915130
1753302450.932827
1753302450.948550
1753302450.964274
1753302450.978989
1753302450.993704
1753302451.011796
1753302451.029888
1753302451.048010
1753302451.066133
1753302451.081840
1753302451.097547
1753302451.112313
1753302451.127079
1753302451.145616
1753302451.164153
1753302451.182014
1753302451.199875
1753302451.215124
1753302451.230372
1753302451.246578
1753302451.262785
1753302451.281319
1753302451.299853
1753302451.315454
1753302451.331056
1753302451.347816
1753302451.364576
1753302451.380412
1753302451.396248
1753302451.411894
1753302451.427539
1753302451.447208
1753302451.466878
1753302451.482745
1753302451.498612
1753302451.515001
1753302451.531391
1753302451.547510
1753302451.563629
1753302451.579743
1753302451.595857
1753302451.614479
1753302451.633100
1753302451.649806
1753302451.666511
1753302451.682451
1753302451.698392
1753302451.713900
1753302451.729407
1753302451.747578
1753302451.765749
1753302451.781972
1753302451.798195
1753302451.814464
1753302451.830733
1753302451.847090
1753302451.863448
1753302451.880198
1753302451.896948
1753302451.915373
1753302451.933798
1753302451.949642
1753302451.965485
1753302451.981342
1753302451.997199
1753302452.013577
1753302452.029955
1753302452.048393
1753302452.066832
1753302452.082776
1753302452.098720
1753302452.114278
1753302452.129836
1753302452.146377
1753302452.162917
1753302452.180584
1753302452.198252
1753302452.214547
1753302452.230842
1753302452.247968
1753302452.265093
1753302452.281383
1753302452.297673
1753302452.314562
1753302452.331451
1753302452.347692
1753302452.363933
1753302452.380420
1753302452.396907
1753302452.415406
1753302452.433904
1753302452.449656
1753302452.465408
1753302452.482875
1753302452.500342
1753302452.515061
1753302452.529780
1753302452.547876
1753302452.565973
1753302452.582564
1753302452.599155
1753302452.615664
1753302452.632172
1753302452.647633
1753302452.663094
1753302452.681322
1753302452.699549
1753302452.715008
1753302452.730467
1753302452.748330
1753302452.766192
1753302452.781375
1753302452.796558
1753302452.814912
1753302452.833267
1753302452.849824
1753302452.866381
1753302452.883008
1753302452.899636
1753302452.914750
1753302452.929864
1753302452.948450
1753302452.967035
1753302452.982850
1753302452.998665
1753302453.015245
1753302453.031826
1753302453.046860
1753302453.061893
1753302453.080721
1753302453.099550
1753302453.116081
1753302453.132613
1753302453.148153
1753302453.163694
1753302453.180887
1753302453.198079
1753302453.213950
1753302453.229820
1753302453.248225
1753302453.266630
1753302453.282725
1753302453.298820
1753302453.314323
1753302453.329826
1753302453.348236
1753302453.366646
1753302453.381140
1753302453.395635
1753302453.414267
1753302453.432898
1753302453.447253
1753302453.461609
1753302453.480420
1753302453.499231
1753302453.515269
1753302453.531306
1753302453.548712
1753302453.566119
1753302453.580705
1753302453.595291
1753302453.614017
1753302453.632744
1753302453.648601
1753302453.664458
1753302453.682024
1753302453.699590
1753302453.714013
1753302453.728435
1753302453.746684
1753302453.764932
1753302453.782208
1753302453.799485
1753302453.815576
1753302453.831667
1753302453.846543
1753302453.861419
1753302453.879981
1753302453.898543
1753302453.916503
1753302453.934464
1753302453.950374
1753302453.966283
1753302453.980758
1753302453.995233
1753302454.013620
1753302454.032007
1753302454.049921
1753302454.067834
1753302454.083647
1753302454.099461
1753302454.113932
1753302454.128402
1753302454.147067
1753302454.165732
1753302454.182091
1753302454.198450
1753302454.216529
1753302454.234608
1753302454.248330
1753302454.262052
1753302454.280974
1753302454.299896
1753302454.316494
1753302454.333091
1753302454.350071
1753302454.367051
1753302454.381277
1753302454.395502
1753302454.414360
1753302454.433218
1753302454.449432
1753302454.465646
1753302454.483090
1753302454.500534
1753302454.516229
1753302454.531924
1753302454.548259
1753302454.564593
1753302454.582365
1753302454.600137
1753302454.616440
1753302454.632743
1753302454.648613
1753302454.664484
1753302454.681771
1753302454.699057
1753302454.715776
1753302454.732495
1753302454.749520
1753302454.766544
1753302454.781129
1753302454.795714
1753302454.814824
1753302454.833934
1753302454.850091
1753302454.866247
1753302454.883454
1753302454.900661
1753302454.914876
1753302454.929090
1753302454.948125
1753302454.967161
1753302454.983232
1753302454.999302
1753302455.016583
1753302455.033865
1753302455.048941
1753302455.064016
1753302455.081716
1753302455.099415
1753302455.116790
1753302455.134165
1753302455.150357
1753302455.166548
1753302455.181874
1753302455.197200
1753302455.214980
1753302455.232760
1753302455.250751
1753302455.268741
1753302455.284569
1753302455.300397
1753302455.316121
1753302455.331845
1753302455.350196
1753302455.368548
1753302455.384371
1753302455.400195
1753302455.416036
1753302455.431877
1753302455.447659
1753302455.463441
1753302455.482361
1753302455.501282
1753302455.517716
1753302455.534150
1753302455.550319
1753302455.566488
1753302455.582186
1753302455.597884
1753302455.616422
1753302455.634960
1753302455.651018
1753302455.667076
1753302455.683882
1753302455.700688
1753302455.716380
1753302455.732072
1753302455.750240
1753302455.768407
1753302455.784501
1753302455.800594
1753302455.817460
1753302455.834325
1753302455.850324
1753302455.866323
1753302455.883338
1753302455.900353
1753302455.917710
1753302455.935068
1753302455.951543
1753302455.968019
1753302455.983852
1753302455.999686
1753302456.017892
1753302456.036099
1753302456.052058
1753302456.068016
1753302456.084234
1753302456.100453
1753302456.116753
1753302456.133052
1753302456.149674
1753302456.166296
1753302456.184428
1753302456.202561
1753302456.217579
1753302456.232598
1753302456.250779
1753302456.268960
1753302456.283731
1753302456.298501
1753302456.316553
1753302456.334605
1753302456.350214
1753302456.365824
1753302456.383357
1753302456.400890
1753302456.416775
1753302456.432660
1753302456.450791
1753302456.468922
1753302456.485020
1753302456.501118
1753302456.517678
1753302456.534238
1753302456.550678
1753302456.567117
1753302456.584477
1753302456.601838
1753302456.617847
1753302456.633857
1753302456.649585
1753302456.665313
1753302456.683711
1753302456.702109
1753302456.716377
1753302456.730645
1753302456.749178
1753302456.767711
1753302456.783415
1753302456.799120
1753302456.816605
1753302456.834089
1753302456.850888
1753302456.867688
1753302456.884213
1753302456.900738
1753302456.914804
1753302456.928869
1753302456.948126
1753302456.967383
1753302456.984118
1753302457.000854
1753302457.017425
1753302457.033995
1753302457.048620
1753302457.063244
1753302457.082201
1753302457.101159
1753302457.117446
1753302457.133733
1753302457.150905
1753302457.168077
1753302457.182549
1753302457.197021
1753302457.215697
1753302457.234373
1753302457.250607
1753302457.266842
1753302457.283422
1753302457.300002
1753302457.315081
1753302457.330160
1753302457.349052
1753302457.367944
1753302457.384240
1753302457.400536
1753302457.417973
1753302457.435410
1753302457.449491
1753302457.463572
1753302457.480682
1753302457.497793
1753302457.516407
1753302457.535021
1753302457.550973
1753302457.566926
1753302457.581983
1753302457.597040
1753302457.615798
1753302457.634556
1753302457.650795
1753302457.667035
1753302457.684730
1753302457.702424
1753302457.716330
1753302457.730235
1753302457.748609
1753302457.766982
1753302457.784482
1753302457.801981
1753302457.818028
1753302457.834076
1753302457.849077
1753302457.864078
1753302457.882667
1753302457.901256
1753302457.917970
1753302457.934684
1753302457.951625
1753302457.968567
1753302457.982836
1753302457.997105
1753302458.015629
1753302458.034153
1753302458.051743
1753302458.069333
1753302458.084850
1753302458.100367
1753302458.115541
1753302458.130715
1753302458.149143
1753302458.167571
1753302458.184699
1753302458.201826
1753302458.217902
1753302458.233977
1753302458.249754
1753302458.265532
1753302458.284059
1753302458.302586
1753302458.318953
1753302458.335319
1753302458.352148
1753302458.368977
1753302458.383163
1753302458.397350
1753302458.416720
1753302458.436090
1753302458.451440
1753302458.466790
1753302458.484727
1753302458.502664
1753302458.516673
1753302458.530682
1753302458.549092
1753302458.567501
1753302458.584818
1753302458.602136
1753302458.618304
1753302458.634472
1753302458.651020
1753302458.667567
1753302458.684092
1753302458.700616
1753302458.718969
1753302458.737323
1753302458.753066
1753302458.768809
1753302458.783779
1753302458.798748
1753302458.817137
1753302458.835525
1753302458.852565
1753302458.869604
1753302458.885150
1753302458.900697
1753302458.916167
1753302458.931636
1753302458.949859
1753302458.968082
1753302458.985283
1753302459.002485
1753302459.018567
1753302459.034649
1753302459.049388
1753302459.064127
1753302459.082179
1753302459.100230
1753302459.118279
1753302459.136327
1753302459.152070
1753302459.167812
1753302459.183723
1753302459.199635
1753302459.217837
1753302459.236039
1753302459.251554
1753302459.267068
1753302459.285372
1753302459.303677
1753302459.317408
1753302459.331139
1753302459.349581
1753302459.368022
1753302459.386078
1753302459.404134
1753302459.420022
1753302459.435909
1753302459.450193
1753302459.464477
1753302459.482990
1753302459.501503
1753302459.519229
1753302459.536956
1753302459.552693
1753302459.568431
1753302459.583194
1753302459.597957
1753302459.616614
1753302459.635271
1753302459.651581
1753302459.667891
1753302459.683652
1753302459.699413
1753302459.718123
1753302459.736833
1753302459.750255
1753302459.763677
1753302459.782849
1753302459.802021
1753302459.818915
1753302459.835810
1753302459.851351
1753302459.866893
1753302459.885454
1753302459.904014
1753302459.918510
1753302459.933006
1753302459.951593
1753302459.970181
1753302459.986113
1753302460.002045
1753302460.018318
1753302460.034591
1753302460.050545
1753302460.066499
1753302460.085004
1753302460.103510
1753302460.119338
1753302460.135166
1753302460.151598
1753302460.168031
1753302460.184157
1753302460.200284
1753302460.218788
1753302460.237292
1753302460.253237
1753302460.269181
1753302460.284801
1753302460.300421
1753302460.318902
1753302460.337382
1753302460.351687
1753302460.365993
1753302460.384495
1753302460.402997
1753302460.419239
1753302460.435480
1753302460.451780
1753302460.468080
1753302460.486441
1753302460.504801
1753302460.520481
1753302460.536160
1753302460.551972
1753302460.567785
1753302460.585834
1753302460.603883
1753302460.619393
1753302460.634904
1753302460.652330
1753302460.669756
1753302460.685323
1753302460.700889
1753302460.718565
1753302460.736241
1753302460.751471
1753302460.766700
1753302460.785208
1753302460.803715
1753302460.819643
1753302460.835571
1753302460.851389
1753302460.867208
1753302460.885676
1753302460.904144
1753302460.919976
1753302460.935809
1753302460.953250
1753302460.970692
1753302460.984599
1753302460.998505
1753302461.017011
1753302461.035517
1753302461.052279
1753302461.069042
1753302461.086461
1753302461.103880
1753302461.117888
1753302461.131896
1753302461.150844
1753302461.169792
1753302461.187083
1753302461.204374
1753302461.220256
1753302461.236138
1753302461.250785
1753302461.265432
1753302461.284006
1753302461.302580
1753302461.319167
1753302461.335754
1753302461.352243
1753302461.368732
1753302461.383780
1753302461.398827
1753302461.417430
1753302461.436033
1753302461.453488
1753302461.470943
1753302461.486953
1753302461.502964
1753302461.517520
1753302461.532076
1753302461.550606
1753302461.569136
1753302461.586893
1753302461.604649
1753302461.620448
1753302461.636246
1753302461.650912
1753302461.665578
1753302461.684295
1753302461.703013
1753302461.718923
1753302461.734832
1753302461.753251
1753302461.771670
1753302461.785364
1753302461.799057
1753302461.817782
1753302461.836507
1753302461.853674
1753302461.870842
1753302461.886796
1753302461.902750
1753302461.917469
1753302461.932188
1753302461.950886
1753302461.969584
1753302461.987263
1753302462.004942
1753302462.020341
1753302462.035741
1753302462.052184
1753302462.068626
1753302462.085261
1753302462.101896
1753302462.119039
1753302462.136182
1753302462.153838
1753302462.171493
1753302462.185816
1753302462.200138
1753302462.218841
1753302462.237544
1753302462.253745
1753302462.269946
1753302462.286034
1753302462.302121
1753302462.318455
1753302462.334789
1753302462.352103
1753302462.369417
1753302462.387442
1753302462.405467
1753302462.421247
1753302462.437028
1753302462.453299
1753302462.469570
1753302462.486119
1753302462.502668
1753302462.520502
1753302462.538335
1753302462.554352
1753302462.570369
1753302462.586221
1753302462.602072
1753302462.620511
1753302462.638950
1753302462.654684
1753302462.670418
1753302462.686591
1753302462.702764
1753302462.718960
1753302462.735155
1753302462.753123
1753302462.771090
1753302462.787519
1753302462.803948
1753302462.819438
1753302462.834928
1753302462.851395
1753302462.867862
1753302462.885602
1753302462.903341
1753302462.919668
1753302462.935995
1753302462.954037
1753302462.972079
1753302462.986161
1753302463.000244
1753302463.018968
1753302463.037691
1753302463.053677
1753302463.069662
1753302463.087090
1753302463.104517
1753302463.120201
1753302463.135885
1753302463.153981
1753302463.172078
1753302463.188330
1753302463.204583
1753302463.220613
1753302463.236642
1753302463.254360
1753302463.272078
1753302463.287411
1753302463.302744
1753302463.321063
1753302463.339381
1753302463.355270
1753302463.371159
1753302463.386942
1753302463.402725
1753302463.420126
1753302463.437528
1753302463.453979
1753302463.470429
1753302463.486877
1753302463.503326
1753302463.519612
1753302463.535898
1753302463.553658
1753302463.571417
1753302463.588242
1753302463.605066
1753302463.621265
1753302463.637464
1753302463.654211
1753302463.670958
1753302463.686773
1753302463.702588
1753302463.720677
1753302463.738767
1753302463.754789
1753302463.770812
1753302463.787488
1753302463.804163
1753302463.820046
1753302463.835929
1753302463.853839
1753302463.871749
1753302463.887356
1753302463.902963
1753302463.919621
1753302463.936278
1753302463.954643
1753302463.973008
1753302463.988282
1753302464.003556
1753302464.020345
1753302464.037135
1753302464.053195
1753302464.069256
1753302464.087316
1753302464.105375
1753302464.121419
1753302464.137464
1753302464.153825
1753302464.170185
1753302464.187613
1753302464.205040
1753302464.221084
1753302464.237128
1753302464.254958
1753302464.272787
1753302464.288759
1753302464.304731
1753302464.321097
1753302464.337463
1753302464.353441
1753302464.369420
1753302464.387027
1753302464.404634
1753302464.421754
1753302464.438874
1753302464.453296
1753302464.467718
1753302464.485904
1753302464.504091
1753302464.520474
1753302464.536858
1753302464.553843
1753302464.570829
1753302464.587107
1753302464.603385
1753302464.620495
1753302464.637606
1753302464.654108
1753302464.670610
1753302464.687264
1753302464.703918
1753302464.720411
1753302464.736904
1753302464.754074
1753302464.771243
1753302464.787268
1753302464.803292
1753302464.820468
1753302464.837644
1753302464.853639
1753302464.869633
1753302464.886369
1753302464.903104
1753302464.921457
1753302464.939809
1753302464.955490
1753302464.971171
1753302464.985895
1753302465.000620
1753302465.019345
1753302465.038071
1753302465.054045
1753302465.070020
1753302465.087946
1753302465.105873
1753302465.119932
1753302465.133990
1753302465.152880
1753302465.171770
1753302465.188345
1753302465.204921
1753302465.221650
1753302465.238379
1753302465.252818
1753302465.267257
1753302465.286152
1753302465.305048
1753302465.321190
1753302465.337333
1753302465.355401
1753302465.373468
1753302465.387123
1753302465.400777
1753302465.419294
1753302465.437811
1753302465.453672
1753302465.469534
1753302465.487294
1753302465.505055
1753302465.519498
1753302465.533942
1753302465.552398
1753302465.570855
1753302465.589005
1753302465.607154
1753302465.622575
1753302465.637997
1753302465.652988
1753302465.667979
1753302465.685936
1753302465.703893
1753302465.721685
1753302465.739478
1753302465.755923
1753302465.772368
1753302465.786727
1753302465.801087
1753302465.820255
1753302465.839423
1753302465.855146
1753302465.870870
1753302465.888173
1753302465.905476
1753302465.919939
1753302465.934402
1753302465.952726
1753302465.971050
1753302465.989197
1753302466.007344
1753302466.023524
1753302466.039704
1753302466.053658
1753302466.067613
1753302466.086176
1753302466.104740
1753302466.121072
1753302466.137405
1753302466.155236
1753302466.173068
1753302466.187065
1753302466.201061
1753302466.219037
1753302466.237012
1753302466.254772
1753302466.272533
1753302466.288482
1753302466.304432
1753302466.320170
1753302466.335908
1753302466.354378
1753302466.372849
1753302466.388972
1753302466.405095
1753302466.421458
1753302466.437820
1753302466.453892
1753302466.469964
1753302466.487980
1753302466.505997
1753302466.522148
1753302466.538299
1753302466.554783
1753302466.571267
1753302466.588990
1753302466.606714
1753302466.620997
1753302466.635281
1753302466.653737
1753302466.672193
1753302466.688571
1753302466.704949
1753302466.720891
1753302466.736833
1753302466.755246
1753302466.773659
1753302466.788616
1753302466.803573
1753302466.821605
1753302466.839637
1753302466.853414
1753302466.867191
1753302466.885298
1753302466.903404
1753302466.921934
1753302466.940463
1753302466.956429
1753302466.972394
1753302466.986392
1753302467.000390
1753302467.019232
1753302467.038073
1753302467.056231
1753302467.074388
1753302467.089717
1753302467.105046
1753302467.120186
1753302467.135326
1753302467.154019
1753302467.172712
1753302467.188675
1753302467.204639
1753302467.221000
1753302467.237362
1753302467.253146
1753302467.268930
1753302467.287547
1753302467.306164
1753302467.322455
1753302467.338746
1753302467.355982
1753302467.373218
1753302467.387544
1753302467.401870
1753302467.420296
1753302467.438722
1753302467.456103
1753302467.473484
1753302467.489410
1753302467.505337
1753302467.520101
1753302467.534864
1753302467.553647
1753302467.572429
1753302467.590237
1753302467.608045
1753302467.623523
1753302467.639001
1753302467.653677
1753302467.668352
1753302467.686425
1753302467.704498
1753302467.722456
1753302467.740414
1753302467.756681
1753302467.772948
1753302467.787369
1753302467.801790
1753302467.820414
1753302467.839038
1753302467.855526
1753302467.872015
1753302467.889004
1753302467.905993
1753302467.920685
1753302467.935377
1753302467.954267
1753302467.973156
1753302467.988668
1753302468.004180
1753302468.022246
1753302468.040312
1753302468.056142
1753302468.071972
1753302468.087062
1753302468.102153
1753302468.120772
1753302468.139391
1753302468.155758
1753302468.172126
1753302468.189393
1753302468.206660
1753302468.223394
1753302468.240128
1753302468.256005
1753302468.271881
1753302468.290322
1753302468.308762
1753302468.324624
1753302468.340486
1753302468.356098
1753302468.371710
1753302468.389226
1753302468.406743
1753302468.422384
1753302468.438024
1753302468.456184
1753302468.474344
1753302468.491070
1753302468.507796
1753302468.521732
1753302468.535668
1753302468.554832
1753302468.573995
1753302468.589814
1753302468.605632
1753302468.623246
1753302468.640860
1753302468.656427
1753302468.671994
1753302468.688429
1753302468.704865
1753302468.721587
1753302468.738309
1753302468.755879
1753302468.773449
1753302468.788568
1753302468.803688
1753302468.822041
1753302468.840394
1753302468.856168
1753302468.871941
1753302468.889091
1753302468.906240
1753302468.920979
1753302468.935718
1753302468.955065
1753302468.974412
1753302468.990317
1753302469.006223
1753302469.021854
1753302469.037485
1753302469.053282
1753302469.069080
1753302469.087484
1753302469.105888
1753302469.122370
1753302469.138853
1753302469.156815
1753302469.174776
1753302469.188687
1753302469.202598
1753302469.221981
1753302469.241364
1753302469.257656
1753302469.273947
1753302469.290632
1753302469.307316
1753302469.321674
1753302469.336032
1753302469.354548
1753302469.373063
1753302469.390263
1753302469.407462
1753302469.423333
1753302469.439204
1753302469.454246
1753302469.469287
1753302469.487856
1753302469.506426
1753302469.522113
1753302469.537800
1753302469.555934
1753302469.574069
1753302469.588403
1753302469.602738
1753302469.621849
1753302469.640960
1753302469.657175
1753302469.673390
1753302469.690992
1753302469.708594
1753302469.722170
1753302469.735746
1753302469.754885
1753302469.774024
1753302469.789881
1753302469.805737
1753302469.823379
1753302469.841020
1753302469.855342
1753302469.869664
1753302469.888410
1753302469.907155
1753302469.924006
1753302469.940858
1753302469.956815
1753302469.972773
1753302469.987997
1753302470.003221
1753302470.022335
1753302470.041448
1753302470.057910
1753302470.074373
1753302470.091277
1753302470.108181
1753302470.122311
1753302470.136441
1753302470.154534
1753302470.172627
1753302470.190346
1753302470.208065
1753302470.224112
1753302470.240158
1753302470.255998
1753302470.271838
1753302470.289308
1753302470.306778
1753302470.323385
1753302470.339993
1753302470.355593
1753302470.371193
1753302470.389671
1753302470.408149
1753302470.423380
1753302470.438612
1753302470.455612
1753302470.472612
1753302470.490416
1753302470.508220
1753302470.522705
1753302470.537190
1753302470.555604
1753302470.574017
1753302470.590088
1753302470.606160
1753302470.624116
1753302470.642072
1753302470.656070
1753302470.670068
1753302470.688116
1753302470.706163
1753302470.723210
1753302470.740258
1753302470.756377
1753302470.772496
1753302470.790947
1753302470.809399
1753302470.823948
1753302470.838497
1753302470.855952
1753302470.873407
1753302470.890543
1753302470.907679
1753302470.924931
1753302470.942182
1753302470.956133
1753302470.970085
1753302470.989612
1753302471.009139
1753302471.025354
1753302471.041569
1753302471.055890
1753302471.070211
1753302471.088723
1753302471.107236
1753302471.123400
1753302471.139565
1753302471.156358
1753302471.173152
1753302471.188936
1753302471.204720
1753302471.223338
1753302471.241955
1753302471.257812
1753302471.273670
1753302471.290839
1753302471.308008
1753302471.322566
1753302471.337123
1753302471.355636
1753302471.374149
1753302471.390352
1753302471.406554
1753302471.424840
1753302471.443127
1753302471.456804
1753302471.470481
1753302471.489237
1753302471.507993
1753302471.524657
1753302471.541322
1753302471.557935
1753302471.574549
1753302471.589165
1753302471.603782
1753302471.622704
1753302471.641626
1753302471.656098
1753302471.670571
1753302471.688789
1753302471.707008
1753302471.721765
1753302471.736521
1753302471.755513
1753302471.774505
1753302471.791928
1753302471.809352
1753302471.825349
1753302471.841347
1753302471.855978
1753302471.870608
1753302471.889296
1753302471.907984
1753302471.925052
1753302471.942120
1753302471.957926
1753302471.973731
1753302471.989408
1753302472.005085
1753302472.022655
1753302472.040224
1753302472.058494
1753302472.076764
1753302472.091094
1753302472.105423
1753302472.123383
1753302472.141343
1753302472.158173
1753302472.175002
1753302472.192346
1753302472.209690
1753302472.225556
1753302472.241422
1753302472.257251
1753302472.273080
1753302472.291545
1753302472.310011
1753302472.325655
1753302472.341300
1753302472.358324
1753302472.375348
1753302472.389862
1753302472.404375
1753302472.423253
1753302472.442131
1753302472.456741
1753302472.471351
1753302472.490429
1753302472.509508
1753302472.523876
1753302472.538245
1753302472.555444
1753302472.572642
1753302472.591031
1753302472.609419
1753302472.625936
1753302472.642452
1753302472.658071
1753302472.673690
1753302472.691432
1753302472.709173
1753302472.724735
1753302472.740297
1753302472.757283
1753302472.774269
1753302472.791754
1753302472.809238
1753302472.825133
1753302472.841028
1753302472.859242
1753302472.877456
1753302472.893200
1753302472.908945
1753302472.924679
1753302472.940412
1753302472.958281
1753302472.976149
1753302472.991944
1753302473.007739
1753302473.025810
1753302473.043880
1753302473.057616
1753302473.071352
1753302473.090272
1753302473.109192
1753302473.125863
1753302473.142533
1753302473.158165
1753302473.173798
1753302473.189823
1753302473.205847
1753302473.224437
1753302473.243026
1753302473.258965
1753302473.274904
1753302473.292634
1753302473.310364
1753302473.324292
1753302473.338220
1753302473.356707
1753302473.375194
1753302473.392274
1753302473.409355
1753302473.426372
1753302473.443389
1753302473.457398
1753302473.471407
1753302473.489936
1753302473.508465
1753302473.524391
1753302473.540316
1753302473.558616
1753302473.576916
1753302473.590908
1753302473.604900
1753302473.623889
1753302473.642878
1753302473.658577
1753302473.674277
1753302473.692369
1753302473.710460
1753302473.724084
1753302473.737708
1753302473.756200
1753302473.774691
1753302473.792927
1753302473.811162
1753302473.826675
1753302473.842188
1753302473.856745
1753302473.871302
1753302473.890150
1753302473.908998
1753302473.924655
1753302473.940313
1753302473.957397
1753302473.974482
1753302473.989740
1753302474.004999
1753302474.022957
1753302474.040915
1753302474.059165
1753302474.077414
1753302474.093576
1753302474.109738
1753302474.124091
1753302474.138444
1753302474.157124
1753302474.175803
1753302474.192029
1753302474.208255
1753302474.226470
1753302474.244684
1753302474.258374
1753302474.272064
1753302474.290505
1753302474.308947
1753302474.325737
1753302474.342526
1753302474.357052
1753302474.371579
1753302474.390140
1753302474.408701
1753302474.425297
1753302474.441893
1753302474.460065
1753302474.478237
1753302474.494535
1753302474.510833
1753302474.524642
1753302474.538450
1753302474.556977
1753302474.575504
1753302474.592070
1753302474.608635
1753302474.625567
1753302474.642500
1753302474.657177
1753302474.671855
1753302474.690723
1753302474.709592
1753302474.725365
1753302474.741137
1753302474.759095
1753302474.777053
1753302474.791253
1753302474.805453
1753302474.824081
1753302474.842710
1753302474.859633
1753302474.876556
1753302474.892546
1753302474.908536
1753302474.924990
1753302474.941444
1753302474.959723
1753302474.978001
1753302474.993600
1753302475.009199
1753302475.026691
1753302475.044183
1753302475.058272
1753302475.072361
1753302475.091114
1753302475.109867
1753302475.124433
1753302475.138999
1753302475.157631
1753302475.176263
1753302475.190942
1753302475.205620
1753302475.224004
1753302475.242387
1753302475.259789
1753302475.277191
1753302475.293057
1753302475.308924
1753302475.324713
1753302475.340501
1753302475.358765
1753302475.377029
1753302475.392681
1753302475.408332
1753302475.426450
1753302475.444568
1753302475.458501
1753302475.472434
1753302475.490947
1753302475.509460
1753302475.525388
1753302475.541317
1753302475.559638
1753302475.577958
1753302475.592035
1753302475.606111
1753302475.624606
1753302475.643100
1753302475.660829
1753302475.678558
1753302475.694108
1753302475.709659
1753302475.724054
1753302475.738449
1753302475.757049
1753302475.775648
1753302475.793261
1753302475.810873
1753302475.826455
1753302475.842037
1753302475.857173
1753302475.872309
1753302475.889867
1753302475.907425
1753302475.925900
1753302475.944375
1753302475.960047
1753302475.975719
1753302475.991263
1753302476.006808
1753302476.025092
1753302476.043376
1753302476.060093
1753302476.076811
1753302476.092501
1753302476.108190
1753302476.124544
1753302476.140898
1753302476.159044
1753302476.177189
1753302476.192816
1753302476.208443
1753302476.226886
1753302476.245329
1753302476.259099
1753302476.272869
1753302476.291610
1753302476.310350
1753302476.326910
1753302476.343470
1753302476.359310
1753302476.375149
1753302476.392888
1753302476.410627
1753302476.425076
1753302476.439526
1753302476.458308
1753302476.477089
1753302476.493966
1753302476.510843
1753302476.526857
1753302476.542871
1753302476.560941
1753302476.579010
1753302476.592773
1753302476.606536
1753302476.624951
1753302476.643367
1753302476.660179
1753302476.676991
1753302476.692968
1753302476.708946
1753302476.725879
1753302476.742812
1753302476.759368
1753302476.775925
1753302476.794043
1753302476.812161
1753302476.827798
1753302476.843436
1753302476.859414
1753302476.875391
1753302476.892838
1753302476.910284
1753302476.926276
1753302476.942268
1753302476.960750
1753302476.979231
1753302476.993247
1753302477.007263
1753302477.026027
1753302477.044791
1753302477.060475
1753302477.076160
1753302477.094304
1753302477.112447
1753302477.126250
1753302477.140053
1753302477.158613
1753302477.177173
1753302477.192928
1753302477.208684
1753302477.226766
1753302477.244847
1753302477.259112
1753302477.273377
1753302477.292005
1753302477.310632
1753302477.327013
1753302477.343393
1753302477.361581
1753302477.379769
1753302477.393227
1753302477.406685
1753302477.425310
1753302477.443934
1753302477.460120
1753302477.476306
1753302477.494612
1753302477.512919
1753302477.526479
1753302477.540040
1753302477.558861
1753302477.577682
1753302477.594063
1753302477.610443
1753302477.627512
1753302477.644581
1753302477.659135
1753302477.673689
1753302477.692193
1753302477.710696
1753302477.727452
1753302477.744208
1753302477.759536
1753302477.774864
1753302477.793504
1753302477.812145
1753302477.827254
1753302477.842363
1753302477.860607
1753302477.878850
1753302477.893610
1753302477.908370
1753302477.926997
1753302477.945624
1753302477.960079
1753302477.974533
1753302477.992966
1753302478.011399
1753302478.028552
1753302478.045704
1753302478.059814
1753302478.073925
1753302478.092564
1753302478.111203
1753302478.127334
1753302478.143464
1753302478.161135
1753302478.178806
1753302478.193987
1753302478.209169
1753302478.227544
1753302478.245920
1753302478.261587
1753302478.277254
1753302478.295257
1753302478.313260
1753302478.326935
1753302478.340609
1753302478.359242
1753302478.377876
1753302478.393700
1753302478.409523
1753302478.428118
1753302478.446713
1753302478.460334
1753302478.473955
1753302478.492567
1753302478.511179
1753302478.528985
1753302478.546790
1753302478.562490
1753302478.578189
1753302478.592700
1753302478.607210
1753302478.625704
1753302478.644198
1753302478.660787
1753302478.677375
1753302478.694870
1753302478.712364
1753302478.726663
1753302478.740962
1753302478.759480
1753302478.777999
1753302478.794781
1753302478.811563
1753302478.827904
1753302478.844246
1753302478.859787
1753302478.875329
1753302478.893548
1753302478.911768
1753302478.929022
1753302478.946276
1753302478.962491
1753302478.978705
1753302478.993532
1753302479.008360
1753302479.026910
1753302479.045460
1753302479.061237
1753302479.077014
1753302479.094878
1753302479.112743
1753302479.126864
1753302479.140985
1753302479.159767
1753302479.178548
1753302479.195285
1753302479.212021
1753302479.227851
1753302479.243681
1753302479.259539
1753302479.275396
1753302479.294021
1753302479.312646
1753302479.329091
1753302479.345535
1753302479.361310
1753302479.377085
1753302479.392821
1753302479.408557
1753302479.427238
1753302479.445920
1753302479.461641
1753302479.477362
1753302479.495395
1753302479.513429
1753302479.527287
1753302479.541145
1753302479.560016
1753302479.578887
1753302479.595011
1753302479.611135
1753302479.628582
1753302479.646028
1753302479.660194
1753302479.674361
1753302479.693187
1753302479.712012
1753302479.727600
1753302479.743187
1753302479.760741
1753302479.778295
1753302479.793890
1753302479.809486
1753302479.827852
1753302479.846219
1753302479.861493
1753302479.876767
1753302479.894125
1753302479.911484
1753302479.927571
1753302479.943658
1753302479.961575
1753302479.979491
1753302479.995984
1753302480.012477
1753302480.028744
1753302480.045012
1753302480.060676
1753302480.076340
1753302480.094666
1753302480.112991
1753302480.129190
1753302480.145390
1753302480.161169
1753302480.176947
1753302480.194091
1753302480.211234
1753302480.226847
1753302480.242460
1753302480.261000
1753302480.279540
1753302480.296570
1753302480.313599
1753302480.327610
1753302480.341620
1753302480.359865
1753302480.378111
1753302480.394449
1753302480.410788
1753302480.429209
1753302480.447630
1753302480.461229
1753302480.474828
1753302480.493609
1753302480.512390
1753302480.528549
1753302480.544709
1753302480.562872
1753302480.581036
1753302480.594690
1753302480.608344
1753302480.626791
1753302480.645239
1753302480.662068
1753302480.678897
1753302480.695656
1753302480.712415
1753302480.726588
1753302480.740761
1753302480.758072
1753302480.775383
1753302480.793965
1753302480.812547
1753302480.829819
1753302480.847091
1753302480.861056
1753302480.875021
1753302480.894125
1753302480.913230
1753302480.929287
1753302480.945344
1753302480.963382
1753302480.981421
1753302480.994879
1753302481.008337
1753302481.027245
1753302481.046153
1753302481.062829
1753302481.079505
1753302481.095589
1753302481.111673
1753302481.126602
1753302481.141530
1753302481.160889
1753302481.180247
1753302481.196297
1753302481.212347
1753302481.229792
1753302481.247237
1753302481.261189
1753302481.275141
1753302481.293977
1753302481.312814
1753302481.328865
1753302481.344915
1753302481.363384
1753302481.381853
1753302481.395325
1753302481.408797
1753302481.427392
1753302481.445988
1753302481.460927
1753302481.475866
1753302481.492587
1753302481.509308
1753302481.526515
1753302481.543723
1753302481.562002
1753302481.580281
1753302481.596611
1753302481.612940
1753302481.629294
1753302481.645649
1753302481.660630
1753302481.675610
1753302481.693769
1753302481.711929
1753302481.728283
1753302481.744638
1753302481.762411
1753302481.780184
1753302481.794481
1753302481.808777
1753302481.827209
1753302481.845640
1753302481.863709
1753302481.881778
1753302481.897470
1753302481.913162
1753302481.927748
1753302481.942335
1753302481.961595
1753302481.980854
1753302481.996733
1753302482.012612
1753302482.030535
1753302482.048458
1753302482.061990
1753302482.075521
1753302482.094222
1753302482.112923
1753302482.128700
1753302482.144477
1753302482.162669
1753302482.180862
1753302482.194867
1753302482.208872
1753302482.227467
1753302482.246062
1753302482.262517
1753302482.278972
1753302482.297113
1753302482.315255
1753302482.328888
1753302482.342522
1753302482.361127
1753302482.379733
1753302482.395682
1753302482.411631
1753302482.429963
1753302482.448295
1753302482.462036
1753302482.475776
1753302482.494402
1753302482.513028
1753302482.529233
1753302482.545438
1753302482.563613
1753302482.581788
1753302482.595468
1753302482.609147
1753302482.627234
1753302482.645321
1753302482.663656
1753302482.681991
1753302482.697694
1753302482.713397
1753302482.728803
1753302482.744209
1753302482.762578
1753302482.780947
1753302482.796660
1753302482.812374
1753302482.830710
1753302482.849046
1753302482.862191
1753302482.875337
1753302482.894022
1753302482.912707
1753302482.930789
1753302482.948871
1753302482.964618
1753302482.980365
1753302482.994890
1753302483.009415
1753302483.028571
1753302483.047727
1753302483.064190
1753302483.080653
1753302483.096761
1753302483.112870
1753302483.127751
1753302483.142632
1753302483.160762
1753302483.178892
1753302483.196284
1753302483.213676
1753302483.230587
1753302483.247498
1753302483.261232
1753302483.274966
1753302483.294683
1753302483.314400
1753302483.330652
1753302483.346905
1753302483.363596
1753302483.380288
1753302483.394418
1753302483.408548
1753302483.427928
1753302483.447309
1753302483.464177
1753302483.481045
1753302483.497449
1753302483.513854
1753302483.527776
1753302483.541697
1753302483.561087
1753302483.580477
1753302483.597057
1753302483.613638
1753302483.629977
1753302483.646317
1753302483.662642
1753302483.678966
1753302483.695344
1753302483.711723
1753302483.729525
1753302483.747327
1753302483.762678
1753302483.778028
1753302483.795790
1753302483.813552
1753302483.830481
1753302483.847409
1753302483.863971
1753302483.880532
1753302483.896823
1753302483.913114
1753302483.927888
1753302483.942663
1753302483.961392
1753302483.980122
1753302483.997339
1753302484.014556
1753302484.031018
1753302484.047481
1753302484.061447
1753302484.075412
1753302484.094879
1753302484.114346
1753302484.130922
1753302484.147498
1753302484.164072
1753302484.180646
1753302484.194878
1753302484.209109
1753302484.227806
1753302484.246503
1753302484.264620
1753302484.282736
1753302484.298349
1753302484.313963
1753302484.329230
1753302484.344497
1753302484.363089
1753302484.381681
1753302484.397613
1753302484.413544
1753302484.431298
1753302484.449053
1753302484.462904
1753302484.476755
1753302484.495631
1753302484.514507
1753302484.530666
1753302484.546826
1753302484.563366
1753302484.579906
1753302484.595011
1753302484.610117
1753302484.628769
1753302484.647422
1753302484.664318
1753302484.681214
1753302484.697273
1753302484.713331
1753302484.730545
1753302484.747759
1753302484.762324
1753302484.776889
1753302484.795265
1753302484.813640
1753302484.830460
1753302484.847279
1753302484.863780
1753302484.880280
1753302484.897909
1753302484.915537
1753302484.929664
1753302484.943790
1753302484.962497
1753302484.981203
1753302484.997397
1753302485.013592
1753302485.030364
1753302485.047135
1753302485.062079
1753302485.077023
1753302485.095428
1753302485.113833
1753302485.130331
1753302485.146828
1753302485.164811
1753302485.182794
1753302485.196690
1753302485.210585
1753302485.229705
1753302485.248825
1753302485.264698
1753302485.280570
1753302485.297853
1753302485.315136
1753302485.329509
1753302485.343883
1753302485.363109
1753302485.382335
1753302485.397964
1753302485.413594
1753302485.431599
1753302485.449604
1753302485.463418
1753302485.477231
1753302485.496568
1753302485.515905
1753302485.531528
1753302485.547152
1753302485.563994
1753302485.580836
1753302485.596120
1753302485.611404
1753302485.629839
1753302485.648275
1753302485.663697
1753302485.679120
1753302485.695451
1753302485.711783
1753302485.729285
1753302485.746788
1753302485.764433
1753302485.782078
1753302485.798018
1753302485.813957
1753302485.830648
1753302485.847340
1753302485.862390
1753302485.877439
1753302485.896225
1753302485.915011
1753302485.931312
1753302485.947612
1753302485.964486
1753302485.981360
1753302485.996284
1753302486.011209
1753302486.029641
1753302486.048072
1753302486.064939
1753302486.081807
1753302486.097634
1753302486.113462
1753302486.129257
1753302486.145053
1753302486.163742
1753302486.182431
1753302486.197860
1753302486.213289
1753302486.231634
1753302486.249979
1753302486.263841
1753302486.277703
1753302486.296671
1753302486.315639
1753302486.331574
1753302486.347510
1753302486.365071
1753302486.382632
1753302486.397925
1753302486.413219
1753302486.431644
1753302486.450069
1753302486.466258
1753302486.482446
1753302486.498894
1753302486.515343
1753302486.531084
1753302486.546825
1753302486.565151
1753302486.583478
1753302486.599465
1753302486.615453
1753302486.631760
1753302486.648066
1753302486.664391
1753302486.680715
1753302486.697376
1753302486.714037
1753302486.731767
1753302486.749498
1753302486.765467
1753302486.781437
1753302486.799114
1753302486.816792
1753302486.831878
1753302486.846964
1753302486.864608
1753302486.882252
1753302486.898521
1753302486.914791
1753302486.929719
1753302486.944648
1753302486.964204
1753302486.983760
1753302487.000286
1753302487.016812
1753302487.032807
1753302487.048802
1753302487.064438
1753302487.080074
1753302487.098374
1753302487.116674
1753302487.132341
1753302487.148008
1753302487.165286
1753302487.182564
1753302487.196985
1753302487.211405
1753302487.230317
1753302487.249229
1753302487.265659
1753302487.282089
1753302487.298087
1753302487.314085
1753302487.329888
1753302487.345692
1753302487.364037
1753302487.382382
1753302487.399075
1753302487.415768
1753302487.431943
1753302487.448119
1753302487.463573
1753302487.479027
1753302487.497741
1753302487.516454
1753302487.533257
1753302487.550059
1753302487.566208
1753302487.582357
1753302487.597003
1753302487.611649
1753302487.630483
1753302487.649317
1753302487.665883
1753302487.682448
1753302487.698032
1753302487.713617
1753302487.729223
1753302487.744829
1753302487.763781
1753302487.782733
1753302487.799475
1753302487.816218
1753302487.833260
1753302487.850301
1753302487.864358
1753302487.878415
1753302487.897305
1753302487.916196
1753302487.932567
1753302487.948938
1753302487.965605
1753302487.982272
1753302487.997089
1753302488.011907
1753302488.030528
1753302488.049149
1753302488.065376
1753302488.081602
1753302488.099366
1753302488.117129
1753302488.130589
1753302488.144050
1753302488.163034
1753302488.182019
1753302488.197880
1753302488.213741
1753302488.232161
1753302488.250580
1753302488.264579
1753302488.278577
1753302488.297426
1753302488.316274
1753302488.333543
1753302488.350812
1753302488.366675
1753302488.382539
1753302488.397245
1753302488.411952
1753302488.431033
1753302488.450114
1753302488.466312
1753302488.482511
1753302488.499742
1753302488.516973
1753302488.532616
1753302488.548259
1753302488.566601
1753302488.584942
1753302488.600602
1753302488.616262
1753302488.633292
1753302488.650323
1753302488.666214
1753302488.682105
1753302488.698241
1753302488.714377
1753302488.732861
1753302488.751345
1753302488.767388
1753302488.783432
1753302488.799322
1753302488.815211
1753302488.833578
1753302488.851945
1753302488.867223
1753302488.882501
1753302488.900341
1753302488.918181
1753302488.931916
1753302488.945650
1753302488.964675
1753302488.983701
1753302489.000221
1753302489.016741
1753302489.033262
1753302489.049783
1753302489.064372
1753302489.078961
1753302489.097561
1753302489.116162
1753302489.133371
1753302489.150580
1753302489.166656
1753302489.182733
1753302489.197594
1753302489.212455
1753302489.231273
1753302489.250091
1753302489.266550
1753302489.283008
1753302489.299321
1753302489.315633
1753302489.331389
1753302489.347146
1753302489.364542
1753302489.381939
1753302489.400145
1753302489.418350
1753302489.434664
1753302489.450977
1753302489.465095
1753302489.479213
1753302489.498333
1753302489.517452
1753302489.533991
1753302489.550531
1753302489.566631
1753302489.582731
1753302489.598402
1753302489.614073
1753302489.630332
1753302489.646592
1753302489.665407
1753302489.684222
1753302489.699219
1753302489.714215
1753302489.731833
1753302489.749451
1753302489.766881
1753302489.784311
1753302489.800431
1753302489.816551
1753302489.832981
1753302489.849411
1753302489.865234
1753302489.881057
1753302489.898881
1753302489.916706
1753302489.934319
1753302489.951933
1753302489.967744
1753302489.983555
1753302489.998142
1753302490.012729
1753302490.032087
1753302490.051445
1753302490.067483
1753302490.083521
1753302490.100323
1753302490.117125
1753302490.131146
1753302490.145168
1753302490.164697
1753302490.184226
1753302490.199323
1753302490.214420
1753302490.232624
1753302490.250828
1753302490.266338
1753302490.281848
1753302490.299904
1753302490.317961
1753302490.334141
1753302490.350321
1753302490.366875
1753302490.383428
1753302490.398985
1753302490.414542
1753302490.433073
1753302490.451603
1753302490.468074
1753302490.484546
1753302490.501535
1753302490.518525
1753302490.532455
1753302490.546385
1753302490.565319
1753302490.584253
1753302490.600474
1753302490.616695
1753302490.634094
1753302490.651492
1753302490.665564
1753302490.679635
1753302490.696961
1753302490.714288
1753302490.732577
1753302490.750867
1753302490.767851
1753302490.784836
1753302490.799336
1753302490.813836
1753302490.832189
1753302490.850542
1753302490.866753
1753302490.882963
1753302490.900776
1753302490.918589
1753302490.934235
1753302490.949881
1753302490.967637
1753302490.985392
1753302491.001367
1753302491.017341
1753302491.033702
1753302491.050063
1753302491.066222
1753302491.082382
1753302491.100758
1753302491.119133
1753302491.134849
1753302491.150564
1753302491.167746
1753302491.184927
1753302491.199116
1753302491.213304
1753302491.231401
1753302491.249498
1753302491.267707
1753302491.285916
1753302491.301319
1753302491.316722
1753302491.332395
1753302491.348068
1753302491.365596
1753302491.383124
1753302491.401404
1753302491.419685
1753302491.435174
1753302491.450662
1753302491.465375
1753302491.480089
1753302491.498655
1753302491.517222
1753302491.534820
1753302491.552418
1753302491.568479
1753302491.584540
1753302491.599018
1753302491.613495
1753302491.631847
1753302491.650200
1753302491.667936
1753302491.685672
1753302491.699996
1753302491.714319
1753302491.732685
1753302491.751050
1753302491.766548
1753302491.782046
1753302491.800205
1753302491.818364
1753302491.834517
1753302491.850671
1753302491.864923
1753302491.879174
1753302491.898341
1753302491.917508
1753302491.935483
1753302491.953458
1753302491.969173
1753302491.984888
1753302491.999317
1753302492.013746
1753302492.031947
1753302492.050148
1753302492.067995
1753302492.085842
1753302492.102297
1753302492.118752
1753302492.132836
1753302492.146920
1753302492.165606
1753302492.184291
1753302492.201058
1753302492.217826
1753302492.234244
1753302492.250662
1753302492.266847
1753302492.283032
1753302492.300752
1753302492.318472
1753302492.334544
1753302492.350616
1753302492.367121
1753302492.383626
1753302492.401937
1753302492.420248
1753302492.434451
1753302492.448653
1753302492.467134
1753302492.485616
1753302492.502537
1753302492.519459
1753302492.533486
1753302492.547514
1753302492.566321
1753302492.585129
1753302492.602023
1753302492.618917
1753302492.635335
1753302492.651754
1753302492.666251
1753302492.680749
1753302492.697888
1753302492.715027
1753302492.733671
1753302492.752314
1753302492.767928
1753302492.783541
1753302492.798736
1753302492.813931
1753302492.832561
1753302492.851190
1753302492.867422
1753302492.883653
1753302492.902038
1753302492.920422
1753302492.933994
1753302492.947566
1753302492.966237
1753302492.984907
1753302493.000898
1753302493.016890
1753302493.033952
1753302493.051014
1753302493.069033
1753302493.087052
1753302493.100632
1753302493.114212
1753302493.132688
1753302493.151164
1753302493.167760
1753302493.184356
1753302493.200710
1753302493.217064
1753302493.235422
1753302493.253780
1753302493.267516
1753302493.281252
1753302493.299903
1753302493.318554
1753302493.334886
1753302493.351217
1753302493.367456
1753302493.383696
1753302493.399813
1753302493.415930
1753302493.434546
1753302493.453162
1753302493.469424
1753302493.485686
1753302493.501333
1753302493.516980
1753302493.534231
1753302493.551482
1753302493.567396
1753302493.583310
1753302493.601677
1753302493.620044
1753302493.635741
1753302493.651437
1753302493.667194
1753302493.682952
1753302493.699207
1753302493.715462
1753302493.733994
1753302493.752526
1753302493.768159
1753302493.783793
1753302493.799542
1753302493.815292
1753302493.833894
1753302493.852496
1753302493.868274
1753302493.884053
1753302493.901088
1753302493.918122
1753302493.933211
1753302493.948300
1753302493.967064
1753302493.985829
1753302494.002501
1753302494.019172
1753302494.035974
1753302494.052776
1753302494.067099
1753302494.081422
1753302494.100162
1753302494.118901
1753302494.134983
1753302494.151065
1753302494.169393
1753302494.187720
1753302494.201251
1753302494.214782
1753302494.233869
1753302494.252956
1753302494.268616
1753302494.284276
1753302494.301361
1753302494.318446
1753302494.334176
1753302494.349906
1753302494.366742
1753302494.383578
1753302494.400414
1753302494.417251
1753302494.435278
1753302494.453305
1753302494.468204
1753302494.483104
1753302494.501615
1753302494.520125
1753302494.536204
1753302494.552283
1753302494.568258
1753302494.584233
1753302494.602035
1753302494.619836
1753302494.635390
1753302494.650943
1753302494.668314
1753302494.685685
1753302494.700665
1753302494.715644
1753302494.734914
1753302494.754184
1753302494.769108
1753302494.784032
1753302494.802405
1753302494.820778
1753302494.836875
1753302494.852973
1753302494.868311
1753302494.883649
1753302494.900809
1753302494.917969
1753302494.935163
1753302494.952357
1753302494.968351
1753302494.984346
1753302495.002474
1753302495.020602
1753302495.035888
1753302495.051174
1753302495.068546
1753302495.085919
1753302495.103396
1753302495.120874
1753302495.134819
1753302495.148764
1753302495.167550
1753302495.186336
1753302495.202179
1753302495.218023
1753302495.235278
1753302495.252532
1753302495.268116
1753302495.283699
1753302495.300509
1753302495.317320
1753302495.334321
1753302495.351321
1753302495.367756
1753302495.384192
1753302495.400363
1753302495.416535
1753302495.434447
1753302495.452359
1753302495.469460
1753302495.486562
1753302495.502500
1753302495.518437
1753302495.534275
1753302495.550112
1753302495.568368
1753302495.586624
1753302495.602464
1753302495.618305
1753302495.635427
1753302495.652549
1753302495.668208
1753302495.683867
1753302495.699975
1753302495.716082
1753302495.734591
1753302495.753101
1753302495.768309
1753302495.783517
1753302495.799594
1753302495.815671
1753302495.834435
1753302495.853198
1753302495.869107
1753302495.885015
1753302495.902395
1753302495.919776
1753302495.934391
1753302495.949006
1753302495.967779
1753302495.986552
1753302496.003208
1753302496.019864
1753302496.035752
1753302496.051640
1753302496.066993
1753302496.082347
1753302496.101049
1753302496.119751
1753302496.135868
1753302496.151984
1753302496.168657
1753302496.185330
1753302496.201207
1753302496.217084
1753302496.235732
1753302496.254379
1753302496.270562
1753302496.286745
1753302496.302812
1753302496.318879
1753302496.334753
1753302496.350626
1753302496.367430
1753302496.384234
1753302496.401541
1753302496.418848
1753302496.436159
1753302496.453470
1753302496.467987
1753302496.482504
1753302496.501764
1753302496.521025
1753302496.537086
1753302496.553148
1753302496.569372
1753302496.585596
1753302496.602140
1753302496.618685
1753302496.635905
1753302496.653125
1753302496.669197
1753302496.685269
1753302496.700768
1753302496.716268
1753302496.734866
1753302496.753464
1753302496.769446
1753302496.785428
1753302496.803440
1753302496.821452
1753302496.837496
1753302496.853541
1753302496.868867
1753302496.884193
1753302496.901091
1753302496.917989
1753302496.935950
1753302496.953911
1753302496.970188
1753302496.986464
1753302497.002407
1753302497.018350
1753302497.036681
1753302497.055012
1753302497.071007
1753302497.087002
1753302497.103641
1753302497.120279
1753302497.134947
1753302497.149615
1753302497.168162
1753302497.186709
1753302497.203086
1753302497.219463
1753302497.236931
1753302497.254399
1753302497.268653
1753302497.282907
1753302497.301872
1753302497.320836
1753302497.336915
1753302497.352993
1753302497.368657
1753302497.384321
1753302497.400380
1753302497.416439
1753302497.435242
1753302497.454044
1753302497.470123
1753302497.486201
1753302497.503037
1753302497.519874
1753302497.535374
1753302497.550874
1753302497.568704
1753302497.586534
1753302497.603135
1753302497.619736
1753302497.636667
1753302497.653597
1753302497.669600
1753302497.685604
1753302497.701307
1753302497.717009
1753302497.735217
1753302497.753425
1753302497.769662
1753302497.785900
1753302497.801669
1753302497.817437
1753302497.834822
1753302497.852208
1753302497.868845
1753302497.885483
1753302497.902281
1753302497.919079
1753302497.934811
1753302497.950542
1753302497.969225
1753302497.987909
1753302498.004966
1753302498.022024
1753302498.037777
1753302498.053530
1753302498.068944
1753302498.084359
1753302498.103088
1753302498.121817
1753302498.136996
1753302498.152175
1753302498.170341
1753302498.188507
1753302498.202751
1753302498.216995
1753302498.235496
1753302498.253996
1753302498.271077
1753302498.288159
1753302498.304285
1753302498.320410
1753302498.337231
1753302498.354051
1753302498.368820
1753302498.383588
1753302498.402335
1753302498.421082
1753302498.437462
1753302498.453842
1753302498.470339
1753302498.486837
1753302498.504272
1753302498.521708
1753302498.538754
1753302498.555800
1753302498.571911
1753302498.588022
1753302498.603511
1753302498.619000
1753302498.636323
1753302498.653647
1753302498.671520
1753302498.689394
1753302498.703600
1753302498.717807
1753302498.736507
1753302498.755207
1753302498.770933
1753302498.786658
1753302498.804728
1753302498.822798
1753302498.838894
1753302498.854991
1753302498.870713
1753302498.886435
1753302498.903460
1753302498.920484
1753302498.938276
1753302498.956067
1753302498.971798
1753302498.987529
1753302499.003805
1753302499.020080
1753302499.037558
1753302499.055036
1753302499.071463
1753302499.087890
1753302499.104141
1753302499.120393
1753302499.136056
1753302499.151719
1753302499.170110
1753302499.188501
1753302499.204394
1753302499.220287
1753302499.238715
1753302499.257142
1753302499.270558
1753302499.283974
1753302499.302167
1753302499.320361
1753302499.338161
1753302499.355962
1753302499.370195
1753302499.384429
1753302499.403230
1753302499.422031
1753302499.437727
1753302499.453423
1753302499.470288
1753302499.487152
1753302499.504930
1753302499.522708
1753302499.538473
1753302499.554238
1753302499.571443
1753302499.588648
1753302499.604327
1753302499.620006
1753302499.636986
1753302499.653965
1753302499.669175
1753302499.684384
1753302499.702672
1753302499.720960
1753302499.738667
1753302499.756373
1753302499.772092
1753302499.787812
1753302499.803317
1753302499.818822
1753302499.836705
1753302499.854588
1753302499.870603
1753302499.886618
1753302499.904070
1753302499.921523
1753302499.937653
1753302499.953782
1753302499.970914
1753302499.988046
1753302500.005449
1753302500.022852
1753302500.038198
1753302500.053544
1753302500.068972
1753302500.084400
1753302500.103196
1753302500.121992
1753302500.136976
1753302500.151959
1753302500.170518
1753302500.189078
1753302500.203379
1753302500.217679
1753302500.236656
1753302500.255633
1753302500.272119
1753302500.288605
1753302500.304997
1753302500.321390
1753302500.337511
1753302500.353632
1753302500.369612
1753302500.385591
1753302500.403689
1753302500.421788
1753302500.438138
1753302500.454488
1753302500.470011
1753302500.485535
1753302500.502441
1753302500.519348
1753302500.537910
1753302500.556473
1753302500.572041
1753302500.587609
1753302500.603368
1753302500.619126
1753302500.637895
1753302500.656663
1753302500.671562
1753302500.686462
1753302500.703551
1753302500.720640
1753302500.736376
1753302500.752112
1753302500.771074
1753302500.790037
1753302500.805139
1753302500.820241
1753302500.837042
1753302500.853843
1753302500.869457
1753302500.885072
1753302500.903572
1753302500.922072
1753302500.938246
1753302500.954420
1753302500.972862
1753302500.991303
1753302501.004746
1753302501.018189
1753302501.037005
1753302501.055821
1753302501.072743
1753302501.089666
1753302501.104789
1753302501.119913
1753302501.135702
1753302501.151490
1753302501.169933
1753302501.188377
1753302501.206261
1753302501.224145
1753302501.239640
1753302501.255135
1753302501.270512
1753302501.285889
1753302501.302085
1753302501.318281
1753302501.337344
1753302501.356407
1753302501.370848
1753302501.385290
1753302501.404536
1753302501.423782
1753302501.437667
1753302501.451552
1753302501.469091
1753302501.486630
1753302501.504637
1753302501.522645
1753302501.538959
1753302501.555272
1753302501.572042
1753302501.588811
1753302501.603534
1753302501.618256
1753302501.635839
1753302501.653421
1753302501.671536
1753302501.689651
1753302501.705451
1753302501.721252
1753302501.736455
1753302501.751658
1753302501.770172
1753302501.788685
1753302501.804979
1753302501.821273
1753302501.837894
1753302501.854515
1753302501.869850
1753302501.885185
1753302501.904079
1753302501.922973
1753302501.940364
1753302501.957756
1753302501.973339
1753302501.988922
1753302502.003851
1753302502.018781
1753302502.037288
1753302502.055795
1753302502.071963
1753302502.088132
1753302502.105043
1753302502.121954
1753302502.137324
1753302502.152695
1753302502.171812
1753302502.190929
1753302502.206633
1753302502.222337
1753302502.238888
1753302502.255439
1753302502.271317
1753302502.287196
1753302502.305296
1753302502.323397
1753302502.339118
1753302502.354839
1753302502.370770
1753302502.386702
1753302502.402764
1753302502.418826
1753302502.437169
1753302502.455511
1753302502.472277
1753302502.489042
1753302502.505352
1753302502.521663
1753302502.536721
1753302502.551779
1753302502.570726
1753302502.589673
1753302502.605389
1753302502.621104
1753302502.639500
1753302502.657895
1753302502.671658
1753302502.685421
1753302502.704038
1753302502.722654
1753302502.739243
1753302502.755831
1753302502.771751
1753302502.787672
1753302502.803235
1753302502.818798
1753302502.837831
1753302502.856864
1753302502.872875
1753302502.888886
1753302502.906744
1753302502.924603
1753302502.938255
1753302502.951907
1753302502.971020
1753302502.990134
1753302503.005914
1753302503.021694
1753302503.040132
1753302503.058569
1753302503.071947
1753302503.085324
1753302503.103842
1753302503.122359
1753302503.137563
1753302503.152768
1753302503.171181
1753302503.189595
1753302503.204315
1753302503.219035
1753302503.237346
1753302503.255658
1753302503.273572
1753302503.291487
1753302503.306816
1753302503.322144
1753302503.337308
1753302503.352473
1753302503.370164
1753302503.387855
1753302503.404589
1753302503.421322
1753302503.439116
1753302503.456909
1753302503.471321
1753302503.485732
1753302503.502363
1753302503.518994
1753302503.538029
1753302503.557064
1753302503.572054
1753302503.587045
1753302503.603075
1753302503.619105
1753302503.635892
1753302503.652679
1753302503.672043
1753302503.691407
1753302503.705408
1753302503.719409
1753302503.736053
1753302503.752696
1753302503.769294
1753302503.785892
1753302503.804208
1753302503.822523
1753302503.838557
1753302503.854591
1753302503.870377
1753302503.886163
1753302503.902704
1753302503.919245
1753302503.938013
1753302503.956780
1753302503.972231
1753302503.987682
1753302504.003527
1753302504.019371
1753302504.036031
1753302504.052691
1753302504.072157
1753302504.091623
1753302504.105479
1753302504.119334
1753302504.135864
1753302504.152393
1753302504.169240
1753302504.186086
1753302504.204401
1753302504.222716
1753302504.238424
1753302504.254131
1753302504.270083
1753302504.286036
1753302504.303265
1753302504.320493
1753302504.339030
1753302504.357566
1753302504.371886
1753302504.386205
1753302504.402871
1753302504.419536
1753302504.436849
1753302504.454161
1753302504.472569
1753302504.490978
1753302504.506562
1753302504.522145
1753302504.537578
1753302504.553010
1753302504.570668
1753302504.588325
1753302504.606616
1753302504.624908
1753302504.639146
1753302504.653384
1753302504.669921
1753302504.686459
1753302504.704931
1753302504.723403
1753302504.741015
1753302504.758628
1753302504.772456
1753302504.786284
1753302504.803074
1753302504.819864
1753302504.838111
1753302504.856358
1753302504.872885
1753302504.889412
1753302504.907486
1753302504.925561
1753302504.939353
1753302504.953145
1753302504.970407
1753302504.987670
1753302505.005871
1753302505.024073
1753302505.039869
1753302505.055666
1753302505.071122
1753302505.086578
1753302505.105046
1753302505.123514
1753302505.139112
1753302505.154709
1753302505.171869
1753302505.189029
1753302505.204491
1753302505.219952
1753302505.238325
1753302505.256698
1753302505.274069
1753302505.291441
1753302505.307341
1753302505.323241
1753302505.338210
1753302505.353179
1753302505.370871
1753302505.388563
1753302505.405340
1753302505.422118
1753302505.438851
1753302505.455585
1753302505.471145
1753302505.486705
1753302505.505095
1753302505.523485
1753302505.540751
1753302505.558016
1753302505.575202
1753302505.592389
1753302505.606304
1753302505.620219
1753302505.637009
1753302505.653798
1753302505.672381
1753302505.690964
1753302505.707709
1753302505.724454
1753302505.738991
1753302505.753529
1753302505.771431
1753302505.789333
1753302505.807158
1753302505.824984
1753302505.840171
1753302505.855358
1753302505.871575
1753302505.887792
1753302505.904137
1753302505.920481
1753302505.938786
1753302505.957090
1753302505.975188
1753302505.993287
1753302506.006831
1753302506.020375
1753302506.039000
1753302506.057624
1753302506.074715
1753302506.091805
1753302506.107859
1753302506.123912
1753302506.138483
1753302506.153054
1753302506.171492
1753302506.189929
1753302506.207131
1753302506.224334
1753302506.241838
1753302506.259343
1753302506.273273
1753302506.287202
1753302506.305726
1753302506.324249
1753302506.341367
1753302506.358486
1753302506.374219
1753302506.389952
1753302506.405174
1753302506.420396
1753302506.438784
1753302506.457172
1753302506.473042
1753302506.488913
1753302506.507274
1753302506.525635
1753302506.539850
1753302506.554065
1753302506.572815
1753302506.591565
1753302506.608932
1753302506.626298
1753302506.641718
1753302506.657139
1753302506.672361
1753302506.687584
1753302506.706311
1753302506.725037
1753302506.741459
1753302506.757881
1753302506.774368
1753302506.790855
1753302506.805748
1753302506.820642
1753302506.839411
1753302506.858181
1753302506.874742
1753302506.891303
1753302506.909000
1753302506.926698
1753302506.940490
1753302506.954282
1753302506.973310
1753302506.992339
1753302507.008121
1753302507.023903
1753302507.041780
1753302507.059657
1753302507.073709
1753302507.087760
1753302507.106530
1753302507.125301
1753302507.139228
1753302507.153156
1753302507.171797
1753302507.190438
1753302507.205992
1753302507.221546
1753302507.239448
1753302507.257350
1753302507.275272
1753302507.293195
1753302507.307855
1753302507.322514
1753302507.338678
1753302507.354842
1753302507.373564
1753302507.392285
1753302507.408295
1753302507.424304
1753302507.442412
1753302507.460521
1753302507.474223
1753302507.487924
1753302507.505700
1753302507.523475
1753302507.541431
1753302507.559388
1753302507.575557
1753302507.591725
1753302507.606478
1753302507.621231
1753302507.639602
1753302507.657973
1753302507.676066
1753302507.694160
1753302507.707621
1753302507.721081
1753302507.738674
1753302507.756267
1753302507.772355
1753302507.788443
1753302507.806889
1753302507.825334
1753302507.841949
1753302507.858563
1753302507.873325
1753302507.888087
1753302507.906548
1753302507.925008
1753302507.941978
1753302507.958948
1753302507.974791
1753302507.990634
1753302508.005906
1753302508.021177
1753302508.040731
1753302508.060285
1753302508.074750
1753302508.089215
1753302508.107835
1753302508.126455
1753302508.140086
1753302508.153716
1753302508.173071
1753302508.192426
1753302508.208522
1753302508.224618
1753302508.242947
1753302508.261275
1753302508.274804
1753302508.288333
1753302508.306012
1753302508.323691
1753302508.341767
1753302508.359844
1753302508.375903
1753302508.391961
1753302508.406687
1753302508.421414
1753302508.440257
1753302508.459100
1753302508.476034
1753302508.492968
1753302508.508817
1753302508.524666
1753302508.539757
1753302508.554848
1753302508.573689
1753302508.592530
1753302508.609726
1753302508.626922
1753302508.642536
1753302508.658151
1753302508.673256
1753302508.688362
1753302508.705353
1753302508.722345
1753302508.740397
1753302508.758450
1753302508.776661
1753302508.794872
1753302508.808267
1753302508.821661
1753302508.840032
1753302508.858402
1753302508.874896
1753302508.891390
1753302508.909671
1753302508.927951
1753302508.941547
1753302508.955144
1753302508.974063
1753302508.992983
1753302509.009273
1753302509.025563
1753302509.041493
1753302509.057424
1753302509.072896
1753302509.088367
1753302509.107863
1753302509.127360
1753302509.143229
1753302509.159097
1753302509.175457
1753302509.191817
1753302509.206928
1753302509.222040
1753302509.240124
1753302509.258208
