1753301499.525731
1753301499.575294
1753301499.624857
1753301499.641644
1753301499.658432
1753301499.675442
1753301499.692453
1753301499.709313
1753301499.726174
1753301499.742523
1753301499.758872
1753301499.775976
1753301499.793080
1753301499.809519
1753301499.825957
1753301499.842237
1753301499.858518
1753301499.878506
1753301499.898494
1753301499.914401
1753301499.930307
1753301499.951671
1753301499.973035
1753301499.986558
1753301500.000082
1753301500.016407
1753301500.032732
1753301500.049907
1753301500.067082
1753301500.085578
1753301500.104075
1753301500.118284
1753301500.132492
1753301500.150576
1753301500.168659
1753301500.185690
1753301500.202722
1753301500.216084
1753301500.229447
1753301500.250615
1753301500.271783
1753301500.284374
1753301500.296965
1753301500.318415
1753301500.339866
1753301500.353119
1753301500.366373
1753301500.385563
1753301500.404753
1753301500.422600
1753301500.440447
1753301500.455653
1753301500.470859
1753301500.489121
1753301500.507383
1753301500.523098
1753301500.538814
1753301500.555655
1753301500.572495
1753301500.589806
1753301500.607117
1753301500.623508
1753301500.639900
1753301500.656214
1753301500.672528
1753301500.689594
1753301500.706660
1753301500.723040
1753301500.739419
1753301500.756180
1753301500.772941
1753301500.789768
1753301500.806594
1753301500.822593
1753301500.838593
1753301500.856489
1753301500.874385
1753301500.888586
1753301500.902786
1753301500.921984
1753301500.941182
1753301500.956511
1753301500.971840
1753301500.983370
1753301500.994901
1753301501.010559
1753301501.026217
1753301501.044358
1753301501.062499
1753301501.083851
1753301501.105203
1753301501.115838
1753301501.126473
1753301501.142474
1753301501.158475
1753301501.179895
1753301501.201316
1753301501.214360
1753301501.227404
1753301501.245217
1753301501.263030
1753301501.277786
1753301501.292543
1753301501.313574
1753301501.334606
1753301501.347372
1753301501.360137
1753301501.378820
1753301501.397504
1753301501.411752
1753301501.426000
1753301501.444996
1753301501.463992
1753301501.480876
1753301501.497760
1753301501.513167
1753301501.528574
1753301501.543884
1753301501.559194
1753301501.579536
1753301501.599878
1753301501.613498
1753301501.627118
1753301501.646900
1753301501.666682
1753301501.679708
1753301501.692734
1753301501.712233
1753301501.731732
1753301501.746559
1753301501.761386
1753301501.782301
1753301501.803217
1753301501.814688
1753301501.826160
1753301501.847064
1753301501.867968
1753301501.880760
1753301501.893551
1753301501.911488
1753301501.929424
1753301501.944216
1753301501.959007
1753301501.979309
1753301501.999610
1753301502.013361
1753301502.027113
1753301502.046575
1753301502.066036
1753301502.079674
1753301502.093311
1753301502.111288
1753301502.129264
1753301502.148567
1753301502.167870
1753301502.182298
1753301502.196726
1753301502.211706
1753301502.226686
1753301502.245600
1753301502.264513
1753301502.281309
1753301502.298104
1753301502.318579
1753301502.339054
1753301502.349534
1753301502.360013
1753301502.378680
1753301502.397348
1753301502.416900
1753301502.436452
1753301502.448617
1753301502.460783
1753301502.477396
1753301502.494009
1753301502.513376
1753301502.532744
1753301502.546942
1753301502.561140
1753301502.581403
1753301502.601665
1753301502.614189
1753301502.626712
1753301502.645588
1753301502.664464
1753301502.680392
1753301502.696320
1753301502.714495
1753301502.732670
1753301502.745942
1753301502.759214
1753301502.782294
1753301502.805374
1753301502.816124
1753301502.826874
1753301502.848588
1753301502.870301
1753301502.881968
1753301502.893636
1753301502.915072
1753301502.936508
1753301502.948542
1753301502.960575
1753301502.981139
1753301503.001703
1753301503.014496
1753301503.027289
1753301503.048260
1753301503.069232
1753301503.081988
1753301503.094744
1753301503.115463
1753301503.136181
1753301503.148274
1753301503.160368
1753301503.180617
1753301503.200866
1753301503.214214
1753301503.227562
1753301503.248610
1753301503.269658
1753301503.281776
1753301503.293894
1753301503.314689
1753301503.335483
1753301503.348224
1753301503.360964
1753301503.381588
1753301503.402212
1753301503.414755
1753301503.427298
1753301503.448997
1753301503.470696
1753301503.482471
1753301503.494246
1753301503.514904
1753301503.535562
1753301503.548266
1753301503.560971
1753301503.582317
1753301503.603664
1753301503.615664
1753301503.627665
1753301503.648516
1753301503.669367
1753301503.681772
1753301503.694177
1753301503.712889
1753301503.731602
1753301503.748865
1753301503.766127
1753301503.784821
1753301503.803514
1753301503.815427
1753301503.827340
1753301503.848923
1753301503.870507
1753301503.882405
1753301503.894303
1753301503.915554
1753301503.936804
1753301503.948681
1753301503.960559
1753301503.982278
1753301504.003997
1753301504.015327
1753301504.026658
1753301504.045712
1753301504.064765
1753301504.079427
1753301504.094088
1753301504.115248
1753301504.136408
1753301504.149628
1753301504.162847
1753301504.184160
1753301504.205474
1753301504.216552
1753301504.227631
1753301504.249521
1753301504.271410
1753301504.283008
1753301504.294605
1753301504.316532
1753301504.338459
1753301504.349766
1753301504.361072
1753301504.380113
1753301504.399154
1753301504.419645
1753301504.440137
1753301504.450678
1753301504.461219
1753301504.478533
1753301504.495847
1753301504.516890
1753301504.537933
1753301504.549755
1753301504.561576
1753301504.580174
1753301504.598773
1753301504.614617
1753301504.630461
1753301504.648511
1753301504.666562
1753301504.684754
1753301504.702947
1753301504.715629
1753301504.728310
1753301504.745827
1753301504.763344
1753301504.784438
1753301504.805532
1753301504.816356
1753301504.827180
1753301504.848611
1753301504.870043
1753301504.882389
1753301504.894735
1753301504.915749
1753301504.936762
1753301504.950235
1753301504.963708
1753301504.984718
1753301505.005728
1753301505.016848
1753301505.027968
1753301505.049317
1753301505.070667
1753301505.083136
1753301505.095605
1753301505.117149
1753301505.138693
1753301505.149990
1753301505.161287
1753301505.184165
1753301505.207043
1753301505.217605
1753301505.228166
1753301505.250985
1753301505.273803
1753301505.284331
1753301505.294860
1753301505.316519
1753301505.338179
1753301505.350081
1753301505.361984
1753301505.382400
1753301505.402815
1753301505.415541
1753301505.428267
1753301505.449322
1753301505.470378
1753301505.483206
1753301505.496034
1753301505.517723
1753301505.539411
1753301505.550462
1753301505.561513
1753301505.582653
1753301505.603792
1753301505.616294
1753301505.628797
1753301505.649568
1753301505.670338
1753301505.682629
1753301505.694920
1753301505.714449
1753301505.733979
1753301505.749937
1753301505.765894
1753301505.786743
1753301505.807592
1753301505.817932
1753301505.828272
1753301505.850172
1753301505.872071
1753301505.884495
1753301505.896919
1753301505.918308
1753301505.939698
1753301505.950780
1753301505.961863
1753301505.983609
1753301506.005355
1753301506.017179
1753301506.029003
1753301506.050718
1753301506.072433
1753301506.083851
1753301506.095269
1753301506.117000
1753301506.138731
1753301506.151368
1753301506.164004
1753301506.185365
1753301506.206726
1753301506.217655
1753301506.228584
1753301506.250478
1753301506.272371
1753301506.285417
1753301506.298463
1753301506.319539
1753301506.340615
1753301506.351270
1753301506.361925
1753301506.381137
1753301506.400350
1753301506.419740
1753301506.439129
1753301506.451035
1753301506.462940
1753301506.481140
1753301506.499340
1753301506.516255
1753301506.533170
1753301506.553561
1753301506.573953
1753301506.585154
1753301506.596354
1753301506.614560
1753301506.632766
1753301506.649871
1753301506.666977
1753301506.686718
1753301506.706459
1753301506.718052
1753301506.729645
1753301506.746659
1753301506.763673
1753301506.785001
1753301506.806328
1753301506.817943
1753301506.829557
1753301506.851366
1753301506.873175
1753301506.884522
1753301506.895870
1753301506.914582
1753301506.933294
1753301506.953937
1753301506.974579
1753301506.985723
1753301506.996866
1753301507.014848
1753301507.032829
1753301507.049666
1753301507.066503
1753301507.087041
1753301507.107579
1753301507.118896
1753301507.130213
1753301507.148077
1753301507.165942
1753301507.184741
1753301507.203541
1753301507.218000
1753301507.232459
1753301507.253252
1753301507.274045
1753301507.284863
1753301507.295682
1753301507.316587
1753301507.337492
1753301507.349831
1753301507.362169
1753301507.379446
1753301507.396723
1753301507.415296
1753301507.433868
1753301507.450014
1753301507.466160
1753301507.486736
1753301507.507311
1753301507.519012
1753301507.530713
1753301507.548525
1753301507.566337
1753301507.583217
1753301507.600097
1753301507.620504
1753301507.640911
1753301507.652492
1753301507.664072
1753301507.681841
1753301507.699611
1753301507.716029
1753301507.732447
1753301507.750794
1753301507.769142
1753301507.787028
1753301507.804914
1753301507.817398
1753301507.829882
1753301507.850484
1753301507.871086
1753301507.884606
1753301507.898126
1753301507.919515
1753301507.940904
1753301507.951949
1753301507.962994
1753301507.984397
1753301508.005800
1753301508.019007
1753301508.032214
1753301508.051828
1753301508.071443
1753301508.084033
1753301508.096623
1753301508.118927
1753301508.141232
1753301508.154433
1753301508.167635
1753301508.183751
1753301508.199867
1753301508.215634
1753301508.231401
1753301508.250950
1753301508.270500
1753301508.284372
1753301508.298245
1753301508.319715
1753301508.341184
1753301508.351996
1753301508.362808
1753301508.384557
1753301508.406306
1753301508.418680
1753301508.431054
1753301508.452474
1753301508.473894
1753301508.485328
1753301508.496763
1753301508.517751
1753301508.538738
1753301508.552951
1753301508.567164
1753301508.587081
1753301508.606998
1753301508.618410
1753301508.629821
1753301508.650206
1753301508.670591
1753301508.684154
1753301508.697717
1753301508.714530
1753301508.731342
1753301508.747404
1753301508.763465
1753301508.784447
1753301508.805430
1753301508.819082
1753301508.832734
1753301508.853579
1753301508.874423
1753301508.885517
1753301508.896611
1753301508.918638
1753301508.940665
1753301508.951822
1753301508.962979
1753301508.984908
1753301509.006837
1753301509.018471
1753301509.030106
1753301509.050780
1753301509.071454
1753301509.085885
1753301509.100315
1753301509.120503
1753301509.140691
1753301509.152098
1753301509.163505
1753301509.185088
1753301509.206670
1753301509.219972
1753301509.233274
1753301509.253858
1753301509.274442
1753301509.285615
1753301509.296788
1753301509.318411
1753301509.340034
1753301509.352736
1753301509.365437
1753301509.384501
1753301509.403564
1753301509.422170
1753301509.440776
1753301509.452131
1753301509.463486
1753301509.485384
1753301509.507282
1753301509.519993
1753301509.532704
1753301509.553632
1753301509.574559
1753301509.587013
1753301509.599468
1753301509.615595
1753301509.631722
1753301509.652336
1753301509.672949
1753301509.686055
1753301509.699161
1753301509.718168
1753301509.737174
1753301509.750152
1753301509.763129
1753301509.784686
1753301509.806242
1753301509.820329
1753301509.834416
1753301509.854663
1753301509.874910
1753301509.885843
1753301509.896775
1753301509.918084
1753301509.939392
1753301509.954344
1753301509.969295
1753301509.987848
1753301510.006400
1753301510.018394
1753301510.030387
1753301510.052067
1753301510.073747
1753301510.087841
1753301510.101934
1753301510.120632
1753301510.139330
1753301510.151568
1753301510.163807
1753301510.185644
1753301510.207481
1753301510.220124
1753301510.232768
1753301510.253785
1753301510.274802
1753301510.286026
1753301510.297250
1753301510.318396
1753301510.339541
1753301510.353805
1753301510.368068
1753301510.386433
1753301510.404798
1753301510.417964
1753301510.431131
1753301510.451803
1753301510.472475
1753301510.485225
1753301510.497975
1753301510.515598
1753301510.533221
1753301510.552302
1753301510.571383
1753301510.586080
1753301510.600777
1753301510.621367
1753301510.641957
1753301510.654278
1753301510.666599
1753301510.683693
1753301510.700788
1753301510.718327
1753301510.735865
1753301510.752994
1753301510.770123
1753301510.788395
1753301510.806668
1753301510.818885
1753301510.831102
1753301510.852410
1753301510.873718
1753301510.887335
1753301510.900952
1753301510.921299
1753301510.941646
1753301510.953034
1753301510.964422
1753301510.985137
1753301511.005852
1753301511.023134
1753301511.040415
1753301511.055778
1753301511.071141
1753301511.085716
1753301511.100291
1753301511.120614
1753301511.140937
1753301511.154672
1753301511.168406
1753301511.187481
1753301511.206556
1753301511.218901
1753301511.231246
1753301511.252914
1753301511.274583
1753301511.287347
1753301511.300110
1753301511.320643
1753301511.341176
1753301511.352906
1753301511.364636
1753301511.384979
1753301511.405322
1753301511.423141
1753301511.440959
1753301511.456131
1753301511.471302
1753301511.484765
1753301511.498228
1753301511.518880
1753301511.539533
1753301511.554840
1753301511.570147
1753301511.588405
1753301511.606662
1753301511.618939
1753301511.631216
1753301511.652001
1753301511.672787
1753301511.688212
1753301511.703637
1753301511.721634
1753301511.739631
1753301511.751643
1753301511.763655
1753301511.786528
1753301511.809401
1753301511.822185
1753301511.834968
1753301511.854819
1753301511.874669
1753301511.886257
1753301511.897844
1753301511.919358
1753301511.940871
1753301511.953733
1753301511.966596
1753301511.987157
1753301512.007719
1753301512.019433
1753301512.031147
1753301512.052857
1753301512.074568
1753301512.088395
1753301512.102222
1753301512.121042
1753301512.139862
1753301512.152317
1753301512.164771
1753301512.185957
1753301512.207144
1753301512.221128
1753301512.235112
1753301512.254411
1753301512.273711
1753301512.286035
1753301512.298359
1753301512.319478
1753301512.340597
1753301512.355083
1753301512.369568
1753301512.387727
1753301512.405887
1753301512.419262
1753301512.432638
1753301512.454006
1753301512.475374
1753301512.488800
1753301512.502225
1753301512.521442
1753301512.540659
1753301512.552970
1753301512.565282
1753301512.586192
1753301512.607102
1753301512.622235
1753301512.637369
1753301512.655658
1753301512.673947
1753301512.686454
1753301512.698961
1753301512.719728
1753301512.740496
1753301512.753721
1753301512.766946
1753301512.787623
1753301512.808301
1753301512.820337
1753301512.832373
1753301512.853332
1753301512.874290
1753301512.887319
1753301512.900348
1753301512.918320
1753301512.936292
1753301512.950779
1753301512.965267
1753301512.984272
1753301513.003277
1753301513.022079
1753301513.040881
1753301513.056468
1753301513.072054
1753301513.085291
1753301513.098528
1753301513.119131
1753301513.139734
1753301513.155000
1753301513.170266
1753301513.189066
1753301513.207867
1753301513.221818
1753301513.235769
1753301513.254064
1753301513.272358
1753301513.289970
1753301513.307582
1753301513.323425
1753301513.339269
1753301513.354668
1753301513.370067
1753301513.388096
1753301513.406125
1753301513.423670
1753301513.441214
1753301513.456997
1753301513.472780
1753301513.486892
1753301513.501005
1753301513.521177
1753301513.541349
1753301513.556287
1753301513.571226
1753301513.589359
1753301513.607493
1753301513.619798
1753301513.632103
1753301513.652830
1753301513.673556
1753301513.688545
1753301513.703533
1753301513.721708
1753301513.739884
1753301513.752383
1753301513.764882
1753301513.786543
1753301513.808205
1753301513.822765
1753301513.837326
1753301513.855747
1753301513.874168
1753301513.886696
1753301513.899224
1753301513.920391
1753301513.941557
1753301513.956387
1753301513.971217
1753301513.989645
1753301514.008073
1753301514.020467
1753301514.032861
1753301514.053766
1753301514.074672
1753301514.089938
1753301514.105204
1753301514.123137
1753301514.141071
1753301514.153450
1753301514.165828
1753301514.186678
1753301514.207528
1753301514.222653
1753301514.237778
1753301514.256194
1753301514.274610
1753301514.287001
1753301514.299392
1753301514.320468
1753301514.341544
1753301514.356665
1753301514.371786
1753301514.389585
1753301514.407383
1753301514.420086
1753301514.432790
1753301514.453633
1753301514.474476
1753301514.489895
1753301514.505314
1753301514.523037
1753301514.540760
1753301514.553371
1753301514.565982
1753301514.587590
1753301514.609197
1753301514.622820
1753301514.636444
1753301514.655815
1753301514.675185
1753301514.687127
1753301514.699068
1753301514.720319
1753301514.741569
1753301514.754268
1753301514.766967
1753301514.787966
1753301514.808966
1753301514.820769
1753301514.832572
1753301514.854436
1753301514.876300
1753301514.889758
1753301514.903216
1753301514.921517
1753301514.939819
1753301514.953705
1753301514.967591
1753301514.985808
1753301515.004026
1753301515.022322
1753301515.040619
1753301515.057107
1753301515.073595
1753301515.086900
1753301515.100204
1753301515.120715
1753301515.141226
1753301515.156310
1753301515.171394
1753301515.189960
1753301515.208527
1753301515.221267
1753301515.234007
1753301515.254261
1753301515.274515
1753301515.290966
1753301515.307417
1753301515.323253
1753301515.339089
1753301515.354915
1753301515.370741
1753301515.388342
1753301515.405944
1753301515.423611
1753301515.441277
1753301515.456419
1753301515.471560
1753301515.487824
1753301515.504089
1753301515.522127
1753301515.540164
1753301515.557971
1753301515.575777
1753301515.589483
1753301515.603190
1753301515.620093
1753301515.636996
1753301515.654182
1753301515.671368
1753301515.689569
1753301515.707770
1753301515.723273
1753301515.738776
1753301515.752712
1753301515.766648
1753301515.786968
1753301515.807289
1753301515.823260
1753301515.839232
1753301515.857002
1753301515.874773
1753301515.888194
1753301515.901615
1753301515.920662
1753301515.939709
1753301515.957331
1753301515.974954
1753301515.990335
1753301516.005715
1753301516.019495
1753301516.033274
1753301516.054300
1753301516.075327
1753301516.090367
1753301516.105408
1753301516.122499
1753301516.139590
1753301516.153381
1753301516.167173
1753301516.187429
1753301516.207686
1753301516.223299
1753301516.238911
1753301516.257315
1753301516.275720
1753301516.287827
1753301516.299934
1753301516.320708
1753301516.341482
1753301516.356976
1753301516.372469
1753301516.390006
1753301516.407543
1753301516.420707
1753301516.433871
1753301516.454279
1753301516.474688
1753301516.490167
1753301516.505645
1753301516.523601
1753301516.541557
1753301516.555479
1753301516.569400
1753301516.589003
1753301516.608605
1753301516.624561
1753301516.640517
1753301516.657727
1753301516.674936
1753301516.689364
1753301516.703793
1753301516.721813
1753301516.739833
1753301516.757117
1753301516.774401
1753301516.790942
1753301516.807483
1753301516.821345
1753301516.835208
1753301516.855116
1753301516.875024
1753301516.890897
1753301516.906770
1753301516.924116
1753301516.941462
1753301516.955889
1753301516.970316
1753301516.988577
1753301517.006838
1753301517.024091
1753301517.041343
1753301517.058758
1753301517.076173
1753301517.090068
1753301517.103963
1753301517.123201
1753301517.142440
1753301517.157839
1753301517.173237
1753301517.190909
1753301517.208581
1753301517.222660
1753301517.236739
1753301517.254190
1753301517.271641
1753301517.291050
1753301517.310460
1753301517.325038
1753301517.339617
1753301517.356245
1753301517.372873
1753301517.390378
1753301517.407884
1753301517.423575
1753301517.439266
1753301517.454791
1753301517.470316
1753301517.485781
1753301517.501247
1753301517.521809
1753301517.542370
1753301517.558209
1753301517.574049
1753301517.590548
1753301517.607046
1753301517.620855
1753301517.634665
1753301517.654842
1753301517.675019
1753301517.690964
1753301517.706908
1753301517.724155
1753301517.741403
1753301517.758300
1753301517.775196
1753301517.788052
1753301517.800907
1753301517.821801
1753301517.842696
1753301517.858469
1753301517.874241
1753301517.890616
1753301517.906991
1753301517.923418
1753301517.939844
1753301517.955669
1753301517.971494
1753301517.989480
1753301518.007467
1753301518.024204
1753301518.040941
1753301518.057503
1753301518.074066
1753301518.089755
1753301518.105443
1753301518.123316
1753301518.141189
1753301518.156982
1753301518.172775
1753301518.191588
1753301518.210401
1753301518.223265
1753301518.236129
1753301518.255045
1753301518.273961
1753301518.290409
1753301518.306857
1753301518.323524
1753301518.340191
1753301518.356611
1753301518.373032
1753301518.390330
1753301518.407627
1753301518.425080
1753301518.442533
1753301518.458599
1753301518.474664
1753301518.490453
1753301518.506243
1753301518.523729
1753301518.541216
1753301518.557407
1753301518.573598
1753301518.591290
1753301518.608982
1753301518.623954
1753301518.638926
1753301518.656817
1753301518.674708
1753301518.691060
1753301518.707412
1753301518.724655
1753301518.741897
1753301518.755328
1753301518.768758
1753301518.787906
1753301518.807054
1753301518.824926
1753301518.842799
1753301518.858725
1753301518.874651
1753301518.890358
1753301518.906065
1753301518.923476
1753301518.940886
1753301518.958292
1753301518.975699
1753301518.991930
1753301519.008161
1753301519.023095
1753301519.038028
1753301519.057766
1753301519.077504
1753301519.092743
1753301519.107982
1753301519.123296
1753301519.138610
1753301519.156313
1753301519.174017
1753301519.190246
1753301519.206475
1753301519.223267
1753301519.240059
1753301519.257591
1753301519.275124
1753301519.290817
1753301519.306510
1753301519.323807
1753301519.341105
1753301519.358297
1753301519.375489
1753301519.392101
1753301519.408713
1753301519.423985
1753301519.439256
1753301519.457351
1753301519.475446
1753301519.490471
1753301519.505496
1753301519.524187
1753301519.542877
1753301519.556118
1753301519.569359
1753301519.588612
1753301519.607865
1753301519.624534
1753301519.641202
1753301519.657876
1753301519.674549
1753301519.689233
1753301519.703916
1753301519.722657
1753301519.741398
1753301519.758198
1753301519.774998
1753301519.791442
1753301519.807886
1753301519.822922
1753301519.837958
1753301519.857356
1753301519.876753
1753301519.891973
1753301519.907193
1753301519.923913
1753301519.940632
1753301519.955410
1753301519.970187
1753301519.988303
1753301520.006419
1753301520.024015
1753301520.041612
1753301520.057822
1753301520.074031
1753301520.088620
1753301520.103208
1753301520.122903
1753301520.142598
1753301520.159019
1753301520.175439
1753301520.191997
1753301520.208554
1753301520.222183
1753301520.235812
1753301520.255160
1753301520.274509
1753301520.290449
1753301520.306389
1753301520.325129
1753301520.343869
1753301520.356870
1753301520.369871
1753301520.388930
1753301520.407989
1753301520.424327
1753301520.440665
1753301520.458267
1753301520.475870
1753301520.491366
1753301520.506863
1753301520.524283
1753301520.541703
1753301520.558202
1753301520.574701
1753301520.591369
1753301520.608037
1753301520.624320
1753301520.640602
1753301520.657089
1753301520.673576
1753301520.691385
1753301520.709193
1753301520.725765
1753301520.742338
1753301520.755982
1753301520.769627
1753301520.789368
1753301520.809108
1753301520.826051
1753301520.842995
1753301520.859882
1753301520.876769
1753301520.890902
1753301520.905034
1753301520.924248
1753301520.943462
1753301520.959592
1753301520.975723
1753301520.992291
1753301521.008859
1753301521.024291
1753301521.039723
1753301521.057298
1753301521.074873
1753301521.092077
1753301521.109282
1753301521.126201
1753301521.143120
1753301521.158381
1753301521.173642
1753301521.190311
1753301521.206981
1753301521.223285
1753301521.239589
1753301521.257534
1753301521.275479
1753301521.289213
1753301521.302946
1753301521.322779
1753301521.342612
1753301521.359622
1753301521.376632
1753301521.392416
1753301521.408199
1753301521.424317
1753301521.440436
1753301521.457767
1753301521.475099
1753301521.492200
1753301521.509301
1753301521.525980
1753301521.542658
1753301521.557172
1753301521.571685
1753301521.590896
1753301521.610107
1753301521.624247
1753301521.638386
1753301521.658142
1753301521.677898
1753301521.690315
1753301521.702732
1753301521.722519
1753301521.742307
1753301521.759335
1753301521.776362
1753301521.793689
1753301521.811016
1753301521.823974
1753301521.836932
1753301521.856704
1753301521.876475
1753301521.893558
1753301521.910641
1753301521.927308
1753301521.943974
1753301521.958475
1753301521.972975
1753301521.990128
1753301522.007281
1753301522.024272
1753301522.041264
1753301522.058920
1753301522.076577
1753301522.090055
1753301522.103532
1753301522.123444
1753301522.143355
1753301522.159846
1753301522.176338
1753301522.193661
1753301522.210984
1753301522.223660
1753301522.236337
1753301522.256186
1753301522.276036
1753301522.292566
1753301522.309096
1753301522.325201
1753301522.341306
1753301522.357746
1753301522.374185
1753301522.390919
1753301522.407653
1753301522.425035
1753301522.442416
1753301522.459096
1753301522.475776
1753301522.491637
1753301522.507498
1753301522.524726
1753301522.541954
1753301522.559080
1753301522.576205
1753301522.593609
1753301522.611014
1753301522.623857
1753301522.636701
1753301522.656435
1753301522.676170
1753301522.693650
1753301522.711129
1753301522.726343
1753301522.741557
1753301522.757068
1753301522.772580
1753301522.792123
1753301522.811667
1753301522.824729
1753301522.837791
1753301522.857326
1753301522.876861
1753301522.892102
1753301522.907343
1753301522.924962
1753301522.942581
1753301522.960017
1753301522.977454
1753301522.992894
1753301523.008334
1753301523.024491
1753301523.040649
1753301523.058042
1753301523.075435
1753301523.093165
1753301523.110895
1753301523.126225
1753301523.141555
1753301523.155796
1753301523.170036
1753301523.187814
1753301523.205592
1753301523.225095
1753301523.244598
1753301523.259814
1753301523.275030
1753301523.291448
1753301523.307866
1753301523.324592
1753301523.341318
1753301523.358840
1753301523.376362
1753301523.393497
1753301523.410631
1753301523.425783
1753301523.440935
1753301523.458214
1753301523.475493
1753301523.492601
1753301523.509709
1753301523.527018
1753301523.544326
1753301523.558029
1753301523.571731
1753301523.591743
1753301523.611755
1753301523.626435
1753301523.641116
1753301523.658917
1753301523.676719
1753301523.691621
1753301523.706524
1753301523.723978
1753301523.741432
1753301523.757478
1753301523.773525
1753301523.792025
1753301523.810524
1753301523.825276
1753301523.840029
1753301523.857234
1753301523.874438
1753301523.891554
1753301523.908670
1753301523.924515
1753301523.940361
1753301523.955164
1753301523.969968
1753301523.989690
1753301524.009412
1753301524.026747
1753301524.044081
1753301524.061628
1753301524.079175
1753301524.092444
1753301524.105713
1753301524.125728
1753301524.145743
1753301524.160354
1753301524.174965
1753301524.192305
1753301524.209644
1753301524.225117
1753301524.240590
1753301524.260056
1753301524.279523
1753301524.293934
1753301524.308345
1753301524.325450
1753301524.342555
1753301524.358349
1753301524.374143
1753301524.392071
1753301524.410000
1753301524.427791
1753301524.445581
1753301524.460885
1753301524.476188
1753301524.491844
1753301524.507500
1753301524.524991
1753301524.542482
1753301524.559278
1753301524.576073
1753301524.591779
1753301524.607485
1753301524.623914
1753301524.640344
1753301524.657831
1753301524.675319
1753301524.692723
1753301524.710127
1753301524.725725
1753301524.741323
1753301524.757745
1753301524.774166
1753301524.791599
1753301524.809031
1753301524.826468
1753301524.843905
1753301524.860840
1753301524.877776
1753301524.891111
1753301524.904446
1753301524.925199
1753301524.945952
1753301524.960670
1753301524.975388
1753301524.992564
1753301525.009740
1753301525.025178
1753301525.040616
1753301525.058376
1753301525.076136
1753301525.093241
1753301525.110346
1753301525.127797
1753301525.145248
1753301525.158664
1753301525.172080
1753301525.192163
1753301525.212247
1753301525.227148
1753301525.242048
1753301525.259034
1753301525.276020
1753301525.291453
1753301525.306887
1753301525.323812
1753301525.340736
1753301525.359600
1753301525.378463
1753301525.393469
1753301525.408475
1753301525.424199
1753301525.439922
1753301525.458491
1753301525.477060
1753301525.494135
1753301525.511211
1753301525.526536
1753301525.541861
1753301525.557044
1753301525.572226
1753301525.592207
1753301525.612189
1753301525.626783
1753301525.641378
1753301525.659364
1753301525.677351
1753301525.691038
1753301525.704724
1753301525.724256
1753301525.743788
1753301525.760131
1753301525.776475
1753301525.793703
1753301525.810930
1753301525.825613
1753301525.840296
1753301525.859879
1753301525.879463
1753301525.893219
1753301525.906975
1753301525.925874
1753301525.944772
1753301525.958641
1753301525.972509
1753301525.993113
1753301526.013717
1753301526.027686
1753301526.041655
1753301526.062125
1753301526.082595
1753301526.096996
1753301526.111397
1753301526.124878
1753301526.138359
1753301526.157702
1753301526.177045
1753301526.194536
1753301526.212027
1753301526.227817
1753301526.243607
1753301526.260782
1753301526.277956
1753301526.292806
1753301526.307656
1753301526.325134
1753301526.342612
1753301526.361183
1753301526.379753
1753301526.394829
1753301526.409905
1753301526.425726
1753301526.441547
1753301526.458991
1753301526.476435
1753301526.495700
1753301526.514966
1753301526.528426
1753301526.541886
1753301526.557995
1753301526.574104
1753301526.591897
1753301526.609690
1753301526.627411
1753301526.645132
1753301526.662603
1753301526.680075
1753301526.693319
1753301526.706564
1753301526.724489
1753301526.742414
1753301526.760837
1753301526.779259
1753301526.796109
1753301526.812959
1753301526.826756
1753301526.840552
1753301526.858315
1753301526.876078
1753301526.894005
1753301526.911932
1753301526.927457
1753301526.942982
1753301526.960356
1753301526.977731
1753301526.992974
1753301527.008217
1753301527.027963
1753301527.047708
1753301527.062744
1753301527.077780
1753301527.093194
1753301527.108607
1753301527.128079
1753301527.147551
1753301527.161878
1753301527.176204
1753301527.194721
1753301527.213239
1753301527.227371
1753301527.241504
1753301527.259480
1753301527.277456
1753301527.296339
1753301527.315221
1753301527.329069
1753301527.342917
1753301527.359520
1753301527.376123
1753301527.393747
1753301527.411372
1753301527.429511
1753301527.447649
1753301527.462198
1753301527.476748
1753301527.492476
1753301527.508204
1753301527.525038
1753301527.541872
1753301527.557514
1753301527.573156
1753301527.591938
1753301527.610720
1753301527.625828
1753301527.640936
1753301527.658875
1753301527.676813
1753301527.694757
1753301527.712702
1753301527.727517
1753301527.742332
1753301527.759252
1753301527.776171
1753301527.793550
1753301527.810929
1753301527.831450
1753301527.851971
1753301527.863565
1753301527.875159
1753301527.892976
1753301527.910792
1753301527.927938
1753301527.945083
1753301527.964922
1753301527.984761
1753301527.996778
1753301528.008794
1753301528.025905
1753301528.043016
1753301528.060434
1753301528.077852
1753301528.095584
1753301528.113317
1753301528.129256
1753301528.145195
1753301528.160038
1753301528.174881
1753301528.193590
1753301528.212299
1753301528.231340
1753301528.250382
1753301528.263100
1753301528.275818
1753301528.293350
1753301528.310882
1753301528.328133
1753301528.345384
1753301528.363012
1753301528.380641
1753301528.397010
1753301528.413379
1753301528.426796
1753301528.440214
1753301528.458724
1753301528.477234
1753301528.495291
1753301528.513348
1753301528.528720
1753301528.544093
1753301528.559239
1753301528.574386
1753301528.593916
1753301528.613447
1753301528.629826
1753301528.646205
1753301528.662578
1753301528.678950
1753301528.692563
1753301528.706176
1753301528.724235
1753301528.742293
1753301528.760521
1753301528.778749
1753301528.796100
1753301528.813451
1753301528.826524
1753301528.839596
1753301528.858334
1753301528.877072
1753301528.896672
1753301528.916271
1753301528.929400
1753301528.942530
1753301528.959440
1753301528.976350
1753301528.994189
1753301529.012027
1753301529.029152
1753301529.046277
1753301529.063795
1753301529.081312
1753301529.093879
1753301529.106446
1753301529.127546
1753301529.148646
1753301529.162508
1753301529.176370
1753301529.193423
1753301529.210476
1753301529.226340
1753301529.242205
1753301529.260175
1753301529.278146
1753301529.295454
1753301529.312762
1753301529.330174
1753301529.347586
1753301529.360263
1753301529.372940
1753301529.393497
1753301529.414055
1753301529.428690
1753301529.443325
1753301529.464095
1753301529.484865
1753301529.495682
1753301529.506499
1753301529.527102
1753301529.547706
1753301529.562074
1753301529.576443
1753301529.594862
1753301529.613281
1753301529.626925
1753301529.640568
1753301529.658512
1753301529.676456
1753301529.694587
1753301529.712718
1753301529.729047
1753301529.745376
1753301529.760211
1753301529.775045
1753301529.792977
1753301529.810910
1753301529.829522
1753301529.848134
1753301529.862397
1753301529.876660
1753301529.892221
1753301529.907783
1753301529.928923
1753301529.950062
1753301529.962858
1753301529.975654
1753301529.995806
1753301530.015957
1753301530.028103
1753301530.040249
1753301530.059108
1753301530.077967
1753301530.096264
1753301530.114561
1753301530.129466
1753301530.144371
1753301530.160221
1753301530.176070
1753301530.194257
1753301530.212445
1753301530.230325
1753301530.248206
1753301530.262560
1753301530.276914
1753301530.293675
1753301530.310436
1753301530.329454
1753301530.348472
1753301530.362567
1753301530.376663
1753301530.396255
1753301530.415848
1753301530.428145
1753301530.440443
1753301530.461936
1753301530.483428
1753301530.496774
1753301530.510120
1753301530.530060
1753301530.550001
1753301530.561749
1753301530.573498
1753301530.596542
1753301530.619587
1753301530.630859
1753301530.642131
1753301530.660758
1753301530.679386
1753301530.693393
1753301530.707401
1753301530.725864
1753301530.744327
1753301530.761681
1753301530.779034
1753301530.798363
1753301530.817692
1753301530.829053
1753301530.840415
1753301530.859572
1753301530.878730
1753301530.897940
1753301530.917149
1753301530.930104
1753301530.943058
1753301530.960050
1753301530.977041
1753301530.994768
1753301531.012495
1753301531.032026
1753301531.051556
1753301531.063766
1753301531.075977
1753301531.093209
1753301531.110441
1753301531.130306
1753301531.150172
1753301531.163525
1753301531.176878
1753301531.195691
1753301531.214503
1753301531.227776
1753301531.241049
1753301531.259971
1753301531.278892
1753301531.296993
1753301531.315094
1753301531.330075
1753301531.345056
1753301531.361266
1753301531.377476
1753301531.394797
1753301531.412118
1753301531.431698
1753301531.451279
1753301531.464096
1753301531.476912
1753301531.495692
1753301531.514473
1753301531.529013
1753301531.543553
1753301531.562620
1753301531.581687
1753301531.597596
1753301531.613505
1753301531.628456
1753301531.643407
1753301531.661932
1753301531.680457
1753301531.697996
1753301531.715535
1753301531.729496
1753301531.743456
1753301531.760319
1753301531.777183
1753301531.794723
1753301531.812262
1753301531.831328
1753301531.850395
1753301531.863147
1753301531.875899
1753301531.896257
1753301531.916615
1753301531.929487
1753301531.942360
1753301531.961681
1753301531.981002
1753301531.996823
1753301532.012644
1753301532.028003
1753301532.043361
1753301532.061485
1753301532.079609
1753301532.097983
1753301532.116358
1753301532.130012
1753301532.143666
1753301532.158916
1753301532.174167
1753301532.196661
1753301532.219156
1753301532.230763
1753301532.242370
1753301532.264139
1753301532.285909
1753301532.296999
1753301532.308090
1753301532.326941
1753301532.345792
1753301532.363625
1753301532.381457
1753301532.396935
1753301532.412412
1753301532.426944
1753301532.441477
1753301532.460338
1753301532.479199
1753301532.494839
1753301532.510479
1753301532.529449
1753301532.548419
1753301532.561728
1753301532.575037
1753301532.594480
1753301532.613923
1753301532.629649
1753301532.645375
1753301532.665634
1753301532.685893
1753301532.697025
1753301532.708156
1753301532.728458
1753301532.748760
1753301532.762922
1753301532.777084
1753301532.797203
1753301532.817322
1753301532.829472
1753301532.841621
1753301532.861752
1753301532.881882
1753301532.896662
1753301532.911442
1753301532.931718
1753301532.951995
1753301532.963466
1753301532.974937
1753301532.994803
1753301533.014670
1753301533.030254
1753301533.045838
1753301533.067043
1753301533.088247
1753301533.098409
1753301533.108571
1753301533.130697
1753301533.152822
1753301533.164430
1753301533.176038
1753301533.194749
1753301533.213460
1753301533.227214
1753301533.240969
1753301533.264749
1753301533.288528
1753301533.298609
1753301533.308689
1753301533.332065
1753301533.355441
1753301533.365365
1753301533.375288
1753301533.396771
1753301533.418254
1753301533.430787
1753301533.443319
1753301533.463575
1753301533.483831
1753301533.496409
1753301533.508987
1753301533.528005
1753301533.547023
1753301533.567212
1753301533.587401
1753301533.598570
1753301533.609739
1753301533.627276
1753301533.644814
1753301533.662739
1753301533.680663
1753301533.698619
1753301533.716575
1753301533.730986
1753301533.745397
1753301533.761369
1753301533.777341
1753301533.795841
1753301533.814340
1753301533.832610
1753301533.850880
1753301533.863924
1753301533.876967
1753301533.893903
1753301533.910840
1753301533.931599
1753301533.952358
1753301533.964488
1753301533.976617
1753301533.998279
1753301534.019941
1753301534.031022
1753301534.042103
1753301534.064954
1753301534.087805
1753301534.098871
1753301534.109936
1753301534.130092
1753301534.150248
1753301534.162962
1753301534.175677
1753301534.197375
1753301534.219073
1753301534.231709
1753301534.244344
1753301534.265266
1753301534.286189
1753301534.297513
1753301534.308836
1753301534.331571
1753301534.354305
1753301534.365605
1753301534.376906
1753301534.396834
1753301534.416762
1753301534.434594
1753301534.452425
1753301534.464151
1753301534.475877
1753301534.494936
1753301534.513995
1753301534.530056
1753301534.546118
1753301534.566686
1753301534.587253
1753301534.598791
1753301534.610329
1753301534.630044
1753301534.649758
1753301534.663220
1753301534.676683
1753301534.697788
1753301534.718893
1753301534.731854
1753301534.744816
1753301534.763498
1753301534.782180
1753301534.796169
1753301534.810157
1753301534.830231
1753301534.850305
1753301534.865713
1753301534.881120
1753301534.895098
1753301534.909076
1753301534.927995
1753301534.946914
1753301534.967791
1753301534.988668
1753301534.999560
1753301535.010453
1753301535.031822
1753301535.053192
1753301535.064662
1753301535.076133
1753301535.099699
1753301535.123265
1753301535.133411
1753301535.143558
1753301535.164183
1753301535.184808
1753301535.197504
1753301535.210199
1753301535.230156
1753301535.250113
1753301535.265907
1753301535.281701
1753301535.295872
1753301535.310043
1753301535.329735
1753301535.349426
1753301535.366274
1753301535.383123
1753301535.398392
1753301535.413662
1753301535.431632
1753301535.449601
1753301535.463462
1753301535.477323
1753301535.498193
1753301535.519063
1753301535.532472
1753301535.545881
1753301535.566311
1753301535.586742
1753301535.598259
1753301535.609776
1753301535.631237
1753301535.652697
1753301535.665545
1753301535.678394
1753301535.696496
1753301535.714598
1753301535.729879
1753301535.745161
1753301535.763731
1753301535.782300
1753301535.797410
1753301535.812520
1753301535.829382
1753301535.846245
1753301535.865107
1753301535.883969
1753301535.899804
1753301535.915639
1753301535.933227
1753301535.950814
1753301535.963806
1753301535.976797
1753301535.998185
1753301536.019573
1753301536.031993
1753301536.044414
1753301536.065791
1753301536.087168
1753301536.098436
1753301536.109704
1753301536.132699
1753301536.155693
1753301536.166370
1753301536.177048
1753301536.197608
1753301536.218169
1753301536.230906
1753301536.243644
1753301536.263876
1753301536.284109
1753301536.297864
1753301536.311619
1753301536.331795
1753301536.351971
1753301536.364442
1753301536.376914
1753301536.395674
1753301536.414433
1753301536.434789
1753301536.455145
1753301536.466135
1753301536.477124
1753301536.495157
1753301536.513190
1753301536.533198
1753301536.553206
1753301536.565744
1753301536.578282
1753301536.598576
1753301536.618870
1753301536.631071
1753301536.643271
1753301536.664109
1753301536.684947
1753301536.699037
1753301536.713126
1753301536.731595
1753301536.750063
1753301536.763622
1753301536.777181
1753301536.798776
1753301536.820371
1753301536.833008
1753301536.845645
1753301536.865961
1753301536.886276
1753301536.898391
1753301536.910505
1753301536.932989
1753301536.955472
1753301536.966381
1753301536.977289
1753301536.998395
1753301537.019501
1753301537.031631
1753301537.043760
1753301537.064380
1753301537.084999
1753301537.099283
1753301537.113566
1753301537.134461
1753301537.155356
1753301537.166183
1753301537.177011
1753301537.197399
1753301537.217786
1753301537.232073
1753301537.246359
1753301537.266812
1753301537.287265
1753301537.298862
1753301537.310459
1753301537.330710
1753301537.350962
1753301537.368023
1753301537.385085
1753301537.401585
1753301537.418085
1753301537.431074
1753301537.444063
1753301537.465668
1753301537.487273
1753301537.500741
1753301537.514210
1753301537.534717
1753301537.555223
1753301537.566409
1753301537.577595
1753301537.596411
1753301537.615227
1753301537.630061
1753301537.644895
1753301537.666119
1753301537.687342
1753301537.699183
1753301537.711024
1753301537.730057
1753301537.749089
1753301537.766348
1753301537.783608
1753301537.801909
1753301537.820210
1753301537.832343
1753301537.844475
1753301537.865735
1753301537.886994
1753301537.900017
1753301537.913040
1753301537.933983
1753301537.954927
1753301537.966528
1753301537.978130
1753301537.999051
1753301538.019971
1753301538.033648
1753301538.047324
1753301538.068586
1753301538.089848
1753301538.100593
1753301538.111337
1753301538.133422
1753301538.155507
1753301538.166692
1753301538.177876
1753301538.199270
1753301538.220663
1753301538.232761
1753301538.244859
1753301538.266120
1753301538.287382
1753301538.299321
1753301538.311261
1753301538.332600
1753301538.353938
1753301538.366015
1753301538.378093
1753301538.399088
1753301538.420083
1753301538.433494
1753301538.446905
1753301538.468227
1753301538.489549
1753301538.500309
1753301538.511070
1753301538.530667
1753301538.550264
1753301538.569136
1753301538.588008
1753301538.600153
1753301538.612299
1753301538.633196
1753301538.654094
1753301538.666328
1753301538.678562
1753301538.699060
1753301538.719559
1753301538.734792
1753301538.750024
1753301538.765483
1753301538.780942
1753301538.801891
1753301538.822841
1753301538.833893
1753301538.844945
1753301538.865592
1753301538.886240
1753301538.899236
1753301538.912232
1753301538.932996
1753301538.953760
1753301538.968001
1753301538.982242
1753301539.002811
1753301539.023381
1753301539.034008
1753301539.044635
1753301539.066100
1753301539.087564
1753301539.099881
1753301539.112198
1753301539.133153
1753301539.154108
1753301539.166262
1753301539.178415
1753301539.199405
1753301539.220395
1753301539.234380
1753301539.248365
1753301539.267407
1753301539.286450
1753301539.299253
1753301539.312055
1753301539.333688
1753301539.355320
1753301539.367368
1753301539.379415
1753301539.400946
1753301539.422476
1753301539.433821
1753301539.445166
1753301539.465462
1753301539.485758
1753301539.502492
1753301539.519226
1753301539.536630
1753301539.554034
1753301539.566639
1753301539.579244
1753301539.601541
1753301539.623838
1753301539.634732
1753301539.645626
1753301539.667614
1753301539.689601
1753301539.700644
1753301539.711686
1753301539.732339
1753301539.752992
1753301539.766558
1753301539.780125
1753301539.801758
1753301539.823391
1753301539.834235
1753301539.845080
1753301539.866414
1753301539.887747
1753301539.900977
1753301539.914207
1753301539.935367
1753301539.956527
1753301539.967434
1753301539.978342
1753301539.999630
1753301540.020919
1753301540.033901
1753301540.046883
1753301540.067321
1753301540.087758
1753301540.099958
1753301540.112159
1753301540.133613
1753301540.155066
1753301540.167999
1753301540.180932
1753301540.200848
1753301540.220764
1753301540.233620
1753301540.246476
1753301540.267953
1753301540.289430
1753301540.301101
1753301540.312773
1753301540.335616
1753301540.358458
1753301540.368552
1753301540.378646
1753301540.400726
1753301540.422806
1753301540.434489
1753301540.446172
1753301540.468832
1753301540.491492
1753301540.501898
1753301540.512303
1753301540.533858
1753301540.555412
1753301540.569594
1753301540.583777
1753301540.603497
1753301540.623216
1753301540.634461
1753301540.645706
1753301540.664706
1753301540.683707
1753301540.702727
1753301540.721747
1753301540.733983
1753301540.746218
1753301540.767674
1753301540.789130
1753301540.801369
1753301540.813608
1753301540.835190
1753301540.856773
1753301540.869023
1753301540.881273
1753301540.899827
1753301540.918380
1753301540.933968
1753301540.949555
1753301540.970036
1753301540.990516
1753301541.001646
1753301541.012775
1753301541.033689
1753301541.054604
1753301541.067573
1753301541.080542
1753301541.102003
1753301541.123464
1753301541.135298
1753301541.147132
1753301541.167216
1753301541.187301
1753301541.200506
1753301541.213712
1753301541.235301
1753301541.256890
1753301541.268766
1753301541.280643
1753301541.301522
1753301541.322401
1753301541.334353
1753301541.346305
1753301541.367381
1753301541.388456
1753301541.401504
1753301541.414552
1753301541.432414
1753301541.450275
1753301541.465932
1753301541.481589
1753301541.502603
1753301541.523617
1753301541.535853
1753301541.548090
1753301541.565588
1753301541.583085
1753301541.601518
1753301541.619950
1753301541.636576
1753301541.653202
1753301541.671579
1753301541.689956
1753301541.701478
1753301541.713000
1753301541.731849
1753301541.750698
1753301541.770396
1753301541.790093
1753301541.802479
1753301541.814865
1753301541.832426
1753301541.849986
1753301541.867610
1753301541.885233
1753301541.903346
1753301541.921458
1753301541.935286
1753301541.949114
1753301541.965217
1753301541.981319
1753301542.002349
1753301542.023379
1753301542.035558
1753301542.047737
1753301542.068764
1753301542.089791
1753301542.101251
1753301542.112710
1753301542.133881
1753301542.155051
1753301542.168695
1753301542.182339
1753301542.202402
1753301542.222464
1753301542.234349
1753301542.246235
1753301542.268267
1753301542.290299
1753301542.302567
1753301542.314836
1753301542.335916
1753301542.356996
1753301542.368235
1753301542.379473
1753301542.400888
1753301542.422304
1753301542.436954
1753301542.451603
1753301542.470061
1753301542.488520
1753301542.500847
1753301542.513175
1753301542.534770
1753301542.556364
1753301542.568944
1753301542.581525
1753301542.602891
1753301542.624257
1753301542.635426
1753301542.646595
1753301542.668128
1753301542.689661
1753301542.702276
1753301542.714891
1753301542.733068
1753301542.751245
1753301542.769377
1753301542.787509
1753301542.800369
1753301542.813229
1753301542.836273
1753301542.859316
1753301542.870592
1753301542.881867
1753301542.903709
1753301542.925552
1753301542.936564
1753301542.947577
1753301542.968479
1753301542.989381
1753301543.002411
1753301543.015442
1753301543.036716
1753301543.057991
1753301543.070351
1753301543.082711
1753301543.102445
1753301543.122179
1753301543.135677
1753301543.149175
1753301543.168926
1753301543.188678
1753301543.204235
1753301543.219791
1753301543.234683
1753301543.249574
1753301543.270050
1753301543.290526
1753301543.302347
1753301543.314169
1753301543.334494
1753301543.354818
1753301543.368918
1753301543.383018
1753301543.402508
1753301543.421999
1753301543.438027
1753301543.454056
1753301543.472080
1753301543.490103
1753301543.502650
1753301543.515196
1753301543.535913
1753301543.556630
1753301543.571271
1753301543.585913
1753301543.605184
1753301543.624454
1753301543.635963
1753301543.647473
1753301543.668465
1753301543.689456
1753301543.704287
1753301543.719118
1753301543.735857
1753301543.752595
1753301543.767464
1753301543.782333
1753301543.799812
1753301543.817291
1753301543.837687
1753301543.858083
1753301543.870003
1753301543.881923
1753301543.902745
1753301543.923566
1753301543.935420
1753301543.947274
1753301543.968817
1753301543.990361
1753301544.004872
1753301544.019384
1753301544.035990
1753301544.052596
1753301544.070619
1753301544.088642
1753301544.105264
1753301544.121886
1753301544.138854
1753301544.155822
1753301544.168280
1753301544.180737
1753301544.200650
1753301544.220564
1753301544.237977
1753301544.255389
1753301544.272105
1753301544.288820
1753301544.302166
1753301544.315512
1753301544.336442
1753301544.357372
1753301544.371943
1753301544.386513
1753301544.404993
1753301544.423472
1753301544.435464
1753301544.447456
1753301544.469118
1753301544.490780
1753301544.505291
1753301544.519803
1753301544.538239
1753301544.556674
1753301544.569092
1753301544.581510
1753301544.602795
1753301544.624079
1753301544.636086
1753301544.648093
1753301544.669711
1753301544.691329
1753301544.702660
1753301544.713991
1753301544.733079
1753301544.752168
1753301544.771397
1753301544.790626
1753301544.804675
1753301544.818724
1753301544.834734
1753301544.850744
1753301544.868796
1753301544.886849
1753301544.902410
1753301544.917971
1753301544.934092
1753301544.950212
1753301544.968089
1753301544.985966
1753301545.004269
1753301545.022571
1753301545.039601
1753301545.056631
1753301545.072352
1753301545.088074
1753301545.102863
1753301545.117653
1753301545.137112
1753301545.156571
1753301545.172621
1753301545.188672
1753301545.205184
1753301545.221697
1753301545.236777
1753301545.251857
1753301545.269712
1753301545.287568
1753301545.305243
1753301545.322917
1753301545.338422
1753301545.353927
1753301545.369378
1753301545.384828
1753301545.403432
1753301545.422037
1753301545.439442
1753301545.456848
1753301545.472022
1753301545.487195
1753301545.502859
1753301545.518522
1753301545.536439
1753301545.554357
1753301545.572442
1753301545.590527
1753301545.606082
1753301545.621637
1753301545.637153
1753301545.652669
1753301545.670555
1753301545.688440
1753301545.705982
1753301545.723524
1753301545.737599
1753301545.751674
1753301545.767704
1753301545.783735
1753301545.802170
1753301545.820605
1753301545.838720
1753301545.856835
1753301545.871790
1753301545.886745
1753301545.902439
1753301545.918132
1753301545.935664
1753301545.953195
1753301545.971745
1753301545.990296
1753301546.005383
1753301546.020470
1753301546.036325
1753301546.052180
1753301546.069288
1753301546.086397
1753301546.106286
1753301546.126174
1753301546.138989
1753301546.151804
1753301546.166792
1753301546.181780
1753301546.200185
1753301546.218590
1753301546.235412
1753301546.252233
1753301546.269464
1753301546.286695
1753301546.301390
1753301546.316085
1753301546.335870
1753301546.355655
1753301546.372109
1753301546.388564
1753301546.405777
1753301546.422990
1753301546.435675
1753301546.448359
1753301546.469420
1753301546.490481
1753301546.504817
1753301546.519152
1753301546.537520
1753301546.555889
1753301546.570148
1753301546.584407
1753301546.604450
1753301546.624493
1753301546.639435
1753301546.654378
1753301546.669839
1753301546.685300
1753301546.701937
1753301546.718573
1753301546.734381
1753301546.750189
1753301546.767641
1753301546.785092
1753301546.801681
1753301546.818270
1753301546.835338
1753301546.852405
1753301546.869843
1753301546.887280
1753301546.905321
1753301546.923362
1753301546.939628
1753301546.955893
1753301546.969043
1753301546.982193
1753301547.001410
1753301547.020628
1753301547.038907
1753301547.057186
1753301547.072171
1753301547.087156
1753301547.103074
1753301547.118992
1753301547.137560
1753301547.156129
1753301547.172740
1753301547.189351
1753301547.205597
1753301547.221843
1753301547.235582
1753301547.249321
1753301547.270448
1753301547.291575
1753301547.305566
1753301547.319558
1753301547.337780
1753301547.356003
1753301547.368939
1753301547.381876
1753301547.402768
1753301547.423660
1753301547.438567
1753301547.453473
1753301547.472046
1753301547.490620
1753301547.502866
1753301547.515112
1753301547.534046
1753301547.552981
1753301547.571356
1753301547.589732
1753301547.606426
1753301547.623119
1753301547.636641
1753301547.650163
1753301547.668794
1753301547.687425
1753301547.702035
1753301547.716646
1753301547.735553
1753301547.754460
1753301547.769620
1753301547.784780
1753301547.803626
1753301547.822472
1753301547.840116
1753301547.857760
1753301547.872071
1753301547.886382
1753301547.901743
1753301547.917104
1753301547.937366
1753301547.957627
1753301547.972627
1753301547.987627
1753301548.005707
1753301548.023787
1753301548.036411
1753301548.049035
1753301548.070510
1753301548.091986
1753301548.105263
1753301548.118541
1753301548.137780
1753301548.157019
1753301548.169645
1753301548.182271
1753301548.202562
1753301548.222853
1753301548.239966
1753301548.257080
1753301548.272838
1753301548.288595
1753301548.302488
1753301548.316381
1753301548.336928
1753301548.357475
1753301548.372177
1753301548.386879
1753301548.405503
1753301548.424127
1753301548.436613
1753301548.449099
1753301548.470629
1753301548.492159
1753301548.506256
1753301548.520353
1753301548.538951
1753301548.557550
1753301548.570285
1753301548.583021
1753301548.603731
1753301548.624441
1753301548.639632
1753301548.654824
1753301548.673287
1753301548.691751
1753301548.704093
1753301548.716435
1753301548.735616
1753301548.754798
1753301548.772687
1753301548.790577
1753301548.806635
1753301548.822693
1753301548.837936
1753301548.853180
1753301548.871918
1753301548.890656
1753301548.905798
1753301548.920940
1753301548.939812
1753301548.958684
1753301548.971009
1753301548.983335
1753301549.003229
1753301549.023122
1753301549.040666
1753301549.058209
1753301549.073818
1753301549.089428
1753301549.102885
1753301549.116342
1753301549.136693
1753301549.157044
1753301549.173713
1753301549.190382
1753301549.205305
1753301549.220227
1753301549.238718
1753301549.257209
1753301549.272335
1753301549.287461
1753301549.306816
1753301549.326170
1753301549.339252
1753301549.352335
1753301549.370517
1753301549.388699
1753301549.405802
1753301549.422905
1753301549.440371
1753301549.457836
1753301549.473732
1753301549.489628
1753301549.504772
1753301549.519915
1753301549.538381
1753301549.556847
1753301549.573891
1753301549.590934
1753301549.606610
1753301549.622286
1753301549.638248
1753301549.654211
1753301549.672370
1753301549.690530
1753301549.706616
1753301549.722702
1753301549.737446
1753301549.752190
1753301549.770081
1753301549.787972
1753301549.805698
1753301549.823425
1753301549.840652
1753301549.857878
1753301549.872704
1753301549.887529
1753301549.903166
1753301549.918804
1753301549.936617
1753301549.954431
1753301549.973065
1753301549.991699
1753301550.007546
1753301550.023394
1753301550.037159
1753301550.050925
1753301550.070177
1753301550.089428
1753301550.107079
1753301550.124729
1753301550.139949
1753301550.155170
1753301550.171009
1753301550.186848
1753301550.203842
1753301550.220836
1753301550.240459
1753301550.260083
1753301550.274163
1753301550.288243
1753301550.304770
1753301550.321296
1753301550.339510
1753301550.357724
1753301550.372782
1753301550.387839
1753301550.407567
1753301550.427294
1753301550.438788
1753301550.450282
1753301550.470682
1753301550.491081
1753301550.507141
1753301550.523201
1753301550.540437
1753301550.557672
1753301550.571358
1753301550.585044
1753301550.604917
1753301550.624790
1753301550.638569
1753301550.652348
1753301550.671701
1753301550.691054
1753301550.703660
1753301550.716267
1753301550.736362
1753301550.756457
1753301550.773378
1753301550.790299
1753301550.805810
1753301550.821321
1753301550.837861
1753301550.854400
1753301550.872198
1753301550.889996
1753301550.907271
1753301550.924546
1753301550.939140
1753301550.953734
1753301550.971278
1753301550.988822
1753301551.006413
1753301551.024003
1753301551.040280
1753301551.056558
1753301551.073979
1753301551.091401
1753301551.108824
1753301551.126246
1753301551.138336
1753301551.150426
1753301551.169201
1753301551.187976
1753301551.204505
1753301551.221034
1753301551.237383
1753301551.253732
1753301551.272015
1753301551.290297
1753301551.306028
1753301551.321759
1753301551.339623
1753301551.357487
1753301551.374550
1753301551.391613
1753301551.407805
1753301551.423997
1753301551.440155
1753301551.456313
1753301551.473550
1753301551.490787
1753301551.507701
1753301551.524615
1753301551.540889
1753301551.557162
1753301551.573345
1753301551.589528
1753301551.607129
1753301551.624730
1753301551.640791
1753301551.656852
1753301551.673646
1753301551.690440
1753301551.705148
1753301551.719857
1753301551.737904
1753301551.755950
1753301551.773726
1753301551.791501
1753301551.807236
1753301551.822971
1753301551.838282
1753301551.853593
1753301551.872652
1753301551.891711
1753301551.908191
1753301551.924672
1753301551.941196
1753301551.957720
1753301551.972001
1753301551.986282
1753301552.005229
1753301552.024175
1753301552.040615
1753301552.057054
1753301552.074206
1753301552.091359
1753301552.104679
1753301552.117999
1753301552.136353
1753301552.154708
1753301552.172928
1753301552.191148
1753301552.207712
1753301552.224276
1753301552.237831
1753301552.251386
1753301552.270680
1753301552.289975
1753301552.307319
1753301552.324663
1753301552.340310
1753301552.355957
1753301552.371581
1753301552.387205
1753301552.406589
1753301552.425973
1753301552.441662
1753301552.457351
1753301552.473367
1753301552.489383
1753301552.505590
1753301552.521797
1753301552.539353
1753301552.556909
1753301552.574652
1753301552.592395
1753301552.608477
1753301552.624559
1753301552.640040
1753301552.655521
1753301552.673218
1753301552.690915
1753301552.706508
1753301552.722101
1753301552.738756
1753301552.755411
1753301552.772347
1753301552.789284
1753301552.806731
1753301552.824179
1753301552.840573
1753301552.856967
1753301552.873404
1753301552.889841
1753301552.907512
1753301552.925183
1753301552.939955
1753301552.954728
1753301552.974891
1753301552.995055
1753301553.008969
1753301553.022884
1753301553.040584
1753301553.058284
1753301553.073977
1753301553.089669
1753301553.107426
1753301553.125183
1753301553.140971
1753301553.156758
1753301553.173479
1753301553.190200
1753301553.205499
1753301553.220798
1753301553.240577
1753301553.260356
1753301553.276267
1753301553.292178
1753301553.307571
1753301553.322965
1753301553.340080
1753301553.357195
1753301553.372788
1753301553.388381
1753301553.406766
1753301553.425152
1753301553.440422
1753301553.455692
1753301553.473061
1753301553.490430
1753301553.507570
1753301553.524710
1753301553.541138
1753301553.557567
1753301553.573687
1753301553.589807
1753301553.606565
1753301553.623323
1753301553.640514
1753301553.657705
1753301553.674109
1753301553.690513
1753301553.706881
1753301553.723248
1753301553.738771
1753301553.754295
1753301553.774448
1753301553.794601
1753301553.809336
1753301553.824072
1753301553.840437
1753301553.856802
1753301553.872780
1753301553.888758
1753301553.906885
1753301553.925012
1753301553.941314
1753301553.957615
1753301553.971947
1753301553.986279
1753301554.005917
1753301554.025554
1753301554.041052
1753301554.056551
1753301554.074017
1753301554.091482
1753301554.105103
1753301554.118724
1753301554.137452
1753301554.156180
1753301554.173225
1753301554.190270
1753301554.205564
1753301554.220857
1753301554.239009
1753301554.257161
1753301554.273615
1753301554.290070
1753301554.307801
1753301554.325532
1753301554.342116
1753301554.358701
1753301554.372748
1753301554.386796
1753301554.406260
1753301554.425723
1753301554.442400
1753301554.459078
1753301554.475692
1753301554.492306
1753301554.506516
1753301554.520725
1753301554.539353
1753301554.557982
1753301554.574543
1753301554.591105
1753301554.608380
1753301554.625656
1753301554.639861
1753301554.654066
1753301554.674160
1753301554.694255
1753301554.707311
1753301554.720367
1753301554.737107
1753301554.753847
1753301554.772259
1753301554.790671
1753301554.807168
1753301554.823664
1753301554.840807
1753301554.857950
1753301554.874797
1753301554.891644
1753301554.906001
1753301554.920357
1753301554.939763
1753301554.959169
1753301554.976207
1753301554.993245
1753301555.010245
1753301555.027246
1753301555.040916
1753301555.054587
1753301555.074152
1753301555.093718
1753301555.110085
1753301555.126453
1753301555.142446
1753301555.158439
1753301555.174117
1753301555.189794
1753301555.206218
1753301555.222642
1753301555.242312
1753301555.261982
1753301555.276614
1753301555.291247
1753301555.307064
1753301555.322880
1753301555.340733
1753301555.358586
1753301555.375295
1753301555.392003
1753301555.409014
1753301555.426024
1753301555.440473
1753301555.454921
1753301555.473241
1753301555.491562
1753301555.509479
1753301555.527396
1753301555.542684
1753301555.557971
1753301555.574593
1753301555.591214
1753301555.608485
1753301555.625755
1753301555.642792
1753301555.659829
1753301555.677417
1753301555.695006
1753301555.707613
1753301555.720220
1753301555.738201
1753301555.756181
1753301555.774707
1753301555.793233
1753301555.810821
1753301555.828409
1753301555.840794
1753301555.853179
1753301555.871683
1753301555.890186
1753301555.906880
1753301555.923574
1753301555.939623
1753301555.955672
1753301555.972528
1753301555.989384
1753301556.007105
1753301556.024827
1753301556.041711
1753301556.058596
1753301556.075875
1753301556.093154
1753301556.107994
1753301556.122834
1753301556.141027
1753301556.159221
1753301556.175341
1753301556.191461
1753301556.208812
1753301556.226163
1753301556.241168
1753301556.256172
1753301556.274209
1753301556.292247
1753301556.309113
1753301556.325978
1753301556.342690
1753301556.359402
1753301556.374193
1753301556.388985
1753301556.405634
1753301556.422284
1753301556.441001
1753301556.459719
1753301556.476717
1753301556.493715
1753301556.506761
1753301556.519806
1753301556.538827
1753301556.557849
1753301556.574736
1753301556.591622
1753301556.608596
1753301556.625569
1753301556.639952
1753301556.654334
1753301556.674324
1753301556.694314
1753301556.708081
1753301556.721848
1753301556.739809
1753301556.757770
1753301556.772163
1753301556.786556
1753301556.804621
1753301556.822686
1753301556.840319
1753301556.857952
1753301556.873862
1753301556.889771
1753301556.905563
1753301556.921355
1753301556.939401
1753301556.957447
1753301556.973526
1753301556.989605
1753301557.007449
1753301557.025293
1753301557.038776
1753301557.052260
1753301557.070661
1753301557.089062
1753301557.107070
1753301557.125078
1753301557.140486
1753301557.155893
1753301557.173450
1753301557.191008
1753301557.208453
1753301557.225898
1753301557.241389
1753301557.256879
1753301557.276228
1753301557.295577
1753301557.308901
1753301557.322225
1753301557.339994
1753301557.357763
1753301557.374557
1753301557.391350
1753301557.408638
1753301557.425926
1753301557.442266
1753301557.458605
1753301557.475810
1753301557.493014
1753301557.510442
1753301557.527871
1753301557.543398
1753301557.558926
1753301557.575138
1753301557.591349
1753301557.608964
1753301557.626580
1753301557.643773
1753301557.660965
1753301557.676483
1753301557.692001
1753301557.708301
1753301557.724600
1753301557.740985
1753301557.757370
1753301557.772699
1753301557.788029
1753301557.807953
1753301557.827877
1753301557.842238
1753301557.856600
1753301557.875825
1753301557.895051
1753301557.909763
1753301557.924475
1753301557.941647
1753301557.958818
1753301557.974546
1753301557.990274
1753301558.008646
1753301558.027017
1753301558.044179
1753301558.061342
1753301558.077490
1753301558.093638
1753301558.107005
1753301558.120372
1753301558.140321
1753301558.160269
1753301558.177270
1753301558.194271
1753301558.208755
1753301558.223239
1753301558.240433
1753301558.257626
1753301558.275205
1753301558.292783
1753301558.309826
1753301558.326869
1753301558.344257
1753301558.361645
1753301558.373994
1753301558.386343
1753301558.406640
1753301558.426936
1753301558.444113
1753301558.461291
1753301558.478297
1753301558.495303
1753301558.508813
1753301558.522324
1753301558.541867
1753301558.561410
1753301558.576459
1753301558.591509
1753301558.609146
1753301558.626782
1753301558.642033
1753301558.657283
1753301558.675565
1753301558.693846
1753301558.709873
1753301558.725900
1753301558.741481
1753301558.757063
1753301558.775024
1753301558.792985
1753301558.809637
1753301558.826288
1753301558.843569
1753301558.860850
1753301558.877117
1753301558.893384
1753301558.908946
1753301558.924508
1753301558.942340
1753301558.960172
1753301558.977090
1753301558.994008
1753301559.011028
1753301559.028047
1753301559.043080
1753301559.058113
1753301559.076130
1753301559.094147
1753301559.110846
1753301559.127544
1753301559.143333
1753301559.159122
1753301559.176454
1753301559.193786
1753301559.209895
1753301559.226004
1753301559.243809
1753301559.261615
1753301559.278600
1753301559.295584
1753301559.309564
1753301559.323543
1753301559.343328
1753301559.363113
1753301559.378176
1753301559.393240
1753301559.411538
1753301559.429836
1753301559.447479
1753301559.465121
1753301559.476635
1753301559.488148
1753301559.508794
1753301559.529440
1753301559.544386
1753301559.559332
1753301559.577252
1753301559.595173
1753301559.612602
1753301559.630031
1753301559.643809
1753301559.657587
1753301559.675854
1753301559.694121
1753301559.709249
1753301559.724376
1753301559.741081
1753301559.757787
1753301559.775878
1753301559.793969
1753301559.809966
1753301559.825962
1753301559.843863
1753301559.861764
1753301559.877667
1753301559.893570
1753301559.909152
1753301559.924733
1753301559.942313
1753301559.959893
1753301559.978557
1753301559.997220
1753301560.010813
1753301560.024407
1753301560.041790
1753301560.059172
1753301560.076150
1753301560.093129
1753301560.110406
1753301560.127684
1753301560.144414
1753301560.161145
1753301560.175646
1753301560.190147
1753301560.208227
1753301560.226307
1753301560.244122
1753301560.261937
1753301560.278488
1753301560.295039
1753301560.309488
1753301560.323938
1753301560.344470
1753301560.365001
1753301560.378276
1753301560.391551
1753301560.409427
1753301560.427303
1753301560.442583
1753301560.457862
1753301560.478289
1753301560.498716
1753301560.512341
1753301560.525966
1753301560.544227
1753301560.562488
1753301560.577065
1753301560.591641
1753301560.609348
1753301560.627056
1753301560.646471
1753301560.665886
1753301560.678913
1753301560.691940
1753301560.708812
1753301560.725683
1753301560.742996
1753301560.760310
1753301560.777783
1753301560.795257
1753301560.811347
1753301560.827437
1753301560.842870
1753301560.858304
1753301560.877480
1753301560.896656
1753301560.913853
1753301560.931050
1753301560.945210
1753301560.959370
1753301560.976918
1753301560.994467
1753301561.010388
1753301561.026310
1753301561.045192
1753301561.064074
1753301561.079067
1753301561.094061
1753301561.110186
1753301561.126311
1753301561.143447
1753301561.160583
1753301561.178309
1753301561.196035
1753301561.210711
1753301561.225386
1753301561.243819
1753301561.262252
1753301561.276929
1753301561.291606
1753301561.310289
1753301561.328972
1753301561.346431
1753301561.363891
1753301561.377186
1753301561.390482
1753301561.408697
1753301561.426912
1753301561.446027
1753301561.465142
1753301561.478922
1753301561.492702
1753301561.510380
1753301561.528058
1753301561.543990
1753301561.559921
1753301561.578211
1753301561.596501
1753301561.610980
1753301561.625459
1753301561.640711
1753301561.655964
1753301561.675634
1753301561.695305
1753301561.710688
1753301561.726071
1753301561.742013
1753301561.757954
1753301561.776681
1753301561.795409
1753301561.809186
1753301561.822962
1753301561.842831
1753301561.862699
1753301561.879346
1753301561.895994
1753301561.910887
1753301561.925781
1753301561.943614
1753301561.961448
1753301561.979199
1753301561.996950
1753301562.011723
1753301562.026495
1753301562.042896
1753301562.059297
1753301562.076758
1753301562.094220
1753301562.113223
1753301562.132225
1753301562.144949
1753301562.157674
1753301562.175883
1753301562.194092
1753301562.209725
1753301562.225358
1753301562.243342
1753301562.261326
1753301562.277919
1753301562.294512
1753301562.309856
1753301562.325200
1753301562.343399
1753301562.361597
1753301562.379442
1753301562.397287
1753301562.412069
1753301562.426851
1753301562.442789
1753301562.458727
1753301562.478036
1753301562.497345
1753301562.511932
1753301562.526520
1753301562.544650
1753301562.562780
1753301562.576524
1753301562.590268
1753301562.610514
1753301562.630760
1753301562.645104
1753301562.659448
1753301562.679977
1753301562.700506
1753301562.711524
1753301562.722541
1753301562.740591
1753301562.758641
1753301562.777004
1753301562.795366
1753301562.814489
1753301562.833612
1753301562.844799
1753301562.855986
1753301562.876249
1753301562.896512
1753301562.911214
1753301562.925916
1753301562.945284
1753301562.964652
1753301562.977482
1753301562.990312
1753301563.011358
1753301563.032403
1753301563.046142
1753301563.059881
1753301563.078433
1753301563.096984
1753301563.110855
1753301563.124725
1753301563.142623
1753301563.160521
1753301563.179036
1753301563.197551
1753301563.212225
1753301563.226899
1753301563.244011
1753301563.261124
1753301563.278202
1753301563.295279
1753301563.314931
1753301563.334584
1753301563.346734
1753301563.358884
1753301563.376100
1753301563.393315
1753301563.411259
1753301563.429202
1753301563.447042
1753301563.464883
1753301563.479620
1753301563.494356
1753301563.511159
1753301563.527962
1753301563.544719
1753301563.561477
1753301563.581769
1753301563.602061
1753301563.613903
1753301563.625744
1753301563.646158
1753301563.666572
1753301563.679152
1753301563.691733
1753301563.710888
1753301563.730043
1753301563.745471
1753301563.760900
1753301563.777697
1753301563.794493
1753301563.811802
1753301563.829112
1753301563.847476
1753301563.865839
1753301563.878986
1753301563.892134
1753301563.910664
1753301563.929194
1753301563.944869
1753301563.960543
1753301563.980164
1753301563.999785
1753301564.013114
1753301564.026443
1753301564.043432
1753301564.060422
1753301564.076505
1753301564.092588
1753301564.114285
1753301564.135983
1753301564.146896
1753301564.157810
1753301564.179000
1753301564.200191
1753301564.212141
1753301564.224090
1753301564.242569
1753301564.261049
1753301564.281919
1753301564.302790
1753301564.313344
1753301564.323898
1753301564.346761
1753301564.369624
1753301564.380579
1753301564.391533
1753301564.413652
1753301564.435771
1753301564.446470
1753301564.457170
1753301564.478238
1753301564.499306
1753301564.512858
1753301564.526411
1753301564.546435
1753301564.566459
1753301564.578724
1753301564.590990
1753301564.608662
1753301564.626333
1753301564.644911
1753301564.663489
1753301564.682139
1753301564.700790
1753301564.712207
1753301564.723625
1753301564.741168
1753301564.758710
1753301564.776964
1753301564.795219
1753301564.813316
1753301564.831414
1753301564.844245
1753301564.857077
1753301564.875560
1753301564.894043
1753301564.912630
1753301564.931216
1753301564.946516
1753301564.961816
1753301564.976731
1753301564.991645
1753301565.010683
1753301565.029720
1753301565.048346
1753301565.066971
1753301565.079751
1753301565.092532
1753301565.109926
1753301565.127319
1753301565.144343
1753301565.161367
1753301565.180501
1753301565.199636
1753301565.212985
1753301565.226334
1753301565.244127
1753301565.261920
1753301565.278202
1753301565.294483
1753301565.315618
1753301565.336752
1753301565.347986
1753301565.359219
1753301565.375582
1753301565.391944
1753301565.410125
1753301565.428307
1753301565.448228
1753301565.468149
1753301565.480502
1753301565.492854
1753301565.510188
1753301565.527521
1753301565.545258
1753301565.562994
1753301565.582655
1753301565.602316
1753301565.614173
1753301565.626030
1753301565.645237
1753301565.664445
1753301565.678922
1753301565.693399
1753301565.711587
1753301565.729775
1753301565.744931
1753301565.760086
1753301565.777691
1753301565.795297
1753301565.812382
1753301565.829467
1753301565.849758
1753301565.870048
1753301565.880789
1753301565.891529
1753301565.909612
1753301565.927694
1753301565.943357
1753301565.959020
1753301565.976473
1753301565.993927
1753301566.013512
1753301566.033096
1753301566.045745
1753301566.058395
1753301566.076942
1753301566.095489
1753301566.115718
1753301566.135948
1753301566.146966
1753301566.157985
1753301566.176898
1753301566.195812
1753301566.211451
1753301566.227090
1753301566.245600
1753301566.264110
1753301566.280394
1753301566.296678
1753301566.311436
1753301566.326194
1753301566.344434
1753301566.362673
1753301566.380508
1753301566.398344
1753301566.412735
1753301566.427127
1753301566.444420
1753301566.461714
1753301566.481244
1753301566.500773
1753301566.513580
1753301566.526388
1753301566.547633
1753301566.568878
1753301566.580263
1753301566.591648
1753301566.614463
1753301566.637278
1753301566.648440
1753301566.659602
1753301566.680129
1753301566.700655
1753301566.713101
1753301566.725547
1753301566.743881
1753301566.762214
1753301566.782811
1753301566.803408
1753301566.814970
1753301566.826531
1753301566.843893
1753301566.861254
1753301566.879246
1753301566.897239
1753301566.916511
1753301566.935782
1753301566.947908
1753301566.960035
1753301566.980909
1753301567.001783
1753301567.013710
1753301567.025638
1753301567.048854
1753301567.072070
1753301567.082756
1753301567.093441
1753301567.112038
1753301567.130635
1753301567.145437
1753301567.160240
1753301567.180751
1753301567.201263
1753301567.213810
1753301567.226358
1753301567.246830
1753301567.267303
1753301567.280041
1753301567.292780
1753301567.312271
1753301567.331762
1753301567.346256
1753301567.360749
1753301567.380848
1753301567.400948
1753301567.413661
1753301567.426375
1753301567.446642
1753301567.466910
1753301567.481977
1753301567.497045
1753301567.514193
1753301567.531341
1753301567.545910
1753301567.560479
1753301567.581432
1753301567.602385
1753301567.614585
1753301567.626786
1753301567.645519
1753301567.664253
1753301567.679446
1753301567.694639
1753301567.712317
1753301567.729995
1753301567.745378
1753301567.760760
1753301567.780959
1753301567.801158
1753301567.812996
1753301567.824834
1753301567.842331
1753301567.859829
1753301567.878544
1753301567.897259
1753301567.912386
1753301567.927513
1753301567.948199
1753301567.968886
1753301567.980160
1753301567.991434
1753301568.015225
1753301568.039016
1753301568.049203
1753301568.059391
1753301568.080034
1753301568.100676
1753301568.113296
1753301568.125916
1753301568.146652
1753301568.167388
1753301568.180697
1753301568.194006
1753301568.215053
1753301568.236099
1753301568.247630
1753301568.259161
1753301568.279108
1753301568.299055
1753301568.315122
1753301568.331188
1753301568.346102
1753301568.361016
1753301568.378600
1753301568.396183
1753301568.413905
1753301568.431626
1753301568.446264
1753301568.460901
1753301568.482100
1753301568.503298
1753301568.514527
1753301568.525756
1753301568.547112
1753301568.568468
1753301568.581345
1753301568.594221
1753301568.614622
1753301568.635023
1753301568.647105
1753301568.659187
1753301568.681102
1753301568.703016
1753301568.714960
1753301568.726904
1753301568.744909
1753301568.762914
1753301568.779294
1753301568.795674
1753301568.815926
1753301568.836177
1753301568.847974
1753301568.859770
1753301568.881019
1753301568.902268
1753301568.914407
1753301568.926547
1753301568.946651
1753301568.966755
1753301568.984133
1753301569.001511
1753301569.015679
1753301569.029847
1753301569.047472
1753301569.065096
1753301569.080786
1753301569.096476
1753301569.117763
1753301569.139049
1753301569.148887
1753301569.158725
1753301569.178400
1753301569.198075
1753301569.212499
1753301569.226922
1753301569.248018
1753301569.269114
1753301569.282230
1753301569.295347
1753301569.314541
1753301569.333735
1753301569.347041
1753301569.360347
1753301569.379074
1753301569.397800
1753301569.418189
1753301569.438577
1753301569.449124
1753301569.459672
1753301569.481308
1753301569.502944
1753301569.515366
1753301569.527787
1753301569.549058
1753301569.570330
1753301569.581796
1753301569.593263
1753301569.613570
1753301569.633878
1753301569.649696
1753301569.665515
1753301569.681355
1753301569.697195
1753301569.712108
1753301569.727020
1753301569.745034
1753301569.763047
1753301569.784158
1753301569.805268
1753301569.816064
1753301569.826860
1753301569.847762
1753301569.868663
1753301569.880997
1753301569.893330
1753301569.914284
1753301569.935237
1753301569.950235
1753301569.965233
1753301569.979514
1753301569.993794
1753301570.014313
1753301570.034831
1753301570.049730
1753301570.064629
1753301570.085226
1753301570.105823
1753301570.116194
1753301570.126566
1753301570.145359
1753301570.164151
1753301570.183903
1753301570.203654
1753301570.214836
1753301570.226017
1753301570.246493
1753301570.266970
1753301570.280257
1753301570.293544
1753301570.315165
1753301570.336785
1753301570.348558
1753301570.360331
1753301570.377681
1753301570.395030
1753301570.416172
1753301570.437313
1753301570.448873
1753301570.460433
1753301570.482686
1753301570.504938
1753301570.515816
1753301570.526695
1753301570.548236
1753301570.569778
1753301570.582216
1753301570.594654
1753301570.616491
1753301570.638328
1753301570.649212
1753301570.660096
1753301570.681870
1753301570.703644
1753301570.715383
1753301570.727121
1753301570.745718
1753301570.764315
1753301570.778923
1753301570.793531
1753301570.816760
1753301570.839988
1753301570.850094
1753301570.860201
1753301570.880528
1753301570.900856
1753301570.913903
1753301570.926951
1753301570.949304
1753301570.971657
1753301570.982741
1753301570.993825
1753301571.015534
1753301571.037244
1753301571.048846
1753301571.060448
1753301571.081932
1753301571.103415
1753301571.116632
1753301571.129849
1753301571.149196
1753301571.168543
1753301571.181191
1753301571.193840
1753301571.213536
1753301571.233232
1753301571.251125
1753301571.269019
1753301571.283426
1753301571.297834
1753301571.314245
1753301571.330656
1753301571.349049
1753301571.367442
1753301571.383416
1753301571.399391
1753301571.418034
1753301571.436676
1753301571.448732
1753301571.460789
1753301571.483736
1753301571.506682
1753301571.516596
1753301571.526511
1753301571.548460
1753301571.570408
1753301571.582450
1753301571.594492
1753301571.615755
1753301571.637017
1753301571.648997
1753301571.660977
1753301571.683881
1753301571.706786
1753301571.717211
1753301571.727637
1753301571.746485
1753301571.765334
1753301571.784811
1753301571.804288
1753301571.816019
1753301571.827750
1753301571.849187
1753301571.870625
1753301571.882577
1753301571.894530
1753301571.915138
1753301571.935747
1753301571.949580
1753301571.963414
1753301571.983303
1753301572.003191
1753301572.015543
1753301572.027895
1753301572.049770
1753301572.071646
1753301572.083176
1753301572.094705
1753301572.112671
1753301572.130637
1753301572.148641
1753301572.166645
1753301572.183901
1753301572.201157
1753301572.215690
1753301572.230223
1753301572.247324
1753301572.264426
1753301572.282840
1753301572.301253
1753301572.317873
1753301572.334492
1753301572.350197
1753301572.365903
1753301572.380295
1753301572.394688
1753301572.413885
1753301572.433082
1753301572.450480
1753301572.467879
1753301572.485474
1753301572.503068
1753301572.515481
1753301572.527894
1753301572.546479
1753301572.565065
1753301572.581086
1753301572.597108
1753301572.614536
1753301572.631964
1753301572.646516
1753301572.661069
1753301572.679375
1753301572.697682
1753301572.713289
1753301572.728897
1753301572.747003
1753301572.765109
1753301572.779922
1753301572.794735
1753301572.816389
1753301572.838043
1753301572.850783
1753301572.863523
1753301572.882352
1753301572.901181
1753301572.914696
1753301572.928211
1753301572.950825
1753301572.973439
1753301572.984197
1753301572.994954
1753301573.016822
1753301573.038690
1753301573.050080
1753301573.061470
1753301573.083663
1753301573.105855
1753301573.117172
1753301573.128490
1753301573.148835
1753301573.169180
1753301573.182276
1753301573.195372
1753301573.216567
1753301573.237761
1753301573.250352
1753301573.262943
1753301573.284353
1753301573.305763
1753301573.316995
1753301573.328226
1753301573.349679
1753301573.371133
1753301573.385006
1753301573.398879
1753301573.419495
1753301573.440110
1753301573.451180
1753301573.462250
1753301573.483625
1753301573.505000
1753301573.518482
1753301573.531963
1753301573.552696
1753301573.573429
1753301573.584493
1753301573.595556
1753301573.616755
1753301573.637955
1753301573.653000
1753301573.668045
1753301573.686244
1753301573.704444
1753301573.716899
1753301573.729355
1753301573.747998
1753301573.766641
1753301573.787207
1753301573.807773
1753301573.818517
1753301573.829261
1753301573.850683
1753301573.872105
1753301573.884410
1753301573.896716
1753301573.918417
1753301573.940119
1753301573.951463
1753301573.962806
1753301573.984012
1753301574.005217
1753301574.017248
1753301574.029279
1753301574.050617
1753301574.071955
1753301574.084932
1753301574.097910
1753301574.117414
1753301574.136919
1753301574.150508
1753301574.164098
1753301574.184945
1753301574.205792
1753301574.218137
1753301574.230482
1753301574.249608
1753301574.268733
1753301574.282339
1753301574.295945
1753301574.317455
1753301574.338966
1753301574.351430
1753301574.363894
1753301574.380788
1753301574.397682
1753301574.418883
1753301574.440084
1753301574.451427
1753301574.462770
1753301574.481863
1753301574.500956
1753301574.515207
1753301574.529457
1753301574.551063
1753301574.572669
1753301574.584354
1753301574.596040
1753301574.618469
1753301574.640897
1753301574.651422
1753301574.661946
1753301574.683093
1753301574.704240
1753301574.717209
1753301574.730178
1753301574.748713
1753301574.767248
1753301574.781388
1753301574.795529
1753301574.814232
1753301574.832935
1753301574.849455
1753301574.865975
1753301574.881306
1753301574.896638
1753301574.917092
1753301574.937546
1753301574.950474
1753301574.963401
1753301574.984532
1753301575.005663
1753301575.019543
1753301575.033423
1753301575.048503
1753301575.063583
1753301575.084009
1753301575.104435
1753301575.118937
1753301575.133440
1753301575.151341
1753301575.169242
1753301575.183203
1753301575.197165
1753301575.215494
1753301575.233822
1753301575.254172
1753301575.274522
1753301575.286057
1753301575.297593
1753301575.318713
1753301575.339833
1753301575.352018
1753301575.364203
1753301575.383811
1753301575.403418
1753301575.421289
1753301575.439160
1753301575.451352
1753301575.463544
1753301575.484985
1753301575.506426
1753301575.518764
1753301575.531101
1753301575.551357
1753301575.571613
1753301575.584793
1753301575.597973
1753301575.619078
1753301575.640183
1753301575.652690
1753301575.665198
1753301575.686230
1753301575.707262
1753301575.718266
1753301575.729269
1753301575.748098
1753301575.766927
1753301575.787315
1753301575.807704
1753301575.819423
1753301575.831142
1753301575.848649
1753301575.866155
1753301575.883672
1753301575.901189
1753301575.919561
1753301575.937933
1753301575.952556
1753301575.967179
1753301575.982555
1753301575.997932
1753301576.017073
1753301576.036214
1753301576.053289
1753301576.070365
1753301576.085922
1753301576.101480
1753301576.120399
1753301576.139319
1753301576.151044
1753301576.162770
1753301576.185369
1753301576.207969
1753301576.219779
1753301576.231588
1753301576.252634
1753301576.273680
1753301576.286093
1753301576.298507
1753301576.315224
1753301576.331941
1753301576.351237
1753301576.370534
1753301576.384718
1753301576.398902
1753301576.419806
1753301576.440711
1753301576.451831
1753301576.462951
1753301576.484599
1753301576.506247
1753301576.518920
1753301576.531593
1753301576.553006
1753301576.574419
1753301576.585433
1753301576.596447
1753301576.618168
1753301576.639890
1753301576.652433
1753301576.664977
1753301576.684779
1753301576.704580
1753301576.717301
1753301576.730023
1753301576.748964
1753301576.767906
1753301576.783819
1753301576.799733
1753301576.817908
1753301576.836083
1753301576.849711
1753301576.863339
1753301576.881392
1753301576.899446
1753301576.916737
1753301576.934028
1753301576.949093
1753301576.964158
1753301576.980197
1753301576.996236
1753301577.018008
1753301577.039779
1753301577.053813
1753301577.067847
1753301577.087886
1753301577.107925
1753301577.118915
1753301577.129904
1753301577.150830
1753301577.171756
1753301577.189004
1753301577.206252
1753301577.221798
1753301577.237345
1753301577.250667
1753301577.263989
1753301577.284817
1753301577.305644
1753301577.319887
1753301577.334130
1753301577.354589
1753301577.375048
1753301577.386079
1753301577.397111
1753301577.418846
1753301577.440581
1753301577.454365
1753301577.468149
1753301577.487167
1753301577.506185
1753301577.518889
1753301577.531594
1753301577.550994
1753301577.570394
1753301577.588387
1753301577.606380
1753301577.621213
1753301577.636046
1753301577.651307
1753301577.666568
1753301577.686943
1753301577.707318
1753301577.720035
1753301577.732752
1753301577.751211
1753301577.769669
1753301577.784540
1753301577.799411
1753301577.819941
1753301577.840470
1753301577.854950
1753301577.869430
1753301577.882917
1753301577.896405
1753301577.913950
1753301577.931496
1753301577.952594
1753301577.973692
1753301577.988398
1753301578.003104
1753301578.021381
1753301578.039658
1753301578.051645
1753301578.063632
1753301578.085194
1753301578.106756
1753301578.121329
1753301578.135903
1753301578.152906
1753301578.169910
1753301578.184515
1753301578.199121
1753301578.219693
1753301578.240265
1753301578.253559
1753301578.266853
1753301578.287081
1753301578.307309
1753301578.318972
1753301578.330634
1753301578.352032
1753301578.373429
1753301578.387898
1753301578.402368
1753301578.421115
1753301578.439863
1753301578.451852
1753301578.463842
1753301578.485242
1753301578.506642
1753301578.520048
1753301578.533454
1753301578.554072
1753301578.574690
1753301578.585854
1753301578.597017
1753301578.618719
1753301578.640420
1753301578.653824
1753301578.667229
1753301578.686113
1753301578.704998
1753301578.717924
1753301578.730849
1753301578.749951
1753301578.769053
1753301578.787000
1753301578.804947
1753301578.822185
1753301578.839422
1753301578.851763
1753301578.864103
1753301578.885374
1753301578.906644
1753301578.921048
1753301578.935451
1753301578.954418
1753301578.973385
1753301578.985686
1753301578.997987
1753301579.019424
1753301579.040861
1753301579.054109
1753301579.067356
1753301579.087706
1753301579.108056
1753301579.119484
1753301579.130913
1753301579.150923
1753301579.170934
1753301579.188600
1753301579.206266
1753301579.221330
1753301579.236395
1753301579.252232
1753301579.268069
1753301579.284608
1753301579.301147
1753301579.320480
1753301579.339813
1753301579.356653
1753301579.373494
1753301579.385870
1753301579.398245
1753301579.419318
1753301579.440391
1753301579.455026
1753301579.469661
1753301579.488405
1753301579.507150
1753301579.519768
1753301579.532386
1753301579.553271
1753301579.574156
1753301579.589465
1753301579.604774
1753301579.622862
1753301579.640950
1753301579.653436
1753301579.665922
1753301579.686315
1753301579.706708
1753301579.720921
1753301579.735133
1753301579.752733
1753301579.770332
1753301579.786447
1753301579.802561
1753301579.819499
1753301579.836438
1753301579.855278
1753301579.874117
1753301579.888063
1753301579.902010
1753301579.918853
1753301579.935696
1753301579.953953
1753301579.972210
1753301579.989075
1753301580.005940
1753301580.020990
1753301580.036040
1753301580.052456
1753301580.068873
1753301580.087307
1753301580.105741
1753301580.122040
1753301580.138338
1753301580.154543
1753301580.170749
1753301580.185180
1753301580.199611
1753301580.219865
1753301580.240119
1753301580.255329
1753301580.270538
1753301580.288137
1753301580.305736
1753301580.318716
1753301580.331695
1753301580.350728
1753301580.369760
1753301580.387800
1753301580.405839
1753301580.423122
1753301580.440405
1753301580.452645
1753301580.464886
1753301580.485834
1753301580.506782
1753301580.522292
1753301580.537802
1753301580.555719
1753301580.573636
1753301580.586060
1753301580.598484
1753301580.617584
1753301580.636685
1753301580.654946
1753301580.673208
1753301580.688182
1753301580.703157
1753301580.717449
1753301580.731741
1753301580.750558
1753301580.769376
1753301580.786444
1753301580.803512
1753301580.819496
1753301580.835480
1753301580.853381
1753301580.871282
1753301580.887732
1753301580.904181
1753301580.922591
1753301580.941001
1753301580.955900
1753301580.970800
1753301580.987729
1753301581.004657
1753301581.021464
1753301581.038271
1753301581.056325
1753301581.074380
1753301581.090104
1753301581.105827
1753301581.121259
1753301581.136691
1753301581.153544
1753301581.170397
1753301581.186463
1753301581.202529
1753301581.218477
1753301581.234425
1753301581.253036
1753301581.271648
1753301581.285437
1753301581.299225
1753301581.320075
1753301581.340925
1753301581.356185
1753301581.371445
1753301581.388811
1753301581.406176
1753301581.420608
1753301581.435040
1753301581.453642
1753301581.472244
1753301581.490365
1753301581.508485
1753301581.520648
1753301581.532810
1753301581.553557
1753301581.574305
1753301581.590001
1753301581.605697
1753301581.623325
1753301581.640954
1753301581.655172
1753301581.669391
1753301581.687862
1753301581.706333
1753301581.722852
1753301581.739370
1753301581.756296
1753301581.773221
1753301581.788079
1753301581.802937
1753301581.821702
1753301581.840466
1753301581.856683
1753301581.872899
1753301581.890521
1753301581.908143
1753301581.921287
1753301581.934430
1753301581.953920
1753301581.973410
1753301581.990085
1753301582.006760
1753301582.022377
1753301582.037993
1753301582.054163
1753301582.070332
1753301582.087180
1753301582.104027
1753301582.122920
1753301582.141812
1753301582.155041
1753301582.168269
1753301582.186413
1753301582.204557
1753301582.219918
1753301582.235280
1753301582.254251
1753301582.273223
1753301582.289916
1753301582.306608
1753301582.321218
1753301582.335827
1753301582.354078
1753301582.372329
1753301582.389361
1753301582.406394
1753301582.423706
1753301582.441017
1753301582.453893
1753301582.466770
1753301582.487361
1753301582.507953
1753301582.523262
1753301582.538571
1753301582.556417
1753301582.574262
1753301582.586748
1753301582.599234
1753301582.619563
1753301582.639892
1753301582.654032
1753301582.668171
1753301582.687399
1753301582.706628
1753301582.719538
1753301582.732448
1753301582.751394
1753301582.770340
1753301582.786484
1753301582.802628
1753301582.820603
1753301582.838579
1753301582.852130
1753301582.865681
1753301582.884873
1753301582.904066
1753301582.919929
1753301582.935791
1753301582.952724
1753301582.969656
1753301582.984518
1753301582.999379
1753301583.019929
1753301583.040480
1753301583.055866
1753301583.071253
1753301583.089913
1753301583.108573
1753301583.120674
1753301583.132774
1753301583.153023
1753301583.173271
1753301583.190696
1753301583.208122
1753301583.223368
1753301583.238614
1753301583.252560
1753301583.266506
1753301583.287114
1753301583.307722
1753301583.322490
1753301583.337258
1753301583.356694
1753301583.376129
1753301583.387747
1753301583.399366
1753301583.420229
1753301583.441093
1753301583.454839
1753301583.468585
1753301583.488374
1753301583.508163
1753301583.520396
1753301583.532629
1753301583.553595
1753301583.574561
1753301583.589266
1753301583.603971
1753301583.623070
1753301583.642170
1753301583.654310
1753301583.666451
1753301583.688068
1753301583.709685
1753301583.723430
1753301583.737175
1753301583.754778
1753301583.772381
1753301583.787795
1753301583.803209
1753301583.821871
1753301583.840532
1753301583.857213
1753301583.873894
1753301583.889338
1753301583.904781
1753301583.921459
1753301583.938136
1753301583.955943
1753301583.973749
1753301583.990690
1753301584.007630
1753301584.023587
1753301584.039544
1753301584.054151
1753301584.068758
1753301584.086823
1753301584.104889
1753301584.122807
1753301584.140724
1753301584.156505
1753301584.172285
1753301584.186104
1753301584.199922
1753301584.220588
1753301584.241254
1753301584.256799
1753301584.272344
1753301584.289833
1753301584.307321
1753301584.320195
1753301584.333069
1753301584.353847
1753301584.374625
1753301584.390542
1753301584.406458
1753301584.423936
1753301584.441415
1753301584.458527
1753301584.475639
1753301584.487846
1753301584.500054
1753301584.520916
1753301584.541779
1753301584.556807
1753301584.571834
1753301584.589812
1753301584.607789
1753301584.623153
1753301584.638517
1753301584.652769
1753301584.667021
1753301584.687591
1753301584.708161
1753301584.723356
1753301584.738550
1753301584.755410
1753301584.772271
1753301584.786190
1753301584.800108
1753301584.820740
1753301584.841371
1753301584.856804
1753301584.872237
1753301584.889688
1753301584.907140
1753301584.920686
1753301584.934231
1753301584.953262
1753301584.972293
1753301584.989987
1753301585.007682
1753301585.023490
1753301585.039299
1753301585.053955
1753301585.068610
1753301585.087711
1753301585.106813
1753301585.124374
1753301585.141935
1753301585.156971
1753301585.172007
1753301585.187940
1753301585.203873
1753301585.222081
1753301585.240289
1753301585.257967
1753301585.275644
1753301585.290930
1753301585.306216
1753301585.321749
1753301585.337282
1753301585.355932
1753301585.374582
1753301585.390537
1753301585.406491
1753301585.424082
1753301585.441672
1753301585.455153
1753301585.468634
1753301585.487963
1753301585.507293
1753301585.524043
1753301585.540792
1753301585.558148
1753301585.575505
1753301585.589178
1753301585.602850
1753301585.622305
1753301585.641761
1753301585.657330
1753301585.672898
1753301585.690579
1753301585.708260
1753301585.721572
1753301585.734885
1753301585.754483
1753301585.774081
1753301585.791336
1753301585.808590
1753301585.824459
1753301585.840327
1753301585.855195
1753301585.870062
1753301585.889307
1753301585.908551
1753301585.924684
1753301585.940816
1753301585.957094
1753301585.973372
1753301585.988267
1753301586.003163
1753301586.022226
1753301586.041289
1753301586.057173
1753301586.073057
1753301586.090195
1753301586.107334
1753301586.121308
1753301586.135283
1753301586.154396
1753301586.173508
1753301586.190763
1753301586.208018
1753301586.224153
1753301586.240288
1753301586.255220
1753301586.270153
1753301586.288849
1753301586.307545
1753301586.323971
1753301586.340397
1753301586.357789
1753301586.375180
1753301586.388133
1753301586.401085
1753301586.420014
1753301586.438943
1753301586.456305
1753301586.473666
1753301586.490438
1753301586.507210
1753301586.520821
1753301586.534431
1753301586.553956
1753301586.573480
1753301586.589135
1753301586.604791
1753301586.622953
1753301586.641115
1753301586.655605
1753301586.670096
1753301586.689590
1753301586.709084
1753301586.724907
1753301586.740730
1753301586.757740
1753301586.774751
1753301586.788341
1753301586.801930
1753301586.821031
1753301586.840131
1753301586.857397
1753301586.874663
1753301586.891002
1753301586.907340
1753301586.922121
1753301586.936902
1753301586.956174
1753301586.975446
1753301586.991061
1753301587.006676
1753301587.023860
1753301587.041043
1753301587.055835
1753301587.070628
1753301587.090178
1753301587.109728
1753301587.126021
1753301587.142314
1753301587.158291
1753301587.174269
1753301587.190089
1753301587.205908
1753301587.223543
1753301587.241178
1753301587.257992
1753301587.274805
1753301587.291292
1753301587.307779
1753301587.323818
1753301587.339857
1753301587.357028
1753301587.374199
1753301587.391809
1753301587.409420
1753301587.426041
1753301587.442661
1753301587.456270
1753301587.469879
1753301587.489357
1753301587.508834
1753301587.525425
1753301587.542017
1753301587.558835
1753301587.575652
1753301587.588691
1753301587.601730
1753301587.618972
1753301587.636213
1753301587.656011
1753301587.675808
1753301587.692107
1753301587.708406
1753301587.721869
1753301587.735331
1753301587.754870
1753301587.774409
1753301587.789084
1753301587.803759
1753301587.820736
1753301587.837713
1753301587.852949
1753301587.868185
1753301587.888448
1753301587.908711
1753301587.926464
1753301587.944217
1753301587.956946
1753301587.969676
1753301587.986509
1753301588.003342
1753301588.023066
1753301588.042789
1753301588.059695
1753301588.076601
1753301588.093110
1753301588.109619
1753301588.123662
1753301588.137706
1753301588.157359
1753301588.177012
1753301588.192291
1753301588.207570
1753301588.224229
1753301588.240888
1753301588.255125
1753301588.269362
1753301588.288117
1753301588.306873
1753301588.323397
1753301588.339920
1753301588.357785
1753301588.375649
1753301588.388943
1753301588.402238
1753301588.422744
1753301588.443250
1753301588.458711
1753301588.474172
1753301588.490587
1753301588.507001
1753301588.523278
1753301588.539554
1753301588.557139
1753301588.574725
1753301588.592671
1753301588.610617
1753301588.625774
1753301588.640931
1753301588.655058
1753301588.669186
1753301588.688584
1753301588.707981
1753301588.724822
1753301588.741662
1753301588.757529
1753301588.773395
1753301588.789020
1753301588.804644
1753301588.823122
1753301588.841600
1753301588.858910
1753301588.876219
1753301588.892427
1753301588.908635
1753301588.922141
1753301588.935646
1753301588.953048
1753301588.970449
1753301588.988822
1753301589.007194
1753301589.023165
1753301589.039135
1753301589.054045
1753301589.068956
1753301589.087505
1753301589.106055
1753301589.123299
1753301589.140543
1753301589.156193
1753301589.171843
1753301589.187227
1753301589.202611
1753301589.221390
1753301589.240168
1753301589.257024
1753301589.273880
1753301589.290368
1753301589.306856
1753301589.321387
1753301589.335919
1753301589.354735
1753301589.373552
1753301589.387910
1753301589.402268
1753301589.421487
1753301589.440707
1753301589.454964
1753301589.469221
1753301589.488029
1753301589.506836
1753301589.522970
1753301589.539105
1753301589.556212
1753301589.573319
1753301589.588046
1753301589.602772
1753301589.620967
1753301589.639163
1753301589.656041
1753301589.672919
1753301589.689406
1753301589.705893
1753301589.721743
1753301589.737592
1753301589.755689
1753301589.773785
1753301589.790821
1753301589.807857
1753301589.824507
1753301589.841156
1753301589.855301
1753301589.869447
1753301589.888297
1753301589.907147
1753301589.923862
1753301589.940576
1753301589.957596
1753301589.974616
1753301589.989114
1753301590.003612
1753301590.019913
1753301590.036214
1753301590.052681
1753301590.069149
1753301590.085929
1753301590.102709
1753301590.119253
1753301590.135796
1753301590.152503
1753301590.169211
1753301590.186099
1753301590.202986
1753301590.219460
1753301590.235935
1753301590.252666
1753301590.269396
1753301590.286012
1753301590.302628
1753301590.319222
1753301590.335817
1753301590.352537
1753301590.369257
1753301590.385509
1753301590.401761
1753301590.418971
1753301590.436181
1753301590.452797
1753301590.469413
1753301590.486105
1753301590.502797
1753301590.519402
1753301590.536006
1753301590.552662
1753301590.569319
1753301590.586012
1753301590.602705
1753301590.619632
1753301590.636560
1753301590.653574
1753301590.670587
1753301590.687031
1753301590.703474
1753301590.719762
1753301590.736050
1753301590.753042
1753301590.770035
1753301590.787202
1753301590.804369
1753301590.820530
1753301590.836691
1753301590.853454
1753301590.870217
1753301590.887412
1753301590.904607
1753301590.920435
1753301590.936263
1753301590.954455
1753301590.972647
1753301590.990036
1753301591.007425
1753301591.022914
1753301591.038403
1753301591.053732
1753301591.069062
1753301591.087945
1753301591.106827
1753301591.122621
1753301591.138415
1753301591.155333
1753301591.172250
1753301591.187844
1753301591.203437
1753301591.222092
1753301591.240746
1753301591.255960
1753301591.271174
1753301591.289958
1753301591.308743
1753301591.322249
1753301591.335756
1753301591.355130
1753301591.374504
1753301591.391041
1753301591.407577
1753301591.424226
1753301591.440875
1753301591.455538
1753301591.470200
1753301591.489190
1753301591.508179
1753301591.524330
1753301591.540481
1753301591.557808
1753301591.575135
1753301591.589473
1753301591.603811
1753301591.621470
1753301591.639129
1753301591.654658
1753301591.670188
1753301591.686668
1753301591.703149
1753301591.719895
1753301591.736641
1753301591.753306
1753301591.769971
1753301591.786495
1753301591.803020
1753301591.819756
1753301591.836491
1753301591.853213
1753301591.869935
1753301591.886607
1753301591.903278
1753301591.919909
1753301591.936539
1753301591.953393
1753301591.970247
1753301591.986757
1753301592.003267
1753301592.019922
1753301592.036577
1753301592.053185
1753301592.069793
1753301592.086563
1753301592.103332
1753301592.119994
1753301592.136655
1753301592.153385
1753301592.170115
1753301592.186758
1753301592.203401
1753301592.220077
1753301592.236752
1753301592.253428
1753301592.270105
1753301592.286836
1753301592.303568
1753301592.320213
1753301592.336859
1753301592.353461
1753301592.370062
1753301592.386741
1753301592.403419
1753301592.421555
1753301592.439691
1753301592.455814
1753301592.471938
1753301592.489041
1753301592.506145
1753301592.521649
1753301592.537153
1753301592.555318
1753301592.573483
1753301592.590951
1753301592.608419
1753301592.623782
1753301592.639145
1753301592.654989
1753301592.670833
1753301592.689645
1753301592.708456
1753301592.724349
1753301592.740242
1753301592.757741
1753301592.775240
1753301592.791003
1753301592.806765
1753301592.822252
1753301592.837739
1753301592.856610
1753301592.875481
1753301592.892236
1753301592.908991
1753301592.923762
1753301592.938533
1753301592.956666
1753301592.974798
1753301592.990498
1753301593.006198
1753301593.024069
1753301593.041940
1753301593.058061
1753301593.074182
1753301593.092005
1753301593.109827
1753301593.125428
1753301593.141029
1753301593.157735
1753301593.174441
1753301593.190361
1753301593.206280
1753301593.224838
1753301593.243395
1753301593.258017
1753301593.272638
1753301593.291038
1753301593.309438
1753301593.324604
1753301593.339769
1753301593.357685
1753301593.375601
1753301593.391481
1753301593.407362
1753301593.424740
1753301593.442118
1753301593.459450
1753301593.476783
1753301593.493000
1753301593.509216
1753301593.524928
1753301593.540640
1753301593.559019
1753301593.577398
1753301593.593245
1753301593.609092
1753301593.625692
1753301593.642292
1753301593.656904
1753301593.671515
1753301593.690745
1753301593.709976
1753301593.726098
1753301593.742219
1753301593.758116
1753301593.774014
1753301593.791085
1753301593.808155
1753301593.824380
1753301593.840606
1753301593.858530
1753301593.876454
1753301593.892677
1753301593.908900
1753301593.924664
1753301593.940427
1753301593.958606
1753301593.976785
1753301593.992037
1753301594.007290
1753301594.024741
1753301594.042192
1753301594.058170
1753301594.074149
1753301594.092569
1753301594.110989
1753301594.126580
1753301594.142171
1753301594.158463
1753301594.174755
1753301594.190938
1753301594.207120
1753301594.223909
1753301594.240698
1753301594.258996
1753301594.277295
1753301594.292821
1753301594.308348
1753301594.323378
1753301594.338408
1753301594.357110
1753301594.375811
1753301594.392009
1753301594.408206
1753301594.426145
1753301594.444083
1753301594.457937
1753301594.471790
1753301594.490047
1753301594.508305
1753301594.526382
1753301594.544460
1753301594.560363
1753301594.576266
1753301594.590710
1753301594.605153
1753301594.623747
1753301594.642341
1753301594.658944
1753301594.675547
1753301594.691822
1753301594.708097
1753301594.723741
1753301594.739385
1753301594.757819
1753301594.776253
1753301594.792107
1753301594.807961
1753301594.825531
1753301594.843100
1753301594.857471
1753301594.871841
1753301594.890208
1753301594.908574
1753301594.925124
1753301594.941673
1753301594.958463
1753301594.975253
1753301594.990372
1753301595.005490
1753301595.023773
1753301595.042056
1753301595.059784
1753301595.077513
1753301595.093601
1753301595.109690
1753301595.124268
1753301595.138846
1753301595.157105
1753301595.175365
1753301595.192499
1753301595.209633
1753301595.226444
1753301595.243254
1753301595.257781
1753301595.272308
1753301595.290575
1753301595.308841
1753301595.324808
1753301595.340775
1753301595.358420
1753301595.376066
1753301595.390785
1753301595.405504
1753301595.424035
1753301595.442566
1753301595.459700
1753301595.476834
1753301595.493048
1753301595.509262
1753301595.524994
1753301595.540727
1753301595.559158
1753301595.577590
1753301595.593182
1753301595.608773
1753301595.626278
1753301595.643784
1753301595.659580
1753301595.675375
1753301595.692403
1753301595.709432
1753301595.725894
1753301595.742356
1753301595.759474
1753301595.776592
1753301595.792402
1753301595.808212
1753301595.826198
1753301595.844184
1753301595.860207
1753301595.876229
1753301595.892528
1753301595.908826
1753301595.924072
1753301595.939317
1753301595.959489
1753301595.979662
1753301595.993133
1753301596.006604
1753301596.023968
1753301596.041333
1753301596.056907
1753301596.072481
1753301596.088923
1753301596.105364
1753301596.121921
1753301596.138478
1753301596.155216
1753301596.171954
1753301596.188623
1753301596.205292
1753301596.222008
1753301596.238723
1753301596.255354
1753301596.271986
1753301596.288725
1753301596.305465
1753301596.322031
1753301596.338597
1753301596.355363
1753301596.372130
1753301596.388782
1753301596.405434
1753301596.422111
1753301596.438787
1753301596.455613
1753301596.472438
1753301596.488994
1753301596.505550
1753301596.522120
1753301596.538689
1753301596.555420
1753301596.572152
1753301596.588828
1753301596.605503
1753301596.622210
1753301596.638916
1753301596.655506
1753301596.672096
1753301596.689088
1753301596.706080
1753301596.722495
1753301596.738909
1753301596.755661
1753301596.772413
1753301596.789828
1753301596.807243
1753301596.824950
1753301596.842657
1753301596.857794
1753301596.872930
1753301596.890956
1753301596.908983
1753301596.925128
1753301596.941272
1753301596.959365
1753301596.977458
1753301596.991383
1753301597.005307
1753301597.024009
1753301597.042711
1753301597.060676
1753301597.078641
1753301597.093929
1753301597.109218
1753301597.124893
1753301597.140568
1753301597.159175
1753301597.177782
1753301597.192173
1753301597.206565
1753301597.223847
1753301597.241129
1753301597.258761
1753301597.276394
1753301597.292644
1753301597.308893
1753301597.325121
1753301597.341350
1753301597.359815
1753301597.378279
1753301597.392418
1753301597.406557
1753301597.425806
1753301597.445054
1753301597.460817
1753301597.476580
1753301597.494555
1753301597.512530
1753301597.526371
1753301597.540212
1753301597.558514
1753301597.576816
1753301597.593717
1753301597.610618
1753301597.626626
1753301597.642634
1753301597.660495
1753301597.678357
1753301597.693477
1753301597.708597
1753301597.726453
1753301597.744310
1753301597.759897
1753301597.775484
1753301597.793449
1753301597.811415
1753301597.827304
1753301597.843194
1753301597.859812
1753301597.876430
1753301597.893412
1753301597.910394
1753301597.925534
1753301597.940674
1753301597.959732
1753301597.978790
1753301597.993222
1753301598.007655
1753301598.026006
1753301598.044358
1753301598.058827
1753301598.073296
1753301598.092118
1753301598.110939
1753301598.127312
1753301598.143685
1753301598.161569
1753301598.179452
1753301598.193090
1753301598.206729
1753301598.225153
1753301598.243577
1753301598.261713
1753301598.279848
1753301598.295742
1753301598.311636
1753301598.325904
1753301598.340172
1753301598.358752
1753301598.377332
1753301598.394554
1753301598.411775
1753301598.427445
1753301598.443116
1753301598.458931
1753301598.474747
1753301598.492306
1753301598.509866
1753301598.528029
1753301598.546193
1753301598.560464
1753301598.574736
1753301598.590772
1753301598.606807
1753301598.625175
1753301598.643544
1753301598.660685
1753301598.677825
1753301598.694753
1753301598.711681
1753301598.726060
1753301598.740439
1753301598.757358
1753301598.774277
1753301598.792962
1753301598.811647
1753301598.826970
1753301598.842292
1753301598.859467
1753301598.876642
1753301598.892716
1753301598.908791
1753301598.927238
1753301598.945684
1753301598.961236
1753301598.976787
1753301598.992015
1753301599.007243
1753301599.026405
1753301599.045567
1753301599.061581
1753301599.077594
1753301599.094707
1753301599.111821
1753301599.126158
1753301599.140494
1753301599.159250
1753301599.178006
1753301599.193991
1753301599.209976
1753301599.227771
1753301599.245566
1753301599.259825
1753301599.274084
1753301599.292449
1753301599.310815
1753301599.328797
1753301599.346779
1753301599.362823
1753301599.378866
1753301599.393228
1753301599.407590
1753301599.426029
1753301599.444469
1753301599.462552
1753301599.480634
1753301599.494785
1753301599.508936
1753301599.525911
1753301599.542886
1753301599.560780
1753301599.578674
1753301599.594555
1753301599.610437
1753301599.628609
1753301599.646781
1753301599.660710
1753301599.674640
1753301599.691835
1753301599.709030
1753301599.727330
1753301599.745631
1753301599.761465
1753301599.777299
1753301599.793640
1753301599.809981
1753301599.826699
1753301599.843417
1753301599.861022
1753301599.878628
1753301599.894816
1753301599.911005
1753301599.927847
1753301599.944689
1753301599.960907
1753301599.977126
1753301599.995452
1753301600.013778
1753301600.030243
1753301600.046709
1753301600.060762
1753301600.074815
1753301600.093618
1753301600.112422
1753301600.128470
1753301600.144519
1753301600.161144
1753301600.177769
1753301600.192797
1753301600.207826
1753301600.226476
1753301600.245127
1753301600.262278
1753301600.279429
1753301600.295529
1753301600.311629
1753301600.326407
1753301600.341185
1753301600.359962
1753301600.378739
1753301600.395107
1753301600.411474
1753301600.429420
1753301600.447365
1753301600.460969
1753301600.474573
1753301600.492968
1753301600.511362
1753301600.528852
1753301600.546342
1753301600.562977
1753301600.579612
1753301600.593813
1753301600.608015
1753301600.627343
1753301600.646671
1753301600.663490
1753301600.680309
1753301600.695844
1753301600.711378
1753301600.726377
1753301600.741375
1753301600.760112
1753301600.778849
1753301600.795806
1753301600.812764
1753301600.828439
1753301600.844115
1753301600.860608
1753301600.877101
1753301600.894748
1753301600.912396
1753301600.928554
1753301600.944712
1753301600.962890
1753301600.981068
1753301600.994845
1753301601.008622
1753301601.027684
1753301601.046746
1753301601.062477
1753301601.078207
1753301601.095340
1753301601.112474
1753301601.129704
1753301601.146933
1753301601.161005
1753301601.175076
1753301601.194343
1753301601.213609
1753301601.228855
1753301601.244100
1753301601.262451
1753301601.280801
1753301601.295960
1753301601.311120
1753301601.326630
1753301601.342139
1753301601.358399
1753301601.374659
1753301601.391249
1753301601.407838
1753301601.424490
1753301601.441142
1753301601.457993
1753301601.474844
1753301601.491414
1753301601.507984
1753301601.524555
1753301601.541127
1753301601.557436
1753301601.573745
1753301601.590824
1753301601.607902
1753301601.624589
1753301601.641277
1753301601.657889
1753301601.674502
1753301601.691284
1753301601.708067
1753301601.724733
1753301601.741399
1753301601.758116
1753301601.774834
1753301601.791411
1753301601.807988
1753301601.824568
1753301601.841148
1753301601.857891
1753301601.874634
1753301601.891454
1753301601.908273
1753301601.924859
1753301601.941444
1753301601.958066
1753301601.974689
1753301601.991420
1753301602.008151
1753301602.026491
1753301602.044831
1753301602.061524
1753301602.078217
1753301602.094179
1753301602.110140
1753301602.126416
1753301602.142692
1753301602.159647
1753301602.176601
1753301602.194237
1753301602.211873
1753301602.228584
1753301602.245294
1753301602.260231
1753301602.275167
1753301602.293599
1753301602.312031
1753301602.330195
1753301602.348359
1753301602.362669
1753301602.376978
1753301602.394480
1753301602.411983
1753301602.428306
1753301602.444629
1753301602.462802
1753301602.480976
1753301602.496756
1753301602.512535
1753301602.527336
1753301602.542137
1753301602.561065
1753301602.579994
1753301602.595602
1753301602.611210
1753301602.626998
1753301602.642786
1753301602.658950
1753301602.675114
1753301602.691785
1753301602.708456
1753301602.725174
1753301602.741893
1753301602.758531
1753301602.775169
1753301602.791865
1753301602.808561
1753301602.825191
1753301602.841821
1753301602.858135
1753301602.874448
1753301602.891488
1753301602.908528
1753301602.925197
1753301602.941866
1753301602.958555
1753301602.975243
1753301602.991919
1753301603.008594
1753301603.025287
1753301603.041979
1753301603.058724
1753301603.075470
1753301603.092062
1753301603.108653
1753301603.125268
1753301603.141884
1753301603.158650
1753301603.175417
1753301603.192131
1753301603.208844
1753301603.225502
1753301603.242159
1753301603.258834
1753301603.275510
1753301603.292163
1753301603.308817
1753301603.325444
1753301603.342070
1753301603.358764
1753301603.375458
1753301603.392203
1753301603.408948
1753301603.426693
1753301603.444439
1753301603.460550
1753301603.476662
1753301603.494715
1753301603.512769
1753301603.528984
1753301603.545199
1753301603.562149
1753301603.579099
1753301603.594120
1753301603.609140
1753301603.628526
1753301603.647912
1753301603.664188
1753301603.680464
1753301603.695910
1753301603.711356
1753301603.728396
1753301603.745437
1753301603.763033
1753301603.780630
1753301603.795877
1753301603.811125
1753301603.829609
1753301603.848093
1753301603.862195
1753301603.876297
1753301603.894636
1753301603.912975
1753301603.931420
1753301603.949865
1753301603.966102
1753301603.982339
1753301603.996004
1753301604.009669
1753301604.028400
1753301604.047131
1753301604.064258
1753301604.081384
1753301604.097986
1753301604.114589
1753301604.128942
1753301604.143296
1753301604.162395
1753301604.181495
1753301604.198153
1753301604.214810
1753301604.230450
1753301604.246091
1753301604.262934
1753301604.279777
1753301604.296705
1753301604.313632
1753301604.328934
1753301604.344236
1753301604.360281
1753301604.376327
1753301604.392798
1753301604.409270
1753301604.425958
1753301604.442646
1753301604.459287
1753301604.475928
1753301604.492630
1753301604.509332
1753301604.526036
1753301604.542740
1753301604.559419
1753301604.576097
1753301604.592709
1753301604.609320
1753301604.626053
1753301604.642787
1753301604.659465
1753301604.676144
1753301604.692809
1753301604.709474
1753301604.726153
1753301604.742832
1753301604.759566
1753301604.776301
1753301604.792870
1753301604.809438
1753301604.826113
1753301604.842789
1753301604.859656
1753301604.876524
1753301604.893000
1753301604.909475
1753301604.926143
1753301604.942810
1753301604.959534
1753301604.976258
1753301604.992913
1753301605.009567
1753301605.026338
1753301605.043108
1753301605.059722
1753301605.076336
1753301605.094198
1753301605.112059
1753301605.128385
1753301605.144710
1753301605.161951
1753301605.179191
1753301605.194721
1753301605.210250
1753301605.227763
1753301605.245276
1753301605.261982
1753301605.278688
1753301605.295920
1753301605.313153
1753301605.328562
1753301605.343971
1753301605.362266
1753301605.380560
1753301605.397023
1753301605.413487
1753301605.430691
1753301605.447895
1753301605.462654
1753301605.477413
1753301605.493930
1753301605.510447
1753301605.528600
1753301605.546753
1753301605.564525
1753301605.582297
1753301605.595908
1753301605.609519
1753301605.629326
1753301605.649133
1753301605.665162
1753301605.681191
1753301605.697017
1753301605.712844
1753301605.729033
1753301605.745221
1753301605.763848
1753301605.782476
1753301605.798517
1753301605.814559
1753301605.830662
1753301605.846765
1753301605.864659
1753301605.882553
1753301605.896727
1753301605.910901
1753301605.929945
1753301605.948988
1753301605.965733
1753301605.982478
1753301605.996708
1753301606.010938
1753301606.030105
1753301606.049271
1753301606.065036
1753301606.080800
1753301606.097957
1753301606.115114
1753301606.129642
1753301606.144171
1753301606.162864
1753301606.181557
1753301606.197587
1753301606.213616
1753301606.231900
1753301606.250184
1753301606.263897
1753301606.277610
1753301606.295774
1753301606.313938
1753301606.331538
1753301606.349138
1753301606.365626
1753301606.382115
1753301606.396533
1753301606.410950
1753301606.429163
1753301606.447376
1753301606.465693
1753301606.484011
1753301606.499624
1753301606.515238
1753301606.529761
1753301606.544284
1753301606.563176
1753301606.582068
1753301606.598561
1753301606.615054
1753301606.631353
1753301606.647653
1753301606.662610
1753301606.677567
1753301606.696393
1753301606.715218
1753301606.730692
1753301606.746167
1753301606.764730
1753301606.783293
1753301606.797170
1753301606.811047
1753301606.829578
1753301606.848109
1753301606.864180
1753301606.880251
1753301606.898052
1753301606.915854
1753301606.929596
1753301606.943339
1753301606.963222
1753301606.983105
1753301606.999201
1753301607.015298
1753301607.031734
1753301607.048171
1753301607.062945
1753301607.077719
1753301607.097230
1753301607.116741
1753301607.132612
1753301607.148482
1753301607.165691
1753301607.182900
1753301607.196996
1753301607.211092
1753301607.230146
1753301607.249201
1753301607.265884
1753301607.282567
1753301607.298526
1753301607.314485
1753301607.328937
1753301607.343388
1753301607.362396
1753301607.381404
1753301607.396788
1753301607.412172
1753301607.430336
1753301607.448500
1753301607.463226
1753301607.477953
1753301607.496566
1753301607.515179
1753301607.532976
1753301607.550773
1753301607.566350
1753301607.581927
1753301607.596713
1753301607.611499
1753301607.630280
1753301607.649060
1753301607.665536
1753301607.682012
1753301607.699604
1753301607.717196
1753301607.731050
1753301607.744905
1753301607.763300
1753301607.781696
1753301607.799224
1753301607.816753
1753301607.833171
1753301607.849590
1753301607.863859
1753301607.878127
1753301607.896959
1753301607.915791
1753301607.932360
1753301607.948929
1753301607.965490
1753301607.982051
1753301607.997301
1753301608.012550
1753301608.031139
1753301608.049728
1753301608.066795
1753301608.083862
1753301608.099825
1753301608.115789
1753301608.131020
1753301608.146250
1753301608.164774
1753301608.183298
1753301608.200033
1753301608.216768
1753301608.233416
1753301608.250064
1753301608.264198
1753301608.278332
1753301608.297030
1753301608.315729
1753301608.331801
1753301608.347874
1753301608.366296
1753301608.384719
1753301608.398335
1753301608.411950
1753301608.430792
1753301608.449634
1753301608.466312
1753301608.482991
1753301608.499828
1753301608.516665
1753301608.530966
1753301608.545267
1753301608.564073
1753301608.582878
1753301608.598405
1753301608.613932
1753301608.632322
1753301608.650713
1753301608.664663
1753301608.678613
1753301608.697345
1753301608.716078
1753301608.732237
1753301608.748396
1753301608.766467
1753301608.784537
1753301608.798489
1753301608.812440
1753301608.831075
1753301608.849711
1753301608.866345
1753301608.882980
1753301608.899016
1753301608.915053
1753301608.930401
1753301608.945750
1753301608.963385
1753301608.981019
1753301608.998747
1753301609.016476
1753301609.033551
1753301609.050625
1753301609.064710
1753301609.078795
1753301609.098075
1753301609.117355
1753301609.133200
1753301609.149044
1753301609.166616
1753301609.184188
1753301609.198829
1753301609.213471
1753301609.232110
1753301609.250749
1753301609.267490
1753301609.284232
1753301609.300569
1753301609.316905
1753301609.331257
1753301609.345610
1753301609.364763
1753301609.383917
1753301609.399832
1753301609.415748
1753301609.433502
1753301609.451257
1753301609.468040
1753301609.484823
1753301609.498625
1753301609.512427
1753301609.531742
1753301609.551056
1753301609.567054
1753301609.583052
1753301609.600211
1753301609.617370
1753301609.633668
1753301609.649967
1753301609.665849
1753301609.681731
1753301609.699288
1753301609.716845
1753301609.732787
1753301609.748728
1753301609.766312
1753301609.783896
1753301609.799634
1753301609.815372
1753301609.833315
1753301609.851259
1753301609.867924
1753301609.884589
1753301609.900373
1753301609.916158
1753301609.933783
1753301609.951408
1753301609.966676
1753301609.981944
1753301609.999868
1753301610.017793
1753301610.034648
1753301610.051504
1753301610.066900
1753301610.082296
1753301610.099709
1753301610.117121
1753301610.134327
1753301610.151534
1753301610.167831
1753301610.184129
1753301610.199903
1753301610.215678
1753301610.232211
1753301610.248743
1753301610.267097
1753301610.285452
1753301610.301612
1753301610.317772
1753301610.332007
1753301610.346243
1753301610.365362
1753301610.384482
1753301610.400324
1753301610.416167
1753301610.434201
1753301610.452234
1753301610.465887
1753301610.479540
1753301610.498873
1753301610.518206
1753301610.534344
1753301610.550482
1753301610.567192
1753301610.583902
1753301610.598448
1753301610.612995
1753301610.631872
1753301610.650749
1753301610.667552
1753301610.684356
1753301610.700773
1753301610.717190
1753301610.731820
1753301610.746450
1753301610.765088
1753301610.783726
1753301610.800985
1753301610.818244
1753301610.834973
1753301610.851702
1753301610.865696
1753301610.879691
1753301610.898410
1753301610.917129
1753301610.933580
1753301610.950031
1753301610.967659
1753301610.985287
1753301610.999192
1753301611.013098
1753301611.031887
1753301611.050676
1753301611.067069
1753301611.083462
1753301611.101012
1753301611.118562
1753301611.132591
1753301611.146621
1753301611.165760
1753301611.184899
1753301611.201531
1753301611.218163
1753301611.234294
1753301611.250426
1753301611.265396
1753301611.280366
1753301611.299119
1753301611.317871
1753301611.334702
1753301611.351533
1753301611.367524
1753301611.383515
1753301611.398681
1753301611.413847
1753301611.432559
1753301611.451270
1753301611.467721
1753301611.484173
1753301611.501575
1753301611.518978
1753301611.532865
1753301611.546752
1753301611.565179
1753301611.583606
1753301611.601431
1753301611.619256
1753301611.635034
1753301611.650811
1753301611.665383
1753301611.679956
1753301611.699317
1753301611.718679
1753301611.734432
1753301611.750184
1753301611.767065
1753301611.783946
1753301611.800549
1753301611.817151
1753301611.833775
1753301611.850399
1753301611.868137
1753301611.885875
1753301611.902298
1753301611.918721
1753301611.932856
1753301611.946991
1753301611.966195
1753301611.985398
1753301612.001455
1753301612.017512
1753301612.033763
1753301612.050014
1753301612.068131
1753301612.086248
1753301612.100556
1753301612.114864
1753301612.133419
1753301612.151973
1753301612.168829
1753301612.185685
1753301612.199721
1753301612.213757
1753301612.232372
1753301612.250986
1753301612.268509
1753301612.286032
1753301612.301991
1753301612.317951
1753301612.332515
1753301612.347078
1753301612.365865
1753301612.384651
1753301612.401462
1753301612.418272
1753301612.434293
1753301612.450314
1753301612.466043
1753301612.481771
1753301612.500254
1753301612.518737
1753301612.535030
1753301612.551323
1753301612.567916
1753301612.584509
1753301612.599238
1753301612.613967
1753301612.633168
1753301612.652368
1753301612.669286
1753301612.686203
1753301612.701647
1753301612.717091
1753301612.732144
1753301612.747197
1753301612.765944
1753301612.784692
1753301612.802202
1753301612.819711
1753301612.835683
1753301612.851655
1753301612.866096
1753301612.880537
1753301612.899191
1753301612.917846
1753301612.936256
1753301612.954667
1753301612.969683
1753301612.984698
1753301612.999290
1753301613.013882
1753301613.032586
1753301613.051290
1753301613.069174
1753301613.087057
1753301613.102466
1753301613.117875
1753301613.132514
1753301613.147153
1753301613.165458
1753301613.183763
1753301613.202125
1753301613.220486
1753301613.236457
1753301613.252429
1753301613.266672
1753301613.280914
1753301613.299376
1753301613.317838
1753301613.335711
1753301613.353583
1753301613.369461
1753301613.385338
1753301613.399822
1753301613.414306
1753301613.433807
1753301613.453308
1753301613.469294
1753301613.485279
1753301613.501377
1753301613.517475
1753301613.535326
1753301613.553176
1753301613.568367
1753301613.583558
1753301613.602008
1753301613.620458
1753301613.636372
1753301613.652286
1753301613.666954
1753301613.681621
1753301613.700420
1753301613.719219
1753301613.735368
1753301613.751518
1753301613.769253
1753301613.786989
1753301613.800798
1753301613.814607
1753301613.833474
1753301613.852342
1753301613.869393
1753301613.886444
1753301613.902513
1753301613.918581
1753301613.934345
1753301613.950109
1753301613.968639
1753301613.987169
1753301614.002983
1753301614.018796
1753301614.035511
1753301614.052226
1753301614.068125
1753301614.084025
1753301614.101989
1753301614.119953
1753301614.135923
1753301614.151894
1753301614.168867
1753301614.185839
1753301614.201548
1753301614.217257
1753301614.235791
1753301614.254325
1753301614.269954
1753301614.285583
1753301614.302461
1753301614.319339
1753301614.333697
1753301614.348055
1753301614.366843
1753301614.385631
1753301614.402382
1753301614.419134
1753301614.435002
1753301614.450871
1753301614.466114
1753301614.481356
1753301614.501096
1753301614.520836
1753301614.536767
1753301614.552697
1753301614.568707
1753301614.584718
1753301614.599717
1753301614.614716
1753301614.633435
1753301614.652154
1753301614.669189
1753301614.686224
1753301614.701796
1753301614.717368
1753301614.732732
1753301614.748096
1753301614.766864
1753301614.785632
1753301614.801999
1753301614.818365
1753301614.836323
1753301614.854280
1753301614.867929
1753301614.881579
1753301614.900093
1753301614.918606
1753301614.935038
1753301614.951470
1753301614.969404
1753301614.987339
1753301615.001157
1753301615.014974
1753301615.033652
1753301615.052329
1753301615.069697
1753301615.087066
1753301615.103616
1753301615.120167
1753301615.134326
1753301615.148486
1753301615.167030
1753301615.185574
1753301615.201895
1753301615.218215
1753301615.236403
1753301615.254591
1753301615.268207
1753301615.281823
1753301615.300570
1753301615.319318
1753301615.335654
1753301615.351990
1753301615.369094
1753301615.386199
1753301615.401549
1753301615.416900
1753301615.435862
1753301615.454824
1753301615.470697
1753301615.486571
1753301615.503237
1753301615.519904
1753301615.534418
1753301615.548932
1753301615.567708
1753301615.586485
1753301615.602949
1753301615.619413
1753301615.636860
1753301615.654307
1753301615.668149
1753301615.681991
1753301615.700996
1753301615.720001
1753301615.735579
1753301615.751157
1753301615.768876
1753301615.786594
1753301615.801032
1753301615.815469
1753301615.834016
1753301615.852563
1753301615.869821
1753301615.887078
1753301615.902967
1753301615.918856
1753301615.934589
1753301615.950322
1753301615.969053
1753301615.987784
1753301616.004248
1753301616.020712
1753301616.036376
1753301616.052039
1753301616.070517
1753301616.088995
1753301616.102341
1753301616.115687
1753301616.134753
1753301616.153820
1753301616.168081
1753301616.182342
1753301616.201702
1753301616.221062
1753301616.236363
1753301616.251665
1753301616.268872
1753301616.286079
1753301616.303608
1753301616.321138
1753301616.335645
1753301616.350152
1753301616.368928
1753301616.387704
1753301616.404250
1753301616.420796
1753301616.437407
1753301616.454018
1753301616.468186
1753301616.482354
1753301616.501375
1753301616.520396
1753301616.536796
1753301616.553196
1753301616.569808
1753301616.586419
1753301616.601035
1753301616.615651
1753301616.634421
1753301616.653192
1753301616.670493
1753301616.687793
1753301616.703879
1753301616.719965
1753301616.734372
1753301616.748779
1753301616.767353
1753301616.785927
1753301616.801784
1753301616.817641
1753301616.836130
1753301616.854618
1753301616.868620
1753301616.882622
1753301616.901380
1753301616.920138
1753301616.936460
1753301616.952783
1753301616.969809
1753301616.986835
1753301617.001356
1753301617.015876
1753301617.034287
1753301617.052699
1753301617.070839
1753301617.088980
1753301617.104802
1753301617.120623
1753301617.135063
1753301617.149503
1753301617.167217
1753301617.184931
1753301617.203421
1753301617.221910
1753301617.237680
1753301617.253450
1753301617.268047
1753301617.282645
1753301617.301566
1753301617.320486
1753301617.336289
1753301617.352093
1753301617.369932
1753301617.387771
1753301617.401935
1753301617.416099
1753301617.434713
1753301617.453328
1753301617.470622
1753301617.487916
1753301617.504665
1753301617.521414
1753301617.535487
1753301617.549559
1753301617.568345
1753301617.587131
1753301617.603737
1753301617.620344
1753301617.637723
1753301617.655102
1753301617.669054
1753301617.683006
1753301617.701723
1753301617.720439
1753301617.736901
1753301617.753363
1753301617.770715
1753301617.788067
1753301617.804963
1753301617.821859
1753301617.835800
1753301617.849742
1753301617.868611
1753301617.887480
1753301617.904536
1753301617.921591
1753301617.938195
1753301617.954800
1753301617.971770
1753301617.988740
1753301618.002680
1753301618.016620
1753301618.035516
1753301618.054412
1753301618.071313
1753301618.088214
1753301618.105237
1753301618.122259
1753301618.136179
1753301618.150099
1753301618.168602
1753301618.187106
1753301618.202765
1753301618.218425
1753301618.235366
1753301618.252308
1753301618.268005
1753301618.283702
1753301618.302478
1753301618.321255
1753301618.337687
1753301618.354119
1753301618.370842
1753301618.387565
1753301618.402124
1753301618.416684
1753301618.435722
1753301618.454760
1753301618.471623
1753301618.488487
1753301618.505159
1753301618.521831
1753301618.535933
1753301618.550034
1753301618.569378
1753301618.588722
1753301618.605600
1753301618.622479
1753301618.638795
1753301618.655111
1753301618.669298
1753301618.683485
1753301618.702232
1753301618.720979
1753301618.737648
1753301618.754317
1753301618.770905
1753301618.787492
1753301618.802174
1753301618.816856
1753301618.836016
1753301618.855177
1753301618.871215
1753301618.887254
1753301618.904557
1753301618.921859
1753301618.935649
1753301618.949440
1753301618.967873
1753301618.986305
1753301619.002934
1753301619.019564
1753301619.038060
1753301619.056556
1753301619.069798
1753301619.083041
1753301619.102412
1753301619.121782
1753301619.138500
1753301619.155218
1753301619.171064
1753301619.186911
1753301619.202508
1753301619.218106
1753301619.236775
1753301619.255445
1753301619.271975
1753301619.288505
1753301619.305252
1753301619.321999
1753301619.337928
1753301619.353856
1753301619.369247
1753301619.384638
1753301619.403356
1753301619.422073
1753301619.438674
1753301619.455276
1753301619.469571
1753301619.483866
1753301619.503014
1753301619.522161
1753301619.538226
1753301619.554290
1753301619.571681
1753301619.589071
1753301619.603915
1753301619.618759
1753301619.637070
1753301619.655382
1753301619.672113
1753301619.688845
1753301619.705131
1753301619.721416
1753301619.736637
1753301619.751858
1753301619.769653
1753301619.787449
1753301619.805445
1753301619.823441
1753301619.839384
1753301619.855326
1753301619.870546
1753301619.885767
1753301619.904263
1753301619.922760
1753301619.938900
1753301619.955040
1753301619.972154
1753301619.989267
1753301620.003733
1753301620.018199
1753301620.036244
1753301620.054290
1753301620.072355
1753301620.090420
1753301620.106529
1753301620.122638
1753301620.136813
1753301620.150988
1753301620.169822
1753301620.188655
1753301620.205526
1753301620.222398
1753301620.239263
1753301620.256128
1753301620.270348
1753301620.284567
1753301620.303197
1753301620.321828
1753301620.339173
1753301620.356518
1753301620.372414
1753301620.388309
1753301620.402794
1753301620.417280
1753301620.436131
1753301620.454983
1753301620.472913
1753301620.490843
1753301620.506665
1753301620.522487
1753301620.537126
1753301620.551765
1753301620.570118
1753301620.588472
1753301620.606119
1753301620.623767
1753301620.639592
1753301620.655417
1753301620.669973
1753301620.684530
1753301620.703544
1753301620.722557
1753301620.738575
1753301620.754594
1753301620.771955
1753301620.789317
1753301620.803546
1753301620.817776
1753301620.836598
1753301620.855421
1753301620.871991
1753301620.888560
1753301620.905203
1753301620.921846
1753301620.936470
1753301620.951093
1753301620.970685
1753301620.990278
1753301621.005746
1753301621.021215
1753301621.039598
1753301621.057980
1753301621.071332
1753301621.084684
1753301621.103344
1753301621.122005
1753301621.139325
1753301621.156645
1753301621.173129
1753301621.189612
1753301621.203809
1753301621.218006
1753301621.236736
1753301621.255466
1753301621.272880
1753301621.290293
1753301621.306215
1753301621.322137
1753301621.337912
1753301621.353687
1753301621.372239
1753301621.390790
1753301621.406595
1753301621.422401
1753301621.439478
1753301621.456555
1753301621.470631
1753301621.484707
1753301621.503558
1753301621.522409
1753301621.538340
1753301621.554270
1753301621.572655
1753301621.591040
1753301621.604675
1753301621.618311
1753301621.636650
1753301621.654988
1753301621.672493
1753301621.689999
1753301621.704823
1753301621.719648
1753301621.735918
1753301621.752188
1753301621.770310
1753301621.788432
1753301621.806449
1753301621.824467
1753301621.840110
1753301621.855753
1753301621.871457
1753301621.887161
1753301621.905471
1753301621.923781
1753301621.940211
1753301621.956641
1753301621.972466
1753301621.988290
1753301622.004999
1753301622.021707
1753301622.039376
1753301622.057045
1753301622.072726
1753301622.088406
1753301622.106339
1753301622.124272
1753301622.138073
1753301622.151874
1753301622.170978
1753301622.190082
1753301622.206292
1753301622.222501
1753301622.239873
1753301622.257245
1753301622.271266
1753301622.285287
1753301622.303824
1753301622.322362
1753301622.340214
1753301622.358066
1753301622.373872
1753301622.389677
1753301622.404093
1753301622.418509
1753301622.436806
1753301622.455103
1753301622.471831
1753301622.488560
1753301622.506627
1753301622.524693
1753301622.538340
1753301622.551987
1753301622.570950
1753301622.589913
1753301622.607059
1753301622.624204
1753301622.640137
1753301622.656071
1753301622.670711
1753301622.685350
1753301622.704355
1753301622.723361
1753301622.740121
1753301622.756882
1753301622.772593
1753301622.788304
1753301622.803453
1753301622.818603
1753301622.838006
1753301622.857409
1753301622.874131
1753301622.890853
1753301622.905468
1753301622.920083
1753301622.937687
1753301622.955291
1753301622.972169
1753301622.989048
1753301623.005714
1753301623.022380
1753301623.040092
1753301623.057803
1753301623.071685
1753301623.085567
1753301623.103983
1753301623.122400
1753301623.139842
1753301623.157283
1753301623.173596
1753301623.189910
1753301623.204418
1753301623.218927
1753301623.237435
1753301623.255943
1753301623.272447
1753301623.288951
1753301623.306493
1753301623.324036
1753301623.338143
1753301623.352251
1753301623.370678
1753301623.389105
1753301623.407199
1753301623.425294
1753301623.440953
1753301623.456612
1753301623.471121
1753301623.485629
1753301623.504047
1753301623.522466
1753301623.539846
1753301623.557227
1753301623.573785
1753301623.590343
1753301623.604739
1753301623.619135
1753301623.637945
1753301623.656756
1753301623.672966
1753301623.689175
1753301623.706065
1753301623.722955
1753301623.738145
1753301623.753336
1753301623.771962
1753301623.790588
1753301623.806114
1753301623.821640
1753301623.838790
1753301623.855941
1753301623.871893
1753301623.887846
1753301623.906144
1753301623.924441
1753301623.940529
1753301623.956617
1753301623.973623
1753301623.990629
1753301624.005254
1753301624.019879
1753301624.038469
1753301624.057059
1753301624.073067
1753301624.089075
1753301624.107223
1753301624.125370
1753301624.139098
1753301624.152826
1753301624.171401
1753301624.189975
1753301624.206406
1753301624.222836
1753301624.240692
1753301624.258548
1753301624.272385
1753301624.286221
1753301624.305043
1753301624.323865
1753301624.340097
1753301624.356330
1753301624.374526
1753301624.392721
1753301624.406075
1753301624.419430
1753301624.438247
1753301624.457064
1753301624.473116
1753301624.489169
1753301624.507033
1753301624.524898
1753301624.538846
1753301624.552795
1753301624.571630
1753301624.590464
1753301624.606615
1753301624.622765
1753301624.640646
1753301624.658526
1753301624.672460
1753301624.686394
1753301624.705045
1753301624.723697
1753301624.740013
1753301624.756329
1753301624.771713
1753301624.787097
1753301624.803797
1753301624.820497
1753301624.839005
1753301624.857513
1753301624.872787
1753301624.888062
1753301624.905516
1753301624.922970
1753301624.937906
1753301624.952842
1753301624.971807
1753301624.990773
1753301625.006841
1753301625.022909
1753301625.041191
1753301625.059472
1753301625.073080
1753301625.086688
1753301625.105227
1753301625.123767
1753301625.140919
1753301625.158071
1753301625.173283
1753301625.188495
1753301625.205637
1753301625.222779
1753301625.240602
1753301625.258424
1753301625.274136
1753301625.289847
1753301625.307424
1753301625.325001
1753301625.339221
1753301625.353440
1753301625.372061
1753301625.390681
1753301625.407869
1753301625.425058
1753301625.441098
1753301625.457139
1753301625.471839
1753301625.486540
1753301625.505269
1753301625.523998
1753301625.539724
1753301625.555450
1753301625.574049
1753301625.592649
1753301625.606501
1753301625.620353
1753301625.638792
1753301625.657231
1753301625.674905
1753301625.692578
1753301625.708311
1753301625.724044
1753301625.738644
1753301625.753243
1753301625.772629
1753301625.792015
1753301625.808262
1753301625.824509
1753301625.840856
1753301625.857203
1753301625.872761
1753301625.888320
1753301625.906484
1753301625.924647
1753301625.941591
1753301625.958535
1753301625.975106
1753301625.991676
1753301626.006747
1753301626.021818
1753301626.040353
1753301626.058888
1753301626.074940
1753301626.090992
1753301626.108160
1753301626.125329
1753301626.142355
1753301626.159381
1753301626.173197
1753301626.187013
1753301626.205537
1753301626.224061
1753301626.240906
1753301626.257751
1753301626.275034
1753301626.292318
1753301626.308263
1753301626.324208
1753301626.340728
1753301626.357247
1753301626.373538
1753301626.389830
1753301626.408215
1753301626.426600
1753301626.442722
1753301626.458844
1753301626.475593
1753301626.492341
1753301626.508018
1753301626.523694
1753301626.539829
1753301626.555963
1753301626.574510
1753301626.593057
1753301626.607510
1753301626.621963
1753301626.640630
1753301626.659297
1753301626.675249
1753301626.691201
1753301626.707275
1753301626.723350
1753301626.740597
1753301626.757844
1753301626.773876
1753301626.789908
1753301626.808259
1753301626.826611
1753301626.842941
1753301626.859270
1753301626.873611
1753301626.887952
1753301626.906434
1753301626.924916
1753301626.940779
1753301626.956642
1753301626.974073
1753301626.991505
1753301627.006213
1753301627.020922
1753301627.039833
1753301627.058744
1753301627.074351
1753301627.089958
1753301627.108365
1753301627.126771
1753301627.140345
1753301627.153919
1753301627.173426
1753301627.192933
1753301627.208603
1753301627.224274
1753301627.242234
1753301627.260193
1753301627.273948
1753301627.287702
1753301627.306569
1753301627.325435
1753301627.341820
1753301627.358206
1753301627.374676
1753301627.391147
1753301627.407047
1753301627.422947
1753301627.441091
1753301627.459234
1753301627.475361
1753301627.491489
1753301627.509036
1753301627.526583
1753301627.541646
1753301627.556709
1753301627.574768
1753301627.592826
1753301627.609036
1753301627.625246
1753301627.641042
1753301627.656839
1753301627.675243
1753301627.693648
1753301627.708289
1753301627.722930
1753301627.740966
1753301627.759002
1753301627.775376
1753301627.791750
1753301627.808063
1753301627.824375
1753301627.841896
1753301627.859417
1753301627.875892
1753301627.892367
1753301627.908625
1753301627.924883
1753301627.942540
1753301627.960197
1753301627.974105
1753301627.988013
1753301628.007133
1753301628.026252
1753301628.043314
1753301628.060376
1753301628.074297
1753301628.088219
1753301628.106951
1753301628.125684
1753301628.141117
1753301628.156550
1753301628.174956
1753301628.193362
1753301628.208149
1753301628.222936
1753301628.241739
1753301628.260542
1753301628.276166
1753301628.291790
1753301628.307113
1753301628.322436
1753301628.341141
1753301628.359846
1753301628.375828
1753301628.391810
1753301628.408877
1753301628.425945
1753301628.443050
1753301628.460156
1753301628.474287
1753301628.488417
1753301628.507301
1753301628.526185
1753301628.541451
1753301628.556718
1753301628.575260
1753301628.593801
1753301628.607746
1753301628.621690
1753301628.640562
1753301628.659434
1753301628.675589
1753301628.691743
1753301628.709194
1753301628.726645
1753301628.740587
1753301628.754529
1753301628.774073
1753301628.793617
1753301628.809591
1753301628.825565
1753301628.842996
1753301628.860427
1753301628.874353
1753301628.888279
1753301628.906790
1753301628.925301
1753301628.943189
1753301628.961077
1753301628.977594
1753301628.994111
1753301629.009066
1753301629.024020
1753301629.040773
1753301629.057526
1753301629.075862
1753301629.094199
1753301629.109965
1753301629.125731
1753301629.142657
1753301629.159583
1753301629.176009
1753301629.192435
1753301629.208322
1753301629.224209
1753301629.242349
1753301629.260488
1753301629.274638
1753301629.288788
1753301629.307771
1753301629.326754
1753301629.343825
1753301629.360896
1753301629.377037
1753301629.393177
1753301629.407757
1753301629.422336
1753301629.441499
1753301629.460661
1753301629.477159
1753301629.493657
1753301629.510387
1753301629.527118
1753301629.541335
1753301629.555551
1753301629.574182
1753301629.592813
1753301629.609980
1753301629.627147
1753301629.642844
1753301629.658541
1753301629.674987
1753301629.691434
1753301629.709208
1753301629.726983
1753301629.742821
1753301629.758659
1753301629.776542
1753301629.794426
1753301629.808347
1753301629.822267
1753301629.840794
1753301629.859320
1753301629.876163
1753301629.893005
1753301629.908805
1753301629.924606
1753301629.942362
1753301629.960118
1753301629.974694
1753301629.989270
1753301630.007767
1753301630.026264
1753301630.043597
1753301630.060929
1753301630.076146
1753301630.091363
1753301630.109860
1753301630.128358
1753301630.144565
1753301630.160772
1753301630.176954
1753301630.193135
1753301630.208930
1753301630.224725
1753301630.243280
1753301630.261835
1753301630.277731
1753301630.293628
1753301630.310988
1753301630.328349
1753301630.343417
1753301630.358485
1753301630.376001
1753301630.393517
1753301630.409793
1753301630.426070
1753301630.443964
1753301630.461857
1753301630.475677
1753301630.489497
1753301630.508451
1753301630.527405
1753301630.543455
1753301630.559504
1753301630.576864
1753301630.594223
1753301630.608284
1753301630.622344
1753301630.640308
1753301630.658272
1753301630.674011
1753301630.689750
1753301630.705622
1753301630.721495
1753301630.738497
1753301630.755500
1753301630.772346
1753301630.789192
1753301630.805808
1753301630.822423
1753301630.838997
1753301630.855571
1753301630.872393
1753301630.889214
1753301630.905865
1753301630.922516
1753301630.939152
1753301630.955788
1753301630.972426
1753301630.989064
1753301631.005828
1753301631.022592
1753301631.039218
1753301631.055844
1753301631.072510
1753301631.089176
1753301631.105798
1753301631.122421
1753301631.138671
1753301631.154921
1753301631.172130
1753301631.189339
1753301631.206010
1753301631.222681
1753301631.239308
1753301631.255936
1753301631.272590
1753301631.289244
1753301631.306739
1753301631.324234
1753301631.342513
1753301631.360792
1753301631.377228
1753301631.393664
1753301631.408818
1753301631.423972
1753301631.442282
1753301631.460593
1753301631.476261
1753301631.491928
1753301631.510472
1753301631.529016
1753301631.542737
1753301631.556457
1753301631.575029
1753301631.593602
1753301631.611267
1753301631.628931
1753301631.644951
1753301631.660971
1753301631.675480
1753301631.689990
1753301631.707478
1753301631.724966
1753301631.742848
1753301631.760730
1753301631.777371
1753301631.794012
1753301631.808473
1753301631.822934
1753301631.842130
1753301631.861327
1753301631.877371
1753301631.893415
1753301631.911134
1753301631.928852
1753301631.942743
1753301631.956633
1753301631.975269
1753301631.993905
1753301632.010000
1753301632.026094
1753301632.044458
1753301632.062823
1753301632.076478
1753301632.090132
1753301632.108458
1753301632.126784
1753301632.144197
1753301632.161609
1753301632.177694
1753301632.193780
1753301632.209847
1753301632.225914
1753301632.244037
1753301632.262160
1753301632.277347
1753301632.292534
1753301632.310720
1753301632.328907
1753301632.344438
1753301632.359969
1753301632.376844
1753301632.393719
1753301632.411667
1753301632.429616
1753301632.445365
1753301632.461114
1753301632.475618
1753301632.490123
1753301632.508904
1753301632.527684
1753301632.543778
1753301632.559873
1753301632.578183
1753301632.596493
1753301632.610114
1753301632.623734
1753301632.642759
1753301632.661785
1753301632.676712
1753301632.691638
1753301632.708582
1753301632.725526
1753301632.740789
1753301632.756052
1753301632.775332
1753301632.794613
1753301632.811083
1753301632.827554
1753301632.844820
1753301632.862087
1753301632.876184
1753301632.890280
1753301632.909364
1753301632.928448
1753301632.944637
1753301632.960826
1753301632.977113
1753301632.993401
1753301633.009773
1753301633.026144
1753301633.044831
1753301633.063517
1753301633.079046
1753301633.094575
1753301633.110887
1753301633.127199
1753301633.143525
1753301633.159851
1753301633.178037
1753301633.196223
1753301633.210452
1753301633.224680
1753301633.243648
1753301633.262615
1753301633.276807
1753301633.290999
1753301633.309406
1753301633.327813
1753301633.344603
1753301633.361393
1753301633.377708
1753301633.394023
1753301633.409021
1753301633.424020
1753301633.442726
1753301633.461431
1753301633.477772
1753301633.494112
1753301633.512033
1753301633.529954
1753301633.543604
1753301633.557254
1753301633.576666
1753301633.596078
1753301633.611737
1753301633.627396
1753301633.645388
1753301633.663380
1753301633.677084
1753301633.690789
1753301633.708774
1753301633.726759
1753301633.744166
1753301633.761574
1753301633.777898
1753301633.794222
1753301633.809990
1753301633.825759
1753301633.844421
1753301633.863084
1753301633.878386
1753301633.893689
1753301633.912041
1753301633.930394
1753301633.944740
1753301633.959086
1753301633.977840
1753301633.996594
1753301634.012438
1753301634.028282
1753301634.044151
1753301634.060020
1753301634.077749
1753301634.095478
1753301634.111308
1753301634.127137
1753301634.144538
1753301634.161940
1753301634.178445
1753301634.194950
1753301634.210013
1753301634.225077
1753301634.243663
1753301634.262250
1753301634.278108
1753301634.293965
1753301634.311164
1753301634.328363
1753301634.343887
1753301634.359411
1753301634.375750
1753301634.392089
1753301634.413108
1753301634.434127
1753301634.446747
1753301634.459366
1753301634.478456
1753301634.497545
1753301634.511021
1753301634.524497
1753301634.544318
1753301634.564139
1753301634.580532
1753301634.596924
1753301634.614053
1753301634.631183
1753301634.646633
1753301634.662083
1753301634.676915
1753301634.691747
1753301634.710984
1753301634.730222
1753301634.745483
1753301634.760745
1753301634.780324
1753301634.799903
1753301634.812428
1753301634.824953
1753301634.844396
1753301634.863838
1753301634.879792
1753301634.895746
1753301634.914782
1753301634.933817
1753301634.946153
1753301634.958490
1753301634.977633
1753301634.996775
1753301635.012784
1753301635.028792
1753301635.046971
1753301635.065150
1753301635.078586
1753301635.092021
1753301635.111443
1753301635.130865
1753301635.147122
1753301635.163380
1753301635.179635
1753301635.195890
1753301635.210675
1753301635.225461
1753301635.244066
1753301635.262672
1753301635.281495
1753301635.300317
1753301635.313197
1753301635.326077
1753301635.344747
1753301635.363416
1753301635.377671
1753301635.391927
1753301635.411830
1753301635.431733
1753301635.446362
1753301635.460992
1753301635.477782
1753301635.494572
1753301635.511106
1753301635.527641
1753301635.546062
1753301635.564484
1753301635.579884
1753301635.595284
1753301635.610049
1753301635.624813
1753301635.644255
1753301635.663696
1753301635.679411
1753301635.695126
1753301635.710350
1753301635.725574
1753301635.741448
1753301635.757323
1753301635.775854
1753301635.794384
1753301635.812736
1753301635.831088
1753301635.846119
1753301635.861151
1753301635.876405
1753301635.891660
1753301635.909434
1753301635.927209
1753301635.945624
1753301635.964040
1753301635.979461
1753301635.994882
1753301636.009583
1753301636.024283
1753301636.042808
1753301636.061332
1753301636.079535
1753301636.097739
1753301636.112625
1753301636.127510
1753301636.142454
1753301636.157398
1753301636.177076
1753301636.196755
1753301636.212638
1753301636.228521
1753301636.246769
1753301636.265017
1753301636.278389
1753301636.291761
1753301636.310070
1753301636.328378
1753301636.345824
1753301636.363270
1753301636.378779
1753301636.394288
1753301636.409729
1753301636.425170
1753301636.443314
1753301636.461458
1753301636.479803
1753301636.498147
1753301636.511719
1753301636.525292
1753301636.541998
1753301636.558704
1753301636.576885
1753301636.595067
1753301636.612378
1753301636.629689
1753301636.645566
1753301636.661443
1753301636.676652
1753301636.691861
1753301636.708978
1753301636.726095
1753301636.744535
1753301636.762976
1753301636.778677
1753301636.794377
1753301636.809756
1753301636.825135
1753301636.843243
1753301636.861350
1753301636.879565
1753301636.897779
1753301636.911927
1753301636.926074
1753301636.942497
1753301636.958920
1753301636.976354
1753301636.993788
1753301637.012335
1753301637.030882
1753301637.045260
1753301637.059639
1753301637.075814
1753301637.091990
1753301637.108762
1753301637.125533
1753301637.143750
1753301637.161967
1753301637.178894
1753301637.195820
1753301637.210682
1753301637.225544
1753301637.242232
1753301637.258920
1753301637.278135
1753301637.297350
1753301637.311710
1753301637.326070
1753301637.342575
1753301637.359080
1753301637.375859
1753301637.392639
1753301637.411391
1753301637.430144
1753301637.444283
1753301637.458423
1753301637.475480
1753301637.492537
1753301637.509166
1753301637.525795
1753301637.544873
1753301637.563952
1753301637.579479
1753301637.595005
1753301637.610409
1753301637.625813
1753301637.643967
1753301637.662121
1753301637.679859
1753301637.697596
1753301637.711830
1753301637.726064
1753301637.742347
1753301637.758631
1753301637.777247
1753301637.795863
1753301637.813955
1753301637.832048
1753301637.847003
1753301637.861957
1753301637.877264
1753301637.892570
1753301637.911113
1753301637.929655
1753301637.947491
1753301637.965327
1753301637.980735
1753301637.996143
1753301638.010679
1753301638.025214
1753301638.045124
1753301638.065034
1753301638.080691
1753301638.096348
1753301638.113582
1753301638.130815
1753301638.145139
1753301638.159463
1753301638.177944
1753301638.196425
1753301638.214076
1753301638.231727
1753301638.247360
1753301638.262993
1753301638.277957
1753301638.292922
1753301638.311193
1753301638.329465
1753301638.347836
1753301638.366207
1753301638.379634
1753301638.393062
1753301638.409685
1753301638.426307
1753301638.444175
1753301638.462044
1753301638.480530
1753301638.499016
1753301638.513885
1753301638.528754
1753301638.544261
1753301638.559769
1753301638.577524
1753301638.595279
1753301638.613357
1753301638.631435
1753301638.647164
1753301638.662894
1753301638.677944
1753301638.692994
1753301638.710975
1753301638.728956
1753301638.747188
1753301638.765420
1753301638.781407
1753301638.797395
1753301638.811883
1753301638.826372
1753301638.845178
1753301638.863984
1753301638.879630
1753301638.895276
1753301638.913671
1753301638.932066
1753301638.946004
1753301638.959942
1753301638.978407
1753301638.996872
1753301639.014193
1753301639.031513
1753301639.048100
1753301639.064687
1753301639.078940
1753301639.093194
1753301639.111701
1753301639.130208
1753301639.146669
1753301639.163131
1753301639.181425
1753301639.199718
1753301639.213102
1753301639.226487
1753301639.244970
1753301639.263453
1753301639.281598
1753301639.299743
1753301639.314424
1753301639.329105
1753301639.344576
1753301639.360047
1753301639.377112
1753301639.394178
1753301639.412761
1753301639.431345
1753301639.447976
1753301639.464607
1753301639.478991
1753301639.493375
1753301639.512194
1753301639.531013
1753301639.548133
1753301639.565254
1753301639.581483
1753301639.597713
1753301639.612300
1753301639.626888
1753301639.645663
1753301639.664438
1753301639.681745
1753301639.699052
1753301639.714187
1753301639.729321
1753301639.744292
1753301639.759262
1753301639.778926
1753301639.798591
1753301639.814682
1753301639.830773
1753301639.848388
1753301639.866003
1753301639.879784
1753301639.893565
1753301639.911839
1753301639.930112
1753301639.948486
1753301639.966861
1753301639.982445
1753301639.998029
1753301640.012579
1753301640.027130
1753301640.045961
1753301640.064793
1753301640.082047
1753301640.099302
1753301640.115179
1753301640.131056
1753301640.145666
1753301640.160276
1753301640.179331
1753301640.198386
1753301640.214579
1753301640.230772
1753301640.248301
1753301640.265830
1753301640.279860
1753301640.293889
1753301640.312797
1753301640.331705
1753301640.348572
1753301640.365438
1753301640.380260
1753301640.395081
1753301640.413450
1753301640.431818
1753301640.446162
1753301640.460507
1753301640.479612
1753301640.498717
1753301640.514811
1753301640.530905
1753301640.545723
1753301640.560541
1753301640.578903
1753301640.597265
1753301640.614896
1753301640.632527
1753301640.647843
1753301640.663159
1753301640.678531
1753301640.693904
1753301640.711495
1753301640.729087
1753301640.747570
1753301640.766052
1753301640.781606
1753301640.797160
1753301640.811692
1753301640.826225
1753301640.844543
1753301640.862860
1753301640.879129
1753301640.895399
1753301640.914130
1753301640.932861
1753301640.946875
1753301640.960888
1753301640.979392
1753301640.997895
1753301641.015162
1753301641.032429
1753301641.049300
1753301641.066172
1753301641.080279
1753301641.094386
1753301641.112790
1753301641.131194
1753301641.147514
1753301641.163834
1753301641.182213
1753301641.200592
1753301641.214057
1753301641.227522
1753301641.245727
1753301641.263932
1753301641.282329
1753301641.300725
1753301641.315155
1753301641.329584
1753301641.345213
1753301641.360843
1753301641.377627
1753301641.394411
1753301641.413068
1753301641.431725
1753301641.447613
1753301641.463502
1753301641.478871
1753301641.494240
1753301641.511952
1753301641.529665
1753301641.548008
1753301641.566351
1753301641.580940
1753301641.595529
1753301641.611513
1753301641.627497
1753301641.645659
1753301641.663821
1753301641.680796
1753301641.697770
1753301641.713797
1753301641.729824
1753301641.745066
1753301641.760307
1753301641.779052
1753301641.797796
1753301641.814629
1753301641.831462
1753301641.848821
1753301641.866180
1753301641.880340
1753301641.894499
1753301641.911421
1753301641.928342
1753301641.947061
1753301641.965780
1753301641.982478
1753301641.999175
1753301642.013600
1753301642.028025
1753301642.046840
1753301642.065655
1753301642.082078
1753301642.098502
1753301642.115666
1753301642.132831
1753301642.147237
1753301642.161643
1753301642.180452
1753301642.199262
1753301642.216345
1753301642.233428
1753301642.249197
1753301642.264967
1753301642.279917
1753301642.294866
1753301642.313476
1753301642.332085
1753301642.349838
1753301642.367592
1753301642.381271
1753301642.394950
1753301642.412288
1753301642.429626
1753301642.446226
1753301642.462826
1753301642.481432
1753301642.500038
1753301642.515820
1753301642.531601
