1753303574.915057
1753303574.964622
1753303575.014187
1753303575.030805
1753303575.047423
1753303575.063977
1753303575.080531
1753303575.098220
1753303575.115910
1753303575.131855
1753303575.147799
1753303575.164990
1753303575.182182
1753303575.199402
1753303575.216622
1753303575.232912
1753303575.249201
1753303575.268929
1753303575.288658
1753303575.302370
1753303575.316081
1753303575.335564
1753303575.355046
1753303575.373506
1753303575.391965
1753303575.409379
1753303575.426792
1753303575.440804
1753303575.454815
1753303575.472949
1753303575.491082
1753303575.508410
1753303575.525737
1753303575.541317
1753303575.556898
1753303575.572223
1753303575.587547
1753303575.607316
1753303575.627086
1753303575.640721
1753303575.654357
1753303575.673449
1753303575.692541
1753303575.706723
1753303575.720906
1753303575.737111
1753303575.753316
1753303575.774399
1753303575.795482
1753303575.807722
1753303575.819962
1753303575.839243
1753303575.858524
1753303575.873031
1753303575.887537
1753303575.908159
1753303575.928782
1753303575.943338
1753303575.957895
1753303575.975859
1753303575.993823
1753303576.012168
1753303576.030513
1753303576.046156
1753303576.061799
1753303576.078845
1753303576.095890
1753303576.112822
1753303576.129754
1753303576.142923
1753303576.156092
1753303576.175653
1753303576.195215
1753303576.207355
1753303576.219494
1753303576.240382
1753303576.261269
1753303576.275826
1753303576.290382
1753303576.309078
1753303576.327774
1753303576.344156
1753303576.360538
1753303576.372340
1753303576.384142
1753303576.399941
1753303576.415740
1753303576.433075
1753303576.450411
1753303576.471103
1753303576.491794
1753303576.503784
1753303576.515773
1753303576.532357
1753303576.548940
1753303576.568919
1753303576.588898
1753303576.602023
1753303576.615147
1753303576.636650
1753303576.658152
1753303576.670064
1753303576.681976
1753303576.699504
1753303576.717033
1753303576.734935
1753303576.752837
1753303576.768336
1753303576.783836
1753303576.799623
1753303576.815411
1753303576.834889
1753303576.854368
1753303576.868413
1753303576.882458
1753303576.903685
1753303576.924911
1753303576.936794
1753303576.948677
1753303576.966991
1753303576.985306
1753303577.005780
1753303577.026255
1753303577.037670
1753303577.049085
1753303577.065516
1753303577.081948
1753303577.100009
1753303577.118070
1753303577.138278
1753303577.158486
1753303577.170488
1753303577.182490
1753303577.198992
1753303577.215494
1753303577.236267
1753303577.257040
1753303577.269837
1753303577.282635
1753303577.302530
1753303577.322425
1753303577.335549
1753303577.348674
1753303577.366620
1753303577.384566
1753303577.405404
1753303577.426241
1753303577.437784
1753303577.449327
1753303577.465834
1753303577.482340
1753303577.502455
1753303577.522570
1753303577.535929
1753303577.549289
1753303577.571533
1753303577.593777
1753303577.604796
1753303577.615815
1753303577.636491
1753303577.657168
1753303577.669809
1753303577.682450
1753303577.702625
1753303577.722800
1753303577.735942
1753303577.749084
1753303577.769023
1753303577.788963
1753303577.805244
1753303577.821526
1753303577.838299
1753303577.855072
1753303577.868824
1753303577.882576
1753303577.904171
1753303577.925765
1753303577.937602
1753303577.949438
1753303577.972928
1753303577.996418
1753303578.006251
1753303578.016084
1753303578.038144
1753303578.060203
1753303578.071680
1753303578.083156
1753303578.104713
1753303578.126271
1753303578.137882
1753303578.149493
1753303578.170340
1753303578.191186
1753303578.203892
1753303578.216598
1753303578.238657
1753303578.260716
1753303578.271750
1753303578.282785
1753303578.303946
1753303578.325108
1753303578.337537
1753303578.349966
1753303578.370978
1753303578.391990
1753303578.404236
1753303578.416482
1753303578.437862
1753303578.459242
1753303578.471188
1753303578.483134
1753303578.506315
1753303578.529497
1753303578.539633
1753303578.549769
1753303578.570819
1753303578.591869
1753303578.604652
1753303578.617435
1753303578.639022
1753303578.660609
1753303578.671753
1753303578.682898
1753303578.703863
1753303578.724828
1753303578.738206
1753303578.751584
1753303578.773105
1753303578.794626
1753303578.805528
1753303578.816430
1753303578.836874
1753303578.857318
1753303578.871053
1753303578.884787
1753303578.906295
1753303578.927803
1753303578.938757
1753303578.949711
1753303578.971611
1753303578.993510
1753303579.005280
1753303579.017049
1753303579.038644
1753303579.060239
1753303579.071730
1753303579.083220
1753303579.102443
1753303579.121666
1753303579.140339
1753303579.159012
1753303579.171876
1753303579.184740
1753303579.202704
1753303579.220668
1753303579.238774
1753303579.256879
1753303579.274626
1753303579.292373
1753303579.305787
1753303579.319200
1753303579.337099
1753303579.354998
1753303579.371342
1753303579.387686
1753303579.408103
1753303579.428520
1753303579.439806
1753303579.451092
1753303579.469701
1753303579.488310
1753303579.504468
1753303579.520626
1753303579.541331
1753303579.562036
1753303579.573220
1753303579.584405
1753303579.605157
1753303579.625909
1753303579.638410
1753303579.650911
1753303579.671340
1753303579.691768
1753303579.706238
1753303579.720708
1753303579.735709
1753303579.750711
1753303579.768980
1753303579.787249
1753303579.804109
1753303579.820968
1753303579.836083
1753303579.851199
1753303579.869100
1753303579.887001
1753303579.904765
1753303579.922529
1753303579.942264
1753303579.961999
1753303579.972911
1753303579.983824
1753303580.005056
1753303580.026289
1753303580.038759
1753303580.051230
1753303580.072773
1753303580.094317
1753303580.107790
1753303580.121263
1753303580.136290
1753303580.151316
1753303580.172619
1753303580.193922
1753303580.207304
1753303580.220685
1753303580.241118
1753303580.261551
1753303580.273115
1753303580.284680
1753303580.305654
1753303580.326628
1753303580.340168
1753303580.353708
1753303580.374175
1753303580.394642
1753303580.406534
1753303580.418425
1753303580.439884
1753303580.461342
1753303580.474524
1753303580.487707
1753303580.508375
1753303580.529044
1753303580.539936
1753303580.550828
1753303580.572547
1753303580.594266
1753303580.607002
1753303580.619738
1753303580.641052
1753303580.662365
1753303580.673243
1753303580.684121
1753303580.703350
1753303580.722579
1753303580.741017
1753303580.759455
1753303580.773649
1753303580.787843
1753303580.803380
1753303580.818916
1753303580.840120
1753303580.861323
1753303580.873139
1753303580.884955
1753303580.906548
1753303580.928141
1753303580.939504
1753303580.950866
1753303580.972878
1753303580.994890
1753303581.006518
1753303581.018146
1753303581.039944
1753303581.061742
1753303581.073038
1753303581.084334
1753303581.106201
1753303581.128069
1753303581.139944
1753303581.151819
1753303581.173908
1753303581.195998
1753303581.206842
1753303581.217687
1753303581.235692
1753303581.253696
1753303581.273000
1753303581.292305
1753303581.307074
1753303581.321843
1753303581.337237
1753303581.352631
1753303581.373660
1753303581.394688
1753303581.407842
1753303581.420996
1753303581.441765
1753303581.462535
1753303581.473566
1753303581.484596
1753303581.507447
1753303581.530298
1753303581.541532
1753303581.552765
1753303581.574193
1753303581.595621
1753303581.606939
1753303581.618256
1753303581.640052
1753303581.661848
1753303581.673674
1753303581.685500
1753303581.704595
1753303581.723690
1753303581.738044
1753303581.752397
1753303581.773376
1753303581.794356
1753303581.808514
1753303581.822672
1753303581.842493
1753303581.862313
1753303581.873766
1753303581.885219
1753303581.907108
1753303581.928996
1753303581.941096
1753303581.953196
1753303581.974995
1753303581.996793
1753303582.007565
1753303582.018338
1753303582.039904
1753303582.061470
1753303582.074615
1753303582.087760
1753303582.108759
1753303582.129759
1753303582.140796
1753303582.151833
1753303582.172704
1753303582.193574
1753303582.207144
1753303582.220714
1753303582.241896
1753303582.263077
1753303582.274075
1753303582.285072
1753303582.307873
1753303582.330675
1753303582.341526
1753303582.352377
1753303582.373939
1753303582.395501
1753303582.406992
1753303582.418484
1753303582.440296
1753303582.462108
1753303582.474543
1753303582.486977
1753303582.506503
1753303582.526029
1753303582.540186
1753303582.554343
1753303582.575106
1753303582.595869
1753303582.608392
1753303582.620915
1753303582.642356
1753303582.663797
1753303582.674384
1753303582.684971
1753303582.705531
1753303582.726091
1753303582.743043
1753303582.759995
1753303582.776353
1753303582.792712
1753303582.806730
1753303582.820748
1753303582.839977
1753303582.859206
1753303582.875858
1753303582.892511
1753303582.909694
1753303582.926878
1753303582.940156
1753303582.953433
1753303582.974498
1753303582.995562
1753303583.008215
1753303583.020868
1753303583.042112
1753303583.063356
1753303583.074522
1753303583.085689
1753303583.107383
1753303583.129077
1753303583.141690
1753303583.154303
1753303583.175269
1753303583.196234
1753303583.207814
1753303583.219394
1753303583.240447
1753303583.261500
1753303583.276089
1753303583.290679
1753303583.309928
1753303583.329177
1753303583.340997
1753303583.352817
1753303583.371801
1753303583.390785
1753303583.409124
1753303583.427463
1753303583.443345
1753303583.459227
1753303583.473524
1753303583.487820
1753303583.508500
1753303583.529179
1753303583.543657
1753303583.558135
1753303583.576172
1753303583.594209
1753303583.607907
1753303583.621605
1753303583.642295
1753303583.662986
1753303583.675869
1753303583.688753
1753303583.707634
1753303583.726515
1753303583.740413
1753303583.754311
1753303583.775094
1753303583.795877
1753303583.810297
1753303583.824716
1753303583.843303
1753303583.861890
1753303583.873837
1753303583.885783
1753303583.907314
1753303583.928846
1753303583.943006
1753303583.957166
1753303583.976048
1753303583.994931
1753303584.007335
1753303584.019739
1753303584.039002
1753303584.058265
1753303584.076443
1753303584.094621
1753303584.109857
1753303584.125092
1753303584.140012
1753303584.154931
1753303584.174858
1753303584.194785
1753303584.209765
1753303584.224745
1753303584.244246
1753303584.263747
1753303584.274911
1753303584.286076
1753303584.307088
1753303584.328101
1753303584.342511
1753303584.356921
1753303584.376508
1753303584.396096
1753303584.407844
1753303584.419591
1753303584.441055
1753303584.462519
1753303584.477040
1753303584.491562
1753303584.510279
1753303584.528997
1753303584.540808
1753303584.552619
1753303584.570863
1753303584.589108
1753303584.604831
1753303584.620553
1753303584.641572
1753303584.662592
1753303584.674336
1753303584.686080
1753303584.704769
1753303584.723458
1753303584.743579
1753303584.763701
1753303584.776263
1753303584.788825
1753303584.809561
1753303584.830296
1753303584.841589
1753303584.852883
1753303584.874104
1753303584.895326
1753303584.908942
1753303584.922559
1753303584.942770
1753303584.962980
1753303584.976866
1753303584.990753
1753303585.005459
1753303585.020166
1753303585.040843
1753303585.061519
1753303585.075245
1753303585.088971
1753303585.109196
1753303585.129421
1753303585.141130
1753303585.152840
1753303585.173380
1753303585.193920
1753303585.209750
1753303585.225581
1753303585.244221
1753303585.262862
1753303585.274708
1753303585.286554
1753303585.307591
1753303585.328628
1753303585.342785
1753303585.356943
1753303585.376080
1753303585.395216
1753303585.408013
1753303585.420810
1753303585.442099
1753303585.463388
1753303585.474945
1753303585.486501
1753303585.508162
1753303585.529822
1753303585.541658
1753303585.553494
1753303585.575133
1753303585.596772
1753303585.610280
1753303585.623788
1753303585.642700
1753303585.661611
1753303585.674426
1753303585.687240
1753303585.705472
1753303585.723704
1753303585.743918
1753303585.764132
1753303585.777905
1753303585.791677
1753303585.806845
1753303585.822013
1753303585.841975
1753303585.861937
1753303585.876070
1753303585.890203
1753303585.909513
1753303585.928822
1753303585.941633
1753303585.954444
1753303585.975411
1753303585.996378
1753303586.010433
1753303586.024488
1753303586.043514
1753303586.062541
1753303586.075469
1753303586.088397
1753303586.109142
1753303586.129887
1753303586.143548
1753303586.157209
1753303586.175293
1753303586.193378
1753303586.208907
1753303586.224436
1753303586.242899
1753303586.261362
1753303586.278579
1753303586.295795
1753303586.311507
1753303586.327218
1753303586.342785
1753303586.358353
1753303586.376338
1753303586.394324
1753303586.411923
1753303586.429522
1753303586.445342
1753303586.461162
1753303586.476171
1753303586.491180
1753303586.510307
1753303586.529434
1753303586.544597
1753303586.559760
1753303586.578151
1753303586.596541
1753303586.609005
1753303586.621469
1753303586.642257
1753303586.663046
1753303586.677949
1753303586.692852
1753303586.709011
1753303586.725170
1753303586.741624
1753303586.758078
1753303586.776321
1753303586.794564
1753303586.812287
1753303586.830011
1753303586.844224
1753303586.858438
1753303586.875938
1753303586.893438
1753303586.909302
1753303586.925166
1753303586.944465
1753303586.963765
1753303586.978797
1753303586.993830
1753303587.009211
1753303587.024591
1753303587.040720
1753303587.056849
1753303587.076565
1753303587.096280
1753303587.110679
1753303587.125078
1753303587.139943
1753303587.154807
1753303587.175966
1753303587.197125
1753303587.210557
1753303587.223989
1753303587.244066
1753303587.264143
1753303587.275629
1753303587.287115
1753303587.307343
1753303587.327572
1753303587.344659
1753303587.361745
1753303587.377856
1753303587.393967
1753303587.407283
1753303587.420599
1753303587.441612
1753303587.462626
1753303587.477926
1753303587.493225
1753303587.510960
1753303587.528695
1753303587.541201
1753303587.553707
1753303587.573421
1753303587.593136
1753303587.611386
1753303587.629635
1753303587.644623
1753303587.659610
1753303587.673615
1753303587.687619
1753303587.706387
1753303587.725155
1753303587.744303
1753303587.763450
1753303587.778349
1753303587.793249
1753303587.807474
1753303587.821699
1753303587.842401
1753303587.863103
1753303587.876862
1753303587.890620
1753303587.909773
1753303587.928927
1753303587.941786
1753303587.954645
1753303587.975444
1753303587.996243
1753303588.011050
1753303588.025856
1753303588.044775
1753303588.063694
1753303588.075665
1753303588.087635
1753303588.109100
1753303588.130566
1753303588.144480
1753303588.158395
1753303588.177551
1753303588.196706
1753303588.208927
1753303588.221147
1753303588.242376
1753303588.263605
1753303588.278180
1753303588.292754
1753303588.311187
1753303588.329620
1753303588.342488
1753303588.355357
1753303588.375698
1753303588.396038
1753303588.411473
1753303588.426908
1753303588.444955
1753303588.463002
1753303588.476066
1753303588.489130
1753303588.509589
1753303588.530048
1753303588.545439
1753303588.560830
1753303588.578557
1753303588.596283
1753303588.609365
1753303588.622447
1753303588.642815
1753303588.663183
1753303588.677974
1753303588.692764
1753303588.710084
1753303588.727405
1753303588.742179
1753303588.756953
1753303588.777171
1753303588.797389
1753303588.810665
1753303588.823941
1753303588.843310
1753303588.862679
1753303588.875307
1753303588.887934
1753303588.908906
1753303588.929879
1753303588.942792
1753303588.955705
1753303588.974406
1753303588.993107
1753303589.007240
1753303589.021372
1753303589.042178
1753303589.062984
1753303589.078532
1753303589.094080
1753303589.111833
1753303589.129585
1753303589.142555
1753303589.155526
1753303589.175978
1753303589.196431
1753303589.211308
1753303589.226186
1753303589.246001
1753303589.265815
1753303589.277050
1753303589.288286
1753303589.309302
1753303589.330319
1753303589.345265
1753303589.360211
1753303589.378441
1753303589.396671
1753303589.409737
1753303589.422803
1753303589.443181
1753303589.463559
1753303589.479115
1753303589.494672
1753303589.512293
1753303589.529914
1753303589.543040
1753303589.556167
1753303589.575542
1753303589.594918
1753303589.612332
1753303589.629747
1753303589.646555
1753303589.663363
1753303589.676680
1753303589.689996
1753303589.708418
1753303589.726841
1753303589.745049
1753303589.763257
1753303589.779501
1753303589.795746
1753303589.810644
1753303589.825542
1753303589.841826
1753303589.858110
1753303589.873870
1753303589.889631
1753303589.907948
1753303589.926264
1753303589.941790
1753303589.957316
1753303589.977128
1753303589.996940
1753303590.012465
1753303590.027991
1753303590.045703
1753303590.063416
1753303590.078256
1753303590.093096
1753303590.111198
1753303590.129300
1753303590.145198
1753303590.161096
1753303590.178500
1753303590.195904
1753303590.211203
1753303590.226502
1753303590.243912
1753303590.261323
1753303590.278874
1753303590.296425
1753303590.312756
1753303590.329086
1753303590.344145
1753303590.359203
1753303590.377316
1753303590.395430
1753303590.412010
1753303590.428589
1753303590.445946
1753303590.463302
1753303590.478329
1753303590.493356
1753303590.511451
1753303590.529546
1753303590.546935
1753303590.564323
1753303590.579896
1753303590.595469
1753303590.611016
1753303590.626562
1753303590.644718
1753303590.662874
1753303590.679121
1753303590.695368
1753303590.710988
1753303590.726608
1753303590.744895
1753303590.763183
1753303590.778507
1753303590.793830
1753303590.811961
1753303590.830092
1753303590.846040
1753303590.861988
1753303590.877484
1753303590.892980
1753303590.911161
1753303590.929343
1753303590.945003
1753303590.960663
1753303590.979330
1753303590.997997
1753303591.010247
1753303591.022497
1753303591.043285
1753303591.064074
1753303591.077163
1753303591.090252
1753303591.109436
1753303591.128620
1753303591.142402
1753303591.156185
1753303591.174859
1753303591.193533
1753303591.209906
1753303591.226279
1753303591.242538
1753303591.258797
1753303591.275703
1753303591.292610
1753303591.311316
1753303591.330022
1753303591.346009
1753303591.361995
1753303591.379629
1753303591.397263
1753303591.410250
1753303591.423237
1753303591.443280
1753303591.463323
1753303591.479448
1753303591.495572
1753303591.511877
1753303591.528182
1753303591.542721
1753303591.557260
1753303591.576192
1753303591.595124
1753303591.612576
1753303591.630029
1753303591.646855
1753303591.663682
1753303591.676805
1753303591.689927
1753303591.707981
1753303591.726034
1753303591.744733
1753303591.763432
1753303591.779488
1753303591.795544
1753303591.809290
1753303591.823037
1753303591.842871
1753303591.862706
1753303591.879041
1753303591.895376
1753303591.911775
1753303591.928173
1753303591.944131
1753303591.960089
1753303591.979223
1753303591.998358
1753303592.014213
1753303592.030067
1753303592.046350
1753303592.062633
1753303592.077403
1753303592.092173
1753303592.111019
1753303592.129864
1753303592.145928
1753303592.161993
1753303592.179543
1753303592.197092
1753303592.211969
1753303592.226847
1753303592.245629
1753303592.264412
1753303592.280582
1753303592.296753
1753303592.313867
1753303592.330980
1753303592.346051
1753303592.361122
1753303592.378551
1753303592.395980
1753303592.412318
1753303592.428656
1753303592.446158
1753303592.463661
1753303592.478923
1753303592.494186
1753303592.512100
1753303592.530015
1753303592.546329
1753303592.562642
1753303592.580025
1753303592.597407
1753303592.612746
1753303592.628084
1753303592.644830
1753303592.661576
1753303592.677480
1753303592.693384
1753303592.711151
1753303592.728918
1753303592.744646
1753303592.760373
1753303592.778373
1753303592.796372
1753303592.813354
1753303592.830337
1753303592.846787
1753303592.863238
1753303592.878537
1753303592.893835
1753303592.911761
1753303592.929687
1753303592.946123
1753303592.962558
1753303592.978956
1753303592.995355
1753303593.010684
1753303593.026014
1753303593.045422
1753303593.064830
1753303593.080476
1753303593.096122
1753303593.112484
1753303593.128845
1753303593.146190
1753303593.163535
1753303593.176928
1753303593.190321
1753303593.209423
1753303593.228525
1753303593.246514
1753303593.264503
1753303593.280077
1753303593.295650
1753303593.312093
1753303593.328537
1753303593.344626
1753303593.360715
1753303593.378701
1753303593.396688
1753303593.413867
1753303593.431046
1753303593.447362
1753303593.463678
1753303593.477896
1753303593.492114
1753303593.511239
1753303593.530364
1753303593.547440
1753303593.564515
1753303593.580857
1753303593.597198
1753303593.610646
1753303593.624094
1753303593.643301
1753303593.662509
1753303593.678416
1753303593.694322
1753303593.711898
1753303593.729474
1753303593.745022
1753303593.760569
1753303593.778808
1753303593.797047
1753303593.813240
1753303593.829432
1753303593.845551
1753303593.861671
1753303593.878424
1753303593.895177
1753303593.911098
1753303593.927020
1753303593.946244
1753303593.965469
1753303593.982275
1753303593.999081
1753303594.012877
1753303594.026674
1753303594.046718
1753303594.066762
1753303594.081412
1753303594.096062
1753303594.112926
1753303594.129789
1753303594.146125
1753303594.162460
1753303594.179748
1753303594.197036
1753303594.213677
1753303594.230318
1753303594.246832
1753303594.263347
1753303594.279350
1753303594.295354
1753303594.312776
1753303594.330197
1753303594.347302
1753303594.364408
1753303594.381207
1753303594.398006
1753303594.413422
1753303594.428838
1753303594.446372
1753303594.463906
1753303594.480986
1753303594.498065
1753303594.514522
1753303594.530979
1753303594.546470
1753303594.561961
1753303594.579164
1753303594.596366
1753303594.613026
1753303594.629686
1753303594.645925
1753303594.662163
1753303594.676677
1753303594.691192
1753303594.709173
1753303594.727155
1753303594.745811
1753303594.764467
1753303594.781247
1753303594.798026
1753303594.811981
1753303594.825936
1753303594.845354
1753303594.864772
1753303594.881141
1753303594.897509
1753303594.914896
1753303594.932284
1753303594.945090
1753303594.957896
1753303594.977421
1753303594.996946
1753303595.014319
1753303595.031692
1753303595.048435
1753303595.065178
1753303595.078300
1753303595.091422
1753303595.111247
1753303595.131072
1753303595.146600
1753303595.162128
1753303595.179206
1753303595.196285
1753303595.212041
1753303595.227797
1753303595.245484
1753303595.263172
1753303595.280520
1753303595.297869
1753303595.314577
1753303595.331284
1753303595.345144
1753303595.359004
1753303595.378804
1753303595.398604
1753303595.414738
1753303595.430872
1753303595.447861
1753303595.464851
1753303595.480166
1753303595.495482
1753303595.513896
1753303595.532310
1753303595.548389
1753303595.564469
1753303595.581509
1753303595.598549
1753303595.613682
1753303595.628816
1753303595.646578
1753303595.664340
1753303595.680619
1753303595.696897
1753303595.711653
1753303595.726408
1753303595.745497
1753303595.764586
1753303595.780373
1753303595.796159
1753303595.812830
1753303595.829501
1753303595.845706
1753303595.861912
1753303595.879570
1753303595.897229
1753303595.914245
1753303595.931261
1753303595.948217
1753303595.965174
1753303595.982429
1753303595.999684
1753303596.014058
1753303596.028432
1753303596.047923
1753303596.067413
1753303596.082170
1753303596.096928
1753303596.114295
1753303596.131662
1753303596.146731
1753303596.161801
1753303596.179900
1753303596.197998
1753303596.215510
1753303596.233022
1753303596.248163
1753303596.263305
1753303596.279557
1753303596.295810
1753303596.313500
1753303596.331190
1753303596.347591
1753303596.363992
1753303596.380982
1753303596.397973
1753303596.413518
1753303596.429064
1753303596.447045
1753303596.465026
1753303596.482376
1753303596.499726
1753303596.515190
1753303596.530653
1753303596.546691
1753303596.562730
1753303596.580240
1753303596.597751
1753303596.614635
1753303596.631519
1753303596.648679
1753303596.665840
1753303596.680419
1753303596.694999
1753303596.711238
1753303596.727478
1753303596.746138
1753303596.764797
1753303596.782311
1753303596.799826
1753303596.812933
1753303596.826041
1753303596.846174
1753303596.866308
1753303596.881613
1753303596.896919
1753303596.914722
1753303596.932526
1753303596.945720
1753303596.958914
1753303596.978974
1753303596.999034
1753303597.014839
1753303597.030645
1753303597.047935
1753303597.065224
1753303597.078908
1753303597.092593
1753303597.111301
1753303597.130009
1753303597.146990
1753303597.163971
1753303597.181706
1753303597.199442
1753303597.212420
1753303597.225399
1753303597.245415
1753303597.265431
1753303597.282926
1753303597.300421
1753303597.315507
1753303597.330594
1753303597.346197
1753303597.361799
1753303597.379732
1753303597.397664
1753303597.414946
1753303597.432228
1753303597.449510
1753303597.466791
1753303597.480564
1753303597.494337
1753303597.514359
1753303597.534382
1753303597.549083
1753303597.563784
1753303597.580967
1753303597.598151
1753303597.612072
1753303597.625992
1753303597.645210
1753303597.664427
1753303597.680801
1753303597.697175
1753303597.712057
1753303597.726939
1753303597.744652
1753303597.762365
1753303597.779735
1753303597.797104
1753303597.813993
1753303597.830883
1753303597.847373
1753303597.863862
1753303597.879816
1753303597.895769
1753303597.914655
1753303597.933541
1753303597.949112
1753303597.964684
1753303597.982423
1753303598.000162
1753303598.013195
1753303598.026227
1753303598.046187
1753303598.066147
1753303598.082449
1753303598.098751
1753303598.114887
1753303598.131024
1753303598.146808
1753303598.162593
1753303598.180102
1753303598.197611
1753303598.214727
1753303598.231844
1753303598.248894
1753303598.265944
1753303598.280103
1753303598.294263
1753303598.314099
1753303598.333935
1753303598.348323
1753303598.362712
1753303598.380451
1753303598.398190
1753303598.413461
1753303598.428732
1753303598.446587
1753303598.464441
1753303598.481739
1753303598.499037
1753303598.514841
1753303598.530644
1753303598.546817
1753303598.562990
1753303598.580369
1753303598.597749
1753303598.614982
1753303598.632214
1753303598.648692
1753303598.665169
1753303598.680496
1753303598.695822
1753303598.713618
1753303598.731414
1753303598.748590
1753303598.765765
1753303598.782694
1753303598.799624
1753303598.814472
1753303598.829321
1753303598.847198
1753303598.865074
1753303598.882455
1753303598.899837
1753303598.915137
1753303598.930437
1753303598.946537
1753303598.962636
1753303598.981321
1753303599.000006
1753303599.016159
1753303599.032311
1753303599.049302
1753303599.066292
1753303599.080091
1753303599.093889
1753303599.112803
1753303599.131716
1753303599.148059
1753303599.164402
1753303599.182879
1753303599.201356
1753303599.214165
1753303599.226974
1753303599.245534
1753303599.264094
1753303599.281933
1753303599.299771
1753303599.317233
1753303599.334695
1753303599.348295
1753303599.361895
1753303599.380229
1753303599.398562
1753303599.415842
1753303599.433121
1753303599.449111
1753303599.465102
1753303599.480339
1753303599.495576
1753303599.514906
1753303599.534237
1753303599.550654
1753303599.567072
1753303599.582397
1753303599.597723
1753303599.613610
1753303599.629496
1753303599.649722
1753303599.669948
1753303599.682658
1753303599.695367
1753303599.711595
1753303599.727823
1753303599.746339
1753303599.764855
1753303599.782015
1753303599.799176
1753303599.816287
1753303599.833398
1753303599.847557
1753303599.861716
1753303599.879290
1753303599.896864
1753303599.914085
1753303599.931307
1753303599.947464
1753303599.963622
1753303599.981890
1753303600.000158
1753303600.014940
1753303600.029722
1753303600.050116
1753303600.070509
1753303600.084251
1753303600.097993
1753303600.114646
1753303600.131300
1753303600.148444
1753303600.165588
1753303600.182752
1753303600.199916
1753303600.216166
1753303600.232417
1753303600.247995
1753303600.263573
1753303600.282281
1753303600.300989
1753303600.315475
1753303600.329960
1753303600.347111
1753303600.364261
1753303600.382090
1753303600.399918
1753303600.415112
1753303600.430307
1753303600.447187
1753303600.464067
1753303600.484380
1753303600.504693
1753303600.517609
1753303600.530524
1753303600.548030
1753303600.565537
1753303600.582994
1753303600.600452
1753303600.617208
1753303600.633965
1753303600.649832
1753303600.665700
1753303600.681415
1753303600.697130
1753303600.714521
1753303600.731912
1753303600.748883
1753303600.765854
1753303600.783404
1753303600.800955
1753303600.815602
1753303600.830249
1753303600.849477
1753303600.868705
1753303600.884204
1753303600.899704
1753303600.917475
1753303600.935245
1753303600.948915
1753303600.962585
1753303600.981222
1753303600.999859
1753303601.018381
1753303601.036903
1753303601.050709
1753303601.064515
1753303601.080721
1753303601.096927
1753303601.114296
1753303601.131666
1753303601.150361
1753303601.169055
1753303601.185118
1753303601.201182
1753303601.214534
1753303601.227887
1753303601.246242
1753303601.264596
1753303601.283258
1753303601.301921
1753303601.318320
1753303601.334720
1753303601.347896
1753303601.361071
1753303601.379879
1753303601.398686
1753303601.416629
1753303601.434572
1753303601.449965
1753303601.465359
1753303601.485024
1753303601.504689
1753303601.516066
1753303601.527443
1753303601.549798
1753303601.572152
1753303601.584822
1753303601.597493
1753303601.615831
1753303601.634169
1753303601.651331
1753303601.668493
1753303601.681484
1753303601.694476
1753303601.712594
1753303601.730712
1753303601.748592
1753303601.766472
1753303601.783131
1753303601.799789
1753303601.815392
1753303601.830996
1753303601.849288
1753303601.867579
1753303601.884643
1753303601.901706
1753303601.917386
1753303601.933065
1753303601.948739
1753303601.964412
1753303601.982781
1753303602.001150
1753303602.019245
1753303602.037340
1753303602.051081
1753303602.064823
1753303602.081020
1753303602.097217
1753303602.114581
1753303602.131944
1753303602.149992
1753303602.168040
1753303602.183849
1753303602.199658
1753303602.216391
1753303602.233124
1753303602.249377
1753303602.265629
1753303602.284229
1753303602.302828
1753303602.317568
1753303602.332308
1753303602.349836
1753303602.367364
1753303602.383315
1753303602.399265
1753303602.417665
1753303602.436065
1753303602.450528
1753303602.464991
1753303602.482870
1753303602.500749
1753303602.516562
1753303602.532374
1753303602.552548
1753303602.572722
1753303602.585352
1753303602.597983
1753303602.616265
1753303602.634547
1753303602.649645
1753303602.664743
1753303602.681960
1753303602.699177
1753303602.716042
1753303602.732907
1753303602.749652
1753303602.766397
1753303602.783674
1753303602.800952
1753303602.819196
1753303602.837441
1753303602.851410
1753303602.865379
1753303602.881894
1753303602.898409
1753303602.916018
1753303602.933627
1753303602.951689
1753303602.969751
1753303602.983906
1753303602.998061
1753303603.014614
1753303603.031167
1753303603.048517
1753303603.065866
1753303603.084430
1753303603.102995
1753303603.116745
1753303603.130496
1753303603.148529
1753303603.166561
1753303603.181861
1753303603.197162
1753303603.216289
1753303603.235416
1753303603.251024
1753303603.266632
1753303603.282515
1753303603.298398
1753303603.318254
1753303603.338110
1753303603.351298
1753303603.364487
1753303603.383160
1753303603.401833
1753303603.415261
1753303603.428689
1753303603.450811
1753303603.472933
1753303603.485181
1753303603.497429
1753303603.516324
1753303603.535218
1753303603.548584
1753303603.561951
1753303603.582264
1753303603.602578
1753303603.617575
1753303603.632572
1753303603.651348
1753303603.670123
1753303603.682694
1753303603.695265
1753303603.714026
1753303603.732787
1753303603.752054
1753303603.771321
1753303603.784995
1753303603.798668
1753303603.815109
1753303603.831550
1753303603.848511
1753303603.865473
1753303603.884161
1753303603.902849
1753303603.917202
1753303603.931555
1753303603.950348
1753303603.969141
1753303603.983842
1753303603.998544
1753303604.017249
1753303604.035953
1753303604.051182
1753303604.066410
1753303604.082139
1753303604.097869
1753303604.115554
1753303604.133239
1753303604.152108
1753303604.170977
1753303604.184526
1753303604.198075
1753303604.216160
1753303604.234245
1753303604.251291
1753303604.268336
1753303604.286997
1753303604.305658
1753303604.318713
1753303604.331768
1753303604.348524
1753303604.365280
1753303604.383497
1753303604.401715
1753303604.417938
1753303604.434162
1753303604.449042
1753303604.463923
1753303604.481054
1753303604.498185
1753303604.516512
1753303604.534839
1753303604.554006
1753303604.573172
1753303604.585558
1753303604.597945
1753303604.615072
1753303604.632200
1753303604.650621
1753303604.669042
1753303604.684773
1753303604.700505
1753303604.716104
1753303604.731703
1753303604.747093
1753303604.762483
1753303604.786146
1753303604.809810
1753303604.820150
1753303604.830490
1753303604.849236
1753303604.867982
1753303604.882036
1753303604.896090
1753303604.914952
1753303604.933814
1753303604.954432
1753303604.975051
1753303604.986347
1753303604.997644
1753303605.014599
1753303605.031554
1753303605.051934
1753303605.072314
1753303605.085346
1753303605.098378
1753303605.116455
1753303605.134532
1753303605.149311
1753303605.164090
1753303605.182566
1753303605.201043
1753303605.220747
1753303605.240451
1753303605.252506
1753303605.264560
1753303605.282208
1753303605.299857
1753303605.319301
1753303605.338745
1753303605.352082
1753303605.365419
1753303605.386016
1753303605.406613
1753303605.418138
1753303605.429662
1753303605.450640
1753303605.471618
1753303605.486298
1753303605.500977
1753303605.521339
1753303605.541701
1753303605.552234
1753303605.562766
1753303605.586216
1753303605.609666
1753303605.620384
1753303605.631101
1753303605.651267
1753303605.671432
1753303605.684042
1753303605.696652
1753303605.713600
1753303605.730548
1753303605.750968
1753303605.771389
1753303605.785213
1753303605.799038
1753303605.816434
1753303605.833830
1753303605.849781
1753303605.865732
1753303605.885021
1753303605.904311
1753303605.918183
1753303605.932056
1753303605.949207
1753303605.966359
1753303605.984334
1753303606.002309
1753303606.022090
1753303606.041872
1753303606.053282
1753303606.064692
1753303606.081612
1753303606.098531
1753303606.116202
1753303606.133874
1753303606.154519
1753303606.175163
1753303606.186111
1753303606.197060
1753303606.217642
1753303606.238224
1753303606.251301
1753303606.264377
1753303606.286230
1753303606.308082
1753303606.319285
1753303606.330489
1753303606.351551
1753303606.372613
1753303606.384996
1753303606.397380
1753303606.419023
1753303606.440666
1753303606.452911
1753303606.465156
1753303606.482099
1753303606.499041
1753303606.518847
1753303606.538654
1753303606.552238
1753303606.565821
1753303606.586241
1753303606.606662
1753303606.618636
1753303606.630609
1753303606.652256
1753303606.673903
1753303606.685591
1753303606.697278
1753303606.715557
1753303606.733835
1753303606.751552
1753303606.769268
1753303606.786043
1753303606.802818
1753303606.820786
1753303606.838755
1753303606.852652
1753303606.866548
1753303606.883904
1753303606.901259
1753303606.919276
1753303606.937293
1753303606.951635
1753303606.965978
1753303606.986814
1753303607.007651
1753303607.019256
1753303607.030860
1753303607.052691
1753303607.074523
1753303607.086329
1753303607.098136
1753303607.117265
1753303607.136393
1753303607.150278
1753303607.164162
1753303607.183039
1753303607.201916
1753303607.220245
1753303607.238574
1753303607.252298
1753303607.266023
1753303607.282901
1753303607.299780
1753303607.320129
1753303607.340478
1753303607.352652
1753303607.364826
1753303607.387187
1753303607.409548
1753303607.420143
1753303607.430738
1753303607.453746
1753303607.476754
1753303607.487501
1753303607.498248
1753303607.518133
1753303607.538018
1753303607.551054
1753303607.564089
1753303607.583163
1753303607.602237
1753303607.621565
1753303607.640894
1753303607.652855
1753303607.664817
1753303607.681070
1753303607.697323
1753303607.716022
1753303607.734722
1753303607.755097
1753303607.775473
1753303607.786972
1753303607.798470
1753303607.815997
1753303607.833524
1753303607.852054
1753303607.870584
1753303607.886753
1753303607.902921
1753303607.919130
1753303607.935340
1753303607.950813
1753303607.966286
1753303607.984974
1753303608.003662
1753303608.021928
1753303608.040193
1753303608.053084
1753303608.065976
1753303608.083524
1753303608.101072
1753303608.117814
1753303608.134555
1753303608.155269
1753303608.175982
1753303608.187226
1753303608.198470
1753303608.217367
1753303608.236263
1753303608.252315
1753303608.268366
1753303608.289250
1753303608.310134
1753303608.320930
1753303608.331727
1753303608.351946
1753303608.372166
1753303608.385320
1753303608.398474
1753303608.420799
1753303608.443125
1753303608.454196
1753303608.465268
1753303608.485083
1753303608.504898
1753303608.518258
1753303608.531618
1753303608.553458
1753303608.575297
1753303608.587173
1753303608.599050
1753303608.617755
1753303608.636460
1753303608.651731
1753303608.667001
1753303608.685879
1753303608.704756
1753303608.719915
1753303608.735075
1753303608.752041
1753303608.769007
1753303608.786822
1753303608.804638
1753303608.819645
1753303608.834653
1753303608.854263
1753303608.873873
1753303608.885964
1753303608.898056
1753303608.921469
1753303608.944882
1753303608.954837
1753303608.964792
1753303608.984804
1753303609.004816
1753303609.018263
1753303609.031710
1753303609.053118
1753303609.074527
1753303609.086536
1753303609.098546
1753303609.116498
1753303609.134451
1753303609.148933
1753303609.163415
1753303609.182276
1753303609.201136
1753303609.222167
1753303609.243198
1753303609.254252
1753303609.265307
1753303609.286403
1753303609.307500
1753303609.319537
1753303609.331575
1753303609.351048
1753303609.370521
1753303609.385352
1753303609.400183
1753303609.417039
1753303609.433895
1753303609.454172
1753303609.474448
1753303609.487559
1753303609.500671
1753303609.521672
1753303609.542674
1753303609.553711
1753303609.564749
1753303609.583784
1753303609.602818
1753303609.618390
1753303609.633962
1753303609.651244
1753303609.668527
1753303609.682803
1753303609.697080
1753303609.715848
1753303609.734616
1753303609.755176
1753303609.775735
1753303609.787211
1753303609.798687
1753303609.818273
1753303609.837859
1753303609.851495
1753303609.865131
1753303609.886521
1753303609.907912
1753303609.920799
1753303609.933686
1753303609.954863
1753303609.976039
1753303609.987679
1753303609.999318
1753303610.019522
1753303610.039726
1753303610.052753
1753303610.065780
1753303610.086822
1753303610.107863
1753303610.121933
1753303610.136002
1753303610.152288
1753303610.168574
1753303610.185811
1753303610.203047
1753303610.223649
1753303610.244251
1753303610.255072
1753303610.265892
1753303610.287972
1753303610.310053
1753303610.321145
1753303610.332237
1753303610.353178
1753303610.374119
1753303610.389363
1753303610.404606
1753303610.418558
1753303610.432509
1753303610.453772
1753303610.475035
1753303610.488076
1753303610.501117
1753303610.521901
1753303610.542684
1753303610.554222
1753303610.565759
1753303610.588523
1753303610.611288
1753303610.621704
1753303610.632120
1753303610.654025
1753303610.675930
1753303610.687536
1753303610.699141
1753303610.717118
1753303610.735094
1753303610.756202
1753303610.777309
1753303610.788392
1753303610.799474
1753303610.820117
1753303610.840760
1753303610.853293
1753303610.865826
1753303610.883340
1753303610.900855
1753303610.917588
1753303610.934320
1753303610.951675
1753303610.969030
1753303610.987117
1753303611.005204
1753303611.022004
1753303611.038803
1753303611.056123
1753303611.073443
1753303611.086380
1753303611.099317
1753303611.119772
1753303611.140227
1753303611.157074
1753303611.173922
1753303611.187060
1753303611.200199
1753303611.219898
1753303611.239597
1753303611.252769
1753303611.265941
1753303611.288265
1753303611.310589
1753303611.321651
1753303611.332713
1753303611.352950
1753303611.373187
1753303611.386317
1753303611.399446
1753303611.420587
1753303611.441728
1753303611.455492
1753303611.469256
1753303611.485746
1753303611.502237
1753303611.521034
1753303611.539831
1753303611.556790
1753303611.573749
1753303611.590674
1753303611.607599
1753303611.619897
1753303611.632196
1753303611.653758
1753303611.675320
1753303611.687840
1753303611.700360
1753303611.718765
1753303611.737170
1753303611.751798
1753303611.766426
1753303611.787411
1753303611.808396
1753303611.822230
1753303611.836064
1753303611.855290
1753303611.874517
1753303611.887051
1753303611.899584
1753303611.922637
1753303611.945690
1753303611.955964
1753303611.966238
1753303611.989098
1753303612.011958
1753303612.022453
1753303612.032948
1753303612.054281
1753303612.075615
1753303612.088929
1753303612.102244
1753303612.121983
1753303612.141722
1753303612.154132
1753303612.166543
1753303612.186224
1753303612.205904
1753303612.223259
1753303612.240615
1753303612.258656
1753303612.276696
1753303612.288341
1753303612.299986
1753303612.321554
1753303612.343122
1753303612.356268
1753303612.369414
1753303612.390707
1753303612.411999
1753303612.422532
1753303612.433065
1753303612.456071
1753303612.479077
1753303612.489522
1753303612.499968
1753303612.521142
1753303612.542317
1753303612.554595
1753303612.566874
1753303612.589866
1753303612.612857
1753303612.622745
1753303612.632633
1753303612.654635
1753303612.676638
1753303612.688581
1753303612.700525
1753303612.719109
1753303612.737693
1753303612.757906
1753303612.778120
1753303612.789661
1753303612.801202
1753303612.822430
1753303612.843657
1753303612.855436
1753303612.867215
1753303612.887859
1753303612.908504
1753303612.924971
1753303612.941437
1753303612.954411
1753303612.967385
1753303612.987911
1753303613.008437
1753303613.022611
1753303613.036785
1753303613.057674
1753303613.078564
1753303613.089263
1753303613.099963
1753303613.121239
1753303613.142516
1753303613.157052
1753303613.171587
1753303613.188942
1753303613.206297
1753303613.220105
1753303613.233914
1753303613.256813
1753303613.279711
1753303613.290259
1753303613.300807
1753303613.323059
1753303613.345310
1753303613.356066
1753303613.366822
1753303613.389281
1753303613.411740
1753303613.422960
1753303613.434179
1753303613.455430
1753303613.476680
1753303613.488522
1753303613.500364
1753303613.522080
1753303613.543797
1753303613.556803
1753303613.569810
1753303613.590943
1753303613.612077
1753303613.622313
1753303613.632548
1753303613.655999
1753303613.679449
1753303613.690133
1753303613.700816
1753303613.719301
1753303613.737785
1753303613.752467
1753303613.767148
1753303613.788846
1753303613.810544
1753303613.822302
1753303613.834060
1753303613.853647
1753303613.873233
1753303613.887290
1753303613.901347
1753303613.922848
1753303613.944348
1753303613.956167
1753303613.967986
1753303613.989251
1753303614.010516
1753303614.022669
1753303614.034823
1753303614.056113
1753303614.077402
1753303614.090552
1753303614.103701
1753303614.123180
1753303614.142659
1753303614.155496
1753303614.168332
1753303614.187994
1753303614.207657
1753303614.225980
1753303614.244302
1753303614.257946
1753303614.271590
1753303614.288095
1753303614.304599
1753303614.320844
1753303614.337089
1753303614.357589
1753303614.378090
1753303614.391046
1753303614.404002
1753303614.421076
1753303614.438151
1753303614.456701
1753303614.475251
1753303614.491352
1753303614.507453
1753303614.526029
1753303614.544604
1753303614.556096
1753303614.567587
1753303614.587666
1753303614.607744
1753303614.624655
1753303614.641565
1753303614.659296
1753303614.677026
1753303614.689888
1753303614.702751
1753303614.721406
1753303614.740060
1753303614.758101
1753303614.776142
1753303614.789107
1753303614.802072
1753303614.818588
1753303614.835104
1753303614.855330
1753303614.875556
1753303614.890017
1753303614.904478
1753303614.925334
1753303614.946191
1753303614.956918
1753303614.967646
1753303614.989043
1753303615.010441
1753303615.025023
1753303615.039606
1753303615.058145
1753303615.076683
1753303615.088966
1753303615.101249
1753303615.122399
1753303615.143550
1753303615.158083
1753303615.172617
1753303615.187714
1753303615.202810
1753303615.220898
1753303615.238986
1753303615.256781
1753303615.274575
1753303615.292138
1753303615.309700
1753303615.323129
1753303615.336558
1753303615.352876
1753303615.369194
1753303615.390112
1753303615.411031
1753303615.424818
1753303615.438605
1753303615.459097
1753303615.479589
1753303615.490326
1753303615.501064
1753303615.522983
1753303615.544902
1753303615.557117
1753303615.569333
1753303615.590390
1753303615.611447
1753303615.623099
1753303615.634751
1753303615.657134
1753303615.679516
1753303615.691244
1753303615.702972
1753303615.721537
1753303615.740101
1753303615.754741
1753303615.769381
1753303615.790235
1753303615.811088
1753303615.823660
1753303615.836232
1753303615.854623
1753303615.873014
1753303615.887995
1753303615.902976
1753303615.924049
1753303615.945122
1753303615.957561
1753303615.970000
1753303615.990134
1753303616.010268
1753303616.021975
1753303616.033681
1753303616.054792
1753303616.075903
1753303616.091632
1753303616.107362
1753303616.123801
1753303616.140239
1753303616.155192
1753303616.170146
1753303616.188773
1753303616.207400
1753303616.226006
1753303616.244612
1753303616.258616
1753303616.272620
1753303616.288457
1753303616.304294
1753303616.324773
1753303616.345251
1753303616.358034
1753303616.370816
1753303616.391877
1753303616.412938
1753303616.423997
1753303616.435056
1753303616.456622
1753303616.478188
1753303616.492962
1753303616.507737
1753303616.526342
1753303616.544947
1753303616.556769
1753303616.568591
1753303616.590213
1753303616.611835
1753303616.624733
1753303616.637632
1753303616.658558
1753303616.679484
1753303616.690616
1753303616.701748
1753303616.721097
1753303616.740446
1753303616.759376
1753303616.778305
1753303616.793328
1753303616.808350
1753303616.823028
1753303616.837706
1753303616.856594
1753303616.875481
1753303616.893698
1753303616.911915
1753303616.925564
1753303616.939212
1753303616.954934
1753303616.970656
1753303616.990498
1753303617.010340
1753303617.026222
1753303617.042103
1753303617.060503
1753303617.078904
1753303617.090707
1753303617.102510
1753303617.122007
1753303617.141505
1753303617.159810
1753303617.178114
1753303617.191260
1753303617.204406
1753303617.224918
1753303617.245431
1753303617.257818
1753303617.270206
1753303617.291324
1753303617.312442
1753303617.326332
1753303617.340221
1753303617.356002
1753303617.371783
1753303617.392055
1753303617.412327
1753303617.426995
1753303617.441662
1753303617.460033
1753303617.478405
1753303617.490518
1753303617.502630
1753303617.524080
1753303617.545530
1753303617.560314
1753303617.575098
1753303617.593109
1753303617.611119
1753303617.624348
1753303617.637576
1753303617.658532
1753303617.679488
1753303617.692420
1753303617.705353
1753303617.722229
1753303617.739105
1753303617.755471
1753303617.771837
1753303617.791895
1753303617.811954
1753303617.826879
1753303617.841804
1753303617.858471
1753303617.875138
1753303617.889883
1753303617.904627
1753303617.925089
1753303617.945551
1753303617.958747
1753303617.971944
1753303617.991981
1753303618.012018
1753303618.023786
1753303618.035553
1753303618.057852
1753303618.080151
1753303618.092433
1753303618.104715
1753303618.124513
1753303618.144311
1753303618.162014
1753303618.179718
1753303618.191132
1753303618.202545
1753303618.225711
1753303618.248878
1753303618.260468
1753303618.272058
1753303618.292827
1753303618.313595
1753303618.325986
1753303618.338378
1753303618.358428
1753303618.378478
1753303618.392411
1753303618.406345
1753303618.425771
1753303618.445198
1753303618.460530
1753303618.475861
1753303618.491328
1753303618.506796
1753303618.525170
1753303618.543545
1753303618.561091
1753303618.578638
1753303618.593625
1753303618.608611
1753303618.623775
1753303618.638938
1753303618.659279
1753303618.679621
1753303618.694467
1753303618.709313
1753303618.725361
1753303618.741409
1753303618.756309
1753303618.771209
1753303618.792001
1753303618.812792
1753303618.826198
1753303618.839604
1753303618.858506
1753303618.877409
1753303618.891105
1753303618.904801
1753303618.925515
1753303618.946229
1753303618.959435
1753303618.972641
1753303618.991645
1753303619.010650
1753303619.023607
1753303619.036564
1753303619.058217
1753303619.079869
1753303619.093044
1753303619.106219
1753303619.125999
1753303619.145780
1753303619.157574
1753303619.169368
1753303619.189893
1753303619.210419
1753303619.226859
1753303619.243299
1753303619.259934
1753303619.276569
1753303619.289507
1753303619.302446
1753303619.323332
1753303619.344218
1753303619.359435
1753303619.374651
1753303619.393338
1753303619.412026
1753303619.424120
1753303619.436215
1753303619.458953
1753303619.481692
1753303619.494366
1753303619.507039
1753303619.526281
1753303619.545523
1753303619.557929
1753303619.570335
1753303619.592009
1753303619.613683
1753303619.626852
1753303619.640021
1753303619.659367
1753303619.678712
1753303619.691010
1753303619.703307
1753303619.721632
1753303619.739957
1753303619.755829
1753303619.771701
1753303619.790119
1753303619.808537
1753303619.822599
1753303619.836661
1753303619.854490
1753303619.872318
1753303619.889372
1753303619.906427
1753303619.924304
1753303619.942182
1753303619.956076
1753303619.969969
1753303619.988487
1753303620.007005
1753303620.024538
1753303620.042070
1753303620.058240
1753303620.074411
1753303620.089898
1753303620.105385
1753303620.122164
1753303620.138943
1753303620.158670
1753303620.178398
1753303620.193191
1753303620.207984
1753303620.223833
1753303620.239681
1753303620.259853
1753303620.280026
1753303620.295205
1753303620.310383
1753303620.327691
1753303620.344998
1753303620.358850
1753303620.372701
1753303620.392795
1753303620.412889
1753303620.428409
1753303620.443929
1753303620.461004
1753303620.478080
1753303620.491339
1753303620.504598
1753303620.525941
1753303620.547285
1753303620.561808
1753303620.576330
1753303620.594643
1753303620.612956
1753303620.625154
1753303620.637351
1753303620.659166
1753303620.680981
1753303620.694552
1753303620.708124
1753303620.725131
1753303620.742138
1753303620.759216
1753303620.776294
1753303620.793411
1753303620.810528
1753303620.828452
1753303620.846376
1753303620.860584
1753303620.874793
1753303620.892618
1753303620.910443
1753303620.925829
1753303620.941216
1753303620.960490
1753303620.979764
1753303620.994741
1753303621.009719
1753303621.024916
1753303621.040114
1753303621.058683
1753303621.077252
1753303621.095002
1753303621.112753
1753303621.127408
1753303621.142063
1753303621.156377
1753303621.170691
1753303621.187179
1753303621.203666
1753303621.221993
1753303621.240320
1753303621.258704
1753303621.277088
1753303621.291042
1753303621.304996
1753303621.325314
1753303621.345632
1753303621.360603
1753303621.375574
1753303621.393951
1753303621.412328
1753303621.424876
1753303621.437425
1753303621.458719
1753303621.480014
1753303621.494852
1753303621.509690
1753303621.527737
1753303621.545784
1753303621.558134
1753303621.570484
1753303621.591999
1753303621.613514
1753303621.627254
1753303621.640995
1753303621.660659
1753303621.680323
1753303621.692070
1753303621.703816
1753303621.723413
1753303621.743011
1753303621.760965
1753303621.778919
1753303621.795895
1753303621.812870
1753303621.825387
1753303621.837905
1753303621.856164
1753303621.874424
1753303621.890109
1753303621.905793
1753303621.922352
1753303621.938912
1753303621.955152
1753303621.971391
1753303621.990688
1753303622.009986
1753303622.026308
1753303622.042629
1753303622.058773
1753303622.074917
1753303622.091675
1753303622.108433
1753303622.125688
1753303622.142943
1753303622.160839
1753303622.178734
1753303622.193553
1753303622.208372
1753303622.225237
1753303622.242102
1753303622.260325
1753303622.278549
1753303622.295672
1753303622.312795
1753303622.327338
1753303622.341881
1753303622.358763
1753303622.375644
1753303622.393718
1753303622.411791
1753303622.429087
1753303622.446382
1753303622.462117
1753303622.477852
1753303622.493442
1753303622.509031
1753303622.527206
1753303622.545382
1753303622.561816
1753303622.578250
1753303622.595800
1753303622.613351
1753303622.625179
1753303622.637006
1753303622.654670
1753303622.672334
1753303622.691139
1753303622.709944
1753303622.726399
1753303622.742855
1753303622.760756
1753303622.778657
1753303622.793929
1753303622.809200
1753303622.828462
1753303622.847723
1753303622.862823
1753303622.877924
1753303622.892688
1753303622.907452
1753303622.926292
1753303622.945133
1753303622.961224
1753303622.977314
1753303622.995380
1753303623.013446
1753303623.026111
1753303623.038775
1753303623.059473
1753303623.080171
1753303623.095501
1753303623.110831
1753303623.127566
1753303623.144301
1753303623.158092
1753303623.171883
1753303623.192235
1753303623.212586
1753303623.226213
1753303623.239839
1753303623.260071
1753303623.280303
1753303623.292441
1753303623.304579
1753303623.324835
1753303623.345091
1753303623.360653
1753303623.376215
1753303623.395001
1753303623.413788
1753303623.425931
1753303623.438074
1753303623.458796
1753303623.479517
1753303623.494864
1753303623.510211
1753303623.528354
1753303623.546497
1753303623.558996
1753303623.571495
1753303623.592108
1753303623.612722
1753303623.628337
1753303623.643953
1753303623.661479
1753303623.679004
1753303623.693033
1753303623.707063
1753303623.726045
1753303623.745027
1753303623.762661
1753303623.780295
1753303623.795864
1753303623.811433
1753303623.826612
1753303623.841791
1753303623.860561
1753303623.879331
1753303623.895530
1753303623.911728
1753303623.929606
1753303623.947484
1753303623.960371
1753303623.973258
1753303623.992144
1753303624.011029
1753303624.028687
1753303624.046344
1753303624.062773
1753303624.079203
1753303624.092673
1753303624.106144
1753303624.125505
1753303624.144866
1753303624.162338
1753303624.179809
1753303624.195724
1753303624.211640
1753303624.226861
1753303624.242081
1753303624.260591
1753303624.279101
1753303624.295669
1753303624.312237
1753303624.328736
1753303624.345235
1753303624.360064
1753303624.374892
1753303624.393801
1753303624.412710
1753303624.428715
1753303624.444720
1753303624.462785
1753303624.480850
1753303624.494078
1753303624.507306
1753303624.527474
1753303624.547642
1753303624.562872
1753303624.578103
1753303624.595805
1753303624.613507
1753303624.628513
1753303624.643519
1753303624.661056
1753303624.678593
1753303624.695036
1753303624.711479
1753303624.728395
1753303624.745312
1753303624.758317
1753303624.771323
1753303624.790071
1753303624.808819
1753303624.828533
1753303624.848247
1753303624.861271
1753303624.874296
1753303624.890349
1753303624.906403
1753303624.926836
1753303624.947270
1753303624.963010
1753303624.978750
1753303624.994937
1753303625.011124
1753303625.026142
1753303625.041160
1753303625.060035
1753303625.078909
1753303625.096321
1753303625.113732
1753303625.128421
1753303625.143109
1753303625.158915
1753303625.174721
1753303625.193499
1753303625.212276
1753303625.229112
1753303625.245948
1753303625.262130
1753303625.278311
1753303625.292997
1753303625.307684
1753303625.324491
1753303625.341298
1753303625.360122
1753303625.378945
1753303625.395484
1753303625.412024
1753303625.427283
1753303625.442542
1753303625.461344
1753303625.480147
1753303625.496196
1753303625.512245
1753303625.528430
1753303625.544614
1753303625.560013
1753303625.575411
1753303625.594499
1753303625.613587
1753303625.629205
1753303625.644824
1753303625.661995
1753303625.679166
1753303625.693891
1753303625.708615
1753303625.727264
1753303625.745914
1753303625.762410
1753303625.778906
1753303625.795914
1753303625.812921
1753303625.827374
1753303625.841826
1753303625.861648
1753303625.881469
1753303625.897076
1753303625.912683
1753303625.930145
1753303625.947606
1753303625.960536
1753303625.973467
1753303625.992262
1753303626.011057
1753303626.028647
1753303626.046238
1753303626.063769
1753303626.081301
1753303626.093953
1753303626.106605
1753303626.125085
1753303626.143565
1753303626.162120
1753303626.180675
1753303626.196875
1753303626.213075
1753303626.228183
1753303626.243291
1753303626.262210
1753303626.281129
1753303626.296596
1753303626.312063
1753303626.328362
1753303626.344661
1753303626.362005
1753303626.379348
1753303626.395257
1753303626.411165
1753303626.428530
1753303626.445896
1753303626.462986
1753303626.480076
1753303626.497162
1753303626.514248
1753303626.527008
1753303626.539767
1753303626.559483
1753303626.579198
1753303626.595646
1753303626.612094
1753303626.629115
1753303626.646136
1753303626.663634
1753303626.681132
1753303626.695780
1753303626.710428
1753303626.728008
1753303626.745588
1753303626.762651
1753303626.779715
1753303626.796301
1753303626.812888
1753303626.828607
1753303626.844326
1753303626.862093
1753303626.879861
1753303626.897273
1753303626.914685
1753303626.931354
1753303626.948022
1753303626.963061
1753303626.978100
1753303626.995435
1753303627.012771
1753303627.029406
1753303627.046041
1753303627.061620
1753303627.077198
1753303627.093828
1753303627.110458
1753303627.127839
1753303627.145219
1753303627.162579
1753303627.179938
1753303627.195500
1753303627.211063
1753303627.225643
1753303627.240224
1753303627.259421
1753303627.278618
1753303627.294543
1753303627.310467
1753303627.327863
1753303627.345259
1753303627.359467
1753303627.373674
1753303627.392680
1753303627.411687
1753303627.429403
1753303627.447120
1753303627.464556
1753303627.481993
1753303627.494922
1753303627.507851
1753303627.527548
1753303627.547245
1753303627.563373
1753303627.579500
1753303627.596581
1753303627.613662
1753303627.628248
1753303627.642834
1753303627.661786
1753303627.680738
1753303627.697328
1753303627.713917
1753303627.730322
1753303627.746728
1753303627.761520
1753303627.776313
1753303627.795116
1753303627.813919
1753303627.830687
1753303627.847455
1753303627.862896
1753303627.878338
1753303627.894186
1753303627.910035
1753303627.929269
1753303627.948503
1753303627.964315
1753303627.980128
1753303627.996603
1753303628.013078
1753303628.029082
1753303628.045086
1753303628.062630
1753303628.080174
1753303628.096461
1753303628.112748
1753303628.128882
1753303628.145017
1753303628.161427
1753303628.177836
1753303628.195195
1753303628.212554
1753303628.229138
1753303628.245722
1753303628.262813
1753303628.279903
1753303628.294721
1753303628.309539
1753303628.328991
1753303628.348444
1753303628.364425
1753303628.380406
1753303628.397138
1753303628.413870
1753303628.429303
1753303628.444735
1753303628.462101
1753303628.479467
1753303628.496154
1753303628.512841
1753303628.529917
1753303628.546992
1753303628.562758
1753303628.578524
1753303628.596072
1753303628.613620
1753303628.629848
1753303628.646076
1753303628.663234
1753303628.680392
1753303628.696590
1753303628.712789
1753303628.729300
1753303628.745810
1753303628.762655
1753303628.779501
1753303628.796948
1753303628.814395
1753303628.829823
1753303628.845250
1753303628.862814
1753303628.880379
1753303628.897076
1753303628.913772
1753303628.931151
1753303628.948530
1753303628.963194
1753303628.977858
1753303628.996085
1753303629.014312
1753303629.031402
1753303629.048491
1753303629.065289
1753303629.082086
1753303629.094938
1753303629.107789
1753303629.127293
1753303629.146797
1753303629.163714
1753303629.180632
1753303629.197269
1753303629.213907
1753303629.228974
1753303629.244042
1753303629.261883
1753303629.279724
1753303629.296055
1753303629.312386
1753303629.329198
1753303629.346011
1753303629.360228
1753303629.374445
1753303629.394053
1753303629.413661
1753303629.430755
1753303629.447848
1753303629.465028
1753303629.482207
1753303629.495103
1753303629.507999
1753303629.528082
1753303629.548165
1753303629.563675
1753303629.579186
1753303629.595956
1753303629.612727
1753303629.628497
1753303629.644267
1753303629.663731
1753303629.683195
1753303629.697657
1753303629.712118
1753303629.729794
1753303629.747469
1753303629.761724
1753303629.775978
1753303629.795373
1753303629.814768
1753303629.832162
1753303629.849557
1753303629.865054
1753303629.880551
1753303629.894760
1753303629.908969
1753303629.928795
1753303629.948622
1753303629.965180
1753303629.981738
1753303629.998147
1753303630.014556
1753303630.028697
1753303630.042838
1753303630.062593
1753303630.082347
1753303630.097703
1753303630.113059
1753303630.129609
1753303630.146159
1753303630.162424
1753303630.178688
1753303630.196252
1753303630.213816
1753303630.230925
1753303630.248033
1753303630.264791
1753303630.281549
1753303630.296061
1753303630.310572
1753303630.329428
1753303630.348284
1753303630.364831
1753303630.381379
1753303630.398195
1753303630.415011
1753303630.429824
1753303630.444637
1753303630.462381
1753303630.480126
1753303630.497082
1753303630.514039
1753303630.531548
1753303630.549056
1753303630.563739
1753303630.578422
1753303630.596777
1753303630.615132
1753303630.631985
1753303630.648838
1753303630.666430
1753303630.684021
1753303630.697978
1753303630.711934
1753303630.729754
1753303630.747575
1753303630.764843
1753303630.782111
1753303630.799654
1753303630.817197
1753303630.830775
1753303630.844353
1753303630.862462
1753303630.880571
1753303630.897916
1753303630.915261
1753303630.932720
1753303630.950179
1753303630.964544
1753303630.978909
1753303630.996469
1753303631.014029
1753303631.031607
1753303631.049185
1753303631.065599
1753303631.082014
1753303631.097120
1753303631.112225
1753303631.129325
1753303631.146425
1753303631.163738
1753303631.181052
1753303631.198439
1753303631.215826
1753303631.228982
1753303631.242138
1753303631.262189
1753303631.282241
1753303631.297857
1753303631.313473
1753303631.330889
1753303631.348305
1753303631.362833
1753303631.377360
1753303631.396493
1753303631.415626
1753303631.429901
1753303631.444176
1753303631.462205
1753303631.480235
1753303631.494545
1753303631.508854
1753303631.527533
1753303631.546212
1753303631.562050
1753303631.577889
1753303631.596304
1753303631.614720
1753303631.628525
1753303631.642329
1753303631.662246
1753303631.682162
1753303631.698416
1753303631.714670
1753303631.731475
1753303631.748281
1753303631.762628
1753303631.776974
1753303631.794651
1753303631.812328
1753303631.830167
1753303631.848005
1753303631.864758
1753303631.881511
1753303631.896740
1753303631.911969
1753303631.929599
1753303631.947229
1753303631.964614
1753303631.982000
1753303631.998494
1753303632.014987
1753303632.030181
1753303632.045375
1753303632.063679
1753303632.081983
1753303632.099295
1753303632.116607
1753303632.131520
1753303632.146433
1753303632.162945
1753303632.179457
1753303632.196900
1753303632.214344
1753303632.231613
1753303632.248882
1753303632.264316
1753303632.279749
1753303632.296371
1753303632.312994
1753303632.329436
1753303632.345878
1753303632.365211
1753303632.384545
1753303632.399469
1753303632.414393
1753303632.431714
1753303632.449035
1753303632.464480
1753303632.479926
1753303632.497997
1753303632.516068
1753303632.531463
1753303632.546857
1753303632.564418
1753303632.581978
1753303632.597475
1753303632.612971
1753303632.630596
1753303632.648221
1753303632.665794
1753303632.683367
1753303632.698066
1753303632.712764
1753303632.731295
1753303632.749825
1753303632.766730
1753303632.783635
1753303632.800006
1753303632.816378
1753303632.831398
1753303632.846417
1753303632.863316
1753303632.880215
1753303632.896198
1753303632.912181
1753303632.927927
1753303632.943672
1753303632.962414
1753303632.981156
1753303632.997262
1753303633.013368
1753303633.031757
1753303633.050146
1753303633.065874
1753303633.081601
1753303633.097299
1753303633.112997
1753303633.130070
1753303633.147143
1753303633.165321
1753303633.183499
1753303633.199763
1753303633.216027
1753303633.230906
1753303633.245785
1753303633.263749
1753303633.281713
1753303633.298741
1753303633.315770
1753303633.332280
1753303633.348790
1753303633.363529
1753303633.378268
1753303633.397820
1753303633.417372
1753303633.431869
1753303633.446365
1753303633.464830
1753303633.483296
1753303633.497231
1753303633.511165
1753303633.529435
1753303633.547706
1753303633.565237
1753303633.582768
1753303633.601369
1753303633.619970
1753303633.631404
1753303633.642839
1753303633.663650
1753303633.684460
1753303633.698788
1753303633.713117
1753303633.731685
1753303633.750254
1753303633.763730
1753303633.777206
1753303633.795762
1753303633.814317
1753303633.833042
1753303633.851766
1753303633.866472
1753303633.881178
1753303633.897174
1753303633.913171
1753303633.932323
1753303633.951474
1753303633.966966
1753303633.982458
1753303633.999184
1753303634.015910
1753303634.030554
1753303634.045199
1753303634.063118
1753303634.081038
1753303634.099012
1753303634.116986
1753303634.132258
1753303634.147530
1753303634.163446
1753303634.179363
1753303634.199678
1753303634.219994
1753303634.233825
1753303634.247656
1753303634.265144
1753303634.282632
1753303634.298053
1753303634.313473
1753303634.332828
1753303634.352182
1753303634.366641
1753303634.381100
1753303634.399457
1753303634.417813
1753303634.430869
1753303634.443925
1753303634.462550
1753303634.481176
1753303634.499173
1753303634.517171
1753303634.533749
1753303634.550327
1753303634.564079
1753303634.577831
1753303634.596352
1753303634.614873
1753303634.632921
1753303634.650969
1753303634.666298
1753303634.681627
1753303634.696481
1753303634.711335
1753303634.730034
1753303634.748734
1753303634.766643
1753303634.784552
1753303634.800637
1753303634.816721
1753303634.834314
1753303634.851907
1753303634.864565
1753303634.877223
1753303634.896231
1753303634.915239
1753303634.931473
1753303634.947707
1753303634.963317
1753303634.978927
1753303634.997431
1753303635.015935
1753303635.030008
1753303635.044082
1753303635.063265
1753303635.082448
1753303635.098681
1753303635.114915
1753303635.132597
1753303635.150279
1753303635.164839
1753303635.179398
1753303635.199949
1753303635.220499
1753303635.233778
1753303635.247058
1753303635.264750
1753303635.282441
1753303635.297465
1753303635.312489
1753303635.332458
1753303635.352428
1753303635.366570
1753303635.380712
1753303635.398005
1753303635.415297
1753303635.430699
1753303635.446102
1753303635.464647
1753303635.483193
1753303635.500924
1753303635.518655
1753303635.535433
1753303635.552210
1753303635.565114
1753303635.578019
1753303635.597111
1753303635.616202
1753303635.632349
1753303635.648495
1753303635.667112
1753303635.685730
1753303635.698633
1753303635.711537
1753303635.731363
1753303635.751190
1753303635.766437
1753303635.781683
1753303635.799937
1753303635.818190
1753303635.832119
1753303635.846049
1753303635.864462
1753303635.882876
1753303635.901115
1753303635.919355
1753303635.933787
1753303635.948220
1753303635.964483
1753303635.980745
1753303635.997401
1753303636.014056
1753303636.032869
1753303636.051683
1753303636.069363
1753303636.087042
1753303636.100107
1753303636.113171
1753303636.131307
1753303636.149442
1753303636.167020
1753303636.184599
1753303636.200265
1753303636.215932
1753303636.231716
1753303636.247501
1753303636.265186
1753303636.282871
1753303636.300375
1753303636.317878
1753303636.336092
1753303636.354306
1753303636.366112
1753303636.377918
1753303636.397968
1753303636.418018
1753303636.433652
1753303636.449287
1753303636.467906
1753303636.486525
1753303636.499247
1753303636.511969
1753303636.533063
1753303636.554157
1753303636.567592
1753303636.581027
1753303636.599885
1753303636.618742
1753303636.633114
1753303636.647486
1753303636.666045
1753303636.684604
1753303636.700752
1753303636.716901
1753303636.733950
1753303636.750998
1753303636.765833
1753303636.780668
1753303636.799316
1753303636.817965
1753303636.836183
1753303636.854400
1753303636.868093
1753303636.881787
1753303636.898777
1753303636.915768
1753303636.933293
1753303636.950818
1753303636.969481
1753303636.988145
1753303637.001100
1753303637.014055
1753303637.032279
1753303637.050504
1753303637.066710
1753303637.082917
1753303637.102967
1753303637.123016
1753303637.134827
1753303637.146637
1753303637.167646
1753303637.188655
1753303637.201011
1753303637.213367
1753303637.234432
1753303637.255496
1753303637.268344
1753303637.281193
1753303637.298955
1753303637.316718
1753303637.333615
1753303637.350511
1753303637.367150
1753303637.383788
1753303637.403743
1753303637.423698
1753303637.434431
1753303637.445164
1753303637.463614
1753303637.482065
1753303637.502881
1753303637.523696
1753303637.535396
1753303637.547095
1753303637.564630
1753303637.582165
1753303637.599334
1753303637.616502
1753303637.634863
1753303637.653224
1753303637.667387
1753303637.681551
1753303637.697665
1753303637.713779
1753303637.733675
1753303637.753570
1753303637.767560
1753303637.781549
1753303637.800176
1753303637.818802
1753303637.832184
1753303637.845566
1753303637.864458
1753303637.883350
1753303637.902482
1753303637.921614
1753303637.934544
1753303637.947474
1753303637.964545
1753303637.981617
1753303637.998655
1753303638.015694
1753303638.036928
1753303638.058163
1753303638.069578
1753303638.080993
1753303638.098270
1753303638.115547
1753303638.133155
1753303638.150764
1753303638.166849
1753303638.182934
1753303638.201204
1753303638.219474
1753303638.233553
1753303638.247632
1753303638.265169
1753303638.282706
1753303638.299898
1753303638.317089
1753303638.333463
1753303638.349837
1753303638.364405
1753303638.378972
1753303638.397830
1753303638.416689
1753303638.432850
1753303638.449011
1753303638.466179
1753303638.483348
1753303638.497905
1753303638.512462
1753303638.531201
1753303638.549941
1753303638.568935
1753303638.587930
1753303638.601524
1753303638.615118
1753303638.633528
1753303638.651939
1753303638.667109
1753303638.682279
1753303638.699592
1753303638.716905
1753303638.733874
1753303638.750843
1753303638.766519
1753303638.782194
1753303638.800636
1753303638.819078
1753303638.836456
1753303638.853834
1753303638.867975
1753303638.882117
1753303638.900228
1753303638.918339
1753303638.934853
1753303638.951367
1753303638.969319
1753303638.987271
1753303639.001392
1753303639.015513
1753303639.032504
1753303639.049495
1753303639.066592
1753303639.083688
1753303639.103672
1753303639.123655
1753303639.135301
1753303639.146947
1753303639.165143
1753303639.183339
1753303639.200396
1753303639.217452
1753303639.238038
1753303639.258623
1753303639.269801
1753303639.280979
1753303639.298371
1753303639.315763
1753303639.332953
1753303639.350143
1753303639.369838
1753303639.389533
1753303639.401987
1753303639.414441
1753303639.431724
1753303639.449007
1753303639.467360
1753303639.485712
1753303639.503437
1753303639.521161
1753303639.534859
1753303639.548556
1753303639.565533
1753303639.582510
1753303639.599022
1753303639.615534
1753303639.634768
1753303639.654003
1753303639.667820
1753303639.681638
1753303639.698261
1753303639.714883
1753303639.734627
1753303639.754370
1753303639.768166
1753303639.781962
1753303639.801436
1753303639.820910
1753303639.833789
1753303639.846668
1753303639.864339
1753303639.882011
1753303639.901775
1753303639.921540
1753303639.935087
1753303639.948634
1753303639.966537
1753303639.984441
1753303640.001622
1753303640.018803
1753303640.034696
1753303640.050589
1753303640.068789
1753303640.086988
1753303640.100598
1753303640.114208
1753303640.132367
1753303640.150525
1753303640.170284
1753303640.190042
1753303640.202310
1753303640.214578
1753303640.232988
1753303640.251398
1753303640.268646
1753303640.285894
1753303640.304247
1753303640.322600
1753303640.335747
1753303640.348894
1753303640.367313
1753303640.385732
1753303640.401107
1753303640.416482
1753303640.437268
1753303640.458054
1753303640.469646
1753303640.481238
1753303640.501299
1753303640.521360
1753303640.534850
1753303640.548340
1753303640.568074
1753303640.587807
1753303640.601921
1753303640.616034
1753303640.636653
1753303640.657272
1753303640.668815
1753303640.680358
1753303640.700984
1753303640.721609
1753303640.735485
1753303640.749361
1753303640.767562
1753303640.785763
1753303640.800717
1753303640.815672
1753303640.836060
1753303640.856448
1753303640.869276
1753303640.882104
1753303640.899016
1753303640.915928
1753303640.934395
1753303640.952862
1753303640.969464
1753303640.986066
1753303641.000765
1753303641.015463
1753303641.034091
1753303641.052720
1753303641.067025
1753303641.081330
1753303641.101648
1753303641.121966
1753303641.135504
1753303641.149042
1753303641.167752
1753303641.186462
1753303641.200610
1753303641.214758
1753303641.236032
1753303641.257307
1753303641.269576
1753303641.281845
1753303641.299482
1753303641.317119
1753303641.335327
1753303641.353535
1753303641.368076
1753303641.382618
1753303641.403476
1753303641.424335
1753303641.435769
1753303641.447202
1753303641.465778
1753303641.484355
1753303641.500659
1753303641.516963
1753303641.534888
1753303641.552813
1753303641.566741
1753303641.580669
1753303641.598930
1753303641.617191
1753303641.635412
1753303641.653632
1753303641.667962
1753303641.682291
1753303641.698356
1753303641.714420
1753303641.734011
1753303641.753601
1753303641.767932
1753303641.782264
1753303641.802797
1753303641.823330
1753303641.835287
1753303641.847243
1753303641.868458
1753303641.889672
1753303641.902670
1753303641.915669
1753303641.935700
1753303641.955731
1753303641.968255
1753303641.980778
1753303642.003255
1753303642.025732
1753303642.036937
1753303642.048141
1753303642.069620
1753303642.091099
1753303642.102762
1753303642.114425
1753303642.136195
1753303642.157965
1753303642.169779
1753303642.181594
1753303642.199908
1753303642.218222
1753303642.234056
1753303642.249891
1753303642.267649
1753303642.285407
1753303642.304862
1753303642.324316
1753303642.336377
1753303642.348437
1753303642.366932
1753303642.385428
1753303642.403223
1753303642.421018
1753303642.438794
1753303642.456570
1753303642.469938
1753303642.483307
1753303642.500023
1753303642.516740
1753303642.536904
1753303642.557068
1753303642.569981
1753303642.582893
1753303642.604599
1753303642.626304
1753303642.637008
1753303642.647712
1753303642.669154
1753303642.690596
1753303642.703304
1753303642.716012
1753303642.734033
1753303642.752054
1753303642.767205
1753303642.782356
1753303642.803717
1753303642.825077
1753303642.836609
1753303642.848142
1753303642.869708
1753303642.891273
1753303642.902835
1753303642.914397
1753303642.935858
1753303642.957318
1753303642.969961
1753303642.982603
1753303643.003892
1753303643.025182
1753303643.036532
1753303643.047883
1753303643.070940
1753303643.093997
1753303643.104484
1753303643.114970
1753303643.136507
1753303643.158043
1753303643.174089
1753303643.190136
1753303643.202397
1753303643.214658
1753303643.237128
1753303643.259598
1753303643.270608
1753303643.281619
1753303643.304178
1753303643.326737
1753303643.337626
1753303643.348516
1753303643.368238
1753303643.387960
1753303643.401598
1753303643.415237
1753303643.438352
1753303643.461467
1753303643.471641
1753303643.481815
1753303643.499816
1753303643.517818
1753303643.538351
1753303643.558883
1753303643.570383
1753303643.581883
1753303643.604448
1753303643.627014
1753303643.637683
1753303643.648352
1753303643.669000
1753303643.689648
1753303643.702482
1753303643.715315
1753303643.735770
1753303643.756224
1753303643.768984
1753303643.781745
1753303643.801893
1753303643.822042
1753303643.836318
1753303643.850593
1753303643.867213
1753303643.883832
1753303643.899250
1753303643.914668
1753303643.935464
1753303643.956261
1753303643.970696
1753303643.985131
1753303644.004966
1753303644.024801
1753303644.036654
1753303644.048507
1753303644.069553
1753303644.090600
1753303644.104898
1753303644.119197
1753303644.138625
1753303644.158053
1753303644.170028
1753303644.182003
1753303644.202424
1753303644.222845
1753303644.237679
1753303644.252514
1753303644.270899
1753303644.289284
1753303644.302435
1753303644.315586
1753303644.336367
1753303644.357148
1753303644.370384
1753303644.383621
1753303644.404461
1753303644.425301
1753303644.436987
1753303644.448674
1753303644.469634
1753303644.490594
1753303644.502968
1753303644.515342
1753303644.538343
1753303644.561344
1753303644.571624
1753303644.581904
1753303644.602143
1753303644.622382
1753303644.637121
1753303644.651860
1753303644.672483
1753303644.693106
1753303644.704204
1753303644.715302
1753303644.736257
1753303644.757212
1753303644.770064
1753303644.782916
1753303644.804400
1753303644.825884
1753303644.837336
1753303644.848787
1753303644.869137
1753303644.889486
1753303644.904657
1753303644.919828
1753303644.940357
1753303644.960886
1753303644.971538
1753303644.982190
1753303645.001355
1753303645.020520
1753303645.035853
1753303645.051186
1753303645.071503
1753303645.091819
1753303645.103742
1753303645.115665
1753303645.133651
1753303645.151637
1753303645.173118
1753303645.194599
1753303645.205212
1753303645.215825
1753303645.232762
1753303645.249699
1753303645.270143
1753303645.290586
1753303645.303530
1753303645.316474
1753303645.337801
1753303645.359127
1753303645.370705
1753303645.382282
1753303645.403136
1753303645.423990
1753303645.436666
1753303645.449341
1753303645.469103
1753303645.488865
1753303645.502311
1753303645.515757
1753303645.536870
1753303645.557983
1753303645.570275
1753303645.582567
1753303645.604341
1753303645.626114
1753303645.637571
1753303645.649028
1753303645.669821
1753303645.690613
1753303645.703308
1753303645.716003
1753303645.736917
1753303645.757832
1753303645.770154
1753303645.782475
1753303645.804069
1753303645.825662
1753303645.837348
1753303645.849035
1753303645.872256
1753303645.895476
1753303645.905713
1753303645.915950
1753303645.937037
1753303645.958125
1753303645.971406
1753303645.984686
1753303646.005889
1753303646.027092
1753303646.038148
1753303646.049205
1753303646.070291
1753303646.091376
1753303646.104625
1753303646.117873
1753303646.138664
1753303646.159456
1753303646.170964
1753303646.182472
1753303646.205744
1753303646.229016
1753303646.239294
1753303646.249572
1753303646.271168
1753303646.292763
1753303646.304445
1753303646.316127
1753303646.335305
1753303646.354483
1753303646.371894
1753303646.389305
1753303646.405263
1753303646.421221
1753303646.435519
1753303646.449816
1753303646.470990
1753303646.492164
1753303646.505651
1753303646.519137
1753303646.540518
1753303646.561899
1753303646.572400
1753303646.582901
1753303646.604998
1753303646.627094
1753303646.638648
1753303646.650201
1753303646.671154
1753303646.692108
1753303646.704275
1753303646.716442
1753303646.736718
1753303646.756993
1753303646.775099
1753303646.793205
1753303646.806705
1753303646.820204
1753303646.835288
1753303646.850371
1753303646.870692
1753303646.891013
1753303646.907766
1753303646.924519
1753303646.938790
1753303646.953061
1753303646.968375
1753303646.983688
1753303647.004360
1753303647.025032
1753303647.038570
1753303647.052109
1753303647.074098
1753303647.096087
1753303647.106308
1753303647.116529
1753303647.137550
1753303647.158572
1753303647.172001
1753303647.185430
1753303647.206846
1753303647.228262
1753303647.239060
1753303647.249858
1753303647.270514
1753303647.291171
1753303647.304347
1753303647.317523
1753303647.338702
1753303647.359881
1753303647.371584
1753303647.383287
1753303647.404265
1753303647.425243
1753303647.438830
1753303647.452418
1753303647.473011
1753303647.493604
1753303647.505147
1753303647.516691
1753303647.539848
1753303647.563005
1753303647.573526
1753303647.584048
1753303647.604986
1753303647.625924
1753303647.637976
1753303647.650027
1753303647.671335
1753303647.692643
1753303647.704873
1753303647.717103
1753303647.737654
1753303647.758205
1753303647.771089
1753303647.783972
1753303647.806497
1753303647.829021
1753303647.839920
1753303647.850819
1753303647.871337
1753303647.891856
1753303647.904351
1753303647.916845
1753303647.937611
1753303647.958376
1753303647.973453
1753303647.988530
1753303648.008555
1753303648.028580
1753303648.039422
1753303648.050263
1753303648.071324
1753303648.092385
1753303648.106069
1753303648.119752
1753303648.139738
1753303648.159724
1753303648.171767
1753303648.183810
1753303648.205479
1753303648.227148
1753303648.240787
1753303648.254425
1753303648.274831
1753303648.295236
1753303648.306116
1753303648.316995
1753303648.338691
1753303648.360387
1753303648.373673
1753303648.386960
1753303648.408205
1753303648.429449
1753303648.439914
1753303648.450379
1753303648.472522
1753303648.494666
1753303648.506371
1753303648.518075
1753303648.539273
1753303648.560470
1753303648.572628
1753303648.584786
1753303648.606232
1753303648.627678
1753303648.640831
1753303648.653983
1753303648.674200
1753303648.694416
1753303648.705954
1753303648.717491
1753303648.738492
1753303648.759494
1753303648.773701
1753303648.787908
1753303648.808610
1753303648.829312
1753303648.840043
1753303648.850774
1753303648.872265
1753303648.893756
1753303648.907866
1753303648.921977
1753303648.942089
1753303648.962201
1753303648.973134
1753303648.984067
1753303649.005965
1753303649.027862
1753303649.039647
1753303649.051432
1753303649.072586
1753303649.093740
1753303649.105700
1753303649.117659
1753303649.138948
1753303649.160237
1753303649.174892
1753303649.189547
1753303649.208081
1753303649.226615
1753303649.238858
1753303649.251100
1753303649.272946
1753303649.294792
1753303649.306701
1753303649.318610
1753303649.339922
1753303649.361235
1753303649.372883
1753303649.384532
1753303649.406278
1753303649.428024
1753303649.440160
1753303649.452295
1753303649.473390
1753303649.494485
1753303649.505927
1753303649.517369
1753303649.540399
1753303649.563429
1753303649.574671
1753303649.585912
1753303649.607060
1753303649.628208
1753303649.639688
1753303649.651168
1753303649.671327
1753303649.691486
1753303649.706215
1753303649.720945
1753303649.741611
1753303649.762276
1753303649.773229
1753303649.784181
1753303649.805644
1753303649.827106
1753303649.840839
1753303649.854573
1753303649.875311
1753303649.896050
1753303649.906992
1753303649.917935
1753303649.939908
1753303649.961881
1753303649.974238
1753303649.986595
1753303650.007650
1753303650.028705
1753303650.040049
1753303650.051393
1753303650.073203
1753303650.095012
1753303650.107738
1753303650.120464
1753303650.140005
1753303650.159546
1753303650.173498
1753303650.187450
1753303650.208105
1753303650.228759
1753303650.242407
1753303650.256055
1753303650.275266
1753303650.294476
1753303650.306480
1753303650.318485
1753303650.339806
1753303650.361126
1753303650.374650
1753303650.388173
1753303650.408571
1753303650.428969
1753303650.440391
1753303650.451812
1753303650.473941
1753303650.496070
1753303650.507914
1753303650.519757
1753303650.541193
1753303650.562628
1753303650.573761
1753303650.584894
1753303650.606442
1753303650.627991
1753303650.643080
1753303650.658170
1753303650.675508
1753303650.692845
1753303650.705570
1753303650.718294
1753303650.740724
1753303650.763154
1753303650.775268
1753303650.787382
1753303650.808566
1753303650.829749
1753303650.840730
1753303650.851711
1753303650.873380
1753303650.895049
1753303650.908238
1753303650.921427
1753303650.941918
1753303650.962409
1753303650.973868
1753303650.985327
1753303651.006868
1753303651.028410
1753303651.043097
1753303651.057783
1753303651.075617
1753303651.093451
1753303651.106927
1753303651.120404
1753303651.138555
1753303651.156705
1753303651.172964
1753303651.189222
1753303651.206570
1753303651.223917
1753303651.238062
1753303651.252207
1753303651.272476
1753303651.292745
1753303651.308773
1753303651.324801
1753303651.342820
1753303651.360839
1753303651.373252
1753303651.385665
1753303651.407009
1753303651.428353
1753303651.442744
1753303651.457135
1753303651.476450
1753303651.495766
1753303651.511109
1753303651.526453
1753303651.539304
1753303651.552155
1753303651.573818
1753303651.595481
1753303651.608595
1753303651.621710
1753303651.642379
1753303651.663048
1753303651.675861
1753303651.688674
1753303651.703472
1753303651.718270
1753303651.740595
1753303651.762920
1753303651.774796
1753303651.786671
1753303651.807703
1753303651.828734
1753303651.840514
1753303651.852294
1753303651.873519
1753303651.894745
1753303651.909807
1753303651.924869
1753303651.943573
1753303651.962278
1753303651.973992
1753303651.985706
1753303652.007555
1753303652.029403
1753303652.042615
1753303652.055828
1753303652.076083
1753303652.096338
1753303652.107630
1753303652.118922
1753303652.138930
1753303652.158938
1753303652.176168
1753303652.193398
1753303652.209721
1753303652.226044
1753303652.239429
1753303652.252815
1753303652.274297
1753303652.295780
1753303652.308703
1753303652.321627
1753303652.341687
1753303652.361748
1753303652.373727
1753303652.385706
1753303652.407412
1753303652.429118
1753303652.442339
1753303652.455561
1753303652.476295
1753303652.497029
1753303652.507982
1753303652.518935
1753303652.541357
1753303652.563778
1753303652.575633
1753303652.587488
1753303652.608357
1753303652.629227
1753303652.641013
1753303652.652799
1753303652.673552
1753303652.694305
1753303652.707649
1753303652.720994
1753303652.741776
1753303652.762557
1753303652.774284
1753303652.786011
1753303652.807198
1753303652.828385
1753303652.842850
1753303652.857314
1753303652.876124
1753303652.894934
1753303652.907309
1753303652.919684
1753303652.940782
1753303652.961879
1753303652.977301
1753303652.992722
1753303653.010990
1753303653.029257
1753303653.042221
1753303653.055184
1753303653.075537
1753303653.095891
1753303653.109902
1753303653.123914
1753303653.142897
1753303653.161879
1753303653.174514
1753303653.187148
1753303653.207981
1753303653.228814
1753303653.244013
1753303653.259213
1753303653.277465
1753303653.295717
1753303653.307686
1753303653.319656
1753303653.340396
1753303653.361136
1753303653.375777
1753303653.390417
1753303653.409736
1753303653.429055
1753303653.440923
1753303653.452791
1753303653.475242
1753303653.497692
1753303653.510647
1753303653.523602
1753303653.542993
1753303653.562383
1753303653.574336
1753303653.586288
1753303653.607885
1753303653.629483
1753303653.643950
1753303653.658416
1753303653.676277
1753303653.694137
1753303653.706922
1753303653.719706
1753303653.741191
1753303653.762676
1753303653.776808
1753303653.790940
1753303653.809896
1753303653.828853
1753303653.840936
1753303653.853019
1753303653.871458
1753303653.889897
1753303653.906589
1753303653.923281
1753303653.939601
1753303653.955922
1753303653.973898
1753303653.991875
1753303654.009056
1753303654.026236
1753303654.044384
1753303654.062532
1753303654.077936
1753303654.093340
1753303654.108267
1753303654.123195
1753303654.142626
1753303654.162057
1753303654.177331
1753303654.192605
1753303654.211080
1753303654.229554
1753303654.241984
1753303654.254414
1753303654.275230
1753303654.296047
1753303654.311086
1753303654.326125
1753303654.343927
1753303654.361729
1753303654.375109
1753303654.388489
1753303654.408860
1753303654.429231
1753303654.444722
1753303654.460214
1753303654.476256
1753303654.492298
1753303654.508370
1753303654.524442
1753303654.542008
1753303654.559575
1753303654.577745
1753303654.595915
1753303654.611410
1753303654.626905
1753303654.642794
1753303654.658683
1753303654.675464
1753303654.692245
1753303654.708313
1753303654.724382
1753303654.743795
1753303654.763209
1753303654.775098
1753303654.786986
1753303654.808298
1753303654.829609
1753303654.844667
1753303654.859725
1753303654.878159
1753303654.896593
1753303654.909215
1753303654.921838
1753303654.941674
1753303654.961509
1753303654.978801
1753303654.996092
1753303655.010921
1753303655.025751
1753303655.043609
1753303655.061466
1753303655.074230
1753303655.086995
1753303655.104734
1753303655.122474
1753303655.138913
1753303655.155352
1753303655.174939
1753303655.194526
1753303655.209260
1753303655.223994
1753303655.243177
1753303655.262361
1753303655.277739
1753303655.293117
1753303655.308729
1753303655.324340
1753303655.342669
1753303655.360997
1753303655.376460
1753303655.391922
1753303655.410638
1753303655.429355
1753303655.441797
1753303655.454239
1753303655.475071
1753303655.495904
1753303655.511052
1753303655.526200
1753303655.542673
1753303655.559146
1753303655.574707
1753303655.590268
1753303655.609265
1753303655.628262
1753303655.645379
1753303655.662496
1753303655.677634
1753303655.692771
1753303655.706422
1753303655.720073
1753303655.741315
1753303655.762557
1753303655.777351
1753303655.792145
1753303655.811267
1753303655.830389
1753303655.842257
1753303655.854124
1753303655.875303
1753303655.896482
1753303655.911772
1753303655.927062
1753303655.944851
1753303655.962641
1753303655.975191
1753303655.987740
1753303656.009657
1753303656.031574
1753303656.045031
1753303656.058488
1753303656.078102
1753303656.097716
1753303656.109232
1753303656.120749
1753303656.140925
1753303656.161102
1753303656.178852
1753303656.196602
1753303656.211865
1753303656.227129
1753303656.242063
1753303656.256996
1753303656.275885
1753303656.294773
1753303656.311945
1753303656.329117
1753303656.345054
1753303656.360991
1753303656.375957
1753303656.390924
1753303656.409642
1753303656.428361
1753303656.445508
1753303656.462655
1753303656.478671
1753303656.494686
1753303656.509738
1753303656.524790
1753303656.543175
1753303656.561559
1753303656.577198
1753303656.592836
1753303656.611173
1753303656.629510
1753303656.642508
1753303656.655505
1753303656.675137
1753303656.694768
1753303656.710263
1753303656.725759
1753303656.744697
1753303656.763634
1753303656.776012
1753303656.788391
1753303656.808260
1753303656.828130
1753303656.845713
1753303656.863295
1753303656.878597
1753303656.893899
1753303656.909703
1753303656.925507
1753303656.943444
1753303656.961381
1753303656.978891
1753303656.996401
1753303657.011291
1753303657.026180
1753303657.043565
1753303657.060950
1753303657.077913
1753303657.094875
1753303657.112154
1753303657.129433
1753303657.145204
1753303657.160974
1753303657.176293
1753303657.191612
1753303657.210307
1753303657.229002
1753303657.245044
1753303657.261085
1753303657.278472
1753303657.295859
1753303657.308904
1753303657.321949
1753303657.341916
1753303657.361882
1753303657.378692
1753303657.395502
1753303657.411131
1753303657.426760
1753303657.441462
1753303657.456163
1753303657.475547
1753303657.494931
1753303657.512257
1753303657.529583
1753303657.545203
1753303657.560824
1753303657.574579
1753303657.588335
1753303657.608810
1753303657.629286
1753303657.645895
1753303657.662505
1753303657.677450
1753303657.692396
1753303657.706761
1753303657.721126
1753303657.742090
1753303657.763053
1753303657.779432
1753303657.795812
1753303657.811976
1753303657.828140
1753303657.842604
1753303657.857067
1753303657.876861
1753303657.896654
1753303657.911141
1753303657.925629
1753303657.945028
1753303657.964427
1753303657.976412
1753303657.988397
1753303658.008936
1753303658.029475
1753303658.045269
1753303658.061064
1753303658.078532
1753303658.095999
1753303658.109189
1753303658.122379
1753303658.142072
1753303658.161765
1753303658.179156
1753303658.196547
1753303658.212703
1753303658.228859
1753303658.243249
1753303658.257640
1753303658.276852
1753303658.296064
1753303658.312483
1753303658.328902
1753303658.344947
1753303658.360992
1753303658.376225
1753303658.391458
1753303658.410846
1753303658.430234
1753303658.445885
1753303658.461536
1753303658.479539
1753303658.497542
1753303658.510035
1753303658.522527
1753303658.543119
1753303658.563711
1753303658.579839
1753303658.595967
1753303658.612324
1753303658.628680
1753303658.643816
1753303658.658952
1753303658.676967
1753303658.694982
1753303658.710423
1753303658.725864
1753303658.744798
1753303658.763732
1753303658.776831
1753303658.789930
1753303658.810075
1753303658.830219
1753303658.846423
1753303658.862626
1753303658.878693
1753303658.894760
1753303658.910787
1753303658.926814
1753303658.944085
1753303658.961355
1753303658.978974
1753303658.996594
1753303659.012641
1753303659.028688
1753303659.043389
1753303659.058091
1753303659.077169
1753303659.096247
1753303659.112731
1753303659.129214
1753303659.145229
1753303659.161244
1753303659.177138
1753303659.193033
1753303659.211845
1753303659.230657
1753303659.245954
1753303659.261251
1753303659.278821
1753303659.296392
1753303659.310042
1753303659.323693
1753303659.342350
1753303659.361006
1753303659.378592
1753303659.396179
1753303659.411333
1753303659.426487
1753303659.443068
1753303659.459649
1753303659.477393
1753303659.495136
1753303659.512197
1753303659.529258
1753303659.545893
1753303659.562528
1753303659.575950
1753303659.589372
1753303659.609490
1753303659.629609
1753303659.645668
1753303659.661726
1753303659.677384
1753303659.693042
1753303659.707791
1753303659.722540
1753303659.743011
1753303659.763482
1753303659.780443
1753303659.797404
1753303659.813779
1753303659.830154
1753303659.847406
1753303659.864659
1753303659.877015
1753303659.889371
1753303659.908751
1753303659.928132
1753303659.945639
1753303659.963145
1753303659.979408
1753303659.995670
1753303660.012049
1753303660.028428
1753303660.043578
1753303660.058727
1753303660.077406
1753303660.096085
1753303660.112247
1753303660.128408
1753303660.144921
1753303660.161434
1753303660.176934
1753303660.192434
1753303660.211639
1753303660.230844
1753303660.247161
1753303660.263479
1753303660.280173
1753303660.296867
1753303660.310158
1753303660.323449
1753303660.342174
1753303660.360899
1753303660.378616
1753303660.396334
1753303660.412552
1753303660.428771
1753303660.444515
1753303660.460259
1753303660.478042
1753303660.495825
1753303660.512550
1753303660.529276
1753303660.545608
1753303660.561940
1753303660.578156
1753303660.594372
1753303660.612083
1753303660.629795
1753303660.646282
1753303660.662769
1753303660.678432
1753303660.694094
1753303660.709869
1753303660.725645
1753303660.744788
1753303660.763931
1753303660.781059
1753303660.798187
1753303660.815017
1753303660.831848
1753303660.845461
1753303660.859075
1753303660.878726
1753303660.898378
1753303660.914606
1753303660.930834
1753303660.948002
1753303660.965170
1753303660.979463
1753303660.993755
1753303661.010569
1753303661.027382
1753303661.046998
1753303661.066614
1753303661.081081
1753303661.095549
1753303661.112288
1753303661.129028
1753303661.145224
1753303661.161420
1753303661.179595
1753303661.197771
1753303661.214462
1753303661.231153
1753303661.244477
1753303661.257800
1753303661.277256
1753303661.296712
1753303661.313375
1753303661.330038
1753303661.346433
1753303661.362828
1753303661.377420
1753303661.392013
1753303661.410567
1753303661.429120
1753303661.445400
1753303661.461680
1753303661.478295
1753303661.494910
1753303661.510779
1753303661.526648
1753303661.544724
1753303661.562799
1753303661.579372
1753303661.595946
1753303661.613031
1753303661.630117
1753303661.645238
1753303661.660360
1753303661.677547
1753303661.694733
1753303661.710635
1753303661.726538
1753303661.745027
1753303661.763516
1753303661.777762
1753303661.792008
1753303661.811287
1753303661.830566
1753303661.847269
1753303661.863971
1753303661.880420
1753303661.896870
1753303661.911197
1753303661.925524
1753303661.945148
1753303661.964773
1753303661.980693
1753303661.996613
1753303662.013508
1753303662.030403
1753303662.044185
1753303662.057968
1753303662.077352
1753303662.096735
1753303662.113046
1753303662.129357
1753303662.146219
1753303662.163080
1753303662.177488
1753303662.191896
1753303662.211081
1753303662.230265
1753303662.247387
1753303662.264510
1753303662.281567
1753303662.298623
1753303662.312483
1753303662.326342
1753303662.344080
1753303662.361819
1753303662.379464
1753303662.397109
1753303662.413981
1753303662.430854
1753303662.446070
1753303662.461285
1753303662.478814
1753303662.496343
1753303662.513155
1753303662.529966
1753303662.547086
1753303662.564206
1753303662.579417
1753303662.594629
1753303662.612445
1753303662.630261
1753303662.647352
1753303662.664442
1753303662.681555
1753303662.698667
1753303662.711059
1753303662.723450
1753303662.743280
1753303662.763110
1753303662.780393
1753303662.797676
1753303662.814743
1753303662.831810
1753303662.845562
1753303662.859313
1753303662.879533
1753303662.899753
1753303662.914074
1753303662.928396
1753303662.945402
1753303662.962407
1753303662.978754
1753303662.995100
1753303663.012734
1753303663.030368
1753303663.047583
1753303663.064797
1753303663.082320
1753303663.099844
1753303663.113691
1753303663.127539
1753303663.144475
1753303663.161411
1753303663.178596
1753303663.195780
1753303663.213305
1753303663.230831
1753303663.246457
1753303663.262083
1753303663.279293
1753303663.296503
1753303663.313539
1753303663.330575
1753303663.346741
1753303663.362908
1753303663.378730
1753303663.394552
1753303663.412145
1753303663.429738
1753303663.446305
1753303663.462871
1753303663.479850
1753303663.496828
1753303663.511914
1753303663.527001
1753303663.545218
1753303663.563434
1753303663.581118
1753303663.598802
1753303663.613703
1753303663.628604
1753303663.645379
1753303663.662154
1753303663.678875
1753303663.695597
1753303663.711598
1753303663.727599
1753303663.745236
1753303663.762873
1753303663.779141
1753303663.795410
1753303663.813345
1753303663.831281
1753303663.847967
1753303663.864653
1753303663.881424
1753303663.898195
1753303663.912073
1753303663.925951
1753303663.945827
1753303663.965703
1753303663.980911
1753303663.996119
1753303664.013270
1753303664.030421
1753303664.045777
1753303664.061133
1753303664.079215
1753303664.097296
1753303664.113865
1753303664.130434
1753303664.146343
1753303664.162253
1753303664.178318
1753303664.194383
1753303664.212706
1753303664.231029
1753303664.248475
1753303664.265920
1753303664.282350
1753303664.298779
1753303664.312765
1753303664.326751
1753303664.345191
1753303664.363632
1753303664.381037
1753303664.398442
1753303664.415887
1753303664.433333
1753303664.447133
1753303664.460933
1753303664.478722
1753303664.496510
1753303664.511881
1753303664.527252
1753303664.546109
1753303664.564967
1753303664.580280
1753303664.595594
1753303664.613050
1753303664.630506
1753303664.647762
1753303664.665018
1753303664.681185
1753303664.697353
1753303664.710851
1753303664.724349
1753303664.743721
1753303664.763093
1753303664.780239
1753303664.797384
1753303664.814865
1753303664.832346
1753303664.845526
1753303664.858707
1753303664.877059
1753303664.895410
1753303664.911721
1753303664.928031
1753303664.945927
1753303664.963823
1753303664.980011
1753303664.996200
1753303665.013426
1753303665.030652
1753303665.047660
1753303665.064669
1753303665.082046
1753303665.099423
1753303665.114152
1753303665.128881
1753303665.146401
1753303665.163921
1753303665.179571
1753303665.195220
1753303665.210767
1753303665.226313
1753303665.245608
1753303665.264902
1753303665.280445
1753303665.295987
1753303665.313241
1753303665.330496
1753303665.347425
1753303665.364355
1753303665.379677
1753303665.394999
1753303665.412672
1753303665.430345
1753303665.447221
1753303665.464097
1753303665.481549
1753303665.499000
1753303665.512336
1753303665.525672
1753303665.545967
1753303665.566261
1753303665.581016
1753303665.595771
1753303665.614914
1753303665.634058
1753303665.646386
1753303665.658714
1753303665.677916
1753303665.697117
1753303665.711175
1753303665.725233
1753303665.744691
1753303665.764150
1753303665.779206
1753303665.794262
1753303665.812265
1753303665.830268
1753303665.846845
1753303665.863422
1753303665.880696
1753303665.897970
1753303665.912149
1753303665.926328
1753303665.944742
1753303665.963157
1753303665.980518
1753303665.997880
1753303666.015328
1753303666.032776
1753303666.045931
1753303666.059086
1753303666.079200
1753303666.099314
1753303666.114630
1753303666.129947
1753303666.147149
1753303666.164350
1753303666.179899
1753303666.195447
1753303666.213886
1753303666.232325
1753303666.247560
1753303666.262794
1753303666.280694
1753303666.298595
1753303666.313014
1753303666.327432
1753303666.344992
1753303666.362552
1753303666.380055
1753303666.397559
1753303666.415057
1753303666.432556
1753303666.447564
1753303666.462572
1753303666.479614
1753303666.496657
1753303666.514427
1753303666.532197
1753303666.550035
1753303666.567872
1753303666.580861
1753303666.593849
1753303666.612606
1753303666.631362
1753303666.649037
1753303666.666713
1753303666.681474
1753303666.696236
1753303666.710652
1753303666.725069
1753303666.745147
1753303666.765224
1753303666.782336
1753303666.799447
1753303666.816618
1753303666.833789
1753303666.846916
1753303666.860043
1753303666.878778
1753303666.897513
1753303666.915073
1753303666.932633
1753303666.949588
1753303666.966544
1753303666.981081
1753303666.995617
1753303667.015842
1753303667.036067
1753303667.049820
1753303667.063573
1753303667.081081
1753303667.098590
1753303667.113569
1753303667.128549
1753303667.147027
1753303667.165506
1753303667.181103
1753303667.196701
1753303667.214985
1753303667.233269
1753303667.247253
1753303667.261237
1753303667.279536
1753303667.297836
1753303667.315196
1753303667.332555
1753303667.348490
1753303667.364426
1753303667.380127
1753303667.395828
1753303667.414433
1753303667.433039
1753303667.449435
1753303667.465832
1753303667.483250
1753303667.500667
1753303667.514551
1753303667.528435
1753303667.546921
1753303667.565406
1753303667.583304
1753303667.601202
1753303667.617772
1753303667.634341
1753303667.648316
1753303667.662292
1753303667.679664
1753303667.697035
1753303667.712597
1753303667.728159
1753303667.746848
1753303667.765537
1753303667.781561
1753303667.797586
1753303667.815381
1753303667.833175
1753303667.848746
1753303667.864318
1753303667.883650
1753303667.902982
1753303667.915560
1753303667.928139
1753303667.947107
1753303667.966075
1753303667.983088
1753303668.000101
1753303668.016964
1753303668.033828
1753303668.048429
1753303668.063030
1753303668.083190
1753303668.103351
1753303668.116334
1753303668.129318
1753303668.148974
1753303668.168630
1753303668.184610
1753303668.200591
1753303668.213789
1753303668.226987
1753303668.248891
1753303668.270795
1753303668.283960
1753303668.297125
1753303668.315840
1753303668.334555
1753303668.348910
1753303668.363266
1753303668.380953
1753303668.398640
1753303668.415052
1753303668.431464
1753303668.450732
1753303668.470000
1753303668.483536
1753303668.497071
1753303668.514194
1753303668.531318
1753303668.548810
1753303668.566303
1753303668.584613
1753303668.602923
1753303668.616981
1753303668.631039
1753303668.647375
1753303668.663710
1753303668.680835
1753303668.697959
1753303668.713584
1753303668.729210
1753303668.748992
1753303668.768774
1753303668.781919
1753303668.795064
1753303668.813859
1753303668.832654
1753303668.849188
1753303668.865723
1753303668.883710
1753303668.901697
1753303668.915560
1753303668.929424
1753303668.948926
1753303668.968429
1753303668.983546
1753303668.998663
1753303669.014983
1753303669.031304
1753303669.048428
1753303669.065551
1753303669.082947
1753303669.100342
1753303669.117230
1753303669.134119
1753303669.152020
1753303669.169921
1753303669.181926
1753303669.193931
1753303669.214427
1753303669.234922
1753303669.249971
1753303669.265020
1753303669.284791
1753303669.304561
1753303669.316046
1753303669.327531
1753303669.347181
1753303669.366830
1753303669.383133
1753303669.399437
1753303669.416124
1753303669.432812
1753303669.448326
1753303669.463839
1753303669.481039
1753303669.498238
1753303669.516728
1753303669.535218
1753303669.552987
1753303669.570756
1753303669.582706
1753303669.594656
1753303669.613382
1753303669.632108
1753303669.648891
1753303669.665675
1753303669.682884
1753303669.700093
1753303669.713358
1753303669.726624
1753303669.744539
1753303669.762454
1753303669.780096
1753303669.797738
1753303669.813709
1753303669.829681
1753303669.850019
1753303669.870358
1753303669.883225
1753303669.896093
1753303669.917273
1753303669.938453
1753303669.951000
1753303669.963548
1753303669.981615
1753303669.999682
1753303670.016710
1753303670.033738
1753303670.050962
1753303670.068186
1753303670.083799
1753303670.099412
1753303670.114654
1753303670.129896
1753303670.148257
1753303670.166619
1753303670.181695
1753303670.196770
1753303670.215166
1753303670.233562
1753303670.247152
1753303670.260742
1753303670.279290
1753303670.297839
1753303670.315087
1753303670.332335
1753303670.347724
1753303670.363113
1753303670.381050
1753303670.398987
1753303670.416311
1753303670.433635
1753303670.449563
1753303670.465491
1753303670.484385
1753303670.503280
1753303670.516799
1753303670.530318
1753303670.548944
1753303670.567571
1753303670.583465
1753303670.599358
1753303670.619482
1753303670.639605
1753303670.650636
1753303670.661667
1753303670.679382
1753303670.697096
1753303670.714701
1753303670.732305
1753303670.751312
1753303670.770318
1753303670.783683
1753303670.797048
1753303670.815541
1753303670.834034
1753303670.851048
1753303670.868062
1753303670.883789
1753303670.899515
1753303670.915823
1753303670.932132
1753303670.949218
1753303670.966304
1753303670.985619
1753303671.004934
1753303671.018107
1753303671.031281
1753303671.050324
1753303671.069367
1753303671.083218
1753303671.097068
1753303671.114952
1753303671.132836
1753303671.150959
1753303671.169083
1753303671.182474
1753303671.195864
1753303671.215062
1753303671.234260
1753303671.252776
1753303671.271292
1753303671.284788
1753303671.298284
1753303671.315219
1753303671.332155
1753303671.348616
1753303671.365077
1753303671.383245
1753303671.401414
1753303671.420489
1753303671.439565
1753303671.450797
1753303671.462029
1753303671.482858
1753303671.503687
1753303671.517442
1753303671.531198
1753303671.550213
1753303671.569228
1753303671.582410
1753303671.595593
1753303671.614964
1753303671.634334
1753303671.649947
1753303671.665560
1753303671.682421
1753303671.699282
1753303671.713386
1753303671.727489
1753303671.746866
1753303671.766244
1753303671.785639
1753303671.805034
1753303671.818346
1753303671.831658
1753303671.847936
1753303671.864214
1753303671.882295
1753303671.900376
1753303671.918546
1753303671.936716
1753303671.950840
1753303671.964965
1753303671.981349
1753303671.997733
1753303672.015864
1753303672.033995
1753303672.052699
1753303672.071403
1753303672.084447
1753303672.097491
1753303672.113597
1753303672.129703
1753303672.151881
1753303672.174059
1753303672.185551
1753303672.197043
1753303672.216196
1753303672.235349
1753303672.249629
1753303672.263908
1753303672.285320
1753303672.306732
1753303672.318851
1753303672.330969
1753303672.351477
1753303672.371984
1753303672.383837
1753303672.395689
1753303672.414848
1753303672.434007
1753303672.449936
1753303672.465865
1753303672.486839
1753303672.507814
1753303672.518302
1753303672.528790
1753303672.547585
1753303672.566381
1753303672.586459
1753303672.606537
1753303672.618603
1753303672.630668
1753303672.648562
1753303672.666456
1753303672.682325
1753303672.698194
1753303672.716023
1753303672.733852
1753303672.753810
1753303672.773768
1753303672.784813
1753303672.795859
1753303672.814866
1753303672.833873
1753303672.850044
1753303672.866214
1753303672.885926
1753303672.905638
1753303672.917560
1753303672.929482
1753303672.950737
1753303672.971991
1753303672.985360
1753303672.998729
1753303673.018597
1753303673.038465
1753303673.050570
1753303673.062676
1753303673.085913
1753303673.109151
1753303673.119265
1753303673.129378
1753303673.152791
1753303673.176204
1753303673.186258
1753303673.196313
1753303673.215611
1753303673.234910
1753303673.254849
1753303673.274789
1753303673.286129
1753303673.297469
1753303673.315022
1753303673.332576
1753303673.349327
1753303673.366078
1753303673.385894
1753303673.405710
1753303673.418356
1753303673.431003
1753303673.449207
1753303673.467410
1753303673.484822
1753303673.502234
1753303673.520347
1753303673.538460
1753303673.551712
1753303673.564963
1753303673.582546
1753303673.600129
1753303673.618051
1753303673.635972
1753303673.651654
1753303673.667337
1753303673.683465
1753303673.699592
1753303673.714001
1753303673.728410
1753303673.751879
1753303673.775349
1753303673.786352
1753303673.797356
1753303673.816709
1753303673.836061
1753303673.849585
1753303673.863108
1753303673.881889
1753303673.900670
1753303673.919594
1753303673.938517
1753303673.951564
1753303673.964611
1753303673.981445
1753303673.998279
1753303674.016856
1753303674.035433
1753303674.052999
1753303674.070564
1753303674.084455
1753303674.098346
1753303674.114303
1753303674.130260
1753303674.149027
1753303674.167794
1753303674.186270
1753303674.204746
1753303674.218398
1753303674.232050
1753303674.248359
1753303674.264669
1753303674.283457
1753303674.302245
1753303674.319927
1753303674.337608
1753303674.351575
1753303674.365542
1753303674.381896
1753303674.398249
1753303674.417255
1753303674.436261
1753303674.452199
1753303674.468138
1753303674.489038
1753303674.509937
1753303674.520061
1753303674.530184
1753303674.552764
1753303674.575345
1753303674.586549
1753303674.597752
1753303674.618742
1753303674.639733
1753303674.651646
1753303674.663558
1753303674.683140
1753303674.702721
1753303674.718574
1753303674.734426
1753303674.754839
1753303674.775252
1753303674.785989
1753303674.796725
1753303674.819718
1753303674.842711
1753303674.853579
1753303674.864446
1753303674.886461
1753303674.908476
1753303674.919538
1753303674.930599
1753303674.949903
1753303674.969206
1753303674.983955
1753303674.998704
1753303675.019329
1753303675.039954
1753303675.051785
1753303675.063617
1753303675.086741
1753303675.109865
1753303675.119962
1753303675.130059
1753303675.152999
1753303675.175940
1753303675.186484
1753303675.197028
1753303675.218007
1753303675.238986
1753303675.251666
1753303675.264346
1753303675.281107
1753303675.297868
1753303675.316981
1753303675.336094
1753303675.350379
1753303675.364663
1753303675.383664
1753303675.402665
1753303675.422413
1753303675.442162
1753303675.452985
1753303675.463808
1753303675.484849
1753303675.505890
1753303675.519427
1753303675.532965
1753303675.553986
1753303675.575006
1753303675.586082
1753303675.597158
1753303675.618566
1753303675.639973
1753303675.652414
1753303675.664856
1753303675.683743
1753303675.702629
1753303675.715978
1753303675.729327
1753303675.750576
1753303675.771825
1753303675.785407
1753303675.798988
1753303675.819620
1753303675.840251
1753303675.851951
1753303675.863651
1753303675.882344
1753303675.901038
1753303675.915777
1753303675.930517
1753303675.948814
1753303675.967112
1753303675.983332
1753303675.999552
1753303676.018893
1753303676.038235
1753303676.052511
1753303676.066787
1753303676.087889
1753303676.108991
1753303676.119348
1753303676.129705
1753303676.153262
1753303676.176819
1753303676.187299
1753303676.197778
1753303676.218508
1753303676.239237
1753303676.251795
1753303676.264353
1753303676.284962
1753303676.305571
1753303676.319240
1753303676.332909
1753303676.353149
1753303676.373390
1753303676.385642
1753303676.397894
1753303676.418332
1753303676.438769
1753303676.452860
1753303676.466951
1753303676.488014
1753303676.509077
1753303676.524477
1753303676.539877
1753303676.552094
1753303676.564310
1753303676.585696
1753303676.607082
1753303676.619755
1753303676.632428
1753303676.653683
1753303676.674939
1753303676.686479
1753303676.698018
1753303676.716349
1753303676.734679
1753303676.754563
1753303676.774447
1753303676.786609
1753303676.798771
1753303676.819699
1753303676.840628
1753303676.852643
1753303676.864659
1753303676.885133
1753303676.905607
1753303676.920675
1753303676.935743
1753303676.956926
1753303676.978109
1753303676.988018
1753303676.997927
1753303677.019597
1753303677.041267
1753303677.054818
1753303677.068369
1753303677.089576
1753303677.110784
1753303677.120611
1753303677.130438
1753303677.153095
1753303677.175752
1753303677.187243
1753303677.198735
1753303677.219769
1753303677.240803
1753303677.252778
1753303677.264753
1753303677.286077
1753303677.307402
1753303677.321147
1753303677.334892
1753303677.353885
1753303677.372878
1753303677.385640
1753303677.398401
1753303677.419312
1753303677.440222
1753303677.453920
1753303677.467619
1753303677.489192
1753303677.510766
1753303677.521225
1753303677.531685
1753303677.551548
1753303677.571411
1753303677.587674
1753303677.603937
1753303677.622754
1753303677.641571
1753303677.653420
1753303677.665269
1753303677.684303
1753303677.703337
1753303677.719316
1753303677.735296
1753303677.754843
1753303677.774391
1753303677.786448
1753303677.798506
1753303677.818351
1753303677.838195
1753303677.852632
1753303677.867069
1753303677.888290
1753303677.909512
1753303677.920578
1753303677.931645
1753303677.952407
1753303677.973169
1753303677.987369
1753303678.001569
1753303678.022975
1753303678.044381
1753303678.054607
1753303678.064834
1753303678.086336
1753303678.107838
1753303678.119465
1753303678.131093
1753303678.154222
1753303678.177352
1753303678.187933
1753303678.198514
1753303678.220464
1753303678.242413
1753303678.253844
1753303678.265275
1753303678.287320
1753303678.309364
1753303678.320562
1753303678.331760
1753303678.352681
1753303678.373602
1753303678.387749
1753303678.401896
1753303678.422326
1753303678.442756
1753303678.453969
1753303678.465182
1753303678.488020
1753303678.510859
1753303678.521388
1753303678.531916
1753303678.553871
1753303678.575826
1753303678.587242
1753303678.598658
1753303678.619242
1753303678.639826
1753303678.655881
1753303678.671937
1753303678.687159
1753303678.702381
1753303678.716556
1753303678.730730
1753303678.754536
1753303678.778342
1753303678.788543
1753303678.798743
1753303678.820192
1753303678.841641
1753303678.853619
1753303678.865597
1753303678.886432
1753303678.907267
1753303678.922699
1753303678.938132
1753303678.956139
1753303678.974146
1753303678.986647
1753303678.999148
1753303679.020633
1753303679.042118
1753303679.053936
1753303679.065753
1753303679.086969
1753303679.108185
1753303679.120241
1753303679.132296
1753303679.154327
1753303679.176359
1753303679.187738
1753303679.199117
1753303679.221111
1753303679.243106
1753303679.254466
1753303679.265826
1753303679.287310
1753303679.308793
1753303679.322313
1753303679.335832
1753303679.355558
1753303679.375285
1753303679.387199
1753303679.399114
1753303679.420300
1753303679.441485
1753303679.454963
1753303679.468441
1753303679.489918
1753303679.511396
1753303679.521832
1753303679.532268
1753303679.553362
1753303679.574456
1753303679.587862
1753303679.601268
1753303679.622778
1753303679.644288
1753303679.655014
1753303679.665739
1753303679.685399
1753303679.705059
1753303679.721102
1753303679.737146
1753303679.757034
1753303679.776923
1753303679.787886
1753303679.798849
1753303679.820556
1753303679.842262
1753303679.854105
1753303679.865947
1753303679.887952
1753303679.909957
1753303679.921216
1753303679.932474
1753303679.953831
1753303679.975189
1753303679.987761
1753303680.000333
1753303680.020186
1753303680.040039
1753303680.053221
1753303680.066403
1753303680.088074
1753303680.109746
1753303680.121452
1753303680.133158
1753303680.154931
1753303680.176703
1753303680.188165
1753303680.199627
1753303680.221131
1753303680.242636
1753303680.254366
1753303680.266096
1753303680.288550
1753303680.311004
1753303680.321889
1753303680.332775
1753303680.350747
1753303680.368719
1753303680.385509
1753303680.402299
1753303680.420282
1753303680.438266
1753303680.452268
1753303680.466270
1753303680.484394
1753303680.502517
1753303680.520363
1753303680.538210
1753303680.553992
1753303680.569774
1753303680.584657
1753303680.599541
1753303680.618392
1753303680.637243
1753303680.653319
1753303680.669395
1753303680.685120
1753303680.700844
1753303680.719589
1753303680.738335
1753303680.751988
1753303680.765642
1753303680.783854
1753303680.802065
1753303680.819803
1753303680.837541
1753303680.852082
1753303680.866623
1753303680.887941
1753303680.909260
1753303680.922848
1753303680.936437
1753303680.957550
1753303680.978663
1753303680.989319
1753303680.999976
1753303681.021953
1753303681.043929
1753303681.055656
1753303681.067383
1753303681.089030
1753303681.110677
1753303681.122463
1753303681.134249
1753303681.152915
1753303681.171580
1753303681.186976
1753303681.202372
1753303681.220788
1753303681.239205
1753303681.252944
1753303681.266682
1753303681.288090
1753303681.309497
1753303681.323040
1753303681.336584
1753303681.352955
1753303681.369326
1753303681.386780
1753303681.404234
1753303681.421505
1753303681.438777
1753303681.457821
1753303681.476866
1753303681.490746
1753303681.504627
1753303681.520472
1753303681.536316
1753303681.556516
1753303681.576717
1753303681.591105
1753303681.605492
1753303681.623794
1753303681.642095
1753303681.655210
1753303681.668324
1753303681.687121
1753303681.705918
1753303681.721951
1753303681.737983
1753303681.756433
1753303681.774883
1753303681.787703
1753303681.800523
1753303681.821917
1753303681.843311
1753303681.856432
1753303681.869553
1753303681.890671
1753303681.911789
1753303681.922659
1753303681.933530
1753303681.954621
1753303681.975712
1753303681.989601
1753303682.003490
1753303682.024544
1753303682.045597
1753303682.056201
1753303682.066805
1753303682.089470
1753303682.112136
1753303682.123465
1753303682.134794
1753303682.156554
1753303682.178313
1753303682.189234
1753303682.200155
1753303682.222116
1753303682.244076
1753303682.256069
1753303682.268062
1753303682.288473
1753303682.308883
1753303682.321364
1753303682.333845
1753303682.354927
1753303682.376008
1753303682.390301
1753303682.404594
1753303682.424852
1753303682.445111
1753303682.456082
1753303682.467054
1753303682.489838
1753303682.512622
1753303682.523936
1753303682.535250
1753303682.556695
1753303682.578139
1753303682.589341
1753303682.600543
1753303682.622348
1753303682.644153
1753303682.656298
1753303682.668443
1753303682.689370
1753303682.710297
1753303682.721911
1753303682.733526
1753303682.755554
1753303682.777583
1753303682.789881
1753303682.802179
1753303682.823381
1753303682.844583
1753303682.856034
1753303682.867484
1753303682.889239
1753303682.910993
1753303682.923512
1753303682.936031
1753303682.957295
1753303682.978560
1753303682.989510
1753303683.000460
1753303683.023189
1753303683.045917
1753303683.057331
1753303683.068745
1753303683.089955
1753303683.111165
1753303683.122627
1753303683.134088
1753303683.155500
1753303683.176912
1753303683.189534
1753303683.202156
1753303683.223758
1753303683.245360
1753303683.256374
1753303683.267389
1753303683.289925
1753303683.312461
1753303683.323356
1753303683.334251
1753303683.354734
1753303683.375217
1753303683.388163
1753303683.401109
1753303683.422158
1753303683.443208
1753303683.457670
1753303683.472133
1753303683.492311
1753303683.512489
1753303683.523363
1753303683.534236
1753303683.555812
1753303683.577389
1753303683.590286
1753303683.603183
1753303683.623802
1753303683.644421
1753303683.656090
1753303683.667760
1753303683.684060
1753303683.700360
1753303683.719418
1753303683.738476
1753303683.755116
1753303683.771756
1753303683.785797
1753303683.799837
1753303683.819362
1753303683.838886
1753303683.854761
1753303683.870636
1753303683.888408
1753303683.906180
1753303683.919976
1753303683.933773
1753303683.952783
1753303683.971792
1753303683.988897
1753303684.006002
1753303684.022251
1753303684.038500
1753303684.052547
1753303684.066593
1753303684.086050
1753303684.105506
1753303684.120564
1753303684.135623
1753303684.153539
1753303684.171455
1753303684.186196
1753303684.200938
1753303684.218849
1753303684.236760
1753303684.254683
1753303684.272605
1753303684.289560
1753303684.306515
1753303684.321323
1753303684.336132
1753303684.354414
1753303684.372696
1753303684.392339
1753303684.411982
1753303684.425028
1753303684.438074
1753303684.458349
1753303684.478623
1753303684.491274
1753303684.503926
1753303684.524935
1753303684.545945
1753303684.559033
1753303684.572122
1753303684.587754
1753303684.603386
1753303684.623462
1753303684.643538
1753303684.659131
1753303684.674723
1753303684.689763
1753303684.704802
1753303684.720508
1753303684.736213
1753303684.756944
1753303684.777675
1753303684.792442
1753303684.807209
1753303684.825731
1753303684.844253
1753303684.861828
1753303684.879403
1753303684.890566
1753303684.901729
1753303684.922889
1753303684.944048
1753303684.959356
1753303684.974664
1753303684.992830
1753303685.010996
1753303685.025698
1753303685.040399
1753303685.057823
1753303685.075246
1753303685.090048
1753303685.104849
1753303685.123723
1753303685.142597
1753303685.160705
1753303685.178813
1753303685.191914
1753303685.205014
1753303685.224983
1753303685.244952
1753303685.259830
1753303685.274709
1753303685.293211
1753303685.311712
1753303685.323118
1753303685.334524
1753303685.351757
1753303685.368989
1753303685.390723
1753303685.412456
1753303685.426808
1753303685.441160
1753303685.457670
1753303685.474180
1753303685.491364
1753303685.508549
1753303685.526979
1753303685.545409
1753303685.558980
1753303685.572551
1753303685.588876
1753303685.605201
1753303685.623815
1753303685.642429
1753303685.659999
1753303685.677569
1753303685.691985
1753303685.706401
1753303685.720829
1753303685.735257
1753303685.756978
1753303685.778699
1753303685.791758
1753303685.804817
1753303685.825351
1753303685.845884
1753303685.857251
1753303685.868618
1753303685.891244
1753303685.913870
1753303685.925647
1753303685.937424
1753303685.958042
1753303685.978660
1753303685.990240
1753303686.001819
1753303686.023677
1753303686.045536
1753303686.058663
1753303686.071790
1753303686.092123
1753303686.112455
1753303686.123951
1753303686.135447
1753303686.157041
1753303686.178634
1753303686.193534
1753303686.208435
1753303686.226640
1753303686.244845
1753303686.257020
1753303686.269194
1753303686.288146
1753303686.307098
1753303686.326523
1753303686.345948
1753303686.358583
1753303686.371219
1753303686.389353
1753303686.407487
1753303686.425675
1753303686.443863
1753303686.460856
1753303686.477850
1753303686.493446
1753303686.509042
1753303686.523355
1753303686.537667
1753303686.558322
1753303686.578978
1753303686.592729
1753303686.606479
1753303686.625206
1753303686.643934
1753303686.657122
1753303686.670309
1753303686.689465
1753303686.708620
1753303686.724624
1753303686.740628
1753303686.756274
1753303686.771921
1753303686.788153
1753303686.804385
1753303686.820992
1753303686.837599
1753303686.854295
1753303686.870992
1753303686.891714
1753303686.912436
1753303686.924265
1753303686.936094
1753303686.957535
1753303686.978976
1753303686.992693
1753303687.006410
1753303687.026249
1753303687.046089
1753303687.057836
1753303687.069583
1753303687.090732
1753303687.111881
1753303687.126504
1753303687.141128
1753303687.160074
1753303687.179020
1753303687.192446
1753303687.205871
1753303687.224923
1753303687.243974
1753303687.261523
1753303687.279071
1753303687.294670
1753303687.310269
1753303687.323925
1753303687.337582
1753303687.356144
1753303687.374707
1753303687.393715
1753303687.412723
1753303687.427257
1753303687.441791
1753303687.456963
1753303687.472134
1753303687.492363
1753303687.512593
1753303687.527233
1753303687.541873
1753303687.559855
1753303687.577836
1753303687.590255
1753303687.602673
1753303687.623587
1753303687.644501
1753303687.659106
1753303687.673711
1753303687.691534
1753303687.709357
1753303687.722363
1753303687.735369
1753303687.757128
1753303687.778887
1753303687.792411
1753303687.805935
1753303687.826006
1753303687.846078
1753303687.857857
1753303687.869637
1753303687.890994
1753303687.912350
1753303687.926121
1753303687.939891
1753303687.959419
1753303687.978946
1753303687.990955
1753303688.002965
1753303688.024382
1753303688.045798
1753303688.060688
1753303688.075577
1753303688.092985
1753303688.110393
1753303688.123623
1753303688.136853
1753303688.157700
1753303688.178546
1753303688.193474
1753303688.208402
1753303688.225881
1753303688.243359
1753303688.256984
1753303688.270609
1753303688.291534
1753303688.312460
1753303688.327596
1753303688.342733
1753303688.358406
1753303688.374078
1753303688.390401
1753303688.406725
1753303688.426372
1753303688.446019
1753303688.460303
1753303688.474588
1753303688.494316
1753303688.514043
1753303688.525428
1753303688.536813
1753303688.557881
1753303688.578949
1753303688.594436
1753303688.609923
1753303688.627821
1753303688.645720
1753303688.657958
1753303688.670195
1753303688.690840
1753303688.711484
1753303688.727489
1753303688.743495
1753303688.761550
1753303688.779605
1753303688.791872
1753303688.804138
1753303688.825226
1753303688.846315
1753303688.860442
1753303688.874570
1753303688.893760
1753303688.912950
1753303688.925758
1753303688.938567
1753303688.958882
1753303688.979197
1753303688.994638
1753303689.010080
1753303689.028058
1753303689.046036
1753303689.058824
1753303689.071612
1753303689.092096
1753303689.112581
1753303689.127344
1753303689.142106
1753303689.160385
1753303689.178664
1753303689.193290
1753303689.207915
1753303689.226063
1753303689.244211
1753303689.261544
1753303689.278878
1753303689.294694
1753303689.310510
1753303689.326432
1753303689.342355
1753303689.358794
1753303689.375233
1753303689.393693
1753303689.412153
1753303689.428807
1753303689.445462
1753303689.459499
1753303689.473536
1753303689.492535
1753303689.511533
1753303689.528474
1753303689.545415
1753303689.561367
1753303689.577318
1753303689.593004
1753303689.608689
1753303689.625880
1753303689.643070
1753303689.661285
1753303689.679500
1753303689.695085
1753303689.710670
1753303689.723565
1753303689.736460
1753303689.758533
1753303689.780607
1753303689.793134
1753303689.805662
1753303689.826414
1753303689.847166
1753303689.859028
1753303689.870890
1753303689.891659
1753303689.912428
1753303689.928163
1753303689.943898
1753303689.961507
1753303689.979117
1753303689.991643
1753303690.004170
1753303690.025622
1753303690.047075
1753303690.062304
1753303690.077534
1753303690.095097
1753303690.112660
1753303690.125684
1753303690.138709
1753303690.158935
1753303690.179160
1753303690.195023
1753303690.210886
1753303690.228449
1753303690.246012
1753303690.258854
1753303690.271696
1753303690.292119
1753303690.312541
1753303690.326753
1753303690.340965
1753303690.360534
1753303690.380103
1753303690.392306
1753303690.404508
1753303690.424554
1753303690.444600
1753303690.461561
1753303690.478522
1753303690.494780
1753303690.511038
1753303690.525366
1753303690.539693
1753303690.558680
1753303690.577667
1753303690.595074
1753303690.612481
1753303690.627846
1753303690.643211
1753303690.659226
1753303690.675241
1753303690.693319
1753303690.711398
1753303690.728518
1753303690.745639
1753303690.761670
1753303690.777700
1753303690.793036
1753303690.808372
1753303690.826591
1753303690.844809
1753303690.861460
1753303690.878111
1753303690.894680
1753303690.911249
1753303690.925748
1753303690.940247
1753303690.960382
1753303690.980517
1753303690.995539
1753303691.010561
1753303691.028368
1753303691.046174
1753303691.059427
1753303691.072681
1753303691.093233
1753303691.113785
1753303691.128130
1753303691.142476
1753303691.162141
1753303691.181806
1753303691.193655
1753303691.205504
1753303691.226220
1753303691.246936
1753303691.262559
1753303691.278182
1753303691.295114
1753303691.312046
1753303691.327459
1753303691.342872
1753303691.359610
1753303691.376348
1753303691.395204
1753303691.414060
1753303691.429425
1753303691.444790
1753303691.461589
1753303691.478389
1753303691.494071
1753303691.509754
1753303691.527808
1753303691.545863
1753303691.562496
1753303691.579129
1753303691.592295
1753303691.605461
1753303691.625557
1753303691.645653
1753303691.661435
1753303691.677217
1753303691.694878
1753303691.712538
1753303691.725614
1753303691.738689
1753303691.759099
1753303691.779508
1753303691.793715
1753303691.807921
1753303691.827243
1753303691.846565
1753303691.859277
1753303691.871990
1753303691.892295
1753303691.912600
1753303691.926227
1753303691.939854
1753303691.957710
1753303691.975566
1753303691.992882
1753303692.010198
1753303692.027587
1753303692.044976
1753303692.062495
1753303692.080014
1753303692.095623
1753303692.111232
1753303692.126427
1753303692.141622
1753303692.160007
1753303692.178393
1753303692.194849
1753303692.211304
1753303692.228859
1753303692.246415
1753303692.259525
1753303692.272635
1753303692.292463
1753303692.312291
1753303692.328578
1753303692.344866
1753303692.361266
1753303692.377666
1753303692.392529
1753303692.407392
1753303692.426200
1753303692.445009
1753303692.462502
1753303692.479995
1753303692.494256
1753303692.508518
1753303692.526741
1753303692.544964
1753303692.560864
1753303692.576765
1753303692.594652
1753303692.612539
1753303692.629336
1753303692.646133
1753303692.660290
1753303692.674446
1753303692.692912
1753303692.711378
1753303692.728667
1753303692.745957
1753303692.762100
1753303692.778244
1753303692.793726
1753303692.809209
1753303692.828108
1753303692.847007
1753303692.861998
1753303692.876988
1753303692.894802
1753303692.912616
1753303692.926741
1753303692.940865
1753303692.959939
1753303692.979014
1753303692.994627
1753303693.010241
1753303693.027490
1753303693.044738
1753303693.059535
1753303693.074331
1753303693.093287
1753303693.112242
1753303693.128037
1753303693.143832
1753303693.160686
1753303693.177540
1753303693.195163
1753303693.212787
1753303693.225841
1753303693.238894
1753303693.259398
1753303693.279902
1753303693.295961
1753303693.312020
1753303693.328833
1753303693.345645
1753303693.362930
1753303693.380216
1753303693.393324
1753303693.406432
1753303693.425785
1753303693.445138
1753303693.462374
1753303693.479610
1753303693.495734
1753303693.511858
1753303693.527508
1753303693.543159
1753303693.561265
1753303693.579371
1753303693.595533
1753303693.611696
1753303693.627657
1753303693.643618
1753303693.659928
1753303693.676237
1753303693.694257
1753303693.712278
1753303693.729213
1753303693.746149
1753303693.762750
1753303693.779351
1753303693.794836
1753303693.810320
1753303693.826157
1753303693.841993
1753303693.860520
1753303693.879047
1753303693.894238
1753303693.909429
1753303693.926993
1753303693.944557
1753303693.960579
1753303693.976601
1753303693.994822
1753303694.013042
1753303694.029064
1753303694.045086
1753303694.060851
1753303694.076616
1753303694.094346
1753303694.112076
1753303694.128999
1753303694.145922
1753303694.162276
1753303694.178630
1753303694.194137
1753303694.209643
1753303694.228294
1753303694.246946
1753303694.263588
1753303694.280231
1753303694.296030
1753303694.311829
1753303694.326669
1753303694.341508
1753303694.360993
1753303694.380478
1753303694.395806
1753303694.411135
1753303694.428790
1753303694.446444
1753303694.460185
1753303694.473926
1753303694.492908
1753303694.511890
1753303694.529001
1753303694.546112
1753303694.562536
1753303694.578959
1753303694.593877
1753303694.608796
1753303694.627176
1753303694.645556
1753303694.662971
1753303694.680385
1753303694.696661
1753303694.712937
1753303694.727069
1753303694.741201
1753303694.760598
1753303694.779996
1753303694.796685
1753303694.813374
1753303694.829711
1753303694.846048
1753303694.860932
1753303694.875816
1753303694.895128
1753303694.914440
1753303694.930583
1753303694.946727
1753303694.964000
1753303694.981273
1753303694.994048
1753303695.006822
1753303695.026004
1753303695.045185
1753303695.062199
1753303695.079212
1753303695.095625
1753303695.112039
1753303695.126896
1753303695.141753
1753303695.161213
1753303695.180674
1753303695.196277
1753303695.211879
1753303695.226346
1753303695.240814
1753303695.261040
1753303695.281266
1753303695.295985
1753303695.310704
1753303695.328472
1753303695.346240
1753303695.363154
1753303695.380069
1753303695.392884
1753303695.405700
1753303695.423574
1753303695.441449
1753303695.461644
1753303695.481840
1753303695.496855
1753303695.511871
1753303695.528193
1753303695.544515
1753303695.561707
1753303695.578898
1753303695.595336
1753303695.611774
1753303695.629045
1753303695.646315
1753303695.661884
1753303695.677453
1753303695.694732
1753303695.712011
1753303695.729116
1753303695.746222
1753303695.763466
1753303695.780711
1753303695.794581
1753303695.808452
1753303695.828213
1753303695.847975
1753303695.862708
1753303695.877440
1753303695.895391
1753303695.913341
1753303695.927366
1753303695.941391
1753303695.961637
1753303695.981884
1753303695.997132
1753303696.012380
1753303696.028903
1753303696.045425
1753303696.061347
1753303696.077270
1753303696.094735
1753303696.112200
1753303696.129160
1753303696.146121
1753303696.162970
1753303696.179819
1753303696.193507
1753303696.207195
1753303696.227497
1753303696.247799
1753303696.263305
1753303696.278811
1753303696.295123
1753303696.311434
1753303696.326222
1753303696.341011
1753303696.360244
1753303696.379476
1753303696.396177
1753303696.412878
1753303696.429276
1753303696.445673
1753303696.459666
1753303696.473658
1753303696.492857
1753303696.512056
1753303696.528195
1753303696.544334
1753303696.563044
1753303696.581753
1753303696.594447
1753303696.607141
1753303696.625344
1753303696.643547
1753303696.662004
1753303696.680460
1753303696.696982
1753303696.713505
1753303696.727701
1753303696.741897
1753303696.760048
1753303696.778200
1753303696.794315
1753303696.810431
1753303696.826932
1753303696.843433
1753303696.858341
1753303696.873248
1753303696.893159
1753303696.913071
1753303696.929909
1753303696.946748
1753303696.963748
1753303696.980749
1753303696.994276
1753303697.007802
1753303697.026114
1753303697.044427
1753303697.062629
1753303697.080832
1753303697.097913
1753303697.114993
1753303697.128077
1753303697.141161
1753303697.161292
1753303697.181422
1753303697.197883
1753303697.214344
1753303697.231556
1753303697.248768
1753303697.261419
1753303697.274069
1753303697.292968
1753303697.311867
1753303697.328948
1753303697.346030
1753303697.363001
1753303697.379972
1753303697.394371
1753303697.408770
1753303697.429206
1753303697.449642
1753303697.464490
1753303697.479339
1753303697.496610
1753303697.513882
1753303697.528391
1753303697.542901
1753303697.562721
1753303697.582541
1753303697.597384
1753303697.612228
1753303697.629397
1753303697.646567
1753303697.661440
1753303697.676313
1753303697.694376
1753303697.712440
1753303697.729174
1753303697.745907
1753303697.763319
1753303697.780732
1753303697.794194
1753303697.807656
1753303697.827893
1753303697.848131
1753303697.864236
1753303697.880341
1753303697.897653
1753303697.914965
1753303697.928062
1753303697.941160
1753303697.961051
1753303697.980943
1753303697.997138
1753303698.013332
1753303698.030461
1753303698.047590
1753303698.061148
1753303698.074706
1753303698.094945
1753303698.115185
1753303698.131151
1753303698.147117
1753303698.164313
1753303698.181509
1753303698.194686
1753303698.207864
1753303698.228282
1753303698.248701
1753303698.263647
1753303698.278592
1753303698.295265
1753303698.311937
1753303698.328296
1753303698.344655
1753303698.363194
1753303698.381732
1753303698.398221
1753303698.414710
1753303698.431991
1753303698.449271
1753303698.462229
1753303698.475186
1753303698.495486
1753303698.515787
1753303698.531040
1753303698.546293
1753303698.563380
1753303698.580468
1753303698.596265
1753303698.612062
1753303698.629274
1753303698.646487
1753303698.664263
1753303698.682039
1753303698.697508
1753303698.712978
1753303698.727330
1753303698.741683
1753303698.761438
1753303698.781193
1753303698.798641
1753303698.816089
1753303698.831127
1753303698.846165
1753303698.860796
1753303698.875427
1753303698.895453
1753303698.915479
1753303698.932034
1753303698.948588
1753303698.965538
1753303698.982487
1753303698.995551
1753303699.008614
1753303699.028923
1753303699.049231
1753303699.064750
1753303699.080269
1753303699.097765
1753303699.115262
1753303699.128761
1753303699.142260
1753303699.162378
1753303699.182495
1753303699.199045
1753303699.215595
1753303699.231105
1753303699.246616
1753303699.262625
1753303699.278635
1753303699.296111
1753303699.313587
1753303699.330426
1753303699.347264
1753303699.364197
1753303699.381131
1753303699.395974
1753303699.410817
1753303699.430110
1753303699.449403
1753303699.464521
1753303699.479639
1753303699.496897
1753303699.514154
1753303699.529675
1753303699.545195
1753303699.563445
1753303699.581695
1753303699.599171
1753303699.616646
1753303699.632763
1753303699.648881
1753303699.662387
1753303699.675894
1753303699.695250
1753303699.714606
1753303699.731192
1753303699.747778
1753303699.765277
1753303699.782776
1753303699.795842
1753303699.808907
1753303699.829344
1753303699.849780
1753303699.863677
1753303699.877574
1753303699.896012
1753303699.914450
1753303699.929391
1753303699.944332
1753303699.961977
1753303699.979621
1753303699.996457
1753303700.013292
1753303700.030526
1753303700.047759
1753303700.063042
1753303700.078325
1753303700.096282
1753303700.114240
1753303700.130631
1753303700.147023
1753303700.163707
1753303700.180391
1753303700.195757
1753303700.211123
1753303700.230072
1753303700.249021
1753303700.264703
1753303700.280384
1753303700.297261
1753303700.314138
1753303700.328321
1753303700.342505
1753303700.362043
1753303700.381582
1753303700.398202
1753303700.414823
1753303700.432449
1753303700.450075
1753303700.463637
1753303700.477200
1753303700.496429
1753303700.515658
1753303700.533082
1753303700.550507
1753303700.564971
1753303700.579436
1753303700.595685
1753303700.611934
1753303700.630992
1753303700.650051
1753303700.665329
1753303700.680608
1753303700.697331
1753303700.714055
1753303700.730106
1753303700.746157
1753303700.763602
1753303700.781047
1753303700.798533
1753303700.816020
1753303700.832860
1753303700.849701
1753303700.863375
1753303700.877049
1753303700.896160
1753303700.915271
1753303700.932332
1753303700.949393
1753303700.965116
1753303700.980838
1753303700.997184
1753303701.013529
1753303701.030980
1753303701.048430
1753303701.066250
1753303701.084071
1753303701.099377
1753303701.114683
1753303701.130773
1753303701.146863
1753303701.164794
1753303701.182726
1753303701.199462
1753303701.216199
1753303701.232069
1753303701.247939
1753303701.263740
1753303701.279541
1753303701.296752
1753303701.313963
1753303701.333537
1753303701.353111
1753303701.366539
1753303701.379967
1753303701.397226
1753303701.414486
1753303701.430523
1753303701.446560
1753303701.464478
1753303701.482397
1753303701.499183
1753303701.515968
1753303701.533432
1753303701.550896
1753303701.563666
1753303701.576437
1753303701.594965
1753303701.613493
1753303701.631634
1753303701.649775
1753303701.666222
1753303701.682668
1753303701.698208
1753303701.713748
1753303701.730791
1753303701.747834
1753303701.764817
1753303701.781801
1753303701.797925
1753303701.814050
1753303701.834059
1753303701.854069
1753303701.865457
1753303701.876845
1753303701.895497
1753303701.914150
1753303701.932334
1753303701.950518
1753303701.965916
1753303701.981314
1753303701.996633
1753303702.011952
1753303702.031429
1753303702.050907
1753303702.065932
1753303702.080958
1753303702.099226
1753303702.117495
1753303702.130975
1753303702.144456
1753303702.164572
1753303702.184689
1753303702.199712
1753303702.214735
1753303702.233155
1753303702.251576
1753303702.265162
1753303702.278748
1753303702.298756
1753303702.318763
1753303702.333073
1753303702.347382
1753303702.364740
1753303702.382098
1753303702.397396
1753303702.412694
1753303702.430974
1753303702.449255
1753303702.465358
1753303702.481461
1753303702.499681
1753303702.517901
1753303702.530701
1753303702.543501
1753303702.563402
1753303702.583304
1753303702.599615
1753303702.615925
1753303702.633369
1753303702.650814
1753303702.663898
1753303702.676982
1753303702.696238
1753303702.715493
1753303702.732320
1753303702.749147
1753303702.766594
1753303702.784041
1753303702.797299
1753303702.810558
1753303702.829237
1753303702.847916
1753303702.865877
1753303702.883838
1753303702.900880
1753303702.917922
1753303702.931127
1753303702.944332
1753303702.962945
1753303702.981557
1753303702.998506
1753303703.015455
1753303703.033372
1753303703.051290
1753303703.065660
1753303703.080030
1753303703.100346
1753303703.120662
1753303703.133533
1753303703.146404
1753303703.167269
1753303703.188134
1753303703.199968
1753303703.211802
1753303703.230517
1753303703.249233
1753303703.266601
1753303703.283968
1753303703.301119
1753303703.318270
1753303703.332360
1753303703.346450
1753303703.363850
1753303703.381250
1753303703.398752
1753303703.416254
1753303703.433188
1753303703.450122
1753303703.464388
1753303703.478654
1753303703.500043
1753303703.521433
1753303703.534243
1753303703.547052
1753303703.567754
1753303703.588456
1753303703.599583
1753303703.610710
1753303703.630470
1753303703.650231
1753303703.666340
1753303703.682449
1753303703.698098
1753303703.713746
1753303703.730356
1753303703.746966
1753303703.764781
1753303703.782596
1753303703.803338
1753303703.824079
1753303703.834998
1753303703.845917
1753303703.862864
1753303703.879810
1753303703.898261
1753303703.916712
1753303703.932741
1753303703.948770
1753303703.967221
1753303703.985673
1753303703.998488
1753303704.011304
1753303704.031712
1753303704.052120
1753303704.066732
1753303704.081345
1753303704.099938
1753303704.118531
1753303704.131761
1753303704.144991
1753303704.166430
1753303704.187870
1753303704.200859
1753303704.213848
1753303704.232536
1753303704.251223
1753303704.264814
1753303704.278405
1753303704.298852
1753303704.319299
1753303704.333370
1753303704.347441
1753303704.365124
1753303704.382806
1753303704.397824
1753303704.412842
1753303704.433315
1753303704.453788
1753303704.467229
1753303704.480671
1753303704.501380
1753303704.522089
1753303704.533306
1753303704.544523
1753303704.565176
1753303704.585830
1753303704.600271
1753303704.614712
1753303704.633184
1753303704.651656
1753303704.664864
1753303704.678072
1753303704.696026
1753303704.713981
1753303704.731185
1753303704.748389
1753303704.766991
1753303704.785592
1753303704.798719
1753303704.811847
1753303704.830825
1753303704.849803
1753303704.866066
1753303704.882329
1753303704.900022
1753303704.917715
1753303704.931863
1753303704.946011
1753303704.963820
1753303704.981628
1753303704.998180
1753303705.014732
1753303705.035686
1753303705.056639
1753303705.067546
1753303705.078454
1753303705.099370
1753303705.120286
1753303705.133891
1753303705.147496
1753303705.167828
1753303705.188159
1753303705.200072
1753303705.211985
1753303705.230982
1753303705.249978
1753303705.268698
1753303705.287418
1753303705.300872
1753303705.314327
1753303705.331973
1753303705.349619
1753303705.365465
1753303705.381311
1753303705.398850
1753303705.416389
1753303705.435421
1753303705.454452
1753303705.466010
1753303705.477568
1753303705.495253
1753303705.512937
1753303705.532169
1753303705.551401
1753303705.567041
1753303705.582681
1753303705.600281
1753303705.617881
1753303705.632882
1753303705.647883
1753303705.666895
1753303705.685907
1753303705.700640
1753303705.715373
1753303705.732293
1753303705.749212
1753303705.766913
1753303705.784615
1753303705.800536
1753303705.816456
1753303705.836171
1753303705.855885
1753303705.867301
1753303705.878718
1753303705.897546
1753303705.916374
1753303705.935864
1753303705.955355
1753303705.968048
1753303705.980741
1753303705.997879
1753303706.015017
1753303706.032525
1753303706.050033
1753303706.070499
1753303706.090965
1753303706.102240
1753303706.113515
1753303706.130076
1753303706.146637
1753303706.164797
1753303706.182957
1753303706.201601
1753303706.220245
1753303706.233993
1753303706.247740
1753303706.264300
1753303706.280861
1753303706.298970
1753303706.317079
1753303706.334333
1753303706.351587
1753303706.369049
1753303706.386511
1753303706.399220
1753303706.411930
1753303706.431199
1753303706.450468
1753303706.468308
1753303706.486148
1753303706.500083
1753303706.514019
1753303706.530499
1753303706.546979
1753303706.565585
1753303706.584191
1753303706.602923
1753303706.621656
1753303706.634915
1753303706.648175
1753303706.664459
1753303706.680743
1753303706.697837
1753303706.714932
1753303706.732301
1753303706.749670
1753303706.770344
1753303706.791019
1753303706.801656
1753303706.812293
1753303706.835801
1753303706.859309
1753303706.869400
1753303706.879491
1753303706.902885
1753303706.926280
1753303706.935991
1753303706.945702
1753303706.966727
1753303706.987751
1753303707.001158
1753303707.014566
1753303707.034409
1753303707.054251
1753303707.067160
1753303707.080068
1753303707.099014
1753303707.117960
1753303707.133417
1753303707.148873
1753303707.169357
1753303707.189841
1753303707.201344
1753303707.212846
1753303707.233880
1753303707.254913
1753303707.268336
1753303707.281759
1753303707.301093
1753303707.320426
1753303707.333390
1753303707.346353
1753303707.365149
1753303707.383945
1753303707.403249
1753303707.422553
1753303707.435284
1753303707.448015
1753303707.465879
1753303707.483744
1753303707.501579
1753303707.519415
1753303707.536513
1753303707.553611
1753303707.567558
1753303707.581505
1753303707.598294
1753303707.615084
1753303707.633089
1753303707.651093
1753303707.670956
1753303707.690819
1753303707.702391
1753303707.713963
1753303707.731308
1753303707.748654
1753303707.766882
1753303707.785110
1753303707.800333
1753303707.815555
1753303707.831634
1753303707.847713
1753303707.864175
1753303707.880638
1753303707.901848
1753303707.923058
1753303707.935278
1753303707.947499
1753303707.968582
1753303707.989664
1753303708.001194
1753303708.012723
1753303708.033113
1753303708.053502
1753303708.067377
1753303708.081252
1753303708.101987
1753303708.122722
1753303708.134291
1753303708.145860
1753303708.164783
1753303708.183705
1753303708.204339
1753303708.224972
1753303708.236119
1753303708.247266
1753303708.264657
1753303708.282047
1753303708.301993
1753303708.321939
1753303708.334881
1753303708.347823
1753303708.367685
1753303708.387548
1753303708.400436
1753303708.413325
1753303708.435532
1753303708.457738
1753303708.469327
1753303708.480917
1753303708.501178
1753303708.521439
1753303708.534158
1753303708.546877
1753303708.567170
1753303708.587463
1753303708.601163
1753303708.614864
1753303708.635117
1753303708.655370
1753303708.667798
1753303708.680226
1753303708.700082
1753303708.719937
1753303708.736808
1753303708.753678
1753303708.767857
1753303708.782036
1753303708.799081
1753303708.816126
1753303708.835009
1753303708.853891
1753303708.867683
1753303708.881476
1753303708.902222
1753303708.922968
1753303708.934965
1753303708.946962
1753303708.970379
1753303708.993796
1753303709.003837
1753303709.013877
1753303709.033126
1753303709.052375
1753303709.067348
1753303709.082322
1753303709.101864
1753303709.121406
1753303709.134826
1753303709.148245
1753303709.168396
1753303709.188546
1753303709.201437
1753303709.214328
1753303709.234679
1753303709.255029
1753303709.269660
1753303709.284292
1753303709.303046
1753303709.321799
1753303709.334657
1753303709.347515
1753303709.365859
1753303709.384202
1753303709.403448
1753303709.422693
1753303709.435793
1753303709.448894
1753303709.467680
1753303709.486467
1753303709.500658
1753303709.514849
1753303709.535921
1753303709.556993
1753303709.569296
1753303709.581599
1753303709.602745
1753303709.623890
1753303709.635777
1753303709.647664
1753303709.668366
1753303709.689068
1753303709.702282
1753303709.715496
1753303709.732504
1753303709.749513
1753303709.767258
1753303709.785004
1753303709.804781
1753303709.824559
1753303709.836210
1753303709.847861
1753303709.869598
1753303709.891335
1753303709.902562
1753303709.913788
1753303709.933986
1753303709.954183
1753303709.969937
1753303709.985691
1753303710.003523
1753303710.021355
1753303710.035274
1753303710.049192
1753303710.066745
1753303710.084298
1753303710.102279
1753303710.120260
1753303710.134773
1753303710.149285
1753303710.170186
1753303710.191087
1753303710.202537
1753303710.213986
1753303710.235143
1753303710.256301
1753303710.269065
1753303710.281829
1753303710.302943
1753303710.324057
1753303710.335839
1753303710.347620
1753303710.368850
1753303710.390081
1753303710.402811
1753303710.415540
1753303710.436616
1753303710.457692
1753303710.469168
1753303710.480644
1753303710.501796
1753303710.522948
1753303710.535658
1753303710.548369
1753303710.569875
1753303710.591382
1753303710.602658
1753303710.613934
1753303710.632989
1753303710.652045
1753303710.671133
1753303710.690220
1753303710.702376
1753303710.714532
1753303710.731959
1753303710.749387
1753303710.769495
1753303710.789603
1753303710.802426
1753303710.815249
1753303710.835789
1753303710.856329
1753303710.868678
1753303710.881027
1753303710.903505
1753303710.925983
1753303710.937021
1753303710.948059
1753303710.971270
1753303710.994481
1753303711.004393
1753303711.014304
1753303711.036044
1753303711.057784
1753303711.069621
1753303711.081457
1753303711.103144
1753303711.124831
1753303711.135884
1753303711.146937
1753303711.166775
1753303711.186614
1753303711.201981
1753303711.217348
1753303711.235583
1753303711.253817
1753303711.267483
1753303711.281149
1753303711.302765
1753303711.324382
1753303711.336226
1753303711.348069
1753303711.366219
1753303711.384369
1753303711.401537
1753303711.418706
1753303711.434881
1753303711.451056
1753303711.472323
1753303711.493590
1753303711.504166
1753303711.514742
1753303711.535067
1753303711.555391
1753303711.568427
1753303711.581462
1753303711.603298
1753303711.625134
1753303711.636692
1753303711.648250
1753303711.668874
1753303711.689497
1753303711.702036
1753303711.714576
1753303711.734835
1753303711.755094
1753303711.769160
1753303711.783226
1753303711.801570
1753303711.819914
1753303711.834199
1753303711.848485
1753303711.870186
1753303711.891887
1753303711.903565
1753303711.915243
1753303711.935305
1753303711.955367
1753303711.968564
1753303711.981761
1753303712.002690
1753303712.023619
1753303712.036468
1753303712.049316
1753303712.067015
1753303712.084715
1753303712.102456
1753303712.120197
1753303712.136990
1753303712.153782
1753303712.170994
1753303712.188207
1753303712.201653
1753303712.215098
1753303712.235142
1753303712.255186
1753303712.268697
1753303712.282207
1753303712.303867
1753303712.325527
1753303712.336884
1753303712.348242
1753303712.369270
1753303712.390298
1753303712.402660
1753303712.415022
1753303712.436338
1753303712.457655
1753303712.469551
1753303712.481446
1753303712.502265
1753303712.523084
1753303712.535963
1753303712.548841
1753303712.570211
1753303712.591582
1753303712.603238
1753303712.614894
1753303712.634263
1753303712.653632
1753303712.671098
1753303712.688563
1753303712.701881
1753303712.715200
1753303712.732752
1753303712.750305
1753303712.769584
1753303712.788864
1753303712.802474
1753303712.816085
1753303712.837263
1753303712.858441
1753303712.870038
1753303712.881634
1753303712.900774
1753303712.919913
1753303712.936881
1753303712.953849
1753303712.971015
1753303712.988181
1753303713.001618
1753303713.015055
1753303713.035461
1753303713.055867
1753303713.069075
1753303713.082282
1753303713.102655
1753303713.123029
1753303713.135716
1753303713.148403
1753303713.166813
1753303713.185223
1753303713.204680
1753303713.224137
1753303713.236391
1753303713.248645
1753303713.265357
1753303713.282068
1753303713.300289
1753303713.318509
1753303713.337006
1753303713.355502
1753303713.368911
1753303713.382321
1753303713.399397
1753303713.416473
1753303713.434240
1753303713.452008
1753303713.469993
1753303713.487978
1753303713.502249
1753303713.516520
1753303713.532851
1753303713.549183
1753303713.567392
1753303713.585602
1753303713.603558
1753303713.621514
1753303713.636073
1753303713.650632
1753303713.666261
1753303713.681890
1753303713.698643
1753303713.715396
1753303713.735739
1753303713.756081
1753303713.769253
1753303713.782425
1753303713.799242
1753303713.816060
1753303713.834162
1753303713.852263
1753303713.870024
1753303713.887786
1753303713.903473
1753303713.919161
1753303713.933960
1753303713.948760
1753303713.965318
1753303713.981876
1753303714.003276
1753303714.024676
1753303714.036935
1753303714.049194
1753303714.065720
1753303714.082246
1753303714.101367
1753303714.120489
1753303714.136461
1753303714.152433
1753303714.169640
1753303714.186847
1753303714.201191
1753303714.215535
1753303714.234087
1753303714.252639
1753303714.268843
1753303714.285047
1753303714.303550
1753303714.322053
1753303714.335501
1753303714.348949
1753303714.366191
1753303714.383433
1753303714.403689
1753303714.423946
1753303714.436739
1753303714.449532
1753303714.465848
1753303714.482165
1753303714.502178
1753303714.522190
1753303714.535809
1753303714.549427
1753303714.567672
1753303714.585918
1753303714.600834
1753303714.615751
1753303714.635023
1753303714.654295
1753303714.670188
1753303714.686081
1753303714.700840
1753303714.715600
1753303714.732726
1753303714.749852
1753303714.770241
1753303714.790631
1753303714.803628
1753303714.816626
1753303714.838271
1753303714.859916
1753303714.871193
1753303714.882470
1753303714.900545
1753303714.918620
1753303714.939034
1753303714.959448
1753303714.971313
1753303714.983178
1753303714.999920
1753303715.016662
1753303715.034741
1753303715.052821
1753303715.070681
1753303715.088541
1753303715.102732
1753303715.116923
1753303715.133832
1753303715.150741
1753303715.168703
1753303715.186664
1753303715.202814
1753303715.218963
1753303715.239062
1753303715.259162
1753303715.270936
1753303715.282709
1753303715.301145
1753303715.319581
1753303715.339170
1753303715.358760
1753303715.371374
1753303715.383988
1753303715.402184
1753303715.420379
1753303715.435471
1753303715.450563
1753303715.471823
1753303715.493082
1753303715.505043
1753303715.517004
1753303715.532918
1753303715.548832
1753303715.566674
1753303715.584515
1753303715.605677
1753303715.626838
1753303715.638636
1753303715.650433
1753303715.668960
1753303715.687487
1753303715.702002
1753303715.716517
1753303715.736652
1753303715.756787
1753303715.772069
1753303715.787352
1753303715.802294
1753303715.817237
1753303715.838216
1753303715.859196
1753303715.871557
1753303715.883917
1753303715.904437
1753303715.924957
1753303715.937400
1753303715.949844
1753303715.969776
1753303715.989709
1753303716.005867
1753303716.022026
1753303716.038711
1753303716.055396
1753303716.069583
1753303716.083770
1753303716.103343
1753303716.122917
1753303716.139289
1753303716.155661
1753303716.171680
1753303716.187700
1753303716.202240
1753303716.216780
1753303716.236053
1753303716.255326
1753303716.271880
1753303716.288434
1753303716.305773
1753303716.323112
1753303716.336529
1753303716.349947
1753303716.370383
1753303716.390819
1753303716.404352
1753303716.417885
1753303716.439306
1753303716.460726
1753303716.472079
1753303716.483431
1753303716.504150
1753303716.524869
1753303716.538506
1753303716.552142
1753303716.573010
1753303716.593879
1753303716.605349
1753303716.616819
1753303716.638013
1753303716.659208
1753303716.672132
1753303716.685055
1753303716.703858
1753303716.722662
1753303716.736881
1753303716.751100
1753303716.770803
1753303716.790507
1753303716.805157
1753303716.819806
1753303716.839311
1753303716.858816
1753303716.871273
1753303716.883730
1753303716.904649
1753303716.925569
1753303716.938548
1753303716.951526
1753303716.973024
1753303716.994522
1753303717.005795
1753303717.017069
1753303717.037657
1753303717.058245
1753303717.071780
1753303717.085315
1753303717.104367
1753303717.123419
1753303717.136957
1753303717.150495
1753303717.169155
1753303717.187814
1753303717.205744
1753303717.223674
1753303717.240379
1753303717.257084
1753303717.270349
1753303717.283613
1753303717.304523
1753303717.325434
1753303717.338047
1753303717.350659
1753303717.368949
1753303717.387240
1753303717.402527
1753303717.417815
1753303717.438354
1753303717.458894
1753303717.472456
1753303717.486018
1753303717.505263
1753303717.524509
1753303717.537520
1753303717.550532
1753303717.570207
1753303717.589881
1753303717.605048
1753303717.620215
1753303717.640826
1753303717.661436
1753303717.672706
1753303717.683975
1753303717.701073
1753303717.718171
1753303717.737473
1753303717.756774
1753303717.773899
1753303717.791024
1753303717.804133
1753303717.817242
1753303717.838243
1753303717.859245
1753303717.872591
1753303717.885937
1753303717.906981
1753303717.928025
