1743492690.210765
1743492690.290297
1743492690.322285
1743492690.354049
1743492690.402736
1743492690.434748
1743492690.466668
1743492690.483482
1743492690.514735
1743492690.531032
1743492690.562870
1743492690.594896
1743492690.615204
1743492690.641642
1743492690.657750
1743492690.674456
1743492690.690818
1743492690.738783
1743492690.754750
1743492690.771123
1743492690.803241
1743492690.835339
1743492690.866929
1743492690.899475
1743492690.931566
1743492690.963782
1743492690.995490
1743492691.027627
1743492691.059330
1743492691.091758
1743492691.123540
1743492691.156547
1743492691.188371
1743492691.220647
1743492691.252782
1743492691.283770
1743492691.316438
1743492691.348606
1743492691.380720
1743492691.411581
1743492691.443850
1743492691.475716
1743492691.506891
1743492691.538647
1743492691.555452
1743492691.571667
1743492691.603454
1743492691.635562
1743492691.667615
1743492691.715020
1743492691.747002
1743492691.778514
1743492691.794555
1743492691.810753
1743492691.826694
1743492691.842622
1743492691.858672
1743492691.874710
1743492691.890723
1743492691.906986
1743492691.922932
1743492691.939109
1743492691.955204
1743492691.971104
1743492692.003442
1743492692.035285
1743492692.067050
1743492692.098672
1743492692.114736
1743492692.130715
1743492692.146793
1743492692.179357
1743492692.211227
1743492692.226833
1743492692.242714
1743492692.258848
1743492692.274912
1743492692.290958
1743492692.306957
1743492692.323059
1743492692.355313
1743492692.386894
1743492692.402537
1743492692.418734
1743492692.434740
1743492692.450720
1743492692.466853
1743492692.482862
1743492692.498681
1743492692.514707
1743492692.530740
1743492692.546740
1743492692.562819
1743492692.578756
1743492692.594736
1743492692.610879
1743492692.626859
1743492692.642915
1743492692.658914
1743492692.690704
1743492692.706719
1743492692.722683
1743492692.738687
1743492692.754804
1743492692.770835
1743492692.786803
1743492692.802791
1743492692.818935
1743492692.834878
1743492692.850777
1743492692.866791
1743492692.882816
1743492692.898809
1743492692.914971
1743492692.947537
1743492692.978741
1743492693.011329
1743492693.042557
1743492693.058682
1743492693.074641
1743492693.090706
1743492693.106661
1743492693.122625
1743492693.138672
1743492693.154899
1743492693.170803
1743492693.186869
1743492693.202772
1743492693.218745
1743492693.234765
1743492693.250811
1743492693.266863
1743492693.282881
1743492693.298824
1743492693.331161
1743492693.362395
1743492693.378269
1743492693.394492
1743492693.410580
1743492693.426558
1743492693.442680
1743492693.458605
1743492693.474735
1743492693.490714
1743492693.506877
1743492693.522746
1743492693.538729
1743492693.554906
1743492693.571077
1743492693.586985
1743492693.602732
1743492693.618792
1743492693.635020
1743492693.667421
1743492693.699311
1743492693.730735
1743492693.746384
1743492693.762732
1743492693.778682
1743492693.794693
1743492693.810792
1743492693.842905
1743492693.858749
1743492693.874636
1743492693.890927
1743492693.907122
1743492693.922907
1743492693.939090
1743492693.955023
1743492693.987151
1743492694.018925
1743492694.050664
1743492694.083179
1743492694.115106
1743492694.147286
1743492694.179020
1743492694.211211
1743492694.226757
1743492694.242744
1743492694.258852
1743492694.275199
1743492694.307327
1743492694.338775
1743492694.354935
1743492694.370717
1743492694.386641
1743492694.402574
1743492694.418540
1743492694.434706
1743492694.450703
1743492694.466777
1743492694.482749
1743492694.498813
1743492694.514640
1743492694.530613
1743492694.546756
1743492694.562751
1743492694.579006
1743492694.594892
1743492694.610857
1743492694.643327
1743492694.674605
1743492694.690676
1743492694.706884
1743492694.722748
1743492694.738719
1743492694.754752
1743492694.770715
1743492694.786607
1743492694.802898
1743492694.835260
1743492694.867020
1743492694.882512
1743492694.898711
1743492694.914827
1743492694.930921
1743492694.963695
1743492694.994911
1743492695.010624
1743492695.026527
1743492695.042619
1743492695.058696
1743492695.074672
1743492695.090841
1743492695.106748
1743492695.122710
1743492695.138728
1743492695.154813
1743492695.170604
1743492695.186689
1743492695.203125
1743492695.218917
1743492695.234870
1743492695.250846
1743492695.283329
1743492695.314644
1743492695.347231
1743492695.379095
1743492695.410944
1743492695.426571
1743492695.442668
1743492695.458761
1743492695.474716
1743492695.490862
1743492695.506884
1743492695.522751
1743492695.538701
1743492695.554790
1743492695.570901
1743492695.586813
1743492695.619091
1743492695.650912
1743492695.682991
1743492695.715135
1743492695.747210
1743492695.779004
1743492695.794695
1743492695.810623
1743492695.826639
1743492695.842556
1743492695.858765
1743492695.874856
1743492695.890799
1743492695.907104
1743492695.939334
1743492695.970637
1743492695.986521
1743492696.002499
1743492696.018547
1743492696.034613
1743492696.050631
1743492696.066627
1743492696.082598
1743492696.098699
1743492696.114497
1743492696.130561
1743492696.146831
1743492696.162724
1743492696.178743
1743492696.194734
1743492696.210811
1743492696.226838
1743492696.259127
1743492696.290151
1743492696.306656
1743492696.322467
1743492696.338692
1743492696.354693
1743492696.370662
1743492696.386547
1743492696.402760
1743492696.418592
1743492696.434693
1743492696.450771
1743492696.466695
1743492696.482713
1743492696.498707
1743492696.514899
1743492696.530727
1743492696.546807
1743492696.562790
1743492696.594636
1743492696.610538
1743492696.626479
1743492696.642628
1743492696.658504
1743492696.674670
1743492696.690599
1743492696.706691
1743492696.722642
1743492696.738913
1743492696.754819
1743492696.770746
1743492696.786755
1743492696.802718
1743492696.818678
1743492696.834768
1743492696.850937
1743492696.866849
1743492696.882815
1743492696.915450
1743492696.946743
1743492696.962208
1743492696.978471
1743492696.994426
1743492697.010706
1743492697.026696
1743492697.042629
1743492697.058829
1743492697.090619
1743492697.106675
1743492697.122666
1743492697.138950
1743492697.154851
1743492697.170831
1743492697.186882
1743492697.202786
1743492697.235129
1743492697.267043
1743492697.298848
1743492697.330938
1743492697.362746
1743492697.394988
1743492697.426740
1743492697.442507
1743492697.458587
1743492697.474679
1743492697.490774
1743492697.506909
1743492697.522808
1743492697.538805
1743492697.571358
1743492697.603096
1743492697.634766
1743492697.650452
1743492697.666454
1743492697.682523
1743492697.698627
1743492697.714547
1743492697.730537
1743492697.746717
1743492697.779036
1743492697.811258
1743492697.842947
1743492697.858661
1743492697.890892
1743492697.922640
1743492697.938805
1743492697.954532
1743492697.970678
1743492697.986525
1743492698.002464
1743492698.018445
1743492698.034511
1743492698.050512
1743492698.066607
1743492698.082519
1743492698.098614
1743492698.114617
1743492698.130661
1743492698.146678
1743492698.162679
1743492698.178728
1743492698.211042
1743492698.242684
1743492698.258406
1743492698.274530
1743492698.290674
1743492698.306791
1743492698.338624
1743492698.354514
1743492698.370503
1743492698.386491
1743492698.402620
1743492698.418566
1743492698.434544
1743492698.450677
1743492698.466727
1743492698.482686
1743492698.498640
1743492698.514617
1743492698.547676
1743492698.579116
1743492698.610930
1743492698.642781
1743492698.674697
1743492698.690506
1743492698.706621
1743492698.722705
1743492698.738911
1743492698.755119
1743492698.771152
1743492698.786869
1743492698.819125
1743492698.867026
1743492698.898871
1743492698.930874
1743492698.962600
1743492698.978102
1743492698.994561
1743492699.010641
1743492699.026513
1743492699.042476
1743492699.058485
1743492699.074501
1743492699.090663
1743492699.106708
1743492699.122784
1743492699.138817
1743492699.154848
1743492699.187281
1743492699.218769
1743492699.250818
1743492699.282886
1743492699.315124
1743492699.347239
1743492699.379075
1743492699.410936
1743492699.426572
1743492699.442675
1743492699.458548
1743492699.474618
1743492699.491021
1743492699.523384
1743492699.554535
1743492699.570374
1743492699.586426
1743492699.602409
1743492699.618343
1743492699.634459
1743492699.650508
1743492699.666486
1743492699.682602
1743492699.715062
1743492699.747073
1743492699.779272
1743492699.811013
1743492699.842452
1743492699.858382
1743492699.874340
1743492699.890345
1743492699.906490
1743492699.922542
1743492699.938563
1743492699.954663
1743492699.970495
1743492699.986383
1743492700.002476
1743492700.018401
1743492700.034581
1743492700.050580
1743492700.066594
1743492700.082718
1743492700.098616
1743492700.114714
1743492700.130738
1743492700.163296
1743492700.194468
1743492700.210332
1743492700.226306
1743492700.242422
1743492700.274370
1743492700.306550
1743492700.338799
1743492700.370771
1743492700.402790
1743492700.435045
1743492700.467305
1743492700.499114
1743492700.530501
1743492700.562971
1743492700.594846
1743492700.626862
1743492700.658678
1743492700.690834
1743492700.722862
1743492700.754859
1743492700.786783
1743492700.818969
1743492700.850759
1743492700.882848
1743492700.914490
1743492700.946938
1743492700.978863
1743492701.011223
1743492701.042016
1743492701.058215
1743492701.074609
1743492701.090653
1743492701.138773
1743492701.170647
1743492701.202805
1743492701.234853
1743492701.266824
1743492701.298986
1743492701.331109
1743492701.363156
1743492701.394991
1743492701.427184
1743492701.474192
1743492701.506426
1743492701.538480
1743492701.570706
1743492701.602818
1743492701.635053
1743492701.666757
1743492701.699017
1743492701.731293
1743492701.763057
1743492701.794892
1743492701.826701
1743492701.858636
1743492701.890460
1743492701.922561
1743492701.954696
1743492701.986685
1743492702.018911
1743492702.051217
1743492702.083044
1743492702.114953
1743492702.147130
1743492702.178659
1743492702.210498
1743492702.242549
1743492702.258470
1743492702.290360
1743492702.306434
1743492702.338753
1743492702.370747
1743492702.402841
1743492702.450936
1743492702.482292
1743492702.514891
1743492702.546965
1743492702.578862
1743492702.610220
1743492702.626360
1743492702.658597
1743492702.690530
1743492702.722267
1743492702.738649
1743492702.771023
1743492702.802665
1743492702.834217
1743492702.866854
1743492702.898959
1743492702.930798
1743492702.962647
1743492702.994918
1743492703.027160
1743492703.058756
1743492703.090228
1743492703.122347
1743492703.154268
1743492703.186770
1743492703.218151
1743492703.250615
1743492703.282809
1743492703.314981
1743492703.346992
1743492703.379251
1743492703.426673
1743492703.458313
1743492703.489855
1743492703.506678
1743492703.538678
1743492703.570617
1743492703.602314
1743492703.634980
1743492703.666929
1743492703.699371
1743492703.746945
1743492703.778607
1743492703.810667
1743492703.842244
1743492703.874149
1743492703.906483
1743492703.938621
1743492703.970729
1743492704.002730
1743492704.034938
1743492704.066859
1743492704.098955
1743492704.130528
1743492704.162619
1743492704.194720
1743492704.227004
1743492704.259136
1743492704.290517
1743492704.306576
1743492704.322660
1743492704.354273
1743492704.370561
1743492704.402869
1743492704.434824
1743492704.466396
1743492704.498789
1743492704.530894
1743492704.562701
1743492704.594451
1743492704.626975
1743492704.658712
1743492704.690608
1743492704.722725
1743492704.754233
1743492704.786540
1743492704.818693
1743492704.850620
1743492704.882839
1743492704.914740
1743492704.947088
1743492704.978252
1743492705.011090
1743492705.042893
1743492705.074147
1743492705.106371
1743492705.138596
1743492705.170497
1743492705.202702
1743492705.234588
1743492705.267048
1743492705.298874
1743492705.330676
1743492705.378756
1743492705.410636
1743492705.442498
1743492705.474879
1743492705.506276
1743492705.538738
1743492705.570492
1743492705.602979
1743492705.634762
1743492705.666812
1743492705.698976
1743492705.730831
1743492705.762694
1743492705.794695
1743492705.826818
1743492705.858308
1743492705.890265
1743492705.906355
1743492705.922538
1743492705.938611
1743492705.970595
1743492706.018388
1743492706.050678
1743492706.082827
1743492706.114224
1743492706.146709
1743492706.179016
1743492706.210934
1743492706.242009
1743492706.258390
1743492706.290538
1743492706.306446
1743492706.354266
1743492706.386511
1743492706.418609
1743492706.450872
1743492706.482614
1743492706.514826
1743492706.546996
1743492706.579134
1743492706.610601
1743492706.642666
1743492706.674858
1743492706.706180
1743492706.738095
1743492706.770481
1743492706.802704
1743492706.834584
1743492706.866273
1743492706.898980
1743492706.930909
1743492706.962902
1743492706.994626
1743492707.026631
1743492707.058149
1743492707.074178
1743492707.106367
1743492707.138336
1743492707.154241
1743492707.170461
1743492707.202611
1743492707.235018
1743492707.266756
1743492707.298785
1743492707.330617
1743492707.362557
1743492707.394782
1743492707.426873
1743492707.457841
1743492707.474208
1743492707.490308
1743492707.506335
1743492707.538698
1743492707.570769
1743492707.602711
1743492707.650594
1743492707.682136
1743492707.714544
1743492707.746634
1743492707.778964
1743492707.810218
1743492707.842751
1743492707.874455
1743492707.906585
1743492707.938498
1743492707.970971
1743492708.002668
1743492708.034899
1743492708.066568
1743492708.098807
1743492708.131016
1743492708.162595
1743492708.193781
1743492708.210614
1743492708.242702
1743492708.274622
1743492708.306448
1743492708.322181
1743492708.354527
1743492708.386278
1743492708.418341
1743492708.451014
1743492708.482638
1743492708.514658
1743492708.546869
1743492708.578834
1743492708.626467
1743492708.658051
1743492708.674356
1743492708.706602
1743492708.738417
1743492708.770393
1743492708.802283
1743492708.834828
1743492708.866603
1743492708.898824
1743492708.946631
1743492708.978762
1743492709.010912
1743492709.042524
1743492709.073793
1743492709.090138
1743492709.106283
1743492709.138387
1743492709.170197
1743492709.202807
1743492709.234786
1743492709.282593
1743492709.314519
1743492709.346470
1743492709.378849
1743492709.410498
1743492709.442623
1743492709.473060
1743492709.490170
1743492709.506520
1743492709.537107
1743492709.554521
1743492709.570537
1743492709.602678
1743492709.634573
1743492709.666452
1743492709.698420
1743492709.730746
1743492709.762717
1743492709.794684
1743492709.826564
1743492709.858376
1743492709.890735
1743492709.922315
1743492709.954055
1743492709.986148
1743492710.018384
1743492710.050769
1743492710.082724
1743492710.114669
1743492710.146645
1743492710.178592
1743492710.210302
1743492710.258037
1743492710.290021
1743492710.322078
1743492710.338063
1743492710.354189
1743492710.386543
1743492710.418665
1743492710.450287
1743492710.482680
1743492710.514683
1743492710.546821
1743492710.578611
1743492710.610703
1743492710.642246
1743492710.674217
1743492710.706127
1743492710.722140
1743492710.754332
1743492710.786521
1743492710.818476
1743492710.851095
1743492710.898349
1743492710.930410
1743492710.961813
1743492710.994720
1743492711.026566
1743492711.058368
1743492711.090111
1743492711.106371
1743492711.138426
1743492711.170772
1743492711.202429
1743492711.234721
1743492711.266505
1743492711.298302
1743492711.330665
1743492711.362625
1743492711.394462
1743492711.426475
1743492711.458183
1743492711.490506
1743492711.522484
1743492711.554644
1743492711.586021
1743492711.618411
1743492711.650673
1743492711.682532
1743492711.714400
1743492711.747007
1743492711.778790
1743492711.810718
1743492711.842498
1743492711.874641
1743492711.905883
1743492711.922252
1743492711.954293
1743492711.986815
1743492712.018725
1743492712.050661
1743492712.082309
1743492712.114613
1743492712.146627
1743492712.178697
1743492712.210070
1743492712.242009
1743492712.274180
1743492712.305948
1743492712.322098
1743492712.354284
1743492712.369893
1743492712.402432
1743492712.434698
1743492712.466636
1743492712.498820
1743492712.530646
1743492712.562338
1743492712.594332
1743492712.626396
1743492712.658129
1743492712.689885
1743492712.706063
1743492712.738427
1743492712.770540
1743492712.802115
1743492712.850467
1743492712.882400
1743492712.914498
1743492712.946340
1743492712.978825
1743492713.010581
1743492713.042350
1743492713.073963
1743492713.090237
1743492713.122232
1743492713.138230
1743492713.186397
1743492713.218357
1743492713.250363
1743492713.282502
1743492713.314349
1743492713.346580
1743492713.378715
1743492713.410635
1743492713.442375
1743492713.474564
1743492713.506482
1743492713.537944
1743492713.570142
1743492713.602451
1743492713.635047
1743492713.666688
1743492713.698725
1743492713.730653
1743492713.762586
1743492713.794637
1743492713.826521
1743492713.857871
1743492713.873917
1743492713.889953
1743492713.922121
1743492713.954261
1743492713.986454
1743492714.018322
1743492714.050540
1743492714.082862
1743492714.114584
1743492714.162473
1743492714.193955
1743492714.226074
1743492714.257953
1743492714.289966
1743492714.322052
1743492714.338250
1743492714.370432
1743492714.385978
1743492714.402314
1743492714.434750
1743492714.482706
1743492714.514428
1743492714.546015
1743492714.578581
1743492714.610668
1743492714.642015
1743492714.673874
1743492714.689982
1743492714.706266
1743492714.738355
1743492714.769962
1743492714.802600
1743492714.834328
1743492714.866312
1743492714.897995
1743492714.930497
1743492714.962610
1743492714.994531
1743492715.026153
1743492715.058333
1743492715.090393
1743492715.137912
1743492715.170344
1743492715.202492
1743492715.234430
1743492715.266471
1743492715.298302
1743492715.330835
1743492715.362477
1743492715.394575
1743492715.426491
1743492715.458594
1743492715.489869
1743492715.522067
1743492715.554059
1743492715.569962
1743492715.602198
1743492715.634592
1743492715.666516
1743492715.698449
1743492715.730715
1743492715.778256
1743492715.810336
1743492715.841896
1743492715.874266
1743492715.906045
1743492715.938109
1743492715.970383
1743492716.002168
1743492716.034596
1743492716.066399
1743492716.114344
1743492716.146338
1743492716.178473
1743492716.210299
1743492716.242077
1743492716.274121
1743492716.305841
1743492716.322133
1743492716.354611
1743492716.386474
1743492716.401882
1743492716.433881
1743492716.466384
1743492716.498784
1743492716.530722
1743492716.561798
1743492716.594694
1743492716.626407
1743492716.658139
1743492716.690024
1743492716.706164
1743492716.753813
1743492716.786273
1743492716.817791
1743492716.850467
1743492716.882516
1743492716.914569
1743492716.945797
1743492716.978396
1743492717.010743
1743492717.042191
1743492717.090028
1743492717.121933
1743492717.154268
1743492717.186130
1743492717.218030
1743492717.250295
1743492717.282412
1743492717.314483
1743492717.346176
1743492717.378597
1743492717.410472
1743492717.441842
1743492717.473779
1743492717.489800
1743492717.506022
1743492717.538229
1743492717.569907
1743492717.602259
1743492717.634403
1743492717.666342
1743492717.698393
1743492717.730097
1743492717.762543
1743492717.794276
1743492717.826398
1743492717.858240
1743492717.890240
1743492717.921953
1743492717.954014
1743492717.986509
1743492718.018057
1743492718.066222
1743492718.098218
1743492718.130603
1743492718.162024
1743492718.193989
1743492718.226198
1743492718.258479
1743492718.289721
1743492718.305990
1743492718.322093
1743492718.338138
1743492718.385896
1743492718.418068
1743492718.450351
1743492718.482324
1743492718.513774
1743492718.546521
1743492718.578301
1743492718.610664
1743492718.642401
1743492718.674247
1743492718.706193
1743492718.738104
1743492718.769534
1743492718.802189
1743492718.834305
1743492718.866402
1743492718.897705
1743492718.930685
1743492718.962494
1743492718.994749
1743492719.042214
1743492719.073926
1743492719.106149
1743492719.137736
1743492719.170286
1743492719.202643
1743492719.234552
1743492719.266909
1743492719.298333
1743492719.330777
1743492719.362527
1743492719.394419
1743492719.426246
1743492719.457944
1743492719.489752
1743492719.506004
1743492719.537937
1743492719.570137
1743492719.602274
1743492719.634472
1743492719.682527
1743492719.714153
1743492719.746146
1743492719.778172
1743492719.810116
1743492719.842149
1743492719.873924
1743492719.889880
1743492719.906038
1743492719.938344
1743492719.970246
1743492720.018377
1743492720.049976
1743492720.082218
1743492720.114184
1743492720.146304
1743492720.178401
1743492720.210412
1743492720.242249
1743492720.274059
1743492720.306209
1743492720.338348
1743492720.370375
1743492720.401847
1743492720.434099
1743492720.449646
1743492720.482568
1743492720.514369
1743492720.545744
1743492720.561708
1743492720.577932
1743492720.594016
1743492720.626263
1743492720.658281
1743492720.689591
1743492720.705723
1743492720.721896
1743492720.754002
1743492720.786174
1743492720.818114
1743492720.850122
1743492720.882463
1743492720.914461
1743492720.946574
1743492720.994326
1743492721.026100
1743492721.057963
1743492721.089846
1743492721.121851
1743492721.153914
1743492721.186196
1743492721.218427
1743492721.250492
1743492721.282402
1743492721.314705
1743492721.346181
1743492721.377966
1743492721.410210
1743492721.441676
1743492721.473859
1743492721.505620
1743492721.521812
1743492721.537932
1743492721.554186
1743492721.570316
1743492721.586455
1743492721.634162
1743492721.666110
1743492721.697913
1743492721.730135
1743492721.762121
1743492721.794413
1743492721.826167
1743492721.857991
1743492721.890006
1743492721.922105
1743492721.969881
1743492722.002305
1743492722.034054
1743492722.066382
1743492722.098335
1743492722.130408
1743492722.162359
1743492722.194581
1743492722.226151
1743492722.258337
1743492722.290372
1743492722.321782
1743492722.353518
1743492722.386047
1743492722.417977
1743492722.450044
1743492722.482022
1743492722.514322
1743492722.546672
1743492722.578616
1743492722.610260
1743492722.641720
1743492722.673926
1743492722.705817
1743492722.737783
1743492722.753851
1743492722.786122
1743492722.817975
1743492722.849861
1743492722.882464
1743492722.914496
1743492722.946421
1743492722.977624
1743492723.010072
1743492723.041745
1743492723.073732
1743492723.105580
1743492723.121782
1743492723.153972
1743492723.186061
1743492723.218232
1743492723.266129
1743492723.298054
1743492723.330236
1743492723.362056
1743492723.394378
1743492723.426280
1743492723.457911
1743492723.489993
1743492723.522121
1743492723.554221
1743492723.586488
1743492723.617993
1743492723.650455
1743492723.682214
1743492723.714211
1743492723.746112
1743492723.778231
1743492723.810322
1743492723.842042
1743492723.873922
1743492723.921935
1743492723.953842
1743492723.985995
1743492724.017678
1743492724.050312
1743492724.082080
1743492724.114508
1743492724.146263
1743492724.178182
1743492724.210672
1743492724.242255
1743492724.273838
1743492724.305729
1743492724.337834
1743492724.370343
1743492724.401915
1743492724.434485
1743492724.466102
1743492724.498321
1743492724.529861
1743492724.562289
1743492724.594071
1743492724.626059
1743492724.657429
1743492724.673641
1743492724.705718
1743492724.721797
1743492724.737844
1743492724.769938
1743492724.802416
1743492724.834317
1743492724.866208
1743492724.898371
1743492724.930206
1743492724.962090
1743492724.993758
1743492725.026233
1743492725.057785
1743492725.089737
1743492725.122020
1743492725.154055
1743492725.186160
1743492725.218542
1743492725.250032
1743492725.282245
1743492725.313957
1743492725.346069
1743492725.377993
1743492725.410252
1743492725.442006
1743492725.474074
1743492725.505886
1743492725.537656
1743492725.570010
1743492725.602215
1743492725.634165
1743492725.666010
1743492725.698153
1743492725.730267
1743492725.762382
1743492725.794468
1743492725.825713
1743492725.841841
1743492725.874295
1743492725.905585
1743492725.921775
1743492725.953753
1743492725.985974
1743492726.017867
1743492726.049964
1743492726.082104
1743492726.114224
1743492726.146240
1743492726.194071
1743492726.226004
1743492726.257742
1743492726.289606
1743492726.305883
1743492726.337700
1743492726.369869
1743492726.402122
1743492726.433839
1743492726.466575
1743492726.513810
1743492726.545966
1743492726.577291
1743492726.610041
1743492726.641704
1743492726.673846
1743492726.705560
1743492726.721724
1743492726.754099
1743492726.786182
1743492726.817818
1743492726.850262
1743492726.882124
1743492726.914405
1743492726.945858
1743492726.978291
1743492727.009940
1743492727.042024
1743492727.073350
1743492727.089759
1743492727.105929
1743492727.138186
1743492727.170204
1743492727.201927
1743492727.233959
1743492727.265934
1743492727.297929
1743492727.330076
1743492727.362329
1743492727.394071
1743492727.425998
1743492727.457917
1743492727.490096
1743492727.521734
1743492727.553656
1743492727.585771
1743492727.617880
1743492727.650384
1743492727.682009
1743492727.714121
1743492727.746240
1743492727.778619
1743492727.825861
1743492727.857487
1743492727.889429
1743492727.921663
1743492727.953455
1743492727.969603
1743492728.002192
1743492728.034179
1743492728.066262
1743492728.098256
1743492728.145972
1743492728.178126
1743492728.210098
1743492728.241544
1743492728.273419
1743492728.289544
1743492728.305728
1743492728.337998
1743492728.369846
1743492728.402155
1743492728.433748
1743492728.466301
1743492728.497856
1743492728.530143
1743492728.561656
1743492728.594034
1743492728.626008
1743492728.657842
1743492728.689785
1743492728.722124
1743492728.753952
1743492728.801474
1743492728.833802
1743492728.866166
1743492728.898098
1743492728.930149
1743492728.961816
1743492728.994027
1743492729.026032
1743492729.057812
1743492729.089710
1743492729.122147
1743492729.153636
1743492729.185915
1743492729.217374
1743492729.233459
1743492729.266400
1743492729.298097
1743492729.329861
1743492729.362093
1743492729.394172
1743492729.441831
1743492729.473086
1743492729.489429
1743492729.521593
1743492729.553463
1743492729.585664
1743492729.618104
1743492729.650052
1743492729.682173
1743492729.714037
1743492729.746183
1743492729.778042
1743492729.810017
1743492729.841793
1743492729.873522
1743492729.905479
1743492729.937601
1743492729.969758
1743492730.001975
1743492730.034205
1743492730.066156
1743492730.098184
1743492730.129943
1743492730.162026
1743492730.193849
1743492730.225657
1743492730.257890
1743492730.289780
1743492730.321536
1743492730.353658
1743492730.386240
1743492730.418221
1743492730.449938
1743492730.481844
1743492730.513977
1743492730.545755
1743492730.578053
1743492730.609398
1743492730.641774
1743492730.673727
1743492730.705849
1743492730.753438
1743492730.785759
1743492730.817984
1743492730.849739
1743492730.881327
1743492730.914250
1743492730.945930
1743492730.977983
1743492731.009990
1743492731.042037
1743492731.074039
1743492731.105735
1743492731.137717
1743492731.169783
1743492731.202024
1743492731.234007
1743492731.265476
1743492731.298246
1743492731.330063
1743492731.362397
1743492731.393737
1743492731.425595
1743492731.457639
1743492731.489777
1743492731.521749
1743492731.553349
1743492731.569496
1743492731.601826
1743492731.634191
1743492731.666252
1743492731.698401
1743492731.730232
1743492731.761903
1743492731.794235
1743492731.825863
1743492731.857730
1743492731.889566
1743492731.921651
1743492731.953732
1743492731.985996
1743492732.017974
1743492732.049993
1743492732.082101
1743492732.113934
1743492732.145881
1743492732.178033
1743492732.209873
1743492732.241411
1743492732.273628
1743492732.305669
1743492732.337744
1743492732.369999
1743492732.401474
1743492732.433869
1743492732.465844
1743492732.497873
1743492732.529652
1743492732.545147
1743492732.561563
1743492732.577659
1743492732.609966
1743492732.641814
1743492732.673926
1743492732.706102
1743492732.737589
1743492732.769764
1743492732.801882
1743492732.833919
1743492732.865719
1743492732.898059
1743492732.929928
1743492732.962048
1743492732.993579
1743492733.026252
1743492733.057412
1743492733.089439
1743492733.121093
1743492733.137411
1743492733.153525
1743492733.185866
1743492733.217448
1743492733.249987
1743492733.282154
1743492733.314105
1743492733.345906
1743492733.377169
1743492733.409980
1743492733.441564
1743492733.473511
1743492733.489629
1743492733.521745
1743492733.553712
1743492733.585846
1743492733.617976
1743492733.649678
1743492733.682241
1743492733.714044
1743492733.746371
1743492733.777578
1743492733.810002
1743492733.841498
1743492733.873383
1743492733.905546
1743492733.937699
1743492733.969773
1743492734.001902
1743492734.033742
1743492734.065809
1743492734.097763
1743492734.129792
1743492734.162005
1743492734.193956
1743492734.226191
1743492734.257783
1743492734.289748
1743492734.322193
1743492734.353534
1743492734.385977
1743492734.417399
1743492734.449978
1743492734.482063
1743492734.514026
1743492734.545353
1743492734.561173
1743492734.577655
1743492734.610054
1743492734.657697
1743492734.689261
1743492734.705404
1743492734.737196
1743492734.753312
1743492734.769424
1743492734.801830
1743492734.833944
1743492734.865678
1743492734.898012
1743492734.929950
1743492734.977658
1743492735.009018
1743492735.025176
1743492735.041333
1743492735.073486
1743492735.105235
1743492735.121277
1743492735.137482
1743492735.169737
1743492735.201636
1743492735.233917
1743492735.265984
1743492735.298150
1743492735.329505
1743492735.361758
1743492735.393972
1743492735.425808
1743492735.457220
1743492735.473252
1743492735.505721
1743492735.537811
1743492735.569648
1743492735.601773
1743492735.633915
1743492735.665764
1743492735.697404
1743492735.729758
1743492735.761649
1743492735.793951
1743492735.825577
1743492735.857501
1743492735.889579
1743492735.905663
1743492735.953386
1743492735.985585
1743492736.017720
1743492736.049645
1743492736.081807
1743492736.114363
1743492736.145833
1743492736.177961
1743492736.209908
1743492736.241564
1743492736.274001
1743492736.305404
1743492736.337519
1743492736.369528
1743492736.401780
1743492736.433858
1743492736.465686
1743492736.497844
1743492736.529978
1743492736.561950
1743492736.609676
1743492736.641177
1743492736.657047
1743492736.673204
1743492736.705555
1743492736.737551
1743492736.769618
1743492736.801586
1743492736.833902
1743492736.865751
1743492736.898114
1743492736.930038
1743492736.961447
1743492736.993999
1743492737.025605
1743492737.057495
1743492737.089446
1743492737.121526
1743492737.153558
1743492737.186013
1743492737.217399
1743492737.250019
1743492737.281703
1743492737.313657
1743492737.345181
1743492737.377639
1743492737.409871
1743492737.441414
1743492737.473441
1743492737.505685
1743492737.537756
1743492737.585357
1743492737.617250
1743492737.650002
1743492737.681866
1743492737.714052
1743492737.745743
1743492737.777548
1743492737.809639
1743492737.841788
1743492737.873112
1743492737.905878
1743492737.937186
1743492737.953120
1743492737.985550
1743492738.017885
1743492738.049687
1743492738.081726
1743492738.113686
1743492738.145836
1743492738.177855
1743492738.225768
1743492738.256855
1743492738.273157
1743492738.305284
1743492738.321230
1743492738.353343
1743492738.385675
1743492738.417845
1743492738.449812
1743492738.481615
1743492738.514146
1743492738.561794
1743492738.593608
1743492738.625219
1743492738.657307
1743492738.689202
1743492738.705346
1743492738.737109
1743492738.753390
1743492738.785732
1743492738.817733
1743492738.834071
1743492738.880285
1743492738.896911
1743492738.929954
1743492738.961348
1743492738.993846
1743492739.025650
1743492739.057463
1743492739.088996
1743492739.105367
1743492739.137598
1743492739.169694
1743492739.201334
1743492739.233595
1743492739.265554
1743492739.297527
1743492739.329497
1743492739.361763
1743492739.393653
1743492739.425862
1743492739.457165
1743492739.489331
1743492739.505559
1743492739.537602
1743492739.569132
1743492739.601599
1743492739.633824
1743492739.665615
1743492739.697522
1743492739.729616
1743492739.761811
1743492739.793741
1743492739.825580
1743492739.857988
1743492739.889219
1743492739.905186
1743492739.937309
1743492739.969633
1743492740.001523
1743492740.033734
1743492740.065617
1743492740.098051
1743492740.129892
1743492740.177600
1743492740.209557
1743492740.241075
1743492740.257063
1743492740.273358
1743492740.305436
1743492740.337626
1743492740.369702
1743492740.401663
1743492740.434122
1743492740.465710
1743492740.513537
1743492740.545604
1743492740.577224
1743492740.609665
1743492740.641260
1743492740.673494
1743492740.704876
1743492740.721243
1743492740.753416
1743492740.785762
1743492740.833593
1743492740.865514
1743492740.897698
1743492740.929742
1743492740.961467
1743492740.993852
1743492741.025764
1743492741.057441
1743492741.089376
1743492741.121266
1743492741.154016
1743492741.185528
1743492741.217465
1743492741.249881
1743492741.281847
1743492741.313623
1743492741.345646
1743492741.377656
1743492741.409211
1743492741.441525
1743492741.489196
1743492741.521348
1743492741.553064
1743492741.569116
1743492741.601435
1743492741.633580
1743492741.665631
1743492741.697691
1743492741.729920
1743492741.761650
1743492741.809556
1743492741.841379
1743492741.872969
1743492741.889124
1743492741.921131
1743492741.953475
1743492741.985514
1743492742.017711
1743492742.049617
1743492742.081767
1743492742.129383
1743492742.161806
1743492742.193526
1743492742.225613
1743492742.257239
1743492742.289173
1743492742.321268
1743492742.353403
1743492742.385543
1743492742.417788
1743492742.465370
1743492742.497628
1743492742.529577
1743492742.561786
1743492742.593942
1743492742.625885
1743492742.657091
1743492742.689385
1743492742.721297
1743492742.753298
1743492742.785824
1743492742.817548
1743492742.849472
1743492742.881691
1743492742.914050
1743492742.945493
1743492742.977648
1743492743.009506
1743492743.041250
1743492743.073298
1743492743.105919
1743492743.137025
1743492743.153159
1743492743.185395
1743492743.217737
1743492743.249733
1743492743.281527
1743492743.313687
1743492743.345525
1743492743.377728
1743492743.409694
1743492743.441684
1743492743.473000
1743492743.489050
1743492743.505256
1743492743.537263
1743492743.569338
1743492743.601691
1743492743.633637
1743492743.665503
1743492743.697820
1743492743.729791
1743492743.761889
1743492743.793289
1743492743.825310
1743492743.857140
1743492743.889039
1743492743.905144
1743492743.937197
1743492743.969414
1743492744.001664
1743492744.033695
1743492744.081554
1743492744.113504
1743492744.145520
1743492744.177620
1743492744.209475
1743492744.241095
1743492744.273223
1743492744.289249
1743492744.321394
1743492744.353410
1743492744.385755
1743492744.417613
1743492744.449404
1743492744.481739
1743492744.513746
1743492744.545891
1743492744.576966
1743492744.609583
1743492744.641273
1743492744.657121
1743492744.689018
1743492744.705495
1743492744.737799
1743492744.769319
1743492744.800997
1743492744.833561
1743492744.865823
1743492744.897468
1743492744.929362
1743492744.961575
1743492744.993593
1743492745.025683
1743492745.057359
1743492745.089048
1743492745.121105
1743492745.153295
1743492745.184833
1743492745.217371
1743492745.249698
1743492745.281664
1743492745.313514
1743492745.346146
1743492745.393214
1743492745.425325
1743492745.457163
1743492745.489129
1743492745.521130
1743492745.553506
1743492745.585157
1743492745.617549
1743492745.649567
1743492745.681697
1743492745.713613
1743492745.745476
1743492745.777441
1743492745.809464
1743492745.841488
1743492745.873126
1743492745.905377
1743492745.937232
1743492745.969514
1743492746.001622
1743492746.033459
1743492746.065342
1743492746.097556
1743492746.129888
1743492746.161522
1743492746.193582
1743492746.225389
1743492746.257232
1743492746.289455
1743492746.321493
1743492746.369114
1743492746.401528
1743492746.433639
1743492746.465458
1743492746.497392
1743492746.529349
1743492746.561785
1743492746.593837
1743492746.625386
1743492746.657280
1743492746.689517
1743492746.721293
1743492746.752627
1743492746.768696
1743492746.785009
1743492746.817444
1743492746.849007
1743492746.881611
1743492746.913525
1743492746.945641
1743492746.977507
1743492747.009891
1743492747.041650
1743492747.073014
1743492747.105362
1743492747.137171
1743492747.169160
1743492747.201445
1743492747.233370
1743492747.265410
1743492747.297660
1743492747.345265
1743492747.376899
1743492747.409441
1743492747.440936
1743492747.472890
1743492747.504575
1743492747.520863
1743492747.537140
1743492747.569456
1743492747.601086
1743492747.633754
1743492747.665524
1743492747.697241
1743492747.729215
1743492747.761539
1743492747.793317
1743492747.825319
1743492747.857078
1743492747.889151
1743492747.905241
1743492747.937287
1743492747.985198
1743492748.017215
1743492748.049255
1743492748.081369
1743492748.113523
1743492748.145697
1743492748.177445
1743492748.209800
1743492748.241534
1743492748.273308
1743492748.320926
1743492748.353039
1743492748.385366
1743492748.417270
1743492748.449510
1743492748.481469
1743492748.513463
1743492748.545549
1743492748.577448
1743492748.609654
1743492748.641337
1743492748.673132
1743492748.688881
1743492748.721220
1743492748.752900
1743492748.785538
1743492748.817404
1743492748.849288
1743492748.881444
1743492748.913532
1743492748.961318
1743492748.993374
1743492749.025038
1743492749.056487
1743492749.089023
1743492749.121014
1743492749.153001
1743492749.185313
1743492749.217639
1743492749.249673
1743492749.297211
1743492749.329322
1743492749.360941
1743492749.393550
1743492749.425304
1743492749.457204
1743492749.488971
1743492749.505013
1743492749.537293
1743492749.569404
1743492749.616817
1743492749.649176
1743492749.681470
1743492749.713537
1743492749.745113
1743492749.777513
1743492749.809446
1743492749.841293
1743492749.872899
1743492749.889077
1743492749.905147
1743492749.937505
1743492749.969090
1743492750.001120
1743492750.033397
1743492750.065265
1743492750.097227
1743492750.129292
1743492750.161497
1743492750.193571
1743492750.225351
1743492750.272763
1743492750.304759
1743492750.336770
1743492750.353126
1743492750.385321
1743492750.417432
1743492750.449513
1743492750.481464
1743492750.513669
1743492750.545422
1743492750.593151
1743492750.624880
1743492750.656744
1743492750.672885
1743492750.704980
1743492750.720988
1743492750.752866
1743492750.785120
1743492750.817475
1743492750.849160
1743492750.881447
1743492750.913635
1743492750.945407
1743492750.976987
1743492751.009349
1743492751.041035
1743492751.072877
1743492751.105228
1743492751.137187
1743492751.169254
1743492751.201261
1743492751.249120
1743492751.281135
1743492751.313430
1743492751.345321
1743492751.376664
1743492751.409318
1743492751.440818
1743492751.472840
1743492751.488972
1743492751.521179
1743492751.569154
1743492751.601230
1743492751.632895
1743492751.665144
1743492751.697481
1743492751.729497
1743492751.761152
1743492751.793383
1743492751.825413
1743492751.857148
1743492751.889311
1743492751.920718
1743492751.936759
1743492751.952873
1743492751.985199
1743492752.017273
1743492752.049420
1743492752.081297
1743492752.113085
1743492752.145677
1743492752.177567
1743492752.225087
1743492752.256568
1743492752.288829
1743492752.304758
1743492752.320701
1743492752.353032
1743492752.385279
1743492752.417146
1743492752.449432
1743492752.481208
1743492752.513781
1743492752.545678
1743492752.577104
1743492752.608943
1743492752.641092
1743492752.673019
1743492752.704973
1743492752.720835
1743492752.753012
1743492752.785233
1743492752.817398
1743492752.865041
1743492752.897446
1743492752.929286
1743492752.961172
1743492752.992946
1743492753.024766
1743492753.056771
1743492753.088910
1743492753.120832
1743492753.153138
1743492753.200675
1743492753.233174
1743492753.265057
1743492753.297345
1743492753.329356
1743492753.361376
1743492753.393241
1743492753.425396
1743492753.457127
1743492753.489066
1743492753.520869
1743492753.552874
1743492753.585000
1743492753.617084
1743492753.648562
1743492753.681269
1743492753.713411
1743492753.745522
1743492753.777021
1743492753.809380
1743492753.841498
1743492753.872951
1743492753.904854
1743492753.936743
1743492753.968890
1743492754.001153
1743492754.033221
1743492754.065265
1743492754.097358
1743492754.129459
1743492754.177214
1743492754.209192
1743492754.240809
1743492754.272821
1743492754.305032
1743492754.337113
1743492754.369043
1743492754.401049
1743492754.433193
1743492754.465859
1743492754.497537
1743492754.529043
1743492754.561151
1743492754.593212
1743492754.625106
1743492754.656626
1743492754.688776
1743492754.720946
1743492754.737090
1743492754.769109
1743492754.816778
1743492754.849197
1743492754.881137
1743492754.913403
1743492754.944483
1743492754.960560
1743492754.976632
1743492754.992646
1743492755.008887
1743492755.040948
1743492755.072924
1743492755.089054
1743492755.121030
1743492755.153421
1743492755.185198
1743492755.217172
1743492755.249267
1743492755.281343
1743492755.313198
1743492755.345401
1743492755.377228
1743492755.409351
1743492755.441003
1743492755.472977
1743492755.504271
1743492755.520606
1743492755.551461
1743492755.567588
1743492755.583788
1743492755.600845
1743492755.633148
1743492755.665129
1743492755.697066
1743492755.729372
1743492755.761361
1743492755.793319
1743492755.824960
1743492755.856715
1743492755.888918
1743492755.921026
1743492755.952840
1743492755.985094
1743492756.017107
1743492756.049508
1743492756.081123
1743492756.128871
1743492756.161016
1743492756.193232
1743492756.225002
1743492756.256759
1743492756.289312
1743492756.320960
1743492756.352975
1743492756.385365
1743492756.417370
1743492756.449373
1743492756.480967
1743492756.513528
1743492756.545149
1743492756.577098
1743492756.609031
1743492756.641002
1743492756.672871
1743492756.704870
1743492756.736545
1743492756.769375
1743492756.800935
1743492756.832946
1743492756.864657
1743492756.896605
1743492756.929202
1743492756.961056
1743492756.993193
1743492757.025125
1743492757.057256
1743492757.104528
1743492757.136953
1743492757.169118
1743492757.200510
1743492757.232963
1743492757.265132
1743492757.297220
1743492757.328683
1743492757.361181
1743492757.393247
1743492757.425071
1743492757.456206
1743492757.472537
1743492757.488758
1743492757.520755
1743492757.552312
1743492757.568505
1743492757.600922
1743492757.633253
1743492757.664660
1743492757.697528
1743492757.745170
1743492757.776961
1743492757.808699
1743492757.840850
1743492757.872860
1743492757.904847
1743492757.936831
1743492757.968944
1743492758.001175
1743492758.033139
1743492758.081396
1743492758.113012
1743492758.145217
1743492758.177210
1743492758.209066
1743492758.240710
1743492758.272922
1743492758.304783
1743492758.337272
1743492758.368967
1743492758.401428
1743492758.433138
1743492758.464770
1743492758.497165
1743492758.528927
1743492758.561210
1743492758.593008
1743492758.625262
1743492758.656811
1743492758.688940
1743492758.720432
1743492758.736724
1743492758.752710
1743492758.784888
1743492758.816455
1743492758.849288
1743492758.881024
1743492758.913285
1743492758.944941
1743492758.977709
1743492759.009444
1743492759.057054
1743492759.088493
1743492759.104566
1743492759.120633
1743492759.152936
1743492759.184780
1743492759.216893
1743492759.249104
1743492759.280986
1743492759.313053
1743492759.345477
1743492759.377248
1743492759.409287
1743492759.440338
1743492759.456735
1743492759.489196
1743492759.520663
1743492759.552340
1743492759.568582
1743492759.600983
1743492759.633088
1743492759.664867
1743492759.697199
1743492759.728918
1743492759.760870
1743492759.792677
1743492759.825092
1743492759.856584
1743492759.872848
1743492759.904569
1743492759.920616
1743492759.936745
1743492759.952740
1743492759.985233
1743492760.032731
1743492760.065069
1743492760.097100
1743492760.129044
1743492760.161210
1743492760.192994
1743492760.225075
1743492760.256821
1743492760.272793
1743492760.304915
1743492760.352655
1743492760.384497
1743492760.416931
1743492760.449417
1743492760.481244
1743492760.513224
1743492760.545059
1743492760.577202
1743492760.609189
1743492760.640383
1743492760.673129
1743492760.704796
1743492760.736646
1743492760.752598
1743492760.784785
1743492760.817119
1743492760.849086
1743492760.880567
1743492760.913179
1743492760.945357
1743492760.977544
1743492761.008986
1743492761.040274
1743492761.072204
1743492761.088379
1743492761.104567
1743492761.136826
1743492761.168933
1743492761.200812
1743492761.233008
1743492761.265369
1743492761.297204
1743492761.329472
1743492761.360287
1743492761.376458
1743492761.409176
1743492761.440729
1743492761.472165
1743492761.488767
1743492761.520778
1743492761.552873
1743492761.584766
1743492761.617213
1743492761.649189
1743492761.680921
1743492761.712458
1743492761.744961
1743492761.777040
1743492761.808899
1743492761.840495
1743492761.872869
1743492761.904911
1743492761.937058
1743492761.984775
1743492762.016777
1743492762.049110
1743492762.081133
1743492762.112301
1743492762.145141
1743492762.177028
1743492762.209279
1743492762.240818
1743492762.272948
1743492762.305139
1743492762.336618
1743492762.368626
1743492762.400781
1743492762.433077
1743492762.465096
1743492762.497069
1743492762.529248
1743492762.561071
1743492762.593285
1743492762.625022
1743492762.656660
1743492762.688599
1743492762.720652
1743492762.752533
1743492762.768364
1743492762.800935
1743492762.832736
1743492762.864542
1743492762.897098
1743492762.929046
1743492762.961171
1743492762.992273
1743492763.008373
1743492763.040438
1743492763.056443
1743492763.088339
1743492763.104746
1743492763.136884
1743492763.168708
1743492763.200663
1743492763.233502
1743492763.279455
1743492763.311369
1743492763.343375
1743492763.375452
1743492763.391347
1743492763.407410
1743492763.439219
1743492763.455360
1743492763.471350
1743492763.503200
1743492763.519499
1743492763.535544
1743492763.567301
1743492763.599559
1743492763.631248
1743492763.647246
1743492763.679408
1743492763.711360
1743492763.743474
1743492763.759550
1743492763.776614
1743492763.808908
1743492763.840311
1743492763.856656
1743492763.888942
1743492763.936391
1743492763.968331
1743492764.000847
1743492764.033052
1743492764.065033
1743492764.096242
1743492764.128962
1743492764.161143
1743492764.193039
1743492764.224976
1743492764.256910
1743492764.288716
1743492764.320626
1743492764.352624
1743492764.368665
1743492764.400683
1743492764.432845
1743492764.464518
1743492764.496693
1743492764.529202
1743492764.576758
1743492764.608769
1743492764.640469
1743492764.672568
1743492764.704570
1743492764.736650
1743492764.768745
1743492764.800291
1743492764.833289
1743492764.865061
1743492764.912677
1743492764.944119
1743492764.976812
1743492765.008844
1743492765.040562
1743492765.072264
1743492765.088407
1743492765.104595
1743492765.136645
1743492765.168576
1743492765.200925
1743492765.233103
1743492765.264833
1743492765.296785
1743492765.328942
1743492765.360962
1743492765.392715
1743492765.424802
1743492765.456672
1743492765.488710
1743492765.520779
1743492765.552501
1743492765.584654
1743492765.616721
1743492765.648691
1743492765.680197
1743492765.712893
1743492765.744862
1743492765.776914
1743492765.808640
1743492765.840605
1743492765.888474
1743492765.920328
1743492765.952293
1743492765.984914
1743492766.016799
1743492766.049037
1743492766.081003
1743492766.112988
1743492766.145021
1743492766.176938
1743492766.208803
1743492766.240307
1743492766.272414
1743492766.304390
1743492766.336344
1743492766.368942
1743492766.400831
1743492766.432736
1743492766.464870
1743492766.497210
1743492766.529001
1743492766.560656
1743492766.592331
1743492766.624831
1743492766.656389
1743492766.688666
1743492766.720301
1743492766.736453
1743492766.769032
1743492766.800837
1743492766.832492
1743492766.865041
1743492766.896571
1743492766.928663
1743492766.960204
1743492766.992846
1743492767.024932
1743492767.056694
1743492767.088108
1743492767.104553
1743492767.136563
1743492767.152566
1743492767.184500
1743492767.216640
1743492767.248770
1743492767.280964
1743492767.312459
1743492767.344808
1743492767.376770
1743492767.408988
1743492767.441147
1743492767.472746
1743492767.504982
1743492767.536287
1743492767.568009
1743492767.584136
1743492767.616769
1743492767.649160
1743492767.680194
1743492767.712948
1743492767.744822
1743492767.777023
1743492767.808529
1743492767.840789
1743492767.872332
1743492767.904562
1743492767.936289
1743492767.952352
1743492767.968828
1743492768.000805
1743492768.032881
1743492768.064844
1743492768.097026
1743492768.128945
1743492768.159364
1743492768.175930
1743492768.207556
1743492768.223692
1743492768.240231
1743492768.272396
1743492768.304530
1743492768.336594
1743492768.368437
1743492768.400831
1743492768.432919
1743492768.480899
1743492768.512540
1743492768.544820
1743492768.576704
1743492768.608799
1743492768.640141
1743492768.656378
1743492768.688617
1743492768.720543
1743492768.752117
1743492768.768308
1743492768.784517
1743492768.816858
1743492768.848140
1743492768.880900
1743492768.912661
1743492768.944832
1743492768.976089
1743492769.008790
1743492769.040496
1743492769.072728
1743492769.104175
1743492769.137045
1743492769.168484
1743492769.200625
1743492769.232065
1743492769.264730
1743492769.296844
1743492769.328962
1743492769.360200
1743492769.392895
1743492769.424911
1743492769.456866
1743492769.487951
1743492769.504270
1743492769.536336
1743492769.568633
1743492769.600254
1743492769.632926
1743492769.665000
1743492769.696783
1743492769.728251
1743492769.760913
1743492769.792917
1743492769.824682
1743492769.855841
1743492769.872104
1743492769.904319
1743492769.936417
1743492769.968186
1743492770.000714
1743492770.032631
1743492770.064879
1743492770.112772
1743492770.144681
1743492770.176493
1743492770.208733
1743492770.239789
1743492770.256153
1743492770.272368
1743492770.304482
1743492770.336016
1743492770.352438
1743492770.368487
1743492770.401017
1743492770.432194
1743492770.464951
1743492770.496749
1743492770.528721
1743492770.560127
1743492770.592998
1743492770.624842
1743492770.656422
1743492770.688263
1743492770.704399
1743492770.736618
1743492770.768708
1743492770.800257
1743492770.832717
1743492770.864947
1743492770.896642
1743492770.928470
1743492770.960835
1743492770.993013
1743492771.024822
1743492771.056223
1743492771.088909
1743492771.120215
1743492771.152212
1743492771.184357
1743492771.217000
1743492771.248816
1743492771.280981
1743492771.312507
1743492771.344830
1743492771.376884
1743492771.408785
1743492771.439790
1743492771.456137
1743492771.488303
1743492771.520494
1743492771.552109
1743492771.568801
1743492771.600661
1743492771.632684
1743492771.664488
1743492771.696879
1743492771.744451
1743492771.776600
1743492771.808280
1743492771.840430
1743492771.872180
1743492771.888320
1743492771.920186
1743492771.952386
1743492771.984744
1743492772.016853
1743492772.064868
1743492772.096749
1743492772.128636
1743492772.160621
1743492772.192644
1743492772.224068
1743492772.256194
1743492772.272296
1743492772.304462
1743492772.336563
1743492772.384390
1743492772.416426
1743492772.448617
1743492772.480798
1743492772.512232
1743492772.544712
1743492772.576859
1743492772.608786
1743492772.640365
1743492772.656437
1743492772.688429
1743492772.720821
1743492772.751930
1743492772.767931
1743492772.800337
1743492772.832696
1743492772.864148
1743492772.879924
1743492772.913086
1743492772.945033
1743492772.976269
1743492773.008788
1743492773.040739
1743492773.072282
1743492773.103848
1743492773.120200
1743492773.152444
1743492773.184569
1743492773.216437
1743492773.248950
1743492773.280743
1743492773.312820
1743492773.360511
1743492773.392558
1743492773.424856
1743492773.456331
1743492773.487747
1743492773.504286
1743492773.536418
1743492773.568452
1743492773.599998
1743492773.632877
1743492773.664824
1743492773.697042
1743492773.728125
1743492773.760552
1743492773.792639
1743492773.824630
1743492773.856134
1743492773.872180
1743492773.904364
1743492773.936433
1743492773.968360
1743492774.016371
1743492774.048497
1743492774.080818
1743492774.112258
1743492774.144632
1743492774.176694
1743492774.208556
1743492774.240633
1743492774.272530
1743492774.304294
1743492774.336433
1743492774.368156
1743492774.400475
1743492774.432474
1743492774.464618
1743492774.496467
1743492774.528978
1743492774.560790
1743492774.593166
1743492774.624557
1743492774.672130
1743492774.703979
1743492774.736091
1743492774.768106
1743492774.800248
1743492774.832688
1743492774.864524
1743492774.895987
1743492774.911903
1743492774.928221
1743492774.944430
1743492774.992536
1743492775.024653
1743492775.056046
1743492775.072056
1743492775.103800
1743492775.119985
1743492775.152135
1743492775.184538
1743492775.216302
1743492775.249111
1743492775.280693
1743492775.312669
1743492775.344489
1743492775.376778
1743492775.408402
1743492775.439983
1743492775.456278
1743492775.488419
1743492775.520179
1743492775.552388
1743492775.584109
1743492775.616845
1743492775.648713
1743492775.680772
1743492775.711924
1743492775.744466
1743492775.776716
1743492775.808607
1743492775.839775
1743492775.856016
1743492775.872320
1743492775.904360
1743492775.936088
1743492775.968844
1743492776.000311
1743492776.032348
1743492776.064306
1743492776.096564
1743492776.128643
1743492776.160572
1743492776.192496
1743492776.224669
1743492776.256437
1743492776.288858
1743492776.319952
1743492776.336191
1743492776.368384
1743492776.400399
1743492776.432389
1743492776.464449
1743492776.496689
1743492776.528949
1743492776.560731
1743492776.592854
1743492776.624453
1743492776.655956
1743492776.688135
1743492776.720248
1743492776.752421
1743492776.784386
1743492776.816217
1743492776.848823
1743492776.880691
1743492776.912730
1743492776.943962
1743492776.976529
1743492777.008426
1743492777.039889
1743492777.072015
1743492777.104206
1743492777.136261
1743492777.168226
1743492777.200385
1743492777.232490
1743492777.264509
1743492777.296529
1743492777.328412
1743492777.360516
1743492777.392478
1743492777.424769
1743492777.456144
1743492777.488402
1743492777.520428
1743492777.552345
1743492777.600136
1743492777.632441
1743492777.664472
1743492777.696521
1743492777.727846
1743492777.760489
1743492777.792486
1743492777.824916
1743492777.856017
1743492777.872187
1743492777.904491
1743492777.936650
1743492777.967930
1743492778.000408
1743492778.032514
1743492778.064750
1743492778.096171
1743492778.128648
1743492778.160523
1743492778.192201
1743492778.240120
1743492778.271885
1743492778.287839
1743492778.304010
1743492778.336071
1743492778.368343
1743492778.400534
1743492778.432560
1743492778.464331
1743492778.496814
1743492778.528572
1743492778.576262
1743492778.607865
1743492778.623884
1743492778.656110
1743492778.687990
1743492778.719976
1743492778.752196
1743492778.784359
1743492778.816433
1743492778.848284
1743492778.896232
1743492778.928370
1743492778.960216
1743492778.991686
1743492779.008066
1743492779.040080
1743492779.056065
1743492779.087758
1743492779.104096
1743492779.136380
1743492779.168376
1743492779.216676
1743492779.248398
1743492779.280437
1743492779.312803
1743492779.343990
1743492779.376473
1743492779.408354
1743492779.440240
1743492779.472201
1743492779.504094
1743492779.552406
1743492779.584347
1743492779.615748
1743492779.631699
1743492779.647914
1743492779.680806
1743492779.711831
1743492779.744439
1743492779.776721
1743492779.808423
1743492779.840185
1743492779.872516
1743492779.903831
1743492779.920019
1743492779.952202
1743492779.983745
1743492780.016484
1743492780.048774
1743492780.080508
1743492780.112547
1743492780.144680
1743492780.192247
1743492780.224239
1743492780.256071
1743492780.287576
1743492780.303982
1743492780.336067
1743492780.368224
1743492780.400289
1743492780.432643
1743492780.464538
1743492780.496537
1743492780.528460
1743492780.560388
1743492780.592375
1743492780.624375
1743492780.655878
1743492780.687950
1743492780.720265
1743492780.752199
1743492780.784030
1743492780.816626
1743492780.864322
1743492780.896374
1743492780.927746
1743492780.960227
1743492780.992481
1743492781.024716
1743492781.055772
1743492781.072007
1743492781.104168
1743492781.136351
1743492781.168077
1743492781.200253
1743492781.232283
1743492781.264399
1743492781.296316
1743492781.328789
1743492781.360490
1743492781.392424
1743492781.424394
1743492781.456193
1743492781.503980
1743492781.535939
1743492781.552167
1743492781.568398
1743492781.600464
1743492781.632410
1743492781.664133
1743492781.696280
1743492781.728238
1743492781.760673
1743492781.792520
1743492781.840366
1743492781.872146
1743492781.903930
1743492781.935900
1743492781.952225
1743492781.984212
1743492782.016557
1743492782.047982
1743492782.080967
1743492782.112675
1743492782.144562
1743492782.175941
1743492782.208471
1743492782.239933
1743492782.272006
1743492782.303935
1743492782.336188
1743492782.368326
1743492782.400310
1743492782.432327
1743492782.480317
1743492782.512444
1743492782.544266
1743492782.576417
1743492782.608504
1743492782.640334
1743492782.672164
1743492782.703902
1743492782.736316
1743492782.768237
1743492782.800434
1743492782.831928
1743492782.864263
1743492782.896154
1743492782.928331
1743492782.959758
1743492782.992497
1743492783.024356
1743492783.055999
1743492783.087686
1743492783.120465
1743492783.151948
1743492783.184264
1743492783.215710
1743492783.248722
1743492783.280313
1743492783.312294
1743492783.344129
1743492783.376240
1743492783.408412
1743492783.455608
1743492783.487767
1743492783.519945
1743492783.551717
1743492783.584007
1743492783.616230
1743492783.648400
1743492783.680305
1743492783.712509
1743492783.744249
1743492783.792132
1743492783.824252
1743492783.855791
1743492783.887685
1743492783.903930
1743492783.936297
1743492783.968246
1743492783.999990
1743492784.032390
1743492784.064190
1743492784.096647
1743492784.127655
1743492784.160368
1743492784.192265
1743492784.224359
1743492784.255692
1743492784.271797
1743492784.287819
1743492784.303925
1743492784.335691
1743492784.351959
1743492784.368208
1743492784.400286
1743492784.432659
1743492784.464311
1743492784.496041
1743492784.528598
1743492784.560627
1743492784.592437
1743492784.624290
1743492784.656047
1743492784.688111
1743492784.720227
1743492784.767750
1743492784.800247
1743492784.831624
1743492784.864539
1743492784.896099
1743492784.928276
1743492784.959711
1743492784.975584
1743492784.991845
1743492785.024565
1743492785.071805
1743492785.103862
1743492785.135697
1743492785.151794
1743492785.184183
1743492785.216137
1743492785.248388
1743492785.280563
1743492785.312457
1743492785.344546
1743492785.376570
1743492785.408532
1743492785.440012
1743492785.472109
1743492785.503967
1743492785.536115
1743492785.568008
1743492785.600252
1743492785.632582
1743492785.664326
1743492785.696279
1743492785.743942
1743492785.776192
1743492785.808396
1743492785.839918
1743492785.872170
1743492785.903988
1743492785.935896
1743492785.967747
1743492786.000163
1743492786.048185
1743492786.080013
1743492786.111684
1743492786.144283
1743492786.176348
1743492786.208125
1743492786.239969
1743492786.272192
1743492786.304105
1743492786.336022
1743492786.383836
1743492786.415895
1743492786.448230
1743492786.480331
1743492786.512082
1743492786.544204
1743492786.576249
1743492786.608226
1743492786.640000
1743492786.672002
1743492786.719821
1743492786.751776
1743492786.783926
1743492786.816264
1743492786.848325
1743492786.880462
1743492786.912011
1743492786.944305
1743492786.976299
1743492787.023949
1743492787.055316
1743492787.071618
1743492787.103995
1743492787.136060
1743492787.167604
1743492787.200126
1743492787.232139
1743492787.264310
1743492787.296009
1743492787.328264
1743492787.360475
1743492787.391723
1743492787.423936
1743492787.455967
1743492787.488031
1743492787.519899
1743492787.551710
1743492787.584213
1743492787.616298
1743492787.648430
1743492787.696393
1743492787.728187
1743492787.760304
1743492787.792281
1743492787.824087
1743492787.856065
1743492787.887859
1743492787.919980
1743492787.951901
1743492787.999840
1743492788.032188
1743492788.064139
1743492788.095987
1743492788.128067
1743492788.160147
1743492788.192213
1743492788.224152
1743492788.255889
1743492788.287518
1743492788.303941
1743492788.335887
1743492788.367750
1743492788.399834
1743492788.432126
1743492788.464164
1743492788.496228
1743492788.528216
1743492788.560250
1743492788.592284
1743492788.624217
1743492788.671677
1743492788.703550
1743492788.719527
1743492788.735668
1743492788.767881
1743492788.799914
1743492788.832140
1743492788.864376
1743492788.896031
1743492788.928500
1743492788.975960
1743492789.008023
1743492789.039131
1743492789.055646
1743492789.087625
1743492789.103664
1743492789.135376
1743492789.151636
1743492789.167836
1743492789.199903
1743492789.231960
1743492789.264190
1743492789.311981
1743492789.344203
1743492789.375943
1743492789.408248
1743492789.439922
1743492789.471578
1743492789.503914
1743492789.535996
1743492789.568074
1743492789.600110
1743492789.647913
1743492789.679891
1743492789.712104
1743492789.744114
1743492789.775995
1743492789.808099
1743492789.839804
1743492789.871849
1743492789.903582
1743492789.919855
1743492789.952181
1743492789.983980
1743492790.015340
1743492790.048086
1743492790.079970
1743492790.112093
1743492790.143736
1743492790.176258
1743492790.208589
1743492790.240226
1743492790.287562
1743492790.319479
1743492790.335639
1743492790.367920
1743492790.399981
1743492790.432236
1743492790.464087
1743492790.495985
1743492790.527963
1743492790.560366
1743492790.592449
1743492790.624180
1743492790.655654
1743492790.687716
1743492790.719810
1743492790.751908
1743492790.783670
1743492790.816162
1743492790.848451
1743492790.880461
1743492790.927960
1743492790.960111
1743492790.992048
1743492791.007499
1743492791.039293
1743492791.071918
1743492791.103697
1743492791.135624
1743492791.167607
1743492791.200159
1743492791.232328
1743492791.264098
1743492791.295818
1743492791.327884
1743492791.360113
1743492791.392188
1743492791.424095
1743492791.455952
1743492791.487867
1743492791.519744
1743492791.552259
1743492791.599516
1743492791.631969
1743492791.663976
1743492791.695768
1743492791.728217
1743492791.760152
1743492791.792144
1743492791.823910
1743492791.855897
1743492791.887726
1743492791.920283
1743492791.951164
1743492791.967584
1743492792.000075
1743492792.032090
1743492792.063441
1743492792.095925
1743492792.128039
1743492792.160212
1743492792.191596
1743492792.239950
1743492792.271429
1743492792.303600
1743492792.335778
1743492792.367844
1743492792.399898
1743492792.431954
1743492792.464349
1743492792.496351
1743492792.528416
1743492792.576021
1743492792.607799
1743492792.639476
1743492792.655633
1743492792.687763
1743492792.719771
1743492792.751671
1743492792.783905
1743492792.816098
1743492792.848197
1743492792.896055
1743492792.927754
1743492792.960054
1743492792.991397
1743492793.007603
1743492793.023550
1743492793.055855
1743492793.087231
1743492793.103584
1743492793.119763
1743492793.151893
1743492793.183805
1743492793.216148
1743492793.247993
1743492793.279877
1743492793.311876
1743492793.344129
1743492793.375933
1743492793.408130
1743492793.439818
1743492793.471902
1743492793.503662
1743492793.551340
1743492793.583666
1743492793.615888
1743492793.648270
1743492793.680035
1743492793.712124
1743492793.744001
1743492793.776074
1743492793.808154
1743492793.839758
1743492793.872262
1743492793.903403
1743492793.919436
1743492793.951486
1743492793.983925
1743492794.015786
1743492794.048113
1743492794.079335
1743492794.112065
1743492794.144082
1743492794.191874
1743492794.223256
1743492794.239374
1743492794.271473
1743492794.303499
1743492794.335310
1743492794.351540
1743492794.383972
1743492794.416068
1743492794.447853
1743492794.480164
1743492794.527641
1743492794.559778
1743492794.591972
1743492794.624008
1743492794.655652
1743492794.687828
1743492794.719758
1743492794.751787
1743492794.784012
1743492794.816040
1743492794.847952
1743492794.879940
1743492794.911778
1743492794.943942
1743492794.975777
1743492795.008042
1743492795.039634
1743492795.071790
1743492795.103245
1743492795.119665
1743492795.167298
1743492795.199750
1743492795.231172
1743492795.264278
1743492795.295927
1743492795.327949
1743492795.359363
1743492795.391988
1743492795.424048
1743492795.455919
1743492795.503482
1743492795.535400
1743492795.551480
1743492795.583865
1743492795.615378
1743492795.647918
1743492795.680115
1743492795.712145
1743492795.744017
1743492795.776112
1743492795.823498
1743492795.855617
1743492795.887686
1743492795.919135
1743492795.935639
1743492795.967924
1743492795.999755
1743492796.031835
1743492796.064401
1743492796.096044
1743492796.143716
1743492796.175881
1743492796.207334
1743492796.239341
1743492796.255503
1743492796.271595
1743492796.303273
1743492796.319447
1743492796.351467
1743492796.384009
1743492796.415748
1743492796.448281
1743492796.480169
1743492796.511697
1743492796.543670
1743492796.575870
1743492796.608130
1743492796.639854
1743492796.671404
1743492796.687496
1743492796.719761
1743492796.751741
1743492796.799537
1743492796.831866
1743492796.864025
1743492796.895940
1743492796.927221
1743492796.960038
1743492796.991863
1743492797.023947
1743492797.039441
1743492797.055664
1743492797.087917
1743492797.120074
1743492797.151044
1743492797.167248
1743492797.183323
1743492797.215689
1743492797.247337
1743492797.280225
1743492797.311916
1743492797.344178
1743492797.375768
1743492797.408217
1743492797.455961
1743492797.487410
1743492797.519444
1743492797.551521
1743492797.583602
1743492797.615782
1743492797.647728
1743492797.680134
1743492797.712114
1743492797.743949
1743492797.775793
1743492797.807845
1743492797.839598
1743492797.871390
1743492797.903362
1743492797.935631
1743492797.968061
1743492797.999921
1743492798.031714
1743492798.064118
1743492798.095972
1743492798.127740
1743492798.159101
1743492798.191737
1743492798.223926
1743492798.255581
1743492798.286952
1743492798.303457
1743492798.335760
1743492798.367928
1743492798.399663
1743492798.431837
1743492798.463769
1743492798.495703
1743492798.527799
1743492798.559953
1743492798.591779
1743492798.623931
1743492798.655548
1743492798.687440
1743492798.703596
1743492798.719558
1743492798.751874
1743492798.783622
1743492798.815716
1743492798.848316
1743492798.879682
1743492798.911743
1743492798.942844
1743492798.959320
1743492798.991414
1743492799.023960
1743492799.039573
1743492799.071921
1743492799.102984
1743492799.119219
1743492799.135368
1743492799.167823
1743492799.199386
1743492799.231918
1743492799.264073
1743492799.295846
1743492799.327731
1743492799.359949
1743492799.407605
1743492799.439293
1743492799.455325
1743492799.487591
1743492799.519647
1743492799.551750
1743492799.583551
1743492799.616076
1743492799.647665
1743492799.679955
1743492799.727775
1743492799.759813
1743492799.791800
1743492799.823782
1743492799.855119
1743492799.887668
1743492799.919505
1743492799.951450
1743492799.983212
1743492800.015915
1743492800.047900
1743492800.079788
1743492800.111704
1743492800.143686
1743492800.175769
1743492800.207610
1743492800.239403
1743492800.271562
1743492800.303680
1743492800.335723
1743492800.383414
1743492800.415560
1743492800.447677
1743492800.479819
1743492800.511784
1743492800.544050
1743492800.576008
1743492800.608062
1743492800.639927
1743492800.671549
1743492800.703835
1743492800.735605
1743492800.767589
1743492800.799761
1743492800.831766
1743492800.863960
1743492800.895807
1743492800.927880
1743492800.959967
1743492800.992119
1743492801.023794
1743492801.055198
1743492801.071173
1743492801.087232
1743492801.118898
1743492801.135244
1743492801.151420
1743492801.183459
1743492801.215247
1743492801.247967
1743492801.280388
1743492801.312101
1743492801.359580
1743492801.391833
1743492801.423715
1743492801.455429
1743492801.487421
1743492801.519395
1743492801.535408
1743492801.567578
1743492801.599599
1743492801.632121
1743492801.679739
1743492801.711593
1743492801.743639
1743492801.775971
1743492801.807749
1743492801.839341
1743492801.871106
1743492801.887375
1743492801.903555
1743492801.935733
1743492801.967440
1743492802.000048
1743492802.031822
1743492802.063693
1743492802.095095
1743492802.127812
1743492802.159821
1743492802.191713
1743492802.223439
1743492802.255601
1743492802.287656
1743492802.335142
1743492802.367222
1743492802.399711
1743492802.431736
1743492802.463659
1743492802.495821
1743492802.527760
1743492802.559938
1743492802.592063
1743492802.623664
1743492802.655954
1743492802.687132
1743492802.703320
1743492802.735396
1743492802.767272
1743492802.799687
1743492802.831831
1743492802.863617
1743492802.895747
1743492802.927790
1743492802.975827
1743492803.007124
1743492803.023167
1743492803.055501
1743492803.071262
1743492803.102971
1743492803.119386
1743492803.151431
1743492803.183555
1743492803.215251
1743492803.247874
1743492803.279811
1743492803.312020
1743492803.343338
1743492803.375957
1743492803.407633
1743492803.439278
1743492803.471281
1743492803.503404
1743492803.535625
1743492803.567669
1743492803.599678
1743492803.631260
1743492803.664014
1743492803.695788
1743492803.727726
1743492803.759765
1743492803.791716
1743492803.823822
1743492803.855482
1743492803.887590
1743492803.919290
1743492803.952216
1743492803.983657
1743492804.015669
1743492804.047053
1743492804.079699
1743492804.111616
1743492804.143770
1743492804.175043
1743492804.207951
1743492804.239638
1743492804.287210
1743492804.318690
1743492804.335094
1743492804.367333
1743492804.399583
1743492804.431085
1743492804.463685
1743492804.495769
1743492804.528239
1743492804.559355
1743492804.607600
1743492804.639424
1743492804.671079
1743492804.703054
1743492804.719396
1743492804.751293
1743492804.783631
1743492804.815319
1743492804.847777
1743492804.879910
1743492804.927561
1743492804.958923
1743492804.991682
1743492805.023494
1743492805.055458
1743492805.087179
1743492805.103293
1743492805.135510
1743492805.167679
1743492805.199223
1743492805.215865
1743492805.263680
1743492805.295512
1743492805.326843
1743492805.342794
1743492805.359001
1743492805.375020
1743492805.407253
1743492805.439407
1743492805.471160
1743492805.487183
1743492805.519430
1743492805.551608
1743492805.583860
1743492805.615393
1743492805.647791
1743492805.679633
1743492805.711610
1743492805.743732
1743492805.775553
1743492805.807669
1743492805.839427
1743492805.871405
1743492805.903188
1743492805.935236
1743492805.967420
1743492805.999657
1743492806.030950
1743492806.063638
1743492806.095790
1743492806.128058
1743492806.159318
1743492806.191832
1743492806.239356
1743492806.271011
1743492806.303055
1743492806.319115
1743492806.335248
1743492806.367352
1743492806.399331
1743492806.431607
1743492806.463563
1743492806.495751
1743492806.527408
1743492806.559748
1743492806.591482
1743492806.623459
1743492806.655217
1743492806.671338
1743492806.703377
1743492806.735372
1743492806.767486
1743492806.799798
1743492806.831611
1743492806.879595
1743492806.910849
1743492806.943561
1743492806.975668
1743492807.007670
1743492807.038961
1743492807.071125
1743492807.103345
1743492807.119122
1743492807.135360
1743492807.167435
1743492807.215248
1743492807.247828
1743492807.279082
1743492807.311631
1743492807.343710
1743492807.375611
1743492807.406942
1743492807.423048
1743492807.455262
1743492807.487232
1743492807.535273
1743492807.567403
1743492807.599386
1743492807.631545
1743492807.663442
1743492807.695474
1743492807.727741
1743492807.759598
1743492807.791591
1743492807.823688
1743492807.855879
1743492807.887083
1743492807.919294
1743492807.951236
1743492807.983508
1743492808.015636
1743492808.047570
1743492808.079645
1743492808.111704
1743492808.143809
1743492808.191571
1743492808.223436
1743492808.255128
1743492808.287019
1743492808.318660
1743492808.335132
1743492808.351176
1743492808.367186
1743492808.398948
1743492808.431849
1743492808.463707
1743492808.511398
1743492808.543202
1743492808.575665
1743492808.607369
1743492808.639293
1743492808.670858
1743492808.687084
1743492808.719278
1743492808.751222
1743492808.783353
1743492808.831055
1743492808.863384
1743492808.895501
1743492808.927285
1743492808.959565
1743492808.991820
1743492809.023427
1743492809.054736
1743492809.071109
1743492809.103428
1743492809.119248
1743492809.167282
1743492809.198931
1743492809.231393
1743492809.263468
1743492809.295108
1743492809.327909
1743492809.359780
1743492809.391515
1743492809.423428
1743492809.455369
1743492809.487595
1743492809.518911
1743492809.550992
1743492809.583413
1743492809.615461
1743492809.647874
1743492809.679679
1743492809.711659
1743492809.743610
1743492809.775716
1743492809.807509
1743492809.839148
1743492809.871339
1743492809.903198
1743492809.935001
1743492809.951145
1743492809.983441
1743492810.015495
1743492810.047066
1743492810.079619
1743492810.111672
1743492810.143493
1743492810.174958
1743492810.207429
1743492810.239705
1743492810.271287
1743492810.302961
1743492810.335225
1743492810.367286
1743492810.399469
1743492810.431517
1743492810.463885
1743492810.495522
1743492810.527658
1743492810.559220
1743492810.591613
1743492810.623438
1743492810.655205
1743492810.687150
1743492810.703233
1743492810.735314
1743492810.782880
1743492810.815081
1743492810.847457
1743492810.879520
1743492810.911630
1743492810.943099
1743492810.975575
1743492811.007459
1743492811.039305
1743492811.070752
1743492811.087105
1743492811.119623
1743492811.151187
1743492811.182763
1743492811.199078
1743492811.231376
1743492811.263286
1743492811.295190
1743492811.327434
1743492811.359670
1743492811.391545
1743492811.439850
1743492811.470678
1743492811.503339
1743492811.535072
1743492811.551304
1743492811.567346
1743492811.583400
1743492811.615382
1743492811.647759
1743492811.679460
1743492811.710909
1743492811.759138
1743492811.791389
1743492811.823567
1743492811.854578
1743492811.870770
1743492811.886989
1743492811.919296
1743492811.951093
1743492811.967300
1743492811.999207
1743492812.031677
1743492812.063548
1743492812.095576
1743492812.127402
1743492812.159195
1743492812.191015
1743492812.223456
1743492812.255244
1743492812.287255
1743492812.319208
1743492812.351400
1743492812.383469
1743492812.415594
1743492812.447217
1743492812.479448
1743492812.511305
1743492812.543547
1743492812.575406
1743492812.607610
1743492812.639147
1743492812.671176
1743492812.703477
1743492812.735653
1743492812.767189
1743492812.799137
1743492812.831041
1743492812.863344
1743492812.895550
1743492812.927467
1743492812.959562
1743492812.991713
1743492813.023520
1743492813.070867
1743492813.102543
1743492813.118833
1743492813.150989
1743492813.166743
1743492813.198733
1743492813.231181
1743492813.263371
1743492813.295506
1743492813.326875
1743492813.359581
1743492813.391512
1743492813.423271
1743492813.454679
1743492813.486930
1743492813.503017
1743492813.535003
1743492813.567093
1743492813.599197
1743492813.631418
1743492813.663823
1743492813.711677
1743492813.743221
1743492813.775323
1743492813.807234
1743492813.839110
1743492813.870856
1743492813.886870
1743492813.919214
1743492813.951118
1743492813.983581
1743492814.015445
1743492814.047452
1743492814.078762
1743492814.111307
1743492814.143455
1743492814.175421
1743492814.206754
1743492814.239372
1743492814.271269
1743492814.303198
1743492814.335008
1743492814.367500
1743492814.399161
1743492814.431477
1743492814.462955
1743492814.495439
1743492814.527372
1743492814.559344
1743492814.590864
1743492814.607001
1743492814.639427
1743492814.686981
1743492814.718776
1743492814.734849
1743492814.750945
1743492814.783102
1743492814.815012
1743492814.847528
1743492814.879457
1743492814.911712
1743492814.943133
1743492814.975391
1743492815.023316
1743492815.054899
1743492815.086718
1743492815.103071
1743492815.135083
1743492815.167179
1743492815.199064
1743492815.231300
1743492815.263399
1743492815.295382
1743492815.343229
1743492815.375273
1743492815.407461
1743492815.439603
1743492815.470626
1743492815.486793
1743492815.519127
1743492815.550908
1743492815.583444
1743492815.615360
1743492815.663251
1743492815.695210
1743492815.727290
1743492815.759231
1743492815.791230
1743492815.823669
1743492815.855091
1743492815.887069
1743492815.919161
1743492815.951081
1743492815.999019
1743492816.031264
1743492816.063242
1743492816.095235
1743492816.127153
1743492816.159463
1743492816.191281
1743492816.223371
1743492816.254900
1743492816.271028
1743492816.318791
1743492816.350892
1743492816.382898
1743492816.415444
1743492816.447237
1743492816.479328
1743492816.511201
1743492816.543770
1743492816.575493
1743492816.607540
1743492816.639429
1743492816.670945
1743492816.702783
1743492816.734972
1743492816.766940
1743492816.799130
1743492816.831479
1743492816.863581
1743492816.895117
1743492816.927317
1743492816.975062
1743492817.007182
1743492817.039259
1743492817.070799
1743492817.103130
1743492817.134999
1743492817.167419
1743492817.199327
1743492817.231391
1743492817.263541
1743492817.295424
1743492817.327143
1743492817.359492
1743492817.391033
1743492817.423417
1743492817.455182
1743492817.486987
1743492817.518939
1743492817.551030
1743492817.583307
1743492817.615414
1743492817.647165
1743492817.679287
1743492817.711451
1743492817.743356
1743492817.775630
1743492817.807056
1743492817.839258
1743492817.871098
1743492817.903048
1743492817.951050
1743492817.983021
1743492818.015180
1743492818.047219
1743492818.079313
1743492818.111289
1743492818.143570
1743492818.175565
1743492818.207158
1743492818.239360
1743492818.271296
1743492818.302698
1743492818.335152
1743492818.367118
1743492818.399203
1743492818.431207
1743492818.462863
1743492818.495146
1743492818.527263
1743492818.559568
1743492818.591043
1743492818.623078
1743492818.654714
1743492818.686697
1743492818.702942
1743492818.735318
1743492818.766979
1743492818.799209
1743492818.831248
1743492818.863482
1743492818.895361
1743492818.927439
1743492818.959223
1743492818.991100
1743492819.023068
1743492819.054973
1743492819.086773
1743492819.118847
1743492819.151146
1743492819.183473
1743492819.214682
1743492819.247458
1743492819.279049
1743492819.310976
1743492819.342639
1743492819.374596
1743492819.407219
1743492819.438942
1743492819.471105
1743492819.502980
1743492819.535182
1743492819.567271
1743492819.599080
1743492819.631263
1743492819.662760
1743492819.695153
1743492819.727169
1743492819.759168
1743492819.790824
1743492819.823244
1743492819.855084
1743492819.902747
1743492819.934608
1743492819.950644
1743492819.983059
1743492820.015233
1743492820.046582
1743492820.079204
1743492820.111144
1743492820.143419
1743492820.174791
1743492820.223111
1743492820.254597
1743492820.286713
1743492820.318664
1743492820.350687
1743492820.383036
1743492820.415169
1743492820.447304
1743492820.479490
1743492820.511466
1743492820.543847
1743492820.574976
1743492820.607258
1743492820.639347
1743492820.670912
1743492820.702643
1743492820.718638
1743492820.750904
1743492820.783311
1743492820.814998
1743492820.847409
1743492820.879458
1743492820.911120
1743492820.942804
1743492820.975087
1743492821.007255
1743492821.038203
1743492821.070283
1743492821.086659
1743492821.119004
1743492821.150944
1743492821.198891
1743492821.230914
1743492821.263117
1743492821.295211
1743492821.326790
1743492821.359141
1743492821.391178
1743492821.423478
1743492821.454561
1743492821.470650
1743492821.518667
1743492821.550720
1743492821.582718
1743492821.615012
1743492821.646940
1743492821.679161
1743492821.710857
1743492821.743309
1743492821.775329
1743492821.807387
1743492821.855091
1743492821.886564
1743492821.902597
1743492821.918536
1743492821.950825
1743492821.982871
1743492822.014993
1743492822.047235
1743492822.078618
1743492822.111178
1743492822.143281
1743492822.175226
1743492822.206437
1743492822.222449
1743492822.254484
1743492822.286692
1743492822.318519
1743492822.350811
1743492822.383009
1743492822.415232
1743492822.447169
1743492822.495113
1743492822.526922
1743492822.559112
1743492822.590863
1743492822.623059
1743492822.654814
1743492822.686783
1743492822.718695
1743492822.751108
1743492822.783123
1743492822.830908
1743492822.862521
1743492822.895155
1743492822.927054
1743492822.959032
1743492822.991041
1743492823.023034
1743492823.054828
1743492823.087012
1743492823.118838
1743492823.151500
1743492823.183020
1743492823.215077
1743492823.246289
1743492823.279168
1743492823.311145
1743492823.342997
1743492823.374634
1743492823.407140
1743492823.438810
1743492823.471354
1743492823.502168
1743492823.518485
1743492823.550698
1743492823.583011
1743492823.614854
1743492823.647105
1743492823.679271
1743492823.711325
1743492823.743237
1743492823.775400
1743492823.807023
1743492823.838586
1743492823.870600
1743492823.902666
1743492823.934735
1743492823.967001
1743492823.998564
1743492824.031358
1743492824.063730
1743492824.095464
1743492824.126489
1743492824.159122
1743492824.191017
1743492824.223060
1743492824.254433
1743492824.270562
1743492824.302665
1743492824.334786
1743492824.367133
1743492824.399194
1743492824.446849
1743492824.478847
1743492824.510700
1743492824.543323
1743492824.574936
1743492824.607047
1743492824.638633
1743492824.670760
1743492824.686814
1743492824.718857
1743492824.750864
1743492824.783188
1743492824.814931
1743492824.847179
1743492824.878971
1743492824.911144
1743492824.943020
1743492824.975211
1743492825.007046
1743492825.038947
1743492825.070899
1743492825.103077
1743492825.134473
1743492825.150612
1743492825.182998
1743492825.215000
1743492825.247053
1743492825.279104
1743492825.311263
1743492825.343141
1743492825.375402
1743492825.422911
1743492825.454688
1743492825.486634
1743492825.518668
1743492825.550626
1743492825.582957
1743492825.614941
1743492825.646883
1743492825.679053
1743492825.711212
1743492825.758908
1743492825.790299
1743492825.806389
1743492825.838745
1743492825.870789
1743492825.902471
1743492825.918578
1743492825.934758
1743492825.966851
1743492825.999037
1743492826.031174
1743492826.079014
1743492826.111169
1743492826.142712
1743492826.174896
1743492826.206894
1743492826.238702
1743492826.270717
1743492826.302777
1743492826.334792
1743492826.366840
1743492826.398827
1743492826.430917
1743492826.462881
1743492826.495240
1743492826.526910
1743492826.559089
1743492826.591055
1743492826.623185
1743492826.654626
1743492826.686891
1743492826.734409
1743492826.766839
1743492826.798481
1743492826.830895
1743492826.863005
1743492826.894885
1743492826.926845
1743492826.959063
1743492826.991212
1743492827.023487
1743492827.054840
1743492827.086504
1743492827.118665
1743492827.150811
1743492827.182758
1743492827.214969
1743492827.247025
1743492827.278441
1743492827.310708
1743492827.342651
1743492827.374854
1743492827.406766
1743492827.438315
1743492827.470417
1743492827.502631
1743492827.518753
1743492827.534840
1743492827.567111
1743492827.598342
1743492827.631285
1743492827.662975
1743492827.710741
1743492827.742427
1743492827.774974
1743492827.806844
1743492827.838979
1743492827.870813
1743492827.902643
1743492827.934982
1743492827.966814
1743492827.998858
1743492828.031419
1743492828.062909
1743492828.094975
1743492828.126275
1743492828.158776
1743492828.190898
1743492828.223142
1743492828.254430
1743492828.286683
1743492828.302827
1743492828.350383
1743492828.382230
1743492828.414761
1743492828.446908
1743492828.479075
1743492828.510508
1743492828.543261
1743492828.574840
1743492828.607055
1743492828.638543
1743492828.686309
1743492828.718267
1743492828.750494
1743492828.782444
1743492828.814773
1743492828.846896
1743492828.878908
1743492828.910502
1743492828.926769
1743492828.959204
1743492829.006501
1743492829.038543
1743492829.070566
1743492829.102430
1743492829.134651
1743492829.166626
1743492829.198712
1743492829.231031
1743492829.263302
1743492829.294384
1743492829.325583
1743492829.341949
1743492829.358455
1743492829.390272
1743492829.406310
1743492829.422444
1743492829.454535
1743492829.486382
1743492829.502521
1743492829.534575
1743492829.566761
1743492829.598392
1743492829.631051
1743492829.662941
1743492829.694950
1743492829.726317
1743492829.758911
1743492829.790757
1743492829.822897
1743492829.853994
1743492829.870327
1743492829.886505
1743492829.918560
1743492829.950479
1743492829.983327
1743492830.014493
1743492830.046860
1743492830.078594
1743492830.110985
1743492830.142846
1743492830.174822
1743492830.206702
1743492830.238504
1743492830.270637
1743492830.302812
1743492830.334615
1743492830.366576
1743492830.398638
1743492830.430849
1743492830.462749
1743492830.494867
1743492830.526883
1743492830.559316
1743492830.590979
1743492830.638966
1743492830.670540
1743492830.702470
1743492830.734455
1743492830.766588
1743492830.798656
1743492830.830709
1743492830.863224
1743492830.895112
1743492830.927201
1743492830.959378
1743492830.990887
1743492831.022952
1743492831.054296
1743492831.070462
1743492831.102574
1743492831.134588
1743492831.166586
1743492831.198806
1743492831.230505
1743492831.278708
1743492831.310730
1743492831.342980
1743492831.374166
1743492831.406930
1743492831.438569
1743492831.469196
1743492831.486556
1743492831.518553
1743492831.550595
1743492831.583265
1743492831.614702
1743492831.647034
1743492831.678883
1743492831.710746
1743492831.742227
1743492831.774824
1743492831.806717
1743492831.838505
1743492831.870113
1743492831.886497
1743492831.934334
1743492831.966429
1743492831.998025
1743492832.014035
1743492832.046813
1743492832.078992
1743492832.110549
1743492832.142782
1743492832.174915
1743492832.207129
1743492832.254685
1743492832.286221
1743492832.318059
1743492832.334213
1743492832.366629
1743492832.398898
1743492832.430825
1743492832.462890
1743492832.494615
1743492832.527072
1743492832.559094
1743492832.591400
1743492832.622774
1743492832.654425
1743492832.686359
1743492832.718303
1743492832.750303
1743492832.782561
1743492832.814900
1743492832.846885
1743492832.878884
1743492832.910976
1743492832.942557
1743492832.975117
1743492833.006522
1743492833.038482
1743492833.070352
1743492833.102614
1743492833.134255
1743492833.166674
1743492833.198834
1743492833.230953
1743492833.262306
1743492833.294688
1743492833.326859
1743492833.358859
1743492833.390024
1743492833.406365
1743492833.438721
1743492833.470548
1743492833.502083
1743492833.518487
1743492833.566281
1743492833.598632
1743492833.630125
1743492833.662618
1743492833.695075
1743492833.726787
1743492833.758683
1743492833.790828
1743492833.823022
1743492833.854644
1743492833.886324
1743492833.918139
1743492833.934158
1743492833.950520
1743492833.982376
1743492834.014519
1743492834.046844
1743492834.078894
1743492834.110443
1743492834.142795
1743492834.174812
1743492834.206911
1743492834.238515
1743492834.270442
1743492834.302297
1743492834.334472
1743492834.366455
1743492834.398528
1743492834.430742
1743492834.463208
1743492834.494668
1743492834.542488
1743492834.574507
1743492834.606917
1743492834.638451
1743492834.670578
1743492834.702479
1743492834.734468
1743492834.766763
1743492834.798843
1743492834.830920
1743492834.862685
1743492834.894051
1743492834.926829
1743492834.958813
1743492834.990977
1743492835.022244
1743492835.054465
1743492835.086610
1743492835.118494
1743492835.150221
1743492835.182337
1743492835.214673
1743492835.246613
1743492835.278884
1743492835.310570
1743492835.342732
1743492835.374604
1743492835.406689
1743492835.438617
1743492835.470194
1743492835.518305
1743492835.550116
1743492835.582596
1743492835.614614
1743492835.646765
1743492835.678959
1743492835.710791
1743492835.742269
1743492835.774785
1743492835.806934
1743492835.839154
1743492835.869890
1743492835.886162
1743492835.918464
1743492835.950130
1743492835.981980
1743492836.014619
1743492836.046686
1743492836.078701
1743492836.110658
1743492836.158645
1743492836.190639
1743492836.222634
1743492836.254335
1743492836.286201
1743492836.302390
1743492836.318342
1743492836.350467
1743492836.382798
1743492836.415030
1743492836.446787
1743492836.494603
1743492836.526671
1743492836.558770
1743492836.590646
1743492836.622531
1743492836.654541
1743492836.686320
1743492836.718589
1743492836.750436
1743492836.782839
1743492836.814895
1743492836.846474
1743492836.878645
1743492836.910711
1743492836.942715
1743492836.974557
1743492837.006969
1743492837.038774
1743492837.070514
1743492837.102455
1743492837.134976
1743492837.166578
1743492837.198563
1743492837.230512
1743492837.262391
1743492837.294891
1743492837.326518
1743492837.342114
1743492837.374305
1743492837.406819
1743492837.438696
1743492837.470592
1743492837.501725
1743492837.518155
1743492837.550471
1743492837.582755
1743492837.614582
1743492837.646665
1743492837.678682
1743492837.710828
1743492837.742772
1743492837.790525
1743492837.822413
1743492837.854207
1743492837.885822
1743492837.902174
1743492837.934364
1743492837.966472
1743492837.997974
1743492838.030773
1743492838.062720
1743492838.110724
1743492838.141866
1743492838.174469
1743492838.206474
1743492838.238210
1743492838.270297
1743492838.302334
1743492838.334390
1743492838.366467
1743492838.398415
1743492838.446661
1743492838.478487
1743492838.510400
1743492838.542281
1743492838.574648
1743492838.606606
1743492838.638310
1743492838.670186
1743492838.702279
1743492838.718327
1743492838.765937
1743492838.798127
1743492838.830638
1743492838.862564
1743492838.894546
1743492838.926316
1743492838.958640
1743492838.990748
1743492839.023309
1743492839.054457
1743492839.086768
1743492839.118050
1743492839.150200
1743492839.182182
1743492839.214730
1743492839.246642
1743492839.278627
1743492839.310094
1743492839.342712
1743492839.374721
1743492839.422467
1743492839.453612
1743492839.486121
1743492839.518179
1743492839.550182
1743492839.581923
1743492839.614577
1743492839.646722
1743492839.678708
1743492839.710407
1743492839.743244
1743492839.774466
1743492839.806672
1743492839.837867
1743492839.854110
1743492839.886310
1743492839.918075
1743492839.949815
1743492839.966111
1743492839.982283
1743492840.014731
1743492840.062516
1743492840.094579
1743492840.126597
1743492840.158579
1743492840.190206
1743492840.222649
1743492840.254141
1743492840.286419
1743492840.318400
1743492840.350341
1743492840.398145
1743492840.430693
1743492840.462302
1743492840.494575
1743492840.526482
1743492840.558818
1743492840.590751
1743492840.622912
1743492840.654315
1743492840.686172
1743492840.718847
1743492840.749959
1743492840.782319
1743492840.814545
1743492840.846549
1743492840.878637
1743492840.910559
1743492840.942694
1743492840.974878
1743492841.006679
1743492841.038843
1743492841.070177
1743492841.102133
1743492841.134107
1743492841.166345
1743492841.198360
1743492841.230552
1743492841.262969
1743492841.294831
1743492841.326640
1743492841.374440
1743492841.406401
1743492841.438891
1743492841.470570
1743492841.501894
1743492841.518073
1743492841.534303
1743492841.550475
1743492841.566610
1743492841.598783
1743492841.630321
1743492841.662573
1743492841.694581
1743492841.726396
1743492841.758491
1743492841.790627
1743492841.822993
1743492841.854299
1743492841.886279
1743492841.918123
1743492841.949948
1743492841.966194
1743492842.014185
1743492842.046526
1743492842.077770
1743492842.110419
1743492842.142497
1743492842.174486
1743492842.206154
1743492842.238400
1743492842.270380
1743492842.302382
1743492842.349814
1743492842.382353
1743492842.414473
1743492842.446481
1743492842.478465
1743492842.510533
1743492842.542390
1743492842.574514
1743492842.606679
1743492842.638357
1743492842.670692
1743492842.701897
1743492842.734219
1743492842.766481
1743492842.798176
1743492842.830511
1743492842.862468
1743492842.894629
1743492842.926479
1743492842.958460
1743492842.990822
1743492843.022617
1743492843.054240
1743492843.085911
1743492843.117968
1743492843.149720
1743492843.182265
1743492843.214446
1743492843.246704
1743492843.278585
1743492843.326316
1743492843.358320
1743492843.390506
1743492843.422181
1743492843.453655
1743492843.486192
1743492843.518236
1743492843.550287
1743492843.581901
1743492843.614779
1743492843.646666
1743492843.678219
1743492843.709872
1743492843.742303
1743492843.774203
1743492843.806459
1743492843.837953
1743492843.870115
1743492843.902149
1743492843.918099
1743492843.965959
1743492843.998427
1743492844.030341
1743492844.062510
1743492844.093849
1743492844.126343
1743492844.158458
1743492844.190580
1743492844.222277
1743492844.254295
1743492844.301767
1743492844.334032
1743492844.365734
1743492844.398166
1743492844.430308
1743492844.462292
1743492844.494060
1743492844.526837
1743492844.558711
1743492844.590712
1743492844.622776
1743492844.653921
1743492844.686134
1743492844.717848
1743492844.750113
1743492844.782408
1743492844.814403
1743492844.846670
1743492844.878579
1743492844.910739
1743492844.942514
1743492844.974477
1743492845.006335
1743492845.038193
1743492845.070094
1743492845.102024
1743492845.134346
1743492845.166192
1743492845.198530
1743492845.230525
1743492845.278490
1743492845.310319
1743492845.342332
1743492845.374516
1743492845.406197
1743492845.422078
1743492845.454336
1743492845.486428
1743492845.517824
1743492845.534113
1743492845.566514
1743492845.598625
1743492845.629670
1743492845.662214
1743492845.694473
1743492845.726235
1743492845.758293
1743492845.790457
1743492845.822573
1743492845.854125
1743492845.886268
1743492845.918510
1743492845.950019
1743492845.982150
1743492846.013827
1743492846.046402
1743492846.078658
1743492846.110451
1743492846.141810
1743492846.174623
1743492846.206537
1743492846.253748
1743492846.285504
1743492846.301895
1743492846.334125
1743492846.366074
1743492846.398073
1743492846.430605
1743492846.462343
1743492846.494446
1743492846.526420
1743492846.574131
1743492846.606213
1743492846.638384
1743492846.669828
1743492846.685980
1743492846.718080
1743492846.750022
1743492846.782278
1743492846.814755
1743492846.846512
1743492846.893952
1743492846.926584
1743492846.958201
1743492846.990436
1743492847.022625
1743492847.054045
1743492847.085952
1743492847.118108
1743492847.150208
1743492847.182277
1743492847.230151
1743492847.262189
1743492847.294319
1743492847.326334
1743492847.358211
1743492847.390340
1743492847.422372
1743492847.453702
1743492847.469949
1743492847.502322
1743492847.549732
1743492847.581493
1743492847.614119
1743492847.646728
1743492847.678491
1743492847.710011
1743492847.742331
1743492847.774356
1743492847.806748
1743492847.838680
1743492847.870324
1743492847.901894
1743492847.934037
1743492847.965521
1743492847.998084
1743492848.030144
1743492848.062203
1743492848.093767
1743492848.126485
1743492848.158568
1743492848.206284
1743492848.237662
1743492848.253705
1743492848.285926
1743492848.317720
1743492848.350004
1743492848.382065
1743492848.414504
1743492848.446459
1743492848.478385
1743492848.526445
1743492848.558340
1743492848.590521
1743492848.622015
1743492848.653825
1743492848.685910
1743492848.717884
1743492848.750323
1743492848.782357
1743492848.814475
1743492848.846430
1743492848.878043
1743492848.910193
1743492848.942243
1743492848.974283
1743492849.006003
1743492849.037846
1743492849.069996
1743492849.101945
1743492849.134070
1743492849.181752
1743492849.214295
1743492849.246325
1743492849.278014
1743492849.310383
1743492849.342561
1743492849.374288
1743492849.406182
1743492849.438030
1743492849.453906
1743492849.469980
1743492849.501907
1743492849.517722
1743492849.533714
1743492849.549924
1743492849.565802
1743492849.581732
1743492849.597868
1743492849.613742
1743492849.629859
1743492849.645806
1743492849.662016
1743492849.678017
1743492849.693865
1743492849.709936
1743492849.725978
1743492849.741889
1743492849.758080
1743492849.774119
1743492849.790133
1743492849.822587
1743492849.853511
1743492849.869647
1743492849.885758
1743492849.901844
1743492849.917865
1743492849.933838
1743492849.949825
1743492849.965965
1743492849.981990
1743492849.997904
1743492850.013867
1743492850.029727
1743492850.046057
1743492850.061960
1743492850.077973
1743492850.093935
1743492850.109973
1743492850.126046
1743492850.158656
1743492850.189833
1743492850.205729
1743492850.221626
1743492850.237547
1743492850.253742
1743492850.269751
1743492850.285731
1743492850.301900
1743492850.317861
1743492850.333898
1743492850.349839
1743492850.365876
1743492850.381866
1743492850.397887
1743492850.414063
1743492850.430079
1743492850.446185
1743492850.478653
1743492850.510040
1743492850.542299
1743492850.574136
1743492850.606348
1743492850.637812
1743492850.653756
1743492850.669754
1743492850.685854
1743492850.701888
1743492850.717911
1743492850.734020
1743492850.749931
1743492850.766082
1743492850.798394
1743492850.830342
1743492850.861964
1743492850.877473
1743492850.893677
1743492850.909642
1743492850.925717
1743492850.941910
1743492850.957746
1743492850.973749
1743492850.989691
1743492851.005784
1743492851.021737
1743492851.037975
1743492851.053928
1743492851.069815
1743492851.085962
1743492851.102086
1743492851.134406
1743492851.165873
1743492851.197252
1743492851.213642
1743492851.229675
1743492851.245708
1743492851.261848
1743492851.277735
1743492851.293793
1743492851.309985
1743492851.342229
1743492851.374339
1743492851.406501
1743492851.453711
1743492851.469526
1743492851.485703
1743492851.501816
1743492851.517682
1743492851.533798
1743492851.550002
1743492851.566058
1743492851.598304
1743492851.629899
1743492851.662392
1743492851.694266
1743492851.726452
1743492851.774222
1743492851.806521
1743492851.838044
1743492851.853721
1743492851.869905
1743492851.885955
1743492851.901795
1743492851.917815
1743492851.933837
1743492851.949887
1743492851.966000
1743492851.981924
1743492851.997876
1743492852.013822
1743492852.029998
1743492852.046013
1743492852.062154
1743492852.078136
1743492852.110358
1743492852.142050
1743492852.173798
1743492852.189873
1743492852.205785
1743492852.221652
1743492852.237715
1743492852.253838
1743492852.269714
1743492852.285722
1743492852.301805
1743492852.317780
1743492852.333883
1743492852.350049
1743492852.366058
1743492852.382155
1743492852.398076
1743492852.430375
1743492852.461747
1743492852.494227
1743492852.526229
1743492852.558437
1743492852.589630
1743492852.605720
1743492852.621631
1743492852.637726
1743492852.653843
1743492852.669839
1743492852.685907
1743492852.702010
1743492852.718043
1743492852.750496
1743492852.781966
1743492852.797344
1743492852.813534
1743492852.829695
1743492852.845723
1743492852.861690
1743492852.877733
1743492852.893681
1743492852.909775
1743492852.925737
1743492852.941767
1743492852.957792
1743492852.973746
1743492852.989795
1743492853.005883
1743492853.021855
1743492853.037923
1743492853.053896
1743492853.085605
1743492853.101768
1743492853.133998
1743492853.165837
1743492853.197451
1743492853.213371
1743492853.229636
1743492853.245673
1743492853.261768
1743492853.277766
1743492853.293786
1743492853.309743
1743492853.325822
1743492853.341870
1743492853.357883
1743492853.373831
1743492853.405528
1743492853.421654
1743492853.453935
1743492853.469474
1743492853.485705
1743492853.501802
1743492853.517806
1743492853.533676
1743492853.549770
1743492853.565778
1743492853.581783
1743492853.597772
1743492853.613623
1743492853.629854
1743492853.645961
1743492853.661820
1743492853.677853
1743492853.693980
1743492853.726727
1743492853.758230
1743492853.789549
1743492853.805737
1743492853.821578
1743492853.837581
1743492853.853685
1743492853.869844
1743492853.885670
1743492853.901775
1743492853.917748
1743492853.933750
1743492853.949815
1743492853.965982
1743492853.981849
1743492853.997850
1743492854.013849
1743492854.029911
1743492854.061705
1743492854.077345
1743492854.093535
1743492854.109551
1743492854.125678
1743492854.141640
1743492854.157609
1743492854.173495
1743492854.189619
1743492854.205677
1743492854.221632
1743492854.237658
1743492854.253759
1743492854.269819
1743492854.285799
1743492854.301843
1743492854.318111
1743492854.334015
1743492854.349896
1743492854.382436
1743492854.413321
1743492854.429284
1743492854.445479
1743492854.461514
1743492854.477638
1743492854.493883
1743492854.526358
1743492854.558072
1743492854.589418
1743492854.605871
1743492854.638042
1743492854.653603
1743492854.669936
1743492854.702352
1743492854.733631
1743492854.749604
1743492854.765546
1743492854.781903
1743492854.797712
1743492854.813694
1743492854.829664
1743492854.845617
1743492854.861689
1743492854.877709
1743492854.893732
1743492854.909608
1743492854.925709
1743492854.941677
1743492854.957819
1743492854.973820
1743492854.989784
1743492855.005891
1743492855.037488
1743492855.053479
1743492855.069465
1743492855.085511
1743492855.101766
1743492855.117728
1743492855.133779
1743492855.165933
1743492855.197561
1743492855.213408
1743492855.229739
1743492855.245565
1743492855.261758
1743492855.278013
1743492855.310803
1743492855.358042
1743492855.389492
1743492855.405668
1743492855.421683
1743492855.437573
1743492855.453614
1743492855.469715
1743492855.485692
1743492855.501807
1743492855.517904
1743492855.533847
1743492855.549740
1743492855.565903
1743492855.598216
1743492855.629622
1743492855.645464
1743492855.678398
1743492855.710004
1743492855.741290
1743492855.757159
1743492855.773495
1743492855.789258
1743492855.805615
1743492855.821568
1743492855.837585
1743492855.853607
1743492855.869746
1743492855.885760
1743492855.901718
1743492855.917750
1743492855.933824
1743492855.949912
1743492855.965890
1743492855.981832
1743492856.013620
1743492856.029211
1743492856.045510
1743492856.061639
1743492856.077631
1743492856.093655
1743492856.109667
1743492856.125588
1743492856.141805
1743492856.157679
1743492856.173588
1743492856.189560
1743492856.205696
1743492856.221583
1743492856.237618
1743492856.253831
1743492856.269805
1743492856.285799
1743492856.301854
1743492856.334108
1743492856.365664
1743492856.381263
1743492856.397662
1743492856.430072
1743492856.461973
1743492856.494314
1743492856.526098
1743492856.558330
1743492856.590197
1743492856.622163
1743492856.654149
1743492856.685532
1743492856.701453
1743492856.717605
1743492856.733597
1743492856.749580
1743492856.765763
1743492856.781527
1743492856.797699
1743492856.813539
1743492856.829578
1743492856.845754
1743492856.861730
1743492856.877745
1743492856.893794
1743492856.909808
1743492856.925704
1743492856.941718
1743492856.957764
1743492856.990411
1743492857.022037
1743492857.053578
1743492857.085410
1743492857.101689
1743492857.117592
1743492857.133683
1743492857.149661
1743492857.165706
1743492857.181820
1743492857.197642
1743492857.213630
1743492857.229711
1743492857.245641
1743492857.261744
1743492857.277736
1743492857.310456
1743492857.341819
1743492857.373848
1743492857.406490
1743492857.437869
1743492857.453505
1743492857.469490
1743492857.485512
1743492857.501666
1743492857.517671
1743492857.533614
1743492857.549662
1743492857.565842
1743492857.581643
1743492857.597809
1743492857.630026
1743492857.662198
1743492857.694146
1743492857.726029
1743492857.757779
1743492857.789918
1743492857.805478
1743492857.821395
1743492857.837699
1743492857.853512
1743492857.869752
1743492857.885655
1743492857.901724
1743492857.917982
1743492857.933728
1743492857.966105
1743492857.997717
1743492858.029931
1743492858.061858
1743492858.094130
1743492858.125961
1743492858.158270
1743492858.189863
1743492858.205651
1743492858.221607
1743492858.237671
1743492858.253717
1743492858.286323
1743492858.317676
1743492858.333561
1743492858.349796
1743492858.365591
1743492858.381414
1743492858.397431
1743492858.413442
1743492858.429517
1743492858.445494
1743492858.461624
1743492858.477600
1743492858.493480
1743492858.509685
1743492858.525688
1743492858.541768
1743492858.557803
1743492858.573861
1743492858.606119
1743492858.637861
1743492858.669851
1743492858.685524
1743492858.701612
1743492858.717640
1743492858.733696
1743492858.749741
1743492858.765786
1743492858.781550
1743492858.797670
1743492858.813557
1743492858.829700
1743492858.845658
1743492858.861685
1743492858.877705
1743492858.893809
1743492858.909747
1743492858.942377
1743492858.974268
1743492859.004877
1743492859.021067
1743492859.037201
1743492859.069425
1743492859.085564
1743492859.101561
1743492859.117596
1743492859.133515
1743492859.149688
1743492859.165776
1743492859.181732
1743492859.197758
1743492859.213758
1743492859.229648
1743492859.262358
1743492859.293925
1743492859.309354
1743492859.325420
1743492859.341585
1743492859.357592
1743492859.373509
1743492859.389580
1743492859.405593
1743492859.421586
1743492859.437628
1743492859.453674
