1743491828.894019
1743491828.973726
1743491829.005890
1743491829.037493
1743491829.069289
1743491829.101411
1743491829.133926
1743491829.166065
1743491829.198088
1743491829.230020
1743491829.261989
1743491829.296403
1743491829.325520
1743491829.358607
1743491829.390040
1743491829.422277
1743491829.438315
1743491829.454699
1743491829.486139
1743491829.517677
1743491829.549871
1743491829.582123
1743491829.614435
1743491829.646632
1743491829.694411
1743491829.727101
1743491829.759456
1743491829.791575
1743491829.823908
1743491829.855144
1743491829.887297
1743491829.918996
1743491829.951402
1743491829.983720
1743491830.015590
1743491830.047383
1743491830.080112
1743491830.111344
1743491830.143349
1743491830.175442
1743491830.207933
1743491830.240059
1743491830.269925
1743491830.301737
1743491830.334453
1743491830.349948
1743491830.365740
1743491830.381705
1743491830.397601
1743491830.413620
1743491830.429719
1743491830.445776
1743491830.461759
1743491830.477838
1743491830.493684
1743491830.509804
1743491830.525751
1743491830.541776
1743491830.557769
1743491830.573789
1743491830.589837
1743491830.605779
1743491830.621887
1743491830.637886
1743491830.670282
1743491830.686114
1743491830.701673
1743491830.717670
1743491830.733684
1743491830.749610
1743491830.765703
1743491830.781624
1743491830.797627
1743491830.813667
1743491830.829644
1743491830.845726
1743491830.861737
1743491830.877757
1743491830.893765
1743491830.909858
1743491830.925861
1743491830.941885
1743491830.957861
1743491830.989670
1743491831.005551
1743491831.021559
1743491831.037554
1743491831.053560
1743491831.069605
1743491831.085842
1743491831.101900
1743491831.117749
1743491831.133760
1743491831.149860
1743491831.165683
1743491831.181614
1743491831.197595
1743491831.213808
1743491831.229784
1743491831.245860
1743491831.261865
1743491831.277873
1743491831.310463
1743491831.341679
1743491831.357468
1743491831.373639
1743491831.389353
1743491831.405507
1743491831.421650
1743491831.437619
1743491831.453768
1743491831.469879
1743491831.485937
1743491831.501885
1743491831.517666
1743491831.533892
1743491831.549806
1743491831.565977
1743491831.581894
1743491831.597810
1743491831.613807
1743491831.646293
1743491831.677917
1743491831.709423
1743491831.725370
1743491831.741520
1743491831.757519
1743491831.773567
1743491831.789594
1743491831.805592
1743491831.821687
1743491831.837755
1743491831.853660
1743491831.869694
1743491831.885778
1743491831.901806
1743491831.917852
1743491831.933985
1743491831.966114
1743491831.997411
1743491832.013214
1743491832.029487
1743491832.045525
1743491832.061546
1743491832.077640
1743491832.093604
1743491832.109545
1743491832.125525
1743491832.141641
1743491832.157619
1743491832.173642
1743491832.189622
1743491832.205746
1743491832.221768
1743491832.237782
1743491832.253790
1743491832.286506
1743491832.317746
1743491832.333411
1743491832.349601
1743491832.365696
1743491832.381586
1743491832.397475
1743491832.413475
1743491832.429697
1743491832.445612
1743491832.461530
1743491832.477683
1743491832.493663
1743491832.509606
1743491832.525657
1743491832.541698
1743491832.557756
1743491832.573768
1743491832.590244
1743491832.622589
1743491832.653546
1743491832.669452
1743491832.685477
1743491832.701672
1743491832.717631
1743491832.733633
1743491832.749683
1743491832.765688
1743491832.781632
1743491832.797509
1743491832.813528
1743491832.829671
1743491832.845787
1743491832.861744
1743491832.877702
1743491832.893784
1743491832.909813
1743491832.942215
1743491832.974010
1743491833.005840
1743491833.021361
1743491833.037476
1743491833.053532
1743491833.069628
1743491833.085672
1743491833.101665
1743491833.117676
1743491833.133652
1743491833.149825
1743491833.165830
1743491833.181714
1743491833.197777
1743491833.213767
1743491833.229803
1743491833.262219
1743491833.293705
1743491833.325998
1743491833.358180
1743491833.389830
1743491833.405714
1743491833.421653
1743491833.437533
1743491833.453525
1743491833.469572
1743491833.485690
1743491833.501797
1743491833.517845
1743491833.533781
1743491833.549856
1743491833.566142
1743491833.598275
1743491833.629847
1743491833.645236
1743491833.661523
1743491833.677480
1743491833.693477
1743491833.709611
1743491833.725464
1743491833.741452
1743491833.757539
1743491833.773665
1743491833.789572
1743491833.805650
1743491833.821653
1743491833.837727
1743491833.853691
1743491833.869739
1743491833.885812
1743491833.918027
1743491833.949465
1743491833.965353
1743491833.981264
1743491833.997400
1743491834.013454
1743491834.029648
1743491834.045547
1743491834.061553
1743491834.077524
1743491834.093725
1743491834.109549
1743491834.125792
1743491834.141661
1743491834.157645
1743491834.173648
1743491834.189731
1743491834.206036
1743491834.237957
1743491834.269665
1743491834.285395
1743491834.301933
1743491834.317548
1743491834.333624
1743491834.349666
1743491834.365851
1743491834.381524
1743491834.397602
1743491834.413571
1743491834.429735
1743491834.445553
1743491834.461653
1743491834.477704
1743491834.493745
1743491834.509712
1743491834.525724
1743491834.541736
1743491834.574112
1743491834.605949
1743491834.637550
1743491834.653583
1743491834.669418
1743491834.685782
1743491834.701700
1743491834.717573
1743491834.733698
1743491834.749652
1743491834.765796
1743491834.781488
1743491834.797759
1743491834.813605
1743491834.829678
1743491834.845635
1743491834.861775
1743491834.894373
1743491834.925893
1743491834.958178
1743491834.990102
1743491835.005536
1743491835.021531
1743491835.037625
1743491835.053515
1743491835.069520
1743491835.085566
1743491835.101723
1743491835.117619
1743491835.133854
1743491835.165979
1743491835.181496
1743491835.214069
1743491835.245961
1743491835.278242
1743491835.310163
1743491835.341777
1743491835.357195
1743491835.373570
1743491835.389133
1743491835.405463
1743491835.421644
1743491835.437562
1743491835.453979
1743491835.469673
1743491835.485910
1743491835.501828
1743491835.517747
1743491835.550007
1743491835.581691
1743491835.613814
1743491835.645763
1743491835.677993
1743491835.710020
1743491835.741990
1743491835.773896
1743491835.806205
1743491835.821636
1743491835.837741
1743491835.869860
1743491835.901342
1743491835.917425
1743491835.933489
1743491835.949615
1743491835.965420
1743491835.981361
1743491835.997412
1743491836.013425
1743491836.029492
1743491836.045501
1743491836.061570
1743491836.077548
1743491836.093463
1743491836.109646
1743491836.125618
1743491836.141744
1743491836.157696
1743491836.190327
1743491836.222212
1743491836.253378
1743491836.269396
1743491836.285499
1743491836.301507
1743491836.317572
1743491836.333491
1743491836.349679
1743491836.365738
1743491836.381573
1743491836.397566
1743491836.413548
1743491836.429656
1743491836.445769
1743491836.461695
1743491836.477739
1743491836.493749
1743491836.526399
1743491836.558234
1743491836.589815
1743491836.605392
1743491836.621442
1743491836.637346
1743491836.653473
1743491836.669380
1743491836.685349
1743491836.701544
1743491836.717538
1743491836.733583
1743491836.749752
1743491836.765797
1743491836.781666
1743491836.797600
1743491836.813582
1743491836.846291
1743491836.877857
1743491836.909757
1743491836.941810
1743491836.974279
1743491837.005897
1743491837.021368
1743491837.037401
1743491837.053384
1743491837.069671
1743491837.085697
1743491837.101676
1743491837.117776
1743491837.133781
1743491837.166290
1743491837.197803
1743491837.229989
1743491837.261776
1743491837.293838
1743491837.325923
1743491837.358188
1743491837.390029
1743491837.405513
1743491837.421573
1743491837.437695
1743491837.453646
1743491837.469665
1743491837.501865
1743491837.533340
1743491837.549481
1743491837.565370
1743491837.581438
1743491837.597851
1743491837.628947
1743491837.645374
1743491837.677484
1743491837.693546
1743491837.709517
1743491837.725558
1743491837.741577
1743491837.757297
1743491837.773694
1743491837.789419
1743491837.821868
1743491837.853315
1743491837.869431
1743491837.885337
1743491837.901401
1743491837.917333
1743491837.933517
1743491837.949492
1743491837.965581
1743491837.981363
1743491837.997452
1743491838.013337
1743491838.029357
1743491838.045449
1743491838.061573
1743491838.077585
1743491838.093769
1743491838.109584
1743491838.141963
1743491838.173879
1743491838.205801
1743491838.221427
1743491838.237381
1743491838.253343
1743491838.269351
1743491838.285300
1743491838.301089
1743491838.317511
1743491838.333578
1743491838.349524
1743491838.365742
1743491838.381527
1743491838.397601
1743491838.413529
1743491838.429597
1743491838.445598
1743491838.478185
1743491838.509776
1743491838.541602
1743491838.573953
1743491838.605812
1743491838.637426
1743491838.653272
1743491838.669350
1743491838.685510
1743491838.701613
1743491838.717625
1743491838.733604
1743491838.749677
1743491838.765695
1743491838.797974
1743491838.829715
1743491838.861861
1743491838.893608
1743491838.909018
1743491838.925440
1743491838.957995
1743491838.989938
1743491839.021810
1743491839.053656
1743491839.085566
1743491839.117951
1743491839.149522
1743491839.181595
1743491839.213600
1743491839.245663
1743491839.277804
1743491839.309761
1743491839.341898
1743491839.374185
1743491839.406198
1743491839.453679
1743491839.485280
1743491839.517461
1743491839.549493
1743491839.581669
1743491839.613781
1743491839.645840
1743491839.677905
1743491839.709922
1743491839.742122
1743491839.773980
1743491839.805666
1743491839.837215
1743491839.869374
1743491839.901232
1743491839.933304
1743491839.965572
1743491839.997828
1743491840.029844
1743491840.062118
1743491840.093624
1743491840.125631
1743491840.157788
1743491840.189488
1743491840.221822
1743491840.253432
1743491840.285329
1743491840.301522
1743491840.333600
1743491840.365827
1743491840.397778
1743491840.429985
1743491840.461704
1743491840.493647
1743491840.525616
1743491840.557444
1743491840.589908
1743491840.621906
1743491840.653578
1743491840.685583
1743491840.717752
1743491840.749912
1743491840.781536
1743491840.813612
1743491840.845667
1743491840.877731
1743491840.909849
1743491840.941886
1743491840.973464
1743491841.006111
1743491841.037569
1743491841.069637
1743491841.101008
1743491841.117174
1743491841.133353
1743491841.149346
1743491841.181955
1743491841.213527
1743491841.245782
1743491841.277756
1743491841.309626
1743491841.341780
1743491841.374057
1743491841.405971
1743491841.437280
1743491841.469180
1743491841.485202
1743491841.501674
1743491841.533350
1743491841.549422
1743491841.581643
1743491841.613817
1743491841.645769
1743491841.678120
1743491841.725313
1743491841.757771
1743491841.789511
1743491841.822047
1743491841.853235
1743491841.869151
1743491841.901448
1743491841.933382
1743491841.949405
1743491841.965540
1743491841.997793
1743491842.045646
1743491842.077553
1743491842.109639
1743491842.141602
1743491842.173632
1743491842.205843
1743491842.237354
1743491842.269395
1743491842.301549
1743491842.333711
1743491842.381251
1743491842.413278
1743491842.445539
1743491842.477644
1743491842.509653
1743491842.541791
1743491842.573766
1743491842.606028
1743491842.638027
1743491842.669693
1743491842.701886
1743491842.733415
1743491842.765497
1743491842.797525
1743491842.829658
1743491842.861760
1743491842.893775
1743491842.925813
1743491842.957838
1743491842.989814
1743491843.021935
1743491843.052794
1743491843.069041
1743491843.085125
1743491843.101355
1743491843.117406
1743491843.149608
1743491843.181657
1743491843.213715
1743491843.245719
1743491843.277834
1743491843.309828
1743491843.357593
1743491843.389199
1743491843.421308
1743491843.437232
1743491843.453361
1743491843.485391
1743491843.501383
1743491843.533259
1743491843.549430
1743491843.581470
1743491843.613744
1743491843.646108
1743491843.677812
1743491843.709355
1743491843.741717
1743491843.773598
1743491843.805632
1743491843.837193
1743491843.869347
1743491843.901311
1743491843.933347
1743491843.965465
1743491843.997885
1743491844.029830
1743491844.061571
1743491844.093474
1743491844.125652
1743491844.157877
1743491844.189955
1743491844.221383
1743491844.253340
1743491844.269333
1743491844.285521
1743491844.333082
1743491844.349231
1743491844.381572
1743491844.413426
1743491844.445730
1743491844.477650
1743491844.509679
1743491844.541582
1743491844.573559
1743491844.605864
1743491844.653161
1743491844.685057
1743491844.717196
1743491844.733203
1743491844.765537
1743491844.797550
1743491844.829606
1743491844.861637
1743491844.893818
1743491844.925839
1743491844.973674
1743491845.005638
1743491845.037076
1743491845.053086
1743491845.085025
1743491845.101234
1743491845.117374
1743491845.149385
1743491845.181555
1743491845.213696
1743491845.245757
1743491845.277844
1743491845.309835
1743491845.341507
1743491845.373641
1743491845.405522
1743491845.437503
1743491845.469360
1743491845.501358
1743491845.533339
1743491845.565353
1743491845.597739
1743491845.629778
1743491845.661500
1743491845.693337
1743491845.725477
1743491845.757512
1743491845.789670
1743491845.821398
1743491845.853504
1743491845.885522
1743491845.917357
1743491845.949684
1743491845.981496
1743491846.013672
1743491846.045607
1743491846.077388
1743491846.109642
1743491846.141785
1743491846.173509
1743491846.205533
1743491846.237152
1743491846.253254
1743491846.285445
1743491846.317557
1743491846.349368
1743491846.381498
1743491846.413302
1743491846.445279
1743491846.477751
1743491846.509962
1743491846.541820
1743491846.573995
1743491846.606021
1743491846.637353
1743491846.668950
1743491846.701128
1743491846.717066
1743491846.733266
1743491846.749253
1743491846.781508
1743491846.813553
1743491846.845718
1743491846.877760
1743491846.925327
1743491846.957447
1743491846.989506
1743491847.021881
1743491847.052713
1743491847.069002
1743491847.085077
1743491847.101236
1743491847.133078
1743491847.149277
1743491847.181490
1743491847.213712
1743491847.261295
1743491847.293456
1743491847.325698
1743491847.357387
1743491847.389477
1743491847.421933
1743491847.453550
1743491847.485492
1743491847.517153
1743491847.533308
1743491847.581273
1743491847.613374
1743491847.645178
1743491847.677456
1743491847.709483
1743491847.741578
1743491847.774112
1743491847.805784
1743491847.837227
1743491847.869587
1743491847.901550
1743491847.933389
1743491847.965473
1743491847.997371
1743491848.029608
1743491848.061701
1743491848.093526
1743491848.125564
1743491848.157944
1743491848.189198
1743491848.237609
1743491848.269003
1743491848.300953
1743491848.333189
1743491848.365275
1743491848.397384
1743491848.429574
1743491848.461637
1743491848.493606
1743491848.525622
1743491848.557857
1743491848.589615
1743491848.621649
1743491848.653247
1743491848.685105
1743491848.717060
1743491848.749398
1743491848.781539
1743491848.813564
1743491848.845696
1743491848.877858
1743491848.909317
1743491848.941463
1743491848.973536
1743491849.005575
1743491849.037278
1743491849.069264
1743491849.101289
1743491849.133426
1743491849.165587
1743491849.213075
1743491849.245644
1743491849.276822
1743491849.292838
1743491849.308978
1743491849.324978
1743491849.341028
1743491849.357106
1743491849.389529
1743491849.421546
1743491849.453332
1743491849.485390
1743491849.532960
1743491849.565067
1743491849.597217
1743491849.629633
1743491849.661525
1743491849.693523
1743491849.725236
1743491849.757537
1743491849.789728
1743491849.821627
1743491849.853193
1743491849.885047
1743491849.901048
1743491849.933312
1743491849.965040
1743491849.997385
1743491850.029402
1743491850.061731
1743491850.093862
1743491850.125833
1743491850.157535
1743491850.189853
1743491850.221452
1743491850.252930
1743491850.285261
1743491850.317422
1743491850.349253
1743491850.381298
1743491850.413468
1743491850.445818
1743491850.477627
1743491850.509727
1743491850.541262
1743491850.573632
1743491850.605570
1743491850.636951
1743491850.669299
1743491850.701117
1743491850.733367
1743491850.765393
1743491850.797385
1743491850.829396
1743491850.861337
1743491850.893447
1743491850.925529
1743491850.957736
1743491850.989463
1743491851.005023
1743491851.037200
1743491851.069235
1743491851.101111
1743491851.117221
1743491851.133343
1743491851.165515
1743491851.197325
1743491851.229531
1743491851.261439
1743491851.293358
1743491851.325275
1743491851.357693
1743491851.389568
1743491851.421502
1743491851.453379
1743491851.485485
1743491851.516961
1743491851.548795
1743491851.565519
1743491851.581588
1743491851.613502
1743491851.645462
1743491851.676990
1743491851.709481
1743491851.741750
1743491851.773499
1743491851.805241
1743491851.837161
1743491851.868812
1743491851.900778
1743491851.933093
1743491851.965167
1743491851.997253
1743491852.029421
1743491852.061628
1743491852.093551
1743491852.141204
1743491852.173374
1743491852.205233
1743491852.237044
1743491852.268865
1743491852.301197
1743491852.333389
1743491852.365339
1743491852.397425
1743491852.429549
1743491852.461650
1743491852.493230
1743491852.525437
1743491852.557884
1743491852.589309
1743491852.621423
1743491852.652931
1743491852.685061
1743491852.717072
1743491852.733209
1743491852.749216
1743491852.781570
1743491852.813398
1743491852.845317
1743491852.877401
1743491852.909277
1743491852.941532
1743491852.973311
1743491853.005411
1743491853.021018
1743491853.052911
1743491853.069150
1743491853.116983
1743491853.149317
1743491853.181102
1743491853.213390
1743491853.245314
1743491853.277543
1743491853.309453
1743491853.341699
1743491853.373551
1743491853.405574
1743491853.437460
1743491853.469074
1743491853.500899
1743491853.533043
1743491853.565139
1743491853.597293
1743491853.629483
1743491853.661458
1743491853.693160
1743491853.725458
1743491853.757136
1743491853.789342
1743491853.821356
1743491853.852952
1743491853.885161
1743491853.916896
1743491853.949106
1743491853.981204
1743491854.013424
1743491854.045735
1743491854.093406
1743491854.125231
1743491854.157864
1743491854.189442
1743491854.221383
1743491854.252844
1743491854.284945
1743491854.301069
1743491854.317255
1743491854.349069
1743491854.381418
1743491854.413443
1743491854.445066
1743491854.477340
1743491854.509335
1743491854.541592
1743491854.573124
1743491854.605369
1743491854.637147
1743491854.669074
1743491854.701190
1743491854.733456
1743491854.765167
1743491854.797255
1743491854.829295
1743491854.861233
1743491854.893327
1743491854.925321
1743491854.957114
1743491854.989493
1743491855.021380
1743491855.068820
1743491855.100354
1743491855.116689
1743491855.132966
1743491855.149002
1743491855.181223
1743491855.212193
1743491855.228971
1743491855.261739
1743491855.293338
1743491855.325757
1743491855.357432
1743491855.389715
1743491855.421023
1743491855.452839
1743491855.484948
1743491855.517026
1743491855.548681
1743491855.564755
1743491855.597220
1743491855.629373
1743491855.660967
1743491855.709093
1743491855.741633
1743491855.773193
1743491855.804769
1743491855.836824
1743491855.868856
1743491855.884860
1743491855.901002
1743491855.932769
1743491855.965165
1743491855.997347
1743491856.045105
1743491856.077429
1743491856.109433
1743491856.141444
1743491856.173223
1743491856.205305
1743491856.236989
1743491856.269059
1743491856.301068
1743491856.333194
1743491856.365117
1743491856.397127
1743491856.429145
1743491856.461250
1743491856.493170
1743491856.525278
1743491856.557405
1743491856.589239
1743491856.621662
1743491856.653374
1743491856.685209
1743491856.716767
1743491856.749023
1743491856.781059
1743491856.813051
1743491856.845358
1743491856.877437
1743491856.909396
1743491856.941759
1743491856.973552
1743491857.021111
1743491857.052641
1743491857.068632
1743491857.084712
1743491857.100879
1743491857.133026
1743491857.165194
1743491857.197087
1743491857.228950
1743491857.261415
1743491857.293012
1743491857.341338
1743491857.372590
1743491857.405225
1743491857.436708
1743491857.452795
1743491857.484980
1743491857.501082
1743491857.533122
1743491857.565308
1743491857.596809
1743491857.629309
1743491857.661326
1743491857.693241
1743491857.724660
1743491857.757431
1743491857.789079
1743491857.821130
1743491857.852811
1743491857.885014
1743491857.917022
1743491857.949121
1743491857.996804
1743491858.029135
1743491858.061230
1743491858.093293
1743491858.125291
1743491858.157388
1743491858.189204
1743491858.221819
1743491858.253024
1743491858.285095
1743491858.317305
1743491858.348840
1743491858.381159
1743491858.413042
1743491858.445061
1743491858.477189
1743491858.509219
1743491858.541359
1743491858.573348
1743491858.605404
1743491858.637583
1743491858.668718
1743491858.684611
1743491858.700844
1743491858.732885
1743491858.764982
1743491858.797123
1743491858.829169
1743491858.861540
1743491858.893334
1743491858.925689
1743491858.973059
1743491859.004782
1743491859.020939
1743491859.051937
1743491859.068400
1743491859.084730
1743491859.100901
1743491859.133177
1743491859.164964
1743491859.197122
1743491859.229472
1743491859.261266
1743491859.293388
1743491859.324780
1743491859.357214
1743491859.389440
1743491859.421502
1743491859.452523
1743491859.468682
1743491859.500897
1743491859.533263
1743491859.565084
1743491859.612777
1743491859.644971
1743491859.677120
1743491859.709049
1743491859.741496
1743491859.773113
1743491859.805349
1743491859.837129
1743491859.869070
1743491859.900813
1743491859.916920
1743491859.949096
1743491859.981122
1743491860.013149
1743491860.045151
1743491860.077270
1743491860.109249
1743491860.141225
1743491860.173367
1743491860.205495
1743491860.237549
1743491860.269450
1743491860.300581
1743491860.332926
1743491860.365009
1743491860.396982
1743491860.429042
1743491860.461197
1743491860.493281
1743491860.525242
1743491860.557357
1743491860.589127
1743491860.620978
1743491860.652777
1743491860.684526
1743491860.716576
1743491860.732766
1743491860.764900
1743491860.796990
1743491860.829170
1743491860.861534
1743491860.893316
1743491860.925224
1743491860.956990
1743491860.989184
1743491861.020515
1743491861.052224
1743491861.084469
1743491861.100695
1743491861.116899
1743491861.148875
1743491861.180865
1743491861.213286
1743491861.245388
1743491861.277229
1743491861.308803
1743491861.341316
1743491861.373014
1743491861.405196
1743491861.437099
1743491861.468827
1743491861.500802
1743491861.516736
1743491861.532945
1743491861.565182
1743491861.596953
1743491861.629120
1743491861.660754
1743491861.693226
1743491861.725096
1743491861.757259
1743491861.789141
1743491861.821469
1743491861.853216
1743491861.900909
1743491861.932873
1743491861.964942
1743491861.996943
1743491862.029028
1743491862.061171
1743491862.093276
1743491862.125221
1743491862.157450
1743491862.189117
1743491862.221429
1743491862.252673
1743491862.284658
1743491862.316870
1743491862.332814
1743491862.364823
1743491862.396925
1743491862.429316
1743491862.461449
1743491862.493439
1743491862.540942
1743491862.572868
1743491862.604987
1743491862.636512
1743491862.668490
1743491862.700651
1743491862.716622
1743491862.748800
1743491862.780777
1743491862.812852
1743491862.845294
1743491862.877203
1743491862.909112
1743491862.941579
1743491862.973408
1743491863.005080
1743491863.036753
1743491863.068582
1743491863.084600
1743491863.100951
1743491863.133072
1743491863.164844
1743491863.197280
1743491863.228903
1743491863.260993
1743491863.292826
1743491863.324845
1743491863.356883
1743491863.389101
1743491863.421293
1743491863.452847
1743491863.468842
1743491863.484872
1743491863.517081
1743491863.548635
1743491863.580703
1743491863.612823
1743491863.644442
1743491863.676454
1743491863.709004
1743491863.741390
1743491863.773058
1743491863.805098
1743491863.852546
1743491863.884966
1743491863.916431
1743491863.932808
1743491863.964748
1743491863.997270
1743491864.029027
1743491864.060970
1743491864.092988
1743491864.125356
1743491864.173038
1743491864.204865
1743491864.236726
1743491864.268745
1743491864.300766
1743491864.332840
1743491864.364555
1743491864.396890
1743491864.429014
1743491864.461410
1743491864.492886
1743491864.525009
1743491864.556847
1743491864.589032
1743491864.620770
1743491864.652574
1743491864.684524
1743491864.700636
1743491864.732795
1743491864.764792
1743491864.797174
1743491864.829371
1743491864.860518
1743491864.893064
1743491864.925050
1743491864.956926
1743491864.988390
1743491865.004536
1743491865.036599
1743491865.052623
1743491865.068689
1743491865.100888
1743491865.116757
1743491865.149164
1743491865.180201
1743491865.212867
1743491865.244982
1743491865.277013
1743491865.308435
1743491865.340871
1743491865.373128
1743491865.405159
1743491865.436622
1743491865.469160
1743491865.500530
1743491865.532544
1743491865.548614
1743491865.580868
1743491865.613167
1743491865.644952
1743491865.676404
1743491865.709112
1743491865.741108
1743491865.773099
1743491865.804337
1743491865.820422
1743491865.852697
1743491865.884493
1743491865.916092
1743491865.932659
1743491865.964762
1743491865.996794
1743491866.028498
1743491866.061292
1743491866.092993
1743491866.124996
1743491866.156365
1743491866.189024
1743491866.220958
1743491866.252647
1743491866.284125
1743491866.300641
1743491866.333059
1743491866.364738
1743491866.396360
1743491866.444927
1743491866.476850
1743491866.508830
1743491866.540273
1743491866.572258
1743491866.605288
1743491866.636887
1743491866.668363
1743491866.684761
1743491866.716762
1743491866.748817
1743491866.780815
1743491866.812897
1743491866.845133
1743491866.876858
1743491866.908786
1743491866.940918
1743491866.972965
1743491867.004981
1743491867.036292
1743491867.052663
1743491867.100411
1743491867.132719
1743491867.164437
1743491867.196782
1743491867.228988
1743491867.260900
1743491867.292501
1743491867.325063
1743491867.357157
1743491867.389191
1743491867.420832
1743491867.452418
1743491867.468575
1743491867.484410
1743491867.500666
1743491867.532696
1743491867.564807
1743491867.596795
1743491867.628811
1743491867.661073
1743491867.693209
1743491867.725220
1743491867.756424
1743491867.788815
1743491867.820908
1743491867.852320
1743491867.884284
1743491867.900496
1743491867.916627
1743491867.932577
1743491867.964995
1743491867.996996
1743491868.029065
1743491868.076815
1743491868.108597
1743491868.140870
1743491868.172962
1743491868.204798
1743491868.236519
1743491868.268625
1743491868.300900
1743491868.332924
1743491868.364660
1743491868.397070
1743491868.428886
1743491868.460798
1743491868.492565
1743491868.524629
1743491868.556724
1743491868.588818
1743491868.620666
1743491868.652584
1743491868.684678
1743491868.732221
1743491868.764633
1743491868.796670
1743491868.828896
1743491868.861032
1743491868.893093
1743491868.925020
1743491868.957112
1743491868.989021
1743491869.020910
1743491869.052900
1743491869.084364
1743491869.100328
1743491869.132852
1743491869.164637
1743491869.196862
1743491869.229121
1743491869.260437
1743491869.293063
1743491869.325241
1743491869.372848
1743491869.404511
1743491869.436362
1743491869.468535
1743491869.500590
1743491869.532528
1743491869.564882
1743491869.596746
1743491869.629047
1743491869.660830
1743491869.708674
1743491869.740695
1743491869.772947
1743491869.804566
1743491869.836534
1743491869.868293
1743491869.884330
1743491869.900749
1743491869.916882
1743491869.948724
1743491869.980965
1743491870.028648
1743491870.060803
1743491870.092791
1743491870.124922
1743491870.156465
1743491870.189243
1743491870.220851
1743491870.252478
1743491870.284647
1743491870.300817
1743491870.348457
1743491870.380809
1743491870.412576
1743491870.444756
1743491870.476891
1743491870.508889
1743491870.540818
1743491870.572906
1743491870.604971
1743491870.636846
1743491870.684173
1743491870.700264
1743491870.716693
1743491870.748614
1743491870.780723
1743491870.812795
1743491870.844953
1743491870.876836
1743491870.909043
1743491870.941052
1743491870.973107
1743491871.004996
1743491871.036818
1743491871.068489
1743491871.100412
1743491871.132366
1743491871.164382
1743491871.196571
1743491871.228884
1743491871.260943
1743491871.293006
1743491871.324969
1743491871.356746
1743491871.388689
1743491871.420606
1743491871.452016
1743491871.468474
1743491871.500536
1743491871.532462
1743491871.564594
1743491871.596776
1743491871.628842
1743491871.661080
1743491871.692596
1743491871.724414
1743491871.756854
1743491871.788668
1743491871.820812
1743491871.851976
1743491871.868357
1743491871.884567
1743491871.916652
1743491871.948791
1743491871.980780
1743491872.012709
1743491872.044658
1743491872.076892
1743491872.108839
1743491872.140736
1743491872.173742
1743491872.204655
1743491872.236597
1743491872.268537
1743491872.300917
1743491872.332215
1743491872.348407
1743491872.380797
1743491872.412577
1743491872.444541
1743491872.476932
1743491872.508952
1743491872.540757
1743491872.573105
1743491872.604903
1743491872.636944
1743491872.668356
1743491872.700293
1743491872.716363
1743491872.748362
1743491872.780551
1743491872.812541
1743491872.844779
1743491872.877067
1743491872.908984
1743491872.956649
1743491872.988585
1743491873.020506
1743491873.052216
1743491873.084646
1743491873.116493
1743491873.148425
1743491873.180483
1743491873.212864
1743491873.228212
1743491873.244544
1743491873.276975
1743491873.308486
1743491873.340614
1743491873.372727
1743491873.404799
1743491873.436368
1743491873.452447
1743491873.484345
1743491873.500447
1743491873.532731
1743491873.564694
1743491873.612284
1743491873.644561
1743491873.676134
1743491873.707985
1743491873.724120
1743491873.740125
1743491873.772887
1743491873.804772
1743491873.836651
1743491873.868517
1743491873.900465
1743491873.932919
1743491873.964340
1743491873.996566
1743491874.028687
1743491874.060759
1743491874.092632
1743491874.125085
1743491874.157090
1743491874.188849
1743491874.220899
1743491874.252873
1743491874.284288
1743491874.316427
1743491874.348315
1743491874.380686
1743491874.412558
1743491874.444739
1743491874.476898
1743491874.508996
1743491874.540960
1743491874.588664
1743491874.620459
1743491874.652443
1743491874.684266
1743491874.700363
1743491874.732629
1743491874.764481
1743491874.796646
1743491874.828987
1743491874.860872
1743491874.908370
1743491874.940464
1743491874.972642
1743491875.004760
1743491875.036401
1743491875.068250
1743491875.084251
1743491875.100424
1743491875.116400
1743491875.148413
1743491875.180701
1743491875.228517
1743491875.260661
1743491875.292325
1743491875.324891
1743491875.356730
1743491875.388718
1743491875.420734
1743491875.452443
1743491875.484410
1743491875.500510
1743491875.532535
1743491875.564927
1743491875.596450
1743491875.628575
1743491875.660607
1743491875.692782
1743491875.725027
1743491875.756998
1743491875.788628
1743491875.820834
1743491875.852533
1743491875.884732
1743491875.915935
1743491875.932128
1743491875.964460
1743491875.996548
1743491876.028678
1743491876.060756
1743491876.092680
1743491876.125023
1743491876.156594
1743491876.204432
1743491876.235999
1743491876.268183
1743491876.300307
1743491876.332118
1743491876.348258
1743491876.364410
1743491876.396478
1743491876.428857
1743491876.460721
1743491876.493274
1743491876.540736
1743491876.572453
1743491876.604552
1743491876.636317
1743491876.668457
1743491876.700228
1743491876.732476
1743491876.764483
1743491876.796720
1743491876.829020
1743491876.860815
1743491876.892591
1743491876.924719
1743491876.956710
1743491876.988684
1743491877.020765
1743491877.052345
1743491877.084262
1743491877.100379
1743491877.116409
1743491877.148289
1743491877.180845
1743491877.212437
1743491877.244748
1743491877.276312
1743491877.308600
1743491877.340496
1743491877.372912
1743491877.404370
1743491877.436618
1743491877.468627
1743491877.516095
1743491877.548190
1743491877.580467
1743491877.612560
1743491877.644732
1743491877.676527
1743491877.708932
1743491877.740728
1743491877.772816
1743491877.804606
1743491877.836872
1743491877.868219
1743491877.900236
1743491877.931944
1743491877.948435
1743491877.980693
1743491878.012670
1743491878.044283
1743491878.076693
1743491878.108624
1743491878.156472
1743491878.188039
1743491878.204031
1743491878.220155
1743491878.252342
1743491878.284320
1743491878.300287
1743491878.332263
1743491878.348273
1743491878.380564
1743491878.412661
1743491878.444997
1743491878.492577
1743491878.524405
1743491878.556613
1743491878.588532
1743491878.620515
1743491878.652354
1743491878.684343
1743491878.700298
1743491878.732618
1743491878.764398
1743491878.812361
1743491878.844489
1743491878.876434
1743491878.908791
1743491878.940470
1743491878.972420
1743491879.004546
1743491879.036702
1743491879.068391
1743491879.100434
1743491879.132735
1743491879.164034
1743491879.195932
1743491879.228475
1743491879.260484
1743491879.292509
1743491879.324583
1743491879.356609
1743491879.388644
1743491879.420854
1743491879.467989
1743491879.499658
1743491879.516088
1743491879.548384
1743491879.580617
1743491879.612131
1743491879.644742
1743491879.676624
1743491879.708968
1743491879.740122
1743491879.788578
1743491879.820262
1743491879.852028
1743491879.884158
1743491879.900190
1743491879.932224
1743491879.964341
1743491879.996296
1743491880.028634
1743491880.060922
1743491880.108575
1743491880.139971
1743491880.172513
1743491880.204299
1743491880.235976
1743491880.252176
1743491880.284212
1743491880.316322
1743491880.348034
1743491880.380402
1743491880.412649
1743491880.444859
1743491880.476518
1743491880.508459
1743491880.540582
1743491880.572715
1743491880.604541
1743491880.636090
1743491880.652173
1743491880.668250
1743491880.684265
1743491880.716341
1743491880.764048
1743491880.796388
1743491880.828580
1743491880.860318
1743491880.892833
1743491880.924467
1743491880.956557
1743491880.988804
1743491881.020581
1743491881.052257
1743491881.084569
1743491881.115974
1743491881.148045
1743491881.180398
1743491881.212389
1743491881.244803
1743491881.276536
1743491881.308532
1743491881.340648
1743491881.372550
1743491881.420300
1743491881.452066
1743491881.484003
1743491881.516191
1743491881.532255
1743491881.564337
1743491881.580332
1743491881.612614
1743491881.644629
1743491881.676564
1743491881.708657
1743491881.740216
1743491881.772307
1743491881.804265
1743491881.835936
1743491881.868106
1743491881.884222
1743491881.916264
1743491881.948035
1743491881.980527
1743491882.012677
1743491882.060233
1743491882.092434
1743491882.124706
1743491882.156349
1743491882.188375
1743491882.220573
1743491882.252208
1743491882.284235
1743491882.300258
1743491882.316251
1743491882.348463
1743491882.396012
1743491882.428449
1743491882.460488
1743491882.492233
1743491882.524763
1743491882.556648
1743491882.588446
1743491882.620500
1743491882.652494
1743491882.684406
1743491882.716629
1743491882.747921
1743491882.780336
1743491882.812401
1743491882.844630
1743491882.876644
1743491882.908524
1743491882.940466
1743491882.972660
1743491883.004828
1743491883.036591
1743491883.067855
1743491883.099849
1743491883.132181
1743491883.164114
1743491883.195959
1743491883.228303
1743491883.260636
1743491883.292603
1743491883.324622
1743491883.372344
1743491883.403710
1743491883.436083
1743491883.467989
1743491883.500096
1743491883.531725
1743491883.548171
1743491883.580354
1743491883.612449
1743491883.644605
1743491883.692239
1743491883.724302
1743491883.756619
1743491883.788323
1743491883.820474
1743491883.852050
1743491883.883944
1743491883.900080
1743491883.916184
1743491883.948320
1743491883.980423
1743491884.012537
1743491884.044302
1743491884.076400
1743491884.108530
1743491884.140001
1743491884.172515
1743491884.204306
1743491884.235919
1743491884.268021
1743491884.284099
1743491884.300298
1743491884.348111
1743491884.379838
1743491884.412229
1743491884.444594
1743491884.476577
1743491884.508302
1743491884.540489
1743491884.572499
1743491884.604703
1743491884.636441
1743491884.668643
1743491884.699942
1743491884.715914
1743491884.748106
1743491884.780222
1743491884.812423
1743491884.844606
1743491884.876678
1743491884.908555
1743491884.940380
1743491884.988222
1743491885.020063
1743491885.051847
1743491885.067837
1743491885.083916
1743491885.116148
1743491885.148169
1743491885.180175
1743491885.212358
1743491885.244322
1743491885.276499
1743491885.324361
1743491885.356299
1743491885.387705
1743491885.403786
1743491885.419908
1743491885.452077
1743491885.483629
1743491885.500082
1743491885.532123
1743491885.564243
1743491885.596147
1743491885.644130
1743491885.676119
1743491885.708319
1743491885.740128
1743491885.772194
1743491885.804279
1743491885.836005
1743491885.868083
1743491885.884050
1743491885.916366
1743491885.963920
1743491885.995787
1743491886.028289
1743491886.060239
1743491886.092354
1743491886.123822
1743491886.156248
1743491886.188502
1743491886.220668
1743491886.251857
1743491886.267916
1743491886.300124
1743491886.331889
1743491886.364129
1743491886.396275
1743491886.428592
1743491886.460291
1743491886.492110
1743491886.524386
1743491886.556698
1743491886.588532
1743491886.620590
1743491886.652086
1743491886.683955
1743491886.716065
1743491886.748001
1743491886.780188
1743491886.812294
1743491886.844568
1743491886.876402
1743491886.908718
1743491886.940422
1743491886.972215
1743491887.004475
1743491887.035534
1743491887.068097
1743491887.100190
1743491887.132115
1743491887.164176
1743491887.196221
1743491887.228276
1743491887.276320
1743491887.308183
1743491887.340185
1743491887.355678
1743491887.388214
1743491887.420290
1743491887.451623
1743491887.467966
1743491887.500171
1743491887.532219
1743491887.564044
1743491887.596869
1743491887.628177
1743491887.660123
1743491887.691721
1743491887.724334
1743491887.756581
1743491887.788478
1743491887.820084
1743491887.851963
1743491887.868046
1743491887.884158
1743491887.916126
1743491887.947696
1743491887.980281
1743491888.012123
1743491888.044390
1743491888.076343
1743491888.108574
1743491888.140270
1743491888.172333
1743491888.204421
1743491888.251775
1743491888.283649
1743491888.315708
1743491888.331728
1743491888.347861
1743491888.364005
1743491888.395673
1743491888.428640
1743491888.460414
1743491888.492537
1743491888.523965
1743491888.572205
1743491888.604560
1743491888.636074
1743491888.667664
1743491888.683758
1743491888.699924
1743491888.731893
1743491888.764124
1743491888.796027
1743491888.828253
1743491888.860401
1743491888.892306
1743491888.924085
1743491888.956226
1743491888.988134
1743491889.020187
1743491889.052042
1743491889.083761
1743491889.099913
1743491889.132067
1743491889.147977
1743491889.164039
1743491889.180033
1743491889.228776
1743491889.260081
1743491889.292078
1743491889.324420
1743491889.355808
1743491889.371503
1743491889.387745
1743491889.420410
1743491889.451484
1743491889.467811
1743491889.483908
1743491889.500040
1743491889.547936
1743491889.580089
1743491889.612231
1743491889.644192
1743491889.675984
1743491889.708289
1743491889.740293
1743491889.772534
1743491889.804035
1743491889.836147
1743491889.868169
1743491889.899721
1743491889.931873
1743491889.964376
1743491889.996116
1743491890.028341
1743491890.060244
1743491890.092470
1743491890.124483
1743491890.156304
1743491890.204045
1743491890.236067
1743491890.267858
1743491890.283944
1743491890.300240
1743491890.331903
1743491890.364008
1743491890.396161
1743491890.428029
1743491890.459033
1743491890.475188
1743491890.524658
1743491890.555829
1743491890.588342
1743491890.620114
1743491890.651869
1743491890.683791
1743491890.699914
1743491890.731978
1743491890.764076
1743491890.796297
1743491890.844043
1743491890.876048
1743491890.908196
1743491890.940355
1743491890.972095
1743491891.004187
1743491891.036020
1743491891.067959
1743491891.100070
1743491891.132146
1743491891.179912
1743491891.211948
1743491891.244190
1743491891.276068
1743491891.308274
1743491891.340094
1743491891.372188
1743491891.404241
1743491891.435839
1743491891.468003
1743491891.500292
1743491891.531564
1743491891.563887
1743491891.595739
1743491891.628194
1743491891.660158
1743491891.692364
1743491891.724542
1743491891.756254
1743491891.788387
1743491891.820425
1743491891.851443
1743491891.867556
1743491891.883704
1743491891.899778
1743491891.931972
1743491891.964106
1743491891.996036
1743491892.028094
1743491892.060198
1743491892.092661
1743491892.124467
1743491892.156327
1743491892.187739
1743491892.219814
1743491892.251772
1743491892.283880
1743491892.315706
1743491892.331840
1743491892.363980
1743491892.396162
1743491892.428403
1743491892.476107
1743491892.508194
1743491892.540153
1743491892.571856
1743491892.604185
1743491892.635952
1743491892.667648
1743491892.700049
1743491892.731957
1743491892.763977
1743491892.796251
1743491892.827866
1743491892.860174
1743491892.892252
1743491892.924103
1743491892.955939
1743491892.988226
1743491893.020175
1743491893.051989
1743491893.083719
1743491893.099976
1743491893.132185
1743491893.163707
1743491893.195928
1743491893.228123
1743491893.260206
1743491893.292075
1743491893.324309
1743491893.356472
1743491893.388434
1743491893.420327
1743491893.451619
1743491893.483528
1743491893.499829
1743491893.531564
1743491893.547752
1743491893.563909
1743491893.595967
1743491893.628287
1743491893.659994
1743491893.691997
1743491893.724471
1743491893.771952
1743491893.803738
1743491893.835687
1743491893.867871
1743491893.899782
1743491893.932061
1743491893.963965
1743491893.995992
1743491894.028129
1743491894.060151
1743491894.108111
1743491894.140122
1743491894.172049
1743491894.203466
1743491894.219563
1743491894.251569
1743491894.267567
1743491894.299258
1743491894.315697
1743491894.331822
1743491894.347982
1743491894.380068
1743491894.427961
1743491894.459986
1743491894.492176
1743491894.524158
1743491894.556184
1743491894.587992
1743491894.620076
1743491894.651892
1743491894.683387
1743491894.699916
1743491894.715928
1743491894.748108
1743491894.779922
1743491894.811927
1743491894.844126
1743491894.876056
1743491894.908176
1743491894.939837
1743491894.972278
1743491895.004640
1743491895.036155
1743491895.083634
1743491895.115513
1743491895.131669
1743491895.163814
1743491895.195967
1743491895.228093
1743491895.260242
1743491895.292034
1743491895.323885
1743491895.356300
1743491895.403898
1743491895.435423
1743491895.467130
1743491895.483437
1743491895.499784
1743491895.531540
1743491895.563830
1743491895.595942
1743491895.628310
1743491895.660083
1743491895.691821
1743491895.724458
1743491895.755910
1743491895.788151
1743491895.819877
1743491895.851510
1743491895.883569
1743491895.899749
1743491895.931779
1743491895.947707
1743491895.980033
1743491896.012181
1743491896.060037
1743491896.091903
1743491896.123940
1743491896.155960
1743491896.188107
1743491896.220433
1743491896.251856
1743491896.283848
1743491896.315840
1743491896.348006
1743491896.380158
1743491896.411818
1743491896.443285
1743491896.476038
1743491896.508246
1743491896.540050
1743491896.571560
1743491896.604028
1743491896.635686
1743491896.667983
1743491896.700183
1743491896.731651
1743491896.747612
1743491896.763744
1743491896.796143
1743491896.827935
1743491896.860197
1743491896.891976
1743491896.924134
1743491896.956261
1743491896.988245
1743491897.035872
1743491897.067300
1743491897.083462
1743491897.115720
1743491897.147563
1743491897.180132
1743491897.212088
1743491897.244033
1743491897.276004
1743491897.308247
1743491897.355617
1743491897.387859
1743491897.420033
1743491897.451384
1743491897.467428
1743491897.499666
1743491897.531755
1743491897.563749
1743491897.595991
1743491897.628222
1743491897.676003
1743491897.706822
1743491897.739345
1743491897.755769
1743491897.788296
1743491897.819507
1743491897.835541
1743491897.867824
1743491897.899721
1743491897.931744
1743491897.963871
1743491898.011723
1743491898.043796
1743491898.075859
1743491898.107920
1743491898.139972
1743491898.171738
1743491898.204041
1743491898.235671
1743491898.267799
1743491898.299913
1743491898.332321
1743491898.363897
1743491898.395624
1743491898.427904
1743491898.459723
1743491898.492026
1743491898.524110
1743491898.556270
1743491898.588019
1743491898.620030
1743491898.652113
1743491898.683747
1743491898.715387
1743491898.731478
1743491898.763466
1743491898.795824
1743491898.827933
1743491898.860234
1743491898.891907
1743491898.924259
1743491898.955986
1743491898.988124
1743491899.019830
1743491899.051547
1743491899.083523
1743491899.099615
1743491899.131523
1743491899.163600
1743491899.195792
1743491899.228093
1743491899.260116
1743491899.307686
1743491899.339620
1743491899.371935
1743491899.403878
1743491899.435369
1743491899.451450
1743491899.483731
1743491899.515734
1743491899.531727
1743491899.563460
1743491899.579482
1743491899.595686
1743491899.628273
1743491899.659717
1743491899.691932
1743491899.723825
1743491899.755737
1743491899.787848
1743491899.819988
1743491899.851681
1743491899.883625
1743491899.915890
1743491899.963352
1743491899.995725
1743491900.027955
1743491900.059887
1743491900.092050
1743491900.123986
1743491900.156145
1743491900.187370
1743491900.203533
1743491900.219683
1743491900.251673
1743491900.283839
1743491900.315338
1743491900.347607
1743491900.380009
1743491900.411595
1743491900.444038
1743491900.476137
1743491900.507941
1743491900.540221
1743491900.572047
1743491900.604048
1743491900.635605
1743491900.667456
1743491900.699541
1743491900.731639
1743491900.763550
1743491900.795569
1743491900.827786
1743491900.860033
1743491900.891962
1743491900.939680
1743491900.971792
1743491901.003926
1743491901.035534
1743491901.067657
1743491901.099597
1743491901.131641
1743491901.163784
1743491901.195764
1743491901.228233
1743491901.259931
1743491901.291784
1743491901.323740
1743491901.355895
1743491901.387950
1743491901.419947
1743491901.451088
1743491901.467342
1743491901.483595
1743491901.499626
1743491901.531261
1743491901.547571
1743491901.580380
1743491901.611627
1743491901.643576
1743491901.675708
1743491901.708108
1743491901.740027
1743491901.771548
1743491901.803971
1743491901.835522
1743491901.851564
1743491901.883852
1743491901.916046
1743491901.947288
1743491901.979655
1743491902.011741
1743491902.043922
1743491902.076170
1743491902.108003
1743491902.139633
1743491902.171931
1743491902.204011
1743491902.235992
1743491902.266951
1743491902.283227
1743491902.299518
1743491902.331567
1743491902.363358
1743491902.395319
1743491902.427854
1743491902.459923
1743491902.492063
1743491902.524105
1743491902.556430
1743491902.588277
1743491902.619821
1743491902.651474
1743491902.683179
1743491902.699527
1743491902.731555
1743491902.763593
1743491902.795643
1743491902.827795
1743491902.860287
1743491902.891968
1743491902.924026
1743491902.955944
1743491902.987757
1743491903.019765
1743491903.051709
1743491903.083585
1743491903.099558
1743491903.131905
1743491903.163841
1743491903.211378
1743491903.243734
1743491903.275755
1743491903.307821
1743491903.339870
1743491903.371843
1743491903.403927
1743491903.435257
1743491903.451384
1743491903.467618
1743491903.499539
1743491903.531055
1743491903.547246
1743491903.563500
1743491903.595547
1743491903.627227
1743491903.659678
1743491903.691956
1743491903.723867
1743491903.755688
1743491903.788261
1743491903.819851
1743491903.867117
1743491903.899104
1743491903.915193
1743491903.931373
1743491903.947400
1743491903.979576
1743491904.011720
1743491904.043946
1743491904.075857
1743491904.107881
1743491904.140144
1743491904.187628
1743491904.219714
1743491904.250989
1743491904.267162
1743491904.299573
1743491904.331276
1743491904.363399
1743491904.395656
1743491904.427903
1743491904.459959
1743491904.507775
1743491904.539673
1743491904.571852
1743491904.603870
1743491904.635214
1743491904.667304
1743491904.683479
1743491904.699497
1743491904.731320
1743491904.763586
1743491904.795974
1743491904.843460
1743491904.875561
1743491904.907744
1743491904.939593
1743491904.971720
1743491905.003716
1743491905.035566
1743491905.067585
1743491905.099455
1743491905.131483
1743491905.164039
1743491905.195669
1743491905.227748
1743491905.259390
1743491905.291607
1743491905.323838
1743491905.355756
1743491905.387900
1743491905.419853
1743491905.451419
1743491905.483629
1743491905.515046
1743491905.531154
1743491905.547314
1743491905.563433
1743491905.595038
1743491905.627768
1743491905.659816
1743491905.691853
1743491905.723390
1743491905.755827
1743491905.787916
1743491905.819938
1743491905.851239
1743491905.883382
1743491905.899312
1743491905.915330
1743491905.947545
1743491905.979515
1743491906.011476
1743491906.044274
1743491906.075831
1743491906.107897
1743491906.139888
1743491906.171588
1743491906.203718
1743491906.235348
1743491906.267368
1743491906.299495
1743491906.331528
1743491906.363671
1743491906.395768
1743491906.427835
1743491906.459390
1743491906.491577
1743491906.523585
1743491906.555486
1743491906.587057
1743491906.603301
1743491906.635529
1743491906.667416
1743491906.699365
1743491906.715677
1743491906.747650
1743491906.795205
1743491906.827324
1743491906.859746
1743491906.891658
1743491906.923632
1743491906.955863
1743491906.987936
1743491907.019795
1743491907.051389
1743491907.083854
1743491907.115551
1743491907.147439
1743491907.179627
1743491907.211573
1743491907.243586
1743491907.275646
1743491907.307655
1743491907.339629
1743491907.371996
1743491907.403765
1743491907.435924
1743491907.467048
1743491907.483159
1743491907.515187
1743491907.531282
1743491907.563497
1743491907.595579
1743491907.627706
1743491907.659826
1743491907.691599
1743491907.724027
1743491907.771476
1743491907.803514
1743491907.835265
1743491907.867515
1743491907.899458
1743491907.931448
1743491907.963461
1743491907.995655
1743491908.027661
1743491908.059858
1743491908.091795
1743491908.123480
1743491908.155594
1743491908.187453
1743491908.219762
1743491908.251449
1743491908.283311
1743491908.315425
1743491908.347456
1743491908.379879
1743491908.411553
1743491908.443420
1743491908.475529
1743491908.507663
1743491908.540051
1743491908.571712
1743491908.603860
1743491908.635842
1743491908.667415
1743491908.699293
1743491908.747034
1743491908.779437
1743491908.811402
1743491908.843624
1743491908.875659
1743491908.907729
1743491908.939533
1743491908.971750
1743491909.003873
1743491909.035855
1743491909.067580
1743491909.099079
1743491909.131307
1743491909.163448
1743491909.195552
1743491909.227649
1743491909.259789
1743491909.291933
1743491909.323913
1743491909.355590
1743491909.387984
1743491909.419334
1743491909.451175
1743491909.483324
1743491909.499273
1743491909.531303
1743491909.563452
1743491909.595565
1743491909.627363
1743491909.659765
1743491909.691863
1743491909.723700
1743491909.755141
1743491909.787500
1743491909.819508
1743491909.851469
1743491909.883389
1743491909.915134
1743491909.931173
1743491909.947285
1743491909.979669
1743491910.011818
1743491910.043946
1743491910.075748
1743491910.108010
1743491910.139144
1743491910.171579
1743491910.203782
1743491910.235716
1743491910.267395
1743491910.299471
1743491910.331428
1743491910.363893
1743491910.395512
1743491910.427023
1743491910.459543
1743491910.491647
1743491910.523506
1743491910.555326
1743491910.587998
1743491910.619784
1743491910.651396
1743491910.699166
1743491910.731023
1743491910.747049
1743491910.763157
1743491910.795386
1743491910.827674
1743491910.859710
1743491910.892084
1743491910.924036
1743491910.955698
1743491910.987951
1743491911.019825
1743491911.051187
1743491911.083364
1743491911.115153
1743491911.131244
1743491911.163349
1743491911.195380
1743491911.227613
1743491911.259856
1743491911.291854
1743491911.339304
1743491911.371398
1743491911.403606
1743491911.435458
1743491911.467219
1743491911.499322
1743491911.515072
1743491911.547074
1743491911.563611
1743491911.595939
1743491911.627708
1743491911.675394
1743491911.707460
1743491911.739952
1743491911.771714
1743491911.803268
1743491911.835503
1743491911.867325
1743491911.899690
1743491911.931407
1743491911.963418
1743491911.995641
1743491912.027390
1743491912.059667
1743491912.091625
1743491912.123326
1743491912.155500
1743491912.187761
1743491912.219656
1743491912.251367
1743491912.283337
1743491912.315333
1743491912.347106
1743491912.379370
1743491912.411468
1743491912.443353
1743491912.475744
1743491912.507536
1743491912.539654
1743491912.571524
1743491912.603892
1743491912.651005
1743491912.683132
1743491912.715104
1743491912.731039
1743491912.747299
1743491912.763191
1743491912.795317
1743491912.827440
1743491912.859594
1743491912.891654
1743491912.923951
1743491912.971309
1743491913.003587
1743491913.035465
1743491913.067120
1743491913.083204
1743491913.115154
1743491913.147173
1743491913.179363
1743491913.211592
1743491913.243732
1743491913.291491
1743491913.323134
1743491913.355544
1743491913.387589
1743491913.419589
1743491913.450956
1743491913.467213
1743491913.499255
1743491913.531117
1743491913.547193
1743491913.579598
1743491913.627259
1743491913.659335
1743491913.691150
1743491913.723673
1743491913.755475
1743491913.787517
1743491913.819701
1743491913.851150
1743491913.883191
1743491913.915467
1743491913.947526
1743491913.979290
1743491914.011407
1743491914.043825
1743491914.075239
1743491914.107519
1743491914.139469
1743491914.171763
1743491914.203141
1743491914.235433
1743491914.267499
1743491914.298860
1743491914.330729
1743491914.347002
1743491914.363256
1743491914.395296
1743491914.427404
1743491914.459545
1743491914.491652
1743491914.523535
1743491914.555306
1743491914.603243
1743491914.634892
1743491914.666985
1743491914.698945
1743491914.715012
1743491914.747249
1743491914.779395
1743491914.811219
1743491914.843685
1743491914.875815
1743491914.923269
1743491914.955230
1743491914.987445
1743491915.019480
1743491915.051170
1743491915.083922
1743491915.115250
1743491915.147164
1743491915.179586
1743491915.210492
1743491915.244053
1743491915.275333
1743491915.307637
1743491915.339539
1743491915.371354
1743491915.403390
1743491915.435194
1743491915.467194
1743491915.499333
1743491915.531303
1743491915.547140
1743491915.579351
1743491915.611460
1743491915.643398
1743491915.675541
1743491915.706977
1743491915.739384
1743491915.771513
1743491915.803452
1743491915.835054
1743491915.851180
1743491915.898873
1743491915.930941
1743491915.962804
1743491915.995164
1743491916.027253
1743491916.059181
1743491916.091327
1743491916.123492
1743491916.155720
1743491916.187455
1743491916.219598
1743491916.250875
1743491916.283288
1743491916.314852
1743491916.330931
1743491916.347034
1743491916.379265
1743491916.411436
1743491916.442976
1743491916.475527
1743491916.507562
1743491916.555221
1743491916.586700
1743491916.602883
1743491916.635210
1743491916.666895
1743491916.698738
1743491916.714969
1743491916.747353
1743491916.779297
1743491916.811368
1743491916.843802
1743491916.875568
1743491916.907472
1743491916.939132
1743491916.971430
1743491917.003597
1743491917.035060
1743491917.067024
1743491917.098949
1743491917.115047
1743491917.147331
1743491917.195121
1743491917.227221
1743491917.259360
1743491917.291472
1743491917.323437
1743491917.355241
1743491917.387337
1743491917.419506
1743491917.451177
1743491917.483325
1743491917.499277
1743491917.531442
1743491917.562827
1743491917.595341
1743491917.627185
1743491917.659229
1743491917.691088
1743491917.723417
1743491917.755399
1743491917.787469
1743491917.819135
1743491917.851585
1743491917.882992
1743491917.914971
1743491917.946774
1743491917.978681
1743491918.011411
1743491918.043429
1743491918.075527
1743491918.107489
1743491918.139719
1743491918.171567
1743491918.203226
1743491918.234782
1743491918.266929
1743491918.282935
1743491918.299052
1743491918.331000
1743491918.362923
1743491918.379047
1743491918.411390
1743491918.443880
1743491918.475108
1743491918.507488
1743491918.539399
1743491918.571343
1743491918.602834
1743491918.634984
1743491918.667039
1743491918.699066
1743491918.730789
1743491918.746998
1743491918.779351
1743491918.827095
1743491918.858850
1743491918.891218
1743491918.923257
1743491918.955307
1743491918.987074
1743491919.019515
1743491919.051228
1743491919.083004
1743491919.115112
1743491919.147296
1743491919.179143
1743491919.210181
1743491919.226431
1743491919.242756
1743491919.275084
1743491919.307110
1743491919.339279
1743491919.371319
1743491919.403687
1743491919.435441
1743491919.482780
1743491919.514677
1743491919.530725
1743491919.546886
1743491919.563128
1743491919.595298
1743491919.627138
1743491919.659231
1743491919.691114
1743491919.723424
1743491919.755384
1743491919.803131
1743491919.835205
1743491919.866743
1743491919.898745
1743491919.914750
1743491919.930871
1743491919.947068
1743491919.979176
1743491920.011266
1743491920.043510
1743491920.075565
1743491920.123101
1743491920.155252
1743491920.186929
1743491920.219465
1743491920.250800
1743491920.282952
1743491920.314887
1743491920.346995
1743491920.379581
1743491920.411272
1743491920.459620
1743491920.491335
1743491920.523520
1743491920.555242
1743491920.587224
1743491920.619296
1743491920.651081
1743491920.682933
1743491920.715001
1743491920.730918
1743491920.746984
1743491920.779565
1743491920.811115
1743491920.843253
1743491920.875299
1743491920.907024
1743491920.939521
1743491920.971276
1743491921.003468
1743491921.035006
1743491921.067382
1743491921.099394
1743491921.131076
1743491921.147140
1743491921.179095
1743491921.210570
1743491921.226906
1743491921.243080
1743491921.275152
1743491921.307158
1743491921.339164
1743491921.371281
1743491921.403220
1743491921.435170
1743491921.466791
1743491921.498730
1743491921.514863
1743491921.531012
1743491921.562747
1743491921.578851
1743491921.610986
1743491921.643071
1743491921.675126
1743491921.707175
1743491921.754833
1743491921.786945
1743491921.818979
1743491921.850791
1743491921.882721
1743491921.898971
1743491921.930887
1743491921.947016
1743491921.963083
1743491921.979332
1743491922.011081
1743491922.043173
1743491922.074931
1743491922.106899
1743491922.138968
1743491922.171061
1743491922.202911
1743491922.235104
1743491922.266942
1743491922.299189
1743491922.330878
1743491922.346941
1743491922.379558
1743491922.411253
1743491922.442930
1743491922.475264
1743491922.507058
1743491922.539229
1743491922.571282
1743491922.603202
1743491922.634954
1743491922.666902
1743491922.698967
1743491922.731453
1743491922.762938
1743491922.795076
1743491922.827108
1743491922.859114
1743491922.891164
1743491922.923090
1743491922.955040
1743491922.987401
1743491923.019259
1743491923.051417
1743491923.082721
1743491923.098705
1743491923.114856
1743491923.146834
1743491923.179156
1743491923.210325
1743491923.226642
1743491923.242701
1743491923.275230
1743491923.307485
1743491923.339392
1743491923.387047
1743491923.418818
1743491923.450740
1743491923.482850
1743491923.514848
1743491923.546460
1743491923.562621
1743491923.594947
1743491923.610460
1743491923.626824
1743491923.659362
1743491923.707063
1743491923.738992
1743491923.770877
1743491923.803159
1743491923.834762
1743491923.866832
1743491923.898866
1743491923.930892
1743491923.962978
1743491923.995158
1743491924.027266
1743491924.059166
1743491924.091092
1743491924.123083
1743491924.155460
1743491924.187367
1743491924.219318
1743491924.251141
1743491924.282540
1743491924.298886
1743491924.331088
1743491924.363173
1743491924.394593
1743491924.427144
1743491924.459108
1743491924.491071
1743491924.522965
1743491924.555166
1743491924.587180
1743491924.619210
1743491924.650835
1743491924.683466
1743491924.714604
1743491924.746661
1743491924.779268
1743491924.811068
1743491924.843130
1743491924.875184
1743491924.907033
1743491924.939349
1743491924.971487
1743491925.003338
1743491925.034973
1743491925.066895
1743491925.098562
1743491925.130812
1743491925.162875
1743491925.194907
1743491925.227286
1743491925.259251
1743491925.291278
1743491925.338941
1743491925.371010
1743491925.403098
1743491925.435197
1743491925.466871
1743491925.498861
1743491925.530931
1743491925.563020
1743491925.594693
1743491925.627272
1743491925.659372
1743491925.691202
1743491925.723177
1743491925.755025
1743491925.787196
1743491925.819273
1743491925.850948
1743491925.882294
1743491925.898783
1743491925.914871
1743491925.946930
1743491925.979021
1743491926.010908
1743491926.043042
1743491926.075224
1743491926.107020
1743491926.139306
1743491926.171277
1743491926.203131
1743491926.235332
1743491926.267074
1743491926.314453
1743491926.346966
1743491926.378765
1743491926.411021
1743491926.443052
1743491926.475518
1743491926.506482
1743491926.539262
1743491926.571310
1743491926.603203
1743491926.635046
1743491926.666595
1743491926.698808
1743491926.730585
1743491926.762912
1743491926.794973
1743491926.827315
1743491926.859267
1743491926.891042
1743491926.923184
1743491926.955226
1743491926.986958
1743491927.019071
1743491927.050666
1743491927.082650
1743491927.114541
1743491927.146826
1743491927.178908
1743491927.210371
1743491927.226611
1743491927.242794
1743491927.291078
1743491927.323118
1743491927.354979
1743491927.387032
1743491927.419035
1743491927.450724
1743491927.482919
1743491927.514974
1743491927.546885
1743491927.579131
1743491927.611332
1743491927.642806
1743491927.658235
1743491927.674540
1743491927.707059
1743491927.738409
1743491927.771197
1743491927.803120
1743491927.834863
1743491927.866963
1743491927.898806
1743491927.931189
1743491927.962584
1743491927.995002
1743491928.027056
1743491928.058971
1743491928.091001
1743491928.122968
1743491928.155043
1743491928.187136
1743491928.219176
1743491928.266595
1743491928.298489
1743491928.314486
1743491928.330557
1743491928.362681
1743491928.394837
1743491928.427069
1743491928.459110
1743491928.491083
1743491928.523255
1743491928.555145
1743491928.587239
1743491928.618587
1743491928.650595
1743491928.682854
1743491928.714577
1743491928.746553
1743491928.779024
1743491928.811091
1743491928.843163
1743491928.875048
1743491928.907196
1743491928.938903
1743491928.970854
1743491929.003113
1743491929.034806
1743491929.066628
1743491929.098667
1743491929.130700
1743491929.162881
1743491929.195121
1743491929.243043
1743491929.274761
1743491929.306926
1743491929.339075
1743491929.370803
1743491929.402869
1743491929.434574
1743491929.450516
1743491929.466647
1743491929.498754
1743491929.514900
1743491929.562472
1743491929.594819
1743491929.626454
1743491929.658974
1743491929.690933
1743491929.722886
1743491929.754886
1743491929.787027
1743491929.819098
1743491929.850976
1743491929.882766
1743491929.914716
1743491929.946559
1743491929.978658
1743491930.010995
1743491930.042976
1743491930.075165
1743491930.107076
1743491930.139385
1743491930.171165
1743491930.218868
1743491930.250306
1743491930.282373
1743491930.298477
1743491930.314640
1743491930.346748
1743491930.378472
1743491930.410759
1743491930.443052
1743491930.475301
1743491930.506904
1743491930.539285
1743491930.570944
1743491930.603019
1743491930.634478
1743491930.666748
1743491930.698720
1743491930.730748
1743491930.762884
1743491930.794962
1743491930.827014
1743491930.858854
1743491930.890836
1743491930.922788
1743491930.954939
1743491930.987070
1743491931.018836
1743491931.050838
1743491931.082775
1743491931.114803
1743491931.146762
1743491931.194768
1743491931.226820
1743491931.258887
1743491931.291086
1743491931.322919
1743491931.354959
1743491931.387334
1743491931.419117
1743491931.450663
1743491931.481900
1743491931.515369
1743491931.546632
1743491931.578894
1743491931.611078
1743491931.642754
1743491931.675277
1743491931.707000
1743491931.739170
1743491931.771458
1743491931.803076
1743491931.835141
1743491931.866614
1743491931.898615
1743491931.930041
1743491931.946636
1743491931.978688
1743491932.010887
1743491932.042339
1743491932.058330
1743491932.091080
1743491932.123366
1743491932.170693
1743491932.202757
1743491932.234339
1743491932.266725
1743491932.298596
1743491932.314514
1743491932.346643
1743491932.378832
1743491932.410959
1743491932.443129
1743491932.490872
1743491932.522700
1743491932.554671
1743491932.587082
1743491932.619264
1743491932.650394
1743491932.682576
1743491932.714537
1743491932.730578
1743491932.746581
1743491932.778556
1743491932.811184
1743491932.842823
1743491932.874779
1743491932.906562
1743491932.938962
1743491932.970734
1743491933.002876
1743491933.034442
1743491933.050369
1743491933.082558
1743491933.098598
1743491933.146392
1743491933.178633
1743491933.209847
1743491933.226545
1743491933.258931
1743491933.290942
1743491933.322695
1743491933.355103
1743491933.386970
1743491933.418563
1743491933.466653
1743491933.498700
1743491933.530398
1743491933.562523
1743491933.594684
1743491933.627139
1743491933.658749
1743491933.691041
1743491933.722511
1743491933.755215
1743491933.787275
1743491933.818792
1743491933.850103
1743491933.866313
1743491933.898653
1743491933.930375
1743491933.962108
1743491933.978133
1743491933.994429
1743491934.010515
1743491934.042965
1743491934.075067
1743491934.122650
1743491934.154981
1743491934.186381
1743491934.218923
1743491934.250380
1743491934.282395
1743491934.314715
1743491934.346624
1743491934.378792
1743491934.411072
1743491934.443266
1743491934.474909
1743491934.506956
1743491934.539063
1743491934.570852
1743491934.602915
1743491934.634622
1743491934.666794
1743491934.698183
1743491934.714814
1743491934.762387
1743491934.794601
1743491934.826238
1743491934.858721
1743491934.890875
1743491934.923179
1743491934.954834
1743491934.987121
1743491935.018841
1743491935.050687
1743491935.098382
1743491935.130379
1743491935.162496
1743491935.194482
1743491935.226975
1743491935.258785
1743491935.291019
1743491935.322724
1743491935.354975
1743491935.386966
1743491935.418954
1743491935.450453
1743491935.482441
1743491935.514212
1743491935.530297
1743491935.546323
1743491935.578707
1743491935.610817
1743491935.642829
1743491935.674874
1743491935.706625
1743491935.738971
1743491935.770771
1743491935.802917
1743491935.834316
1743491935.866466
1743491935.882447
1743491935.898543
1743491935.930283
1743491935.946433
1743491935.978783
1743491936.010782
1743491936.042779
1743491936.074841
1743491936.106647
1743491936.138772
1743491936.170672
1743491936.202745
1743491936.234690
1743491936.266440
1743491936.298602
1743491936.330573
1743491936.362652
1743491936.395024
1743491936.426880
1743491936.458692
1743491936.490834
1743491936.522813
1743491936.554759
1743491936.587017
1743491936.618865
1743491936.650712
1743491936.682457
1743491936.714951
1743491936.746180
1743491936.778478
1743491936.810193
1743491936.842985
1743491936.874880
1743491936.906664
1743491936.938712
1743491936.971049
1743491937.003250
1743491937.050988
1743491937.081823
1743491937.098201
1743491937.130458
1743491937.162488
1743491937.194664
1743491937.226748
1743491937.258968
1743491937.290856
1743491937.322942
1743491937.370856
1743491937.402554
1743491937.434287
1743491937.466383
1743491937.498356
1743491937.530252
1743491937.546444
1743491937.578551
1743491937.610763
1743491937.642774
1743491937.690637
1743491937.722310
1743491937.737886
1743491937.754147
1743491937.770176
1743491937.786258
1743491937.818497
1743491937.850250
1743491937.882581
1743491937.914150
1743491937.930375
1743491937.962646
1743491937.994824
1743491938.026954
1743491938.058759
1743491938.090565
1743491938.122610
1743491938.154874
1743491938.186849
1743491938.218730
1743491938.250439
1743491938.282476
1743491938.298497
1743491938.346279
1743491938.378587
1743491938.410572
1743491938.442711
1743491938.474766
1743491938.506887
1743491938.538297
1743491938.571103
1743491938.603032
1743491938.634535
1743491938.666240
1743491938.698175
1743491938.730251
1743491938.762445
1743491938.794661
1743491938.826619
1743491938.858926
1743491938.890935
1743491938.923034
1743491938.954775
1743491939.002563
1743491939.034492
1743491939.066136
1743491939.082088
1743491939.098414
1743491939.130337
1743491939.162669
1743491939.194660
1743491939.226640
1743491939.258838
1743491939.291049
1743491939.322878
1743491939.354537
1743491939.386618
1743491939.418957
1743491939.450378
1743491939.482263
1743491939.514238
1743491939.546516
1743491939.578716
1743491939.610565
1743491939.642646
1743491939.674466
1743491939.706675
1743491939.738553
1743491939.770588
1743491939.802105
1743491939.834194
1743491939.866321
1743491939.898412
1743491939.930345
1743491939.946278
1743491939.978898
1743491940.010636
1743491940.042521
1743491940.074736
1743491940.106664
1743491940.138646
1743491940.170554
1743491940.202504
1743491940.234464
1743491940.266470
1743491940.298786
1743491940.330157
1743491940.362312
1743491940.394425
1743491940.426537
1743491940.458901
1743491940.490618
1743491940.522743
1743491940.554111
1743491940.587054
1743491940.618787
1743491940.650026
1743491940.682079
1743491940.698138
1743491940.730215
1743491940.762411
1743491940.794452
1743491940.826653
1743491940.858655
1743491940.890699
1743491940.922701
1743491940.954580
1743491940.986468
1743491941.018481
1743491941.050545
1743491941.082192
1743491941.098302
1743491941.130246
1743491941.162579
1743491941.194137
1743491941.227006
1743491941.274406
1743491941.306530
1743491941.338534
1743491941.370483
1743491941.402434
1743491941.434298
1743491941.466640
1743491941.498437
1743491941.530484
1743491941.562644
1743491941.594520
1743491941.626634
1743491941.658800
1743491941.690288
1743491941.722542
1743491941.754171
1743491941.769821
1743491941.786199
1743491941.819001
1743491941.850214
1743491941.866319
1743491941.898443
1743491941.930642
1743491941.961737
1743491941.977798
1743491941.994348
1743491942.026619
1743491942.058005
1743491942.090534
1743491942.122765
1743491942.154622
1743491942.186562
1743491942.218746
1743491942.250592
1743491942.282093
1743491942.314036
1743491942.330153
1743491942.362409
1743491942.394560
1743491942.426445
1743491942.458642
1743491942.490765
1743491942.522653
1743491942.570519
1743491942.602518
1743491942.634267
1743491942.650112
1743491942.681753
1743491942.698107
1743491942.730527
1743491942.762343
1743491942.794113
1743491942.826652
1743491942.858834
1743491942.906368
1743491942.937840
1743491942.970532
1743491943.002547
1743491943.034117
1743491943.066342
1743491943.098239
1743491943.130082
1743491943.146168
1743491943.178620
1743491943.226539
1743491943.258278
1743491943.290540
1743491943.322417
1743491943.354563
1743491943.386620
1743491943.418632
1743491943.450217
1743491943.482476
1743491943.514391
1743491943.546679
1743491943.578346
1743491943.610353
1743491943.642536
1743491943.674615
1743491943.706663
1743491943.738431
1743491943.770589
1743491943.802581
1743491943.834445
1743491943.881899
1743491943.914205
1743491943.946136
1743491943.978036
1743491944.010699
1743491944.042406
1743491944.074502
1743491944.106509
1743491944.138664
1743491944.170735
1743491944.202740
1743491944.234325
1743491944.266128
1743491944.298203
1743491944.330237
1743491944.362340
1743491944.394565
1743491944.426558
1743491944.458558
1743491944.490507
1743491944.522658
1743491944.554607
1743491944.586466
1743491944.618065
1743491944.650294
1743491944.682173
1743491944.714009
1743491944.746122
1743491944.778657
1743491944.810635
1743491944.858519
1743491944.890082
1743491944.922619
1743491944.954587
1743491944.986474
1743491945.018634
1743491945.050392
1743491945.082198
1743491945.098166
1743491945.130481
1743491945.178078
1743491945.210682
1743491945.242575
1743491945.274511
1743491945.306522
1743491945.338759
1743491945.370331
1743491945.403077
1743491945.434525
1743491945.466560
1743491945.498623
1743491945.529890
1743491945.546024
1743491945.578397
1743491945.610481
1743491945.642272
1743491945.674678
1743491945.706541
1743491945.738557
1743491945.770246
1743491945.802910
1743491945.834443
1743491945.865907
1743491945.897698
1743491945.914120
1743491945.945994
1743491945.961946
1743491945.994347
1743491946.026341
1743491946.058529
1743491946.090635
1743491946.122500
1743491946.154647
1743491946.186602
1743491946.218511
1743491946.250239
1743491946.282167
1743491946.314097
1743491946.346577
1743491946.378250
1743491946.410470
1743491946.442657
1743491946.474691
1743491946.506361
1743491946.538502
1743491946.570409
1743491946.602442
1743491946.634126
1743491946.665992
1743491946.698073
1743491946.714102
1743491946.730168
1743491946.746217
1743491946.778607
1743491946.810376
1743491946.842443
1743491946.874352
1743491946.906678
1743491946.938239
1743491946.970308
1743491947.002473
1743491947.034340
1743491947.066212
1743491947.098238
1743491947.130623
1743491947.162280
1743491947.194194
1743491947.226442
1743491947.258496
1743491947.290614
1743491947.321693
1743491947.338115
1743491947.354161
1743491947.386572
1743491947.418695
1743491947.450573
1743491947.481792
1743491947.497892
1743491947.514042
1743491947.545959
1743491947.578575
1743491947.610397
1743491947.642332
1743491947.674517
1743491947.706725
1743491947.738575
1743491947.786537
1743491947.818015
1743491947.833939
1743491947.850017
1743491947.866050
1743491947.897796
1743491947.913952
1743491947.946101
1743491947.978452
1743491948.009181
1743491948.025919
1743491948.042076
1743491948.058228
1743491948.106444
1743491948.138301
1743491948.170451
1743491948.202285
1743491948.234355
1743491948.266199
1743491948.297925
1743491948.313968
1743491948.330187
1743491948.362365
1743491948.394490
1743491948.426344
1743491948.458861
1743491948.490194
1743491948.522283
1743491948.554280
1743491948.586504
1743491948.618588
1743491948.650178
1743491948.682255
1743491948.714063
1743491948.730839
1743491948.762465
1743491948.794100
1743491948.826167
1743491948.858047
1743491948.890472
1743491948.922343
1743491948.954460
1743491948.986418
1743491949.018523
1743491949.050255
1743491949.082529
1743491949.113740
1743491949.129863
1743491949.161902
1743491949.194184
1743491949.226354
1743491949.258753
1743491949.290567
1743491949.322526
1743491949.354425
1743491949.402215
1743491949.434194
1743491949.465882
1743491949.498040
1743491949.530219
1743491949.562239
1743491949.594190
1743491949.626329
1743491949.658742
1743491949.690532
1743491949.738169
1743491949.770111
1743491949.802104
1743491949.833904
1743491949.849818
1743491949.865882
1743491949.897830
1743491949.913947
1743491949.930088
1743491949.962081
1743491949.994051
1743491950.026665
1743491950.058748
1743491950.090279
1743491950.122104
1743491950.154293
1743491950.186407
1743491950.218482
1743491950.250353
1743491950.282112
1743491950.314170
1743491950.346402
1743491950.378509
1743491950.410290
1743491950.442474
1743491950.474445
1743491950.506317
1743491950.538235
1743491950.570395
1743491950.602307
1743491950.634205
1743491950.666153
1743491950.682132
1743491950.714572
1743491950.745467
1743491950.761687
1743491950.777757
1743491950.793835
1743491950.826155
1743491950.858352
1743491950.890486
1743491950.922374
1743491950.954436
1743491950.986400
1743491951.018443
1743491951.050600
1743491951.081720
1743491951.097945
1743491951.129998
1743491951.146128
1743491951.178130
1743491951.209989
1743491951.242243
1743491951.274507
1743491951.306328
1743491951.354171
1743491951.386338
1743491951.418284
1743491951.450025
1743491951.481992
1743491951.514096
1743491951.546019
1743491951.578173
1743491951.610400
1743491951.642367
1743491951.690221
1743491951.721877
1743491951.754207
1743491951.786298
1743491951.818501
1743491951.850084
1743491951.865866
1743491951.897947
1743491951.930170
1743491951.962376
1743491951.994329
1743491952.026534
1743491952.058423
1743491952.090283
1743491952.122358
1743491952.154329
1743491952.186464
1743491952.218173
1743491952.250147
1743491952.281957
1743491952.298020
1743491952.330522
1743491952.361971
1743491952.394107
1743491952.426158
1743491952.458104
1743491952.490324
1743491952.522417
1743491952.554316
1743491952.586105
1743491952.618468
1743491952.665899
1743491952.697887
1743491952.729315
1743491952.745773
1743491952.761917
1743491952.793984
1743491952.825946
1743491952.858588
1743491952.890283
1743491952.922372
1743491952.954369
1743491953.002407
1743491953.034161
1743491953.065700
1743491953.097940
1743491953.130102
1743491953.162085
1743491953.194096
1743491953.226378
1743491953.258367
1743491953.306105
1743491953.338096
1743491953.370135
1743491953.402387
1743491953.434050
1743491953.465939
1743491953.497850
1743491953.513917
1743491953.546016
1743491953.562119
1743491953.594375
1743491953.641871
1743491953.674163
1743491953.706220
1743491953.738118
1743491953.770584
1743491953.802186
1743491953.833983
1743491953.865756
1743491953.881965
1743491953.898212
1743491953.929952
1743491953.977681
1743491954.010248
1743491954.042180
1743491954.074253
1743491954.106066
1743491954.138211
1743491954.170139
1743491954.202584
1743491954.234197
1743491954.281607
1743491954.313682
1743491954.345683
1743491954.378060
1743491954.410330
1743491954.442278
1743491954.474210
1743491954.506456
1743491954.538280
1743491954.570340
1743491954.618005
1743491954.649320
1743491954.665643
1743491954.697948
1743491954.729824
1743491954.761770
1743491954.794013
1743491954.826146
1743491954.858451
1743491954.890256
1743491954.922354
1743491954.954257
1743491954.986018
1743491955.018165
1743491955.050024
1743491955.081854
1743491955.113929
1743491955.145759
1743491955.178169
1743491955.210435
1743491955.257917
1743491955.290124
1743491955.322177
1743491955.353992
1743491955.386087
1743491955.418260
1743491955.450140
1743491955.482019
1743491955.514124
1743491955.545953
1743491955.593742
1743491955.625971
1743491955.658015
1743491955.690270
1743491955.722158
1743491955.754119
1743491955.786368
1743491955.817968
1743491955.850041
1743491955.882029
1743491955.898033
1743491955.930359
1743491955.961753
1743491955.993947
1743491956.026159
1743491956.058478
1743491956.090233
1743491956.122134
1743491956.154269
1743491956.186510
1743491956.218332
1743491956.250153
1743491956.281577
1743491956.297921
1743491956.329793
1743491956.361896
1743491956.393926
1743491956.425945
1743491956.458264
1743491956.490330
1743491956.522285
1743491956.570335
1743491956.601952
1743491956.633593
1743491956.649622
1743491956.682067
1743491956.713337
1743491956.745804
1743491956.778015
1743491956.810330
1743491956.842395
1743491956.874525
1743491956.906645
1743491956.937970
1743491956.970554
1743491957.001968
1743491957.033730
1743491957.065776
1743491957.097703
1743491957.129706
1743491957.145793
1743491957.162075
1743491957.209770
1743491957.241880
1743491957.274141
1743491957.306101
1743491957.338074
1743491957.370083
1743491957.402553
1743491957.434260
1743491957.465924
1743491957.497896
1743491957.545844
1743491957.577952
1743491957.609987
1743491957.642015
1743491957.674148
1743491957.706059
1743491957.738323
1743491957.768995
1743491957.802110
1743491957.834908
1743491957.881930
1743491957.913737
1743491957.945620
1743491957.978025
1743491958.010234
1743491958.042317
1743491958.074276
1743491958.106203
1743491958.138104
1743491958.185935
1743491958.218131
1743491958.249665
1743491958.281774
1743491958.313524
1743491958.329676
1743491958.361930
1743491958.393861
1743491958.426380
1743491958.458440
1743491958.490201
1743491958.522395
1743491958.554076
1743491958.586025
1743491958.617925
1743491958.650003
1743491958.681665
1743491958.697639
1743491958.729812
1743491958.761936
1743491958.794123
1743491958.826145
1743491958.858332
1743491958.890018
1743491958.922090
1743491958.954090
1743491958.986190
1743491959.017972
1743491959.049856
1743491959.081912
1743491959.113878
1743491959.146051
1743491959.177887
1743491959.209824
1743491959.242175
1743491959.274078
1743491959.306315
1743491959.338069
1743491959.370155
1743491959.402127
1743491959.434243
1743491959.465949
1743491959.498181
1743491959.529625
1743491959.561784
1743491959.594081
1743491959.625881
1743491959.658014
1743491959.689948
1743491959.722052
1743491959.754130
1743491959.786420
1743491959.833949
1743491959.865517
1743491959.881500
1743491959.897631
1743491959.913706
1743491959.945744
1743491959.978043
1743491960.010184
1743491960.041771
1743491960.074451
1743491960.106274
1743491960.154011
1743491960.185746
1743491960.218141
1743491960.249775
1743491960.281504
1743491960.313729
1743491960.345952
1743491960.377933
1743491960.410186
1743491960.442085
1743491960.474409
1743491960.505956
1743491960.537969
1743491960.569928
1743491960.602095
1743491960.633649
1743491960.649625
1743491960.681228
1743491960.697638
1743491960.729917
1743491960.762034
1743491960.809579
1743491960.841918
1743491960.873978
1743491960.905884
1743491960.937821
1743491960.970286
1743491961.002094
1743491961.033955
1743491961.066092
1743491961.098133
1743491961.129994
1743491961.161548
1743491961.193885
1743491961.226027
1743491961.257915
1743491961.289907
1743491961.322361
1743491961.354181
1743491961.386284
1743491961.418446
1743491961.450180
1743491961.481339
1743491961.497565
1743491961.513521
1743491961.545688
1743491961.577798
1743491961.609827
1743491961.641983
1743491961.674096
1743491961.706145
1743491961.738085
1743491961.785553
1743491961.817942
1743491961.850010
1743491961.881877
1743491961.913727
1743491961.929634
1743491961.961747
1743491961.993897
1743491962.025981
1743491962.057737
1743491962.105685
1743491962.137821
1743491962.169740
1743491962.201498
1743491962.233778
1743491962.265812
1743491962.297892
1743491962.329591
1743491962.362057
1743491962.394157
1743491962.426373
1743491962.457615
1743491962.489891
1743491962.522043
1743491962.554005
1743491962.585942
1743491962.618115
1743491962.649750
1743491962.681668
1743491962.713780
1743491962.761238
1743491962.793788
1743491962.825898
1743491962.857320
1743491962.890184
1743491962.921959
1743491962.954034
1743491962.985950
1743491963.018102
1743491963.049635
1743491963.081908
1743491963.113521
1743491963.145666
1743491963.177795
1743491963.210056
1743491963.241950
1743491963.274064
1743491963.306046
1743491963.338121
1743491963.370302
1743491963.402144
1743491963.433762
1743491963.465765
1743491963.497661
1743491963.529568
1743491963.561830
1743491963.593886
1743491963.625943
1743491963.657967
1743491963.690175
1743491963.737787
1743491963.769688
1743491963.801905
1743491963.833767
1743491963.865445
1743491963.897629
1743491963.929586
1743491963.945430
1743491963.961645
1743491963.994103
1743491964.026053
1743491964.058201
1743491964.089890
1743491964.121979
1743491964.153921
1743491964.185949
1743491964.217930
1743491964.249849
1743491964.281484
1743491964.297621
1743491964.313729
1743491964.345849
1743491964.378127
1743491964.409847
1743491964.442038
1743491964.473878
1743491964.505937
1743491964.537954
1743491964.569920
1743491964.602058
1743491964.633724
1743491964.665830
1743491964.713684
1743491964.745454
1743491964.777828
1743491964.809861
1743491964.841979
1743491964.873964
1743491964.905908
1743491964.937986
1743491964.970095
1743491965.001936
1743491965.034076
1743491965.065120
1743491965.081362
1743491965.097539
1743491965.129342
1743491965.145493
1743491965.177768
1743491965.209578
1743491965.225560
1743491965.258200
1743491965.290084
1743491965.322071
1743491965.353998
1743491965.385365
1743491965.401407
1743491965.433633
1743491965.465390
1743491965.497396
1743491965.513487
1743491965.545556
1743491965.577836
1743491965.609916
1743491965.642310
1743491965.689567
1743491965.721867
1743491965.753757
1743491965.785879
1743491965.817911
1743491965.849611
1743491965.881569
1743491965.913759
1743491965.945792
1743491965.961539
1743491965.977658
1743491966.010406
1743491966.041880
1743491966.074042
1743491966.105138
1743491966.138074
1743491966.169749
1743491966.201912
1743491966.233643
1743491966.265818
1743491966.297644
1743491966.329951
1743491966.361512
1743491966.393737
1743491966.425750
1743491966.457935
1743491966.489863
1743491966.521986
1743491966.553883
1743491966.585900
1743491966.617861
1743491966.665458
1743491966.697269
1743491966.729410
1743491966.761075
1743491966.777509
1743491966.809877
1743491966.842173
1743491966.873393
1743491966.906144
1743491966.938235
1743491966.985672
1743491967.017518
1743491967.049715
1743491967.081238
1743491967.097354
1743491967.129425
1743491967.161511
1743491967.193685
1743491967.226492
1743491967.257759
1743491967.305576
1743491967.338004
1743491967.369575
1743491967.401530
1743491967.433688
1743491967.465587
1743491967.497477
1743491967.529537
1743491967.561799
1743491967.593859
1743491967.641607
1743491967.673668
1743491967.705751
1743491967.737947
1743491967.769666
1743491967.801940
1743491967.833583
1743491967.865678
1743491967.897717
1743491967.929588
1743491967.962316
1743491967.993560
1743491968.025668
1743491968.057349
1743491968.089792
1743491968.121697
1743491968.154032
1743491968.185426
1743491968.218012
1743491968.249705
1743491968.281790
1743491968.313126
1743491968.329345
1743491968.361428
1743491968.393659
1743491968.425742
1743491968.456527
1743491968.472876
1743491968.505469
1743491968.521662
1743491968.554134
1743491968.586317
1743491968.617996
1743491968.648862
1743491968.665305
1743491968.697704
1743491968.729447
1743491968.761147
1743491968.793536
1743491968.825771
1743491968.857828
1743491968.889796
1743491968.937598
1743491968.969550
1743491969.001869
1743491969.033988
1743491969.065572
1743491969.097515
1743491969.129406
1743491969.161538
1743491969.193809
1743491969.226105
1743491969.257856
1743491969.289723
1743491969.321729
1743491969.353539
1743491969.385875
1743491969.417931
1743491969.449600
1743491969.481507
1743491969.497474
1743491969.513609
1743491969.545789
1743491969.593437
1743491969.625875
1743491969.657450
1743491969.689777
1743491969.721679
1743491969.753940
1743491969.785801
1743491969.817812
1743491969.849623
1743491969.881706
1743491969.913739
1743491969.945199
1743491969.977515
1743491970.009648
1743491970.041167
1743491970.073736
1743491970.105762
1743491970.137814
1743491970.169457
1743491970.201974
1743491970.234126
1743491970.265174
1743491970.297320
1743491970.329405
1743491970.361507
1743491970.393577
1743491970.425549
1743491970.457679
1743491970.489997
1743491970.521892
1743491970.569515
1743491970.601588
1743491970.633508
1743491970.665346
1743491970.696860
1743491970.713411
1743491970.745361
1743491970.777701
1743491970.809591
1743491970.841799
1743491970.889636
1743491970.921537
1743491970.953486
1743491970.985685
1743491971.017621
1743491971.049457
1743491971.081398
1743491971.113467
1743491971.145542
1743491971.177735
1743491971.210174
1743491971.241701
1743491971.273615
1743491971.305539
1743491971.337653
1743491971.369994
1743491971.401769
1743491971.433498
1743491971.465366
1743491971.497680
1743491971.544888
1743491971.561557
1743491971.593468
1743491971.609404
1743491971.641698
1743491971.673531
1743491971.705836
1743491971.737744
1743491971.769777
1743491971.802004
1743491971.834009
1743491971.865856
1743491971.897450
1743491971.929437
1743491971.961348
1743491971.993475
1743491972.008848
1743491972.025298
1743491972.057297
1743491972.089670
1743491972.121752
1743491972.153886
1743491972.185413
1743491972.217597
1743491972.249131
1743491972.265104
1743491972.297317
1743491972.329506
1743491972.361339
1743491972.377362
1743491972.393614
1743491972.425413
1743491972.458066
1743491972.489872
1743491972.521829
1743491972.553557
1743491972.585578
1743491972.617625
1743491972.649305
1743491972.681138
1743491972.697311
1743491972.729477
1743491972.761426
1743491972.793711
1743491972.841452
1743491972.873571
1743491972.905685
1743491972.937644
1743491972.969955
1743491973.002028
1743491973.033928
1743491973.065348
1743491973.097549
1743491973.129411
1743491973.161832
1743491973.193443
1743491973.225439
1743491973.257532
1743491973.289692
1743491973.321690
1743491973.353769
1743491973.385741
1743491973.418003
1743491973.449419
1743491973.497095
1743491973.529367
1743491973.561028
1743491973.593657
1743491973.625455
1743491973.657481
1743491973.689522
1743491973.721917
1743491973.753716
1743491973.785893
1743491973.817755
1743491973.849171
1743491973.881152
1743491973.913259
1743491973.945155
1743491973.977389
1743491974.009133
1743491974.024951
1743491974.057810
1743491974.089743
1743491974.137471
1743491974.169515
1743491974.201589
1743491974.233295
1743491974.264740
1743491974.281060
1743491974.297269
1743491974.313258
1743491974.345450
1743491974.377691
1743491974.409447
1743491974.441991
1743491974.473609
1743491974.505543
1743491974.537460
1743491974.569531
1743491974.601122
1743491974.617135
1743491974.649472
1743491974.681176
1743491974.713059
1743491974.729311
1743491974.745470
1743491974.761655
1743491974.793713
1743491974.825470
1743491974.857635
1743491974.889724
1743491974.921353
1743491974.953631
1743491974.985864
1743491975.017986
1743491975.049295
1743491975.081586
1743491975.113629
1743491975.145120
1743491975.177362
1743491975.208642
1743491975.225158
1743491975.257920
1743491975.289469
1743491975.321657
1743491975.353976
1743491975.385856
1743491975.417693
1743491975.449787
1743491975.481083
1743491975.513083
1743491975.545251
1743491975.577432
1743491975.609591
1743491975.641556
1743491975.673703
1743491975.705690
1743491975.737540
1743491975.769690
1743491975.801582
1743491975.833130
1743491975.865268
1743491975.897264
1743491975.928770
1743491975.945144
1743491975.977332
1743491976.009590
1743491976.041070
1743491976.089440
1743491976.121414
1743491976.153748
1743491976.185070
1743491976.217608
1743491976.249189
1743491976.265173
1743491976.297227
1743491976.329276
1743491976.345301
1743491976.377688
1743491976.425344
1743491976.457437
1743491976.489366
1743491976.521477
1743491976.552899
1743491976.585459
1743491976.617737
1743491976.649469
1743491976.681024
1743491976.697241
1743491976.744854
1743491976.777393
1743491976.809290
1743491976.841511
1743491976.873583
1743491976.905386
1743491976.937647
1743491976.970092
1743491977.001569
1743491977.033481
1743491977.065329
1743491977.096848
1743491977.113026
1743491977.129015
1743491977.161270
1743491977.193491
1743491977.225530
1743491977.257606
1743491977.289500
1743491977.321675
1743491977.353646
1743491977.401071
1743491977.433055
1743491977.465189
1743491977.496933
1743491977.529170
1743491977.561248
1743491977.593585
1743491977.625477
1743491977.657672
1743491977.689502
1743491977.721728
1743491977.753406
1743491977.785559
1743491977.817455
1743491977.849229
1743491977.881264
1743491977.913079
1743491977.945322
1743491977.977251
1743491978.009666
1743491978.041858
1743491978.072828
1743491978.105483
1743491978.137424
1743491978.169637
1743491978.201157
1743491978.233427
1743491978.265098
1743491978.281080
1743491978.313538
1743491978.345369
1743491978.377708
1743491978.409422
1743491978.441631
1743491978.473471
1743491978.505518
1743491978.537578
1743491978.569498
1743491978.601696
1743491978.633549
1743491978.665460
1743491978.697021
1743491978.729162
1743491978.761003
1743491978.793368
1743491978.824988
1743491978.857625
1743491978.889611
1743491978.921473
1743491978.953268
1743491978.985596
1743491979.017778
1743491979.049043
1743491979.080885
1743491979.097139
1743491979.129213
1743491979.161318
1743491979.193453
1743491979.225799
1743491979.257496
1743491979.289627
1743491979.321653
1743491979.353469
1743491979.385408
1743491979.417525
1743491979.449140
1743491979.481108
1743491979.497028
1743491979.513282
1743491979.545336
1743491979.577447
1743491979.609527
1743491979.641578
1743491979.673595
1743491979.705371
1743491979.737422
1743491979.769270
1743491979.801519
1743491979.833240
1743491979.865067
1743491979.897149
1743491979.928822
1743491979.945196
1743491979.992937
1743491980.025304
1743491980.056722
1743491980.089312
1743491980.121426
1743491980.153388
1743491980.185340
1743491980.216993
1743491980.249533
1743491980.281187
1743491980.328849
1743491980.361138
1743491980.393244
1743491980.425203
1743491980.457717
1743491980.489362
1743491980.520936
1743491980.553562
1743491980.585725
1743491980.617440
1743491980.648770
1743491980.680835
1743491980.696949
1743491980.728934
1743491980.761054
1743491980.793382
1743491980.825514
1743491980.857447
1743491980.889352
1743491980.921606
1743491980.969245
1743491981.001187
1743491981.032383
1743491981.064615
1743491981.081020
1743491981.097062
1743491981.129046
1743491981.145066
1743491981.161150
1743491981.193295
1743491981.225679
1743491981.257473
1743491981.305523
1743491981.337353
1743491981.369058
1743491981.401533
1743491981.433325
1743491981.465035
1743491981.497305
1743491981.529266
1743491981.561146
1743491981.593343
1743491981.625811
1743491981.657373
1743491981.689432
1743491981.721215
1743491981.753393
1743491981.785524
1743491981.817368
1743491981.849124
1743491981.881152
1743491981.913351
1743491981.945349
1743491981.977163
1743491982.008600
1743491982.024589
1743491982.057477
1743491982.089423
1743491982.120809
1743491982.153386
1743491982.185512
1743491982.217370
1743491982.249111
1743491982.281540
1743491982.312850
1743491982.328776
1743491982.360994
1743491982.393754
1743491982.425663
1743491982.457162
1743491982.489007
1743491982.521417
1743491982.553572
1743491982.600976
1743491982.632400
1743491982.648756
1743491982.680789
1743491982.696927
1743491982.729027
1743491982.761226
1743491982.793073
1743491982.825287
1743491982.857170
1743491982.889767
1743491982.921590
1743491982.953395
1743491982.985531
1743491983.017444
1743491983.048895
1743491983.081161
1743491983.112911
1743491983.145138
1743491983.177416
1743491983.209341
1743491983.257142
1743491983.289415
1743491983.321165
1743491983.353465
1743491983.385284
1743491983.417695
1743491983.449265
1743491983.480990
1743491983.513034
1743491983.545213
1743491983.577413
1743491983.609151
1743491983.641668
1743491983.673214
1743491983.705359
1743491983.737285
1743491983.769206
1743491983.801271
1743491983.833170
1743491983.865156
1743491983.897312
1743491983.928709
1743491983.944902
1743491983.977253
1743491984.008650
1743491984.024637
1743491984.057222
1743491984.089173
1743491984.120892
1743491984.153376
1743491984.185376
1743491984.233158
1743491984.264556
1743491984.280630
1743491984.297095
1743491984.328832
1743491984.360969
1743491984.393185
1743491984.425271
1743491984.457463
1743491984.489052
1743491984.521551
1743491984.553690
1743491984.585250
1743491984.617018
1743491984.648798
1743491984.681026
1743491984.712878
1743491984.744929
1743491984.777350
1743491984.809397
1743491984.841410
1743491984.873437
1743491984.905349
1743491984.937464
1743491984.969446
1743491985.000988
1743491985.033130
1743491985.064787
1743491985.097057
1743491985.129027
1743491985.145112
1743491985.177315
1743491985.209498
1743491985.241077
1743491985.273455
1743491985.305214
1743491985.337328
1743491985.369049
1743491985.401354
1743491985.432922
1743491985.465052
1743491985.497036
1743491985.529468
1743491985.560894
1743491985.592999
1743491985.625077
1743491985.657263
1743491985.689262
1743491985.721490
1743491985.753227
1743491985.785366
1743491985.817403
1743491985.849439
1743491985.880804
1743491985.912774
1743491985.928968
1743491985.961115
1743491985.993209
1743491986.025340
1743491986.057440
1743491986.089455
1743491986.121079
1743491986.153687
1743491986.185440
1743491986.217107
1743491986.248275
1743491986.264759
1743491986.296906
1743491986.329022
1743491986.360726
1743491986.393367
1743491986.425411
1743491986.457387
1743491986.505086
1743491986.537277
1743491986.569155
1743491986.601206
1743491986.633129
1743491986.664776
1743491986.696716
1743491986.712867
1743491986.744690
1743491986.760913
1743491986.793248
1743491986.825549
1743491986.856483
1743491986.889240
1743491986.921060
1743491986.953320
1743491986.985300
1743491987.017382
1743491987.048944
1743491987.080854
1743491987.113000
1743491987.160757
1743491987.192808
1743491987.225561
1743491987.256748
1743491987.289335
1743491987.321279
1743491987.353408
1743491987.385029
1743491987.417670
1743491987.449028
1743491987.481276
1743491987.512887
1743491987.544855
1743491987.577058
1743491987.609079
1743491987.641299
1743491987.673186
1743491987.705150
1743491987.737251
1743491987.769332
1743491987.801398
1743491987.833155
1743491987.864900
1743491987.897063
1743491987.928686
1743491987.944716
1743491987.960711
1743491987.992931
1743491988.024787
1743491988.057402
1743491988.089356
1743491988.137075
1743491988.169173
1743491988.201126
1743491988.216487
1743491988.232594
1743491988.248672
1743491988.264639
1743491988.280784
1743491988.296866
1743491988.312888
1743491988.328870
1743491988.344840
1743491988.361081
1743491988.377093
1743491988.392819
1743491988.408930
1743491988.424909
1743491988.457601
1743491988.488623
1743491988.504332
1743491988.520600
1743491988.536588
1743491988.552754
1743491988.568868
1743491988.584754
1743491988.600694
1743491988.616815
1743491988.632716
1743491988.648821
1743491988.664731
1743491988.680862
1743491988.696886
1743491988.712848
1743491988.728875
1743491988.744832
1743491988.777362
1743491988.808968
1743491988.841306
1743491988.872902
1743491988.905193
1743491988.937217
1743491988.969101
1743491989.001519
1743491989.033167
1743491989.048799
1743491989.064914
1743491989.080942
1743491989.113350
1743491989.144634
1743491989.160536
1743491989.176670
1743491989.192680
1743491989.208653
1743491989.224656
1743491989.240650
1743491989.256658
1743491989.272734
1743491989.288639
1743491989.304789
1743491989.320660
1743491989.336810
1743491989.352747
1743491989.368789
1743491989.384897
1743491989.400842
1743491989.433326
1743491989.464803
1743491989.480703
1743491989.496793
1743491989.512649
1743491989.528579
1743491989.544669
1743491989.560662
1743491989.576898
1743491989.592749
1743491989.608788
1743491989.624712
1743491989.640678
1743491989.656772
1743491989.672862
1743491989.688845
1743491989.704786
1743491989.720825
1743491989.753433
1743491989.785109
1743491989.800560
1743491989.816575
1743491989.832655
1743491989.848638
1743491989.864568
1743491989.880654
1743491989.896947
1743491989.912797
1743491989.928756
1743491989.944744
1743491989.960745
1743491989.976710
1743491989.992788
1743491990.008787
1743491990.024829
1743491990.040855
1743491990.056846
1743491990.089264
1743491990.121234
1743491990.152969
1743491990.185061
1743491990.216414
1743491990.232532
1743491990.248616
1743491990.264718
1743491990.280696
1743491990.297048
1743491990.312894
1743491990.328777
1743491990.344936
1743491990.360937
1743491990.376862
1743491990.409475
1743491990.440590
1743491990.456261
1743491990.472521
1743491990.488535
1743491990.504558
1743491990.520622
1743491990.536555
1743491990.552621
1743491990.568675
1743491990.584658
1743491990.600749
1743491990.616706
1743491990.632638
1743491990.648775
1743491990.664796
1743491990.680810
1743491990.697169
1743491990.729267
1743491990.760641
1743491990.776250
1743491990.792558
1743491990.808593
1743491990.824726
1743491990.840624
1743491990.856751
1743491990.872769
1743491990.888650
1743491990.904652
1743491990.920634
1743491990.936675
1743491990.952645
1743491990.968730
1743491990.984821
1743491991.000758
1743491991.016966
1743491991.064421
1743491991.080452
1743491991.096756
1743491991.112797
1743491991.128605
1743491991.144619
1743491991.160731
1743491991.176679
1743491991.192621
1743491991.208731
1743491991.224730
1743491991.240688
1743491991.256650
1743491991.272825
1743491991.288770
1743491991.304793
1743491991.320793
1743491991.336809
1743491991.353003
1743491991.385233
1743491991.417009
1743491991.432567
1743491991.448567
1743491991.464610
1743491991.480626
1743491991.496782
1743491991.512639
1743491991.528644
1743491991.544645
1743491991.560699
1743491991.576781
1743491991.592654
1743491991.608752
1743491991.624730
1743491991.640829
1743491991.656956
1743491991.672820
1743491991.705285
1743491991.737141
1743491991.768967
1743491991.801395
1743491991.832481
1743491991.848484
1743491991.864579
1743491991.880641
1743491991.896735
1743491991.912811
1743491991.928886
1743491991.944709
1743491991.960853
1743491991.976901
1743491991.992915
1743491992.008790
1743491992.040878
1743491992.073196
1743491992.104929
1743491992.120320
1743491992.136508
1743491992.152590
1743491992.168562
1743491992.184489
1743491992.200650
1743491992.216716
1743491992.232743
1743491992.248615
1743491992.264601
1743491992.280659
1743491992.296786
1743491992.312839
1743491992.328902
1743491992.361172
1743491992.392842
1743491992.408250
1743491992.424585
1743491992.440564
1743491992.456631
1743491992.472708
1743491992.488671
1743491992.504676
1743491992.520818
1743491992.536687
1743491992.552700
1743491992.568637
1743491992.584598
1743491992.600743
1743491992.616786
1743491992.632734
1743491992.648775
1743491992.681309
1743491992.712357
1743491992.728462
1743491992.744621
1743491992.760555
1743491992.776592
1743491992.792597
1743491992.808826
1743491992.824637
1743491992.840607
1743491992.856665
1743491992.872695
1743491992.888717
1743491992.904777
1743491992.920695
1743491992.936744
1743491992.952764
1743491992.968838
1743491992.984731
1743491993.016378
1743491993.032383
1743491993.048535
1743491993.064518
1743491993.080628
1743491993.096723
1743491993.112644
1743491993.128698
1743491993.144639
1743491993.160681
1743491993.176710
1743491993.192620
1743491993.208672
1743491993.224654
1743491993.240811
1743491993.256687
1743491993.272775
1743491993.288805
1743491993.304752
1743491993.337368
1743491993.368253
1743491993.384462
1743491993.400482
1743491993.416586
1743491993.432535
1743491993.448553
1743491993.464556
1743491993.480607
1743491993.496673
1743491993.512797
1743491993.528655
1743491993.544663
1743491993.560926
1743491993.576783
1743491993.592696
1743491993.608715
1743491993.624689
1743491993.657457
1743491993.688848
1743491993.721160
1743491993.752634
1743491993.768269
1743491993.784548
1743491993.800530
1743491993.816552
1743491993.832550
1743491993.848508
1743491993.864558
1743491993.880721
1743491993.896833
1743491993.912865
1743491993.928752
1743491993.944727
1743491993.960939
1743491993.993047
1743491994.024809
1743491994.056682
1743491994.072168
1743491994.088455
1743491994.104407
1743491994.120500
1743491994.136553
1743491994.152473
1743491994.168495
1743491994.184558
1743491994.200641
1743491994.216723
1743491994.232625
1743491994.248651
1743491994.264780
1743491994.280745
1743491994.313059
1743491994.344263
1743491994.360348
1743491994.376284
1743491994.392475
1743491994.408459
1743491994.424642
1743491994.440722
1743491994.456545
1743491994.472625
1743491994.488604
1743491994.504635
1743491994.520738
1743491994.536749
1743491994.552718
1743491994.568698
1743491994.584734
1743491994.600697
1743491994.633338
1743491994.664511
1743491994.680488
1743491994.696658
1743491994.712574
1743491994.728503
1743491994.744501
1743491994.760700
1743491994.776673
1743491994.792525
1743491994.808531
1743491994.824581
1743491994.840623
1743491994.856602
1743491994.872706
1743491994.888707
1743491994.904714
1743491994.920645
1743491994.936657
1743491994.968889
1743491995.000928
1743491995.016491
1743491995.032404
1743491995.048627
1743491995.064411
1743491995.080540
1743491995.096648
1743491995.112602
1743491995.128577
1743491995.144662
1743491995.160838
1743491995.176565
1743491995.192657
1743491995.208613
1743491995.224609
1743491995.240750
1743491995.256754
1743491995.289407
1743491995.321032
1743491995.352321
1743491995.368129
1743491995.384394
1743491995.400360
1743491995.416618
1743491995.432626
1743491995.448609
1743491995.464506
1743491995.480600
1743491995.496711
1743491995.512663
1743491995.528576
1743491995.544804
1743491995.560777
1743491995.576662
1743491995.609330
1743491995.640226
1743491995.656038
1743491995.672361
1743491995.688442
1743491995.704458
1743491995.720426
1743491995.736381
1743491995.752462
1743491995.768570
1743491995.784595
1743491995.800492
1743491995.816580
1743491995.832576
1743491995.848650
1743491995.864616
1743491995.880632
1743491995.896974
1743491995.912820
1743491995.945252
1743491995.976809
1743491996.008370
1743491996.024077
1743491996.040413
1743491996.056410
1743491996.072474
1743491996.088480
1743491996.104486
1743491996.120506
1743491996.136603
1743491996.152612
1743491996.168526
1743491996.184557
1743491996.200312
1743491996.216713
1743491996.232661
1743491996.265109
1743491996.296131
1743491996.312409
1743491996.328504
1743491996.344380
1743491996.360537
1743491996.376541
1743491996.392467
1743491996.408437
1743491996.424466
1743491996.440489
1743491996.456581
1743491996.472580
1743491996.488613
1743491996.504576
1743491996.520610
1743491996.536635
1743491996.552818
1743491996.585280
1743491996.616788
1743491996.632342
1743491996.648413
1743491996.664434
1743491996.680467
1743491996.696493
1743491996.712582
1743491996.728693
1743491996.744558
1743491996.760567
1743491996.776583
1743491996.792523
1743491996.808500
1743491996.824547
1743491996.840741
1743491996.856665
1743491996.872655
1743491996.888607
1743491996.920659
1743491996.936143
1743491996.952341
1743491996.968333
1743491996.984483
1743491997.000480
1743491997.016654
1743491997.032418
1743491997.048474
1743491997.064522
1743491997.080482
1743491997.095948
1743491997.111714
1743491997.128905
1743491997.144760
1743491997.160784
1743491997.176640
1743491997.192542
1743491997.208803
1743491997.241120
1743491997.272250
1743491997.288125
1743491997.304625
1743491997.320662
1743491997.336497
1743491997.352583
1743491997.368466
1743491997.384448
1743491997.400467
1743491997.416559
1743491997.432590
1743491997.448694
1743491997.464758
1743491997.480660
1743491997.496796
1743491997.512760
1743491997.528741
1743491997.561337
1743491997.592101
1743491997.608079
1743491997.624285
1743491997.640342
1743491997.656399
1743491997.672489
1743491997.688456
1743491997.704509
1743491997.720429
1743491997.736585
1743491997.752527
1743491997.768669
1743491997.784570
1743491997.800713
1743491997.816808
1743491997.832692
1743491997.848731
1743491997.864891
1743491997.896953
1743491997.912428
1743491997.928480
1743491997.944604
1743491997.960669
1743491997.976584
1743491997.992453
1743491998.008428
1743491998.024396
1743491998.040543
1743491998.056571
1743491998.072599
1743491998.088683
1743491998.104461
1743491998.120609
1743491998.136578
1743491998.152684
