1743582000.856340
1743582000.936999
1743582000.968683
1743582001.000537
1743582001.032915
1743582001.049100
1743582001.080375
1743582001.112812
1743582001.144992
1743582001.161075
1743582001.192881
1743582001.224570
1743582001.241039
1743582001.258476
1743582001.288451
1743582001.304754
1743582001.336947
1743582001.369055
1743582001.401170
1743582001.432937
1743582001.449274
1743582001.480636
1743582001.513062
1743582001.544834
1743582001.577016
1743582001.609092
1743582001.641464
1743582001.673322
1743582001.705758
1743582001.737666
1743582001.769802
1743582001.802816
1743582001.834571
1743582001.865648
1743582001.897745
1743582001.930054
1743582001.962321
1743582001.993848
1743582002.026560
1743582002.057626
1743582002.089753
1743582002.122277
1743582002.152722
1743582002.184588
1743582002.217256
1743582002.233156
1743582002.264807
1743582002.281160
1743582002.313005
1743582002.328718
1743582002.344858
1743582002.376701
1743582002.408955
1743582002.440921
1743582002.473086
1743582002.504443
1743582002.520263
1743582002.536589
1743582002.552786
1743582002.568583
1743582002.584635
1743582002.600701
1743582002.616810
1743582002.648563
1743582002.664818
1743582002.680934
1743582002.713260
1743582002.744765
1743582002.760630
1743582002.776690
1743582002.792574
1743582002.808536
1743582002.824618
1743582002.840766
1743582002.856605
1743582002.872716
1743582002.888690
1743582002.904778
1743582002.920799
1743582002.936712
1743582002.952755
1743582002.968961
1743582002.984868
1743582003.000823
1743582003.033248
1743582003.065279
1743582003.080764
1743582003.096763
1743582003.112816
1743582003.128812
1743582003.144783
1743582003.160989
1743582003.176798
1743582003.192774
1743582003.208600
1743582003.224718
1743582003.240716
1743582003.256771
1743582003.272873
1743582003.288844
1743582003.304845
1743582003.320833
1743582003.353292
1743582003.384536
1743582003.400530
1743582003.416512
1743582003.432550
1743582003.448592
1743582003.464670
1743582003.480656
1743582003.497245
1743582003.512795
1743582003.528844
1743582003.544788
1743582003.560715
1743582003.576785
1743582003.592810
1743582003.608800
1743582003.624652
1743582003.640884
1743582003.656991
1743582003.689524
1743582003.720946
1743582003.751550
1743582003.767817
1743582003.784515
1743582003.800537
1743582003.816588
1743582003.832719
1743582003.864522
1743582003.880786
1743582003.896830
1743582003.913183
1743582003.929093
1743582003.945141
1743582003.961500
1743582004.008798
1743582004.041027
1743582004.072920
1743582004.104333
1743582004.120457
1743582004.136531
1743582004.152577
1743582004.168517
1743582004.184640
1743582004.200438
1743582004.216574
1743582004.232922
1743582004.248739
1743582004.264773
1743582004.280762
1743582004.296924
1743582004.329266
1743582004.360476
1743582004.376223
1743582004.392567
1743582004.408559
1743582004.424504
1743582004.440508
1743582004.456558
1743582004.472641
1743582004.488824
1743582004.504630
1743582004.520584
1743582004.536923
1743582004.569247
1743582004.601498
1743582004.633066
1743582004.665461
1743582004.697003
1743582004.712731
1743582004.728708
1743582004.744907
1743582004.760774
1743582004.777077
1743582004.792765
1743582004.808650
1743582004.824736
1743582004.840800
1743582004.856882
1743582004.872814
1743582004.888961
1743582004.905137
1743582004.920830
1743582004.936897
1743582004.952849
1743582004.985175
1743582005.000561
1743582005.016695
1743582005.032673
1743582005.048665
1743582005.064787
1743582005.080765
1743582005.096693
1743582005.112824
1743582005.128667
1743582005.144913
1743582005.160870
1743582005.176765
1743582005.192708
1743582005.208743
1743582005.224764
1743582005.240743
1743582005.256956
1743582005.272950
1743582005.305539
1743582005.337276
1743582005.369069
1743582005.401706
1743582005.433223
1743582005.465085
1743582005.480613
1743582005.496746
1743582005.512906
1743582005.528848
1743582005.544929
1743582005.560972
1743582005.576920
1743582005.592960
1743582005.640998
1743582005.672952
1743582005.705330
1743582005.737192
1743582005.769467
1743582005.801488
1743582005.833454
1743582005.864909
1743582005.880892
1743582005.897156
1743582005.913495
1743582005.928943
1743582005.961500
1743582005.992960
1743582006.025280
1743582006.057112
1743582006.089026
1743582006.104436
1743582006.120695
1743582006.136641
1743582006.152774
1743582006.168689
1743582006.184638
1743582006.200851
1743582006.216774
1743582006.232870
1743582006.248961
1743582006.281500
1743582006.312538
1743582006.328549
1743582006.344709
1743582006.360845
1743582006.376865
1743582006.392732
1743582006.408928
1743582006.425086
1743582006.440756
1743582006.456703
1743582006.472575
1743582006.488683
1743582006.504792
1743582006.520835
1743582006.537262
1743582006.552834
1743582006.568882
1743582006.584978
1743582006.617007
1743582006.632799
1743582006.648642
1743582006.664740
1743582006.680741
1743582006.696636
1743582006.712793
1743582006.728704
1743582006.744839
1743582006.760847
1743582006.776774
1743582006.792742
1743582006.808748
1743582006.824568
1743582006.840803
1743582006.856902
1743582006.872905
1743582006.888872
1743582006.905145
1743582006.936768
1743582006.968564
1743582007.001672
1743582007.032968
1743582007.048875
1743582007.080848
1743582007.096884
1743582007.112800
1743582007.129012
1743582007.145062
1743582007.161113
1743582007.177047
1743582007.192861
1743582007.208924
1743582007.224845
1743582007.257554
1743582007.289491
1743582007.320808
1743582007.336320
1743582007.352804
1743582007.368941
1743582007.384664
1743582007.400808
1743582007.416777
1743582007.432895
1743582007.448695
1743582007.464795
1743582007.480848
1743582007.496833
1743582007.512948
1743582007.529074
1743582007.545070
1743582007.561023
1743582007.593109
1743582007.625010
1743582007.657663
1743582007.689228
1743582007.721227
1743582007.753139
1743582007.785295
1743582007.817423
1743582007.848864
1743582007.864860
1743582007.880851
1743582007.913233
1743582007.944701
1743582007.960690
1743582007.976793
1743582007.992620
1743582008.008557
1743582008.024552
1743582008.040863
1743582008.056635
1743582008.072759
1743582008.088799
1743582008.104800
1743582008.120793
1743582008.136734
1743582008.152830
1743582008.169098
1743582008.184873
1743582008.200904
1743582008.233279
1743582008.248589
1743582008.264660
1743582008.280618
1743582008.296660
1743582008.312883
1743582008.328786
1743582008.344740
1743582008.360751
1743582008.377030
1743582008.392666
1743582008.408819
1743582008.424848
1743582008.440741
1743582008.456878
1743582008.472802
1743582008.488844
1743582008.504883
1743582008.520772
1743582008.536744
1743582008.569434
1743582008.601147
1743582008.616622
1743582008.632553
1743582008.648643
1743582008.664623
1743582008.680589
1743582008.696722
1743582008.712851
1743582008.728822
1743582008.744734
1743582008.760815
1743582008.777095
1743582008.792822
1743582008.808812
1743582008.824782
1743582008.840865
1743582008.856826
1743582008.889543
1743582008.921152
1743582008.953322
1743582008.985442
1743582009.017202
1743582009.048775
1743582009.064603
1743582009.080946
1743582009.096760
1743582009.112929
1743582009.128918
1743582009.145147
1743582009.160884
1743582009.176878
1743582009.209613
1743582009.241162
1743582009.272872
1743582009.305045
1743582009.337108
1743582009.369085
1743582009.401364
1743582009.433248
1743582009.464904
1743582009.480851
1743582009.496825
1743582009.512847
1743582009.545558
1743582009.576961
1743582009.609106
1743582009.641422
1743582009.673234
1743582009.705254
1743582009.737478
1743582009.769035
1743582009.801473
1743582009.833590
1743582009.865278
1743582009.896546
1743582009.912569
1743582009.928497
1743582009.944770
1743582009.960841
1743582009.976933
1743582009.992597
1743582010.008699
1743582010.024646
1743582010.040782
1743582010.056826
1743582010.072815
1743582010.088866
1743582010.104806
1743582010.120776
1743582010.136833
1743582010.152846
1743582010.185429
1743582010.217274
1743582010.248745
1743582010.264620
1743582010.280833
1743582010.296797
1743582010.312949
1743582010.328700
1743582010.344978
1743582010.360783
1743582010.376948
1743582010.392664
1743582010.408795
1743582010.424717
1743582010.440961
1743582010.456910
1743582010.472935
1743582010.489003
1743582010.521605
1743582010.553099
1743582010.585035
1743582010.600515
1743582010.616679
1743582010.632602
1743582010.648821
1743582010.680850
1743582010.696620
1743582010.713019
1743582010.728843
1743582010.744845
1743582010.760823
1743582010.776954
1743582010.792946
1743582010.808912
1743582010.841231
1743582010.873280
1743582010.905162
1743582010.937274
1743582010.969246
1743582011.001372
1743582011.033679
1743582011.064923
1743582011.096843
1743582011.128932
1743582011.161215
1743582011.193230
1743582011.225156
1743582011.256832
1743582011.289325
1743582011.321207
1743582011.353349
1743582011.385202
1743582011.417202
1743582011.449050
1743582011.496646
1743582011.528753
1743582011.560721
1743582011.592957
1743582011.625207
1743582011.657059
1743582011.689210
1743582011.721333
1743582011.753398
1743582011.785155
1743582011.817257
1743582011.848612
1743582011.864844
1743582011.896920
1743582011.928824
1743582011.944920
1743582011.976945
1743582012.009132
1743582012.041215
1743582012.073368
1743582012.105174
1743582012.137325
1743582012.168916
1743582012.201386
1743582012.233138
1743582012.264712
1743582012.280768
1743582012.296907
1743582012.329058
1743582012.360938
1743582012.393117
1743582012.425281
1743582012.473226
1743582012.504875
1743582012.537440
1743582012.569206
1743582012.601207
1743582012.633231
1743582012.665119
1743582012.696753
1743582012.713090
1743582012.745022
1743582012.792831
1743582012.824900
1743582012.857199
1743582012.888562
1743582012.904461
1743582012.937364
1743582012.969253
1743582013.000824
1743582013.032823
1743582013.065017
1743582013.112610
1743582013.144822
1743582013.176822
1743582013.208956
1743582013.241090
1743582013.273177
1743582013.305383
1743582013.336785
1743582013.369296
1743582013.401772
1743582013.449026
1743582013.480251
1743582013.496522
1743582013.512704
1743582013.528814
1743582013.560553
1743582013.593178
1743582013.625194
1743582013.657366
1743582013.688851
1743582013.721479
1743582013.769050
1743582013.801240
1743582013.832710
1743582013.864882
1743582013.896809
1743582013.912789
1743582013.944773
1743582013.976785
1743582013.992843
1743582014.025200
1743582014.057247
1743582014.088989
1743582014.121245
1743582014.153193
1743582014.184872
1743582014.217334
1743582014.248919
1743582014.280926
1743582014.312795
1743582014.328860
1743582014.360916
1743582014.393379
1743582014.424923
1743582014.457222
1743582014.489155
1743582014.521026
1743582014.553204
1743582014.585075
1743582014.617114
1743582014.649271
1743582014.680986
1743582014.713051
1743582014.745191
1743582014.776959
1743582014.808817
1743582014.841051
1743582014.872988
1743582014.905215
1743582014.937106
1743582014.969351
1743582015.001515
1743582015.033397
1743582015.064783
1743582015.096713
1743582015.128650
1743582015.160958
1743582015.192662
1743582015.225352
1743582015.257226
1743582015.289265
1743582015.321122
1743582015.353458
1743582015.401048
1743582015.433256
1743582015.464504
1743582015.480611
1743582015.512797
1743582015.544938
1743582015.576644
1743582015.609057
1743582015.641236
1743582015.673208
1743582015.721222
1743582015.753283
1743582015.785009
1743582015.817200
1743582015.848910
1743582015.880943
1743582015.913038
1743582015.945130
1743582015.977056
1743582016.009151
1743582016.041543
1743582016.072986
1743582016.104870
1743582016.137112
1743582016.169216
1743582016.201413
1743582016.232813
1743582016.264835
1743582016.280835
1743582016.296902
1743582016.313015
1743582016.345184
1743582016.377421
1743582016.408995
1743582016.441369
1743582016.473002
1743582016.505158
1743582016.537357
1743582016.569013
1743582016.601274
1743582016.633575
1743582016.665101
1743582016.697476
1743582016.728546
1743582016.744636
1743582016.776839
1743582016.808985
1743582016.841023
1743582016.873348
1743582016.905385
1743582016.936983
1743582016.969666
1743582017.017016
1743582017.049159
1743582017.080439
1743582017.112707
1743582017.144889
1743582017.176825
1743582017.208883
1743582017.241200
1743582017.273240
1743582017.305192
1743582017.353022
1743582017.385080
1743582017.417151
1743582017.448531
1743582017.480476
1743582017.496544
1743582017.512823
1743582017.528763
1743582017.560404
1743582017.576723
1743582017.609215
1743582017.641354
1743582017.673107
1743582017.705059
1743582017.737182
1743582017.769085
1743582017.800986
1743582017.833333
1743582017.865026
1743582017.896881
1743582017.928556
1743582017.944812
1743582017.960893
1743582017.993460
1743582018.024515
1743582018.057476
1743582018.089114
1743582018.121249
1743582018.152982
1743582018.185257
1743582018.217403
1743582018.249474
1743582018.280668
1743582018.296833
1743582018.329299
1743582018.360894
1743582018.392867
1743582018.425089
1743582018.457128
1743582018.489313
1743582018.521093
1743582018.553337
1743582018.585544
1743582018.617344
1743582018.649442
1743582018.680861
1743582018.712697
1743582018.744793
1743582018.776641
1743582018.809330
1743582018.841097
1743582018.873612
1743582018.904971
1743582018.937387
1743582018.969556
1743582019.001033
1743582019.032926
1743582019.064924
1743582019.096710
1743582019.113120
1743582019.144876
1743582019.176864
1743582019.209039
1743582019.241133
1743582019.272970
1743582019.305275
1743582019.337308
1743582019.369057
1743582019.400979
1743582019.433269
1743582019.464847
1743582019.497000
1743582019.528700
1743582019.544776
1743582019.577208
1743582019.624948
1743582019.656358
1743582019.689319
1743582019.721188
1743582019.753162
1743582019.784991
1743582019.817146
1743582019.848792
1743582019.881260
1743582019.912995
1743582019.945148
1743582019.976728
1743582020.008925
1743582020.040981
1743582020.073061
1743582020.105499
1743582020.137292
1743582020.169113
1743582020.201610
1743582020.233424
1743582020.280548
1743582020.312482
1743582020.328456
1743582020.344819
1743582020.377228
1743582020.409067
1743582020.441154
1743582020.473157
1743582020.505111
1743582020.537389
1743582020.569389
1743582020.601437
1743582020.632996
1743582020.664930
1743582020.696649
1743582020.712636
1743582020.728770
1743582020.760683
1743582020.792712
1743582020.825006
1743582020.857322
1743582020.889636
1743582020.921466
1743582020.953361
1743582020.985484
1743582021.017033
1743582021.049054
1743582021.080299
1743582021.096698
1743582021.128884
1743582021.161007
1743582021.192851
1743582021.225168
1743582021.257323
1743582021.289159
1743582021.320815
1743582021.353575
1743582021.385357
1743582021.417245
1743582021.448708
1743582021.480966
1743582021.513186
1743582021.545063
1743582021.576492
1743582021.608831
1743582021.641290
1743582021.673292
1743582021.704699
1743582021.737351
1743582021.769186
1743582021.801385
1743582021.832636
1743582021.848706
1743582021.864776
1743582021.897178
1743582021.928210
1743582021.944529
1743582021.960614
1743582021.976723
1743582022.008797
1743582022.041318
1743582022.073186
1743582022.105217
1743582022.136741
1743582022.169464
1743582022.201432
1743582022.233392
1743582022.264495
1743582022.280516
1743582022.296712
1743582022.312802
1743582022.344802
1743582022.376916
1743582022.408955
1743582022.440890
1743582022.473138
1743582022.505498
1743582022.553000
1743582022.585247
1743582022.616926
1743582022.648672
1743582022.680875
1743582022.713060
1743582022.744462
1743582022.760653
1743582022.776883
1743582022.809217
1743582022.840999
1743582022.873436
1743582022.905102
1743582022.937166
1743582022.968507
1743582022.984389
1743582023.000693
1743582023.033174
1743582023.064498
1743582023.081262
1743582023.112969
1743582023.145078
1743582023.176978
1743582023.209457
1743582023.241042
1743582023.273057
1743582023.304951
1743582023.337329
1743582023.369294
1743582023.401343
1743582023.432558
1743582023.448780
1743582023.480915
1743582023.528591
1743582023.560240
1743582023.576441
1743582023.592529
1743582023.608611
1743582023.641182
1743582023.673100
1743582023.705403
1743582023.737264
1743582023.769039
1743582023.801492
1743582023.849074
1743582023.880810
1743582023.912637
1743582023.928566
1743582023.960794
1743582023.993104
1743582024.024852
1743582024.057165
1743582024.089213
1743582024.121333
1743582024.153352
1743582024.185290
1743582024.217358
1743582024.249056
1743582024.280705
1743582024.312801
1743582024.344758
1743582024.376879
1743582024.409040
1743582024.441388
1743582024.473240
1743582024.505386
1743582024.536818
1743582024.569271
1743582024.601240
1743582024.633355
1743582024.664723
1743582024.696968
1743582024.728931
1743582024.760886
1743582024.793374
1743582024.825324
1743582024.857026
1743582024.889246
1743582024.920666
1743582024.953088
1743582024.985525
1743582025.017314
1743582025.048552
1743582025.064829
1743582025.097062
1743582025.129007
1743582025.160976
1743582025.193093
1743582025.225279
1743582025.257347
1743582025.288888
1743582025.321179
1743582025.353313
1743582025.385443
1743582025.416672
1743582025.432928
1743582025.480759
1743582025.512663
1743582025.544214
1743582025.560621
1743582025.576681
1743582025.609243
1743582025.640600
1743582025.673451
1743582025.705036
1743582025.737455
1743582025.769011
1743582025.801617
1743582025.833460
1743582025.864732
1743582025.895717
1743582025.912931
1743582025.945045
1743582025.976980
1743582026.008835
1743582026.041305
1743582026.073299
1743582026.105363
1743582026.136800
1743582026.169115
1743582026.201185
1743582026.233175
1743582026.264446
1743582026.280546
1743582026.312868
1743582026.344931
1743582026.376971
1743582026.409226
1743582026.456910
1743582026.489241
1743582026.520633
1743582026.553186
1743582026.585263
1743582026.617060
1743582026.648670
1743582026.664694
1743582026.696881
1743582026.728965
1743582026.776664
1743582026.809071
1743582026.841208
1743582026.873081
1743582026.904688
1743582026.937152
1743582026.969215
1743582027.001366
1743582027.032699
1743582027.048746
1743582027.080852
1743582027.113262
1743582027.144611
1743582027.160823
1743582027.193057
1743582027.225005
1743582027.256640
1743582027.289357
1743582027.321211
1743582027.353382
1743582027.384835
1743582027.433066
1743582027.464544
1743582027.496783
1743582027.528225
1743582027.544755
1743582027.577028
1743582027.609048
1743582027.640841
1743582027.673286
1743582027.705440
1743582027.753027
1743582027.784493
1743582027.817141
1743582027.848678
1743582027.880784
1743582027.912539
1743582027.928644
1743582027.960712
1743582027.993360
1743582028.025011
1743582028.057331
1743582028.089420
1743582028.121245
1743582028.152726
1743582028.185218
1743582028.217364
1743582028.249050
1743582028.280942
1743582028.312915
1743582028.344938
1743582028.377080
1743582028.409208
1743582028.440458
1743582028.473240
1743582028.505662
1743582028.537279
1743582028.569166
1743582028.601437
1743582028.633397
1743582028.664880
1743582028.696899
1743582028.728756
1743582028.760854
1743582028.793110
1743582028.825064
1743582028.856347
1743582028.872369
1743582028.888609
1743582028.904664
1743582028.936757
1743582028.969412
1743582029.001519
1743582029.033556
1743582029.064728
1743582029.096776
1743582029.128728
1743582029.144689
1743582029.160756
1743582029.193168
1743582029.224948
1743582029.257261
1743582029.289097
1743582029.321392
1743582029.353385
1743582029.385433
1743582029.416553
1743582029.432768
1743582029.465199
1743582029.496646
1743582029.528321
1743582029.544693
1743582029.577004
1743582029.608839
1743582029.641101
1743582029.673429
1743582029.705216
1743582029.736988
1743582029.768782
1743582029.801216
1743582029.833225
1743582029.864779
1743582029.896677
1743582029.912746
1743582029.944813
1743582029.977007
1743582030.008994
1743582030.041395
1743582030.073180
1743582030.104845
1743582030.136855
1743582030.169420
1743582030.201158
1743582030.233305
1743582030.264852
1743582030.297108
1743582030.329052
1743582030.361315
1743582030.392619
1743582030.425038
1743582030.457101
1743582030.489325
1743582030.521132
1743582030.553149
1743582030.585125
1743582030.617639
1743582030.648997
1743582030.681263
1743582030.712727
1743582030.744590
1743582030.776985
1743582030.808962
1743582030.841027
1743582030.873056
1743582030.905017
1743582030.937303
1743582030.969395
1743582031.016923
1743582031.048359
1743582031.064515
1743582031.096763
1743582031.128767
1743582031.160579
1743582031.193044
1743582031.225136
1743582031.257303
1743582031.289062
1743582031.337354
1743582031.369158
1743582031.401020
1743582031.433019
1743582031.464723
1743582031.496858
1743582031.528776
1743582031.560570
1743582031.576696
1743582031.609380
1743582031.657094
1743582031.688329
1743582031.721055
1743582031.753183
1743582031.785271
1743582031.817049
1743582031.848903
1743582031.880792
1743582031.912895
1743582031.944834
1743582031.960914
1743582031.993409
1743582032.024991
1743582032.056778
1743582032.089280
1743582032.121043
1743582032.153342
1743582032.184978
1743582032.217421
1743582032.249368
1743582032.281043
1743582032.312821
1743582032.344477
1743582032.360578
1743582032.376801
1743582032.408724
1743582032.441078
1743582032.473096
1743582032.505063
1743582032.537143
1743582032.569375
1743582032.601426
1743582032.633236
1743582032.664730
1743582032.696711
1743582032.728740
1743582032.760964
1743582032.793172
1743582032.825113
1743582032.857320
1743582032.889322
1743582032.921314
1743582032.969013
1743582033.001266
1743582033.033238
1743582033.064199
1743582033.080512
1743582033.096662
1743582033.112739
1743582033.144862
1743582033.177036
1743582033.209045
1743582033.241134
1743582033.289115
1743582033.321007
1743582033.353112
1743582033.385288
1743582033.416495
1743582033.432652
1743582033.464833
1743582033.496846
1743582033.528495
1743582033.544838
1743582033.577234
1743582033.609377
1743582033.640561
1743582033.673201
1743582033.705020
1743582033.737217
1743582033.768510
1743582033.801288
1743582033.833350
1743582033.864544
1743582033.880845
1743582033.896959
1743582033.913110
1743582033.944838
1743582033.976431
1743582034.008652
1743582034.040939
1743582034.073267
1743582034.104765
1743582034.137251
1743582034.169199
1743582034.201121
1743582034.233230
1743582034.265396
1743582034.296639
1743582034.328539
1743582034.360722
1743582034.392887
1743582034.425186
1743582034.457184
1743582034.489253
1743582034.521383
1743582034.553542
1743582034.585281
1743582034.616677
1743582034.648829
1743582034.680774
1743582034.712757
1743582034.744673
1743582034.776942
1743582034.808870
1743582034.841334
1743582034.872993
1743582034.920991
1743582034.953034
1743582034.985152
1743582035.016843
1743582035.048821
1743582035.064661
1743582035.096789
1743582035.128519
1743582035.144787
1743582035.177036
1743582035.209134
1743582035.241194
1743582035.272960
1743582035.304981
1743582035.336875
1743582035.368759
1743582035.401081
1743582035.433382
1743582035.464806
1743582035.496448
1743582035.512801
1743582035.528969
1743582035.561064
1743582035.592464
1743582035.625071
1743582035.657233
1743582035.689052
1743582035.720709
1743582035.753386
1743582035.785132
1743582035.817270
1743582035.849012
1743582035.896591
1743582035.928513
1743582035.960743
1743582035.992820
1743582036.025155
1743582036.057315
1743582036.089156
1743582036.120886
1743582036.152706
1743582036.185249
1743582036.217281
1743582036.249042
1743582036.280821
1743582036.312868
1743582036.344800
1743582036.376972
1743582036.409068
1743582036.440804
1743582036.473428
1743582036.505266
1743582036.537411
1743582036.568501
1743582036.601276
1743582036.633172
1743582036.664945
1743582036.696578
1743582036.728755
1743582036.760774
1743582036.793086
1743582036.824989
1743582036.873112
1743582036.905080
1743582036.937183
1743582036.968917
1743582037.001300
1743582037.033071
1743582037.064947
1743582037.080582
1743582037.112932
1743582037.128818
1743582037.144929
1743582037.192783
1743582037.224936
1743582037.257049
1743582037.288970
1743582037.320977
1743582037.353198
1743582037.385394
1743582037.417154
1743582037.448888
1743582037.481062
1743582037.513242
1743582037.544624
1743582037.576557
1743582037.609029
1743582037.640942
1743582037.673214
1743582037.704594
1743582037.737109
1743582037.769300
1743582037.801498
1743582037.848930
1743582037.880468
1743582037.896461
1743582037.912684
1743582037.944690
1743582037.976817
1743582038.009192
1743582038.040608
1743582038.072618
1743582038.088565
1743582038.104775
1743582038.137368
1743582038.168875
1743582038.201147
1743582038.233160
1743582038.264539
1743582038.296581
1743582038.312664
1743582038.328711
1743582038.360947
1743582038.393028
1743582038.425328
1743582038.457309
1743582038.489374
1743582038.520611
1743582038.553453
1743582038.585314
1743582038.617341
1743582038.648977
1743582038.680877
1743582038.712691
1743582038.728751
1743582038.744881
1743582038.777112
1743582038.824878
1743582038.857135
1743582038.888337
1743582038.921202
1743582038.953119
1743582038.985612
1743582039.016764
1743582039.049041
1743582039.081113
1743582039.096733
1743582039.144384
1743582039.160602
1743582039.176794
1743582039.208961
1743582039.240992
1743582039.273145
1743582039.305054
1743582039.337183
1743582039.368947
1743582039.401408
1743582039.433355
1743582039.465176
1743582039.496325
1743582039.512533
1743582039.544740
1743582039.576925
1743582039.608731
1743582039.641138
1743582039.673233
1743582039.705083
1743582039.737008
1743582039.769436
1743582039.801320
1743582039.833063
1743582039.864472
1743582039.880589
1743582039.912857
1743582039.944872
1743582039.976934
1743582040.008928
1743582040.041146
1743582040.073470
1743582040.121053
1743582040.152957
1743582040.185354
1743582040.216903
1743582040.248655
1743582040.280752
1743582040.312776
1743582040.344764
1743582040.376847
1743582040.409265
1743582040.441301
1743582040.472981
1743582040.504754
1743582040.537111
1743582040.568757
1743582040.601269
1743582040.632700
1743582040.664737
1743582040.696970
1743582040.728809
1743582040.776775
1743582040.809026
1743582040.841058
1743582040.872845
1743582040.904931
1743582040.937124
1743582040.969094
1743582041.001277
1743582041.033284
1743582041.064821
1743582041.097334
1743582041.128478
1743582041.160564
1743582041.192817
1743582041.224974
1743582041.257127
1743582041.288822
1743582041.321206
1743582041.353160
1743582041.385773
1743582041.417054
1743582041.448565
1743582041.464424
1743582041.480605
1743582041.496959
1743582041.528249
1743582041.544990
1743582041.577105
1743582041.608939
1743582041.641141
1743582041.673155
1743582041.705384
1743582041.752911
1743582041.785345
1743582041.817081
1743582041.848612
1743582041.880531
1743582041.912870
1743582041.944770
1743582041.977038
1743582042.008902
1743582042.041201
1743582042.073322
1743582042.104863
1743582042.136719
1743582042.169120
1743582042.201260
1743582042.233074
1743582042.264383
1743582042.280540
1743582042.296831
1743582042.312825
1743582042.344832
1743582042.392809
1743582042.425031
1743582042.456993
1743582042.488838
1743582042.521103
1743582042.553105
1743582042.585316
1743582042.616871
1743582042.648799
1743582042.664951
1743582042.697151
1743582042.728737
1743582042.760286
1743582042.792004
1743582042.824309
1743582042.840608
1743582042.873139
1743582042.905294
1743582042.937245
1743582042.968981
1743582043.001385
1743582043.049116
1743582043.080646
1743582043.112302
1743582043.128441
1743582043.144693
1743582043.160704
1743582043.176941
1743582043.208912
1743582043.241155
1743582043.273204
1743582043.304814
1743582043.337515
1743582043.369500
1743582043.401065
1743582043.432476
1743582043.448519
1743582043.480932
1743582043.512843
1743582043.544581
1743582043.560723
1743582043.576857
1743582043.609168
1743582043.641072
1743582043.673394
1743582043.705363
1743582043.736989
1743582043.768730
1743582043.800533
1743582043.833243
1743582043.864831
1743582043.896899
1743582043.928800
1743582043.960971
1743582043.993337
1743582044.025332
1743582044.057326
1743582044.088680
1743582044.121184
1743582044.153017
1743582044.185267
1743582044.216846
1743582044.248623
1743582044.264756
1743582044.296959
1743582044.344642
1743582044.376735
1743582044.409014
1743582044.441032
1743582044.472914
1743582044.505275
1743582044.537226
1743582044.569003
1743582044.601348
1743582044.633343
1743582044.680432
1743582044.712566
1743582044.744624
1743582044.776919
1743582044.808861
1743582044.841008
1743582044.872927
1743582044.905330
1743582044.937313
1743582044.969264
1743582045.000802
1743582045.033166
1743582045.064992
1743582045.096704
1743582045.128202
1743582045.144568
1743582045.160698
1743582045.176709
1743582045.208548
1743582045.241188
1743582045.273123
1743582045.320800
1743582045.352381
1743582045.385167
1743582045.417169
1743582045.448845
1743582045.480432
1743582045.496498
1743582045.512762
1743582045.528749
1743582045.560455
1743582045.576730
1743582045.592817
1743582045.625466
1743582045.656702
1743582045.689074
1743582045.721160
1743582045.753042
1743582045.784507
1743582045.817105
1743582045.848838
1743582045.880940
1743582045.912684
1743582045.928780
1743582045.944847
1743582045.977231
1743582046.008422
1743582046.024468
1743582046.040629
1743582046.072887
1743582046.104908
1743582046.137184
1743582046.169102
1743582046.201253
1743582046.233171
1743582046.264838
1743582046.297107
1743582046.328649
1743582046.360699
1743582046.393116
1743582046.425321
1743582046.457215
1743582046.489177
1743582046.521300
1743582046.553344
1743582046.585290
1743582046.632917
1743582046.664859
1743582046.696812
1743582046.728654
1743582046.760853
1743582046.793021
1743582046.825019
1743582046.857327
1743582046.889378
1743582046.921330
1743582046.953210
1743582046.985245
1743582047.016606
1743582047.048729
1743582047.080636
1743582047.112771
1743582047.144529
1743582047.160601
1743582047.193130
1743582047.225064
1743582047.273063
1743582047.305070
1743582047.337059
1743582047.369246
1743582047.400840
1743582047.433334
1743582047.464752
1743582047.496865
1743582047.528645
1743582047.544881
1743582047.577010
1743582047.609310
1743582047.640388
1743582047.672954
1743582047.705102
1743582047.737159
1743582047.768602
1743582047.801113
1743582047.833217
1743582047.864776
1743582047.897015
1743582047.929343
1743582047.960487
1743582047.992966
1743582048.024629
1743582048.057010
1743582048.089024
1743582048.121062
1743582048.153150
1743582048.185314
1743582048.217316
1743582048.249175
1743582048.280104
1743582048.296451
1743582048.312800
1743582048.344727
1743582048.376613
1743582048.409015
1743582048.441293
1743582048.473100
1743582048.504876
1743582048.537243
1743582048.584887
1743582048.617228
1743582048.648477
1743582048.664584
1743582048.696794
1743582048.728785
1743582048.760612
1743582048.776713
1743582048.809281
1743582048.841255
1743582048.873183
1743582048.905363
1743582048.937116
1743582048.969112
1743582049.001141
1743582049.032876
1743582049.064613
1743582049.096676
1743582049.128518
1743582049.144912
1743582049.160764
1743582049.177033
1743582049.224902
1743582049.257142
1743582049.289100
1743582049.321042
1743582049.352591
1743582049.385280
1743582049.417111
1743582049.448740
1743582049.480625
1743582049.496701
1743582049.528848
1743582049.561313
1743582049.592603
1743582049.625191
1743582049.657356
1743582049.689115
1743582049.720731
1743582049.753212
1743582049.785280
1743582049.817455
1743582049.848951
1743582049.881197
1743582049.912682
1743582049.944826
1743582049.976886
1743582050.009335
1743582050.040996
1743582050.073100
1743582050.105063
1743582050.137191
1743582050.169579
1743582050.201426
1743582050.232900
1743582050.264573
1743582050.296758
1743582050.328809
1743582050.360906
1743582050.392932
1743582050.424882
1743582050.457300
1743582050.489101
1743582050.537233
1743582050.568916
1743582050.601169
1743582050.633068
1743582050.664397
1743582050.680426
1743582050.696360
1743582050.728554
1743582050.744691
1743582050.760829
1743582050.793001
1743582050.825036
1743582050.857426
1743582050.888977
1743582050.921105
1743582050.952765
1743582050.983961
1743582051.000650
1743582051.033253
1743582051.064790
1743582051.096846
1743582051.112921
1743582051.144926
1743582051.177096
1743582051.208804
1743582051.241019
1743582051.273171
1743582051.304866
1743582051.337373
1743582051.369228
1743582051.400992
1743582051.433131
1743582051.464467
1743582051.480813
1743582051.513355
1743582051.544704
1743582051.576661
1743582051.608883
1743582051.640953
1743582051.673133
1743582051.705001
1743582051.736722
1743582051.769332
1743582051.801635
1743582051.833398
1743582051.864132
1743582051.880526
1743582051.912730
1743582051.944784
1743582051.976846
1743582052.008925
1743582052.041133
1743582052.073419
1743582052.104635
1743582052.152884
1743582052.185169
1743582052.216945
1743582052.248576
1743582052.280720
1743582052.312622
1743582052.344856
1743582052.377015
1743582052.409236
1743582052.441157
1743582052.488762
1743582052.520589
1743582052.553169
1743582052.585248
1743582052.617500
1743582052.648810
1743582052.680679
1743582052.712803
1743582052.744812
1743582052.776911
1743582052.809317
1743582052.840766
1743582052.872797
1743582052.904819
1743582052.937171
1743582052.969092
1743582053.001056
1743582053.032635
1743582053.048687
1743582053.080833
1743582053.128492
1743582053.160319
1743582053.176458
1743582053.208912
1743582053.240915
1743582053.273113
1743582053.305291
1743582053.337134
1743582053.369098
1743582053.400808
1743582053.433155
1743582053.465235
1743582053.496552
1743582053.528442
1743582053.544600
1743582053.560748
1743582053.592966
1743582053.624886
1743582053.657219
1743582053.689109
1743582053.721308
1743582053.752673
1743582053.785389
1743582053.816812
1743582053.848729
1743582053.880667
1743582053.896726
1743582053.928835
1743582053.960655
1743582053.992729
1743582054.025070
1743582054.057274
1743582054.105012
1743582054.136650
1743582054.169116
1743582054.201139
1743582054.233161
1743582054.264538
1743582054.296846
1743582054.328838
1743582054.360903
1743582054.393089
1743582054.441026
1743582054.472945
1743582054.505098
1743582054.537319
1743582054.569167
1743582054.601096
1743582054.633327
1743582054.664824
1743582054.696871
1743582054.713115
1743582054.760667
1743582054.792516
1743582054.824865
1743582054.857292
1743582054.888961
1743582054.921115
1743582054.953384
1743582054.985299
1743582055.017600
1743582055.049187
1743582055.081431
1743582055.112761
1743582055.144823
1743582055.176905
1743582055.209146
1743582055.241208
1743582055.273038
1743582055.305133
1743582055.337359
1743582055.369213
1743582055.417135
1743582055.448605
1743582055.480473
1743582055.496590
1743582055.512748
1743582055.544652
1743582055.576781
1743582055.609040
1743582055.641211
1743582055.672773
1743582055.705401
1743582055.736906
1743582055.769125
1743582055.800774
1743582055.833080
1743582055.864723
1743582055.896554
1743582055.928873
1743582055.960946
1743582055.993069
1743582056.025269
1743582056.056941
1743582056.089057
1743582056.120781
1743582056.152919
1743582056.184947
1743582056.217115
1743582056.248751
1743582056.280661
1743582056.296892
1743582056.328863
1743582056.360842
1743582056.393430
1743582056.424495
1743582056.457214
1743582056.489067
1743582056.521224
1743582056.552906
1743582056.585246
1743582056.617151
1743582056.648884
1743582056.680706
1743582056.712961
1743582056.745485
1743582056.776953
1743582056.808747
1743582056.841067
1743582056.873206
1743582056.905407
1743582056.937126
1743582056.969332
1743582057.001293
1743582057.033109
1743582057.064493
1743582057.096564
1743582057.128631
1743582057.160699
1743582057.192928
1743582057.225149
1743582057.257218
1743582057.289275
1743582057.320960
1743582057.368966
1743582057.400854
1743582057.433045
1743582057.464244
1743582057.480512
1743582057.512931
1743582057.544821
1743582057.576479
1743582057.592454
1743582057.608800
1743582057.641039
1743582057.689163
1743582057.721153
1743582057.752919
1743582057.785211
1743582057.816876
1743582057.848588
1743582057.880848
1743582057.912743
1743582057.944791
1743582057.976963
1743582058.009312
1743582058.041034
1743582058.072491
1743582058.104931
1743582058.137071
1743582058.169139
1743582058.200368
1743582058.216562
1743582058.248959
1743582058.280859
1743582058.312482
1743582058.345292
1743582058.376718
1743582058.408908
1743582058.440487
1743582058.473323
1743582058.505392
1743582058.537087
1743582058.569080
1743582058.601324
1743582058.633367
1743582058.665163
1743582058.696366
1743582058.712491
1743582058.744741
1743582058.776890
1743582058.808846
1743582058.840845
1743582058.873251
1743582058.905252
1743582058.937120
1743582058.984928
1743582059.017062
1743582059.048847
1743582059.080629
1743582059.112869
1743582059.144765
1743582059.176873
1743582059.208922
1743582059.241295
1743582059.273346
1743582059.320833
1743582059.352265
1743582059.384588
1743582059.417100
1743582059.449165
1743582059.480754
1743582059.513114
1743582059.544839
1743582059.576972
1743582059.609373
1743582059.641225
1743582059.672492
1743582059.705101
1743582059.737237
1743582059.769088
1743582059.800707
1743582059.833071
1743582059.864925
1743582059.896947
1743582059.928664
1743582059.961246
1743582059.992953
1743582060.025324
1743582060.056583
1743582060.089142
1743582060.121014
1743582060.153339
1743582060.184919
1743582060.217292
1743582060.249282
1743582060.296398
1743582060.328161
1743582060.344356
1743582060.376836
1743582060.408902
1743582060.440472
1743582060.473209
1743582060.505277
1743582060.537560
1743582060.569018
1743582060.617079
1743582060.648988
1743582060.680429
1743582060.712469
1743582060.728423
1743582060.744668
1743582060.760680
1743582060.792911
1743582060.825070
1743582060.857144
1743582060.889114
1743582060.936974
1743582060.969089
1743582061.001118
1743582061.033326
1743582061.064752
1743582061.096585
1743582061.112769
1743582061.144795
1743582061.176744
1743582061.208360
1743582061.224464
1743582061.240632
1743582061.273327
1743582061.305046
1743582061.337096
1743582061.369059
1743582061.400539
1743582061.433210
1743582061.464881
1743582061.496808
1743582061.528802
1743582061.560942
1743582061.593374
1743582061.625030
1743582061.656828
1743582061.688906
1743582061.721084
1743582061.753208
1743582061.785012
1743582061.817275
1743582061.849136
1743582061.880808
1743582061.912946
1743582061.944410
1743582061.960600
1743582061.976573
1743582062.008759
1743582062.041051
1743582062.073250
1743582062.104830
1743582062.136676
1743582062.169330
1743582062.201274
1743582062.249026
1743582062.280057
1743582062.296455
1743582062.312592
1743582062.344798
1743582062.376747
1743582062.408957
1743582062.441077
1743582062.473087
1743582062.505082
1743582062.537561
1743582062.569260
1743582062.601268
1743582062.633027
1743582062.664737
1743582062.680865
1743582062.712713
1743582062.744750
1743582062.776840
1743582062.808994
1743582062.841113
1743582062.889023
1743582062.921051
1743582062.953098
1743582062.985280
1743582063.017341
1743582063.049314
1743582063.080674
1743582063.112758
1743582063.144824
1743582063.176972
1743582063.224759
1743582063.257002
1743582063.288360
1743582063.304397
1743582063.337098
1743582063.369052
1743582063.400975
1743582063.433044
1743582063.464846
1743582063.496851
1743582063.544740
1743582063.576832
1743582063.608824
1743582063.641114
1743582063.672808
1743582063.704926
1743582063.737229
1743582063.769198
1743582063.801074
1743582063.832964
1743582063.864479
1743582063.880445
1743582063.896574
1743582063.912747
1743582063.928940
1743582063.960563
1743582063.992563
1743582064.025242
1743582064.057186
1743582064.089090
1743582064.120976
1743582064.153232
1743582064.200981
1743582064.232978
1743582064.264105
1743582064.280463
1743582064.312588
1743582064.328692
1743582064.360536
1743582064.393092
1743582064.425013
1743582064.457520
1743582064.488820
1743582064.521246
1743582064.553140
1743582064.585132
1743582064.616914
1743582064.648757
1743582064.680704
1743582064.712518
1743582064.744820
1743582064.776927
1743582064.809385
1743582064.841154
1743582064.872837
1743582064.905197
1743582064.937145
1743582064.969149
1743582065.001291
1743582065.033067
1743582065.064852
1743582065.096992
1743582065.128750
1743582065.144874
1743582065.177232
1743582065.208908
1743582065.240834
1743582065.272940
1743582065.304968
1743582065.337227
1743582065.368861
1743582065.401310
1743582065.433271
1743582065.465027
1743582065.496927
1743582065.528760
1743582065.560594
1743582065.593017
1743582065.625131
1743582065.657128
1743582065.688992
1743582065.721296
1743582065.753385
1743582065.785443
1743582065.817125
1743582065.849316
1743582065.880548
1743582065.912781
1743582065.944479
1743582065.976756
1743582066.008577
1743582066.041224
1743582066.073262
1743582066.105252
1743582066.153056
1743582066.185312
1743582066.216863
1743582066.248776
1743582066.280661
1743582066.312686
1743582066.344824
1743582066.376858
1743582066.408998
1743582066.441050
1743582066.473397
1743582066.505071
1743582066.537087
1743582066.568945
1743582066.601036
1743582066.633144
1743582066.664659
1743582066.696718
1743582066.712997
1743582066.744924
1743582066.792671
1743582066.824968
1743582066.857070
1743582066.888932
1743582066.920915
1743582066.953325
1743582066.985146
1743582067.016389
1743582067.047649
1743582067.065100
1743582067.080843
1743582067.096826
1743582067.128982
1743582067.160297
1743582067.192857
1743582067.225223
1743582067.257234
1743582067.289295
1743582067.321290
1743582067.353384
1743582067.385415
1743582067.417423
1743582067.448518
1743582067.480669
1743582067.512579
1743582067.544753
1743582067.576543
1743582067.608893
1743582067.641064
1743582067.672923
1743582067.704777
1743582067.737396
1743582067.769023
1743582067.800903
1743582067.832562
1743582067.864842
1743582067.896705
1743582067.912691
1743582067.944566
1743582067.976746
1743582068.009094
1743582068.041326
1743582068.072747
1743582068.105164
1743582068.137274
1743582068.168798
1743582068.200596
1743582068.233072
1743582068.264659
1743582068.296870
1743582068.328569
1743582068.344684
1743582068.376881
1743582068.424826
1743582068.456572
1743582068.488940
1743582068.521332
1743582068.553212
1743582068.584768
1743582068.617117
1743582068.649260
1743582068.680868
1743582068.712858
1743582068.745108
1743582068.776738
1743582068.808693
1743582068.840792
1743582068.872970
1743582068.904953
1743582068.937073
1743582068.968812
1743582069.001270
1743582069.033164
1743582069.080595
1743582069.112214
1743582069.128487
1743582069.144737
1743582069.176868
1743582069.208833
1743582069.240924
1743582069.273131
1743582069.305329
1743582069.336856
1743582069.352458
1743582069.401046
1743582069.433014
1743582069.464148
1743582069.480459
1743582069.512605
1743582069.544710
1743582069.576753
1743582069.608948
1743582069.641103
1743582069.673285
1743582069.721023
1743582069.752932
1743582069.785038
1743582069.816910
1743582069.848333
1743582069.864407
1743582069.896703
1743582069.928912
1743582069.960504
1743582069.976721
1743582070.009111
1743582070.056838
1743582070.088446
1743582070.121217
1743582070.153167
1743582070.185294
1743582070.216808
1743582070.248739
1743582070.280828
1743582070.312895
1743582070.344863
1743582070.377156
1743582070.408823
1743582070.440819
1743582070.472825
1743582070.504938
1743582070.537177
1743582070.569254
1743582070.600707
1743582070.633306
1743582070.664869
1743582070.696989
1743582070.728447
1743582070.760675
1743582070.792853
1743582070.824972
1743582070.856734
1743582070.888975
1743582070.921198
1743582070.953343
1743582070.984945
1743582071.033032
1743582071.064811
1743582071.096556
1743582071.128723
1743582071.160769
1743582071.192849
1743582071.225022
1743582071.256900
1743582071.289213
1743582071.321359
1743582071.353325
1743582071.384534
1743582071.417145
1743582071.448715
1743582071.481170
1743582071.512259
1743582071.528519
1743582071.560798
1743582071.592956
1743582071.624747
1743582071.672844
1743582071.704895
1743582071.737038
1743582071.768889
1743582071.801135
1743582071.832940
1743582071.864615
1743582071.896362
1743582071.912857
1743582071.945029
1743582071.977093
1743582072.008678
1743582072.040997
1743582072.073232
1743582072.104929
1743582072.136718
1743582072.169189
1743582072.201327
1743582072.233095
1743582072.264518
1743582072.280596
1743582072.328646
1743582072.360612
1743582072.392580
1743582072.424962
1743582072.457216
1743582072.489050
1743582072.520806
1743582072.552844
1743582072.585266
1743582072.617288
1743582072.648837
1743582072.680654
1743582072.712550
1743582072.744512
1743582072.776805
1743582072.808806
1743582072.841090
1743582072.873009
1743582072.904856
1743582072.937217
1743582072.985092
1743582073.016828
1743582073.048638
1743582073.080554
1743582073.112528
1743582073.144699
1743582073.176671
1743582073.209021
1743582073.241301
1743582073.273221
1743582073.304950
1743582073.337113
1743582073.368990
1743582073.400932
1743582073.433013
1743582073.464589
1743582073.496677
1743582073.512749
1743582073.545314
1743582073.577067
1743582073.624571
1743582073.656982
1743582073.688928
1743582073.721028
1743582073.753049
1743582073.785094
1743582073.816963
1743582073.848686
1743582073.880727
1743582073.897132
1743582073.928697
1743582073.961252
1743582073.992980
1743582074.024930
1743582074.056920
1743582074.088971
1743582074.121254
1743582074.153049
1743582074.185131
1743582074.217243
1743582074.249267
1743582074.281049
1743582074.312242
1743582074.328377
1743582074.344615
1743582074.376834
1743582074.408961
1743582074.440844
1743582074.472873
1743582074.505255
1743582074.536707
1743582074.569045
1743582074.601190
1743582074.632982
1743582074.664622
1743582074.696794
1743582074.728538
1743582074.760787
1743582074.792819
1743582074.825268
1743582074.857174
1743582074.889280
1743582074.936776
1743582074.968828
1743582075.001202
1743582075.033075
1743582075.064562
1743582075.080595
1743582075.112781
1743582075.144788
1743582075.176805
1743582075.208970
1743582075.256905
1743582075.288935
1743582075.320996
1743582075.352870
1743582075.384406
1743582075.400628
1743582075.433186
1743582075.464701
1743582075.496471
1743582075.512747
1743582075.544958
1743582075.577249
1743582075.608279
1743582075.641053
1743582075.673093
1743582075.705295
1743582075.736836
1743582075.769182
1743582075.801170
1743582075.833121
1743582075.864592
1743582075.880679
1743582075.912899
1743582075.944612
1743582075.960811
1743582075.992970
1743582076.025108
1743582076.057151
1743582076.088395
1743582076.121002
1743582076.153189
1743582076.185384
1743582076.233000
1743582076.264374
1743582076.280423
1743582076.296565
1743582076.328390
1743582076.344518
1743582076.376775
1743582076.408935
1743582076.440973
1743582076.473060
1743582076.505474
1743582076.552941
1743582076.584647
1743582076.617062
1743582076.649130
1743582076.680590
1743582076.712583
1743582076.744811
1743582076.776890
1743582076.809053
1743582076.841034
1743582076.888828
1743582076.921189
1743582076.952930
1743582076.985104
1743582077.017282
1743582077.048999
1743582077.080843
1743582077.112682
1743582077.144790
1743582077.160740
1743582077.176851
1743582077.208952
1743582077.241341
1743582077.273197
1743582077.304915
1743582077.336742
1743582077.369237
1743582077.401333
1743582077.433215
1743582077.464713
1743582077.496834
1743582077.529000
1743582077.560423
1743582077.592501
1743582077.624912
1743582077.657026
1743582077.689022
1743582077.721183
1743582077.753100
1743582077.785085
1743582077.817079
1743582077.865021
1743582077.896681
1743582077.928761
1743582077.960596
1743582077.992484
1743582078.024653
1743582078.057032
1743582078.089219
1743582078.120712
1743582078.153340
1743582078.185333
1743582078.216819
1743582078.248182
1743582078.264378
1743582078.280472
1743582078.312575
1743582078.344525
1743582078.376871
1743582078.408960
1743582078.441112
1743582078.473025
1743582078.505401
1743582078.536928
1743582078.569217
1743582078.601037
1743582078.633048
1743582078.664673
1743582078.696824
1743582078.728647
1743582078.744602
1743582078.776857
1743582078.808965
1743582078.841015
1743582078.872846
1743582078.905102
1743582078.937079
1743582078.968854
1743582079.001184
1743582079.033022
1743582079.064697
1743582079.096791
1743582079.129041
1743582079.161074
1743582079.192964
1743582079.224629
1743582079.256950
1743582079.289095
1743582079.321363
1743582079.352533
1743582079.385300
1743582079.417116
1743582079.448845
1743582079.480630
1743582079.512695
1743582079.544571
1743582079.576865
1743582079.609108
1743582079.640947
1743582079.673206
1743582079.705296
1743582079.737209
1743582079.769284
1743582079.816683
1743582079.848757
1743582079.880299
1743582079.896405
1743582079.928485
1743582079.944666
1743582079.976686
1743582080.009064
1743582080.041186
1743582080.073277
1743582080.104836
1743582080.137305
1743582080.168980
1743582080.201252
1743582080.232846
1743582080.264721
1743582080.296635
1743582080.328481
1743582080.360666
1743582080.392986
1743582080.425293
1743582080.457213
1743582080.488447
1743582080.521345
1743582080.552828
1743582080.585270
1743582080.616855
1743582080.648748
1743582080.680657
1743582080.712669
1743582080.745013
1743582080.792607
1743582080.824948
1743582080.857111
1743582080.888638
1743582080.921287
1743582080.953045
1743582080.985170
1743582081.016745
1743582081.048825
1743582081.080816
1743582081.113041
1743582081.144484
1743582081.176868
1743582081.208769
1743582081.240883
1743582081.273084
1743582081.305133
1743582081.337180
1743582081.369260
1743582081.400854
1743582081.433215
1743582081.464796
1743582081.496363
1743582081.512688
1743582081.544768
1743582081.576664
1743582081.608866
1743582081.640858
1743582081.673070
1743582081.705291
1743582081.737288
1743582081.768436
1743582081.801062
1743582081.832922
1743582081.864572
1743582081.896534
1743582081.912518
1743582081.944799
1743582081.976751
1743582082.008811
1743582082.041167
1743582082.088792
1743582082.120835
1743582082.152365
1743582082.185066
1743582082.217106
1743582082.248911
1743582082.280352
1743582082.312667
1743582082.344824
1743582082.377075
1743582082.408576
1743582082.440911
1743582082.472866
1743582082.505098
1743582082.536982
1743582082.569207
1743582082.601016
1743582082.633217
1743582082.664600
1743582082.680606
1743582082.712925
1743582082.745068
1743582082.776659
1743582082.808656
1743582082.840818
1743582082.872925
1743582082.904935
1743582082.936440
1743582082.969351
1743582083.001291
1743582083.032940
1743582083.065189
1743582083.096425
1743582083.112488
1743582083.144631
1743582083.176721
1743582083.208693
1743582083.240972
1743582083.273110
1743582083.305144
1743582083.336777
1743582083.384949
1743582083.416968
1743582083.449058
1743582083.480020
1743582083.496553
1743582083.528641
1743582083.560733
1743582083.592398
1743582083.625272
1743582083.657174
1743582083.689235
1743582083.720910
1743582083.752982
1743582083.784750
1743582083.817272
1743582083.848757
1743582083.880605
1743582083.912741
1743582083.944776
1743582083.976764
1743582084.009064
1743582084.041175
1743582084.072987
1743582084.104723
1743582084.136905
1743582084.168794
1743582084.201174
1743582084.232628
1743582084.264715
1743582084.296800
1743582084.328841
1743582084.360740
1743582084.392880
1743582084.424871
1743582084.457041
1743582084.488646
1743582084.521126
1743582084.553149
1743582084.585218
1743582084.616754
1743582084.648822
1743582084.696798
1743582084.728648
1743582084.760381
1743582084.776352
1743582084.792698
1743582084.824862
1743582084.856985
1743582084.889001
1743582084.921199
1743582084.953220
1743582084.985151
1743582085.017468
1743582085.048801
1743582085.080620
1743582085.112549
1743582085.128453
1743582085.144584
1743582085.160552
1743582085.176752
1743582085.208975
1743582085.241080
1743582085.273344
1743582085.304644
1743582085.337181
1743582085.368956
1743582085.401127
1743582085.432337
1743582085.464809
1743582085.496507
1743582085.512536
1743582085.544517
1743582085.576855
1743582085.609040
1743582085.641232
1743582085.672777
1743582085.704709
1743582085.737158
1743582085.769141
1743582085.800615
1743582085.833226
1743582085.864757
1743582085.896975
1743582085.928909
1743582085.960752
1743582085.993379
1743582086.025040
1743582086.056570
1743582086.089000
1743582086.120895
1743582086.152948
1743582086.184633
1743582086.217542
1743582086.249165
1743582086.280734
1743582086.312300
1743582086.328314
1743582086.360701
1743582086.392737
1743582086.424607
1743582086.457158
1743582086.489243
1743582086.521351
1743582086.553279
1743582086.585194
1743582086.617251
1743582086.649089
1743582086.680469
1743582086.712576
1743582086.744550
1743582086.776699
1743582086.808560
1743582086.841243
1743582086.873148
1743582086.905024
1743582086.937165
1743582086.969408
1743582087.000818
1743582087.033017
1743582087.064691
1743582087.096501
1743582087.112508
1743582087.128493
1743582087.160655
1743582087.176647
1743582087.208932
1743582087.241204
1743582087.288772
1743582087.320856
1743582087.352893
1743582087.384870
1743582087.416543
1743582087.448601
1743582087.480664
1743582087.496304
1743582087.512677
1743582087.544933
1743582087.576993
1743582087.624768
1743582087.656464
1743582087.688981
1743582087.720865
1743582087.752940
1743582087.785046
1743582087.816980
1743582087.849303
1743582087.880727
1743582087.912950
1743582087.945240
1743582087.976720
1743582088.008611
1743582088.041025
1743582088.072818
1743582088.104864
1743582088.137241
1743582088.168517
1743582088.201086
1743582088.233174
1743582088.265193
1743582088.296017
1743582088.312390
1743582088.344538
1743582088.376803
1743582088.408848
1743582088.441055
1743582088.473188
1743582088.505134
1743582088.537186
1743582088.569349
1743582088.601301
1743582088.633138
1743582088.664406
1743582088.680446
1743582088.712539
1743582088.744709
1743582088.776810
1743582088.808787
1743582088.841063
1743582088.873188
1743582088.920828
1743582088.953023
1743582088.984879
1743582089.017008
1743582089.049094
1743582089.080716
1743582089.112484
1743582089.128679
1743582089.160895
1743582089.192969
1743582089.240647
1743582089.273197
1743582089.304600
1743582089.337016
1743582089.369191
1743582089.401157
1743582089.432514
1743582089.464752
1743582089.496732
1743582089.512795
1743582089.544516
1743582089.577022
1743582089.608914
1743582089.640769
1743582089.672933
1743582089.705088
1743582089.737139
1743582089.769446
1743582089.801056
1743582089.833179
1743582089.864913
1743582089.896972
1743582089.928173
1743582089.944432
1743582089.976645
1743582090.008655
1743582090.040848
1743582090.073022
1743582090.105086
1743582090.137073
1743582090.168808
1743582090.216700
1743582090.248343
1743582090.280692
1743582090.312498
1743582090.344552
1743582090.376761
1743582090.392982
1743582090.424888
1743582090.457319
1743582090.489191
1743582090.521266
1743582090.552828
1743582090.584970
1743582090.617511
1743582090.648862
1743582090.680417
1743582090.712226
1743582090.728574
1743582090.744755
1743582090.776920
1743582090.808978
1743582090.841154
1743582090.873311
1743582090.905040
1743582090.937054
1743582090.968751
1743582091.001216
1743582091.033260
1743582091.064847
1743582091.096418
1743582091.112763
1743582091.144850
1743582091.192525
1743582091.224633
1743582091.256838
1743582091.288897
1743582091.321125
1743582091.352490
1743582091.385255
1743582091.417163
1743582091.449167
1743582091.480443
1743582091.496713
1743582091.529083
1743582091.560617
1743582091.592321
1743582091.624881
1743582091.656888
1743582091.689086
1743582091.720944
1743582091.753188
1743582091.785131
1743582091.817319
1743582091.848781
1743582091.880571
1743582091.912489
1743582091.944762
1743582091.976429
1743582092.008835
1743582092.040811
1743582092.073387
1743582092.104628
1743582092.137489
1743582092.169392
1743582092.201229
1743582092.232411
1743582092.248447
1743582092.280590
1743582092.312680
1743582092.344398
1743582092.360765
1743582092.393009
1743582092.425230
1743582092.456987
1743582092.504781
1743582092.537036
1743582092.569094
1743582092.600315
1743582092.632814
1743582092.664597
1743582092.696769
1743582092.728537
1743582092.744613
1743582092.760701
1743582092.776734
1743582092.824681
1743582092.856930
1743582092.888860
1743582092.920985
1743582092.953018
1743582092.984988
1743582093.017020
1743582093.049079
1743582093.080749
1743582093.112716
1743582093.145146
1743582093.176667
1743582093.208811
1743582093.240875
1743582093.273056
1743582093.305074
1743582093.336518
1743582093.369184
1743582093.401166
1743582093.433220
1743582093.480643
1743582093.512653
1743582093.528407
1743582093.544559
1743582093.560614
1743582093.592867
1743582093.624753
1743582093.657370
1743582093.688487
1743582093.721116
1743582093.753352
1743582093.800731
1743582093.832335
1743582093.848355
1743582093.864404
1743582093.896596
1743582093.912641
1743582093.928834
1743582093.960560
1743582093.992551
1743582094.024725
1743582094.057458
1743582094.089467
1743582094.121227
1743582094.152569
1743582094.184862
1743582094.217037
1743582094.248817
1743582094.280209
1743582094.296553
1743582094.328711
1743582094.360587
1743582094.376802
1743582094.409256
1743582094.456779
1743582094.488825
1743582094.520799
1743582094.553146
1743582094.585082
1743582094.617004
1743582094.648955
1743582094.681146
1743582094.712755
1743582094.744919
1743582094.777188
1743582094.808818
1743582094.840881
1743582094.872855
1743582094.905120
1743582094.937054
1743582094.969210
1743582095.001168
1743582095.033019
1743582095.064714
1743582095.097177
1743582095.128621
1743582095.160787
1743582095.192815
1743582095.224788
1743582095.257207
1743582095.288940
1743582095.321126
1743582095.352978
1743582095.385250
1743582095.432925
1743582095.464509
1743582095.496479
1743582095.512558
1743582095.544257
1743582095.560504
1743582095.592860
1743582095.625176
1743582095.656977
1743582095.689310
1743582095.721046
1743582095.753204
1743582095.784556
1743582095.817277
1743582095.848918
1743582095.880668
1743582095.912825
1743582095.944664
1743582095.976849
1743582096.008992
1743582096.041001
1743582096.072978
1743582096.104830
1743582096.137046
1743582096.168763
1743582096.201250
1743582096.232936
1743582096.264698
1743582096.296543
1743582096.312560
1743582096.344764
1743582096.377182
1743582096.408736
1743582096.440899
1743582096.472820
1743582096.505046
1743582096.536548
1743582096.569422
1743582096.601241
1743582096.633159
1743582096.664791
1743582096.697044
1743582096.729149
1743582096.760614
1743582096.792679
1743582096.824896
1743582096.857013
1743582096.888844
1743582096.920995
1743582096.953228
1743582096.984976
1743582097.017028
1743582097.048759
1743582097.080773
1743582097.112482
1743582097.144563
1743582097.176814
1743582097.208993
1743582097.240980
1743582097.273178
1743582097.305105
1743582097.337436
1743582097.385094
1743582097.416823
1743582097.448477
1743582097.464509
1743582097.480492
1743582097.496422
1743582097.528694
1743582097.560604
1743582097.576452
1743582097.592581
1743582097.624803
1743582097.657457
1743582097.704720
1743582097.737035
1743582097.768529
1743582097.801051
1743582097.832971
1743582097.864635
1743582097.896569
1743582097.928766
1743582097.960790
1743582097.993091
1743582098.024757
1743582098.056080
1743582098.072282
1743582098.104613
1743582098.136672
1743582098.169231
1743582098.201000
1743582098.233207
1743582098.264427
1743582098.296669
1743582098.312751
1743582098.328793
1743582098.360944
1743582098.392352
1743582098.424724
1743582098.457202
1743582098.489006
1743582098.521071
1743582098.553165
1743582098.585021
1743582098.617303
1743582098.649096
1743582098.680483
1743582098.712626
1743582098.744334
1743582098.760358
1743582098.792949
1743582098.825145
1743582098.857179
1743582098.889137
1743582098.920994
1743582098.953181
1743582099.001005
1743582099.033179
1743582099.064101
1743582099.080584
1743582099.112657
1743582099.144622
1743582099.176652
1743582099.209039
1743582099.241204
1743582099.273280
1743582099.304661
1743582099.337257
1743582099.369067
1743582099.400986
1743582099.432612
1743582099.464705
1743582099.496579
1743582099.528687
1743582099.560334
1743582099.576643
1743582099.592678
1743582099.625122
1743582099.656507
1743582099.689011
1743582099.720837
1743582099.753174
1743582099.784572
1743582099.817062
1743582099.848979
1743582099.880794
1743582099.912445
1743582099.928588
1743582099.976720
1743582100.008725
1743582100.040624
1743582100.073048
1743582100.105051
1743582100.136774
1743582100.168892
1743582100.201051
1743582100.233314
1743582100.264715
1743582100.312471
1743582100.344476
1743582100.376583
1743582100.409087
1743582100.440515
1743582100.473122
1743582100.505058
1743582100.537090
1743582100.568907
1743582100.601103
1743582100.632955
1743582100.664618
1743582100.696422
1743582100.712394
1743582100.744822
1743582100.776717
1743582100.808583
1743582100.841181
1743582100.873170
1743582100.905264
1743582100.953001
1743582100.984695
1743582101.016776
1743582101.048902
1743582101.080429
1743582101.096535
1743582101.128473
1743582101.144650
1743582101.176883
1743582101.208716
1743582101.241112
1743582101.288716
1743582101.320640
1743582101.352954
1743582101.384987
1743582101.417125
1743582101.448728
1743582101.480835
1743582101.512543
1743582101.528599
1743582101.560568
1743582101.576790
1743582101.609091
1743582101.640733
1743582101.672729
1743582101.704760
1743582101.736955
1743582101.769210
1743582101.800764
1743582101.833146
1743582101.864761
1743582101.896938
1743582101.929101
1743582101.960569
1743582101.992743
1743582102.024974
1743582102.057153
1743582102.089262
1743582102.121112
1743582102.153016
1743582102.184898
1743582102.217162
1743582102.264708
1743582102.296669
1743582102.328049
1743582102.344381
1743582102.360585
1743582102.376542
1743582102.408611
1743582102.440814
1743582102.472882
1743582102.505047
1743582102.536939
1743582102.584895
1743582102.616789
1743582102.648765
1743582102.680282
1743582102.696618
1743582102.728615
1743582102.760725
1743582102.792767
1743582102.824920
1743582102.857213
1743582102.904870
1743582102.936685
1743582102.969180
1743582103.000956
1743582103.033115
1743582103.064477
1743582103.096598
1743582103.128811
1743582103.160879
1743582103.193006
1743582103.240604
1743582103.272699
1743582103.304823
1743582103.336666
1743582103.369106
1743582103.401238
1743582103.433096
1743582103.464472
1743582103.496650
1743582103.512670
1743582103.560633
1743582103.592196
1743582103.624829
1743582103.656885
1743582103.688937
1743582103.720384
1743582103.753169
1743582103.785174
1743582103.817161
1743582103.848994
1743582103.880938
1743582103.912673
1743582103.944537
1743582103.976614
1743582104.008679
1743582104.041094
1743582104.072953
1743582104.104649
1743582104.137111
1743582104.169300
1743582104.216673
1743582104.248154
1743582104.264240
1743582104.280264
1743582104.296486
1743582104.328450
1743582104.344423
1743582104.360565
1743582104.376469
1743582104.408595
1743582104.441159
1743582104.473276
1743582104.505118
1743582104.536665
1743582104.569166
1743582104.601197
1743582104.633184
1743582104.664360
1743582104.680420
1743582104.712637
1743582104.744594
1743582104.776768
1743582104.808848
1743582104.856760
1743582104.888798
1743582104.920586
1743582104.953165
1743582104.984959
1743582105.017188
1743582105.048528
1743582105.080584
1743582105.112805
1743582105.144872
1743582105.192755
1743582105.224806
1743582105.257107
1743582105.288880
1743582105.320397
1743582105.352978
1743582105.385236
1743582105.417166
1743582105.448500
1743582105.464569
1743582105.480657
1743582105.513036
1743582105.544034
1743582105.560482
1743582105.592661
1743582105.624610
1743582105.656725
1743582105.688965
1743582105.720909
1743582105.752927
1743582105.784906
1743582105.833013
1743582105.864613
1743582105.896703
1743582105.928355
1743582105.944470
1743582105.976918
1743582106.008756
1743582106.041018
1743582106.073150
1743582106.105322
1743582106.137160
1743582106.168737
1743582106.200451
1743582106.233025
1743582106.264608
1743582106.296558
1743582106.328620
1743582106.360775
1743582106.392916
1743582106.424850
1743582106.457330
1743582106.488288
1743582106.520753
1743582106.552847
1743582106.585034
1743582106.616614
1743582106.648750
1743582106.680540
1743582106.712778
1743582106.744540
1743582106.760527
1743582106.808610
1743582106.840759
1743582106.872579
1743582106.904802
1743582106.936856
1743582106.968935
1743582107.000764
1743582107.032858
1743582107.064743
1743582107.096868
1743582107.144474
1743582107.176508
1743582107.208850
1743582107.240645
1743582107.272692
1743582107.305066
1743582107.337107
1743582107.369129
1743582107.401039
1743582107.433235
1743582107.465082
1743582107.496439
1743582107.528193
1743582107.544624
1743582107.576758
1743582107.608965
1743582107.640313
1743582107.673012
1743582107.705246
1743582107.737043
1743582107.784837
1743582107.816820
1743582107.849058
1743582107.880613
1743582107.912565
1743582107.944680
1743582107.976733
1743582108.008924
1743582108.040647
1743582108.073171
1743582108.120851
1743582108.152760
1743582108.184598
1743582108.217096
1743582108.248825
1743582108.280708
1743582108.312570
1743582108.344695
1743582108.376999
1743582108.408974
1743582108.440876
1743582108.472661
1743582108.504696
1743582108.537403
1743582108.568558
1743582108.601141
1743582108.633138
1743582108.664685
1743582108.696372
1743582108.712619
1743582108.728925
1743582108.761062
1743582108.792167
1743582108.824833
1743582108.856841
1743582108.888902
1743582108.921019
1743582108.953102
1743582108.984866
1743582109.017196
1743582109.049135
1743582109.096340
1743582109.128471
1743582109.160556
1743582109.192497
1743582109.224924
1743582109.256881
1743582109.288943
1743582109.321210
1743582109.353117
1743582109.385183
1743582109.417217
1743582109.448676
1743582109.480777
1743582109.512527
1743582109.544690
1743582109.576276
1743582109.592163
1743582109.608473
1743582109.640905
1743582109.672659
1743582109.705249
1743582109.737060
1743582109.769064
1743582109.800540
1743582109.832996
1743582109.864616
1743582109.896622
1743582109.928203
1743582109.944494
1743582109.960607
1743582109.976797
1743582110.008756
1743582110.041039
1743582110.073230
1743582110.104731
1743582110.136816
1743582110.169093
1743582110.200906
1743582110.232944
1743582110.264226
1743582110.280528
1743582110.296775
1743582110.312711
1743582110.344611
1743582110.360640
1743582110.393286
1743582110.424639
1743582110.456548
1743582110.489088
1743582110.520828
1743582110.553069
1743582110.584454
1743582110.616870
1743582110.648805
1743582110.680635
1743582110.712878
1743582110.744620
1743582110.776762
1743582110.808752
1743582110.840669
1743582110.872961
1743582110.904905
1743582110.937096
1743582110.969207
1743582111.001129
1743582111.048998
1743582111.080468
1743582111.112341
1743582111.128390
1743582111.144466
1743582111.160580
1743582111.193086
1743582111.224764
1743582111.257059
1743582111.289178
1743582111.320990
1743582111.368800
1743582111.400892
1743582111.432892
1743582111.464501
1743582111.496429
1743582111.512397
1743582111.528466
1743582111.560434
1743582111.592659
1743582111.625138
1743582111.657100
1743582111.688825
1743582111.721013
1743582111.752920
1743582111.784669
1743582111.816305
1743582111.832554
1743582111.864623
1743582111.896735
1743582111.928384
1743582111.944535
1743582111.976898
1743582112.024442
1743582112.056433
1743582112.088983
1743582112.121082
1743582112.153134
1743582112.184436
1743582112.217118
1743582112.249031
1743582112.280808
1743582112.312487
1743582112.345118
1743582112.376551
1743582112.408854
1743582112.440509
1743582112.472888
1743582112.504816
1743582112.537015
1743582112.569007
1743582112.601109
1743582112.633082
1743582112.664957
1743582112.696358
1743582112.712380
1743582112.744426
1743582112.776587
1743582112.808281
1743582112.840919
1743582112.873014
1743582112.905160
1743582112.937130
1743582112.969423
1743582113.001157
1743582113.032863
1743582113.064174
1743582113.080463
1743582113.112488
1743582113.144685
1743582113.176710
1743582113.208870
1743582113.240931
1743582113.273055
1743582113.320496
1743582113.352867
1743582113.385029
1743582113.417071
1743582113.448569
1743582113.480833
1743582113.512631
1743582113.544487
1743582113.576507
1743582113.608993
1743582113.641049
1743582113.673159
1743582113.704622
1743582113.736919
1743582113.769133
1743582113.801008
1743582113.832466
1743582113.864614
1743582113.896606
1743582113.912824
1743582113.944548
1743582113.976491
1743582114.008607
1743582114.040803
1743582114.072927
1743582114.104696
1743582114.137226
1743582114.169085
1743582114.201404
1743582114.233180
1743582114.264190
1743582114.297036
1743582114.328634
1743582114.360663
1743582114.392147
1743582114.408082
1743582114.424297
1743582114.440346
1743582114.472650
1743582114.505119
1743582114.536988
1743582114.568922
1743582114.616809
1743582114.648924
1743582114.680349
1743582114.696304
1743582114.712573
1743582114.744663
1743582114.760690
1743582114.792763
1743582114.824664
1743582114.857079
1743582114.889081
1743582114.921164
1743582114.952394
1743582114.984655
1743582115.017076
1743582115.049020
1743582115.080245
1743582115.096480
1743582115.128719
1743582115.160761
1743582115.192687
1743582115.225050
1743582115.272964
1743582115.304764
1743582115.336650
1743582115.369221
1743582115.401084
1743582115.433252
1743582115.464339
1743582115.480456
1743582115.512600
1743582115.545207
1743582115.592658
1743582115.624572
1743582115.656962
1743582115.688778
1743582115.720333
1743582115.736251
1743582115.769148
1743582115.801095
1743582115.832632
1743582115.864728
1743582115.896644
1743582115.929136
1743582115.960446
1743582115.976394
1743582115.992538
1743582116.024828
1743582116.056545
1743582116.088753
1743582116.120963
1743582116.152986
1743582116.184622
1743582116.217196
1743582116.249025
1743582116.280465
1743582116.311981
1743582116.328353
1743582116.360732
1743582116.392832
1743582116.424249
1743582116.457126
1743582116.489067
1743582116.521098
1743582116.568970
1743582116.600890
1743582116.633157
1743582116.664675
1743582116.696606
1743582116.728662
1743582116.760634
1743582116.792895
1743582116.824728
1743582116.857204
1743582116.904892
1743582116.936840
1743582116.968605
1743582117.001221
1743582117.032945
1743582117.064720
1743582117.096482
1743582117.112603
1743582117.144778
1743582117.177195
1743582117.224587
1743582117.257071
1743582117.288864
1743582117.320985
1743582117.352730
1743582117.384992
1743582117.417070
1743582117.449118
1743582117.480475
1743582117.496535
1743582117.512794
1743582117.545230
1743582117.576383
1743582117.608612
1743582117.640764
1743582117.672789
1743582117.704603
1743582117.737176
1743582117.767673
1743582117.784257
1743582117.799610
1743582117.815674
1743582117.832842
1743582117.880396
1743582117.911945
1743582117.928470
1743582117.960568
1743582117.976675
1743582118.008910
1743582118.041023
1743582118.073082
1743582118.104988
1743582118.136599
1743582118.169152
1743582118.201267
1743582118.233070
1743582118.263899
1743582118.280400
1743582118.312670
1743582118.344572
1743582118.376155
1743582118.408989
1743582118.440884
1743582118.473075
1743582118.520942
1743582118.553062
1743582118.584863
1743582118.616906
1743582118.648500
1743582118.680525
1743582118.712600
1743582118.744557
1743582118.776769
1743582118.808981
1743582118.856495
1743582118.888886
1743582118.920444
1743582118.952939
1743582118.985163
1743582119.017213
1743582119.048875
1743582119.080592
1743582119.112584
1743582119.128578
1743582119.176735
1743582119.208876
1743582119.240685
1743582119.272761
1743582119.304888
1743582119.337002
1743582119.369192
1743582119.400981
1743582119.432908
1743582119.464802
1743582119.496914
1743582119.527906
1743582119.544573
1743582119.576674
1743582119.608680
1743582119.640789
1743582119.672735
1743582119.704999
1743582119.737089
1743582119.769379
1743582119.800575
1743582119.833159
1743582119.864308
1743582119.880242
1743582119.912294
1743582119.928334
1743582119.960729
1743582119.992862
1743582120.025149
1743582120.057152
1743582120.089236
1743582120.120992
1743582120.152831
1743582120.184727
1743582120.216629
1743582120.248419
1743582120.280319
1743582120.312431
1743582120.344653
1743582120.376683
1743582120.408604
1743582120.441016
1743582120.472975
1743582120.504744
1743582120.536343
1743582120.569157
1743582120.600949
1743582120.633140
1743582120.664091
1743582120.680242
1743582120.696459
1743582120.712477
1743582120.728701
1743582120.760939
1743582120.808735
1743582120.840700
1743582120.872568
1743582120.904910
1743582120.937199
1743582120.969261
1743582121.000514
1743582121.033381
1743582121.064787
1743582121.096985
1743582121.128775
1743582121.160567
1743582121.192644
1743582121.224818
1743582121.256900
1743582121.288863
1743582121.320997
1743582121.353134
1743582121.384702
1743582121.417270
1743582121.449197
1743582121.480685
1743582121.512257
1743582121.528474
1743582121.560695
1743582121.592665
1743582121.624556
1743582121.656570
1743582121.688918
1743582121.721289
1743582121.752886
1743582121.784983
1743582121.816728
1743582121.832373
1743582121.864539
1743582121.896399
1743582121.928036
1743582121.944346
1743582121.960474
1743582121.976605
1743582121.992683
1743582122.025077
1743582122.056998
1743582122.104751
1743582122.136421
1743582122.169017
1743582122.200934
1743582122.232967
1743582122.264517
1743582122.296630
1743582122.328463
1743582122.360686
1743582122.392322
1743582122.425015
1743582122.457017
1743582122.488994
1743582122.520269
1743582122.552805
1743582122.584872
1743582122.617029
1743582122.648553
1743582122.680740
1743582122.712573
1743582122.728589
1743582122.760809
1743582122.792685
1743582122.824645
1743582122.856842
1743582122.888596
1743582122.920985
1743582122.952866
1743582122.984894
1743582123.016905
1743582123.049145
1743582123.081201
1743582123.112636
1743582123.144363
1743582123.160396
1743582123.192626
1743582123.224895
1743582123.256892
1743582123.289103
1743582123.321252
1743582123.353145
1743582123.400897
1743582123.432879
1743582123.464424
1743582123.496606
1743582123.528370
1743582123.544449
1743582123.576593
1743582123.608639
1743582123.640582
1743582123.673123
1743582123.705204
1743582123.737119
1743582123.768421
1743582123.800493
1743582123.832848
1743582123.848325
1743582123.880546
1743582123.896460
1743582123.912612
1743582123.928804
1743582123.960309
1743582123.976276
1743582123.992424
1743582124.025118
1743582124.057542
1743582124.088931
1743582124.120882
1743582124.152931
1743582124.184347
1743582124.216899
1743582124.248979
1743582124.280567
1743582124.312418
1743582124.328584
1743582124.376417
1743582124.408535
1743582124.440250
1743582124.472951
1743582124.504680
1743582124.536919
1743582124.568434
1743582124.601026
1743582124.632934
1743582124.664838
1743582124.712312
1743582124.744466
1743582124.776576
1743582124.808632
1743582124.840967
1743582124.872993
1743582124.904891
1743582124.937248
1743582124.968588
1743582125.001613
1743582125.033168
1743582125.064358
1743582125.096346
1743582125.112431
1743582125.128555
1743582125.160690
1743582125.192641
1743582125.224922
1743582125.256910
1743582125.288988
1743582125.320998
1743582125.352919
1743582125.384981
1743582125.417063
1743582125.448937
1743582125.480794
1743582125.512648
1743582125.544591
1743582125.576488
1743582125.608917
1743582125.640918
1743582125.688656
1743582125.720253
1743582125.752822
1743582125.784756
1743582125.816944
1743582125.848353
1743582125.864348
1743582125.896833
1743582125.928502
1743582125.960670
1743582126.008434
1743582126.040957
1743582126.072938
1743582126.104530
1743582126.136742
1743582126.169101
1743582126.200752
1743582126.232663
1743582126.264645
1743582126.296814
1743582126.328944
1743582126.360038
1743582126.376102
1743582126.392426
1743582126.424947
1743582126.456704
1743582126.489248
1743582126.521147
1743582126.552886
1743582126.585074
1743582126.617085
1743582126.664921
1743582126.696224
1743582126.727984
1743582126.744240
1743582126.760469
1743582126.776632
1743582126.808644
1743582126.840838
1743582126.872855
1743582126.905158
1743582126.936916
1743582126.984694
1743582127.016851
1743582127.048765
1743582127.079692
1743582127.096283
1743582127.128043
1743582127.160985
1743582127.192653
1743582127.224898
1743582127.256996
1743582127.304755
1743582127.336402
1743582127.369292
1743582127.401182
1743582127.433043
1743582127.464477
1743582127.480446
1743582127.512658
1743582127.544678
1743582127.576743
1743582127.608937
1743582127.640734
1743582127.672981
1743582127.704793
1743582127.736776
1743582127.768845
1743582127.800978
1743582127.832419
1743582127.864627
1743582127.880393
1743582127.896557
1743582127.912698
1743582127.960403
1743582127.992879
1743582128.024586
1743582128.056560
1743582128.088956
1743582128.120953
1743582128.152782
1743582128.185122
1743582128.217083
1743582128.249121
1743582128.280869
1743582128.312188
1743582128.328217
1743582128.344313
1743582128.360349
1743582128.392762
1743582128.424795
1743582128.456932
1743582128.489081
1743582128.520417
1743582128.536665
1743582128.569130
1743582128.616853
1743582128.648149
1743582128.664292
1743582128.696342
1743582128.712446
1743582128.744488
1743582128.776519
1743582128.808735
1743582128.840820
1743582128.872682
1743582128.905075
1743582128.937096
1743582128.968899
1743582129.000622
1743582129.032738
1743582129.064672
1743582129.096620
1743582129.128361
1743582129.144345
1743582129.176905
1743582129.208908
1743582129.256707
1743582129.288214
1743582129.320842
1743582129.352976
1743582129.384806
1743582129.417053
1743582129.448786
1743582129.480795
1743582129.512784
1743582129.544931
1743582129.592459
1743582129.624824
1743582129.656864
1743582129.688773
1743582129.720867
1743582129.753191
1743582129.784978
1743582129.816942
1743582129.848547
1743582129.880873
1743582129.912985
1743582129.944232
1743582129.976187
1743582130.008832
1743582130.040921
1743582130.072808
1743582130.104457
1743582130.137176
1743582130.169097
1743582130.201074
1743582130.232449
1743582130.264447
1743582130.296346
1743582130.328508
1743582130.360351
1743582130.392627
1743582130.424772
1743582130.456794
1743582130.488493
1743582130.521031
1743582130.568720
1743582130.600749
1743582130.632210
1743582130.648487
1743582130.680451
1743582130.712679
1743582130.744229
1743582130.760442
1743582130.793069
1743582130.824915
1743582130.857087
1743582130.889186
1743582130.920974
1743582130.952717
1743582130.985079
1743582131.016888
1743582131.049077
1743582131.080708
1743582131.112575
1743582131.128437
1743582131.144540
1743582131.160652
1743582131.208405
1743582131.240876
1743582131.272927
1743582131.304850
1743582131.336384
1743582131.369102
1743582131.401082
1743582131.433252
1743582131.464311
1743582131.480453
1743582131.512941
1743582131.545013
1743582131.576741
1743582131.608624
1743582131.640673
1743582131.673447
1743582131.704530
1743582131.737101
1743582131.769231
1743582131.801092
1743582131.832939
1743582131.864889
1743582131.896386
1743582131.912291
1743582131.944198
1743582131.960309
1743582131.976425
1743582131.992395
1743582132.024483
1743582132.057179
1743582132.088717
1743582132.120966
1743582132.152716
1743582132.184963
1743582132.216727
1743582132.248326
1743582132.280028
1743582132.296260
1743582132.312465
1743582132.328503
1743582132.360608
1743582132.392796
1743582132.424714
1743582132.457083
1743582132.488792
1743582132.520880
1743582132.552677
1743582132.584810
1743582132.616250
1743582132.648654
1743582132.680475
1743582132.712612
1743582132.744463
1743582132.760453
1743582132.776606
1743582132.792527
1743582132.840647
1743582132.872787
1743582132.905029
1743582132.937051
1743582132.968772
1743582133.001133
1743582133.032935
1743582133.064752
1743582133.096670
1743582133.129034
1743582133.161273
1743582133.192690
1743582133.224544
1743582133.257094
1743582133.288938
1743582133.320693
1743582133.352897
1743582133.384904
1743582133.417113
1743582133.449161
1743582133.496417
1743582133.528585
1743582133.560718
1743582133.592791
1743582133.624563
1743582133.656981
1743582133.689127
1743582133.721052
1743582133.752721
1743582133.785154
1743582133.816922
1743582133.848837
1743582133.880390
1743582133.912381
1743582133.928396
1743582133.944493
1743582133.976115
1743582133.992191
1743582134.008322
1743582134.040949
1743582134.072572
1743582134.105209
1743582134.137203
1743582134.169120
1743582134.200769
1743582134.232781
1743582134.264459
1743582134.296487
1743582134.328463
1743582134.360775
1743582134.392757
1743582134.424943
1743582134.472717
1743582134.504812
1743582134.536806
1743582134.568954
1743582134.600523
1743582134.632834
1743582134.664525
1743582134.696549
1743582134.728329
1743582134.744477
1743582134.792605
1743582134.824565
1743582134.856357
1743582134.888679
1743582134.920946
1743582134.952894
1743582134.984487
1743582135.017208
1743582135.048816
1743582135.080639
1743582135.112846
1743582135.144395
1743582135.176679
1743582135.208759
1743582135.240549
1743582135.272942
1743582135.304916
1743582135.336817
1743582135.369165
1743582135.401285
1743582135.448779
1743582135.480506
1743582135.512093
1743582135.528331
1743582135.544433
1743582135.560421
1743582135.592791
1743582135.624733
1743582135.657013
1743582135.689089
1743582135.720853
1743582135.768660
1743582135.800722
1743582135.832867
1743582135.864198
1743582135.880445
1743582135.912503
1743582135.928280
1743582135.960772
1743582135.992696
1743582136.024923
1743582136.057077
1743582136.088871
1743582136.120975
1743582136.152750
1743582136.185061
1743582136.216737
1743582136.248778
1743582136.280380
1743582136.296521
1743582136.328772
1743582136.360741
1743582136.393065
1743582136.425119
1743582136.456834
1743582136.488701
1743582136.520899
1743582136.552929
1743582136.585132
1743582136.616990
1743582136.648775
1743582136.680656
1743582136.712766
1743582136.745051
1743582136.776369
1743582136.808634
1743582136.840382
1743582136.872990
1743582136.904996
1743582136.936958
1743582136.968692
1743582137.000724
1743582137.033046
1743582137.065196
1743582137.096457
1743582137.128219
1743582137.144322
1743582137.176502
1743582137.208735
1743582137.240725
1743582137.272966
1743582137.304949
1743582137.337158
1743582137.368770
1743582137.400620
1743582137.432900
1743582137.464284
1743582137.496612
1743582137.528342
1743582137.544392
1743582137.560429
1743582137.576480
1743582137.592579
1743582137.624870
1743582137.657075
1743582137.689015
1743582137.720872
1743582137.752878
1743582137.784989
1743582137.816878
1743582137.848268
1743582137.864394
1743582137.880447
1743582137.912553
1743582137.928595
1743582137.960950
1743582137.992930
1743582138.040405
1743582138.072230
1743582138.104863
1743582138.136793
1743582138.169038
1743582138.200369
1743582138.232908
1743582138.264541
1743582138.296890
1743582138.328448
1743582138.344589
1743582138.377193
1743582138.408635
1743582138.440335
1743582138.472907
1743582138.505129
1743582138.537017
1743582138.568983
1743582138.601169
1743582138.633138
1743582138.664771
1743582138.696313
1743582138.728317
1743582138.760580
1743582138.792603
1743582138.824193
1743582138.857044
1743582138.889153
1743582138.921086
1743582138.952705
1743582138.985104
1743582139.017188
1743582139.048726
1743582139.080376
1743582139.112826
1743582139.144662
1743582139.176637
1743582139.208616
1743582139.240965
1743582139.273067
1743582139.304967
1743582139.352798
1743582139.384702
1743582139.417080
1743582139.448761
1743582139.480216
1743582139.496220
1743582139.512402
1743582139.528593
1743582139.560517
1743582139.576504
1743582139.609076
1743582139.640907
1743582139.672911
1743582139.705044
1743582139.736890
1743582139.768828
1743582139.800781
1743582139.833045
1743582139.864260
1743582139.880308
1743582139.896568
1743582139.928672
1743582139.944472
1743582139.960640
1743582139.992781
1743582140.024772
1743582140.056893
1743582140.088793
1743582140.120430
1743582140.152931
1743582140.184843
1743582140.217065
1743582140.248871
1743582140.280647
1743582140.328339
1743582140.360548
1743582140.392386
1743582140.424750
1743582140.456830
1743582140.488920
1743582140.520515
1743582140.552897
1743582140.585066
1743582140.617452
1743582140.648521
1743582140.680527
1743582140.712572
1743582140.744409
1743582140.776220
1743582140.792205
1743582140.824643
1743582140.856883
1743582140.888893
1743582140.921162
1743582140.968859
1743582141.000729
1743582141.032547
1743582141.064735
1743582141.096433
1743582141.128476
1743582141.160554
1743582141.193138
1743582141.225128
1743582141.257082
1743582141.304666
1743582141.336784
1743582141.368873
1743582141.400873
1743582141.432685
1743582141.464676
1743582141.496912
1743582141.528669
1743582141.560688
1743582141.592816
1743582141.624876
1743582141.656961
1743582141.688718
1743582141.721045
1743582141.752996
1743582141.784764
1743582141.816846
1743582141.849048
1743582141.880614
1743582141.912671
1743582141.944613
1743582141.960220
1743582141.976334
1743582142.008675
1743582142.040559
1743582142.072671
1743582142.104904
1743582142.136837
1743582142.168826
1743582142.201065
1743582142.233075
1743582142.280635
1743582142.311932
1743582142.328257
1743582142.344438
1743582142.360513
1743582142.376576
1743582142.408927
1743582142.441085
1743582142.473007
1743582142.504529
1743582142.537074
1743582142.569351
1743582142.601132
1743582142.632144
1743582142.648194
1743582142.680417
1743582142.712645
1743582142.744130
1743582142.760336
1743582142.776416
1743582142.792474
1743582142.824785
1743582142.857044
1743582142.888899
1743582142.921066
1743582142.952618
1743582142.984927
1743582143.017019
1743582143.049085
1743582143.080143
1743582143.096387
1743582143.112623
1743582143.144624
1743582143.176812
1743582143.208797
1743582143.256833
1743582143.288646
1743582143.320710
1743582143.352895
1743582143.384952
1743582143.416880
1743582143.449216
1743582143.480575
1743582143.512651
1743582143.528629
1743582143.576252
1743582143.608663
1743582143.640694
1743582143.672567
1743582143.704715
1743582143.736862
1743582143.769088
1743582143.800805
1743582143.832482
1743582143.848482
1743582143.896122
1743582143.928423
1743582143.960242
1743582143.976113
1743582143.992342
1743582144.024688
1743582144.056876
1743582144.088885
1743582144.121001
1743582144.153231
1743582144.184832
1743582144.232881
1743582144.264404
1743582144.296325
1743582144.328136
1743582144.344252
1743582144.376517
1743582144.408537
1743582144.440506
1743582144.472975
1743582144.504974
1743582144.552605
1743582144.584272
1743582144.616211
1743582144.648321
1743582144.664443
1743582144.696758
1743582144.728494
1743582144.760504
1743582144.776615
1743582144.808922
1743582144.840864
1743582144.872637
1743582144.904808
1743582144.937003
1743582144.969049
1743582145.000287
1743582145.033007
1743582145.064523
1743582145.096604
1743582145.128460
1743582145.144531
1743582145.160912
1743582145.208422
1743582145.240520
1743582145.272990
1743582145.304862
1743582145.337061
1743582145.368460
1743582145.401030
1743582145.432997
1743582145.464593
1743582145.496687
1743582145.528872
1743582145.560672
1743582145.592637
1743582145.624427
1743582145.656784
1743582145.689065
1743582145.720786
1743582145.752738
1743582145.785057
1743582145.816982
1743582145.848824
1743582145.879847
1743582145.896251
1743582145.912395
1743582145.944510
1743582145.976090
1743582145.992190
1743582146.024565
1743582146.056913
1743582146.088674
1743582146.121192
1743582146.153051
1743582146.185171
1743582146.216498
1743582146.248570
1743582146.280237
1743582146.296428
1743582146.328335
1743582146.360717
1743582146.392765
1743582146.424974
1743582146.456562
1743582146.504496
1743582146.536444
1743582146.568674
1743582146.600280
1743582146.632949
1743582146.664656
1743582146.696460
1743582146.728188
1743582146.744474
1743582146.760580
1743582146.776611
1743582146.824597
1743582146.856825
1743582146.888726
1743582146.920876
1743582146.952562
1743582146.984982
1743582147.016922
1743582147.049006
1743582147.080487
1743582147.112749
1743582147.160371
1743582147.192678
1743582147.224334
1743582147.256715
1743582147.288640
1743582147.321034
1743582147.352774
1743582147.384744
1743582147.417075
1743582147.449149
1743582147.480560
1743582147.512187
1743582147.528264
1743582147.544490
1743582147.576554
1743582147.608836
1743582147.640783
1743582147.673043
1743582147.704993
1743582147.737035
1743582147.769158
1743582147.801255
1743582147.832127
1743582147.848293
1743582147.880434
1743582147.912550
1743582147.944258
1743582147.960399
1743582147.992731
1743582148.024822
1743582148.056877
1743582148.089194
1743582148.136789
1743582148.169056
1743582148.200496
1743582148.232994
1743582148.264465
1743582148.296450
1743582148.328617
1743582148.360648
1743582148.392827
1743582148.424817
1743582148.456569
1743582148.488849
1743582148.520689
1743582148.552735
1743582148.584150
1743582148.616967
1743582148.649036
1743582148.680481
1743582148.712321
1743582148.728510
1743582148.744547
1743582148.776935
1743582148.808084
1743582148.840839
1743582148.872630
1743582148.904982
1743582148.936850
1743582148.969070
1743582149.000974
1743582149.032836
1743582149.064413
1743582149.080478
1743582149.112805
1743582149.144402
1743582149.176373
1743582149.208648
1743582149.240990
1743582149.272936
1743582149.304258
1743582149.336904
1743582149.369043
1743582149.401017
1743582149.432622
1743582149.464467
1743582149.496448
1743582149.528245
1743582149.560420
1743582149.592903
1743582149.624868
1743582149.657026
1743582149.688561
1743582149.721110
1743582149.753177
1743582149.784789
1743582149.816520
1743582149.848555
1743582149.880348
1743582149.912586
1743582149.944267
1743582149.960285
1743582149.976340
1743582150.009016
1743582150.040656
1743582150.088610
1743582150.120703
1743582150.152816
1743582150.184751
1743582150.217002
1743582150.248954
1743582150.280318
1743582150.312402
1743582150.328439
1743582150.360786
1743582150.408149
1743582150.440479
1743582150.472888
1743582150.505114
1743582150.536780
1743582150.568974
1743582150.601018
1743582150.632967
1743582150.664651
1743582150.696080
1743582150.728932
1743582150.760520
1743582150.792725
1743582150.824370
1743582150.856989
1743582150.888727
1743582150.921044
1743582150.952614
1743582150.985049
1743582151.017179
1743582151.064800
1743582151.096077
1743582151.112416
1743582151.144590
1743582151.176574
1743582151.208676
1743582151.240827
1743582151.272964
1743582151.305139
1743582151.336988
1743582151.384872
1743582151.416624
1743582151.448914
1743582151.480146
1743582151.496116
1743582151.512274
1743582151.544611
1743582151.576436
1743582151.608743
1743582151.640800
1743582151.672962
1743582151.704449
1743582151.736982
1743582151.769091
1743582151.800981
1743582151.832459
1743582151.864533
1743582151.896471
1743582151.928604
1743582151.960873
1743582151.992914
1743582152.040651
1743582152.072657
1743582152.104264
1743582152.137051
1743582152.169124
1743582152.200794
1743582152.232323
1743582152.264802
1743582152.296672
1743582152.328660
1743582152.360394
1743582152.392197
1743582152.424918
1743582152.456831
1743582152.488804
1743582152.520964
1743582152.552844
1743582152.584861
1743582152.616932
1743582152.649092
1743582152.680195
1743582152.696159
1743582152.712243
1743582152.728262
1743582152.759955
1743582152.792956
1743582152.824969
1743582152.857003
1743582152.888551
1743582152.921029
1743582152.953023
1743582152.985018
1743582153.016669
1743582153.048435
1743582153.080258
1743582153.112399
1743582153.144474
1743582153.176510
1743582153.208921
1743582153.240979
1743582153.272494
1743582153.305017
1743582153.337057
1743582153.368517
1743582153.400370
1743582153.433121
1743582153.464396
1743582153.496603
1743582153.528528
1743582153.560698
1743582153.592811
1743582153.625047
1743582153.656079
1743582153.688767
1743582153.720650
1743582153.752797
1743582153.784846
1743582153.817091
1743582153.848830
1743582153.880633
1743582153.912616
1743582153.928963
1743582153.960709
1743582153.992771
1743582154.024464
1743582154.056934
1743582154.088574
1743582154.120945
1743582154.152718
1743582154.185005
1743582154.217080
1743582154.248859
1743582154.280452
1743582154.313067
1743582154.344347
1743582154.360328
1743582154.392437
1743582154.424998
1743582154.456997
1743582154.488943
1743582154.520291
1743582154.553035
1743582154.585097
1743582154.632714
1743582154.664004
1743582154.680200
1743582154.712352
1743582154.744363
1743582154.776352
1743582154.808701
1743582154.840722
1743582154.873013
1743582154.904316
1743582154.937050
1743582154.969115
1743582155.000943
1743582155.032567
1743582155.064432
1743582155.096347
1743582155.128584
1743582155.160246
1743582155.176432
1743582155.208897
1743582155.240776
1743582155.288752
1743582155.320946
1743582155.352886
1743582155.385029
1743582155.416738
1743582155.448796
1743582155.480506
1743582155.512401
1743582155.544578
1743582155.576788
1743582155.608998
1743582155.640784
1743582155.672410
1743582155.704842
1743582155.736784
1743582155.769130
1743582155.800724
1743582155.833009
1743582155.864607
1743582155.896682
1743582155.944240
1743582155.976525
1743582156.008709
1743582156.041007
1743582156.072671
1743582156.104852
1743582156.137143
1743582156.169024
1743582156.200580
1743582156.233022
1743582156.265062
1743582156.296545
1743582156.328311
1743582156.360538
1743582156.392638
1743582156.424792
1743582156.456275
1743582156.488875
1743582156.521010
1743582156.552866
1743582156.584685
1743582156.616968
1743582156.648556
1743582156.680466
1743582156.712287
1743582156.728335
1743582156.760742
1743582156.792880
1743582156.824650
1743582156.857139
1743582156.888889
1743582156.921080
1743582156.952231
1743582156.984698
1743582157.017030
1743582157.048860
1743582157.080168
1743582157.096342
1743582157.128412
1743582157.144484
1743582157.176620
1743582157.208818
1743582157.240936
1743582157.272866
1743582157.304442
1743582157.337002
1743582157.368976
1743582157.400827
1743582157.432830
1743582157.464530
1743582157.496698
1743582157.528606
1743582157.560767
1743582157.592784
1743582157.624879
1743582157.656858
1743582157.688862
1743582157.720901
1743582157.752901
1743582157.784873
1743582157.816893
1743582157.848670
1743582157.896201
1743582157.928406
1743582157.960441
1743582157.992627
1743582158.024545
1743582158.056539
1743582158.088042
1743582158.103840
1743582158.120425
1743582158.153156
1743582158.184589
1743582158.217136
1743582158.248663
1743582158.280339
1743582158.312262
1743582158.328333
1743582158.360482
1743582158.392537
1743582158.424544
1743582158.457061
1743582158.489096
1743582158.536876
1743582158.568056
1743582158.600712
1743582158.632989
1743582158.664329
1743582158.696256
1743582158.712415
1743582158.744479
1743582158.776774
1743582158.808507
1743582158.841174
1743582158.873201
1743582158.905000
1743582158.936634
1743582158.968849
1743582159.000949
1743582159.032776
1743582159.064535
1743582159.096584
1743582159.128804
1743582159.160664
1743582159.192894
1743582159.224509
1743582159.256786
1743582159.288728
1743582159.320805
1743582159.352981
1743582159.384875
1743582159.417031
1743582159.449010
1743582159.480613
1743582159.512867
1743582159.544377
1743582159.576631
1743582159.608499
1743582159.640598
1743582159.672784
1743582159.704738
1743582159.736866
1743582159.769045
1743582159.801157
1743582159.848722
1743582159.880107
1743582159.896312
1743582159.928495
1743582159.960542
1743582159.992757
1743582160.024759
1743582160.056781
1743582160.088588
1743582160.104098
1743582160.120414
1743582160.136427
1743582160.168804
1743582160.200243
1743582160.216327
1743582160.232177
1743582160.248239
1743582160.264258
1743582160.280299
1743582160.296560
1743582160.312393
1743582160.328577
1743582160.344400
1743582160.360549
1743582160.376458
1743582160.392388
1743582160.408336
1743582160.424431
1743582160.440457
1743582160.456433
1743582160.488609
1743582160.503912
1743582160.520121
1743582160.536300
1743582160.552399
1743582160.568254
1743582160.584233
1743582160.600183
1743582160.616428
1743582160.632248
1743582160.648348
1743582160.664337
1743582160.680356
1743582160.696461
1743582160.712416
1743582160.728433
1743582160.744426
1743582160.760566
1743582160.776602
1743582160.792590
1743582160.824964
1743582160.856831
1743582160.888831
1743582160.920939
1743582160.952369
1743582160.967920
1743582160.984223
1743582161.000430
1743582161.016237
1743582161.032467
1743582161.048427
1743582161.064387
1743582161.080468
1743582161.096592
1743582161.112870
1743582161.144997
1743582161.176512
1743582161.192023
1743582161.208285
1743582161.224099
1743582161.240208
1743582161.256270
1743582161.272412
1743582161.288346
1743582161.304375
1743582161.320359
1743582161.336612
1743582161.352493
1743582161.368441
1743582161.384428
1743582161.400693
1743582161.416425
1743582161.432547
1743582161.465025
1743582161.496295
1743582161.512703
1743582161.528345
1743582161.544366
1743582161.560357
1743582161.576593
1743582161.592372
1743582161.608329
1743582161.624184
1743582161.640247
1743582161.656348
1743582161.672347
1743582161.688548
1743582161.704421
1743582161.720560
1743582161.736430
1743582161.752804
1743582161.768648
1743582161.801400
1743582161.832997
1743582161.864412
1743582161.880205
1743582161.896342
1743582161.912393
1743582161.928433
1743582161.944429
1743582161.960416
1743582161.976391
1743582161.992365
1743582162.008233
1743582162.024301
1743582162.040323
1743582162.056406
1743582162.072419
1743582162.088553
1743582162.121339
1743582162.152650
1743582162.184801
1743582162.216937
1743582162.248327
1743582162.264368
1743582162.280247
1743582162.296427
1743582162.312392
1743582162.328637
1743582162.344444
1743582162.360470
1743582162.376555
1743582162.392500
1743582162.408434
1743582162.441286
1743582162.472891
1743582162.504725
1743582162.536893
1743582162.569011
1743582162.601116
1743582162.632698
1743582162.648225
1743582162.664324
1743582162.680393
1743582162.696532
1743582162.712733
1743582162.728534
1743582162.744615
1743582162.776620
1743582162.792385
1743582162.808193
1743582162.824179
1743582162.840243
1743582162.856393
1743582162.872347
1743582162.888407
1743582162.904409
1743582162.920322
1743582162.936372
1743582162.952379
1743582162.968508
1743582162.984285
1743582163.000404
1743582163.016379
1743582163.032435
1743582163.048415
1743582163.064550
1743582163.096180
1743582163.112433
1743582163.128198
1743582163.144447
1743582163.160440
1743582163.176385
1743582163.192315
1743582163.208294
1743582163.224306
1743582163.240180
1743582163.256228
1743582163.272349
1743582163.288335
1743582163.304358
1743582163.320422
1743582163.336471
1743582163.352534
1743582163.368672
1743582163.384449
1743582163.416158
1743582163.432061
1743582163.448147
1743582163.464158
1743582163.480222
1743582163.496310
1743582163.512344
1743582163.544995
1743582163.576070
1743582163.592159
1743582163.608551
1743582163.624275
1743582163.640373
1743582163.656543
1743582163.672425
1743582163.688431
1743582163.704461
1743582163.720601
1743582163.753141
1743582163.784738
1743582163.816068
1743582163.832289
1743582163.848377
1743582163.864218
1743582163.880335
1743582163.896427
1743582163.912487
1743582163.928584
1743582163.944512
1743582163.960468
1743582163.976694
1743582163.992458
1743582164.008464
1743582164.024432
1743582164.040430
1743582164.056496
1743582164.088574
1743582164.120771
1743582164.152947
1743582164.185103
1743582164.216403
1743582164.232186
1743582164.248289
1743582164.264236
1743582164.280356
1743582164.296354
1743582164.312409
1743582164.328395
1743582164.344618
1743582164.360084
1743582164.393361
1743582164.424445
1743582164.439824
1743582164.456241
1743582164.472279
1743582164.488326
1743582164.504311
1743582164.520353
1743582164.536404
1743582164.552483
1743582164.568303
1743582164.584425
1743582164.600332
1743582164.616480
1743582164.632360
1743582164.648452
1743582164.664448
1743582164.680406
1743582164.696479
1743582164.728543
1743582164.744243
1743582164.760238
1743582164.776339
1743582164.792301
1743582164.808181
1743582164.824189
1743582164.840182
1743582164.856306
1743582164.872355
1743582164.888544
1743582164.904298
1743582164.920417
1743582164.936429
1743582164.952352
1743582164.968405
1743582164.984412
1743582165.000510
1743582165.016215
1743582165.048841
1743582165.080070
1743582165.096220
1743582165.112407
1743582165.128405
1743582165.144385
1743582165.160356
1743582165.176444
1743582165.192375
1743582165.208257
1743582165.224211
1743582165.240406
1743582165.256345
1743582165.272412
1743582165.288394
1743582165.304417
1743582165.320465
1743582165.336433
1743582165.369546
1743582165.400848
1743582165.432606
1743582165.448188
1743582165.464360
1743582165.480255
1743582165.496246
1743582165.512428
1743582165.528505
1743582165.544387
1743582165.560291
1743582165.576364
1743582165.592361
1743582165.608254
1743582165.624481
1743582165.640469
1743582165.656490
1743582165.672574
1743582165.705206
1743582165.736121
1743582165.752054
1743582165.768210
1743582165.784308
1743582165.800210
1743582165.816359
1743582165.832265
1743582165.848308
1743582165.864328
1743582165.880369
1743582165.896455
1743582165.912585
1743582165.928528
1743582165.944507
1743582165.960552
1743582165.976585
1743582165.992495
1743582166.024774
1743582166.040091
1743582166.056184
1743582166.072245
1743582166.088244
1743582166.104267
1743582166.120174
1743582166.136342
1743582166.152426
1743582166.168253
1743582166.184302
1743582166.200346
1743582166.216361
1743582166.232355
1743582166.248313
1743582166.264363
1743582166.280387
1743582166.296414
1743582166.312525
1743582166.344414
1743582166.360219
1743582166.376465
1743582166.392319
1743582166.408300
1743582166.424274
1743582166.440267
1743582166.456299
1743582166.472286
1743582166.488247
1743582166.504284
1743582166.520204
1743582166.536367
1743582166.552337
1743582166.568327
1743582166.584436
1743582166.600299
1743582166.616507
1743582166.632418
1743582166.648585
1743582166.681064
1743582166.712365
1743582166.728242
1743582166.744431
1743582166.760256
1743582166.776639
1743582166.792384
1743582166.808180
1743582166.824261
1743582166.840331
1743582166.856354
1743582166.872368
1743582166.888401
1743582166.904420
1743582166.920445
1743582166.936427
1743582166.952523
1743582166.968449
1743582166.984461
1743582167.017073
1743582167.047820
1743582167.064093
1743582167.080208
1743582167.096136
1743582167.112410
1743582167.128476
1743582167.144323
1743582167.160353
1743582167.176435
1743582167.192278
1743582167.208258
1743582167.224280
1743582167.240474
1743582167.256423
1743582167.272452
1743582167.288445
1743582167.320502
1743582167.335980
1743582167.352268
1743582167.368114
1743582167.384146
1743582167.400234
1743582167.416264
1743582167.432156
1743582167.448241
1743582167.464524
1743582167.480217
1743582167.496236
1743582167.512356
1743582167.528480
1743582167.544413
1743582167.560473
1743582167.576698
1743582167.592631
1743582167.608431
1743582167.624390
1743582167.657017
1743582167.688577
1743582167.720762
1743582167.752767
1743582167.784508
1743582167.800048
1743582167.816224
1743582167.832171
1743582167.848356
1743582167.864362
1743582167.880323
1743582167.896332
1743582167.912549
1743582167.928634
1743582167.944619
1743582167.960603
1743582167.993044
1743582168.024717
1743582168.056936
1743582168.088766
1743582168.120774
1743582168.152645
1743582168.184795
1743582168.217115
1743582168.248633
1743582168.264455
1743582168.296795
1743582168.312217
1743582168.328250
1743582168.344293
1743582168.360318
1743582168.376219
1743582168.392342
1743582168.408268
1743582168.424159
1743582168.440169
1743582168.456284
1743582168.472298
1743582168.488473
1743582168.504304
1743582168.520338
1743582168.536373
1743582168.552649
1743582168.568449
1743582168.584418
1743582168.600473
1743582168.633049
1743582168.664449
1743582168.680116
1743582168.696244
1743582168.712408
1743582168.728377
1743582168.744380
1743582168.760476
1743582168.776423
1743582168.792590
1743582168.808349
1743582168.824611
1743582168.840380
1743582168.856447
1743582168.872525
1743582168.888662
1743582168.904735
1743582168.920706
1743582168.953058
1743582168.984972
1743582169.017028
1743582169.048532
1743582169.064315
1743582169.080477
1743582169.096442
1743582169.112494
1743582169.128520
1743582169.144472
1743582169.160576
1743582169.176648
1743582169.192604
1743582169.208424
1743582169.224522
1743582169.240491
1743582169.273126
1743582169.304607
1743582169.320229
1743582169.336350
1743582169.352325
1743582169.368340
1743582169.384432
1743582169.400422
1743582169.416557
1743582169.432419
1743582169.448480
1743582169.464435
1743582169.480460
1743582169.496430
1743582169.512608
1743582169.528760
1743582169.544586
1743582169.560771
1743582169.576937
1743582169.609391
1743582169.640883
1743582169.672696
1743582169.688313
1743582169.720108
1743582169.736354
1743582169.752320
1743582169.768362
1743582169.784326
1743582169.800423
1743582169.816305
1743582169.832481
1743582169.848389
1743582169.864421
1743582169.880385
1743582169.896517
1743582169.912617
1743582169.944178
1743582169.960324
1743582169.976378
1743582169.992267
1743582170.008250
1743582170.024120
1743582170.040300
1743582170.056326
1743582170.072320
1743582170.088305
1743582170.104350
