1743583153.117684
1743583153.198132
1743583153.229643
1743583153.261250
1743583153.309917
1743583153.340993
1743583153.373442
1743583153.406187
1743583153.438283
1743583153.469875
1743583153.501827
1743583153.521666
1743583153.548716
1743583153.565671
1743583153.598308
1743583153.646056
1743583153.662502
1743583153.693639
1743583153.725599
1743583153.757889
1743583153.789672
1743583153.822137
1743583153.854213
1743583153.886587
1743583153.918697
1743583153.966798
1743583153.998761
1743583154.030782
1743583154.063903
1743583154.095816
1743583154.127475
1743583154.158998
1743583154.190970
1743583154.223351
1743583154.255292
1743583154.287736
1743583154.319614
1743583154.351734
1743583154.383759
1743583154.416482
1743583154.447480
1743583154.479724
1743583154.509738
1743583154.541454
1743583154.557977
1743583154.574505
1743583154.621693
1743583154.637281
1743583154.653577
1743583154.669621
1743583154.685596
1743583154.701759
1743583154.717877
1743583154.733891
1743583154.749913
1743583154.765933
1743583154.781872
1743583154.797831
1743583154.813884
1743583154.829711
1743583154.845825
1743583154.861936
1743583154.877818
1743583154.893931
1743583154.910149
1743583154.942756
1743583154.973950
1743583154.989664
1743583155.005824
1743583155.021660
1743583155.037618
1743583155.053662
1743583155.069773
1743583155.085742
1743583155.102083
1743583155.133615
1743583155.149651
1743583155.165709
1743583155.181989
1743583155.197814
1743583155.213981
1743583155.229927
1743583155.262530
1743583155.293481
1743583155.309674
1743583155.325760
1743583155.341722
1743583155.357712
1743583155.373892
1743583155.389774
1743583155.405882
1743583155.421797
1743583155.437829
1743583155.453876
1743583155.486401
1743583155.517795
1743583155.533594
1743583155.549950
1743583155.565776
1743583155.597886
1743583155.613865
1743583155.629638
1743583155.645685
1743583155.661888
1743583155.677831
1743583155.693854
1743583155.709761
1743583155.725678
1743583155.741985
1743583155.773845
1743583155.789685
1743583155.805863
1743583155.821963
1743583155.837855
1743583155.853879
1743583155.885766
1743583155.918371
1743583155.950068
1743583155.982177
1743583156.013638
1743583156.029521
1743583156.045714
1743583156.061762
1743583156.077787
1743583156.093802
1743583156.125901
1743583156.141798
1743583156.157873
1743583156.173967
1743583156.189923
1743583156.206219
1743583156.237920
1743583156.253648
1743583156.269777
1743583156.302177
1743583156.333415
1743583156.349544
1743583156.365581
1743583156.381857
1743583156.397649
1743583156.413710
1743583156.429699
1743583156.445752
1743583156.461628
1743583156.477795
1743583156.493805
1743583156.509867
1743583156.525905
1743583156.541892
1743583156.574228
1743583156.605540
1743583156.621501
1743583156.637550
1743583156.653624
1743583156.669591
1743583156.685825
1743583156.701800
1743583156.717669
1743583156.733693
1743583156.749773
1743583156.765671
1743583156.781960
1743583156.797781
1743583156.814149
1743583156.830187
1743583156.846137
1743583156.861980
1743583156.894303
1743583156.909669
1743583156.925700
1743583156.941737
1743583156.958033
1743583156.973863
1743583156.989772
1743583157.005913
1743583157.021750
1743583157.037817
1743583157.053686
1743583157.069672
1743583157.085794
1743583157.101871
1743583157.134638
1743583157.166412
1743583157.214053
1743583157.246340
1743583157.277759
1743583157.293953
1743583157.326246
1743583157.342047
1743583157.374343
1743583157.389888
1743583157.406171
1743583157.422043
1743583157.437817
1743583157.453762
1743583157.470107
1743583157.486089
1743583157.502042
1743583157.518058
1743583157.550404
1743583157.582301
1743583157.614360
1743583157.646443
1743583157.677886
1743583157.710073
1743583157.725836
1743583157.741967
1743583157.757887
1743583157.774012
1743583157.790089
1743583157.806021
1743583157.821982
1743583157.870164
1743583157.901820
1743583157.917698
1743583157.933716
1743583157.949780
1743583157.965686
1743583157.981676
1743583157.997827
1743583158.013927
1743583158.029961
1743583158.045789
1743583158.061813
1743583158.077812
1743583158.093834
1743583158.109873
1743583158.126027
1743583158.158319
1743583158.190756
1743583158.222173
1743583158.254120
1743583158.286128
1743583158.301570
1743583158.317861
1743583158.333839
1743583158.349898
1743583158.365861
1743583158.381851
1743583158.397785
1743583158.413772
1743583158.430129
1743583158.462495
1743583158.494050
1743583158.525730
1743583158.541822
1743583158.557623
1743583158.573513
1743583158.589694
1743583158.605794
1743583158.621956
1743583158.637810
1743583158.653792
1743583158.670057
1743583158.685973
1743583158.701766
1743583158.717719
1743583158.733733
1743583158.749940
1743583158.765905
1743583158.782105
1743583158.798055
1743583158.813958
1743583158.846626
1743583158.877851
1743583158.893740
1743583158.909657
1743583158.925649
1743583158.941893
1743583158.957947
1743583158.990076
1743583159.005694
1743583159.021942
1743583159.037836
1743583159.053891
1743583159.086523
1743583159.117757
1743583159.133656
1743583159.166494
1743583159.198294
1743583159.229997
1743583159.245762
1743583159.261753
1743583159.277714
1743583159.293767
1743583159.309912
1743583159.325810
1743583159.341798
1743583159.358120
1743583159.373892
1743583159.389817
1743583159.405867
1743583159.422135
1743583159.437877
1743583159.453919
1743583159.469873
1743583159.502020
1743583159.517561
1743583159.533699
1743583159.549695
1743583159.565745
1743583159.581734
1743583159.597683
1743583159.613669
1743583159.629875
1743583159.662304
1743583159.693902
1743583159.709786
1743583159.725941
1743583159.742100
1743583159.758146
1743583159.774199
1743583159.790114
1743583159.822884
1743583159.854188
1743583159.886255
1743583159.901980
1743583159.933245
1743583159.948636
1743583159.966077
1743583159.982022
1743583159.997875
1743583160.013878
1743583160.029827
1743583160.045683
1743583160.062004
1743583160.077883
1743583160.093863
1743583160.109927
1743583160.142303
1743583160.173929
1743583160.189595
1743583160.205761
1743583160.221698
1743583160.237662
1743583160.253622
1743583160.269621
1743583160.285717
1743583160.318426
1743583160.350238
1743583160.382324
1743583160.414476
1743583160.446406
1743583160.478314
1743583160.509701
1743583160.525647
1743583160.541811
1743583160.558235
1743583160.573857
1743583160.589810
1743583160.605894
1743583160.621795
1743583160.637766
1743583160.653707
1743583160.669841
1743583160.685830
1743583160.701839
1743583160.717965
1743583160.733962
1743583160.750031
1743583160.765940
1743583160.798324
1743583160.830438
1743583160.862172
1743583160.877709
1743583160.893712
1743583160.909652
1743583160.925656
1743583160.941875
1743583160.957936
1743583160.973842
1743583160.989801
1743583161.005828
1743583161.021944
1743583161.037931
1743583161.053894
1743583161.069910
1743583161.086045
1743583161.118426
1743583161.150269
1743583161.181979
1743583161.213624
1743583161.229510
1743583161.245806
1743583161.277633
1743583161.293792
1743583161.309717
1743583161.325696
1743583161.341985
1743583161.358246
1743583161.373911
1743583161.390051
1743583161.406014
1743583161.422015
1743583161.454666
1743583161.486153
1743583161.518307
1743583161.550506
1743583161.582269
1743583161.614301
1743583161.646396
1743583161.661789
1743583161.678130
1743583161.693928
1743583161.709832
1743583161.725924
1743583161.742302
1743583161.774326
1743583161.805828
1743583161.821545
1743583161.837836
1743583161.853583
1743583161.869663
1743583161.885687
1743583161.901699
1743583161.918048
1743583161.933848
1743583161.949828
1743583161.966022
1743583161.981803
1743583161.997865
1743583162.013886
1743583162.030054
1743583162.045961
1743583162.061901
1743583162.094390
1743583162.125822
1743583162.141949
1743583162.157983
1743583162.173941
1743583162.205939
1743583162.238284
1743583162.270168
1743583162.302269
1743583162.334419
1743583162.366552
1743583162.398275
1743583162.430790
1743583162.462378
1743583162.493781
1743583162.509607
1743583162.525891
1743583162.541977
1743583162.557846
1743583162.573817
1743583162.589942
1743583162.605788
1743583162.621832
1743583162.637748
1743583162.653869
1743583162.669923
1743583162.685985
1743583162.701934
1743583162.717941
1743583162.750647
1743583162.782131
1743583162.814272
1743583162.846103
1743583162.861866
1743583162.877855
1743583162.893924
1743583162.909871
1743583162.926017
1743583162.941974
1743583162.958011
1743583162.973864
1743583162.990011
1743583163.006015
1743583163.022037
1743583163.037839
1743583163.070223
1743583163.102081
1743583163.134442
1743583163.166283
1743583163.198265
1743583163.230200
1743583163.262146
1743583163.293554
1743583163.325948
1743583163.358238
1743583163.405869
1743583163.437953
1743583163.470155
1743583163.502253
1743583163.534427
1743583163.566318
1743583163.598142
1743583163.630397
1743583163.662408
1743583163.694199
1743583163.726025
1743583163.757893
1743583163.789895
1743583163.822388
1743583163.853960
1743583163.886450
1743583163.918337
1743583163.950252
1743583163.982235
1743583164.014572
1743583164.046249
1743583164.078320
1743583164.109721
1743583164.141997
1743583164.173835
1743583164.206005
1743583164.238034
1743583164.270147
1743583164.302485
1743583164.334550
1743583164.382227
1743583164.414177
1743583164.446233
1743583164.478029
1743583164.509623
1743583164.525844
1743583164.542134
1743583164.574077
1743583164.606147
1743583164.638313
1743583164.670192
1743583164.702242
1743583164.733688
1743583164.766292
1743583164.798344
1743583164.830383
1743583164.862040
1743583164.893858
1743583164.926087
1743583164.958216
1743583164.990154
1743583165.022497
1743583165.054085
1743583165.086403
1743583165.117982
1743583165.150269
1743583165.182285
1743583165.214474
1743583165.245829
1743583165.261972
1743583165.294138
1743583165.326172
1743583165.358165
1743583165.389719
1743583165.422137
1743583165.454036
1743583165.485967
1743583165.518281
1743583165.550269
1743583165.582484
1743583165.614270
1743583165.646472
1743583165.678569
1743583165.709810
1743583165.741843
1743583165.773772
1743583165.789794
1743583165.805812
1743583165.838235
1743583165.870225
1743583165.902494
1743583165.934368
1743583165.966119
1743583165.998417
1743583166.030071
1743583166.062318
1743583166.093461
1743583166.109634
1743583166.142106
1743583166.173908
1743583166.205637
1743583166.221816
1743583166.254390
1743583166.286543
1743583166.334017
1743583166.366484
1743583166.398279
1743583166.430341
1743583166.461995
1743583166.493705
1743583166.509755
1743583166.542133
1743583166.573857
1743583166.590020
1743583166.622216
1743583166.654209
1743583166.685434
1743583166.701687
1743583166.734293
1743583166.766494
1743583166.797990
1743583166.830538
1743583166.862269
1743583166.894218
1743583166.925888
1743583166.942176
1743583166.974485
1743583167.005804
1743583167.037892
1743583167.070319
1743583167.102163
1743583167.134263
1743583167.166037
1743583167.198287
1743583167.230221
1743583167.262709
1743583167.310336
1743583167.341866
1743583167.374038
1743583167.405847
1743583167.438183
1743583167.470126
1743583167.502172
1743583167.534540
1743583167.566184
1743583167.598432
1743583167.630519
1743583167.662225
1743583167.693343
1743583167.709673
1743583167.742018
1743583167.773866
1743583167.805862
1743583167.838205
1743583167.870232
1743583167.902443
1743583167.950328
1743583167.982175
1743583168.014295
1743583168.046155
1743583168.078005
1743583168.109892
1743583168.142019
1743583168.174721
1743583168.206171
1743583168.238492
1743583168.286074
1743583168.318419
1743583168.349914
1743583168.382234
1743583168.414208
1743583168.446450
1743583168.478327
1743583168.509935
1743583168.542110
1743583168.574123
1743583168.606281
1743583168.637910
1743583168.670272
1743583168.702379
1743583168.733679
1743583168.766575
1743583168.798436
1743583168.830624
1743583168.862562
1743583168.894025
1743583168.926467
1743583168.957780
1743583168.989791
1743583169.022039
1743583169.054034
1743583169.086198
1743583169.118191
1743583169.150453
1743583169.182395
1743583169.214452
1743583169.262199
1743583169.293705
1743583169.325726
1743583169.357804
1743583169.389620
1743583169.405691
1743583169.422000
1743583169.454403
1743583169.486410
1743583169.518393
1743583169.550800
1743583169.582498
1743583169.613734
1743583169.646314
1743583169.678094
1743583169.710040
1743583169.742022
1743583169.773955
1743583169.805928
1743583169.838223
1743583169.870050
1743583169.902515
1743583169.934456
1743583169.966232
1743583169.998253
1743583170.030455
1743583170.062414
1743583170.093709
1743583170.125945
1743583170.158450
1743583170.190092
1743583170.237956
1743583170.269681
1743583170.302323
1743583170.334264
1743583170.366183
1743583170.398262
1743583170.430202
1743583170.462480
1743583170.493979
1743583170.526082
1743583170.558665
1743583170.589801
1743583170.622095
1743583170.654057
1743583170.686361
1743583170.718368
1743583170.750150
1743583170.782573
1743583170.814217
1743583170.846357
1743583170.878589
1743583170.909831
1743583170.941841
1743583170.973973
1743583171.005785
1743583171.038402
1743583171.070301
1743583171.102493
1743583171.134727
1743583171.165846
1743583171.214422
1743583171.246142
1743583171.278423
1743583171.309712
1743583171.342008
1743583171.374078
1743583171.405808
1743583171.438175
1743583171.470379
1743583171.501780
1743583171.534651
1743583171.566289
1743583171.598255
1743583171.629798
1743583171.662237
1743583171.694005
1743583171.725874
1743583171.757891
1743583171.774001
1743583171.806072
1743583171.853871
1743583171.885070
1743583171.901093
1743583171.917937
1743583171.949742
1743583171.982129
1743583172.014386
1743583172.046176
1743583172.078334
1743583172.109744
1743583172.142077
1743583172.189623
1743583172.222018
1743583172.253863
1743583172.286151
1743583172.318413
1743583172.350417
1743583172.381946
1743583172.414384
1743583172.446490
1743583172.478825
1743583172.509978
1743583172.540817
1743583172.558166
1743583172.590108
1743583172.621933
1743583172.654092
1743583172.686331
1743583172.718408
1743583172.750354
1743583172.782697
1743583172.830081
1743583172.862062
1743583172.893768
1743583172.925759
1743583172.941964
1743583172.973772
1743583173.006055
1743583173.038314
1743583173.070357
1743583173.102552
1743583173.134125
1743583173.166483
1743583173.198103
1743583173.230378
1743583173.261979
1743583173.294006
1743583173.325789
1743583173.341840
1743583173.374278
1743583173.406097
1743583173.438372
1743583173.485993
1743583173.516571
1743583173.533233
1743583173.549811
1743583173.582470
1743583173.613955
1743583173.646152
1743583173.678258
1743583173.709991
1743583173.741057
1743583173.758206
1743583173.805986
1743583173.837821
1743583173.869767
1743583173.886011
1743583173.917938
1743583173.950169
1743583173.981955
1743583174.014035
1743583174.046231
1743583174.078330
1743583174.109971
1743583174.142466
1743583174.173831
1743583174.205920
1743583174.237942
1743583174.270126
1743583174.302109
1743583174.334458
1743583174.366229
1743583174.397292
1743583174.413962
1743583174.429984
1743583174.462480
1743583174.493909
1743583174.525807
1743583174.541844
1743583174.572796
1743583174.589883
1743583174.622100
1743583174.654067
1743583174.686445
1743583174.718390
1743583174.750690
1743583174.782641
1743583174.814114
1743583174.846180
1743583174.878451
1743583174.910010
1743583174.942020
1743583174.973975
1743583174.989921
1743583175.005953
1743583175.038220
1743583175.070441
1743583175.118196
1743583175.150413
1743583175.181738
1743583175.214442
1743583175.246247
1743583175.261736
1743583175.293977
1743583175.325744
1743583175.341867
1743583175.358181
1743583175.390301
1743583175.438195
1743583175.469935
1743583175.502139
1743583175.533734
1743583175.566376
1743583175.598165
1743583175.630347
1743583175.662305
1743583175.694008
1743583175.726037
1743583175.758692
1743583175.789680
1743583175.821983
1743583175.854411
1743583175.886490
1743583175.918262
1743583175.950469
1743583175.982389
1743583176.014413
1743583176.046409
1743583176.094008
1743583176.125684
1743583176.158100
1743583176.189849
1743583176.222114
1743583176.254383
1743583176.286348
1743583176.318005
1743583176.349187
1743583176.366081
1743583176.414196
1743583176.445986
1743583176.478475
1743583176.509611
1743583176.525849
1743583176.558027
1743583176.589915
1743583176.622093
1743583176.654225
1743583176.686429
1743583176.734361
1743583176.766132
1743583176.798332
1743583176.829821
1743583176.862452
1743583176.894257
1743583176.925888
1743583176.957916
1743583176.989851
1743583177.005899
1743583177.038474
1743583177.070235
1743583177.102030
1743583177.134194
1743583177.166245
1743583177.198061
1743583177.230361
1743583177.262260
1743583177.277884
1743583177.309899
1743583177.342105
1743583177.390118
1743583177.421897
1743583177.453830
1743583177.486385
1743583177.518265
1743583177.550644
1743583177.581902
1743583177.614560
1743583177.646595
1743583177.678432
1743583177.710132
1743583177.741888
1743583177.773734
1743583177.806102
1743583177.838393
1743583177.870098
1743583177.902224
1743583177.934346
1743583177.966311
1743583177.998527
1743583178.045366
1743583178.077620
1743583178.109709
1743583178.126042
1743583178.158108
1743583178.189877
1743583178.221948
1743583178.254233
1743583178.286319
1743583178.318427
1743583178.366336
1743583178.398027
1743583178.430328
1743583178.462459
1743583178.493243
1743583178.509677
1743583178.525898
1743583178.558009
1743583178.590125
1743583178.622478
1743583178.654199
1743583178.686389
1743583178.717883
1743583178.750407
1743583178.782226
1743583178.814383
1743583178.846056
1743583178.878308
1743583178.909864
1743583178.942081
1743583178.973917
1743583178.990032
1743583179.022721
1743583179.054185
1743583179.086281
1743583179.118232
1743583179.150300
1743583179.182227
1743583179.214311
1743583179.246412
1743583179.277990
1743583179.293941
1743583179.341668
1743583179.373839
1743583179.405611
1743583179.438156
1743583179.469945
1743583179.502196
1743583179.534053
1743583179.566269
1743583179.598499
1743583179.630887
1743583179.661857
1743583179.693964
1743583179.725622
1743583179.757873
1743583179.789435
1743583179.805847
1743583179.838221
1743583179.870120
1743583179.902234
1743583179.934306
1743583179.966408
1743583179.998911
1743583180.029888
1743583180.062328
1743583180.094082
1743583180.125718
1743583180.157813
1743583180.189866
1743583180.222092
1743583180.254169
1743583180.286358
1743583180.318543
1743583180.350540
1743583180.382150
1743583180.413952
1743583180.446393
1743583180.478174
1743583180.509932
1743583180.542074
1743583180.573953
1743583180.606130
1743583180.638722
1743583180.669902
1743583180.702034
1743583180.734258
1743583180.766097
1743583180.798153
1743583180.830187
1743583180.862401
1743583180.893909
1743583180.925992
1743583180.973753
1743583181.005927
1743583181.038057
1743583181.069791
1743583181.102248
1743583181.134094
1743583181.166373
1743583181.197846
1743583181.230421
1743583181.262772
1743583181.294430
1743583181.325644
1743583181.341786
1743583181.373718
1743583181.406156
1743583181.437798
1743583181.470104
1743583181.502107
1743583181.534438
1743583181.566442
1743583181.614091
1743583181.646459
1743583181.678104
1743583181.709809
1743583181.741996
1743583181.773893
1743583181.805825
1743583181.837920
1743583181.870314
1743583181.902487
1743583181.950168
1743583181.981525
1743583182.014435
1743583182.046250
1743583182.078478
1743583182.109647
1743583182.125680
1743583182.141901
1743583182.174015
1743583182.205999
1743583182.238320
1743583182.270362
1743583182.302187
1743583182.333743
1743583182.366369
1743583182.398326
1743583182.430205
1743583182.462070
1743583182.493869
1743583182.525895
1743583182.542041
1743583182.589911
1743583182.621892
1743583182.654181
1743583182.686364
1743583182.717986
1743583182.750482
1743583182.782423
1743583182.814198
1743583182.846441
1743583182.878362
1743583182.925735
1743583182.957800
1743583182.989912
1743583183.022091
1743583183.054163
1743583183.086312
1743583183.118272
1743583183.150533
1743583183.182294
1743583183.214659
1743583183.246034
1743583183.278137
1743583183.309789
1743583183.325619
1743583183.341928
1743583183.358011
1743583183.390131
1743583183.422106
1743583183.454063
1743583183.486283
1743583183.518368
1743583183.566548
1743583183.597480
1743583183.630284
1743583183.662143
1743583183.693954
1743583183.725786
1743583183.741855
1743583183.774164
1743583183.805943
1743583183.838030
1743583183.870473
1743583183.902361
1743583183.934288
1743583183.966283
1743583183.998191
1743583184.030197
1743583184.062529
1743583184.094223
1743583184.126040
1743583184.142108
1743583184.174035
1743583184.221737
1743583184.254112
1743583184.286272
1743583184.318198
1743583184.350033
1743583184.382203
1743583184.414052
1743583184.446218
1743583184.478134
1743583184.509905
1743583184.542136
1743583184.573660
1743583184.605917
1743583184.638101
1743583184.670392
1743583184.702614
1743583184.734295
1743583184.766430
1743583184.798618
1743583184.830416
1743583184.878049
1743583184.909801
1743583184.942046
1743583184.973934
1743583185.006269
1743583185.038233
1743583185.070081
1743583185.102355
1743583185.134202
1743583185.166592
1743583185.198310
1743583185.230172
1743583185.261824
1743583185.293982
1743583185.325791
1743583185.341785
1743583185.373766
1743583185.405934
1743583185.438112
1743583185.470080
1743583185.518359
1743583185.550169
1743583185.582201
1743583185.614290
1743583185.646355
1743583185.678242
1743583185.709917
1743583185.742126
1743583185.773810
1743583185.789976
1743583185.822268
1743583185.854461
1743583185.885830
1743583185.918258
1743583185.950211
1743583185.982110
1743583186.014478
1743583186.046447
1743583186.078230
1743583186.109914
1743583186.141988
1743583186.174757
1743583186.205766
1743583186.238010
1743583186.269701
1743583186.302453
1743583186.334315
1743583186.366289
1743583186.398381
1743583186.430558
1743583186.462411
1743583186.494462
1743583186.525465
1743583186.541745
1743583186.573827
1743583186.605823
1743583186.637741
1743583186.670400
1743583186.702296
1743583186.734369
1743583186.766230
1743583186.798532
1743583186.830397
1743583186.862412
1743583186.893686
1743583186.925386
1743583186.942039
1743583186.973933
1743583187.006066
1743583187.038116
1743583187.070037
1743583187.102534
1743583187.150168
1743583187.181984
1743583187.213628
1743583187.246216
1743583187.278169
1743583187.309843
1743583187.341639
1743583187.357954
1743583187.389992
1743583187.422345
1743583187.469990
1743583187.502307
1743583187.534135
1743583187.565907
1743583187.597780
1743583187.630450
1743583187.662234
1743583187.693997
1743583187.725480
1743583187.742074
1743583187.774322
1743583187.806457
1743583187.837596
1743583187.870060
1743583187.902323
1743583187.934343
1743583187.965697
1743583187.998349
1743583188.030353
1743583188.062363
1743583188.093617
1743583188.126425
1743583188.158020
1743583188.189821
1743583188.220374
1743583188.237573
1743583188.269489
1743583188.301473
1743583188.333666
1743583188.365844
1743583188.398451
1743583188.445907
1743583188.477945
1743583188.509697
1743583188.541857
1743583188.573993
1743583188.605780
1743583188.638450
1743583188.670467
1743583188.702533
1743583188.733931
1743583188.782454
1743583188.814076
1743583188.846295
1743583188.877639
1743583188.909677
1743583188.941881
1743583188.973898
1743583189.005832
1743583189.038041
1743583189.070227
1743583189.102302
1743583189.133982
1743583189.166166
1743583189.198384
1743583189.230381
1743583189.261922
1743583189.293934
1743583189.325988
1743583189.358064
1743583189.389676
1743583189.422478
1743583189.453866
1743583189.485903
1743583189.517889
1743583189.550224
1743583189.581772
1743583189.614143
1743583189.646067
1743583189.678242
1743583189.709970
1743583189.757611
1743583189.789248
1743583189.805621
1743583189.821838
1743583189.854218
1743583189.885785
1743583189.918246
1743583189.950447
1743583189.982519
1743583190.014098
1743583190.046415
1743583190.078367
1743583190.109792
1743583190.141746
1743583190.157761
1743583190.189859
1743583190.222138
1743583190.254064
1743583190.286270
1743583190.318381
1743583190.350125
1743583190.398008
1743583190.430141
1743583190.461937
1743583190.494135
1743583190.525542
1743583190.541962
1743583190.573807
1743583190.589856
1743583190.622265
1743583190.654320
1743583190.686543
1743583190.734262
1743583190.766123
1743583190.798084
1743583190.830104
1743583190.862359
1743583190.894190
1743583190.926030
1743583190.957985
1743583190.990099
1743583191.022059
1743583191.054485
1743583191.086278
1743583191.118270
1743583191.150128
1743583191.182265
1743583191.214192
1743583191.246082
1743583191.277816
1743583191.310171
1743583191.342077
1743583191.374087
1743583191.389734
1743583191.405797
1743583191.437950
1743583191.469891
1743583191.502140
1743583191.534418
1743583191.566307
1743583191.598266
1743583191.630080
1743583191.662524
1743583191.710223
1743583191.741935
1743583191.773405
1743583191.789497
1743583191.805856
1743583191.838120
1743583191.869675
1743583191.902370
1743583191.934406
1743583191.966564
1743583191.998090
1743583192.030402
1743583192.062186
1743583192.093743
1743583192.125699
1743583192.157981
1743583192.189938
1743583192.222007
1743583192.253740
1743583192.286339
1743583192.318312
1743583192.350406
1743583192.381963
1743583192.414180
1743583192.446297
1743583192.478373
1743583192.509567
1743583192.542053
1743583192.573887
1743583192.606148
1743583192.638015
1743583192.685898
1743583192.718256
1743583192.750300
1743583192.782043
1743583192.814339
1743583192.846427
1743583192.878189
1743583192.909873
1743583192.942041
1743583192.973938
1743583193.006374
1743583193.037710
1743583193.070061
1743583193.102101
1743583193.134186
1743583193.166267
1743583193.198197
1743583193.230300
1743583193.262528
1743583193.294459
1743583193.326231
1743583193.357918
1743583193.389826
1743583193.405653
1743583193.438061
1743583193.470081
1743583193.502345
1743583193.534318
1743583193.566279
1743583193.598503
1743583193.630529
1743583193.662045
1743583193.693718
1743583193.725604
1743583193.757701
1743583193.789998
1743583193.822206
1743583193.854028
1743583193.886520
1743583193.918141
1743583193.950233
1743583193.982385
1743583194.014136
1743583194.045896
1743583194.078327
1743583194.109800
1743583194.141968
1743583194.173997
1743583194.205952
1743583194.238397
1743583194.270337
1743583194.302278
1743583194.334081
1743583194.366125
1743583194.398101
1743583194.429819
1743583194.462160
1743583194.493846
1743583194.525820
1743583194.557976
1743583194.590205
1743583194.637716
1743583194.669976
1743583194.701672
1743583194.734297
1743583194.766104
1743583194.798272
1743583194.830009
1743583194.861800
1743583194.893893
1743583194.926047
1743583194.958406
1743583194.989963
1743583195.021804
1743583195.054431
1743583195.086187
1743583195.118252
1743583195.149906
1743583195.182111
1743583195.214515
1743583195.246302
1743583195.278039
1743583195.309635
1743583195.341697
1743583195.357730
1743583195.389754
1743583195.421996
1743583195.453816
1743583195.486407
1743583195.517817
1743583195.550427
1743583195.582487
1743583195.614157
1743583195.645922
1743583195.677764
1743583195.709672
1743583195.742114
1743583195.773592
1743583195.789766
1743583195.822347
1743583195.854197
1743583195.885878
1743583195.934187
1743583195.965895
1743583195.998018
1743583196.029691
1743583196.062347
1743583196.093682
1743583196.109692
1743583196.142007
1743583196.173907
1743583196.189949
1743583196.205896
1743583196.253968
1743583196.286262
1743583196.318157
1743583196.350050
1743583196.381995
1743583196.414225
1743583196.446344
1743583196.478163
1743583196.509867
1743583196.542178
1743583196.589516
1743583196.621966
1743583196.653851
1743583196.686386
1743583196.718400
1743583196.750198
1743583196.782309
1743583196.814407
1743583196.846299
1743583196.878419
1743583196.910075
1743583196.941838
1743583196.974046
1743583197.005760
1743583197.037995
1743583197.069880
1743583197.102328
1743583197.134227
1743583197.166338
1743583197.198529
1743583197.230231
1743583197.262188
1743583197.293765
1743583197.325779
1743583197.357796
1743583197.373680
1743583197.406034
1743583197.438085
1743583197.470191
1743583197.502244
1743583197.534295
1743583197.566526
1743583197.597922
1743583197.630040
1743583197.662151
1743583197.693977
1743583197.725880
1743583197.757888
1743583197.789948
1743583197.822226
1743583197.854356
1743583197.886471
1743583197.917462
1743583197.933425
1743583197.949722
1743583197.982195
1743583198.013912
1743583198.046423
1743583198.078227
1743583198.109919
1743583198.141716
1743583198.174160
1743583198.206183
1743583198.237945
1743583198.270121
1743583198.302119
1743583198.334254
1743583198.366273
1743583198.398081
1743583198.430326
1743583198.462131
1743583198.494224
1743583198.541542
1743583198.573635
1743583198.605848
1743583198.638125
1743583198.669929
1743583198.702320
1743583198.734118
1743583198.766423
1743583198.798232
1743583198.830513
1743583198.862198
1743583198.893677
1743583198.925758
1743583198.958049
1743583198.989915
1743583199.022027
1743583199.054071
1743583199.086485
1743583199.118387
1743583199.150399
1743583199.182216
1743583199.214258
1743583199.246316
1743583199.277990
1743583199.309709
1743583199.341843
1743583199.373951
1743583199.405881
1743583199.437965
1743583199.470339
1743583199.518149
1743583199.550001
1743583199.581551
1743583199.614321
1743583199.646167
1743583199.678137
1743583199.710018
1743583199.742034
1743583199.773876
1743583199.789975
1743583199.837784
1743583199.870091
1743583199.901965
1743583199.934237
1743583199.966100
1743583199.998446
1743583200.030413
1743583200.061877
1743583200.093593
1743583200.109693
1743583200.157779
1743583200.189873
1743583200.221639
1743583200.254074
1743583200.286165
1743583200.318307
1743583200.349935
1743583200.382352
1743583200.414487
1743583200.446783
1743583200.494393
1743583200.525722
1743583200.557829
1743583200.589806
1743583200.622255
1743583200.654078
1743583200.686317
1743583200.718073
1743583200.750174
1743583200.782531
1743583200.814384
1743583200.846215
1743583200.878082
1743583200.909691
1743583200.941837
1743583200.973649
1743583201.005847
1743583201.038383
1743583201.070489
1743583201.102529
1743583201.134215
1743583201.166213
1743583201.198086
1743583201.230027
1743583201.262535
1743583201.293865
1743583201.325890
1743583201.342081
1743583201.374092
1743583201.405812
1743583201.421841
1743583201.469767
1743583201.501487
1743583201.534435
1743583201.566386
1743583201.598415
1743583201.629866
1743583201.662430
1743583201.693964
1743583201.726007
1743583201.758199
1743583201.790293
1743583201.822017
1743583201.837968
1743583201.869766
1743583201.902351
1743583201.934315
1743583201.966242
1743583201.997755
1743583202.030264
1743583202.062405
1743583202.109675
1743583202.141171
1743583202.157756
1743583202.189811
1743583202.221893
1743583202.254091
1743583202.286170
1743583202.318252
1743583202.350154
1743583202.382290
1743583202.414400
1743583202.446544
1743583202.478015
1743583202.509566
1743583202.525614
1743583202.557990
1743583202.589896
1743583202.622066
1743583202.654069
1743583202.686302
1743583202.718132
1743583202.765998
1743583202.797539
1743583202.830235
1743583202.862084
1743583202.893894
1743583202.925742
1743583202.957839
1743583202.989940
1743583203.022173
1743583203.054368
1743583203.085737
1743583203.118270
1743583203.150029
1743583203.182361
1743583203.214031
1743583203.246308
1743583203.278298
1743583203.309797
1743583203.342042
1743583203.374021
1743583203.421716
1743583203.454114
1743583203.485737
1743583203.517969
1743583203.533499
1743583203.566446
1743583203.597653
1743583203.630173
1743583203.662236
1743583203.693926
1743583203.741664
1743583203.773808
1743583203.805702
1743583203.838046
1743583203.869624
1743583203.885864
1743583203.917997
1743583203.950255
1743583203.981954
1743583204.014145
1743583204.062191
1743583204.094052
1743583204.125383
1743583204.141897
1743583204.173818
1743583204.205930
1743583204.237687
1743583204.270051
1743583204.302478
1743583204.334415
1743583204.366296
1743583204.398293
1743583204.430516
1743583204.462257
1743583204.493658
1743583204.525864
1743583204.557963
1743583204.590086
1743583204.622181
1743583204.654321
1743583204.686371
1743583204.718219
1743583204.749571
1743583204.782058
1743583204.814229
1743583204.846128
1743583204.877771
1743583204.909904
1743583204.941826
1743583204.957982
1743583204.989956
1743583205.037705
1743583205.069950
1743583205.102274
1743583205.133642
1743583205.166232
1743583205.198169
1743583205.230336
1743583205.262192
1743583205.294194
1743583205.325950
1743583205.373803
1743583205.405408
1743583205.421438
1743583205.453908
1743583205.486062
1743583205.518140
1743583205.550144
1743583205.582229
1743583205.614179
1743583205.646329
1743583205.694294
1743583205.725801
1743583205.757811
1743583205.789835
1743583205.822096
1743583205.854087
1743583205.886493
1743583205.917944
1743583205.950226
1743583205.982453
1743583206.014249
1743583206.046469
1743583206.078177
1743583206.109786
1743583206.141803
1743583206.173956
1743583206.206172
1743583206.238063
1743583206.270408
1743583206.301958
1743583206.349971
1743583206.382173
1743583206.414273
1743583206.445914
1743583206.477836
1743583206.509923
1743583206.541807
1743583206.573813
1743583206.606043
1743583206.638490
1743583206.670275
1743583206.701982
1743583206.734230
1743583206.765995
1743583206.798195
1743583206.830142
1743583206.862129
1743583206.894000
1743583206.925740
1743583206.957980
1743583206.990321
1743583207.021986
1743583207.053933
1743583207.086106
1743583207.118052
1743583207.150144
1743583207.182347
1743583207.214206
1743583207.246214
1743583207.278307
1743583207.325713
1743583207.357426
1743583207.373578
1743583207.405953
1743583207.438025
1743583207.469711
1743583207.502187
1743583207.534171
1743583207.566423
1743583207.597838
1743583207.646142
1743583207.678186
1743583207.709813
1743583207.741580
1743583207.757868
1743583207.789836
1743583207.822187
1743583207.853887
1743583207.886483
1743583207.918329
1743583207.966071
1743583207.997432
1743583208.030422
1743583208.062278
1743583208.093975
1743583208.125568
1743583208.158034
1743583208.190182
1743583208.222072
1743583208.254093
1743583208.302053
1743583208.334229
1743583208.366007
1743583208.398101
1743583208.430383
1743583208.462393
1743583208.494473
1743583208.525811
1743583208.558179
1743583208.589322
1743583208.622011
1743583208.653859
1743583208.686275
1743583208.718234
1743583208.750141
1743583208.782100
1743583208.814064
1743583208.846245
1743583208.878228
1743583208.909928
1743583208.942473
1743583208.973654
1743583209.005862
1743583209.037996
1743583209.069977
1743583209.102110
1743583209.134236
1743583209.166287
1743583209.198518
1743583209.230416
1743583209.278084
1743583209.309267
1743583209.341913
1743583209.373642
1743583209.405789
1743583209.438098
1743583209.470045
1743583209.502068
1743583209.534244
1743583209.566177
1743583209.598378
1743583209.630063
1743583209.662363
1743583209.693790
1743583209.709750
1743583209.741986
1743583209.773868
1743583209.805666
1743583209.838166
1743583209.870321
1743583209.917894
1743583209.949788
1743583209.982323
1743583210.014207
1743583210.046030
1743583210.077838
1743583210.109827
1743583210.141997
1743583210.174100
1743583210.205902
1743583210.253692
1743583210.286254
1743583210.318047
1743583210.349612
1743583210.382184
1743583210.414295
1743583210.446393
1743583210.477907
1743583210.509989
1743583210.542055
1743583210.574239
1743583210.605333
1743583210.621344
1743583210.654162
1743583210.686402
1743583210.717745
1743583210.750143
1743583210.782188
1743583210.814228
1743583210.845968
1743583210.894226
1743583210.925732
1743583210.957724
1743583210.989896
1743583211.021962
1743583211.054173
1743583211.086269
1743583211.118200
1743583211.150373
1743583211.181989
1743583211.230130
1743583211.262118
1743583211.293847
1743583211.325346
1743583211.341660
1743583211.373790
1743583211.405971
1743583211.437602
1743583211.470182
1743583211.502369
1743583211.550139
1743583211.581675
1743583211.614162
1743583211.646201
1743583211.678076
1743583211.709641
1743583211.742006
1743583211.773852
1743583211.806110
1743583211.838084
1743583211.870129
1743583211.901948
1743583211.934197
1743583211.965829
1743583211.998210
1743583212.030023
1743583212.062167
1743583212.093481
1743583212.126108
1743583212.157887
1743583212.205648
1743583212.237260
1743583212.253422
1743583212.286211
1743583212.318149
1743583212.349741
1743583212.382188
1743583212.414087
1743583212.446354
1743583212.477824
1743583212.525895
1743583212.557747
1743583212.589857
1743583212.621938
1743583212.654033
1743583212.686324
1743583212.718177
1743583212.750351
1743583212.782499
1743583212.814457
1743583212.846386
1743583212.877861
1743583212.909713
1743583212.941819
1743583212.973832
1743583213.005638
1743583213.037976
1743583213.069988
1743583213.102472
1743583213.134095
1743583213.182128
1743583213.214121
1743583213.246077
1743583213.277877
1743583213.309873
1743583213.341910
1743583213.374017
1743583213.405931
1743583213.438132
1743583213.470364
1743583213.502123
1743583213.533736
1743583213.566442
1743583213.598016
1743583213.630293
1743583213.661885
1743583213.693923
1743583213.725795
1743583213.757992
1743583213.789984
1743583213.822279
1743583213.854131
1743583213.886189
1743583213.918021
1743583213.950138
1743583213.982219
1743583214.014291
1743583214.045638
1743583214.077887
1743583214.109873
1743583214.157908
1743583214.189149
1743583214.205450
1743583214.221617
1743583214.254096
1743583214.285970
1743583214.318266
1743583214.350331
1743583214.382310
1743583214.414147
1743583214.446384
1743583214.478156
1743583214.509686
1743583214.541703
1743583214.573823
1743583214.605687
1743583214.637955
1743583214.670000
1743583214.702608
1743583214.734481
1743583214.766199
1743583214.798320
1743583214.830313
1743583214.862409
1743583214.893892
1743583214.925942
1743583214.957782
1743583214.989841
1743583215.005953
1743583215.037893
1743583215.070122
1743583215.102529
1743583215.134541
1743583215.166031
1743583215.198156
1743583215.230304
1743583215.262181
1743583215.293910
1743583215.325527
1743583215.341706
1743583215.357925
1743583215.389869
1743583215.406099
1743583215.453863
1743583215.486243
1743583215.517893
1743583215.550095
1743583215.582128
1743583215.614064
1743583215.646409
1743583215.678165
1743583215.710140
1743583215.742032
1743583215.774310
1743583215.805880
1743583215.837829
1743583215.870017
1743583215.901920
1743583215.934204
1743583215.966168
1743583215.998197
1743583216.030273
1743583216.062308
1743583216.109779
1743583216.141856
1743583216.173765
1743583216.205789
1743583216.237933
1743583216.269991
1743583216.302119
1743583216.334420
1743583216.366245
1743583216.398444
1743583216.430119
1743583216.462194
1743583216.494103
1743583216.525612
1743583216.557460
1743583216.573600
1743583216.589818
1743583216.605756
1743583216.637901
1743583216.670334
1743583216.702330
1743583216.749975
1743583216.781810
1743583216.814217
1743583216.846186
1743583216.877995
1743583216.909655
1743583216.925685
1743583216.957804
1743583216.990068
1743583217.021905
1743583217.054145
1743583217.086389
1743583217.118154
1743583217.149892
1743583217.182505
1743583217.214102
1743583217.246359
1743583217.277852
1743583217.309922
1743583217.341870
1743583217.374013
1743583217.406024
1743583217.437974
1743583217.469844
1743583217.502342
1743583217.533882
1743583217.566383
1743583217.598235
1743583217.630125
1743583217.662078
1743583217.694050
1743583217.726147
1743583217.757672
1743583217.789470
1743583217.822068
1743583217.853935
1743583217.886266
1743583217.918174
1743583217.950116
1743583217.982369
1743583218.014408
1743583218.062007
1743583218.093599
1743583218.125973
1743583218.157799
1743583218.189590
1743583218.205670
1743583218.237921
1743583218.270015
1743583218.301980
1743583218.334374
1743583218.381952
1743583218.414121
1743583218.445970
1743583218.477933
1743583218.509667
1743583218.525637
1743583218.557852
1743583218.589922
1743583218.605973
1743583218.638277
1743583218.670141
1743583218.702306
1743583218.734276
1743583218.766191
1743583218.798133
1743583218.829635
1743583218.862072
1743583218.893780
1743583218.925896
1743583218.958085
1743583218.989902
1743583219.005940
1743583219.038296
1743583219.070111
1743583219.102111
1743583219.134358
1743583219.165999
1743583219.198322
1743583219.230212
1743583219.262395
1743583219.294334
1743583219.325927
1743583219.357977
1743583219.389848
1743583219.421884
1743583219.453862
1743583219.485648
1743583219.518119
1743583219.550352
1743583219.582268
1743583219.613903
1743583219.629491
1743583219.646075
1743583219.678437
1743583219.709554
1743583219.741634
1743583219.757629
1743583219.789729
1743583219.822094
1743583219.853884
1743583219.886258
1743583219.918122
1743583219.949937
1743583219.982408
1743583220.014353
1743583220.046243
1743583220.077907
1743583220.109766
1743583220.141862
1743583220.174082
1743583220.205807
1743583220.238104
1743583220.270206
1743583220.302338
1743583220.333908
1743583220.366064
1743583220.398184
1743583220.430122
1743583220.461633
1743583220.494004
1743583220.525918
1743583220.557982
1743583220.589959
1743583220.621976
1743583220.654327
1743583220.685930
1743583220.717915
1743583220.750123
1743583220.782118
1743583220.814126
1743583220.845973
1743583220.877960
1743583220.909974
1743583220.941818
1743583220.989743
1743583221.021975
1743583221.053846
1743583221.086044
1743583221.118144
1743583221.150287
1743583221.182173
1743583221.214255
1743583221.245969
1743583221.278463
1743583221.310079
1743583221.341752
1743583221.373877
1743583221.405688
1743583221.437960
1743583221.470014
1743583221.501927
1743583221.534354
1743583221.566607
1743583221.598435
1743583221.629700
1743583221.645627
1743583221.677812
1743583221.709588
1743583221.741668
1743583221.773901
1743583221.805902
1743583221.838104
1743583221.869866
1743583221.902495
1743583221.934447
1743583221.966202
1743583221.997983
1743583222.030033
1743583222.062023
1743583222.093747
1743583222.126016
1743583222.157823
1743583222.173959
1743583222.205952
1743583222.238238
1743583222.285891
1743583222.317999
1743583222.350324
1743583222.381480
1743583222.414127
1743583222.446275
1743583222.478309
1743583222.509727
1743583222.541944
1743583222.558028
1743583222.605690
1743583222.637688
1743583222.670090
1743583222.702107
1743583222.734182
1743583222.765868
1743583222.798242
1743583222.830096
1743583222.862311
1743583222.894133
1743583222.941674
1743583222.973937
1743583223.005723
1743583223.037713
1743583223.069892
1743583223.102097
1743583223.134153
1743583223.166152
1743583223.198348
1743583223.230538
1743583223.262409
1743583223.293684
1743583223.325537
1743583223.357745
1743583223.389937
1743583223.421758
1743583223.454111
1743583223.486270
1743583223.518270
1743583223.549884
1743583223.582271
1743583223.614310
1743583223.646179
1743583223.677638
1743583223.709755
1743583223.741634
1743583223.757714
1743583223.789533
1743583223.805745
1743583223.838445
1743583223.870329
1743583223.918199
1743583223.950039
1743583223.982252
1743583224.013900
1743583224.046001
1743583224.077958
1743583224.110088
1743583224.141852
1743583224.173383
1743583224.189724
1743583224.237766
1743583224.269887
1743583224.301467
1743583224.334247
1743583224.365920
1743583224.398140
1743583224.429862
1743583224.462290
1743583224.494260
1743583224.525985
1743583224.558246
1743583224.589703
1743583224.621862
1743583224.654109
1743583224.686025
1743583224.718259
1743583224.750178
1743583224.782391
1743583224.813836
1743583224.846391
1743583224.894000
1743583224.925696
1743583224.957589
1743583224.989608
1743583225.005617
1743583225.021608
1743583225.054096
1743583225.086198
1743583225.118209
1743583225.150599
1743583225.182358
1743583225.214300
1743583225.246145
1743583225.278507
1743583225.309408
1743583225.325683
1743583225.357685
1743583225.389640
1743583225.421931
1743583225.454125
1743583225.486139
1743583225.533948
1743583225.565867
1743583225.598107
1743583225.630075
1743583225.662256
1743583225.693354
1743583225.725885
1743583225.757684
1743583225.789848
1743583225.821978
1743583225.869870
1743583225.902166
1743583225.934245
1743583225.965533
1743583225.998273
1743583226.029955
1743583226.062229
1743583226.093546
1743583226.126117
1743583226.157943
1743583226.190588
1743583226.221583
1743583226.253926
1743583226.286002
1743583226.318238
1743583226.349623
1743583226.382338
1743583226.414137
1743583226.446343
1743583226.478217
1743583226.510244
1743583226.541635
1743583226.573515
1743583226.605746
1743583226.637941
1743583226.669954
1743583226.701985
1743583226.734438
1743583226.765648
1743583226.798356
1743583226.846002
1743583226.877984
1743583226.909594
1743583226.941690
1743583226.957734
1743583226.989719
1743583227.022147
1743583227.053537
1743583227.086074
1743583227.118322
1743583227.165982
1743583227.197346
1743583227.230222
1743583227.262060
1743583227.293665
1743583227.325691
1743583227.357869
1743583227.389981
1743583227.422094
1743583227.453915
1743583227.486349
1743583227.518194
1743583227.550063
1743583227.581847
1743583227.614094
1743583227.646044
1743583227.678281
1743583227.709853
1743583227.742082
1743583227.774052
1743583227.821709
1743583227.853358
1743583227.886325
1743583227.918084
1743583227.950011
1743583227.982284
1743583228.014183
1743583228.046513
1743583228.078137
1743583228.110188
1743583228.142313
1743583228.173773
1743583228.206082
1743583228.237574
1743583228.269950
1743583228.302129
1743583228.334263
1743583228.366035
1743583228.398183
1743583228.430323
1743583228.462298
1743583228.493516
1743583228.525734
1743583228.557727
1743583228.590035
1743583228.621967
1743583228.654052
1743583228.686141
1743583228.718249
1743583228.749995
1743583228.797850
1743583228.830072
1743583228.862040
1743583228.893819
1743583228.925837
1743583228.957882
1743583228.989823
1743583229.021978
1743583229.054058
1743583229.086182
1743583229.118488
1743583229.149391
1743583229.181972
1743583229.213824
1743583229.246291
1743583229.277933
1743583229.309977
1743583229.341732
1743583229.373910
1743583229.405898
1743583229.438314
1743583229.469847
1743583229.501980
1743583229.533839
1743583229.565918
1743583229.598144
1743583229.630055
1743583229.661914
1743583229.693965
1743583229.709723
1743583229.725828
1743583229.773725
1743583229.805748
1743583229.838150
1743583229.869925
1743583229.901940
1743583229.934248
1743583229.966277
1743583229.998537
1743583230.030001
1743583230.062511
1743583230.094388
1743583230.125954
1743583230.157967
1743583230.190080
1743583230.221928
1743583230.253965
1743583230.286359
1743583230.318300
1743583230.350371
1743583230.382230
1743583230.413726
1743583230.445835
1743583230.478068
1743583230.509837
1743583230.541620
1743583230.573855
1743583230.605834
1743583230.637826
1743583230.669777
1743583230.702491
1743583230.750137
1743583230.782145
1743583230.813791
1743583230.845994
1743583230.878066
1743583230.909804
1743583230.941763
1743583230.974004
1743583231.005813
1743583231.038239
1743583231.069862
1743583231.101934
1743583231.134251
1743583231.166127
1743583231.198176
1743583231.230149
1743583231.262426
1743583231.293970
1743583231.326025
1743583231.358373
1743583231.390404
1743583231.421764
1743583231.453869
1743583231.486324
1743583231.518054
1743583231.550665
1743583231.581985
1743583231.614293
1743583231.646108
1743583231.678250
1743583231.725727
1743583231.741521
1743583231.757757
1743583231.789531
1743583231.821884
1743583231.854139
1743583231.886072
1743583231.918360
1743583231.950268
1743583231.982306
1743583232.014326
1743583232.046324
1743583232.078047
1743583232.109663
1743583232.141700
1743583232.173703
1743583232.205758
1743583232.237931
1743583232.270238
1743583232.302339
1743583232.334388
1743583232.366545
1743583232.398030
1743583232.430086
1743583232.461978
1743583232.493735
1743583232.525941
1743583232.557721
1743583232.589897
1743583232.622236
1743583232.654269
1743583232.701998
1743583232.733566
1743583232.749695
1743583232.782040
1743583232.812631
1743583232.829727
1743583232.862419
1743583232.894151
1743583232.925918
1743583232.957877
1743583232.990083
1743583233.022318
1743583233.053866
1743583233.085832
1743583233.118110
1743583233.150115
1743583233.182098
1743583233.213742
1743583233.246161
1743583233.278027
1743583233.309934
1743583233.342185
1743583233.373687
1743583233.405719
1743583233.438083
1743583233.470015
1743583233.501907
1743583233.534250
1743583233.566071
1743583233.598131
1743583233.630515
1743583233.677693
1743583233.709616
1743583233.741549
1743583233.757646
1743583233.789868
1743583233.821851
1743583233.853454
1743583233.886015
1743583233.917939
1743583233.950239
1743583233.998165
1743583234.029803
1743583234.061925
1743583234.093814
1743583234.125840
1743583234.157722
1743583234.189975
1743583234.221927
1743583234.253852
1743583234.286149
1743583234.318096
1743583234.350234
1743583234.381808
1743583234.414008
1743583234.446210
1743583234.478316
1743583234.509591
1743583234.541785
1743583234.573765
1743583234.589673
1743583234.622046
1743583234.654344
1743583234.686187
1743583234.718105
1743583234.750098
1743583234.781587
1743583234.814035
1743583234.846357
1743583234.878271
1743583234.909833
1743583234.941919
1743583234.974234
1743583235.005596
1743583235.037821
1743583235.069531
1743583235.102082
1743583235.134245
1743583235.166143
1743583235.198090
1743583235.230343
1743583235.262316
1743583235.294251
1743583235.325577
1743583235.341526
1743583235.373727
1743583235.405823
1743583235.437694
1743583235.469815
1743583235.502392
1743583235.534439
1743583235.566068
1743583235.598086
1743583235.630444
1743583235.662102
1743583235.693321
1743583235.709458
1743583235.741764
1743583235.757611
1743583235.789596
1743583235.805583
1743583235.821771
1743583235.854220
1743583235.886234
1743583235.918143
1743583235.950324
1743583235.982062
1743583236.014282
1743583236.046287
1743583236.078173
1743583236.109758
1743583236.141598
1743583236.157908
1743583236.190109
1743583236.221981
1743583236.269650
1743583236.302127
1743583236.334387
1743583236.365980
1743583236.398125
1743583236.430059
1743583236.462011
1743583236.493851
1743583236.525748
1743583236.558040
1743583236.605516
1743583236.637941
1743583236.669625
1743583236.702300
1743583236.734251
1743583236.766272
1743583236.798019
1743583236.830319
1743583236.862110
1743583236.894013
1743583236.926022
1743583236.957654
1743583236.989577
1743583237.021782
1743583237.053846
1743583237.086144
1743583237.118173
1743583237.150036
1743583237.182116
1743583237.214218
1743583237.246244
1743583237.277855
1743583237.309609
1743583237.341650
1743583237.357747
1743583237.389782
1743583237.422047
1743583237.453734
1743583237.486138
1743583237.518232
1743583237.550186
1743583237.582479
1743583237.613828
1743583237.646095
1743583237.677595
1743583237.709832
1743583237.741909
1743583237.757952
1743583237.789695
1743583237.822078
1743583237.854163
1743583237.902000
1743583237.933565
1743583237.966103
1743583237.998059
1743583238.029945
1743583238.061440
1743583238.093770
1743583238.125719
1743583238.157713
1743583238.189955
1743583238.222261
1743583238.253928
1743583238.286069
1743583238.317977
1743583238.350036
1743583238.382032
1743583238.414207
1743583238.445911
1743583238.478564
1743583238.509879
1743583238.557791
1743583238.589100
1743583238.605449
1743583238.621728
1743583238.654031
1743583238.685999
1743583238.717948
1743583238.750059
1743583238.782283
1743583238.814064
1743583238.846524
1743583238.878291
1743583238.909694
1743583238.941474
1743583238.973705
1743583239.005668
1743583239.037961
1743583239.069750
1743583239.102477
1743583239.134244
1743583239.166306
1743583239.198099
1743583239.230068
1743583239.262013
1743583239.293539
1743583239.325590
1743583239.357578
1743583239.389872
1743583239.421900
1743583239.454134
1743583239.486283
1743583239.533946
1743583239.565895
1743583239.597742
1743583239.630215
1743583239.661919
1743583239.693582
1743583239.725695
1743583239.757918
1743583239.789998
1743583239.822215
1743583239.853832
1743583239.885995
1743583239.918014
1743583239.950049
1743583239.981714
1743583240.014284
1743583240.046444
1743583240.078228
1743583240.109804
1743583240.141853
1743583240.174112
1743583240.205735
1743583240.237630
1743583240.269981
1743583240.302069
1743583240.334348
1743583240.365965
1743583240.398061
1743583240.430157
1743583240.462362
1743583240.510070
1743583240.541769
1743583240.573685
1743583240.605681
1743583240.637655
1743583240.670035
1743583240.702072
1743583240.734188
1743583240.765901
1743583240.798266
1743583240.830370
1743583240.862023
1743583240.893794
1743583240.925778
1743583240.957614
1743583240.989663
1743583241.021888
1743583241.054100
1743583241.086263
1743583241.118284
1743583241.150112
1743583241.182528
1743583241.213787
1743583241.246225
1743583241.277866
1743583241.309670
1743583241.341767
1743583241.373787
1743583241.405893
1743583241.438211
1743583241.485787
1743583241.517867
1743583241.549936
1743583241.582265
1743583241.614282
1743583241.646065
1743583241.677771
1743583241.709772
1743583241.742014
1743583241.773781
1743583241.805992
1743583241.838008
1743583241.869998
1743583241.902188
1743583241.934101
1743583241.966212
1743583241.998086
1743583242.030399
1743583242.062160
1743583242.094082
1743583242.126054
1743583242.157828
1743583242.189646
1743583242.221880
1743583242.253870
1743583242.286047
1743583242.317773
1743583242.350445
1743583242.382372
1743583242.414267
1743583242.462038
1743583242.493509
1743583242.525513
1743583242.541736
1743583242.573791
1743583242.605704
1743583242.637854
1743583242.669842
1743583242.701869
1743583242.733701
1743583242.782145
1743583242.814141
1743583242.846041
1743583242.878110
1743583242.909630
1743583242.925877
1743583242.957934
1743583242.989663
1743583243.021822
1743583243.054145
1743583243.101847
1743583243.134091
1743583243.165523
1743583243.198201
1743583243.229979
1743583243.262061
1743583243.293814
1743583243.325818
1743583243.357892
1743583243.389868
1743583243.437461
1743583243.469798
1743583243.501968
1743583243.534036
1743583243.566382
1743583243.598053
1743583243.630307
1743583243.662077
1743583243.693477
1743583243.709789
1743583243.757745
1743583243.789593
1743583243.805454
1743583243.821604
1743583243.854093
1743583243.886290
1743583243.917872
1743583243.950145
1743583243.982332
1743583244.014423
1743583244.046025
1743583244.078295
1743583244.109924
1743583244.141810
1743583244.173581
1743583244.205789
1743583244.237881
1743583244.269854
1743583244.301919
1743583244.334514
1743583244.366291
1743583244.413958
1743583244.445351
1743583244.477422
1743583244.509645
1743583244.541509
1743583244.557748
1743583244.589833
1743583244.622008
1743583244.654124
1743583244.686063
1743583244.734124
1743583244.766333
1743583244.798252
1743583244.830009
1743583244.862095
1743583244.893571
1743583244.925721
1743583244.957780
1743583244.989968
1743583245.022154
1743583245.054171
1743583245.085845
1743583245.117999
1743583245.150145
1743583245.182203
1743583245.214271
1743583245.246108
1743583245.278385
1743583245.309827
1743583245.341835
1743583245.389453
1743583245.421769
1743583245.454036
1743583245.485568
1743583245.518101
1743583245.550072
1743583245.582250
1743583245.614113
1743583245.646483
1743583245.678248
1743583245.710175
1743583245.741433
1743583245.773492
1743583245.805743
1743583245.821223
1743583245.853674
1743583245.886058
1743583245.918006
1743583245.950416
1743583245.982207
1743583246.029881
1743583246.062220
1743583246.093482
1743583246.125635
1743583246.157763
1743583246.190067
1743583246.221922
1743583246.253894
1743583246.286338
1743583246.318215
1743583246.366119
1743583246.397430
1743583246.430080
1743583246.462064
1743583246.493524
1743583246.525632
1743583246.557802
1743583246.589847
1743583246.621956
1743583246.654047
1743583246.686361
1743583246.718108
1743583246.749909
1743583246.781942
1743583246.814058
1743583246.846178
1743583246.878152
1743583246.909650
1743583246.925854
1743583246.957999
1743583247.005642
1743583247.037399
1743583247.069829
1743583247.101994
1743583247.134207
1743583247.165914
1743583247.198199
1743583247.230137
1743583247.262232
1743583247.294271
1743583247.341551
1743583247.373511
1743583247.405536
1743583247.437700
1743583247.469736
1743583247.502031
1743583247.534222
1743583247.566029
1743583247.598609
1743583247.630388
1743583247.662369
1743583247.694142
1743583247.725925
1743583247.757454
1743583247.773491
1743583247.805640
1743583247.837892
1743583247.869936
1743583247.902373
1743583247.933919
1743583247.982048
1743583248.013794
1743583248.045991
1743583248.077963
1743583248.109691
1743583248.141629
1743583248.157799
1743583248.189899
1743583248.221918
1743583248.253992
1743583248.286130
1743583248.318040
1743583248.349979
1743583248.382131
1743583248.414027
1743583248.445761
1743583248.477690
1743583248.509704
1743583248.541825
1743583248.573814
1743583248.589802
1743583248.637736
1743583248.669934
1743583248.701630
1743583248.734154
1743583248.766143
1743583248.798100
1743583248.829758
1743583248.862188
1743583248.893870
1743583248.925979
1743583248.957869
1743583248.989714
1743583249.021878
1743583249.053793
1743583249.085937
1743583249.118190
1743583249.149960
1743583249.182049
1743583249.214285
1743583249.246134
1743583249.294088
1743583249.325583
1743583249.357532
1743583249.389871
1743583249.421830
1743583249.454052
1743583249.485826
1743583249.518133
1743583249.550258
1743583249.582178
1743583249.613922
1743583249.646178
1743583249.677826
1743583249.709825
1743583249.741683
1743583249.757718
1743583249.789857
1743583249.821937
1743583249.853549
1743583249.869368
1743583249.885708
1743583249.933950
1743583249.965540
1743583249.998055
1743583250.030070
1743583250.062080
1743583250.093872
1743583250.125701
1743583250.157764
1743583250.189779
1743583250.222286
1743583250.270111
1743583250.302067
1743583250.334027
1743583250.365647
1743583250.398268
1743583250.430026
1743583250.462039
1743583250.493725
1743583250.525972
1743583250.558035
1743583250.590072
1743583250.621560
1743583250.652868
1743583250.669802
1743583250.702481
1743583250.733582
1743583250.765437
1743583250.798125
1743583250.830341
1743583250.862299
1743583250.909512
1743583250.941618
1743583250.973809
1743583251.005510
1743583251.038031
1743583251.069342
1743583251.102315
1743583251.134182
1743583251.166339
1743583251.198051
1743583251.245863
1743583251.277809
1743583251.309550
1743583251.341461
1743583251.357565
1743583251.389822
1743583251.421942
1743583251.453834
1743583251.486230
1743583251.518131
1743583251.565983
1743583251.597310
1743583251.630062
1743583251.661979
1743583251.693628
1743583251.725725
1743583251.757789
1743583251.789780
1743583251.822133
1743583251.853606
1743583251.886137
1743583251.918035
1743583251.949879
1743583251.981440
1743583252.013998
1743583252.046124
1743583252.078367
1743583252.109519
1743583252.125726
1743583252.158019
1743583252.189872
1743583252.221831
1743583252.253972
1743583252.286382
1743583252.317993
1743583252.349801
1743583252.382262
1743583252.414029
1743583252.446270
1743583252.477705
1743583252.509787
1743583252.542307
1743583252.573738
1743583252.605667
1743583252.637838
1743583252.669952
1743583252.702429
1743583252.733884
1743583252.766290
1743583252.798059
1743583252.830291
1743583252.861824
1743583252.893764
1743583252.925760
1743583252.957680
1743583252.989394
1743583253.005449
1743583253.037928
1743583253.069835
1743583253.102112
1743583253.134288
1743583253.166288
1743583253.198330
1743583253.229623
1743583253.262139
1743583253.293552
1743583253.325895
1743583253.357575
1743583253.389724
1743583253.421869
1743583253.453889
1743583253.486168
1743583253.518056
1743583253.549936
1743583253.582143
1743583253.613751
1743583253.646218
1743583253.678023
1743583253.709655
1743583253.741597
1743583253.757845
1743583253.789925
1743583253.837437
1743583253.869138
1743583253.885075
1743583253.901367
1743583253.934180
1743583253.965731
1743583253.998159
1743583254.030306
1743583254.062235
1743583254.093970
1743583254.125992
1743583254.173581
1743583254.205801
1743583254.237292
1743583254.270002
1743583254.302005
1743583254.334131
1743583254.365749
1743583254.398180
1743583254.430218
1743583254.462267
1743583254.493731
1743583254.525780
1743583254.557740
1743583254.589626
1743583254.621627
1743583254.653796
1743583254.686412
1743583254.718092
1743583254.750042
1743583254.782237
1743583254.814458
1743583254.845994
1743583254.877857
1743583254.909555
1743583254.925535
1743583254.941641
1743583254.973708
1743583255.005793
1743583255.037960
1743583255.069961
1743583255.102060
1743583255.149876
1743583255.182084
1743583255.213883
1743583255.246219
1743583255.278338
1743583255.309702
1743583255.341680
1743583255.373759
1743583255.389732
1743583255.406071
1743583255.437933
1743583255.469918
1743583255.502036
1743583255.533854
1743583255.566000
1743583255.597907
1743583255.630310
1743583255.662074
1743583255.693783
1743583255.725679
1743583255.758029
1743583255.790057
1743583255.821843
1743583255.853677
1743583255.885940
1743583255.918078
1743583255.950250
1743583255.981663
1743583256.014273
1743583256.046516
1743583256.078115
1743583256.125917
1743583256.157571
1743583256.189624
1743583256.221754
1743583256.253604
1743583256.286024
1743583256.318068
1743583256.350029
1743583256.382083
1743583256.414527
1743583256.446383
1743583256.478154
1743583256.509409
1743583256.541594
1743583256.573677
1743583256.605679
1743583256.637891
1743583256.670237
1743583256.702375
1743583256.734333
1743583256.766168
1743583256.797846
1743583256.830031
1743583256.862178
1743583256.894170
1743583256.926016
1743583256.957653
1743583256.989944
1743583257.021818
1743583257.054038
1743583257.101718
1743583257.134155
1743583257.165585
1743583257.198185
1743583257.230051
1743583257.262385
1743583257.294060
1743583257.325786
1743583257.357886
1743583257.389912
1743583257.422199
1743583257.453889
1743583257.486147
1743583257.517946
1743583257.549655
1743583257.582314
1743583257.613933
1743583257.645961
1743583257.678247
1743583257.709931
1743583257.742214
1743583257.773498
1743583257.805733
1743583257.838040
1743583257.869937
1743583257.902125
1743583257.933696
1743583257.966096
1743583257.998314
1743583258.030307
1743583258.078061
1743583258.109773
1743583258.141677
1743583258.173632
1743583258.205947
1743583258.237833
1743583258.270049
1743583258.302205
1743583258.333984
1743583258.366394
1743583258.398281
1743583258.430160
1743583258.461961
1743583258.493714
1743583258.525649
1743583258.557601
1743583258.573712
1743583258.605579
1743583258.637957
1743583258.670046
1743583258.717843
1743583258.749348
1743583258.781918
1743583258.814287
1743583258.845902
1743583258.877935
1743583258.909709
1743583258.925737
1743583258.957719
1743583258.990002
1743583259.022080
1743583259.054092
1743583259.086095
1743583259.117934
1743583259.149457
1743583259.182250
1743583259.214087
1743583259.246032
1743583259.277384
1743583259.293688
1743583259.325735
1743583259.373598
1743583259.405200
1743583259.421414
1743583259.453894
1743583259.486358
1743583259.517549
1743583259.550108
1743583259.582176
1743583259.614157
1743583259.646213
1743583259.693849
1743583259.725598
1743583259.757635
1743583259.789370
1743583259.821794
1743583259.854098
1743583259.886082
1743583259.917542
1743583259.933286
1743583259.966156
1743583259.998323
1743583260.029870
1743583260.062024
1743583260.093716
1743583260.125769
1743583260.157637
1743583260.189705
1743583260.221827
1743583260.254085
1743583260.286064
1743583260.318195
1743583260.350233
1743583260.382023
1743583260.413752
1743583260.445876
1743583260.478065
1743583260.509495
1743583260.541475
1743583260.557555
1743583260.589937
1743583260.621861
1743583260.669693
1743583260.701996
1743583260.734207
1743583260.766078
1743583260.797706
1743583260.830064
1743583260.862085
1743583260.893620
1743583260.925869
1743583260.957993
1743583261.005674
1743583261.038040
1743583261.069665
1743583261.102025
1743583261.134271
1743583261.166252
1743583261.198046
1743583261.229953
1743583261.262111
1743583261.294014
1743583261.325917
1743583261.357574
1743583261.389530
1743583261.421622
1743583261.454059
1743583261.486027
1743583261.517992
1743583261.549680
1743583261.582027
1743583261.614194
1743583261.646332
1743583261.677875
1743583261.709383
1743583261.725431
1743583261.757664
1743583261.789913
1743583261.821842
1743583261.854014
1743583261.886041
1743583261.918227
1743583261.949982
1743583261.982314
1743583262.014016
1743583262.045918
1743583262.077792
1743583262.109791
1743583262.141791
1743583262.173612
1743583262.205948
1743583262.238143
1743583262.270237
1743583262.302022
1743583262.334214
1743583262.366122
1743583262.397903
1743583262.430137
1743583262.461871
1743583262.493708
1743583262.525755
1743583262.558143
1743583262.589968
1743583262.622418
1743583262.653820
1743583262.686131
1743583262.717806
1743583262.750086
1743583262.782030
1743583262.814096
1743583262.845942
1743583262.878219
1743583262.909871
1743583262.957628
1743583262.989240
1743583263.005390
1743583263.021535
1743583263.037522
1743583263.069819
1743583263.102214
1743583263.133944
1743583263.166021
1743583263.197977
1743583263.230108
1743583263.277770
1743583263.309648
1743583263.341560
1743583263.357565
1743583263.389959
1743583263.422058
1743583263.453593
1743583263.485926
1743583263.518001
1743583263.550173
1743583263.597918
1743583263.630360
1743583263.661938
1743583263.693570
1743583263.725638
1743583263.741798
1743583263.773754
1743583263.805795
1743583263.837770
1743583263.869913
1743583263.885818
1743583263.933781
1743583263.965514
1743583263.997736
1743583264.029819
1743583264.062192
1743583264.093659
1743583264.125624
1743583264.157706
1743583264.189814
1743583264.221979
1743583264.254271
1743583264.286039
1743583264.317822
1743583264.349771
1743583264.381880
1743583264.414032
1743583264.446270
1743583264.477750
1743583264.509693
1743583264.541481
1743583264.574236
1743583264.605074
1743583264.621313
1743583264.653836
1743583264.686127
1743583264.717695
1743583264.749951
1743583264.782180
1743583264.814125
1743583264.845793
1743583264.878473
1743583264.910156
1743583264.941617
1743583264.973520
1743583265.005770
1743583265.037753
1743583265.069823
1743583265.102179
1743583265.134203
1743583265.166152
1743583265.198408
1743583265.229811
1743583265.261881
1743583265.293861
1743583265.325899
1743583265.357807
1743583265.389920
1743583265.421902
1743583265.454216
1743583265.486095
1743583265.518059
1743583265.550226
1743583265.582049
1743583265.614021
1743583265.646143
1743583265.678060
1743583265.709666
1743583265.741763
1743583265.773713
1743583265.789823
1743583265.821949
1743583265.853794
1743583265.886161
1743583265.918036
1743583265.949910
1743583265.981726
1743583266.014252
1743583266.046084
1743583266.078063
1743583266.109519
1743583266.125785
1743583266.157894
1743583266.205664
1743583266.237350
1743583266.269874
1743583266.301812
1743583266.334174
1743583266.366083
1743583266.398087
1743583266.430016
1743583266.462046
1743583266.494046
1743583266.526214
1743583266.557563
1743583266.589571
1743583266.621706
1743583266.653403
1743583266.686017
1743583266.718233
1743583266.750011
1743583266.782052
1743583266.814394
1743583266.862032
1743583266.893733
1743583266.925723
1743583266.957315
1743583266.973419
1743583266.989544
1743583267.005596
1743583267.037665
1743583267.069870
1743583267.102347
1743583267.134016
1743583267.182157
1743583267.214133
1743583267.246202
1743583267.277992
1743583267.309474
1743583267.325529
1743583267.357639
1743583267.389807
1743583267.421815
1743583267.453992
1743583267.501857
1743583267.534221
1743583267.565585
1743583267.597980
1743583267.630152
1743583267.661934
1743583267.694137
1743583267.725716
1743583267.757883
1743583267.789743
1743583267.837973
1743583267.870092
1743583267.901763
1743583267.934127
1743583267.965711
1743583267.998251
1743583268.030122
1743583268.061932
1743583268.093718
1743583268.125774
1743583268.158350
1743583268.189625
1743583268.221598
1743583268.253834
1743583268.286007
1743583268.318133
1743583268.350050
1743583268.382244
1743583268.414426
1743583268.446186
1743583268.477988
1743583268.509561
1743583268.541422
1743583268.573411
1743583268.605435
1743583268.637824
1743583268.668952
1743583268.700888
1743583268.717269
1743583268.750178
1743583268.782262
1743583268.814165
1743583268.845804
1743583268.877769
1743583268.909555
1743583268.941806
1743583268.973623
1743583269.005808
1743583269.037966
1743583269.069999
1743583269.101979
1743583269.134370
1743583269.166117
1743583269.198108
1743583269.229644
1743583269.262072
1743583269.293539
1743583269.325792
1743583269.357787
1743583269.389762
1743583269.421820
1743583269.454191
1743583269.486093
1743583269.517887
1743583269.549872
1743583269.581861
1743583269.614031
1743583269.646308
1743583269.678241
1743583269.709678
1743583269.741867
1743583269.789936
1743583269.821706
1743583269.853945
1743583269.885838
1743583269.917950
1743583269.950290
1743583269.982144
1743583270.013937
1743583270.046158
1743583270.078191
1743583270.110353
1743583270.141340
1743583270.173845
1743583270.205847
1743583270.237894
1743583270.269708
1743583270.302176
1743583270.334271
1743583270.366247
1743583270.398407
1743583270.430189
1743583270.462004
1743583270.493721
1743583270.525481
1743583270.557639
1743583270.589653
1743583270.621838
1743583270.653623
1743583270.686225
1743583270.718275
1743583270.765873
1743583270.797380
1743583270.829925
1743583270.861964
1743583270.893732
1743583270.925572
1743583270.957627
1743583270.989520
1743583271.021814
1743583271.053804
1743583271.086301
1743583271.117715
1743583271.149849
1743583271.181854
1743583271.214004
1743583271.245957
1743583271.278223
1743583271.309718
1743583271.341671
1743583271.357854
1743583271.405533
1743583271.437634
1743583271.469650
1743583271.501804
1743583271.533840
1743583271.565952
1743583271.598075
1743583271.630025
1743583271.662200
1743583271.694015
1743583271.741545
1743583271.773743
1743583271.805675
1743583271.837308
1743583271.869810
1743583271.902049
1743583271.934371
1743583271.965641
1743583271.998205
1743583272.030273
1743583272.062367
1743583272.093460
1743583272.125784
1743583272.157607
1743583272.189778
1743583272.222083
1743583272.253871
1743583272.285986
1743583272.318032
1743583272.349734
1743583272.382484
1743583272.413825
1743583272.446094
1743583272.477556
1743583272.509580
1743583272.541750
1743583272.573595
1743583272.605518
1743583272.637953
1743583272.669996
1743583272.717725
1743583272.749417
1743583272.781934
1743583272.814075
1743583272.845989
1743583272.877779
1743583272.909770
1743583272.941732
1743583272.973767
1743583273.005896
1743583273.038002
1743583273.069784
1743583273.101840
1743583273.133781
1743583273.166061
1743583273.198124
1743583273.230056
1743583273.262110
1743583273.293813
1743583273.325825
1743583273.358334
1743583273.389414
1743583273.421621
1743583273.454044
1743583273.485909
1743583273.517838
1743583273.550143
1743583273.582169
1743583273.614351
1743583273.645986
1743583273.693989
1743583273.725851
1743583273.757510
1743583273.789309
1743583273.821676
1743583273.854146
1743583273.885971
1743583273.917986
1743583273.950030
1743583273.982384
1743583274.014214
1743583274.045423
1743583274.077653
1743583274.109405
1743583274.141784
1743583274.173710
1743583274.206080
1743583274.238171
1743583274.270183
1743583274.301794
1743583274.334593
1743583274.366019
1743583274.398051
1743583274.429936
1743583274.461966
1743583274.493493
1743583274.525685
1743583274.557362
1743583274.589947
1743583274.621847
1743583274.669602
1743583274.701269
1743583274.733414
1743583274.766001
1743583274.797880
1743583274.830226
1743583274.862008
1743583274.894012
1743583274.925743
1743583274.957900
1743583274.990023
1743583275.021525
1743583275.053845
1743583275.085887
1743583275.117878
1743583275.149815
1743583275.182044
1743583275.214319
1743583275.246178
1743583275.277775
1743583275.310204
1743583275.341557
1743583275.357564
1743583275.389707
1743583275.421832
1743583275.453929
1743583275.486426
1743583275.517687
1743583275.549980
1743583275.582198
1743583275.614190
1743583275.645580
1743583275.677598
1743583275.709646
1743583275.741590
1743583275.773616
1743583275.805758
1743583275.837927
1743583275.870028
1743583275.901841
1743583275.934663
1743583275.966285
1743583275.998031
1743583276.029347
1743583276.045462
1743583276.077671
1743583276.109571
1743583276.141560
1743583276.173698
1743583276.205883
1743583276.238038
1743583276.285726
1743583276.317795
1743583276.349940
1743583276.381885
1743583276.413980
1743583276.446066
1743583276.477981
1743583276.509648
1743583276.541909
1743583276.573763
1743583276.589786
1743583276.622208
1743583276.653177
1743583276.685893
1743583276.717859
1743583276.749865
1743583276.781982
1743583276.814194
1743583276.846157
1743583276.878292
1743583276.909696
1743583276.942250
1743583276.973547
1743583277.005677
1743583277.037759
1743583277.069869
1743583277.102200
1743583277.134073
1743583277.165971
1743583277.198207
1743583277.230043
1743583277.262265
1743583277.293512
1743583277.325382
1743583277.357694
1743583277.389663
1743583277.421833
1743583277.453794
1743583277.486050
1743583277.518163
1743583277.549997
1743583277.597859
1743583277.629771
1743583277.661834
1743583277.693453
1743583277.709543
1743583277.741616
1743583277.773686
1743583277.805616
1743583277.838047
1743583277.870162
1743583277.917644
1743583277.949195
1743583277.982165
1743583278.014027
1743583278.045890
1743583278.077742
1743583278.109616
1743583278.141687
1743583278.173729
1743583278.205656
1743583278.238227
1743583278.269636
1743583278.301768
1743583278.333833
1743583278.366215
1743583278.398222
1743583278.429994
1743583278.461478
1743583278.477465
1743583278.509764
1743583278.525679
1743583278.573372
1743583278.605619
1743583278.637897
1743583278.669800
1743583278.701665
1743583278.734113
1743583278.766025
1743583278.798258
1743583278.829907
1743583278.862050
1743583278.893969
1743583278.925532
1743583278.957426
1743583278.989678
1743583279.021859
1743583279.053917
1743583279.086027
1743583279.117926
1743583279.150170
1743583279.182123
1743583279.213733
1743583279.245930
1743583279.277965
1743583279.309703
1743583279.341338
1743583279.373477
1743583279.405673
1743583279.437962
1743583279.470164
1743583279.502380
1743583279.550036
1743583279.582027
1743583279.613533
1743583279.646390
1743583279.677832
1743583279.709854
1743583279.741720
1743583279.773727
1743583279.805968
1743583279.837997
1743583279.869743
1743583279.901835
1743583279.933991
1743583279.966196
1743583279.997519
1743583280.029992
1743583280.062230
1743583280.094292
1743583280.125394
1743583280.141576
1743583280.189419
1743583280.221692
1743583280.253665
1743583280.286031
1743583280.317632
1743583280.350372
1743583280.381924
1743583280.414221
1743583280.446194
1743583280.478179
1743583280.525604
1743583280.557531
1743583280.589446
1743583280.605401
1743583280.637736
1743583280.669713
1743583280.702113
1743583280.734072
1743583280.765720
1743583280.798069
1743583280.845857
1743583280.878033
1743583280.909019
1743583280.925505
1743583280.957757
1743583280.989568
1743583281.021635
1743583281.054024
1743583281.086093
1743583281.117967
1743583281.165666
1743583281.197793
1743583281.229929
1743583281.261952
1743583281.293273
1743583281.309510
1743583281.341677
1743583281.373559
1743583281.405663
1743583281.438193
1743583281.470123
1743583281.501993
1743583281.533467
1743583281.565984
1743583281.598186
1743583281.629972
1743583281.661840
1743583281.693554
1743583281.725641
1743583281.757680
1743583281.789967
1743583281.822081
1743583281.853781
1743583281.885969
1743583281.917568
1743583281.950141
1743583281.981934
1743583282.014162
1743583282.045594
1743583282.078244
1743583282.109680
1743583282.142089
1743583282.173251
1743583282.189520
1743583282.221896
1743583282.253854
1743583282.286003
1743583282.317858
1743583282.349794
1743583282.381935
1743583282.413800
1743583282.446237
1743583282.478252
1743583282.509404
1743583282.540995
1743583282.557639
1743583282.589626
1743583282.621791
1743583282.653656
1743583282.685501
1743583282.717905
1743583282.750037
1743583282.797892
1743583282.830032
1743583282.862075
1743583282.893968
1743583282.925838
1743583282.957677
1743583282.989125
1743583283.005564
1743583283.021697
1743583283.053952
1743583283.085682
1743583283.118061
1743583283.149789
1743583283.181803
1743583283.213994
1743583283.245901
1743583283.278087
1743583283.309665
1743583283.341576
1743583283.373518
1743583283.389655
1743583283.422037
1743583283.453811
1743583283.485834
1743583283.517836
1743583283.550187
1743583283.581530
1743583283.614168
1743583283.645963
1743583283.678632
1743583283.709634
1743583283.725814
1743583283.773675
1743583283.805518
1743583283.837604
1743583283.869829
1743583283.901931
1743583283.934290
1743583283.965566
1743583283.997991
1743583284.030302
1743583284.062060
1743583284.093863
1743583284.109416
1743583284.141547
1743583284.173414
1743583284.205417
1743583284.237863
1743583284.269987
1743583284.301869
1743583284.334076
1743583284.366234
1743583284.398236
1743583284.430240
1743583284.461747
1743583284.493678
1743583284.525940
1743583284.557574
1743583284.589533
1743583284.621778
1743583284.653779
1743583284.686359
1743583284.717716
1743583284.750080
1743583284.782173
1743583284.813910
1743583284.845824
1743583284.878083
1743583284.909557
1743583284.941707
1743583284.973653
1743583285.005680
1743583285.038023
1743583285.069893
1743583285.101839
1743583285.134071
1743583285.165986
1743583285.198148
1743583285.229720
1743583285.261885
1743583285.293675
1743583285.325841
1743583285.357925
1743583285.405381
1743583285.437826
1743583285.469918
1743583285.501798
1743583285.534221
1743583285.565980
1743583285.598134
1743583285.630257
1743583285.662146
1743583285.693731
1743583285.726043
1743583285.757809
1743583285.789358
1743583285.805487
1743583285.837883
1743583285.869824
1743583285.902037
1743583285.934008
1743583285.966142
1743583285.998031
1743583286.045996
1743583286.077736
1743583286.109598
1743583286.125475
1743583286.157572
1743583286.189587
1743583286.222087
1743583286.253563
1743583286.285995
1743583286.317921
1743583286.350488
1743583286.381822
1743583286.413691
1743583286.446031
1743583286.477797
1743583286.509401
1743583286.541723
1743583286.573834
1743583286.605831
1743583286.637793
1743583286.670253
1743583286.702334
1743583286.734187
1743583286.765491
1743583286.798120
1743583286.829981
1743583286.861919
1743583286.893741
1743583286.925591
1743583286.957758
1743583286.989796
1743583287.021824
1743583287.053785
1743583287.085930
1743583287.117969
1743583287.149799
1743583287.182214
1743583287.213931
1743583287.246053
1743583287.278109
1743583287.309692
1743583287.357536
1743583287.389396
1743583287.421518
1743583287.453699
1743583287.486017
1743583287.517803
1743583287.549750
1743583287.582120
1743583287.614267
1743583287.646073
1743583287.677839
1743583287.709541
1743583287.741588
1743583287.773622
1743583287.805808
1743583287.837825
1743583287.869726
1743583287.902142
1743583287.934193
1743583287.966423
1743583287.998117
1743583288.029955
1743583288.061779
1743583288.093441
1743583288.125702
1743583288.141511
1743583288.173796
1743583288.205628
1743583288.237870
1743583288.269879
1743583288.302047
1743583288.334196
1743583288.365744
1743583288.397968
1743583288.429936
1743583288.462061
1743583288.493681
1743583288.525784
1743583288.557648
1743583288.590172
1743583288.622188
1743583288.654375
1743583288.685575
1743583288.717811
1743583288.749867
1743583288.781973
1743583288.813721
1743583288.846011
1743583288.878163
1743583288.909877
1743583288.941888
1743583288.973995
1743583289.005604
1743583289.037746
1743583289.069569
1743583289.101881
1743583289.134209
1743583289.166100
1743583289.197869
1743583289.229989
1743583289.262417
1743583289.309817
1743583289.341230
1743583289.373665
1743583289.405546
1743583289.437772
1743583289.469511
1743583289.502307
1743583289.534386
1743583289.565879
1743583289.597992
1743583289.630196
1743583289.661762
1743583289.693575
1743583289.725781
1743583289.757663
1743583289.789594
1743583289.821848
1743583289.853785
1743583289.886178
1743583289.917951
1743583289.950369
1743583289.981687
1743583290.014083
1743583290.045720
1743583290.077849
1743583290.109161
1743583290.125471
1743583290.157608
1743583290.173510
1743583290.205607
1743583290.221656
1743583290.254126
1743583290.286222
1743583290.317679
1743583290.350094
1743583290.381880
1743583290.414100
1743583290.445772
1743583290.478118
1743583290.509807
1743583290.541727
1743583290.573891
1743583290.605454
1743583290.637724
1743583290.669855
1743583290.702182
1743583290.734135
1743583290.766081
1743583290.798110
1743583290.830258
1743583290.862120
1743583290.893517
1743583290.926202
1743583290.957498
1743583290.989451
1743583291.021384
1743583291.053949
1743583291.085941
1743583291.117871
1743583291.149771
1743583291.182222
1743583291.214162
1743583291.261791
1743583291.293147
1743583291.325565
1743583291.357767
1743583291.389759
1743583291.421669
1743583291.453832
1743583291.486084
1743583291.518228
1743583291.549887
1743583291.582266
1743583291.613979
1743583291.646123
1743583291.678069
1743583291.709434
1743583291.725640
1743583291.757603
1743583291.789717
1743583291.821717
1743583291.854137
1743583291.901794
1743583291.933916
1743583291.965988
1743583291.997995
1743583292.029956
1743583292.062017
1743583292.093918
1743583292.125766
1743583292.157802
1743583292.189638
1743583292.237355
1743583292.269640
1743583292.301993
1743583292.333853
1743583292.365935
1743583292.398073
1743583292.430126
1743583292.461991
1743583292.493691
1743583292.525813
1743583292.558128
1743583292.589172
1743583292.621921
1743583292.653745
1743583292.685831
1743583292.717779
1743583292.750164
1743583292.782007
1743583292.814201
1743583292.846035
1743583292.878311
1743583292.909502
1743583292.941512
1743583292.973446
1743583293.005588
1743583293.037671
1743583293.070098
1743583293.101706
1743583293.134188
1743583293.166194
1743583293.214030
1743583293.245333
1743583293.277584
1743583293.309568
1743583293.325685
1743583293.357690
1743583293.389858
1743583293.421871
1743583293.454036
1743583293.485783
1743583293.533905
1743583293.565649
1743583293.597941
1743583293.629682
1743583293.661928
1743583293.694140
1743583293.725658
1743583293.757574
1743583293.773555
1743583293.789821
1743583293.821846
1743583293.854229
1743583293.885965
1743583293.917641
1743583293.949930
1743583293.981908
1743583294.013840
1743583294.046233
1743583294.078140
1743583294.109684
1743583294.142182
1743583294.189250
1743583294.205334
1743583294.237895
1743583294.269661
1743583294.301832
1743583294.334097
1743583294.365621
1743583294.398178
1743583294.430071
1743583294.462261
1743583294.509907
1743583294.541679
1743583294.573273
1743583294.605697
1743583294.637414
1743583294.669969
1743583294.702193
1743583294.734276
1743583294.765874
1743583294.798304
1743583294.830158
1743583294.862045
1743583294.894035
1743583294.925575
1743583294.957574
1743583294.989594
1743583295.021665
1743583295.053732
1743583295.085988
1743583295.118116
1743583295.165904
1743583295.197915
1743583295.229863
1743583295.262168
1743583295.294064
1743583295.325828
1743583295.357528
1743583295.389829
1743583295.421900
1743583295.453990
1743583295.486118
1743583295.517804
1743583295.549655
1743583295.582070
1743583295.613945
1743583295.645917
1743583295.677565
1743583295.709742
1743583295.741522
1743583295.757776
1743583295.805342
1743583295.837619
1743583295.869729
1743583295.902059
1743583295.933539
1743583295.966264
1743583295.997910
1743583296.030097
1743583296.062194
1743583296.093717
1743583296.141407
1743583296.173520
1743583296.205177
1743583296.221266
1743583296.253862
1743583296.285835
1743583296.317932
1743583296.349812
1743583296.382103
1743583296.414107
1743583296.461927
1743583296.493469
1743583296.525651
1743583296.557990
1743583296.589281
1743583296.621746
1743583296.653932
1743583296.685867
1743583296.717978
1743583296.749951
1743583296.782074
1743583296.814026
1743583296.845361
1743583296.877447
1743583296.909559
1743583296.941552
1743583296.973608
1743583297.005629
1743583297.037988
1743583297.069954
1743583297.118036
1743583297.149769
1743583297.181991
1743583297.213921
1743583297.245943
1743583297.277794
1743583297.309552
1743583297.341692
1743583297.373703
1743583297.389747
1743583297.437400
1743583297.469651
1743583297.501667
1743583297.534020
1743583297.566175
1743583297.598068
1743583297.630027
1743583297.662090
1743583297.694080
1743583297.725881
1743583297.757865
1743583297.789635
1743583297.821892
1743583297.853875
1743583297.885864
1743583297.917878
1743583297.950149
1743583297.981888
1743583298.014151
1743583298.045361
1743583298.093394
1743583298.125761
1743583298.157479
1743583298.189599
1743583298.221976
1743583298.253883
1743583298.285990
1743583298.317946
1743583298.350001
1743583298.382134
1743583298.413644
1743583298.446152
1743583298.478326
1743583298.509417
1743583298.541462
1743583298.557507
1743583298.589462
1743583298.605507
1743583298.637778
1743583298.669485
1743583298.702332
1743583298.734308
1743583298.766175
1743583298.797776
1743583298.829814
1743583298.861936
1743583298.893460
1743583298.925686
1743583298.957163
1743583298.973431
1743583299.005726
1743583299.038152
1743583299.069679
1743583299.101750
1743583299.134171
1743583299.166115
1743583299.197426
1743583299.229817
1743583299.262056
1743583299.293560
1743583299.325538
1743583299.357515
1743583299.390001
1743583299.421771
1743583299.453621
1743583299.486084
1743583299.517804
1743583299.550027
1743583299.581859
1743583299.613856
1743583299.646073
1743583299.678511
1743583299.709616
1743583299.741702
1743583299.773608
1743583299.805456
1743583299.837795
1743583299.869959
1743583299.902114
1743583299.934062
1743583299.966157
1743583299.998160
1743583300.045779
1743583300.077896
1743583300.109235
1743583300.125333
1743583300.157577
1743583300.189706
1743583300.221626
1743583300.253843
1743583300.285884
1743583300.318268
1743583300.366067
1743583300.398121
1743583300.430172
1743583300.462186
1743583300.493541
1743583300.525585
1743583300.557569
1743583300.589695
1743583300.621744
1743583300.654123
1743583300.685996
1743583300.717867
1743583300.749715
1743583300.781891
1743583300.814197
1743583300.846039
1743583300.878109
1743583300.909538
1743583300.925799
1743583300.957865
1743583300.989719
1743583301.021903
1743583301.053742
1743583301.085834
1743583301.117584
1743583301.149818
1743583301.181919
1743583301.213872
1743583301.245495
1743583301.278120
1743583301.309673
1743583301.341989
1743583301.373237
1743583301.405458
1743583301.437855
1743583301.470001
1743583301.501780
1743583301.534115
1743583301.566116
1743583301.598134
1743583301.630088
1743583301.662110
1743583301.693564
1743583301.725616
1743583301.757541
1743583301.789664
1743583301.821680
1743583301.853823
1743583301.886006
1743583301.917954
1743583301.950228
1743583301.998035
1743583302.029869
1743583302.061798
1743583302.093635
1743583302.125743
1743583302.157430
1743583302.189542
1743583302.221813
1743583302.254045
1743583302.285735
1743583302.318036
1743583302.349766
1743583302.381809
1743583302.414100
1743583302.445874
1743583302.477950
1743583302.509587
1743583302.541566
1743583302.557525
1743583302.589725
1743583302.637779
1743583302.669548
1743583302.701924
1743583302.734078
1743583302.765950
1743583302.798455
1743583302.830069
1743583302.861994
1743583302.893676
1743583302.925844
1743583302.973347
1743583303.005634
1743583303.037796
1743583303.069470
1743583303.102168
1743583303.134181
1743583303.166035
1743583303.197883
1743583303.230222
1743583303.262246
1743583303.293974
1743583303.325436
1743583303.357486
1743583303.389639
1743583303.421613
1743583303.453422
1743583303.486167
1743583303.517880
1743583303.550181
1743583303.581842
1743583303.614030
1743583303.645983
1743583303.677960
1743583303.709576
1743583303.741660
1743583303.773632
1743583303.805509
1743583303.837842
1743583303.869742
1743583303.902129
1743583303.949849
1743583303.981654
1743583304.013796
1743583304.045811
1743583304.077993
1743583304.109798
1743583304.141895
1743583304.173701
1743583304.205644
1743583304.238082
1743583304.270219
1743583304.302146
1743583304.334087
1743583304.365321
1743583304.398141
1743583304.429904
1743583304.462004
1743583304.493505
1743583304.525855
1743583304.557664
1743583304.589917
1743583304.621642
1743583304.654021
1743583304.685904
1743583304.717876
1743583304.749950
1743583304.782005
1743583304.813907
1743583304.846102
1743583304.877564
1743583304.893508
1743583304.926163
1743583304.957460
1743583304.989179
1743583305.005250
1743583305.021473
1743583305.053823
1743583305.085886
1743583305.117757
1743583305.149929
1743583305.182142
1743583305.213924
1743583305.246075
1743583305.277774
1743583305.309501
1743583305.341333
1743583305.373543
1743583305.405899
1743583305.437893
1743583305.469734
1743583305.502132
1743583305.534463
1743583305.566508
1743583305.597729
1743583305.629603
1743583305.661803
1743583305.693532
1743583305.725487
1743583305.741431
1743583305.757811
1743583305.789726
1743583305.821719
1743583305.853901
1743583305.901803
1743583305.934125
1743583305.965799
1743583305.998078
1743583306.029754
1743583306.061989
1743583306.094043
1743583306.125784
1743583306.157724
1743583306.189701
1743583306.222126
1743583306.253760
1743583306.285954
1743583306.317944
1743583306.349731
1743583306.381937
1743583306.414273
1743583306.446120
1743583306.477759
1743583306.510060
1743583306.542293
1743583306.573379
1743583306.605428
1743583306.637088
1743583306.669755
1743583306.702110
1743583306.734029
1743583306.766564
1743583306.798108
1743583306.830426
1743583306.877584
1743583306.909444
1743583306.941322
1743583306.973713
1743583307.005647
1743583307.037915
1743583307.069539
1743583307.102070
1743583307.134362
1743583307.166328
1743583307.197652
1743583307.230133
1743583307.261723
1743583307.293513
1743583307.325241
1743583307.341368
1743583307.357531
1743583307.389561
1743583307.421549
1743583307.453881
1743583307.486061
1743583307.518011
1743583307.549499
1743583307.582042
1743583307.613847
1743583307.645881
1743583307.678105
1743583307.709518
1743583307.725672
1743583307.757762
1743583307.789820
1743583307.821880
1743583307.854033
1743583307.885939
1743583307.917898
1743583307.949788
1743583307.981943
1743583308.013924
1743583308.045669
1743583308.078396
1743583308.110076
1743583308.141796
1743583308.173958
1743583308.205519
1743583308.237563
1743583308.269655
1743583308.301674
1743583308.317269
1743583308.349809
1743583308.382110
1743583308.413635
1743583308.446129
1743583308.493686
1743583308.525459
1743583308.557035
1743583308.573409
1743583308.605448
1743583308.637819
1743583308.669304
1743583308.702175
1743583308.734002
1743583308.766122
1743583308.798055
1743583308.830201
1743583308.861811
1743583308.893371
1743583308.925332
1743583308.957702
1743583308.989440
1743583309.021727
1743583309.053529
1743583309.086203
1743583309.118142
1743583309.150159
1743583309.181615
1743583309.213670
1743583309.245931
1743583309.277979
1743583309.309353
1743583309.341787
1743583309.373555
1743583309.405565
1743583309.437659
1743583309.470032
1743583309.501933
1743583309.533753
1743583309.565647
1743583309.597934
1743583309.630038
1743583309.661994
1743583309.693798
1743583309.725595
1743583309.741774
1743583309.773677
1743583309.805756
1743583309.837683
1743583309.869674
1743583309.901911
1743583309.933967
1743583309.966016
1743583309.998205
1743583310.029846
1743583310.062119
1743583310.093908
1743583310.125867
1743583310.157712
1743583310.189609
1743583310.221727
1743583310.253802
1743583310.285809
1743583310.317824
1743583310.349748
1743583310.382324
1743583310.414322
1743583310.445571
1743583310.477919
1743583310.509429
1743583310.541503
1743583310.573701
1743583310.605582
1743583310.637737
1743583310.669869
1743583310.701849
1743583310.734346
1743583310.781797
1743583310.813663
1743583310.845675
1743583310.878021
1743583310.909453
1743583310.941522
1743583310.973390
1743583311.005709
1743583311.038017
1743583311.070030
1743583311.101795
1743583311.134104
1743583311.166021
1743583311.197975
1743583311.230051
1743583311.261969
1743583311.293601
1743583311.325607
1743583311.357770
1743583311.389890
1743583311.422178
1743583311.454019
1743583311.485600
1743583311.517839
1743583311.550227
1743583311.582116
1743583311.613879
1743583311.646029
1743583311.678166
1743583311.709703
1743583311.757634
1743583311.789407
1743583311.821743
1743583311.853797
1743583311.885674
1743583311.918201
1743583311.949895
1743583311.981988
1743583312.013986
1743583312.046264
1743583312.078140
1743583312.109558
1743583312.141386
1743583312.173475
1743583312.189642
1743583312.221727
1743583312.253517
1743583312.286031
1743583312.317857
1743583312.350198
1743583312.397672
1743583312.429915
1743583312.461893
1743583312.493320
1743583312.509244
1743583312.525599
1743583312.541491
1743583312.557664
1743583312.573365
1743583312.589640
1743583312.605520
1743583312.621476
1743583312.637374
1743583312.653601
1743583312.669428
1743583312.685685
1743583312.701692
1743583312.734331
1743583312.765924
1743583312.797951
1743583312.829642
1743583312.862044
1743583312.893403
1743583312.909293
1743583312.925646
1743583312.941492
1743583312.957587
1743583312.973574
1743583312.989663
1743583313.005709
1743583313.021719
1743583313.054140
1743583313.085588
1743583313.100972
1743583313.117317
1743583313.133310
1743583313.149330
1743583313.165325
1743583313.181354
1743583313.197310
1743583313.213380
1743583313.229327
1743583313.245300
1743583313.261526
1743583313.277390
1743583313.293438
1743583313.309500
1743583313.325566
1743583313.341554
1743583313.374079
1743583313.405409
1743583313.437648
1743583313.469851
1743583313.502045
1743583313.534013
1743583313.566126
1743583313.597910
1743583313.630252
1743583313.662033
1743583313.677625
1743583313.709824
1743583313.725529
1743583313.741341
1743583313.757323
1743583313.773217
1743583313.789474
1743583313.805415
1743583313.821430
1743583313.837373
1743583313.853467
1743583313.869537
1743583313.885388
1743583313.901376
1743583313.917551
1743583313.933677
1743583313.949517
1743583313.965530
1743583313.981457
1743583313.997521
1743583314.030224
1743583314.061896
1743583314.093562
1743583314.109248
1743583314.125454
1743583314.141446
1743583314.157529
1743583314.173292
1743583314.189466
1743583314.205460
1743583314.221692
1743583314.237443
1743583314.253437
1743583314.269425
1743583314.285398
1743583314.301593
1743583314.317701
1743583314.350364
1743583314.381888
1743583314.413620
1743583314.445806
1743583314.461253
1743583314.477302
1743583314.493512
1743583314.509415
1743583314.525554
1743583314.541412
1743583314.557601
1743583314.573431
1743583314.589598
1743583314.605618
1743583314.621718
1743583314.637660
1743583314.653476
1743583314.686283
1743583314.717075
1743583314.733109
1743583314.749445
1743583314.782269
1743583314.813239
1743583314.846076
1743583314.877486
1743583314.893496
1743583314.909432
1743583314.925559
1743583314.957671
1743583314.973510
1743583315.005447
1743583315.021236
1743583315.037220
1743583315.053248
1743583315.069276
1743583315.085248
1743583315.101333
1743583315.117458
1743583315.133459
1743583315.149273
1743583315.165491
1743583315.181311
1743583315.197404
1743583315.213481
1743583315.229466
1743583315.245380
1743583315.261477
1743583315.277473
1743583315.293620
1743583315.326057
1743583315.356874
1743583315.373210
1743583315.389434
1743583315.421914
1743583315.453142
1743583315.469079
1743583315.485307
1743583315.501305
1743583315.517457
1743583315.533496
1743583315.549510
1743583315.565529
1743583315.581492
1743583315.597482
1743583315.613562
1743583315.629508
1743583315.661293
1743583315.677169
1743583315.693291
1743583315.709159
1743583315.725336
1743583315.741580
1743583315.757464
1743583315.773421
1743583315.789507
1743583315.805488
1743583315.821399
1743583315.837360
1743583315.853509
1743583315.869384
1743583315.885420
1743583315.901497
1743583315.917629
1743583315.933605
1743583315.949669
1743583315.982114
1743583316.013218
1743583316.029127
1743583316.045310
1743583316.061279
1743583316.077425
1743583316.093358
1743583316.109318
1743583316.125558
1743583316.157480
1743583316.173358
1743583316.189483
1743583316.205432
1743583316.221499
1743583316.237568
1743583316.253613
1743583316.269450
1743583316.302088
1743583316.334201
1743583316.366142
1743583316.397898
1743583316.429844
1743583316.462061
1743583316.493525
1743583316.509358
1743583316.525538
1743583316.541476
1743583316.557625
1743583316.573574
1743583316.589577
1743583316.605775
1743583316.637967
1743583316.669767
1743583316.701950
1743583316.734117
1743583316.765961
1743583316.798057
1743583316.830057
1743583316.862052
1743583316.893707
1743583316.909410
1743583316.925700
1743583316.957875
1743583316.989713
1743583317.021570
1743583317.053840
1743583317.085823
1743583317.117779
1743583317.149686
1743583317.182206
1743583317.214028
1743583317.246070
1743583317.278072
1743583317.309549
1743583317.325340
1743583317.341499
1743583317.357453
1743583317.373441
1743583317.389408
1743583317.405515
1743583317.421684
1743583317.437382
1743583317.453354
1743583317.469426
1743583317.485354
1743583317.501368
1743583317.517458
1743583317.533838
1743583317.566121
1743583317.613931
1743583317.645655
1743583317.661162
1743583317.677656
1743583317.709290
1743583317.725295
1743583317.741554
1743583317.757291
1743583317.773308
1743583317.789481
1743583317.805425
1743583317.821616
1743583317.837332
1743583317.853543
1743583317.886014
1743583317.933754
1743583317.965896
1743583317.997982
1743583318.030028
1743583318.062116
1743583318.093519
1743583318.109266
1743583318.125670
1743583318.141450
1743583318.157805
1743583318.173579
1743583318.189517
1743583318.205732
1743583318.221681
1743583318.254368
1743583318.285996
1743583318.317781
1743583318.349941
1743583318.381879
1743583318.414014
1743583318.445949
1743583318.478011
1743583318.493474
1743583318.509365
1743583318.525719
1743583318.541481
1743583318.557796
1743583318.590088
1743583318.621469
1743583318.637259
1743583318.653210
1743583318.685967
1743583318.717821
1743583318.750139
1743583318.782037
1743583318.813875
1743583318.846138
1743583318.877899
1743583318.909960
1743583318.925275
1743583318.941245
1743583318.957403
1743583318.973245
1743583318.989416
1743583319.005374
1743583319.021562
1743583319.037323
1743583319.053423
1743583319.069299
1743583319.085525
1743583319.101475
1743583319.117465
1743583319.133451
1743583319.149529
1743583319.165284
1743583319.181823
1743583319.197543
1743583319.230103
1743583319.261820
1743583319.293743
1743583319.309268
1743583319.325317
1743583319.341259
1743583319.357448
1743583319.373520
1743583319.389443
1743583319.405448
1743583319.421591
1743583319.437383
1743583319.453399
1743583319.469404
1743583319.485518
1743583319.501544
1743583319.517602
1743583319.533451
1743583319.565500
1743583319.581152
1743583319.597263
1743583319.613364
1743583319.629388
1743583319.645436
1743583319.677481
1743583319.709918
1743583319.725466
1743583319.741545
1743583319.757682
1743583319.773503
1743583319.789461
1743583319.805484
1743583319.821615
1743583319.837436
1743583319.853569
1743583319.886093
1743583319.917749
1743583319.949824
1743583319.981172
1743583319.997025
1743583320.013796
1743583320.029544
1743583320.045552
1743583320.061516
1743583320.077521
1743583320.093419
1743583320.109386
1743583320.125633
1743583320.141426
1743583320.157799
1743583320.173763
1743583320.206288
1743583320.237214
1743583320.252968
1743583320.269216
1743583320.285347
1743583320.301561
1743583320.334202
1743583320.365870
1743583320.397955
1743583320.429247
1743583320.445676
1743583320.478038
1743583320.509767
1743583320.541424
1743583320.557436
1743583320.573320
1743583320.589424
1743583320.605519
1743583320.621430
1743583320.653763
1743583320.685887
1743583320.717228
1743583320.733142
1743583320.749575
1743583320.765610
1743583320.781582
1743583320.797560
1743583320.813691
1743583320.829605
1743583320.861230
1743583320.877414
1743583320.909450
1743583320.925351
1743583320.941408
1743583320.957426
1743583320.973525
1743583320.989772
1743583321.005447
1743583321.021412
1743583321.037677
1743583321.053649
1743583321.069467
1743583321.085610
1743583321.101522
1743583321.117609
1743583321.133852
1743583321.182095
1743583321.213940
1743583321.245380
1743583321.261172
1743583321.277493
1743583321.293379
1743583321.309518
1743583321.325467
1743583321.341447
1743583321.357658
1743583321.373570
1743583321.389597
1743583321.405846
1743583321.421665
1743583321.437886
1743583321.453938
1743583321.486271
1743583321.518045
1743583321.549692
1743583321.565264
1743583321.581539
1743583321.597485
1743583321.613595
1743583321.629422
1743583321.645510
1743583321.661454
1743583321.677713
1743583321.693502
1743583321.709740
1743583321.725525
1743583321.741780
1743583321.757656
1743583321.773779
1743583321.789742
1743583321.805747
1743583321.838328
1743583321.870117
1743583321.901968
1743583321.933952
1743583321.966125
1743583321.997983
1743583322.029827
1743583322.045321
1743583322.061637
1743583322.093131
1743583322.109425
1743583322.125451
1743583322.157248
1743583322.173232
1743583322.189415
1743583322.205494
1743583322.221468
1743583322.237285
1743583322.253243
1743583322.269429
1743583322.285409
1743583322.317280
1743583322.333232
