1743582774.918843
1743582774.983246
1743582775.014338
1743582775.046911
1743582775.094973
1743582775.127384
1743582775.159976
1743582775.190946
1743582775.222881
1743582775.254649
1743582775.286848
1743582775.302999
1743582775.334671
1743582775.350845
1743582775.383176
1743582775.414979
1743582775.447220
1743582775.463256
1743582775.479264
1743582775.495087
1743582775.511272
1743582775.542844
1743582775.575115
1743582775.607309
1743582775.639432
1743582775.671411
1743582775.703577
1743582775.751304
1743582775.783553
1743582775.815723
1743582775.848592
1743582775.880753
1743582775.912601
1743582775.944104
1743582775.976206
1743582776.008138
1743582776.040598
1743582776.073076
1743582776.104531
1743582776.136463
1743582776.168382
1743582776.200869
1743582776.230706
1743582776.262616
1743582776.278674
1743582776.295178
1743582776.310868
1743582776.327177
1743582776.343389
1743582776.390702
1743582776.423093
1743582776.454553
1743582776.486539
1743582776.502240
1743582776.518624
1743582776.534851
1743582776.550825
1743582776.566701
1743582776.582695
1743582776.598873
1743582776.614861
1743582776.630781
1743582776.646823
1743582776.662938
1743582776.678885
1743582776.695199
1743582776.727379
1743582776.758589
1743582776.774695
1743582776.790776
1743582776.806705
1743582776.822658
1743582776.838690
1743582776.854600
1743582776.870723
1743582776.886775
1743582776.902787
1743582776.918753
1743582776.934703
1743582776.950800
1743582776.966820
1743582776.982823
1743582776.998872
1743582777.014838
1743582777.047530
1743582777.079095
1743582777.094521
1743582777.110654
1743582777.126754
1743582777.142803
1743582777.158944
1743582777.174862
1743582777.190785
1743582777.206772
1743582777.222756
1743582777.238682
1743582777.254759
1743582777.270770
1743582777.286794
1743582777.302888
1743582777.318907
1743582777.334890
1743582777.367650
1743582777.398515
1743582777.414561
1743582777.430561
1743582777.446542
1743582777.462562
1743582777.478610
1743582777.494634
1743582777.510612
1743582777.526900
1743582777.542949
1743582777.558991
1743582777.574773
1743582777.590958
1743582777.606995
1743582777.622811
1743582777.638950
1743582777.654837
1743582777.670952
1743582777.703303
1743582777.735308
1743582777.766612
1743582777.782256
1743582777.798553
1743582777.814554
1743582777.830543
1743582777.846679
1743582777.862642
1743582777.878572
1743582777.894768
1743582777.910845
1743582777.926828
1743582777.942874
1743582777.958916
1743582777.974939
1743582777.990932
1743582778.023267
1743582778.054366
1743582778.070427
1743582778.086543
1743582778.102626
1743582778.118794
1743582778.134703
1743582778.150732
1743582778.166761
1743582778.182686
1743582778.198685
1743582778.214670
1743582778.230654
1743582778.246843
1743582778.262794
1743582778.279002
1743582778.294776
1743582778.310910
1743582778.342568
1743582778.358551
1743582778.374598
1743582778.390733
1743582778.406749
1743582778.422531
1743582778.438533
1743582778.454631
1743582778.470651
1743582778.486695
1743582778.502664
1743582778.518630
1743582778.534760
1743582778.550834
1743582778.566792
1743582778.582856
1743582778.598860
1743582778.614839
1743582778.630827
1743582778.647100
1743582778.679618
1743582778.710884
1743582778.726672
1743582778.742869
1743582778.758876
1743582778.774804
1743582778.791006
1743582778.806718
1743582778.822687
1743582778.838642
1743582778.854661
1743582778.870799
1743582778.886906
1743582778.902974
1743582778.918866
1743582778.934879
1743582778.951004
1743582778.966940
1743582778.999555
1743582779.030982
1743582779.046671
1743582779.062672
1743582779.078677
1743582779.094784
1743582779.110698
1743582779.126809
1743582779.142934
1743582779.158791
1743582779.174898
1743582779.190887
1743582779.206972
1743582779.222688
1743582779.238813
1743582779.254844
1743582779.270921
1743582779.286969
1743582779.319728
1743582779.351655
1743582779.383229
1743582779.414969
1743582779.430486
1743582779.446740
1743582779.462890
1743582779.478827
1743582779.494861
1743582779.510790
1743582779.527043
1743582779.542841
1743582779.558910
1743582779.575008
1743582779.591025
1743582779.607102
1743582779.622865
1743582779.655396
1743582779.687006
1743582779.718874
1743582779.734313
1743582779.750736
1743582779.766599
1743582779.782682
1743582779.798716
1743582779.814788
1743582779.830726
1743582779.846794
1743582779.862822
1743582779.878840
1743582779.894802
1743582779.910916
1743582779.926958
1743582779.943099
1743582779.975023
1743582780.006799
1743582780.022402
1743582780.055133
1743582780.086929
1743582780.102672
1743582780.118832
1743582780.134756
1743582780.150832
1743582780.166735
1743582780.182983
1743582780.198903
1743582780.214859
1743582780.230970
1743582780.246969
1743582780.263036
1743582780.295016
1743582780.310820
1743582780.326789
1743582780.342849
1743582780.358693
1743582780.374747
1743582780.390872
1743582780.406775
1743582780.422627
1743582780.438647
1743582780.454763
1743582780.471038
1743582780.486914
1743582780.502769
1743582780.518721
1743582780.534735
1743582780.550954
1743582780.566844
1743582780.582924
1743582780.598940
1743582780.631417
1743582780.662914
1743582780.678894
1743582780.694750
1743582780.710752
1743582780.726897
1743582780.742931
1743582780.758807
1743582780.774836
1743582780.790760
1743582780.806774
1743582780.823088
1743582780.838840
1743582780.854790
1743582780.870896
1743582780.886944
1743582780.902974
1743582780.919015
1743582780.951460
1743582780.982937
1743582781.015515
1743582781.047162
1743582781.062827
1743582781.078792
1743582781.094860
1743582781.110818
1743582781.126857
1743582781.142940
1743582781.158849
1743582781.174933
1743582781.190900
1743582781.206989
1743582781.222864
1743582781.238969
1743582781.271434
1743582781.302721
1743582781.318323
1743582781.334687
1743582781.350944
1743582781.366659
1743582781.382862
1743582781.398693
1743582781.414747
1743582781.430466
1743582781.446828
1743582781.462852
1743582781.478703
1743582781.494693
1743582781.510878
1743582781.526873
1743582781.542949
1743582781.558887
1743582781.574884
1743582781.607349
1743582781.639229
1743582781.671229
1743582781.703326
1743582781.735250
1743582781.767202
1743582781.799207
1743582781.831374
1743582781.846854
1743582781.862832
1743582781.879107
1743582781.894969
1743582781.927542
1743582781.958927
1743582781.974708
1743582781.990869
1743582782.006742
1743582782.022609
1743582782.038668
1743582782.054595
1743582782.070668
1743582782.086712
1743582782.102775
1743582782.118797
1743582782.134837
1743582782.150875
1743582782.166955
1743582782.182868
1743582782.198915
1743582782.214930
1743582782.247393
1743582782.278647
1743582782.294596
1743582782.310565
1743582782.326659
1743582782.342920
1743582782.358740
1743582782.374748
1743582782.390793
1743582782.406900
1743582782.422624
1743582782.438559
1743582782.454814
1743582782.470815
1743582782.486890
1743582782.502889
1743582782.519062
1743582782.551668
1743582782.583639
1743582782.615306
1743582782.646704
1743582782.662607
1743582782.678701
1743582782.694712
1743582782.710750
1743582782.726726
1743582782.742906
1743582782.758918
1743582782.774795
1743582782.790851
1743582782.807007
1743582782.822754
1743582782.838822
1743582782.854898
1743582782.871004
1743582782.903638
1743582782.935168
1743582782.967543
1743582782.999178
1743582783.031311
1743582783.063054
1743582783.078703
1743582783.094748
1743582783.111015
1743582783.126883
1743582783.143101
1743582783.158995
1743582783.174989
1743582783.190982
1743582783.223500
1743582783.255020
1743582783.286952
1743582783.319069
1743582783.334422
1743582783.350694
1743582783.366839
1743582783.383030
1743582783.398956
1743582783.414842
1743582783.430782
1743582783.446851
1743582783.463050
1743582783.479049
1743582783.494849
1743582783.510957
1743582783.527071
1743582783.559595
1743582783.591100
1743582783.623235
1743582783.654995
1743582783.670421
1743582783.686741
1743582783.702757
1743582783.718749
1743582783.734799
1743582783.750905
1743582783.783296
1743582783.813952
1743582783.830805
1743582783.846903
1743582783.878947
1743582783.894748
1743582783.910741
1743582783.926831
1743582783.943132
1743582783.958985
1743582783.974568
1743582783.990538
1743582784.006513
1743582784.022615
1743582784.038603
1743582784.054635
1743582784.070737
1743582784.086795
1743582784.102882
1743582784.118908
1743582784.135021
1743582784.150905
1743582784.166869
1743582784.199501
1743582784.230895
1743582784.246621
1743582784.262709
1743582784.278687
1743582784.294696
1743582784.310794
1743582784.326782
1743582784.342885
1743582784.358710
1743582784.374821
1743582784.390900
1743582784.406821
1743582784.422679
1743582784.438794
1743582784.454829
1743582784.470857
1743582784.486897
1743582784.502981
1743582784.535667
1743582784.567335
1743582784.598542
1743582784.614334
1743582784.630650
1743582784.646785
1743582784.662838
1743582784.678746
1743582784.694672
1743582784.710764
1743582784.726670
1743582784.742898
1743582784.758898
1743582784.774886
1743582784.790879
1743582784.807101
1743582784.822913
1743582784.855195
1743582784.886980
1743582784.919060
1743582784.951599
1743582784.983157
1743582785.015164
1743582785.047543
1743582785.079139
1743582785.111307
1743582785.142893
1743582785.175502
1743582785.206856
1743582785.239012
1743582785.271116
1743582785.303257
1743582785.335262
1743582785.367300
1743582785.399491
1743582785.431282
1743582785.463614
1743582785.510875
1743582785.542711
1743582785.558675
1743582785.590913
1743582785.622966
1743582785.654980
1743582785.687263
1743582785.719239
1743582785.751629
1743582785.783175
1743582785.831291
1743582785.862949
1743582785.894831
1743582785.926616
1743582785.942759
1743582785.974980
1743582786.007168
1743582786.038853
1743582786.071307
1743582786.103243
1743582786.151079
1743582786.183037
1743582786.214571
1743582786.247141
1743582786.278912
1743582786.310755
1743582786.343112
1743582786.375259
1743582786.407218
1743582786.439450
1743582786.487219
1743582786.518435
1743582786.551474
1743582786.583215
1743582786.615012
1743582786.647154
1743582786.678967
1743582786.710927
1743582786.743058
1743582786.774779
1743582786.807275
1743582786.838906
1743582786.871236
1743582786.902859
1743582786.935117
1743582786.967340
1743582786.999265
1743582787.030930
1743582787.063244
1743582787.094954
1743582787.127300
1743582787.158227
1743582787.174649
1743582787.207204
1743582787.239241
1743582787.270611
1743582787.286618
1743582787.319493
1743582787.351565
1743582787.382892
1743582787.415558
1743582787.463057
1743582787.494819
1743582787.526303
1743582787.542803
1743582787.575266
1743582787.606956
1743582787.638510
1743582787.671274
1743582787.703150
1743582787.735493
1743582787.783131
1743582787.815044
1743582787.847188
1743582787.878928
1743582787.910403
1743582787.926797
1743582787.958903
1743582787.975078
1743582788.006918
1743582788.038605
1743582788.055138
1743582788.103029
1743582788.135148
1743582788.167422
1743582788.199469
1743582788.231256
1743582788.262927
1743582788.294874
1743582788.326956
1743582788.358923
1743582788.390941
1743582788.438890
1743582788.471217
1743582788.503201
1743582788.534986
1743582788.567066
1743582788.599108
1743582788.631200
1743582788.663475
1743582788.695175
1743582788.726961
1743582788.759507
1743582788.791044
1743582788.822959
1743582788.854995
1743582788.887246
1743582788.918514
1743582788.951554
1743582788.983302
1743582789.015487
1743582789.046766
1743582789.079283
1743582789.110675
1743582789.142889
1743582789.174842
1743582789.206883
1743582789.239114
1743582789.271268
1743582789.302906
1743582789.335364
1743582789.367303
1743582789.415183
1743582789.446633
1743582789.478728
1743582789.510762
1743582789.543040
1743582789.574494
1743582789.590667
1743582789.623036
1743582789.655257
1743582789.687025
1743582789.735165
1743582789.767357
1743582789.799212
1743582789.830639
1743582789.846666
1743582789.879082
1743582789.911199
1743582789.942643
1743582789.958795
1743582789.974885
1743582790.007226
1743582790.054962
1743582790.087117
1743582790.119218
1743582790.151399
1743582790.183018
1743582790.215338
1743582790.247391
1743582790.279112
1743582790.310857
1743582790.343036
1743582790.390767
1743582790.422894
1743582790.454774
1743582790.487214
1743582790.519179
1743582790.551116
1743582790.583257
1743582790.615462
1743582790.647422
1743582790.679136
1743582790.711220
1743582790.742754
1743582790.774708
1743582790.806956
1743582790.839060
1743582790.871379
1743582790.903607
1743582790.935148
1743582790.967130
1743582790.982516
1743582790.998865
1743582791.031588
1743582791.062495
1743582791.078617
1743582791.110886
1743582791.142889
1743582791.174859
1743582791.207061
1743582791.239206
1743582791.271276
1743582791.303253
1743582791.335614
1743582791.367422
1743582791.399187
1743582791.430798
1743582791.462723
1743582791.478749
1743582791.510834
1743582791.542618
1743582791.558731
1743582791.591051
1743582791.623385
1743582791.654827
1743582791.687465
1743582791.719384
1743582791.751293
1743582791.782468
1743582791.815265
1743582791.847098
1743582791.878878
1743582791.910679
1743582791.926890
1743582791.943063
1743582791.975135
1743582792.006931
1743582792.038915
1743582792.071225
1743582792.103040
1743582792.134910
1743582792.167110
1743582792.199244
1743582792.231181
1743582792.263036
1743582792.295017
1743582792.343393
1743582792.374922
1743582792.406885
1743582792.439004
1743582792.471143
1743582792.503048
1743582792.535188
1743582792.567292
1743582792.599487
1743582792.631465
1743582792.663127
1743582792.694856
1743582792.726483
1743582792.742712
1743582792.774743
1743582792.807294
1743582792.839355
1743582792.871453
1743582792.902802
1743582792.935231
1743582792.983172
1743582793.015136
1743582793.046636
1743582793.078683
1743582793.110796
1743582793.142862
1743582793.175268
1743582793.207175
1743582793.239224
1743582793.271512
1743582793.319144
1743582793.351323
1743582793.383016
1743582793.415379
1743582793.447018
1743582793.478973
1743582793.510826
1743582793.543202
1743582793.575042
1743582793.607183
1743582793.639302
1743582793.671206
1743582793.702704
1743582793.734833
1743582793.767137
1743582793.799250
1743582793.831105
1743582793.863270
1743582793.894910
1743582793.910862
1743582793.959124
1743582793.990812
1743582794.023143
1743582794.055139
1743582794.086748
1743582794.118582
1743582794.151465
1743582794.183363
1743582794.215414
1743582794.247450
1743582794.295235
1743582794.326441
1743582794.342985
1743582794.374984
1743582794.406240
1743582794.422480
1743582794.455407
1743582794.487390
1743582794.519097
1743582794.551824
1743582794.583599
1743582794.615249
1743582794.646817
1743582794.678723
1743582794.710705
1743582794.742844
1743582794.774732
1743582794.790794
1743582794.823062
1743582794.855116
1743582794.886995
1743582794.935071
1743582794.967208
1743582794.999165
1743582795.030500
1743582795.046636
1743582795.078932
1743582795.111059
1743582795.142424
1743582795.158793
1743582795.174950
1743582795.207074
1743582795.239158
1743582795.271399
1743582795.303236
1743582795.335170
1743582795.366682
1743582795.399212
1743582795.431264
1743582795.463227
1743582795.494741
1743582795.510842
1743582795.543383
1743582795.590682
1743582795.622388
1743582795.638387
1743582795.671272
1743582795.703332
1743582795.735383
1743582795.767214
1743582795.799471
1743582795.831160
1743582795.863107
1743582795.910868
1743582795.942622
1743582795.974806
1743582796.006764
1743582796.039127
1743582796.071045
1743582796.103341
1743582796.135108
1743582796.167227
1743582796.199461
1743582796.247074
1743582796.278456
1743582796.294532
1743582796.310707
1743582796.342816
1743582796.374714
1743582796.390713
1743582796.406811
1743582796.439073
1743582796.471295
1743582796.503266
1743582796.535482
1743582796.567749
1743582796.598908
1743582796.631179
1743582796.662798
1743582796.694689
1743582796.727254
1743582796.759013
1743582796.790837
1743582796.823259
1743582796.855100
1743582796.887440
1743582796.919362
1743582796.951350
1743582796.982662
1743582797.015371
1743582797.047122
1743582797.078776
1743582797.110687
1743582797.126898
1743582797.159225
1743582797.191242
1743582797.223051
1743582797.255114
1743582797.286987
1743582797.319069
1743582797.350845
1743582797.383304
1743582797.415314
1743582797.447197
1743582797.478557
1743582797.494760
1743582797.510859
1743582797.543160
1743582797.574522
1743582797.590513
1743582797.606681
1743582797.638985
1743582797.670939
1743582797.703141
1743582797.735333
1743582797.767349
1743582797.798718
1743582797.831502
1743582797.863045
1743582797.894877
1743582797.926712
1743582797.942678
1743582797.974751
1743582798.006181
1743582798.022644
1743582798.054775
1743582798.087584
1743582798.119397
1743582798.151374
1743582798.199051
1743582798.231254
1743582798.263012
1743582798.294333
1743582798.310735
1743582798.342940
1743582798.374992
1743582798.407049
1743582798.439194
1743582798.471281
1743582798.518980
1743582798.550831
1743582798.583221
1743582798.615418
1743582798.647221
1743582798.678411
1743582798.694689
1743582798.726944
1743582798.759108
1743582798.790570
1743582798.806757
1743582798.839451
1743582798.871116
1743582798.902781
1743582798.935359
1743582798.967230
1743582798.999247
1743582799.030765
1743582799.046737
1743582799.078976
1743582799.110991
1743582799.142898
1743582799.175207
1743582799.206920
1743582799.239021
1743582799.271288
1743582799.303162
1743582799.335136
1743582799.367218
1743582799.399158
1743582799.431484
1743582799.463563
1743582799.495281
1743582799.526344
1743582799.542696
1743582799.574841
1743582799.590806
1743582799.622424
1743582799.655190
1743582799.687388
1743582799.719212
1743582799.750927
1743582799.783241
1743582799.815465
1743582799.846928
1743582799.878566
1743582799.910950
1743582799.942937
1743582799.974629
1743582800.006960
1743582800.039190
1743582800.071186
1743582800.103109
1743582800.150968
1743582800.183050
1743582800.215065
1743582800.247170
1743582800.278430
1743582800.294645
1743582800.310696
1743582800.326728
1743582800.342844
1743582800.375007
1743582800.407143
1743582800.439426
1743582800.471295
1743582800.503117
1743582800.535070
1743582800.567209
1743582800.598488
1743582800.631208
1743582800.663188
1743582800.694839
1743582800.726777
1743582800.742910
1743582800.758966
1743582800.791084
1743582800.822795
1743582800.854932
1743582800.886991
1743582800.919096
1743582800.950762
1743582800.983221
1743582801.015130
1743582801.047659
1743582801.078803
1743582801.094831
1743582801.126924
1743582801.158804
1743582801.190812
1743582801.223000
1743582801.255076
1743582801.287406
1743582801.318838
1743582801.351527
1743582801.383308
1743582801.415503
1743582801.446745
1743582801.478814
1743582801.510674
1743582801.526625
1743582801.542712
1743582801.558768
1743582801.591013
1743582801.623403
1743582801.654923
1743582801.686807
1743582801.719278
1743582801.767356
1743582801.799007
1743582801.831189
1743582801.863084
1743582801.894920
1743582801.927026
1743582801.959003
1743582801.990639
1743582802.006750
1743582802.039126
1743582802.071416
1743582802.102819
1743582802.135090
1743582802.167339
1743582802.199258
1743582802.230659
1743582802.246632
1743582802.278967
1743582802.310801
1743582802.342633
1743582802.358823
1743582802.374941
1743582802.390925
1743582802.422870
1743582802.455022
1743582802.487209
1743582802.518982
1743582802.551274
1743582802.583429
1743582802.615421
1743582802.647251
1743582802.678797
1743582802.711092
1743582802.743446
1743582802.774607
1743582802.806739
1743582802.839219
1743582802.871085
1743582802.903115
1743582802.934661
1743582802.967169
1743582802.999168
1743582803.031428
1743582803.079073
1743582803.110977
1743582803.142887
1743582803.174687
1743582803.206633
1743582803.238985
1743582803.271305
1743582803.303212
1743582803.335096
1743582803.367446
1743582803.399475
1743582803.431019
1743582803.462589
1743582803.478619
1743582803.510948
1743582803.542939
1743582803.574327
1743582803.590658
1743582803.606854
1743582803.639191
1743582803.670906
1743582803.719066
1743582803.751306
1743582803.783077
1743582803.815039
1743582803.847647
1743582803.879210
1743582803.910881
1743582803.942686
1743582803.958706
1743582803.974809
1743582803.990846
1743582804.023069
1743582804.055258
1743582804.087266
1743582804.118941
1743582804.150742
1743582804.183147
1743582804.215215
1743582804.247198
1743582804.278676
1743582804.294737
1743582804.310835
1743582804.326860
1743582804.343117
1743582804.375505
1743582804.407063
1743582804.439048
1743582804.470670
1743582804.503164
1743582804.535118
1743582804.567382
1743582804.599073
1743582804.631544
1743582804.663474
1743582804.695461
1743582804.726581
1743582804.742658
1743582804.774857
1743582804.807044
1743582804.838758
1743582804.871178
1743582804.903373
1743582804.935114
1743582804.967183
1743582804.999414
1743582805.031432
1743582805.063160
1743582805.094388
1743582805.110560
1743582805.126665
1743582805.142795
1743582805.174766
1743582805.206951
1743582805.239261
1743582805.271388
1743582805.303178
1743582805.351136
1743582805.383177
1743582805.415194
1743582805.446732
1743582805.478801
1743582805.510780
1743582805.542933
1743582805.574844
1743582805.607219
1743582805.639141
1743582805.671524
1743582805.702862
1743582805.735171
1743582805.767397
1743582805.799202
1743582805.830631
1743582805.846665
1743582805.879093
1743582805.910877
1743582805.942849
1743582805.975238
1743582806.007616
1743582806.039035
1743582806.070742
1743582806.103126
1743582806.135079
1743582806.167385
1743582806.199503
1743582806.231321
1743582806.263397
1743582806.294953
1743582806.326976
1743582806.358689
1743582806.390836
1743582806.422879
1743582806.454727
1743582806.487203
1743582806.519139
1743582806.551481
1743582806.583166
1743582806.615350
1743582806.647642
1743582806.679122
1743582806.710354
1743582806.726611
1743582806.742793
1743582806.774702
1743582806.806905
1743582806.839158
1743582806.871183
1743582806.903182
1743582806.934818
1743582806.982976
1743582807.015103
1743582807.047111
1743582807.078187
1743582807.094637
1743582807.110674
1743582807.143046
1743582807.174702
1743582807.207176
1743582807.239150
1743582807.271486
1743582807.302774
1743582807.335031
1743582807.367088
1743582807.399197
1743582807.430526
1743582807.446699
1743582807.478605
1743582807.494703
1743582807.526541
1743582807.542770
1743582807.575064
1743582807.622747
1743582807.654701
1743582807.687229
1743582807.719163
1743582807.751469
1743582807.783132
1743582807.815386
1743582807.847271
1743582807.878995
1743582807.910741
1743582807.926793
1743582807.959510
1743582807.990810
1743582808.023001
1743582808.055027
1743582808.087185
1743582808.119234
1743582808.151350
1743582808.183350
1743582808.215397
1743582808.247710
1743582808.278961
1743582808.310830
1743582808.342870
1743582808.374804
1743582808.406694
1743582808.438878
1743582808.471353
1743582808.503163
1743582808.535217
1743582808.567510
1743582808.599388
1743582808.631017
1743582808.662902
1743582808.694939
1743582808.726727
1743582808.742841
1743582808.774857
1743582808.807229
1743582808.839067
1743582808.871503
1743582808.903165
1743582808.935413
1743582808.967051
1743582808.999137
1743582809.030510
1743582809.046592
1743582809.078908
1743582809.110780
1743582809.126715
1743582809.142918
1743582809.175072
1743582809.207090
1743582809.254859
1743582809.286582
1743582809.319150
1743582809.351344
1743582809.383210
1743582809.415351
1743582809.447221
1743582809.478958
1743582809.510826
1743582809.542909
1743582809.574782
1743582809.606992
1743582809.638960
1743582809.671020
1743582809.702759
1743582809.735226
1743582809.767231
1743582809.799292
1743582809.830784
1743582809.862946
1743582809.910617
1743582809.942823
1743582809.974505
1743582809.990614
1743582810.022915
1743582810.055248
1743582810.087094
1743582810.119249
1743582810.151379
1743582810.183376
1743582810.230910
1743582810.263203
1743582810.294647
1743582810.326628
1743582810.342852
1743582810.375076
1743582810.407058
1743582810.439039
1743582810.470558
1743582810.503170
1743582810.551029
1743582810.582966
1743582810.614584
1743582810.647280
1743582810.678797
1743582810.710701
1743582810.742597
1743582810.774822
1743582810.790760
1743582810.806974
1743582810.838937
1743582810.887015
1743582810.919250
1743582810.951350
1743582810.982750
1743582811.015316
1743582811.047144
1743582811.078831
1743582811.110971
1743582811.126764
1743582811.143010
1743582811.175093
1743582811.206753
1743582811.239139
1743582811.271193
1743582811.303108
1743582811.334606
1743582811.350735
1743582811.383309
1743582811.415347
1743582811.446857
1743582811.479015
1743582811.526457
1743582811.558871
1743582811.590259
1743582811.606442
1743582811.622798
1743582811.654877
1743582811.686560
1743582811.719120
1743582811.751451
1743582811.783361
1743582811.814713
1743582811.862812
1743582811.894622
1743582811.926779
1743582811.958504
1743582811.974553
1743582811.990773
1743582812.022995
1743582812.054780
1743582812.087323
1743582812.119230
1743582812.151463
1743582812.183256
1743582812.215003
1743582812.247110
1743582812.278608
1743582812.310464
1743582812.326538
1743582812.343102
1743582812.374972
1743582812.406574
1743582812.422568
1743582812.438805
1743582812.454895
1743582812.503119
1743582812.534982
1743582812.566894
1743582812.598842
1743582812.631093
1743582812.663287
1743582812.694913
1743582812.726836
1743582812.758873
1743582812.790987
1743582812.838739
1743582812.871254
1743582812.902684
1743582812.935029
1743582812.967141
1743582812.999205
1743582813.030502
1743582813.046635
1743582813.078995
1743582813.111021
1743582813.126752
1743582813.159223
1743582813.190678
1743582813.223027
1743582813.254768
1743582813.287392
1743582813.319170
1743582813.351362
1743582813.382525
1743582813.415608
1743582813.447389
1743582813.479469
1743582813.510135
1743582813.526523
1743582813.542773
1743582813.574639
1743582813.606526
1743582813.638981
1743582813.671265
1743582813.703140
1743582813.734979
1743582813.767651
1743582813.814956
1743582813.847182
1743582813.878834
1743582813.910913
1743582813.926817
1743582813.943130
1743582813.974568
1743582814.006822
1743582814.038937
1743582814.071165
1743582814.102989
1743582814.135396
1743582814.167194
1743582814.199045
1743582814.230536
1743582814.246536
1743582814.278929
1743582814.310822
1743582814.342502
1743582814.358642
1743582814.390928
1743582814.423084
1743582814.455043
1743582814.486959
1743582814.519003
1743582814.551663
1743582814.582727
1743582814.615170
1743582814.647103
1743582814.678869
1743582814.710755
1743582814.726889
1743582814.743009
1743582814.758975
1743582814.790996
1743582814.823084
1743582814.854859
1743582814.887046
1743582814.918651
1743582814.951199
1743582814.983299
1743582815.015208
1743582815.046914
1743582815.079142
1743582815.111230
1743582815.142733
1743582815.174693
1743582815.206877
1743582815.238883
1743582815.271294
1743582815.303020
1743582815.335206
1743582815.367394
1743582815.399326
1743582815.431040
1743582815.462966
1743582815.494819
1743582815.526777
1743582815.558142
1743582815.574326
1743582815.590797
1743582815.623062
1743582815.654981
1743582815.687359
1743582815.719447
1743582815.767356
1743582815.798518
1743582815.831340
1743582815.863025
1743582815.894738
1743582815.926920
1743582815.958966
1743582815.990873
1743582816.023216
1743582816.054993
1743582816.087373
1743582816.118919
1743582816.151326
1743582816.182920
1743582816.215311
1743582816.247171
1743582816.278754
1743582816.310567
1743582816.326668
1743582816.343220
1743582816.375155
1743582816.406894
1743582816.438858
1743582816.471166
1743582816.503105
1743582816.534879
1743582816.567342
1743582816.599005
1743582816.631190
1743582816.663636
1743582816.694965
1743582816.742699
1743582816.774638
1743582816.806806
1743582816.838827
1743582816.871234
1743582816.903205
1743582816.934957
1743582816.966830
1743582816.999354
1743582817.031348
1743582817.063427
1743582817.094786
1743582817.126686
1743582817.142675
1743582817.174796
1743582817.206924
1743582817.238619
1743582817.271180
1743582817.303447
1743582817.335286
1743582817.383011
1743582817.415172
1743582817.446966
1743582817.478950
1743582817.510181
1743582817.526561
1743582817.542752
1743582817.574783
1743582817.606424
1743582817.639117
1743582817.671189
1743582817.719123
1743582817.750446
1743582817.783002
1743582817.815372
1743582817.847113
1743582817.878607
1743582817.910846
1743582817.926783
1743582817.942909
1743582817.974778
1743582817.990863
1743582818.007227
1743582818.038382
1743582818.070294
1743582818.086321
1743582818.102582
1743582818.118642
1743582818.151282
1743582818.183349
1743582818.215263
1743582818.247342
1743582818.278843
1743582818.311122
1743582818.358784
1743582818.390713
1743582818.422588
1743582818.455061
1743582818.487206
1743582818.519135
1743582818.550450
1743582818.583616
1743582818.615398
1743582818.647382
1743582818.694950
1743582818.726710
1743582818.758862
1743582818.790573
1743582818.822629
1743582818.854903
1743582818.887206
1743582818.919346
1743582818.950970
1743582818.983343
1743582819.015577
1743582819.046966
1743582819.078246
1743582819.094519
1743582819.110711
1743582819.126558
1743582819.142806
1743582819.158753
1743582819.190659
1743582819.222990
1743582819.254866
1743582819.287458
1743582819.334979
1743582819.367081
1743582819.398809
1743582819.431282
1743582819.463106
1743582819.494788
1743582819.526572
1743582819.542676
1743582819.575165
1743582819.606937
1743582819.639116
1743582819.671362
1743582819.703047
1743582819.734989
1743582819.766583
1743582819.799369
1743582819.831111
1743582819.863388
1743582819.894785
1743582819.926884
1743582819.942941
1743582819.990880
1743582820.022446
1743582820.055036
1743582820.087000
1743582820.119367
1743582820.150906
1743582820.183319
1743582820.215156
1743582820.247345
1743582820.278965
1743582820.311196
1743582820.342799
1743582820.374786
1743582820.407018
1743582820.439137
1743582820.471114
1743582820.503296
1743582820.535172
1743582820.567346
1743582820.599369
1743582820.647251
1743582820.678391
1743582820.694519
1743582820.726532
1743582820.742762
1743582820.774744
1743582820.806837
1743582820.839152
1743582820.871223
1743582820.903208
1743582820.935354
1743582820.967279
1743582820.998956
1743582821.031076
1743582821.063047
1743582821.094687
1743582821.126938
1743582821.158363
1743582821.174606
1743582821.207076
1743582821.239126
1743582821.286998
1743582821.319111
1743582821.351447
1743582821.383155
1743582821.414911
1743582821.447456
1743582821.479126
1743582821.510975
1743582821.542695
1743582821.558725
1743582821.574981
1743582821.622777
1743582821.654506
1743582821.687115
1743582821.719039
1743582821.751267
1743582821.782661
1743582821.815291
1743582821.847209
1743582821.878935
1743582821.910573
1743582821.943375
1743582821.974656
1743582822.006968
1743582822.038571
1743582822.071376
1743582822.103153
1743582822.135085
1743582822.166980
1743582822.199799
1743582822.231314
1743582822.263412
1743582822.294439
1743582822.310507
1743582822.342812
1743582822.374731
1743582822.407001
1743582822.439152
1743582822.471430
1743582822.503368
1743582822.535345
1743582822.567512
1743582822.599135
1743582822.631004
1743582822.663087
1743582822.695127
1743582822.726740
1743582822.742775
1743582822.774626
1743582822.790760
1743582822.822219
1743582822.839082
1743582822.871326
1743582822.919057
1743582822.951337
1743582822.982894
1743582823.014962
1743582823.047263
1743582823.078855
1743582823.110905
1743582823.142580
1743582823.158681
1743582823.174794
1743582823.190805
1743582823.238727
1743582823.271522
1743582823.302950
1743582823.335052
1743582823.366901
1743582823.399118
1743582823.431192
1743582823.463274
1743582823.494584
1743582823.510615
1743582823.526730
1743582823.543159
1743582823.575043
1743582823.607175
1743582823.639229
1743582823.671127
1743582823.702875
1743582823.735010
1743582823.766982
1743582823.799287
1743582823.830684
1743582823.846747
1743582823.894576
1743582823.926709
1743582823.958371
1743582823.974446
1743582823.990660
1743582824.023018
1743582824.054698
1743582824.087323
1743582824.119267
1743582824.151362
1743582824.183278
1743582824.215310
1743582824.247037
1743582824.278740
1743582824.310586
1743582824.342920
1743582824.374607
1743582824.390560
1743582824.406641
1743582824.439336
1743582824.471179
1743582824.503476
1743582824.551059
1743582824.582420
1743582824.615143
1743582824.647147
1743582824.678690
1743582824.710873
1743582824.742896
1743582824.758931
1743582824.790937
1743582824.823344
1743582824.870965
1743582824.902983
1743582824.935227
1743582824.967276
1743582824.998773
1743582825.031036
1743582825.063145
1743582825.094939
1743582825.126576
1743582825.142917
1743582825.190779
1743582825.222916
1743582825.254360
1743582825.287200
1743582825.319304
1743582825.351185
1743582825.382806
1743582825.415152
1743582825.447322
1743582825.479034
1743582825.526539
1743582825.542701
1743582825.574884
1743582825.606876
1743582825.638760
1743582825.671345
1743582825.703090
1743582825.735005
1743582825.766786
1743582825.799341
1743582825.846886
1743582825.878514
1743582825.910216
1743582825.926837
1743582825.958952
1743582825.991493
1743582826.022503
1743582826.038527
1743582826.071068
1743582826.103454
1743582826.135093
1743582826.167522
1743582826.199331
1743582826.231003
1743582826.262910
1743582826.294806
1743582826.326717
1743582826.342756
1743582826.374795
1743582826.407058
1743582826.439110
1743582826.471146
1743582826.502964
1743582826.534879
1743582826.567292
1743582826.599111
1743582826.630729
1743582826.662815
1743582826.694734
1743582826.726813
1743582826.758790
1743582826.790931
1743582826.823138
1743582826.854907
1743582826.886644
1743582826.919197
1743582826.951211
1743582826.983086
1743582827.014763
1743582827.047450
1743582827.079155
1743582827.110736
1743582827.142851
1743582827.174784
1743582827.206949
1743582827.239008
1743582827.271062
1743582827.303164
1743582827.335004
1743582827.367145
1743582827.399198
1743582827.431324
1743582827.479174
1743582827.511103
1743582827.542400
1743582827.558606
1743582827.590750
1743582827.622832
1743582827.654672
1743582827.687119
1743582827.719269
1743582827.751302
1743582827.799000
1743582827.831158
1743582827.863015
1743582827.894770
1743582827.926318
1743582827.942732
1743582827.974792
1743582827.990825
1743582828.022761
1743582828.055486
1743582828.087411
1743582828.119491
1743582828.150876
1743582828.183008
1743582828.215056
1743582828.247290
1743582828.278966
1743582828.310795
1743582828.342797
1743582828.374976
1743582828.407121
1743582828.454803
1743582828.486896
1743582828.519041
1743582828.551062
1743582828.583013
1743582828.614988
1743582828.647191
1743582828.679101
1743582828.710838
1743582828.742890
1743582828.775230
1743582828.806718
1743582828.838945
1743582828.871087
1743582828.903312
1743582828.935083
1743582828.967376
1743582828.999166
1743582829.031131
1743582829.063319
1743582829.095136
1743582829.126646
1743582829.142831
1743582829.174783
1743582829.206843
1743582829.238983
1743582829.271338
1743582829.302613
1743582829.335395
1743582829.367304
1743582829.399416
1743582829.430872
1743582829.462860
1743582829.494887
1743582829.526684
1743582829.558463
1743582829.574730
1743582829.606989
1743582829.639087
1743582829.670723
1743582829.703155
1743582829.751215
1743582829.783100
1743582829.814353
1743582829.846961
1743582829.878578
1743582829.910623
1743582829.942649
1743582829.958685
1743582829.990778
1743582830.023316
1743582830.070745
1743582830.103108
1743582830.135050
1743582830.167194
1743582830.198684
1743582830.231235
1743582830.263117
1743582830.294848
1743582830.326915
1743582830.358957
1743582830.406607
1743582830.438862
1743582830.470787
1743582830.503021
1743582830.535272
1743582830.567079
1743582830.598931
1743582830.631438
1743582830.663418
1743582830.695095
1743582830.726883
1743582830.758706
1743582830.790866
1743582830.823040
1743582830.854884
1743582830.887265
1743582830.919204
1743582830.951175
1743582830.982939
1743582831.015489
1743582831.047524
1743582831.078806
1743582831.110662
1743582831.142760
1743582831.174765
1743582831.206732
1743582831.238975
1743582831.271327
1743582831.303362
1743582831.334215
1743582831.350821
1743582831.383554
1743582831.415475
1743582831.447168
1743582831.478293
1743582831.494648
1743582831.526730
1743582831.558769
1743582831.590984
1743582831.623467
1743582831.655115
1743582831.703025
1743582831.734686
1743582831.767111
1743582831.799014
1743582831.831279
1743582831.862475
1743582831.878541
1743582831.910681
1743582831.926715
1743582831.942849
1743582831.975072
1743582832.022886
1743582832.055067
1743582832.086442
1743582832.119258
1743582832.151089
1743582832.183159
1743582832.214804
1743582832.247379
1743582832.278986
1743582832.311161
1743582832.358530
1743582832.390603
1743582832.423026
1743582832.454978
1743582832.486913
1743582832.518616
1743582832.551115
1743582832.583317
1743582832.615358
1743582832.647389
1743582832.679286
1743582832.710600
1743582832.742713
1743582832.774777
1743582832.806665
1743582832.838997
1743582832.871136
1743582832.903355
1743582832.935203
1743582832.967240
1743582832.999220
1743582833.031032
1743582833.062770
1743582833.094806
1743582833.126722
1743582833.142820
1743582833.174558
1743582833.190620
1743582833.223045
1743582833.255316
1743582833.286859
1743582833.302522
1743582833.335529
1743582833.366954
1743582833.398494
1743582833.431057
1743582833.463086
1743582833.494750
1743582833.526314
1743582833.542726
1743582833.574970
1743582833.607027
1743582833.654943
1743582833.687043
1743582833.718902
1743582833.751094
1743582833.782863
1743582833.815070
1743582833.847158
1743582833.878878
1743582833.910546
1743582833.926891
1743582833.943116
1743582833.975451
1743582834.006185
1743582834.022330
1743582834.054966
1743582834.086993
1743582834.118339
1743582834.151098
1743582834.183162
1743582834.215258
1743582834.246615
1743582834.262719
1743582834.310811
1743582834.342564
1743582834.374306
1743582834.390521
1743582834.423017
1743582834.455028
1743582834.486912
1743582834.519131
1743582834.551076
1743582834.583227
1743582834.630814
1743582834.663080
1743582834.694749
1743582834.726654
1743582834.758576
1743582834.774547
1743582834.790722
1743582834.806692
1743582834.838864
1743582834.871291
1743582834.903021
1743582834.951001
1743582834.982543
1743582835.015300
1743582835.047244
1743582835.078935
1743582835.110641
1743582835.142739
1743582835.174686
1743582835.206963
1743582835.238708
1743582835.287047
1743582835.319084
1743582835.351150
1743582835.382513
1743582835.415101
1743582835.447029
1743582835.478833
1743582835.510753
1743582835.526662
1743582835.542888
1743582835.575115
1743582835.607326
1743582835.639046
1743582835.671230
1743582835.703089
1743582835.735071
1743582835.767163
1743582835.799109
1743582835.831319
1743582835.863011
1743582835.894843
1743582835.927457
1743582835.958751
1743582835.990454
1743582836.022856
1743582836.055237
1743582836.087282
1743582836.118505
1743582836.151175
1743582836.183573
1743582836.215479
1743582836.262670
1743582836.294692
1743582836.326602
1743582836.342794
1743582836.374385
1743582836.390580
1743582836.423274
1743582836.455092
1743582836.487197
1743582836.519310
1743582836.551520
1743582836.583245
1743582836.614580
1743582836.647031
1743582836.678701
1743582836.710829
1743582836.742451
1743582836.758526
1743582836.774787
1743582836.806874
1743582836.839154
1743582836.871248
1743582836.902994
1743582836.935004
1743582836.966946
1743582836.998985
1743582837.031147
1743582837.063285
1743582837.094569
1743582837.110676
1743582837.142917
1743582837.174923
1743582837.206912
1743582837.239270
1743582837.271073
1743582837.303158
1743582837.334706
1743582837.367295
1743582837.399019
1743582837.431357
1743582837.463003
1743582837.494931
1743582837.526860
1743582837.559244
1743582837.590621
1743582837.622904
1743582837.654990
1743582837.687270
1743582837.718462
1743582837.751390
1743582837.783353
1743582837.815256
1743582837.846593
1743582837.879152
1743582837.910775
1743582837.942795
1743582837.974629
1743582837.990658
1743582838.006923
1743582838.038848
1743582838.070761
1743582838.103203
1743582838.135158
1743582838.167341
1743582838.215063
1743582838.247083
1743582838.278510
1743582838.294538
1743582838.326463
1743582838.342744
1743582838.374757
1743582838.407032
1743582838.439011
1743582838.471481
1743582838.503259
1743582838.535371
1743582838.566789
1743582838.599010
1743582838.631089
1743582838.663108
1743582838.694580
1743582838.726730
1743582838.742915
1743582838.774796
1743582838.806772
1743582838.854870
1743582838.887066
1743582838.918882
1743582838.951038
1743582838.983250
1743582839.015328
1743582839.047141
1743582839.078868
1743582839.110917
1743582839.142962
1743582839.190443
1743582839.222237
1743582839.238195
1743582839.271145
1743582839.303106
1743582839.334630
1743582839.350399
1743582839.366632
1743582839.382581
1743582839.415102
1743582839.447421
1743582839.479191
1743582839.511116
1743582839.542557
1743582839.558508
1743582839.574603
1743582839.590658
1743582839.622890
1743582839.655087
1743582839.687108
1743582839.719138
1743582839.750884
1743582839.783391
1743582839.830938
1743582839.862721
1743582839.894379
1743582839.910522
1743582839.942723
1743582839.974836
1743582840.006673
1743582840.039629
1743582840.071134
1743582840.103305
1743582840.134985
1743582840.166722
1743582840.198995
1743582840.231065
1743582840.263080
1743582840.294565
1743582840.310644
1743582840.342704
1743582840.374807
1743582840.407078
1743582840.438738
1743582840.486798
1743582840.519225
1743582840.551268
1743582840.582779
1743582840.614954
1743582840.647323
1743582840.679497
1743582840.710591
1743582840.726689
1743582840.742883
1743582840.774907
1743582840.807022
1743582840.839046
1743582840.870890
1743582840.903135
1743582840.934980
1743582840.967299
1743582840.999247
1743582841.031231
1743582841.063120
1743582841.094900
1743582841.142712
1743582841.174664
1743582841.206420
1743582841.239276
1743582841.270998
1743582841.302963
1743582841.334569
1743582841.367264
1743582841.399380
1743582841.431482
1743582841.462414
1743582841.478512
1743582841.510733
1743582841.542745
1743582841.574839
1743582841.606717
1743582841.638875
1743582841.671173
1743582841.703066
1743582841.735351
1743582841.783043
1743582841.815094
1743582841.846479
1743582841.862483
1743582841.894652
1743582841.926582
1743582841.958317
1743582841.974501
1743582841.990602
1743582842.006830
1743582842.039112
1743582842.071309
1743582842.118887
1743582842.151135
1743582842.182425
1743582842.215031
1743582842.247020
1743582842.278707
1743582842.310447
1743582842.326480
1743582842.342907
1743582842.374970
1743582842.406882
1743582842.439132
1743582842.470922
1743582842.502954
1743582842.534580
1743582842.567210
1743582842.598974
1743582842.631146
1743582842.662907
1743582842.694972
1743582842.726927
1743582842.759273
1743582842.790396
1743582842.806370
1743582842.822494
1743582842.838609
1743582842.871102
1743582842.903319
1743582842.935097
1743582842.967241
1743582842.999074
1743582843.031472
1743582843.063495
1743582843.094749
1743582843.126673
1743582843.158692
1743582843.190760
1743582843.222847
1743582843.254595
1743582843.287362
1743582843.319413
1743582843.351418
1743582843.383069
1743582843.415160
1743582843.446960
1743582843.478446
1743582843.510365
1743582843.526630
1743582843.558924
1743582843.590865
1743582843.622667
1743582843.655270
1743582843.687611
1743582843.734891
1743582843.766477
1743582843.799018
1743582843.831361
1743582843.862714
1743582843.894697
1743582843.910652
1743582843.926779
1743582843.943328
1743582843.974299
1743582843.990447
1743582844.006751
1743582844.022720
1743582844.070863
1743582844.102940
1743582844.135076
1743582844.166935
1743582844.198525
1743582844.231178
1743582844.263068
1743582844.294794
1743582844.326716
1743582844.342906
1743582844.390578
1743582844.422805
1743582844.454799
1743582844.486938
1743582844.519285
1743582844.551348
1743582844.582502
1743582844.615221
1743582844.647143
1743582844.679000
1743582844.710874
1743582844.742633
1743582844.758510
1743582844.774491
1743582844.806931
1743582844.838997
1743582844.871061
1743582844.902999
1743582844.934882
1743582844.967045
1743582844.999383
1743582845.047144
1743582845.078331
1743582845.094451
1743582845.126691
1743582845.158722
1743582845.190629
1743582845.222831
1743582845.255052
1743582845.287248
1743582845.318787
1743582845.367092
1743582845.399025
1743582845.431066
1743582845.463005
1743582845.494707
1743582845.526662
1743582845.542784
1743582845.574566
1743582845.590586
1743582845.606856
1743582845.639234
1743582845.686854
1743582845.718965
1743582845.751108
1743582845.782974
1743582845.815204
1743582845.847267
1743582845.878862
1743582845.910764
1743582845.942956
1743582845.974874
1743582846.022745
1743582846.054799
1743582846.086770
1743582846.118968
1743582846.151110
1743582846.183115
1743582846.214897
1743582846.247302
1743582846.278741
1743582846.311019
1743582846.342940
1743582846.374802
1743582846.406754
1743582846.438892
1743582846.470501
1743582846.503067
1743582846.535022
1743582846.567117
1743582846.598758
1743582846.631464
1743582846.663291
1743582846.694600
1743582846.726493
1743582846.742519
1743582846.774699
1743582846.806833
1743582846.838463
1743582846.871097
1743582846.903258
1743582846.935288
1743582846.967644
1743582846.999187
1743582847.031214
1743582847.063036
1743582847.094442
1743582847.110492
1743582847.142793
1743582847.174827
1743582847.206690
1743582847.238978
1743582847.271039
1743582847.318851
1743582847.350327
1743582847.382981
1743582847.414991
1743582847.447022
1743582847.478174
1743582847.494533
1743582847.510713
1743582847.542976
1743582847.574663
1743582847.590730
1743582847.638711
1743582847.670837
1743582847.702575
1743582847.735050
1743582847.766996
1743582847.799222
1743582847.830771
1743582847.862516
1743582847.894779
1743582847.926959
1743582847.974620
1743582848.006769
1743582848.038937
1743582848.069780
1743582848.102422
1743582848.135779
1743582848.166507
1743582848.199477
1743582848.231261
1743582848.263394
1743582848.294353
1743582848.310486
1743582848.342715
1743582848.374711
1743582848.406629
1743582848.439123
1743582848.471218
1743582848.503166
1743582848.534990
1743582848.567300
1743582848.614803
1743582848.646980
1743582848.678414
1743582848.694421
1743582848.726682
1743582848.758885
1743582848.790531
1743582848.823086
1743582848.855255
1743582848.887226
1743582848.918980
1743582848.951264
1743582848.983456
1743582849.015039
1743582849.047365
1743582849.079066
1743582849.110797
1743582849.143005
1743582849.174875
1743582849.206998
1743582849.239028
1743582849.271334
1743582849.302789
1743582849.334971
1743582849.366944
1743582849.399042
1743582849.430481
1743582849.446599
1743582849.478595
1743582849.510980
1743582849.542484
1743582849.558616
1743582849.591068
1743582849.622989
1743582849.654593
1743582849.687256
1743582849.718962
1743582849.751396
1743582849.782749
1743582849.815091
1743582849.847046
1743582849.878943
1743582849.926721
1743582849.958715
1743582849.991030
1743582850.022977
1743582850.054705
1743582850.087376
1743582850.119212
1743582850.151295
1743582850.182717
1743582850.215434
1743582850.247499
1743582850.278669
1743582850.310341
1743582850.326416
1743582850.342819
1743582850.374722
1743582850.406705
1743582850.439148
1743582850.471012
1743582850.502957
1743582850.534987
1743582850.567310
1743582850.598913
1743582850.631134
1743582850.662934
1743582850.694613
1743582850.726795
1743582850.758692
1743582850.790588
1743582850.823005
1743582850.855139
1743582850.903004
1743582850.934483
1743582850.966878
1743582850.998935
1743582851.031096
1743582851.062665
1743582851.094790
1743582851.126809
1743582851.142915
1743582851.174715
1743582851.222712
1743582851.254945
1743582851.286847
1743582851.318713
1743582851.351258
1743582851.383220
1743582851.415180
1743582851.446770
1743582851.462680
1743582851.494870
1743582851.542562
1743582851.574053
1743582851.590648
1743582851.622974
1743582851.655017
1743582851.686667
1743582851.719161
1743582851.751222
1743582851.783204
1743582851.814910
1743582851.847503
1743582851.879140
1743582851.910564
1743582851.942598
1743582851.974714
1743582852.006882
1743582852.038879
1743582852.070667
1743582852.103442
1743582852.135219
1743582852.167271
1743582852.198479
1743582852.231104
1743582852.262787
1743582852.294567
1743582852.326131
1743582852.342770
1743582852.374916
1743582852.406809
1743582852.438924
1743582852.471024
1743582852.518808
1743582852.551152
1743582852.582869
1743582852.615307
1743582852.647113
1743582852.678678
1743582852.710417
1743582852.726653
1743582852.758815
1743582852.790904
1743582852.823156
1743582852.855355
1743582852.887272
1743582852.918856
1743582852.951045
1743582852.983060
1743582853.015358
1743582853.047011
1743582853.079298
1743582853.110927
1743582853.142986
1743582853.175068
1743582853.206684
1743582853.238829
1743582853.270906
1743582853.302935
1743582853.334690
1743582853.367155
1743582853.399100
1743582853.431277
1743582853.462626
1743582853.495291
1743582853.526563
1743582853.542722
1743582853.574511
1743582853.606875
1743582853.639007
1743582853.671172
1743582853.702952
1743582853.735329
1743582853.767396
1743582853.799262
1743582853.830737
1743582853.863031
1743582853.894558
1743582853.926692
1743582853.958712
1743582853.974797
1743582854.007019
1743582854.039104
1743582854.070764
1743582854.103514
1743582854.151107
1743582854.183060
1743582854.214594
1743582854.247146
1743582854.278617
1743582854.310680
1743582854.342897
1743582854.374744
1743582854.406846
1743582854.439026
1743582854.471000
1743582854.502798
1743582854.535288
1743582854.567043
1743582854.599219
1743582854.631227
1743582854.663136
1743582854.694710
1743582854.726732
1743582854.742836
1743582854.774895
1743582854.807334
1743582854.838593
1743582854.871025
1743582854.902871
1743582854.935067
1743582854.967039
1743582854.999025
1743582855.031314
1743582855.063189
1743582855.094865
1743582855.127100
1743582855.158566
1743582855.174534
1743582855.190581
1743582855.206614
1743582855.238966
1743582855.270922
1743582855.302873
1743582855.335260
1743582855.367066
1743582855.399290
1743582855.446995
1743582855.478692
1743582855.494430
1743582855.510495
1743582855.526704
1743582855.542878
1743582855.574448
1743582855.590879
1743582855.622472
1743582855.654723
1743582855.686938
1743582855.719401
1743582855.751531
1743582855.783120
1743582855.815119
1743582855.847118
1743582855.878941
1743582855.910761
1743582855.942434
1743582855.958625
1743582855.990609
1743582856.023142
1743582856.054870
1743582856.102887
1743582856.134845
1743582856.166993
1743582856.198424
1743582856.231055
1743582856.263269
1743582856.294556
1743582856.326353
1743582856.342716
1743582856.374862
1743582856.422574
1743582856.454434
1743582856.487058
1743582856.518892
1743582856.551409
1743582856.582632
1743582856.615103
1743582856.647092
1743582856.678808
1743582856.710469
1743582856.726622
1743582856.759251
1743582856.790742
1743582856.822660
1743582856.854907
1743582856.886968
1743582856.919194
1743582856.951316
1743582856.983129
1743582857.015182
1743582857.047381
1743582857.079085
1743582857.110420
1743582857.126461
1743582857.142586
1743582857.174776
1743582857.206649
1743582857.238995
1743582857.270904
1743582857.302920
1743582857.335490
1743582857.367280
1743582857.399242
1743582857.430240
1743582857.446332
1743582857.478593
1743582857.509219
1743582857.526558
1743582857.542717
1743582857.574192
1743582857.590603
1743582857.606782
1743582857.638480
1743582857.670564
1743582857.703239
1743582857.734886
1743582857.767124
1743582857.798845
1743582857.830978
1743582857.862635
1743582857.894741
1743582857.926827
1743582857.942848
1743582857.974970
1743582858.006979
1743582858.054798
1743582858.087074
1743582858.118239
1743582858.151280
1743582858.183106
1743582858.215179
1743582858.246709
1743582858.278730
1743582858.310874
1743582858.342851
1743582858.375093
1743582858.406898
1743582858.438958
1743582858.470945
1743582858.502987
1743582858.534870
1743582858.567082
1743582858.599067
1743582858.630940
1743582858.663170
1743582858.710651
1743582858.742732
1743582858.773458
1743582858.789990
1743582858.822858
1743582858.855129
1743582858.886807
1743582858.919135
1743582858.951202
1743582858.983468
1743582859.031333
1743582859.063001
1743582859.094672
1743582859.126521
1743582859.158552
1743582859.190669
1743582859.222804
1743582859.255142
1743582859.286868
1743582859.319497
1743582859.351500
1743582859.382999
1743582859.414632
1743582859.447021
1743582859.478502
1743582859.510766
1743582859.526534
1743582859.542867
1743582859.574644
1743582859.590634
1743582859.622706
1743582859.639011
1743582859.686839
1743582859.718906
1743582859.750877
1743582859.783056
1743582859.814897
1743582859.847285
1743582859.878605
1743582859.894575
1743582859.926806
1743582859.959002
1743582860.006478
1743582860.038830
1743582860.071261
1743582860.103001
1743582860.134501
1743582860.167393
1743582860.199188
1743582860.231397
1743582860.262832
1743582860.294915
1743582860.326959
1743582860.358608
1743582860.390497
1743582860.422696
1743582860.454924
1743582860.486975
1743582860.518770
1743582860.551251
1743582860.583253
1743582860.615243
1743582860.662933
1743582860.694410
1743582860.726596
1743582860.758656
1743582860.790521
1743582860.822818
1743582860.854862
1743582860.887388
1743582860.918878
1743582860.951653
1743582860.983321
1743582861.014996
1743582861.047012
1743582861.078776
1743582861.110901
1743582861.142699
1743582861.174845
1743582861.207004
1743582861.239105
1743582861.271182
1743582861.302950
1743582861.335084
1743582861.366850
1743582861.399197
1743582861.431091
1743582861.463416
1743582861.494834
1743582861.526690
1743582861.542759
1743582861.575037
1743582861.607091
1743582861.639263
1743582861.670291
1743582861.702816
1743582861.735067
1743582861.767167
1743582861.798606
1743582861.831250
1743582861.862946
1743582861.894257
1743582861.910879
1743582861.958882
1743582861.990620
1743582862.022719
1743582862.054691
1743582862.087038
1743582862.119103
1743582862.151308
1743582862.182714
1743582862.215355
1743582862.247303
1743582862.279191
1743582862.309997
1743582862.326261
1743582862.342566
1743582862.358569
1743582862.390400
1743582862.422784
1743582862.455064
1743582862.487229
1743582862.519025
1743582862.551457
1743582862.583247
1743582862.615320
1743582862.646733
1743582862.678623
1743582862.710601
1743582862.742765
1743582862.774700
1743582862.806833
1743582862.838873
1743582862.871090
1743582862.902919
1743582862.935206
1743582862.967222
1743582862.999057
1743582863.031057
1743582863.062962
1743582863.094669
1743582863.126725
1743582863.158690
1743582863.174781
1743582863.206943
1743582863.254675
1743582863.286456
1743582863.319089
1743582863.351055
1743582863.382946
1743582863.414489
1743582863.446517
1743582863.478641
1743582863.510892
1743582863.542755
1743582863.558621
1743582863.591324
1743582863.622694
1743582863.654817
1743582863.687043
1743582863.718679
1743582863.751207
1743582863.783017
1743582863.815352
1743582863.847139
1743582863.878885
1743582863.911087
1743582863.942461
1743582863.974500
1743582864.006668
1743582864.038882
1743582864.071083
1743582864.102427
1743582864.135091
1743582864.167181
1743582864.199226
1743582864.230384
1743582864.262637
1743582864.294469
1743582864.326693
1743582864.358601
1743582864.390804
1743582864.422930
1743582864.454858
1743582864.486953
1743582864.519238
1743582864.566547
1743582864.598903
1743582864.630505
1743582864.646478
1743582864.678647
1743582864.710541
1743582864.742589
1743582864.774744
1743582864.806846
1743582864.839066
1743582864.886875
1743582864.919015
1743582864.951256
1743582864.982995
1743582865.015324
1743582865.046962
1743582865.078840
1743582865.110718
1743582865.142854
1743582865.174815
1743582865.207240
1743582865.238876
1743582865.270776
1743582865.302887
1743582865.335070
1743582865.367265
1743582865.398780
1743582865.431130
1743582865.463293
1743582865.494941
1743582865.542706
1743582865.574594
1743582865.590349
1743582865.606363
1743582865.638660
1743582865.671204
1743582865.702935
1743582865.734910
1743582865.766892
1743582865.799302
1743582865.831199
1743582865.863169
1743582865.894447
1743582865.910436
1743582865.942917
1743582865.974733
1743582866.007027
1743582866.039089
1743582866.070895
1743582866.102807
1743582866.134825
1743582866.182856
1743582866.214768
1743582866.246857
1743582866.278041
1743582866.294410
1743582866.310447
1743582866.326468
1743582866.342582
1743582866.374715
1743582866.406918
1743582866.439003
1743582866.470906
1743582866.518849
1743582866.551159
1743582866.582932
1743582866.614712
1743582866.647206
1743582866.678280
1743582866.694399
1743582866.726320
1743582866.742801
1743582866.774809
1743582866.807108
1743582866.838877
1743582866.870991
1743582866.902894
1743582866.934993
1743582866.966921
1743582866.998945
1743582867.031234
1743582867.063081
1743582867.094665
1743582867.126752
1743582867.159357
1743582867.190806
1743582867.222963
1743582867.254889
1743582867.286912
1743582867.318992
1743582867.351048
1743582867.383312
1743582867.415282
1743582867.447363
1743582867.494875
1743582867.526504
1743582867.558666
1743582867.590667
1743582867.606461
1743582867.622596
1743582867.655156
1743582867.686671
1743582867.718538
1743582867.751493
1743582867.783226
1743582867.815234
1743582867.846490
1743582867.878851
1743582867.910802
1743582867.942826
1743582867.974459
1743582867.990533
1743582868.023018
1743582868.055086
1743582868.086582
1743582868.102705
1743582868.135406
1743582868.167011
1743582868.198482
1743582868.231166
1743582868.262751
1743582868.294616
1743582868.326614
1743582868.342642
1743582868.374791
1743582868.406873
1743582868.438874
1743582868.471226
1743582868.502932
1743582868.534982
1743582868.566836
1743582868.598998
1743582868.631051
1743582868.663024
1743582868.694686
1743582868.726741
1743582868.742960
1743582868.790626
1743582868.822614
1743582868.854879
1743582868.886924
1743582868.918874
1743582868.951202
1743582868.983252
1743582869.014926
1743582869.047369
1743582869.079168
1743582869.111193
1743582869.142824
1743582869.174582
1743582869.206749
1743582869.238778
1743582869.271013
1743582869.302957
1743582869.334942
1743582869.367262
1743582869.399060
1743582869.446843
1743582869.478253
1743582869.494342
1743582869.510366
1743582869.543069
1743582869.574104
1743582869.590519
1743582869.606652
1743582869.622373
1743582869.654862
1743582869.687005
1743582869.719174
1743582869.767231
1743582869.798344
1743582869.830911
1743582869.863093
1743582869.894762
1743582869.926495
1743582869.942634
1743582869.974649
1743582870.007209
1743582870.038649
1743582870.086915
1743582870.118708
1743582870.151132
1743582870.182755
1743582870.215077
1743582870.246902
1743582870.278732
1743582870.310494
1743582870.326555
1743582870.342747
1743582870.374904
1743582870.422644
1743582870.454707
1743582870.487038
1743582870.519017
1743582870.550780
1743582870.582946
1743582870.615187
1743582870.646960
1743582870.678405
1743582870.694621
1743582870.710731
1743582870.742791
1743582870.774733
1743582870.806816
1743582870.838898
1743582870.871166
1743582870.902593
1743582870.934924
1743582870.967268
1743582870.999058
1743582871.030941
1743582871.063346
1743582871.094459
1743582871.126576
1743582871.158548
1743582871.190291
1743582871.222939
1743582871.255084
1743582871.287271
1743582871.319272
1743582871.351178
1743582871.399374
1743582871.430921
1743582871.463129
1743582871.494078
1743582871.510436
1743582871.526675
1743582871.542680
1743582871.574302
1743582871.590502
1743582871.606678
1743582871.622710
1743582871.654818
1743582871.687346
1743582871.719210
1743582871.751245
1743582871.782718
1743582871.815019
1743582871.846850
1743582871.878701
1743582871.910360
1743582871.926536
1743582871.942691
1743582871.974872
1743582872.006763
1743582872.039194
1743582872.070867
1743582872.102861
1743582872.134356
1743582872.167230
1743582872.199094
1743582872.231157
1743582872.262438
1743582872.278538
1743582872.310804
1743582872.342865
1743582872.374802
1743582872.406605
1743582872.438714
1743582872.471161
1743582872.502435
1743582872.534850
1743582872.566893
1743582872.599364
1743582872.630672
1743582872.663001
1743582872.695193
1743582872.726581
1743582872.758325
1743582872.774459
1743582872.806636
1743582872.838839
1743582872.870811
1743582872.902943
1743582872.935044
1743582872.967139
1743582873.015127
1743582873.046849
1743582873.078660
1743582873.110722
1743582873.142510
1743582873.158499
1743582873.190676
1743582873.223012
1743582873.254741
1743582873.287303
1743582873.319067
1743582873.351284
1743582873.382657
1743582873.415067
1743582873.447144
1743582873.478610
1743582873.510315
1743582873.526493
1743582873.542680
1743582873.574728
1743582873.606632
1743582873.639145
1743582873.671128
1743582873.702749
1743582873.734692
1743582873.767041
1743582873.798950
1743582873.831056
1743582873.862620
1743582873.878587
1743582873.910856
1743582873.943135
1743582873.990779
1743582874.022680
1743582874.054951
1743582874.087182
1743582874.118404
1743582874.151325
1743582874.183035
1743582874.215142
1743582874.246590
1743582874.278859
1743582874.326262
1743582874.342563
1743582874.374110
1743582874.390519
1743582874.422779
1743582874.454849
1743582874.486784
1743582874.519013
1743582874.551344
1743582874.583330
1743582874.614872
1743582874.647377
1743582874.678978
1743582874.710530
1743582874.742461
1743582874.774672
1743582874.806706
1743582874.838975
1743582874.870748
1743582874.903187
1743582874.935295
1743582874.967399
1743582874.998824
1743582875.030901
1743582875.063124
1743582875.094622
1743582875.126236
1743582875.142538
1743582875.174853
1743582875.206890
1743582875.238821
1743582875.271246
1743582875.303209
1743582875.334804
1743582875.366674
1743582875.399231
1743582875.431044
1743582875.463166
1743582875.494215
1743582875.510404
1743582875.526732
1743582875.542643
1743582875.574453
1743582875.590683
1743582875.623397
1743582875.654795
1743582875.686383
1743582875.718985
1743582875.751147
1743582875.782995
1743582875.814559
1743582875.847148
1743582875.878865
1743582875.910731
1743582875.942890
1743582875.974694
1743582876.006614
1743582876.039085
1743582876.070767
1743582876.102854
1743582876.135056
1743582876.167135
1743582876.198729
1743582876.231240
1743582876.278862
1743582876.310319
1743582876.342515
1743582876.374604
1743582876.406738
1743582876.438897
1743582876.470479
1743582876.503270
1743582876.534943
1743582876.567308
1743582876.598661
1743582876.630975
1743582876.662806
1743582876.694593
1743582876.726556
1743582876.742595
1743582876.774822
1743582876.806911
1743582876.838751
1743582876.871140
1743582876.918823
1743582876.951025
1743582876.982789
1743582877.015246
1743582877.047240
1743582877.079015
1743582877.110504
1743582877.126532
1743582877.158710
1743582877.190969
1743582877.222929
1743582877.254954
1743582877.286810
1743582877.318838
1743582877.350840
1743582877.383034
1743582877.414903
1743582877.447290
1743582877.478877
1743582877.510831
1743582877.542787
1743582877.575074
1743582877.606530
1743582877.638856
1743582877.671149
1743582877.703011
1743582877.734325
1743582877.767219
1743582877.799156
1743582877.831302
1743582877.862572
1743582877.895187
1743582877.926529
1743582877.942546
1743582877.974250
1743582877.990393
1743582878.006823
1743582878.038047
1743582878.069743
1743582878.102835
1743582878.134948
1743582878.167375
1743582878.199014
1743582878.231495
1743582878.262897
1743582878.294696
1743582878.326410
1743582878.342630
1743582878.374783
1743582878.406805
1743582878.438932
1743582878.471272
1743582878.503216
1743582878.550936
1743582878.582226
1743582878.614857
1743582878.647118
1743582878.678493
1743582878.710158
1743582878.726427
1743582878.742616
1743582878.758597
1743582878.790688
1743582878.822567
1743582878.870672
1743582878.902866
1743582878.934805
1743582878.967213
1743582878.999025
1743582879.031024
1743582879.063059
1743582879.094721
1743582879.126524
1743582879.142754
1743582879.174904
1743582879.207193
1743582879.238544
1743582879.270946
1743582879.303064
1743582879.334829
1743582879.366707
1743582879.398932
1743582879.431063
1743582879.463158
1743582879.494687
1743582879.527104
1743582879.558550
1743582879.590493
1743582879.622668
1743582879.655015
1743582879.687129
1743582879.719047
1743582879.750629
1743582879.783297
1743582879.815239
1743582879.847065
1743582879.878200
1743582879.894361
1743582879.926656
1743582879.958465
1743582879.990359
1743582880.006485
1743582880.038906
1743582880.071066
1743582880.102880
1743582880.135149
1743582880.182756
1743582880.214923
1743582880.246247
1743582880.262352
1743582880.294619
1743582880.326612
1743582880.358079
1743582880.374435
1743582880.406946
1743582880.438956
1743582880.470813
1743582880.503065
1743582880.534988
1743582880.566860
1743582880.598725
1743582880.630999
1743582880.662932
1743582880.694786
1743582880.726609
1743582880.742750
1743582880.758901
1743582880.774756
1743582880.822775
1743582880.854871
1743582880.886968
1743582880.919119
1743582880.950882
1743582880.982864
1743582881.015064
1743582881.047212
1743582881.079136
1743582881.110980
1743582881.158587
1743582881.190573
1743582881.222801
1743582881.254898
1743582881.287080
1743582881.318929
1743582881.351226
1743582881.383252
1743582881.415044
1743582881.447175
1743582881.478526
1743582881.510604
1743582881.542677
1743582881.574680
1743582881.606617
1743582881.639104
1743582881.671208
1743582881.702792
1743582881.734758
1743582881.767241
1743582881.799147
1743582881.830933
1743582881.862588
1743582881.894802
1743582881.926526
1743582881.958589
1743582881.990415
1743582882.006498
1743582882.038982
1743582882.071096
1743582882.103376
1743582882.135352
1743582882.166855
1743582882.198977
1743582882.230988
1743582882.262822
1743582882.294605
1743582882.326605
1743582882.358500
1743582882.374630
1743582882.406840
1743582882.454703
1743582882.486331
1743582882.518867
1743582882.551141
1743582882.582992
1743582882.614554
1743582882.647210
1743582882.679149
1743582882.710779
1743582882.742959
1743582882.775274
1743582882.806660
1743582882.838711
1743582882.870778
1743582882.902873
1743582882.934998
1743582882.967163
1743582882.999004
1743582883.031578
1743582883.063306
1743582883.110379
1743582883.142225
1743582883.158351
1743582883.174436
1743582883.190463
1743582883.222925
1743582883.255045
1743582883.287035
1743582883.319127
1743582883.351057
1743582883.383088
1743582883.430884
1743582883.462771
1743582883.494308
1743582883.510302
1743582883.526509
1743582883.542664
1743582883.574912
1743582883.606778
1743582883.639059
1743582883.671065
1743582883.702800
1743582883.750806
1743582883.782676
1743582883.814890
1743582883.846202
1743582883.862297
1743582883.894686
1743582883.926710
1743582883.958506
1743582883.974571
1743582884.006877
1743582884.038956
1743582884.086757
1743582884.119169
1743582884.151006
1743582884.182951
1743582884.215023
1743582884.246849
1743582884.278553
1743582884.310789
1743582884.342477
1743582884.358580
1743582884.374739
1743582884.407075
1743582884.438550
1743582884.470881
1743582884.502787
1743582884.535212
1743582884.566712
1743582884.598924
1743582884.631005
1743582884.663147
1743582884.694716
1743582884.726849
1743582884.758569
1743582884.790581
1743582884.822880
1743582884.854851
1743582884.887045
1743582884.919134
1743582884.951157
1743582884.983186
1743582885.015250
1743582885.062930
1743582885.094028
1743582885.110285
1743582885.142665
1743582885.174773
1743582885.206508
1743582885.238821
1743582885.270933
1743582885.302956
1743582885.334757
1743582885.382684
1743582885.414913
1743582885.447142
1743582885.478505
1743582885.510512
1743582885.542587
1743582885.574634
1743582885.606776
1743582885.639033
1743582885.670955
1743582885.703107
1743582885.734584
1743582885.767025
1743582885.798932
1743582885.831136
1743582885.862364
1743582885.894615
1743582885.926630
1743582885.942737
1743582885.974722
1743582886.007023
1743582886.039148
1743582886.071156
1743582886.102818
1743582886.134717
1743582886.167150
1743582886.199014
1743582886.230706
1743582886.263002
1743582886.294831
1743582886.326698
1743582886.358516
1743582886.390718
1743582886.422815
1743582886.454876
1743582886.486230
1743582886.519026
1743582886.551312
1743582886.583164
1743582886.614610
1743582886.646623
1743582886.679148
1743582886.710376
1743582886.742667
1743582886.774589
1743582886.806749
1743582886.838752
1743582886.870850
1743582886.902982
1743582886.934600
1743582886.967295
1743582887.015179
1743582887.046930
1743582887.078296
1743582887.110385
1743582887.126492
1743582887.142556
1743582887.174479
1743582887.206885
1743582887.239065
1743582887.271053
1743582887.302898
1743582887.335004
1743582887.367050
1743582887.398814
1743582887.430796
1743582887.462783
1743582887.494622
1743582887.510759
1743582887.542428
1743582887.574586
1743582887.606818
1743582887.654425
1743582887.686259
1743582887.718984
1743582887.751277
1743582887.782963
1743582887.814622
1743582887.846981
1743582887.878605
1743582887.910713
1743582887.942555
1743582887.958612
1743582887.991026
1743582888.022764
1743582888.054470
1743582888.086992
1743582888.119037
1743582888.151192
1743582888.182577
1743582888.215094
1743582888.247217
1743582888.279093
1743582888.310898
1743582888.342535
1743582888.374564
1743582888.406871
1743582888.438618
1743582888.470930
1743582888.502790
1743582888.534859
1743582888.566442
1743582888.599317
1743582888.631246
1743582888.663012
1743582888.693972
1743582888.710317
1743582888.726423
1743582888.742525
1743582888.758670
1743582888.790694
1743582888.822869
1743582888.855118
1743582888.887017
1743582888.919057
1743582888.966977
1743582888.999366
1743582889.030318
1743582889.062645
1743582889.094489
1743582889.110593
1743582889.142548
1743582889.174589
1743582889.206720
1743582889.239006
1743582889.286659
1743582889.319023
1743582889.351053
1743582889.383038
1743582889.414822
1743582889.447104
1743582889.478635
1743582889.510626
1743582889.542530
1743582889.574471
1743582889.607099
1743582889.638891
1743582889.670802
1743582889.702791
1743582889.735038
1743582889.766859
1743582889.798694
1743582889.814194
1743582889.830523
1743582889.862947
1743582889.894364
1743582889.910611
1743582889.943270
1743582889.974642
1743582890.006699
1743582890.038856
1743582890.070960
1743582890.102775
1743582890.134878
1743582890.167270
1743582890.199205
1743582890.231303
1743582890.262886
1743582890.294521
1743582890.326462
1743582890.358668
1743582890.390251
1743582890.406281
1743582890.422483
1743582890.454876
1743582890.486589
1743582890.518978
1743582890.551127
1743582890.583087
1743582890.614486
1743582890.646970
1743582890.678815
1743582890.710708
1743582890.742467
1743582890.758563
1743582890.790718
1743582890.823017
1743582890.854748
1743582890.887201
1743582890.919108
1743582890.951236
1743582890.982484
1743582891.014970
1743582891.047163
1743582891.079017
1743582891.110447
1743582891.126587
1743582891.158706
1743582891.191000
1743582891.238652
1743582891.270919
1743582891.302839
1743582891.334940
1743582891.366729
1743582891.398983
1743582891.430795
1743582891.463163
1743582891.494578
1743582891.510539
1743582891.558444
1743582891.590292
1743582891.622487
1743582891.654810
1743582891.687053
1743582891.718978
1743582891.750714
1743582891.783104
1743582891.815139
1743582891.847032
1743582891.894898
1743582891.926523
1743582891.958308
1743582891.974403
1743582892.006284
1743582892.038881
1743582892.070965
1743582892.102985
1743582892.134706
1743582892.167232
1743582892.214727
1743582892.246960
1743582892.278726
1743582892.310582
1743582892.342637
1743582892.374572
1743582892.406622
1743582892.438725
1743582892.470965
1743582892.503326
1743582892.534709
1743582892.566959
1743582892.599076
1743582892.630977
1743582892.662374
1743582892.678415
1743582892.710507
1743582892.742772
1743582892.774388
1743582892.790644
1743582892.823117
1743582892.870612
1743582892.902319
1743582892.935026
1743582892.966873
1743582892.999168
1743582893.030772
1743582893.062947
1743582893.094793
1743582893.126841
1743582893.158669
1743582893.191220
1743582893.222803
1743582893.254646
1743582893.286548
1743582893.302783
1743582893.335010
1743582893.367100
1743582893.398992
1743582893.431105
1743582893.462978
1743582893.510560
1743582893.542147
1743582893.558247
1743582893.574382
1743582893.606795
1743582893.638500
1743582893.670827
1743582893.703147
1743582893.734788
1743582893.766760
1743582893.799278
1743582893.846810
1743582893.878624
1743582893.910162
1743582893.926457
1743582893.958601
1743582893.990690
1743582894.022419
1743582894.054836
1743582894.087117
1743582894.119017
1743582894.166892
1743582894.198984
1743582894.231186
1743582894.263068
1743582894.294214
1743582894.310525
1743582894.342684
1743582894.374856
1743582894.406513
1743582894.438454
1743582894.486763
1743582894.518871
1743582894.551009
1743582894.582951
1743582894.615088
1743582894.646992
1743582894.678712
1743582894.710649
1743582894.742278
1743582894.758560
1743582894.790846
1743582894.823014
1743582894.854180
1743582894.886953
1743582894.918908
1743582894.951029
1743582894.982569
1743582895.015164
1743582895.047246
1743582895.079217
1743582895.110579
1743582895.143094
1743582895.174465
1743582895.206556
1743582895.238387
1743582895.270829
1743582895.302977
1743582895.334834
1743582895.366854
1743582895.399120
1743582895.431093
1743582895.463206
1743582895.494347
1743582895.526521
1743582895.542494
1743582895.574540
1743582895.606519
1743582895.638948
1743582895.671091
1743582895.702895
1743582895.734538
1743582895.767182
1743582895.799117
1743582895.830841
1743582895.862309
1743582895.878370
1743582895.910846
1743582895.942674
1743582895.974754
1743582896.006813
1743582896.039169
1743582896.071160
1743582896.118797
1743582896.151035
1743582896.182923
1743582896.214893
1743582896.246873
1743582896.278457
1743582896.310608
1743582896.342891
1743582896.374685
1743582896.406897
1743582896.439009
1743582896.470832
1743582896.502697
1743582896.535213
1743582896.566911
1743582896.598939
1743582896.630497
1743582896.663093
1743582896.694731
1743582896.726787
1743582896.774611
1743582896.806665
1743582896.838932
1743582896.870913
1743582896.902564
1743582896.934852
1743582896.966962
1743582896.999073
1743582897.030657
1743582897.063212
1743582897.095069
1743582897.126676
1743582897.158478
1743582897.190699
1743582897.223132
1743582897.254765
1743582897.286672
1743582897.318959
1743582897.351028
1743582897.383147
1743582897.415185
1743582897.447122
1743582897.478650
1743582897.510389
1743582897.542588
1743582897.574710
1743582897.606744
1743582897.638895
1743582897.670826
1743582897.703089
1743582897.750840
1743582897.783108
1743582897.814202
1743582897.846984
1743582897.878407
1743582897.894327
1743582897.926403
1743582897.942595
1743582897.974801
1743582898.006790
1743582898.038667
1743582898.071125
1743582898.103028
1743582898.134671
1743582898.166556
1743582898.199094
1743582898.230899
1743582898.263001
1743582898.294470
1743582898.310532
1743582898.342745
1743582898.390445
1743582898.422383
1743582898.454867
1743582898.486926
1743582898.518970
1743582898.550921
1743582898.583083
1743582898.615179
1743582898.646991
1743582898.678601
1743582898.726431
1743582898.758429
1743582898.790649
1743582898.822449
1743582898.854902
1743582898.886991
1743582898.918922
1743582898.951033
1743582898.983086
1743582899.014883
1743582899.047108
1743582899.078630
1743582899.110562
1743582899.142818
1743582899.174611
1743582899.206639
1743582899.238762
1743582899.271102
1743582899.303107
1743582899.335010
1743582899.367276
1743582899.398964
1743582899.430909
1743582899.462683
1743582899.494602
1743582899.526698
1743582899.558727
1743582899.590701
1743582899.622944
1743582899.654978
1743582899.702750
1743582899.734426
1743582899.766813
1743582899.798896
1743582899.831152
1743582899.862463
1743582899.878524
1743582899.894494
1743582899.910485
1743582899.942704
1743582899.974783
1743582900.022591
1743582900.054866
1743582900.086422
1743582900.118803
1743582900.151014
1743582900.182914
1743582900.214454
1743582900.247213
1743582900.279162
1743582900.310847
1743582900.342597
1743582900.374502
1743582900.406507
1743582900.438706
1743582900.470640
1743582900.503102
1743582900.534921
1743582900.566939
1743582900.598825
1743582900.631361
1743582900.678839
1743582900.710375
1743582900.742247
1743582900.758392
1743582900.774453
1743582900.790489
1743582900.806583
1743582900.838803
1743582900.870953
1743582900.902993
1743582900.934779
1743582900.967203
1743582900.999125
1743582901.030796
1743582901.062910
1743582901.094629
1743582901.126636
1743582901.158441
1743582901.190781
1743582901.222813
1743582901.255206
1743582901.287295
1743582901.318768
1743582901.350893
1743582901.383052
1743582901.414943
1743582901.446828
1743582901.478786
1743582901.510516
1743582901.542660
1743582901.574512
1743582901.606802
1743582901.654852
1743582901.686701
1743582901.718556
1743582901.751133
1743582901.783100
1743582901.815035
1743582901.846427
1743582901.862491
1743582901.878616
1743582901.894525
1743582901.910694
1743582901.943111
1743582901.975195
1743582902.006735
1743582902.038160
1743582902.070934
1743582902.102994
1743582902.134960
1743582902.166786
1743582902.199202
1743582902.230898
1743582902.263162
1743582902.294323
1743582902.326033
1743582902.342431
1743582902.374541
1743582902.406688
1743582902.438809
1743582902.470797
1743582902.503026
1743582902.535192
1743582902.567008
1743582902.598578
1743582902.631136
1743582902.663151
1743582902.694543
1743582902.726073
1743582902.742479
1743582902.774645
1743582902.806903
1743582902.838250
1743582902.870901
1743582902.903075
1743582902.950746
1743582902.982200
1743582903.014954
1743582903.046912
1743582903.078541
1743582903.110491
1743582903.142627
1743582903.174810
1743582903.206947
1743582903.238839
1743582903.271116
1743582903.302748
1743582903.334863
1743582903.366494
1743582903.398995
1743582903.431138
1743582903.463057
1743582903.494317
1743582903.510509
1743582903.526698
1743582903.542752
1743582903.574725
1743582903.607266
1743582903.639036
1743582903.670738
1743582903.702738
1743582903.734943
1743582903.766948
1743582903.798888
1743582903.830698
1743582903.862805
1743582903.894862
1743582903.926611
1743582903.958456
1743582903.990306
1743582904.022781
1743582904.054824
1743582904.086792
1743582904.118873
1743582904.150973
1743582904.183195
1743582904.215013
1743582904.247177
1743582904.278674
1743582904.310618
1743582904.342466
1743582904.374549
1743582904.406528
1743582904.438707
1743582904.470628
1743582904.503143
1743582904.535168
1743582904.582975
1743582904.614165
1743582904.646976
1743582904.678272
1743582904.694431
1743582904.726110
1743582904.742486
1743582904.774815
1743582904.806845
1743582904.838524
1743582904.871113
1743582904.902984
1743582904.934825
1743582904.966922
1743582904.998905
1743582905.030948
1743582905.063225
1743582905.094306
1743582905.110424
1743582905.142838
1743582905.174800
1743582905.222482
1743582905.254796
1743582905.286999
1743582905.319144
1743582905.350788
1743582905.383084
1743582905.414935
1743582905.446989
1743582905.478802
1743582905.510603
1743582905.526547
1743582905.559169
1743582905.590400
1743582905.622704
1743582905.654815
1743582905.686808
1743582905.718754
1743582905.751063
1743582905.782955
1743582905.815062
1743582905.846461
1743582905.878990
1743582905.910786
1743582905.926346
1743582905.942490
1743582905.974877
1743582906.006565
1743582906.038631
1743582906.070912
1743582906.103040
1743582906.135122
1743582906.167102
1743582906.198505
1743582906.230838
1743582906.263019
1743582906.294599
1743582906.326474
1743582906.342603
1743582906.374610
1743582906.406590
1743582906.438701
1743582906.470931
1743582906.503033
1743582906.535031
1743582906.566120
1743582906.598832
1743582906.631012
1743582906.662918
1743582906.694001
1743582906.710433
1743582906.742616
1743582906.774596
1743582906.806708
1743582906.854693
1743582906.887023
1743582906.918750
1743582906.950942
1743582906.982968
1743582907.015157
1743582907.047209
1743582907.078739
1743582907.110935
1743582907.142731
1743582907.175139
1743582907.206358
1743582907.238796
1743582907.270832
1743582907.302764
1743582907.335057
1743582907.367049
1743582907.398863
1743582907.431029
1743582907.462771
1743582907.510401
1743582907.542631
1743582907.574427
1743582907.606451
1743582907.638719
1743582907.670706
1743582907.702921
1743582907.735074
1743582907.767117
1743582907.799167
1743582907.831236
1743582907.862362
1743582907.894407
1743582907.926531
1743582907.942455
1743582907.974344
1743582907.990467
1743582908.022719
1743582908.054958
1743582908.086615
1743582908.118985
1743582908.149778
1743582908.182118
1743582908.214523
1743582908.247124
1743582908.279115
1743582908.310545
1743582908.342612
1743582908.358659
1743582908.390668
1743582908.422973
1743582908.454703
1743582908.487227
1743582908.518866
1743582908.550759
1743582908.582662
1743582908.615156
1743582908.647178
1743582908.679171
1743582908.710160
1743582908.726513
1743582908.742780
1743582908.774860
1743582908.806574
1743582908.838669
1743582908.870865
1743582908.903064
1743582908.934409
1743582908.967421
1743582908.998843
1743582909.031245
1743582909.062660
1743582909.094752
1743582909.126872
1743582909.158871
1743582909.190414
1743582909.222783
1743582909.254764
1743582909.286968
1743582909.318794
1743582909.350945
1743582909.382829
1743582909.415334
1743582909.462832
1743582909.494642
1743582909.526532
1743582909.558599
1743582909.590442
1743582909.623050
1743582909.654795
1743582909.687191
1743582909.718559
1743582909.751117
1743582909.783149
1743582909.815031
1743582909.846667
1743582909.878535
1743582909.910542
1743582909.942699
1743582909.958406
1743582909.974694
1743582910.006782
1743582910.038976
1743582910.070644
1743582910.102469
1743582910.134704
1743582910.167021
1743582910.198884
1743582910.230927
1743582910.262949
1743582910.294480
1743582910.326593
1743582910.358654
1743582910.390431
1743582910.406578
1743582910.439108
1743582910.470923
1743582910.502280
1743582910.534787
1743582910.567056
1743582910.598915
1743582910.630721
1743582910.663117
1743582910.694673
1743582910.726825
1743582910.758685
1743582910.790481
1743582910.822566
1743582910.854653
1743582910.886222
1743582910.918940
1743582910.950993
1743582910.983042
1743582911.014689
1743582911.047384
1743582911.079256
1743582911.110449
1743582911.142377
1743582911.174633
1743582911.206594
1743582911.238737
1743582911.270333
1743582911.302833
1743582911.335110
1743582911.367196
1743582911.414826
1743582911.446968
1743582911.478501
1743582911.510539
1743582911.542429
1743582911.574516
1743582911.606771
1743582911.638677
1743582911.670535
1743582911.703596
1743582911.735110
1743582911.766921
1743582911.798110
1743582911.830911
1743582911.862846
1743582911.894337
1743582911.926266
1743582911.942488
1743582911.974767
1743582911.990558
1743582912.022568
1743582912.055333
1743582912.086732
1743582912.118849
1743582912.150820
1743582912.182828
1743582912.215047
1743582912.247078
1743582912.278219
1743582912.294460
1743582912.326778
1743582912.358801
1743582912.390327
1743582912.422787
1743582912.454700
1743582912.486808
1743582912.519136
1743582912.551162
1743582912.582805
1743582912.615066
1743582912.646826
1743582912.678707
1743582912.710790
1743582912.742975
1743582912.774156
1743582912.790428
1743582912.822726
1743582912.854822
1743582912.886388
1743582912.919151
1743582912.951068
1743582912.983105
1743582913.030633
1743582913.062751
1743582913.094594
1743582913.126411
1743582913.158520
1743582913.190677
1743582913.222963
1743582913.255066
1743582913.286923
1743582913.318938
1743582913.366759
1743582913.398920
1743582913.430292
1743582913.462503
1743582913.494550
1743582913.526544
1743582913.558527
1743582913.590891
1743582913.622968
1743582913.655120
1743582913.686684
1743582913.718949
1743582913.750817
1743582913.782878
1743582913.814805
1743582913.846880
1743582913.878546
1743582913.910519
1743582913.942674
1743582913.974669
1743582914.007035
1743582914.038738
1743582914.070576
1743582914.102886
1743582914.134930
1743582914.166949
1743582914.198721
1743582914.231199
1743582914.263107
1743582914.294665
1743582914.342472
1743582914.374476
1743582914.406492
1743582914.438981
1743582914.470386
1743582914.503034
1743582914.534956
1743582914.566973
1743582914.598454
1743582914.631295
1743582914.662967
1743582914.694411
1743582914.726082
1743582914.742468
1743582914.774407
1743582914.806611
1743582914.838491
1743582914.870909
1743582914.902953
1743582914.935117
1743582914.982700
1743582915.014764
1743582915.046833
1743582915.078282
1743582915.110357
1743582915.142583
1743582915.174501
1743582915.206799
1743582915.238647
1743582915.270981
1743582915.318827
1743582915.350906
1743582915.382307
1743582915.415034
1743582915.446855
1743582915.478474
1743582915.510338
1743582915.526331
1743582915.542604
1743582915.574648
1743582915.606501
1743582915.639130
1743582915.670780
1743582915.703006
1743582915.734647
1743582915.767018
1743582915.799131
1743582915.831089
1743582915.862693
1743582915.894935
1743582915.926753
1743582915.959263
1743582915.990580
1743582916.022787
1743582916.054852
1743582916.086919
1743582916.118922
1743582916.151008
1743582916.183096
1743582916.215108
1743582916.246775
1743582916.294523
1743582916.326493
1743582916.358586
1743582916.389921
1743582916.406373
1743582916.438923
1743582916.470914
1743582916.502565
1743582916.535170
1743582916.567147
1743582916.614828
1743582916.646436
1743582916.678428
1743582916.710403
1743582916.726432
1743582916.742614
1743582916.774680
1743582916.806625
1743582916.838807
1743582916.870740
1743582916.903230
1743582916.935296
1743582916.966700
1743582916.998525
1743582917.031151
1743582917.063067
1743582917.094572
1743582917.126537
1743582917.158769
1743582917.190575
1743582917.222985
1743582917.270678
1743582917.302711
1743582917.335081
1743582917.366807
1743582917.398870
1743582917.431048
1743582917.463050
1743582917.494524
1743582917.526725
1743582917.558630
1743582917.590740
1743582917.622697
1743582917.654584
1743582917.687036
1743582917.718794
1743582917.750963
1743582917.782899
1743582917.814745
1743582917.846928
1743582917.878740
1743582917.910873
1743582917.942687
1743582917.974407
1743582918.006531
1743582918.038537
1743582918.054122
1743582918.070471
1743582918.103141
1743582918.134645
1743582918.166975
1743582918.199101
1743582918.246965
1743582918.278960
1743582918.310470
1743582918.342107
1743582918.358439
1743582918.390719
1743582918.422702
1743582918.454472
1743582918.487037
1743582918.518904
1743582918.566850
1743582918.598110
1743582918.630802
1743582918.662753
1743582918.694527
1743582918.726295
1743582918.742496
1743582918.774558
1743582918.806743
1743582918.838555
1743582918.886714
1743582918.918695
1743582918.950777
1743582918.982286
1743582919.015031
1743582919.047089
1743582919.078850
1743582919.110067
1743582919.126390
1743582919.142695
1743582919.174652
1743582919.222522
1743582919.254886
1743582919.286761
1743582919.318989
1743582919.350325
1743582919.383012
1743582919.414724
1743582919.447162
1743582919.478416
1743582919.510705
1743582919.543153
1743582919.574530
1743582919.606427
1743582919.638693
1743582919.670753
1743582919.702667
1743582919.734548
1743582919.766894
1743582919.799088
1743582919.831079
1743582919.862633
1743582919.894270
1743582919.926331
1743582919.958550
1743582919.990357
1743582920.022755
1743582920.054738
1743582920.087059
1743582920.118883
1743582920.150874
1743582920.198690
1743582920.230755
1743582920.262098
1743582920.278198
1743582920.294478
1743582920.326707
1743582920.358568
1743582920.390694
1743582920.406772
1743582920.422888
1743582920.454967
1743582920.485584
1743582920.518587
1743582920.549853
1743582920.582586
1743582920.614926
1743582920.646802
1743582920.678543
1743582920.710145
1743582920.726245
1743582920.742519
1743582920.758541
1743582920.790337
1743582920.806644
1743582920.839292
1743582920.870867
1743582920.902227
1743582920.934833
1743582920.966847
1743582920.998903
1743582921.030350
1743582921.046477
1743582921.078722
1743582921.110733
1743582921.142637
1743582921.174922
1743582921.206674
1743582921.238522
1743582921.270405
1743582921.302731
1743582921.334847
1743582921.366931
1743582921.398222
1743582921.431133
1743582921.463114
1743582921.494966
1743582921.526085
1743582921.542502
1743582921.574459
1743582921.606612
1743582921.638774
1743582921.670768
1743582921.702752
1743582921.735011
1743582921.766898
1743582921.814857
1743582921.846914
1743582921.878967
1743582921.910339
1743582921.926400
1743582921.958502
1743582921.990785
1743582922.022886
1743582922.054882
1743582922.086751
1743582922.119035
1743582922.150263
1743582922.182607
1743582922.214461
1743582922.246598
1743582922.278179
1743582922.310258
1743582922.342119
1743582922.358114
1743582922.374363
1743582922.406549
1743582922.438466
1743582922.470857
1743582922.502210
1743582922.534789
1743582922.566719
1743582922.598469
1743582922.630226
1743582922.662160
1743582922.694065
1743582922.710148
1743582922.742430
1743582922.790099
1743582922.822255
1743582922.854449
1743582922.886293
1743582922.918734
1743582922.950794
1743582922.982667
1743582923.014123
1743582923.046956
1743582923.078485
1743582923.126014
1743582923.157692
1743582923.174055
1743582923.206391
1743582923.238351
1743582923.270367
1743582923.302539
1743582923.334902
1743582923.366713
1743582923.398096
1743582923.446628
1743582923.478101
1743582923.510214
1743582923.542139
1743582923.558258
1743582923.590184
1743582923.622553
1743582923.654311
1743582923.686788
1743582923.718882
1743582923.766481
1743582923.797876
1743582923.830564
1743582923.862463
1743582923.894087
1743582923.926202
1743582923.942307
1743582923.974365
1743582924.006480
1743582924.038496
1743582924.070742
1743582924.102672
1743582924.134557
1743582924.166547
1743582924.198709
1743582924.230650
1743582924.262757
1743582924.293864
1743582924.310096
1743582924.326155
1743582924.342372
1743582924.374085
1743582924.390311
1743582924.422649
1743582924.454379
1743582924.486275
1743582924.502282
1743582924.518406
1743582924.550786
1743582924.582235
1743582924.614515
1743582924.646629
1743582924.678381
1743582924.710465
1743582924.742578
1743582924.774005
1743582924.806163
1743582924.838208
1743582924.870550
1743582924.902633
1743582924.934448
1743582924.966111
1743582924.998751
1743582925.030819
1743582925.078275
1743582925.109676
1743582925.125997
1743582925.142261
1743582925.174253
1743582925.206163
1743582925.238468
1743582925.270496
1743582925.303442
1743582925.334429
1743582925.367089
1743582925.399128
1743582925.430866
1743582925.462834
1743582925.494539
1743582925.526445
1743582925.558564
1743582925.590384
1743582925.622857
1743582925.654839
1743582925.687361
1743582925.719132
1743582925.750223
1743582925.782773
1743582925.815088
1743582925.846713
1743582925.878480
1743582925.910541
1743582925.942628
1743582925.974768
1743582926.006723
1743582926.054627
1743582926.086806
1743582926.118858
1743582926.150703
1743582926.182436
1743582926.215002
1743582926.246923
1743582926.278498
1743582926.310089
1743582926.326451
1743582926.342765
1743582926.375118
1743582926.406275
1743582926.438754
1743582926.470863
1743582926.502893
1743582926.534668
1743582926.566966
1743582926.598925
1743582926.630987
1743582926.662788
1743582926.695005
1743582926.726462
1743582926.758334
1743582926.790448
1743582926.822691
1743582926.854558
1743582926.886744
1743582926.918495
1743582926.951758
1743582926.983000
1743582927.030748
1743582927.062181
1743582927.078230
1743582927.094320
1743582927.110303
1743582927.142444
1743582927.174520
1743582927.206586
1743582927.238648
1743582927.270728
1743582927.303182
1743582927.350919
1743582927.382752
1743582927.414333
1743582927.446796
1743582927.478381
1743582927.494426
1743582927.526268
1743582927.542557
1743582927.574563
1743582927.606764
1743582927.638556
1743582927.671017
1743582927.702695
1743582927.734880
1743582927.766494
1743582927.798886
1743582927.830797
1743582927.862783
1743582927.894483
1743582927.910525
1743582927.942823
1743582927.974760
1743582928.007197
1743582928.038940
1743582928.070875
1743582928.102978
1743582928.134472
1743582928.167009
1743582928.199050
1743582928.231266
1743582928.262299
1743582928.278430
1743582928.326400
1743582928.358665
1743582928.390086
1743582928.406053
1743582928.422347
1743582928.454614
1743582928.487064
1743582928.518862
1743582928.551037
1743582928.582993
1743582928.614608
1743582928.646999
1743582928.678550
1743582928.710690
1743582928.742341
1743582928.758325
1743582928.790487
1743582928.822737
1743582928.854444
1743582928.887086
1743582928.919041
1743582928.951182
1743582928.982228
1743582929.014921
1743582929.046577
1743582929.078757
1743582929.110118
1743582929.126314
1743582929.142529
1743582929.174722
1743582929.206809
1743582929.238858
1743582929.270952
1743582929.303112
1743582929.334620
1743582929.366968
1743582929.398777
1743582929.430819
1743582929.462565
1743582929.494746
1743582929.526502
1743582929.558602
1743582929.590647
1743582929.623003
1743582929.654546
1743582929.686737
1743582929.718988
1743582929.750902
1743582929.782930
1743582929.814981
1743582929.846997
1743582929.878794
1743582929.910579
1743582929.926755
1743582929.959029
1743582929.990613
1743582930.022758
1743582930.054688
1743582930.086951
1743582930.118871
1743582930.150902
1743582930.183012
1743582930.214504
1743582930.247050
1743582930.279029
1743582930.310438
1743582930.342220
1743582930.358273
1743582930.374452
1743582930.406694
1743582930.438544
1743582930.470822
1743582930.502885
1743582930.534907
1743582930.566640
1743582930.599176
1743582930.630778
1743582930.662716
1743582930.694253
1743582930.726394
1743582930.742483
1743582930.774680
1743582930.806067
1743582930.822068
1743582930.838331
1743582930.854388
1743582930.887061
1743582930.934737
1743582930.966900
1743582930.999052
1743582931.030504
1743582931.062751
1743582931.094530
1743582931.126488
1743582931.158470
1743582931.174549
1743582931.206811
1743582931.254510
1743582931.286384
1743582931.318791
1743582931.351131
1743582931.382609
1743582931.414659
1743582931.446881
1743582931.478709
1743582931.510475
1743582931.543372
1743582931.574978
1743582931.606522
1743582931.638581
1743582931.670635
1743582931.702953
1743582931.734697
1743582931.767079
1743582931.798775
1743582931.830891
1743582931.863096
1743582931.910424
1743582931.942028
1743582931.958256
1743582931.974402
1743582931.990263
1743582932.022508
1743582932.054714
1743582932.086897
1743582932.118928
1743582932.150641
1743582932.183029
1743582932.230773
1743582932.262743
1743582932.294077
1743582932.310198
1743582932.342490
1743582932.374494
1743582932.406812
1743582932.438827
1743582932.470795
1743582932.502983
1743582932.550907
1743582932.582774
1743582932.614581
1743582932.646848
1743582932.678357
1743582932.710417
1743582932.742634
1743582932.773415
1743582932.790030
1743582932.821612
1743582932.838898
1743582932.886402
1743582932.918328
1743582932.951136
1743582932.982838
1743582933.014807
1743582933.046586
1743582933.078436
1743582933.110570
1743582933.143041
1743582933.174365
1743582933.207067
1743582933.238568
1743582933.270664
1743582933.302348
1743582933.335024
1743582933.366986
1743582933.398970
1743582933.430806
1743582933.462494
1743582933.494745
1743582933.526729
1743582933.558500
1743582933.590465
1743582933.622908
1743582933.654897
1743582933.686752
1743582933.719013
1743582933.750514
1743582933.782978
1743582933.815206
1743582933.862700
1743582933.894097
1743582933.910364
1743582933.942790
1743582933.974577
1743582934.006056
1743582934.022103
1743582934.054943
1743582934.087029
1743582934.118567
1743582934.151137
1743582934.182926
1743582934.214667
1743582934.230249
1743582934.246348
1743582934.262281
1743582934.278221
1743582934.294274
1743582934.310460
1743582934.326356
1743582934.342415
1743582934.358386
1743582934.374512
1743582934.390406
1743582934.406411
1743582934.422624
1743582934.438518
1743582934.454465
1743582934.470503
1743582934.502417
1743582934.517932
1743582934.534282
1743582934.550177
1743582934.566286
1743582934.582342
1743582934.598405
1743582934.614289
1743582934.630285
1743582934.646304
1743582934.662354
1743582934.678377
1743582934.694306
1743582934.710438
1743582934.726330
1743582934.742527
1743582934.758549
1743582934.774503
1743582934.790543
1743582934.806626
1743582934.839003
1743582934.870668
1743582934.902704
1743582934.934883
1743582934.966715
1743582934.982387
1743582934.998263
1743582935.014493
1743582935.030400
1743582935.046402
1743582935.062577
1743582935.078407
1743582935.094404
1743582935.110456
1743582935.126715
1743582935.159029
1743582935.190634
1743582935.206193
1743582935.222220
1743582935.238180
1743582935.254290
1743582935.270380
1743582935.286344
1743582935.302578
1743582935.318391
1743582935.334396
1743582935.350301
1743582935.366531
1743582935.382359
1743582935.398441
1743582935.414438
1743582935.430631
1743582935.446530
1743582935.478837
1743582935.510401
1743582935.526152
1743582935.542519
1743582935.558346
1743582935.574373
1743582935.590419
1743582935.606479
1743582935.622228
1743582935.638475
1743582935.654278
1743582935.670392
1743582935.686405
1743582935.702437
1743582935.718423
1743582935.734471
1743582935.750456
1743582935.766461
1743582935.782504
1743582935.815112
1743582935.846719
1743582935.862139
1743582935.878532
1743582935.894804
1743582935.910446
1743582935.926428
1743582935.942522
1743582935.958488
1743582935.974507
1743582935.990443
1743582936.006496
1743582936.022444
1743582936.038505
1743582936.054398
1743582936.070430
1743582936.086645
1743582936.102525
1743582936.135045
1743582936.166867
1743582936.198069
1743582936.213918
1743582936.230216
1743582936.246262
1743582936.262262
1743582936.278496
1743582936.294477
1743582936.310315
1743582936.326348
1743582936.342505
1743582936.358490
1743582936.374546
1743582936.390644
1743582936.406629
1743582936.422574
1743582936.455217
1743582936.486183
1743582936.502157
1743582936.518209
1743582936.551425
1743582936.582128
1743582936.597995
1743582936.614320
1743582936.630083
1743582936.646327
1743582936.662481
1743582936.678344
1743582936.694382
1743582936.710487
1743582936.726566
1743582936.742641
1743582936.758510
1743582936.790350
1743582936.806195
1743582936.822311
1743582936.838268
1743582936.854176
1743582936.870235
1743582936.886324
1743582936.902497
1743582936.918413
1743582936.934426
1743582936.950391
1743582936.966256
1743582936.982409
1743582936.998543
1743582937.014505
1743582937.030483
1743582937.046506
1743582937.062514
1743582937.078550
1743582937.111007
1743582937.141903
1743582937.158247
1743582937.174278
1743582937.190286
1743582937.206522
1743582937.222307
1743582937.238307
1743582937.254392
1743582937.270450
1743582937.286337
1743582937.302529
1743582937.318422
1743582937.334488
1743582937.350484
1743582937.366499
1743582937.382664
1743582937.398572
1743582937.431105
1743582937.462940
1743582937.494367
1743582937.510276
1743582937.526437
1743582937.542540
1743582937.558300
1743582937.574434
1743582937.590396
1743582937.606466
1743582937.622328
1743582937.638412
1743582937.654328
1743582937.670432
1743582937.686467
1743582937.702510
1743582937.718595
1743582937.734523
1743582937.767349
1743582937.798095
1743582937.813859
1743582937.830224
1743582937.846241
1743582937.862343
1743582937.878359
1743582937.894264
1743582937.910454
1743582937.926461
1743582937.942544
1743582937.958507
1743582937.974641
1743582937.990786
1743582938.007076
1743582938.037981
1743582938.086465
1743582938.118119
1743582938.133965
1743582938.150213
1743582938.166267
1743582938.182282
1743582938.198266
1743582938.214281
1743582938.230301
1743582938.246390
1743582938.262307
1743582938.278302
1743582938.294493
1743582938.310440
1743582938.326397
1743582938.342821
1743582938.358651
1743582938.374542
1743582938.407027
1743582938.438509
1743582938.453849
1743582938.470332
1743582938.486364
1743582938.502310
1743582938.518429
1743582938.534401
1743582938.550273
1743582938.566348
1743582938.582367
1743582938.598464
1743582938.614302
1743582938.630369
1743582938.646413
1743582938.662417
1743582938.678618
1743582938.694485
1743582938.710527
1743582938.743233
1743582938.774479
1743582938.790321
1743582938.806338
1743582938.822274
1743582938.838330
1743582938.854181
1743582938.870255
1743582938.886341
1743582938.902315
1743582938.918265
1743582938.934383
1743582938.950339
1743582938.966377
1743582938.982424
1743582938.998386
1743582939.014450
1743582939.030481
1743582939.062766
1743582939.078221
1743582939.094180
1743582939.110174
1743582939.126319
1743582939.142545
1743582939.158323
1743582939.174343
1743582939.190304
1743582939.206745
1743582939.222290
1743582939.238543
1743582939.254253
1743582939.270456
1743582939.286367
1743582939.302495
1743582939.318614
1743582939.334549
1743582939.350484
1743582939.383162
1743582939.414916
1743582939.446892
1743582939.478255
1743582939.494151
1743582939.510305
1743582939.526379
1743582939.542638
1743582939.558423
1743582939.574343
1743582939.590414
1743582939.606443
1743582939.622350
1743582939.638414
1743582939.654407
1743582939.670419
1743582939.686671
1743582939.719357
1743582939.750820
1743582939.782848
1743582939.814900
1743582939.846887
1743582939.878481
1743582939.894249
1743582939.910265
1743582939.926446
1743582939.942658
1743582939.958531
1743582939.974464
1743582939.990575
1743582940.006828
1743582940.039221
1743582940.070531
1743582940.102595
1743582940.117923
1743582940.134448
1743582940.150483
1743582940.166314
1743582940.182370
1743582940.198359
1743582940.214304
1743582940.230242
1743582940.246436
1743582940.262398
1743582940.278523
1743582940.294423
1743582940.310490
1743582940.326728
1743582940.359137
1743582940.390561
1743582940.406196
1743582940.422233
1743582940.438114
1743582940.454242
1743582940.470270
1743582940.486237
1743582940.502426
1743582940.518403
1743582940.534454
1743582940.550439
1743582940.566476
1743582940.582464
1743582940.598453
1743582940.614524
1743582940.630629
1743582940.646483
1743582940.662682
1743582940.695215
1743582940.726690
1743582940.742609
1743582940.758414
1743582940.774631
1743582940.790440
1743582940.806501
1743582940.822431
1743582940.838430
1743582940.854550
1743582940.870348
1743582940.886469
1743582940.902532
1743582940.918406
1743582940.934483
1743582940.950485
1743582940.966517
1743582940.982875
1743582941.015359
1743582941.047081
1743582941.062364
1743582941.078574
1743582941.094446
1743582941.110497
1743582941.126483
1743582941.142810
1743582941.158428
1743582941.174647
1743582941.190539
1743582941.206597
1743582941.222629
1743582941.238497
1743582941.254427
1743582941.270541
1743582941.286682
1743582941.302654
1743582941.335277
1743582941.367146
1743582941.399141
1743582941.430895
1743582941.446273
1743582941.462454
1743582941.478319
1743582941.494528
1743582941.510436
1743582941.526775
1743582941.542846
1743582941.558514
1743582941.574734
1743582941.590646
1743582941.606671
1743582941.622667
1743582941.638675
1743582941.670874
1743582941.702639
1743582941.734786
1743582941.767156
1743582941.798856
1743582941.830860
1743582941.862875
1743582941.878435
1743582941.894699
1743582941.910722
1743582941.926712
1743582941.942736
1743582941.958700
1743582941.991140
1743582942.022064
1743582942.038546
1743582942.054080
1743582942.070458
1743582942.086415
1743582942.102471
1743582942.118402
1743582942.134506
1743582942.150435
1743582942.166350
1743582942.182371
1743582942.198449
1743582942.214421
1743582942.230436
1743582942.246390
1743582942.262621
1743582942.278517
1743582942.310213
1743582942.326236
1743582942.342522
1743582942.358363
1743582942.374342
1743582942.390343
1743582942.406414
1743582942.422332
1743582942.438309
1743582942.454149
1743582942.470373
1743582942.486462
1743582942.502439
1743582942.518401
1743582942.534474
1743582942.550458
1743582942.566481
1743582942.582434
1743582942.598502
1743582942.614543
1743582942.646192
1743582942.662199
1743582942.678232
1743582942.694262
1743582942.710175
1743582942.726263
1743582942.742486
1743582942.758556
1743582942.774403
1743582942.790447
1743582942.806406
1743582942.822297
1743582942.838235
1743582942.854298
1743582942.870519
1743582942.886422
1743582942.902585
1743582942.918474
1743582942.934544
1743582942.966437
1743582942.982089
1743582942.998243
1743582943.014260
1743582943.029924
1743582943.045696
1743582943.062566
1743582943.078529
1743582943.094306
1743582943.110396
1743582943.126374
1743582943.142479
1743582943.158463
1743582943.174461
1743582943.190382
1743582943.206553
1743582943.222413
1743582943.238446
1743582943.254451
1743582943.286297
1743582943.302014
1743582943.318328
1743582943.334303
1743582943.350249
1743582943.366297
1743582943.382476
1743582943.398296
1743582943.414340
1743582943.430273
1743582943.446356
1743582943.462429
1743582943.478367
1743582943.494398
1743582943.510454
1743582943.526436
1743582943.542783
1743582943.558656
1743582943.574573
1743582943.590545
1743582943.622174
1743582943.637942
1743582943.654314
1743582943.670322
1743582943.686332
1743582943.702239
1743582943.718385
1743582943.734332
1743582943.750353
1743582943.766304
1743582943.782441
1743582943.798442
1743582943.814346
1743582943.830419
1743582943.846415
1743582943.862384
1743582943.878441
1743582943.894402
1743582943.910544
1743582943.942190
1743582943.958225
1743582943.974311
1743582943.990286
1743582944.006599
1743582944.022286
1743582944.038223
1743582944.054385
1743582944.070387
1743582944.086267
1743582944.102436
1743582944.118488
1743582944.134426
1743582944.150351
1743582944.166330
