1743581328.298829
1743581328.378373
1743581328.410262
1743581328.442290
1743581328.474759
1743581328.506542
1743581328.538645
1743581328.570540
1743581328.601570
1743581328.633793
1743581328.666594
1743581328.701496
1743581328.729317
1743581328.745740
1743581328.761841
1743581328.778765
1743581328.810714
1743581328.859071
1743581328.890499
1743581328.922846
1743581328.955069
1743581328.986712
1743581329.018863
1743581329.050783
1743581329.082801
1743581329.114662
1743581329.147580
1743581329.180005
1743581329.212387
1743581329.244271
1743581329.276377
1743581329.308116
1743581329.340286
1743581329.372555
1743581329.403042
1743581329.435417
1743581329.467754
1743581329.515830
1743581329.547848
1743581329.580331
1743581329.612391
1743581329.644578
1743581329.674714
1743581329.706449
1743581329.722425
1743581329.738511
1743581329.770319
1743581329.803130
1743581329.834654
1743581329.850520
1743581329.866338
1743581329.882943
1743581329.914526
1743581329.946685
1743581329.978667
1743581330.010298
1743581330.026032
1743581330.042383
1743581330.058291
1743581330.074605
1743581330.090847
1743581330.122785
1743581330.155344
1743581330.186220
1743581330.202175
1743581330.218135
1743581330.234222
1743581330.250266
1743581330.266339
1743581330.282572
1743581330.298427
1743581330.314480
1743581330.330507
1743581330.346461
1743581330.362450
1743581330.378398
1743581330.394447
1743581330.410546
1743581330.426498
1743581330.442555
1743581330.458652
1743581330.491114
1743581330.522479
1743581330.538130
1743581330.554352
1743581330.570347
1743581330.586299
1743581330.602386
1743581330.618368
1743581330.634409
1743581330.650401
1743581330.666406
1743581330.682602
1743581330.698534
1743581330.714587
1743581330.730491
1743581330.746694
1743581330.762586
1743581330.778650
1743581330.810389
1743581330.826230
1743581330.842249
1743581330.858227
1743581330.874260
1743581330.890198
1743581330.906263
1743581330.922418
1743581330.938354
1743581330.954300
1743581330.970261
1743581330.986448
1743581331.002496
1743581331.018476
1743581331.034443
1743581331.050436
1743581331.066534
1743581331.082538
1743581331.098607
1743581331.130350
1743581331.146296
1743581331.162186
1743581331.178146
1743581331.194162
1743581331.210236
1743581331.226273
1743581331.242289
1743581331.258303
1743581331.274403
1743581331.290286
1743581331.306232
1743581331.322364
1743581331.338356
1743581331.354436
1743581331.370467
1743581331.386518
1743581331.402463
1743581331.418580
1743581331.434520
1743581331.466188
1743581331.482356
1743581331.498454
1743581331.514329
1743581331.530517
1743581331.546720
1743581331.562390
1743581331.578242
1743581331.594228
1743581331.610196
1743581331.626365
1743581331.642349
1743581331.658484
1743581331.674463
1743581331.690447
1743581331.706408
1743581331.722456
1743581331.738550
1743581331.754668
1743581331.787174
1743581331.818408
1743581331.834066
1743581331.850179
1743581331.866179
1743581331.882308
1743581331.898524
1743581331.914365
1743581331.930643
1743581331.946501
1743581331.962434
1743581331.978281
1743581331.994311
1743581332.010322
1743581332.026516
1743581332.042531
1743581332.058681
1743581332.074679
1743581332.107128
1743581332.138944
1743581332.170925
1743581332.202845
1743581332.218279
1743581332.234302
1743581332.250325
1743581332.266588
1743581332.282875
1743581332.298821
1743581332.314461
1743581332.330484
1743581332.346639
1743581332.362576
1743581332.378399
1743581332.394465
1743581332.410630
1743581332.443230
1743581332.474815
1743581332.506921
1743581332.538784
1743581332.570490
1743581332.586433
1743581332.602362
1743581332.618535
1743581332.634472
1743581332.650576
1743581332.666521
1743581332.682653
1743581332.698705
1743581332.714569
1743581332.730837
1743581332.763181
1743581332.794952
1743581332.826927
1743581332.858935
1743581332.890994
1743581332.922797
1743581332.955134
1743581332.987090
1743581333.018679
1743581333.034554
1743581333.050542
1743581333.082968
1743581333.114301
1743581333.130472
1743581333.146566
1743581333.162346
1743581333.178280
1743581333.194240
1743581333.210193
1743581333.226622
1743581333.242515
1743581333.258487
1743581333.274487
1743581333.290489
1743581333.306475
1743581333.322528
1743581333.338591
1743581333.354604
1743581333.370708
1743581333.386743
1743581333.419011
1743581333.450368
1743581333.466349
1743581333.482554
1743581333.498530
1743581333.514481
1743581333.530512
1743581333.546608
1743581333.562503
1743581333.578477
1743581333.594366
1743581333.610363
1743581333.626667
1743581333.642574
1743581333.658600
1743581333.674633
1743581333.690576
1743581333.706640
1743581333.738915
1743581333.770802
1743581333.803064
1743581333.834464
1743581333.850614
1743581333.866722
1743581333.882551
1743581333.898460
1743581333.914278
1743581333.930361
1743581333.946603
1743581333.962734
1743581333.978469
1743581333.994491
1743581334.010483
1743581334.026630
1743581334.058710
1743581334.074249
1743581334.090394
1743581334.106410
1743581334.122335
1743581334.138625
1743581334.154316
1743581334.170393
1743581334.186340
1743581334.202450
1743581334.218308
1743581334.234620
1743581334.250506
1743581334.266473
1743581334.282515
1743581334.298818
1743581334.314612
1743581334.330655
1743581334.346636
1743581334.362756
1743581334.395211
1743581334.426305
1743581334.442126
1743581334.458280
1743581334.474466
1743581334.490408
1743581334.506537
1743581334.522517
1743581334.538449
1743581334.554393
1743581334.570515
1743581334.586538
1743581334.602424
1743581334.618592
1743581334.634732
1743581334.650673
1743581334.666599
1743581334.682890
1743581334.714962
1743581334.746519
1743581334.762308
1743581334.778472
1743581334.794279
1743581334.810313
1743581334.826450
1743581334.842369
1743581334.858453
1743581334.874460
1743581334.890453
1743581334.906635
1743581334.922471
1743581334.938478
1743581334.954668
1743581334.970714
1743581334.986578
1743581335.002647
1743581335.035089
1743581335.066221
1743581335.082505
1743581335.098679
1743581335.114640
1743581335.130474
1743581335.146467
1743581335.162465
1743581335.178302
1743581335.194390
1743581335.210408
1743581335.226490
1743581335.242454
1743581335.258844
1743581335.274566
1743581335.290673
1743581335.306557
1743581335.322561
1743581335.338582
1743581335.371177
1743581335.403228
1743581335.434334
1743581335.450215
1743581335.466530
1743581335.482597
1743581335.498708
1743581335.514405
1743581335.530557
1743581335.546453
1743581335.562488
1743581335.578319
1743581335.594545
1743581335.610458
1743581335.626804
1743581335.642606
1743581335.658660
1743581335.691234
1743581335.722962
1743581335.754803
1743581335.786831
1743581335.818522
1743581335.834625
1743581335.850346
1743581335.866447
1743581335.882636
1743581335.898524
1743581335.914490
1743581335.930587
1743581335.946798
1743581335.962589
1743581335.978450
1743581336.010911
1743581336.042736
1743581336.075006
1743581336.106722
1743581336.138858
1743581336.154308
1743581336.170438
1743581336.186455
1743581336.202447
1743581336.218548
1743581336.234437
1743581336.250642
1743581336.266699
1743581336.283044
1743581336.298849
1743581336.314564
1743581336.346974
1743581336.378739
1743581336.410618
1743581336.442745
1743581336.475047
1743581336.506933
1743581336.538898
1743581336.571037
1743581336.602935
1743581336.618570
1743581336.634887
1743581336.667141
1743581336.682573
1743581336.698436
1743581336.714381
1743581336.730312
1743581336.746452
1743581336.762399
1743581336.778350
1743581336.794342
1743581336.810435
1743581336.826332
1743581336.842406
1743581336.858471
1743581336.874534
1743581336.890603
1743581336.906477
1743581336.922486
1743581336.938633
1743581336.954697
1743581336.987236
1743581337.018687
1743581337.034198
1743581337.050167
1743581337.066326
1743581337.082428
1743581337.098413
1743581337.114426
1743581337.130362
1743581337.146447
1743581337.162505
1743581337.178303
1743581337.194788
1743581337.210449
1743581337.226745
1743581337.242548
1743581337.258725
1743581337.274737
1743581337.290828
1743581337.323129
1743581337.354813
1743581337.386565
1743581337.402470
1743581337.418265
1743581337.434320
1743581337.450405
1743581337.466405
1743581337.482854
1743581337.498547
1743581337.514531
1743581337.530580
1743581337.546497
1743581337.562755
1743581337.578439
1743581337.594608
1743581337.610525
1743581337.643113
1743581337.674956
1743581337.706996
1743581337.738748
1743581337.771193
1743581337.802878
1743581337.818314
1743581337.834587
1743581337.850433
1743581337.866520
1743581337.882750
1743581337.898824
1743581337.914549
1743581337.930634
1743581337.963190
1743581337.994718
1743581338.026861
1743581338.058949
1743581338.090913
1743581338.122806
1743581338.154903
1743581338.186855
1743581338.202463
1743581338.218697
1743581338.234498
1743581338.250585
1743581338.266616
1743581338.299158
1743581338.330461
1743581338.362829
1743581338.394644
1743581338.426889
1743581338.458911
1743581338.490699
1743581338.522990
1743581338.554815
1743581338.587023
1743581338.619213
1743581338.650491
1743581338.682331
1743581338.698668
1743581338.730681
1743581338.762853
1743581338.794780
1743581338.826920
1743581338.859035
1743581338.891085
1743581338.938894
1743581338.970631
1743581339.002632
1743581339.034384
1743581339.066402
1743581339.082503
1743581339.114632
1743581339.146538
1743581339.178798
1743581339.210970
1743581339.243239
1743581339.275223
1743581339.306906
1743581339.339016
1743581339.370698
1743581339.403043
1743581339.434626
1743581339.466497
1743581339.498752
1743581339.531017
1743581339.562735
1743581339.594845
1743581339.626900
1743581339.658828
1743581339.690921
1743581339.722752
1743581339.754750
1743581339.787119
1743581339.819074
1743581339.850614
1743581339.882626
1743581339.915094
1743581339.946606
1743581339.978733
1743581340.010918
1743581340.042454
1743581340.075179
1743581340.106809
1743581340.139149
1743581340.171155
1743581340.203083
1743581340.250471
1743581340.282208
1743581340.314436
1743581340.330285
1743581340.346411
1743581340.378789
1743581340.410813
1743581340.442500
1743581340.475133
1743581340.506853
1743581340.539412
1743581340.570257
1743581340.602721
1743581340.634425
1743581340.665963
1743581340.682559
1743581340.714637
1743581340.746676
1743581340.778888
1743581340.810668
1743581340.843034
1743581340.890508
1743581340.922921
1743581340.954509
1743581340.986831
1743581341.019171
1743581341.050570
1743581341.082234
1743581341.098449
1743581341.130615
1743581341.146599
1743581341.178459
1743581341.226368
1743581341.258639
1743581341.290802
1743581341.322437
1743581341.355131
1743581341.387081
1743581341.419021
1743581341.450555
1743581341.482671
1743581341.514675
1743581341.547072
1743581341.578307
1743581341.610788
1743581341.642863
1743581341.675008
1743581341.706694
1743581341.738927
1743581341.771167
1743581341.803076
1743581341.834813
1743581341.866936
1743581341.898386
1743581341.930407
1743581341.962784
1743581341.994526
1743581342.026873
1743581342.058977
1743581342.090912
1743581342.123061
1743581342.155043
1743581342.202813
1743581342.234480
1743581342.266350
1743581342.299044
1743581342.330412
1743581342.346861
1743581342.379053
1743581342.410917
1743581342.443199
1743581342.475038
1743581342.522692
1743581342.554626
1743581342.587214
1743581342.618959
1743581342.650637
1743581342.682500
1743581342.698667
1743581342.730531
1743581342.746522
1743581342.779122
1743581342.811041
1743581342.842456
1743581342.874913
1743581342.906746
1743581342.938788
1743581342.970427
1743581343.003011
1743581343.034608
1743581343.066642
1743581343.098474
1743581343.114490
1743581343.146736
1743581343.178926
1743581343.210541
1743581343.242892
1743581343.274929
1743581343.306955
1743581343.338760
1743581343.371086
1743581343.403141
1743581343.435035
1743581343.466439
1743581343.499107
1743581343.530818
1743581343.562685
1743581343.594680
1743581343.626895
1743581343.658835
1743581343.690819
1743581343.722618
1743581343.754798
1743581343.787090
1743581343.819055
1743581343.850356
1743581343.866411
1743581343.898651
1743581343.930911
1743581343.962653
1743581343.994592
1743581344.026830
1743581344.058842
1743581344.090906
1743581344.123264
1743581344.154919
1743581344.186898
1743581344.218676
1743581344.250397
1743581344.282584
1743581344.314590
1743581344.346429
1743581344.362259
1743581344.378421
1743581344.411024
1743581344.442955
1743581344.475246
1743581344.506813
1743581344.538977
1743581344.570768
1743581344.602853
1743581344.634561
1743581344.666536
1743581344.698313
1743581344.714453
1743581344.730645
1743581344.762889
1743581344.794663
1743581344.826911
1743581344.858637
1743581344.891041
1743581344.922516
1743581344.938398
1743581344.970821
1743581345.003151
1743581345.034725
1743581345.066899
1743581345.098653
1743581345.131156
1743581345.162713
1743581345.194653
1743581345.227081
1743581345.258778
1743581345.290900
1743581345.323030
1743581345.355466
1743581345.387091
1743581345.418833
1743581345.451138
1743581345.482413
1743581345.514238
1743581345.546660
1743581345.578723
1743581345.610695
1743581345.642819
1743581345.675163
1743581345.707017
1743581345.739190
1743581345.770927
1743581345.802685
1743581345.834464
1743581345.866546
1743581345.898519
1743581345.930677
1743581345.962832
1743581345.993831
1743581346.025795
1743581346.042536
1743581346.075399
1743581346.107146
1743581346.139009
1743581346.170824
1743581346.202840
1743581346.234452
1743581346.266480
1743581346.298619
1743581346.330790
1743581346.362858
1743581346.394888
1743581346.426848
1743581346.458894
1743581346.490773
1743581346.522854
1743581346.554958
1743581346.587052
1743581346.618891
1743581346.650617
1743581346.682619
1743581346.714717
1743581346.746919
1743581346.778687
1743581346.810728
1743581346.842979
1743581346.874895
1743581346.906974
1743581346.938575
1743581346.971095
1743581347.002999
1743581347.034662
1743581347.082278
1743581347.114385
1743581347.146637
1743581347.178544
1743581347.210730
1743581347.242829
1743581347.274954
1743581347.307356
1743581347.338855
1743581347.370938
1743581347.403281
1743581347.434548
1743581347.466457
1743581347.498559
1743581347.530497
1743581347.562671
1743581347.595105
1743581347.626923
1743581347.659005
1743581347.691119
1743581347.722680
1743581347.754582
1743581347.786740
1743581347.818787
1743581347.850455
1743581347.882059
1743581347.898555
1743581347.914625
1743581347.946580
1743581347.979032
1743581348.010792
1743581348.058599
1743581348.090824
1743581348.122748
1743581348.154493
1743581348.187056
1743581348.218736
1743581348.250574
1743581348.282743
1743581348.298712
1743581348.330738
1743581348.378427
1743581348.410065
1743581348.442757
1743581348.475175
1743581348.506801
1743581348.538394
1743581348.571066
1743581348.602855
1743581348.634759
1743581348.667040
1743581348.698933
1743581348.730625
1743581348.762429
1743581348.794248
1743581348.827189
1743581348.858857
1743581348.891007
1743581348.922382
1743581348.955275
1743581348.987055
1743581349.034667
1743581349.065943
1743581349.082464
1743581349.114469
1743581349.146534
1743581349.178336
1743581349.210602
1743581349.243112
1743581349.275153
1743581349.306714
1743581349.354585
1743581349.386805
1743581349.418919
1743581349.450083
1743581349.466377
1743581349.498516
1743581349.530659
1743581349.562415
1743581349.595066
1743581349.627122
1743581349.674742
1743581349.706328
1743581349.738861
1743581349.770794
1743581349.802811
1743581349.834490
1743581349.866526
1743581349.898608
1743581349.930764
1743581349.962887
1743581350.010670
1743581350.042545
1743581350.074889
1743581350.106582
1743581350.138786
1743581350.170784
1743581350.202822
1743581350.234293
1743581350.250451
1743581350.266531
1743581350.298708
1743581350.330558
1743581350.362681
1743581350.394733
1743581350.427019
1743581350.458639
1743581350.490939
1743581350.522875
1743581350.554872
1743581350.586861
1743581350.619073
1743581350.650908
1743581350.682357
1743581350.714565
1743581350.746530
1743581350.778692
1743581350.810608
1743581350.842457
1743581350.875086
1743581350.907199
1743581350.939319
1743581350.986820
1743581351.019114
1743581351.050374
1743581351.082386
1743581351.114533
1743581351.146514
1743581351.178690
1743581351.210960
1743581351.242704
1743581351.275145
1743581351.306967
1743581351.338654
1743581351.370502
1743581351.402841
1743581351.434400
1743581351.466480
1743581351.498315
1743581351.514404
1743581351.530549
1743581351.546584
1743581351.578791
1743581351.626723
1743581351.658867
1743581351.691006
1743581351.722676
1743581351.754718
1743581351.786736
1743581351.818873
1743581351.850549
1743581351.882566
1743581351.914749
1743581351.962411
1743581351.994430
1743581352.026982
1743581352.058809
1743581352.090885
1743581352.122875
1743581352.155051
1743581352.187045
1743581352.219231
1743581352.250278
1743581352.283043
1743581352.314610
1743581352.346629
1743581352.378193
1743581352.410732
1743581352.443119
1743581352.475233
1743581352.506545
1743581352.539067
1743581352.571025
1743581352.603104
1743581352.634361
1743581352.666698
1743581352.698522
1743581352.730505
1743581352.762610
1743581352.794876
1743581352.827005
1743581352.859033
1743581352.890599
1743581352.938832
1743581352.970908
1743581353.002729
1743581353.034410
1743581353.066634
1743581353.098477
1743581353.130624
1743581353.162340
1743581353.194881
1743581353.227010
1743581353.258936
1743581353.290562
1743581353.322736
1743581353.354938
1743581353.387130
1743581353.419077
1743581353.450502
1743581353.466718
1743581353.498554
1743581353.530706
1743581353.578659
1743581353.610731
1743581353.642848
1743581353.674789
1743581353.706781
1743581353.738860
1743581353.770854
1743581353.802817
1743581353.834720
1743581353.866745
1743581353.914305
1743581353.946451
1743581353.978758
1743581354.010880
1743581354.042999
1743581354.075084
1743581354.107133
1743581354.139096
1743581354.171180
1743581354.203063
1743581354.234931
1743581354.266569
1743581354.298445
1743581354.330599
1743581354.362681
1743581354.394832
1743581354.426772
1743581354.458461
1743581354.491213
1743581354.523069
1743581354.554968
1743581354.586213
1743581354.618543
1743581354.650581
1743581354.682613
1743581354.714619
1743581354.746472
1743581354.778848
1743581354.810972
1743581354.842918
1743581354.890662
1743581354.922784
1743581354.954954
1743581354.986467
1743581355.018508
1743581355.050372
1743581355.066364
1743581355.098560
1743581355.130595
1743581355.163007
1743581355.210794
1743581355.242070
1743581355.274613
1743581355.306801
1743581355.338809
1743581355.370540
1743581355.403009
1743581355.434505
1743581355.466717
1743581355.498771
1743581355.530892
1743581355.562565
1743581355.594604
1743581355.625916
1743581355.642567
1743581355.675019
1743581355.706871
1743581355.738805
1743581355.771121
1743581355.803041
1743581355.834895
1743581355.867026
1743581355.897976
1743581355.914521
1743581355.946605
1743581355.978852
1743581356.010677
1743581356.042732
1743581356.074859
1743581356.107065
1743581356.138877
1743581356.187180
1743581356.218799
1743581356.250459
1743581356.282449
1743581356.314487
1743581356.346581
1743581356.378707
1743581356.410916
1743581356.442791
1743581356.458254
1743581356.474570
1743581356.507035
1743581356.538368
1743581356.570833
1743581356.602884
1743581356.634567
1743581356.666293
1743581356.698533
1743581356.730579
1743581356.763009
1743581356.795120
1743581356.811023
1743581356.843147
1743581356.874722
1743581356.906499
1743581356.938997
1743581356.970988
1743581357.002698
1743581357.034372
1743581357.066693
1743581357.098657
1743581357.130705
1743581357.162682
1743581357.194515
1743581357.226853
1743581357.258709
1743581357.290672
1743581357.323211
1743581357.354807
1743581357.387168
1743581357.418802
1743581357.450682
1743581357.482850
1743581357.514350
1743581357.546428
1743581357.578801
1743581357.610830
1743581357.643056
1743581357.674660
1743581357.707008
1743581357.739023
1743581357.770951
1743581357.818609
1743581357.850251
1743581357.882273
1743581357.898596
1743581357.930439
1743581357.962612
1743581357.994624
1743581358.026909
1743581358.059003
1743581358.090872
1743581358.138754
1743581358.170552
1743581358.202531
1743581358.234560
1743581358.266652
1743581358.298499
1743581358.330502
1743581358.362550
1743581358.395012
1743581358.426963
1743581358.458458
1743581358.473989
1743581358.490187
1743581358.523035
1743581358.554505
1743581358.586823
1743581358.618663
1743581358.650724
1743581358.682516
1743581358.714646
1743581358.746649
1743581358.794458
1743581358.826690
1743581358.858950
1743581358.890691
1743581358.922935
1743581358.954550
1743581358.987057
1743581359.018976
1743581359.050720
1743581359.082335
1743581359.114995
1743581359.146420
1743581359.178543
1743581359.210513
1743581359.243034
1743581359.274827
1743581359.306713
1743581359.338780
1743581359.370867
1743581359.403040
1743581359.434860
1743581359.466265
1743581359.498257
1743581359.514216
1743581359.530334
1743581359.562674
1743581359.594485
1743581359.626701
1743581359.658884
1743581359.691131
1743581359.723068
1743581359.770835
1743581359.802761
1743581359.834221
1743581359.850232
1743581359.866542
1743581359.882620
1743581359.914779
1743581359.946705
1743581359.978746
1743581360.010715
1743581360.042729
1743581360.090742
1743581360.122760
1743581360.154701
1743581360.186878
1743581360.218990
1743581360.250507
1743581360.282714
1743581360.314629
1743581360.346620
1743581360.379058
1743581360.410928
1743581360.442125
1743581360.474751
1743581360.506688
1743581360.538930
1743581360.570348
1743581360.602970
1743581360.634679
1743581360.666548
1743581360.698824
1743581360.746268
1743581360.778451
1743581360.810681
1743581360.842713
1743581360.875081
1743581360.906833
1743581360.939052
1743581360.970817
1743581361.003183
1743581361.034719
1743581361.067049
1743581361.098329
1743581361.130454
1743581361.162628
1743581361.194752
1743581361.226497
1743581361.258992
1743581361.290819
1743581361.322919
1743581361.354748
1743581361.387182
1743581361.418922
1743581361.450407
1743581361.482468
1743581361.514469
1743581361.546689
1743581361.578834
1743581361.610739
1743581361.642881
1743581361.675122
1743581361.722810
1743581361.754160
1743581361.786617
1743581361.818755
1743581361.850571
1743581361.882512
1743581361.914539
1743581361.946726
1743581361.978727
1743581362.010873
1743581362.042910
1743581362.074802
1743581362.106945
1743581362.138459
1743581362.170874
1743581362.202840
1743581362.234522
1743581362.266353
1743581362.282479
1743581362.298604
1743581362.330581
1743581362.363318
1743581362.394751
1743581362.426843
1743581362.458877
1743581362.490533
1743581362.506043
1743581362.522493
1743581362.554928
1743581362.586253
1743581362.602367
1743581362.618565
1743581362.650652
1743581362.698483
1743581362.730286
1743581362.762727
1743581362.794723
1743581362.826922
1743581362.858882
1743581362.890709
1743581362.922960
1743581362.954631
1743581362.987185
1743581363.018903
1743581363.050400
1743581363.082106
1743581363.098445
1743581363.130637
1743581363.162816
1743581363.194648
1743581363.226986
1743581363.258905
1743581363.290805
1743581363.338607
1743581363.370976
1743581363.402810
1743581363.434404
1743581363.466540
1743581363.498656
1743581363.530507
1743581363.562723
1743581363.594686
1743581363.626913
1743581363.674607
1743581363.706566
1743581363.738524
1743581363.770139
1743581363.802921
1743581363.834531
1743581363.866751
1743581363.898656
1743581363.930620
1743581363.962736
1743581363.995093
1743581364.026852
1743581364.058891
1743581364.090750
1743581364.122754
1743581364.154906
1743581364.186751
1743581364.219033
1743581364.250529
1743581364.282587
1743581364.314629
1743581364.346379
1743581364.378591
1743581364.410639
1743581364.442580
1743581364.474917
1743581364.507022
1743581364.538969
1743581364.570292
1743581364.603048
1743581364.650251
1743581364.682382
1743581364.714176
1743581364.730250
1743581364.746466
1743581364.778645
1743581364.810280
1743581364.843051
1743581364.875081
1743581364.906863
1743581364.938826
1743581364.971388
1743581365.002775
1743581365.034496
1743581365.066205
1743581365.082427
1743581365.114636
1743581365.146602
1743581365.178353
1743581365.210863
1743581365.243037
1743581365.290707
1743581365.322048
1743581365.354771
1743581365.386947
1743581365.418755
1743581365.450475
1743581365.466432
1743581365.498826
1743581365.530655
1743581365.562808
1743581365.594927
1743581365.627026
1743581365.658964
1743581365.690508
1743581365.722835
1743581365.754827
1743581365.787126
1743581365.818844
1743581365.850228
1743581365.866498
1743581365.882597
1743581365.914778
1743581365.946858
1743581365.978701
1743581366.010466
1743581366.042484
1743581366.074746
1743581366.107077
1743581366.138743
1743581366.171080
1743581366.203011
1743581366.234556
1743581366.266790
1743581366.298156
1743581366.314162
1743581366.346331
1743581366.378596
1743581366.410557
1743581366.442643
1743581366.474825
1743581366.507022
1743581366.538439
1743581366.571317
1743581366.602971
1743581366.634558
1743581366.665951
1743581366.682382
1743581366.714703
1743581366.746552
1743581366.778623
1743581366.810660
1743581366.842946
1743581366.874917
1743581366.922775
1743581366.954799
1743581366.986811
1743581367.018900
1743581367.050219
1743581367.066323
1743581367.082336
1743581367.098383
1743581367.130097
1743581367.146367
1743581367.162663
1743581367.194822
1743581367.242799
1743581367.274862
1743581367.307015
1743581367.338585
1743581367.371170
1743581367.402950
1743581367.434621
1743581367.466726
1743581367.498614
1743581367.530669
1743581367.578450
1743581367.610524
1743581367.642634
1743581367.674737
1743581367.706802
1743581367.738969
1743581367.770535
1743581367.802945
1743581367.834698
1743581367.866767
1743581367.898733
1743581367.930614
1743581367.962671
1743581367.994623
1743581368.026907
1743581368.058916
1743581368.090824
1743581368.122875
1743581368.154620
1743581368.187034
1743581368.219217
1743581368.250519
1743581368.282593
1743581368.314454
1743581368.346428
1743581368.378608
1743581368.410614
1743581368.442746
1743581368.475029
1743581368.506914
1743581368.554753
1743581368.586925
1743581368.618785
1743581368.650459
1743581368.682234
1743581368.698306
1743581368.730487
1743581368.762728
1743581368.794616
1743581368.827046
1743581368.874722
1743581368.906837
1743581368.938071
1743581368.971041
1743581369.002961
1743581369.034325
1743581369.066301
1743581369.082325
1743581369.098544
1743581369.130650
1743581369.162498
1743581369.195049
1743581369.226836
1743581369.258802
1743581369.290375
1743581369.322591
1743581369.354794
1743581369.386817
1743581369.418446
1743581369.450547
1743581369.482596
1743581369.498631
1743581369.530574
1743581369.562551
1743581369.594599
1743581369.626893
1743581369.658584
1743581369.690862
1743581369.723029
1743581369.754941
1743581369.786892
1743581369.819054
1743581369.850825
1743581369.882472
1743581369.914402
1743581369.946515
1743581369.978530
1743581370.010894
1743581370.042692
1743581370.075109
1743581370.107035
1743581370.138949
1743581370.171140
1743581370.202883
1743581370.234435
1743581370.266397
1743581370.298442
1743581370.330609
1743581370.362571
1743581370.394590
1743581370.426954
1743581370.458951
1743581370.506666
1743581370.538855
1743581370.570278
1743581370.586173
1743581370.618636
1743581370.650534
1743581370.682392
1743581370.714402
1743581370.730373
1743581370.746608
1743581370.778776
1743581370.826572
1743581370.858867
1743581370.891006
1743581370.922403
1743581370.954759
1743581370.986894
1743581371.019226
1743581371.050175
1743581371.066410
1743581371.082501
1743581371.098552
1743581371.146304
1743581371.179026
1743581371.210789
1743581371.242945
1743581371.274675
1743581371.306783
1743581371.338801
1743581371.370778
1743581371.402853
1743581371.434559
1743581371.482392
1743581371.514435
1743581371.546442
1743581371.578033
1743581371.610558
1743581371.643007
1743581371.675146
1743581371.706843
1743581371.739032
1743581371.771212
1743581371.802899
1743581371.834474
1743581371.866389
1743581371.898452
1743581371.914589
1743581371.946431
1743581371.978572
1743581372.010610
1743581372.043041
1743581372.074881
1743581372.122578
1743581372.154813
1743581372.186789
1743581372.218615
1743581372.250281
1743581372.282533
1743581372.314320
1743581372.346430
1743581372.378833
1743581372.410950
1743581372.458639
1743581372.490719
1743581372.521738
1743581372.538320
1743581372.570514
1743581372.602703
1743581372.633885
1743581372.650454
1743581372.682591
1743581372.714618
1743581372.746410
1743581372.778927
1743581372.810918
1743581372.842724
1743581372.874311
1743581372.906955
1743581372.938940
1743581372.970799
1743581373.002315
1743581373.034595
1743581373.066588
1743581373.098766
1743581373.129852
1743581373.146059
1743581373.162286
1743581373.194658
1743581373.226609
1743581373.258783
1743581373.290777
1743581373.323010
1743581373.354732
1743581373.386962
1743581373.434543
1743581373.466464
1743581373.498054
1743581373.514199
1743581373.530296
1743581373.546416
1743581373.578599
1743581373.610747
1743581373.642886
1743581373.674934
1743581373.706867
1743581373.754883
1743581373.786900
1743581373.818616
1743581373.850424
1743581373.882513
1743581373.898637
1743581373.930727
1743581373.962746
1743581373.994528
1743581374.027060
1743581374.074669
1743581374.106336
1743581374.138935
1743581374.170823
1743581374.202736
1743581374.234467
1743581374.266423
1743581374.282590
1743581374.314607
1743581374.346625
1743581374.378965
1743581374.410675
1743581374.442744
1743581374.474606
1743581374.506843
1743581374.538790
1743581374.570972
1743581374.602276
1743581374.634477
1743581374.666569
1743581374.682520
1743581374.698651
1743581374.730953
1743581374.762636
1743581374.794664
1743581374.826740
1743581374.858897
1743581374.891002
1743581374.922751
1743581374.954727
1743581374.986825
1743581375.019282
1743581375.050887
1743581375.081832
1743581375.098371
1743581375.130408
1743581375.162572
1743581375.194441
1743581375.226692
1743581375.258752
1743581375.290820
1743581375.322598
1743581375.355185
1743581375.386876
1743581375.419164
1743581375.450210
1743581375.466374
1743581375.498407
1743581375.530390
1743581375.562570
1743581375.594868
1743581375.627048
1743581375.659096
1743581375.706548
1743581375.738662
1743581375.770713
1743581375.801321
1743581375.817756
1743581375.834472
1743581375.866475
1743581375.898667
1743581375.930467
1743581375.962957
1743581375.994967
1743581376.027116
1743581376.058849
1743581376.090675
1743581376.122938
1743581376.154729
1743581376.187044
1743581376.218927
1743581376.250486
1743581376.282589
1743581376.314589
1743581376.362271
1743581376.394607
1743581376.426764
1743581376.458940
1743581376.490804
1743581376.522954
1743581376.554743
1743581376.586966
1743581376.618686
1743581376.650705
1743581376.682789
1743581376.713890
1743581376.730173
1743581376.746320
1743581376.778610
1743581376.810876
1743581376.842949
1743581376.874969
1743581376.907014
1743581376.938793
1743581376.971138
1743581377.003164
1743581377.034523
1743581377.065877
1743581377.082231
1743581377.114451
1743581377.146510
1743581377.178398
1743581377.210715
1743581377.242962
1743581377.274973
1743581377.306965
1743581377.338865
1743581377.370791
1743581377.402934
1743581377.434059
1743581377.450207
1743581377.482425
1743581377.514609
1743581377.546346
1743581377.579011
1743581377.610981
1743581377.658752
1743581377.690053
1743581377.722915
1743581377.755024
1743581377.786806
1743581377.818702
1743581377.850643
1743581377.882416
1743581377.898491
1743581377.930461
1743581377.946533
1743581377.978929
1743581378.010710
1743581378.041885
1743581378.075159
1743581378.106756
1743581378.138937
1743581378.170739
1743581378.202785
1743581378.234505
1743581378.266600
1743581378.314415
1743581378.346508
1743581378.378780
1743581378.410671
1743581378.442736
1743581378.474891
1743581378.506980
1743581378.538938
1743581378.570265
1743581378.602852
1743581378.635082
1743581378.666138
1743581378.698227
1743581378.714372
1743581378.746484
1743581378.778668
1743581378.810632
1743581378.842769
1743581378.875024
1743581378.907014
1743581378.954614
1743581378.986626
1743581379.018716
1743581379.050474
1743581379.082128
1743581379.098264
1743581379.130611
1743581379.162577
1743581379.194419
1743581379.227081
1743581379.259248
1743581379.290877
1743581379.322411
1743581379.354153
1743581379.386711
1743581379.419028
1743581379.450477
1743581379.482418
1743581379.514474
1743581379.530669
1743581379.562806
1743581379.610326
1743581379.642062
1743581379.674728
1743581379.706676
1743581379.738703
1743581379.770365
1743581379.802961
1743581379.834479
1743581379.866522
1743581379.882678
1743581379.930239
1743581379.962543
1743581379.994706
1743581380.026565
1743581380.059046
1743581380.091059
1743581380.122963
1743581380.154607
1743581380.187170
1743581380.218942
1743581380.266331
1743581380.298089
1743581380.330489
1743581380.362533
1743581380.394673
1743581380.426558
1743581380.458939
1743581380.490782
1743581380.522959
1743581380.554840
1743581380.586766
1743581380.618861
1743581380.650547
1743581380.682380
1743581380.714520
1743581380.746475
1743581380.778526
1743581380.810739
1743581380.843129
1743581380.874916
1743581380.906982
1743581380.938352
1743581380.970772
1743581381.002946
1743581381.034482
1743581381.066289
1743581381.082459
1743581381.114551
1743581381.146561
1743581381.178620
1743581381.210970
1743581381.242914
1743581381.274684
1743581381.306530
1743581381.338821
1743581381.370826
1743581381.402643
1743581381.434450
1743581381.466578
1743581381.498405
1743581381.530566
1743581381.562962
1743581381.594664
1743581381.626817
1743581381.658722
1743581381.690930
1743581381.722878
1743581381.754759
1743581381.786769
1743581381.818822
1743581381.850478
1743581381.882735
1743581381.914324
1743581381.946462
1743581381.978467
1743581382.010613
1743581382.042671
1743581382.074931
1743581382.106778
1743581382.139016
1743581382.170747
1743581382.218563
1743581382.250452
1743581382.282336
1743581382.314368
1743581382.346541
1743581382.378547
1743581382.410672
1743581382.443059
1743581382.475017
1743581382.507116
1743581382.539113
1743581382.570615
1743581382.602746
1743581382.634564
1743581382.650275
1743581382.666351
1743581382.698004
1743581382.714315
1743581382.746535
1743581382.778746
1743581382.810410
1743581382.858764
1743581382.890824
1743581382.922632
1743581382.954613
1743581382.986909
1743581383.018928
1743581383.050462
1743581383.082702
1743581383.114629
1743581383.146605
1743581383.194517
1743581383.226140
1743581383.258963
1743581383.290749
1743581383.323039
1743581383.354437
1743581383.387084
1743581383.418752
1743581383.450573
1743581383.482272
1743581383.514682
1743581383.546361
1743581383.578442
1743581383.610383
1743581383.642818
1743581383.674774
1743581383.706566
1743581383.738929
1743581383.771156
1743581383.803202
1743581383.834870
1743581383.866416
1743581383.898351
1743581383.930368
1743581383.962509
1743581383.994449
1743581384.026986
1743581384.058792
1743581384.090838
1743581384.123139
1743581384.170531
1743581384.202750
1743581384.234267
1743581384.266374
1743581384.298475
1743581384.330521
1743581384.362638
1743581384.394678
1743581384.426948
1743581384.459133
1743581384.490795
1743581384.522469
1743581384.554873
1743581384.586819
1743581384.618932
1743581384.650280
1743581384.666213
1743581384.682704
1743581384.714319
1743581384.746408
1743581384.778834
1743581384.810726
1743581384.842485
1743581384.874425
1743581384.906829
1743581384.938985
1743581384.970849
1743581385.002661
1743581385.034409
1743581385.050367
1743581385.066366
1743581385.098659
1743581385.146052
1743581385.178616
1743581385.210526
1743581385.242825
1743581385.274895
1743581385.306814
1743581385.338843
1743581385.370448
1743581385.403008
1743581385.434631
1743581385.466998
1743581385.497952
1743581385.514176
1743581385.530234
1743581385.546325
1743581385.578547
1743581385.610585
1743581385.642807
1743581385.674987
1743581385.706682
1743581385.739132
1743581385.786756
1743581385.818458
1743581385.850094
1743581385.866109
1743581385.882346
1743581385.914463
1743581385.946488
1743581385.978755
1743581386.010661
1743581386.043021
1743581386.074818
1743581386.122638
1743581386.154849
1743581386.186798
1743581386.218569
1743581386.250582
1743581386.282542
1743581386.314530
1743581386.346463
1743581386.379033
1743581386.411021
1743581386.442708
1743581386.475172
1743581386.506729
1743581386.538990
1743581386.571009
1743581386.602494
1743581386.634465
1743581386.666697
1743581386.682348
1743581386.714535
1743581386.762347
1743581386.794479
1743581386.826795
1743581386.858356
1743581386.890699
1743581386.922868
1743581386.954888
1743581386.987040
1743581387.018726
1743581387.050721
1743581387.098315
1743581387.130183
1743581387.162428
1743581387.194561
1743581387.226807
1743581387.258748
1743581387.290308
1743581387.322692
1743581387.354803
1743581387.387042
1743581387.418743
1743581387.450329
1743581387.482458
1743581387.514388
1743581387.546383
1743581387.578046
1743581387.610484
1743581387.642900
1743581387.674942
1743581387.706669
1743581387.739095
1743581387.770854
1743581387.802723
1743581387.834392
1743581387.866586
1743581387.898471
1743581387.930313
1743581387.962578
1743581387.994681
1743581388.027023
1743581388.074692
1743581388.106047
1743581388.138774
1743581388.170766
1743581388.202894
1743581388.234492
1743581388.266342
1743581388.282465
1743581388.298523
1743581388.330653
1743581388.362920
1743581388.394791
1743581388.426673
1743581388.458766
1743581388.490864
1743581388.522691
1743581388.554938
1743581388.586519
1743581388.618443
1743581388.650584
1743581388.682467
1743581388.714611
1743581388.746219
1743581388.778644
1743581388.810603
1743581388.842198
1743581388.858093
1743581388.890843
1743581388.922780
1743581388.954640
1743581388.987224
1743581389.018858
1743581389.050709
1743581389.082423
1743581389.114581
1743581389.146604
1743581389.178655
1743581389.210593
1743581389.243002
1743581389.274976
1743581389.306849
1743581389.338396
1743581389.371065
1743581389.402665
1743581389.434382
1743581389.466046
1743581389.482303
1743581389.514687
1743581389.546572
1743581389.578288
1743581389.610810
1743581389.643234
1743581389.690720
1743581389.722574
1743581389.754605
1743581389.786699
1743581389.818771
1743581389.850316
1743581389.882349
1743581389.898450
1743581389.930515
1743581389.962813
1743581389.994685
1743581390.026980
1743581390.058811
1743581390.090525
1743581390.122660
1743581390.154918
1743581390.186821
1743581390.218802
1743581390.250633
1743581390.282559
1743581390.298676
1743581390.346111
1743581390.378834
1743581390.410670
1743581390.442720
1743581390.475242
1743581390.506783
1743581390.538790
1743581390.571029
1743581390.602708
1743581390.634471
1743581390.666920
1743581390.698396
1743581390.714206
1743581390.746448
1743581390.778657
1743581390.810628
1743581390.842805
1743581390.874910
1743581390.907031
1743581390.938820
1743581390.970924
1743581391.003055
1743581391.034476
1743581391.066374
1743581391.098375
1743581391.130394
1743581391.162391
1743581391.194418
1743581391.226952
1743581391.258976
1743581391.290822
1743581391.323118
1743581391.354518
1743581391.386722
1743581391.418526
1743581391.450491
1743581391.482495
1743581391.514469
1743581391.546605
1743581391.578904
1743581391.610755
1743581391.642694
1743581391.674734
1743581391.706690
1743581391.738723
1743581391.770949
1743581391.802828
1743581391.834549
1743581391.866516
1743581391.898637
1743581391.930452
1743581391.946602
1743581391.979086
1743581392.010639
1743581392.042654
1743581392.074657
1743581392.106802
1743581392.138811
1743581392.170915
1743581392.202840
1743581392.234819
1743581392.266526
1743581392.298956
1743581392.330388
1743581392.362405
1743581392.394524
1743581392.426499
1743581392.459096
1743581392.490582
1743581392.522803
1743581392.555009
1743581392.586796
1743581392.619029
1743581392.650498
1743581392.682430
1743581392.714425
1743581392.730150
1743581392.746424
1743581392.778615
1743581392.810603
1743581392.842356
1743581392.874982
1743581392.907011
1743581392.954702
1743581392.986320
1743581393.018548
1743581393.050503
1743581393.082589
1743581393.114401
1743581393.146506
1743581393.178631
1743581393.210982
1743581393.242700
1743581393.274957
1743581393.306606
1743581393.338744
1743581393.370799
1743581393.402900
1743581393.434376
1743581393.466511
1743581393.498046
1743581393.514357
1743581393.546578
1743581393.594473
1743581393.626000
1743581393.658947
1743581393.690604
1743581393.722890
1743581393.754159
1743581393.787001
1743581393.818914
1743581393.850562
1743581393.882384
1743581393.898497
1743581393.930796
1743581393.962512
1743581393.994466
1743581394.026836
1743581394.058789
1743581394.090829
1743581394.122694
1743581394.154911
1743581394.187040
1743581394.218819
1743581394.250738
1743581394.282210
1743581394.314415
1743581394.346367
1743581394.378415
1743581394.410662
1743581394.442780
1743581394.474914
1743581394.506784
1743581394.538940
1743581394.570948
1743581394.602458
1743581394.634364
1743581394.666498
1743581394.698223
1743581394.714564
1743581394.730259
1743581394.762480
1743581394.794651
1743581394.826822
1743581394.858415
1743581394.906694
1743581394.938635
1743581394.970480
1743581395.002422
1743581395.034387
1743581395.066386
1743581395.098365
1743581395.130420
1743581395.162257
1743581395.194819
1743581395.227122
1743581395.258634
1743581395.290657
1743581395.322949
1743581395.354679
1743581395.386693
1743581395.418791
1743581395.450077
1743581395.466327
1743581395.482411
1743581395.514530
1743581395.546309
1743581395.578563
1743581395.610506
1743581395.642748
1743581395.674326
1743581395.706909
1743581395.738733
1743581395.770770
1743581395.802460
1743581395.834505
1743581395.882397
1743581395.914292
1743581395.946313
1743581395.978617
1743581396.010582
1743581396.042974
1743581396.074807
1743581396.106943
1743581396.139212
1743581396.170744
1743581396.202713
1743581396.234392
1743581396.266458
1743581396.298346
1743581396.330453
1743581396.362530
1743581396.394884
1743581396.426732
1743581396.458932
1743581396.490750
1743581396.522812
1743581396.554867
1743581396.586575
1743581396.618746
1743581396.650385
1743581396.682248
1743581396.698452
1743581396.730386
1743581396.746228
1743581396.762288
1743581396.794348
1743581396.826894
1743581396.858932
1743581396.890682
1743581396.922613
1743581396.954885
1743581396.987024
1743581397.018709
1743581397.050297
1743581397.066195
1743581397.082358
1743581397.098413
1743581397.130722
1743581397.178159
1743581397.210501
1743581397.242715
1743581397.274157
1743581397.290257
1743581397.322909
1743581397.354734
1743581397.386387
1743581397.418455
1743581397.450561
1743581397.498389
1743581397.529765
1743581397.546057
1743581397.562280
1743581397.594546
1743581397.626466
1743581397.658816
1743581397.690607
1743581397.722739
1743581397.754874
1743581397.787024
1743581397.834430
1743581397.866159
1743581397.898173
1743581397.914183
1743581397.946451
1743581397.978714
1743581398.010397
1743581398.043166
1743581398.074950
1743581398.106948
1743581398.154925
1743581398.186532
1743581398.218714
1743581398.250474
1743581398.282363
1743581398.298309
1743581398.330519
1743581398.362585
1743581398.394549
1743581398.426707
1743581398.474398
1743581398.507075
1743581398.538756
1743581398.570783
1743581398.603032
1743581398.634628
1743581398.666729
1743581398.698381
1743581398.714485
1743581398.730456
1743581398.746469
1743581398.762698
1743581398.810483
1743581398.842609
1743581398.874190
1743581398.906850
1743581398.938595
1743581398.970919
1743581399.002558
1743581399.034494
1743581399.066578
1743581399.098535
1743581399.130559
1743581399.162779
1743581399.194538
1743581399.226748
1743581399.258663
1743581399.290769
1743581399.322678
1743581399.354952
1743581399.386480
1743581399.418734
1743581399.450923
1743581399.482556
1743581399.514165
1743581399.546327
1743581399.578483
1743581399.610587
1743581399.642915
1743581399.674987
1743581399.706931
1743581399.739011
1743581399.786684
1743581399.818630
1743581399.850362
1743581399.882458
1743581399.914123
1743581399.930206
1743581399.946343
1743581399.978598
1743581400.010837
1743581400.042956
1743581400.074925
1743581400.107155
1743581400.138946
1743581400.170810
1743581400.202933
1743581400.234364
1743581400.266418
1743581400.298533
1743581400.330482
1743581400.362686
1743581400.394659
1743581400.426869
1743581400.458938
1743581400.490559
1743581400.522820
1743581400.554705
1743581400.586891
1743581400.618886
1743581400.650254
1743581400.666285
1743581400.682554
1743581400.714674
1743581400.762195
1743581400.777903
1743581400.794060
1743581400.810104
1743581400.842675
1743581400.874651
1743581400.906788
1743581400.938948
1743581400.970437
1743581401.002795
1743581401.034595
1743581401.082197
1743581401.113932
1743581401.130103
1743581401.146226
1743581401.162414
1743581401.194362
1743581401.226767
1743581401.258833
1743581401.290729
1743581401.322419
1743581401.355112
1743581401.402575
1743581401.434241
1743581401.465967
1743581401.482366
1743581401.514364
1743581401.546317
1743581401.578306
1743581401.610688
1743581401.642678
1743581401.674947
1743581401.706804
1743581401.738871
1743581401.770764
1743581401.802640
1743581401.834333
1743581401.866260
1743581401.882146
1743581401.898229
1743581401.930491
1743581401.962714
1743581401.994725
1743581402.026915
1743581402.058813
1743581402.090497
1743581402.122580
1743581402.154682
1743581402.186473
1743581402.218535
1743581402.250496
1743581402.282554
1743581402.314351
1743581402.330396
1743581402.378413
1743581402.410538
1743581402.442571
1743581402.474986
1743581402.506764
1743581402.538410
1743581402.570817
1743581402.602978
1743581402.634536
1743581402.666736
1743581402.714354
1743581402.746344
1743581402.778607
1743581402.810475
1743581402.842365
1743581402.874155
1743581402.906788
1743581402.938941
1743581402.970943
1743581403.002884
1743581403.035046
1743581403.066291
1743581403.098171
1743581403.130401
1743581403.162171
1743581403.194734
1743581403.226698
1743581403.258690
1743581403.290399
1743581403.323012
1743581403.354419
1743581403.386868
1743581403.418008
1743581403.434190
1743581403.466217
1743581403.498426
1743581403.530079
1743581403.546311
1743581403.562469
1743581403.594887
1743581403.626406
1743581403.658740
1743581403.690880
1743581403.722563
1743581403.754577
1743581403.786944
1743581403.818607
1743581403.850364
1743581403.882401
1743581403.898666
1743581403.930878
1743581403.962492
1743581404.010274
1743581404.042695
1743581404.074657
1743581404.106639
1743581404.138376
1743581404.170761
1743581404.202624
1743581404.234517
1743581404.266405
1743581404.298684
1743581404.330857
1743581404.362324
1743581404.394396
1743581404.426772
1743581404.458762
1743581404.490705
1743581404.522596
1743581404.554735
1743581404.586737
1743581404.619125
1743581404.666256
1743581404.698331
1743581404.730316
1743581404.762546
1743581404.794220
1743581404.809944
1743581404.843044
1743581404.874777
1743581404.906282
1743581404.938682
1743581404.986532
1743581405.018742
1743581405.049753
1743581405.066096
1743581405.082288
1743581405.114278
1743581405.146335
1743581405.178583
1743581405.210548
1743581405.243044
1743581405.274707
1743581405.306878
1743581405.338836
1743581405.370654
1743581405.402225
1743581405.434479
1743581405.466289
1743581405.482299
1743581405.513871
1743581405.530395
1743581405.562509
1743581405.594671
1743581405.642684
1743581405.674525
1743581405.706607
1743581405.738459
1743581405.770310
1743581405.802854
1743581405.834352
1743581405.866521
1743581405.898357
1743581405.914395
1743581405.930490
1743581405.962905
1743581405.994141
1743581406.026874
1743581406.058789
1743581406.090056
1743581406.121624
1743581406.138356
1743581406.170817
1743581406.202305
1743581406.234525
1743581406.282307
1743581406.314577
1743581406.346301
1743581406.378316
1743581406.410632
1743581406.442807
1743581406.474687
1743581406.506764
1743581406.539004
1743581406.570536
1743581406.618343
1743581406.649927
1743581406.666255
1743581406.698281
1743581406.730418
1743581406.762199
1743581406.794528
1743581406.809951
1743581406.826210
1743581406.858713
1743581406.890938
1743581406.938599
1743581406.970573
1743581407.002222
1743581407.034538
1743581407.066453
1743581407.098290
1743581407.130452
1743581407.162698
1743581407.194700
1743581407.226933
1743581407.258100
1743581407.290862
1743581407.322870
1743581407.354754
1743581407.385975
1743581407.418467
1743581407.450612
1743581407.482489
1743581407.514037
1743581407.530451
1743581407.562704
1743581407.594729
1743581407.625997
1743581407.658574
1743581407.690654
1743581407.722796
1743581407.754556
1743581407.786917
1743581407.818972
1743581407.850705
1743581407.882492
1743581407.914889
1743581407.946376
1743581407.978567
1743581408.010304
1743581408.042672
1743581408.074853
1743581408.106719
1743581408.138695
1743581408.171073
1743581408.202913
1743581408.234830
1743581408.266437
1743581408.298253
1743581408.330273
1743581408.362648
1743581408.394425
1743581408.426801
1743581408.458722
1743581408.490739
1743581408.523089
1743581408.570628
1743581408.602534
1743581408.634322
1743581408.666446
1743581408.698322
1743581408.714439
1743581408.746342
1743581408.778262
1743581408.810989
1743581408.842942
1743581408.890615
1743581408.922222
1743581408.954907
1743581408.986571
1743581409.018763
1743581409.050195
1743581409.066249
1743581409.098355
1743581409.130675
1743581409.162466
1743581409.210290
1743581409.242845
1743581409.274460
1743581409.306356
1743581409.338901
1743581409.370921
1743581409.402704
1743581409.434321
1743581409.466587
1743581409.498646
1743581409.546056
1743581409.577824
1743581409.610533
1743581409.642810
1743581409.674923
1743581409.706076
1743581409.738657
1743581409.770974
1743581409.802881
1743581409.834065
1743581409.866389
1743581409.898351
1743581409.930378
1743581409.962527
1743581409.994460
1743581410.026722
1743581410.058691
1743581410.090640
1743581410.122941
1743581410.154997
1743581410.187089
1743581410.218539
1743581410.250431
1743581410.282279
1743581410.298556
1743581410.330446
1743581410.362499
1743581410.394619
1743581410.426881
1743581410.458734
1743581410.490794
1743581410.522843
1743581410.554642
1743581410.586996
1743581410.618787
1743581410.650265
1743581410.666495
1743581410.698387
1743581410.729947
1743581410.746343
1743581410.762456
1743581410.794718
1743581410.842575
1743581410.874844
1743581410.906592
1743581410.938853
1743581410.970761
1743581411.001951
1743581411.018324
1743581411.050576
1743581411.082401
1743581411.114411
1743581411.162466
1743581411.194654
1743581411.226780
1743581411.258253
1743581411.290588
1743581411.322975
1743581411.354866
1743581411.386156
1743581411.402395
1743581411.434660
1743581411.466711
1743581411.498247
1743581411.530492
1743581411.562541
1743581411.594605
1743581411.626097
1743581411.658884
1743581411.690722
1743581411.723004
1743581411.754389
1743581411.786871
1743581411.818883
1743581411.850388
1743581411.882226
1743581411.898183
1743581411.930337
1743581411.962553
1743581411.994499
1743581412.026798
1743581412.058653
1743581412.091066
1743581412.138580
1743581412.170666
1743581412.202409
1743581412.234454
1743581412.266193
1743581412.282533
1743581412.314340
1743581412.346522
1743581412.378579
1743581412.410834
1743581412.442971
1743581412.474875
1743581412.506733
1743581412.538703
1743581412.570702
1743581412.602592
1743581412.634281
1743581412.666236
1743581412.682441
1743581412.698500
1743581412.730511
1743581412.762645
1743581412.794887
1743581412.826650
1743581412.858508
1743581412.890826
1743581412.922957
1743581412.954809
1743581412.986714
1743581413.018774
1743581413.050561
1743581413.082442
1743581413.114585
1743581413.146374
1743581413.178376
1743581413.210582
1743581413.242389
1743581413.274960
1743581413.306764
1743581413.338756
1743581413.370645
1743581413.402878
1743581413.450177
1743581413.482301
1743581413.513830
1743581413.530286
1743581413.562638
1743581413.594516
1743581413.626267
1743581413.658622
1743581413.690671
1743581413.722865
1743581413.770787
1743581413.802735
1743581413.834344
1743581413.866209
1743581413.898063
1743581413.914080
1743581413.946507
1743581413.978745
1743581414.010345
1743581414.043170
1743581414.090496
1743581414.122693
1743581414.154212
1743581414.186891
1743581414.218472
1743581414.250095
1743581414.282265
1743581414.298160
1743581414.330523
1743581414.362645
1743581414.394510
1743581414.426839
1743581414.458636
1743581414.490565
1743581414.522916
1743581414.554675
1743581414.586683
1743581414.618692
1743581414.650525
1743581414.682520
1743581414.698536
1743581414.746410
1743581414.777954
1743581414.810356
1743581414.842514
1743581414.874737
1743581414.906284
1743581414.938696
1743581414.971101
1743581415.002906
1743581415.034506
1743581415.066787
1743581415.098216
1743581415.130101
1743581415.162212
1743581415.194744
1743581415.226594
1743581415.258691
1743581415.290565
1743581415.322926
1743581415.354881
1743581415.402611
1743581415.434265
1743581415.465996
1743581415.482116
1743581415.498159
1743581415.529914
1743581415.546147
1743581415.578474
1743581415.610622
1743581415.642479
1743581415.674877
1743581415.722668
1743581415.754513
1743581415.786141
1743581415.802129
1743581415.834510
1743581415.866401
1743581415.898306
1743581415.914322
1743581415.946512
1743581415.978726
1743581416.010508
1743581416.043158
1743581416.074615
1743581416.106854
1743581416.138623
1743581416.170636
1743581416.202597
1743581416.234331
1743581416.266243
1743581416.282359
1743581416.314425
1743581416.330418
1743581416.378120
1743581416.410387
1743581416.442632
1743581416.474600
1743581416.506959
1743581416.539011
1743581416.570831
1743581416.602723
1743581416.634643
1743581416.666568
1743581416.698795
1743581416.730177
1743581416.762492
1743581416.794625
1743581416.826708
1743581416.858725
1743581416.890356
1743581416.905898
1743581416.922227
1743581416.938217
1743581416.970479
1743581417.018767
1743581417.050262
1743581417.082283
1743581417.114213
1743581417.146343
1743581417.178531
1743581417.210625
1743581417.242453
1743581417.274818
1743581417.306832
1743581417.354640
1743581417.386298
1743581417.418074
1743581417.434355
1743581417.466331
1743581417.498096
1743581417.514246
1743581417.530390
1743581417.546344
1743581417.578515
1743581417.610903
1743581417.643065
1743581417.675076
1743581417.706293
1743581417.738750
1743581417.770708
1743581417.802821
1743581417.834436
1743581417.866312
1743581417.898324
1743581417.930593
1743581417.962543
1743581417.994928
1743581418.026605
1743581418.058537
1743581418.090497
1743581418.122602
1743581418.154704
1743581418.186791
1743581418.218426
1743581418.250786
1743581418.282666
1743581418.329994
1743581418.362438
1743581418.394575
1743581418.426757
1743581418.458668
1743581418.490634
1743581418.522261
1743581418.554747
1743581418.586924
1743581418.618879
1743581418.650770
1743581418.682388
1743581418.698376
1743581418.730277
1743581418.762450
1743581418.794473
1743581418.826714
1743581418.858969
1743581418.890731
1743581418.922459
1743581418.970550
1743581419.002743
1743581419.034476
1743581419.065816
1743581419.082130
1743581419.098313
1743581419.130515
1743581419.162300
1743581419.194542
1743581419.226681
1743581419.258826
1743581419.306558
1743581419.338662
1743581419.370606
1743581419.402817
1743581419.434775
1743581419.466331
1743581419.498426
1743581419.530526
1743581419.562495
1743581419.594616
1743581419.626804
1743581419.658682
1743581419.690236
1743581419.722660
1743581419.754823
1743581419.786832
1743581419.818124
1743581419.834225
1743581419.866450
1743581419.898667
1743581419.946120
1743581419.978424
1743581420.010473
1743581420.042964
1743581420.074450
1743581420.106592
1743581420.138713
1743581420.170874
1743581420.202615
1743581420.234478
1743581420.282236
1743581420.314064
1743581420.346180
1743581420.378515
1743581420.410462
1743581420.442986
1743581420.474458
1743581420.506851
1743581420.538864
1743581420.570963
1743581420.602662
1743581420.634435
1743581420.666191
1743581420.698103
1743581420.730179
1743581420.762510
1743581420.794601
1743581420.826629
1743581420.858686
1743581420.890847
1743581420.922980
1743581420.954708
1743581420.985936
1743581421.002310
1743581421.034453
1743581421.066474
1743581421.097789
1743581421.114224
1743581421.146291
1743581421.178887
1743581421.210668
1743581421.258734
1743581421.290552
1743581421.322736
1743581421.354429
1743581421.386846
1743581421.418973
1743581421.450398
1743581421.482120
1743581421.498428
1743581421.530648
1743581421.578165
1743581421.609866
1743581421.625770
1743581421.642112
1743581421.658147
1743581421.690509
1743581421.722652
1743581421.754678
1743581421.786806
1743581421.818438
1743581421.850408
1743581421.898132
1743581421.930336
1743581421.962405
1743581421.994522
1743581422.026703
1743581422.058745
1743581422.090763
1743581422.122835
1743581422.154692
1743581422.186763
1743581422.234649
1743581422.266351
1743581422.298282
1743581422.330286
1743581422.362436
1743581422.394367
1743581422.426888
1743581422.458732
1743581422.490707
1743581422.522970
1743581422.554933
1743581422.586783
1743581422.618944
1743581422.650366
1743581422.682329
1743581422.714320
1743581422.746586
1743581422.778602
1743581422.810509
1743581422.843010
1743581422.874592
1743581422.906639
1743581422.938803
1743581422.970761
1743581423.002667
1743581423.034392
1743581423.066390
1743581423.098400
1743581423.130232
1743581423.146329
1743581423.162523
1743581423.210284
1743581423.242296
1743581423.274672
1743581423.306630
1743581423.338557
1743581423.370806
1743581423.402665
1743581423.434424
1743581423.466380
1743581423.498280
1743581423.530752
1743581423.562415
1743581423.594426
1743581423.626396
1743581423.658705
1743581423.690556
1743581423.722658
1743581423.754338
1743581423.786905
1743581423.818738
1743581423.850980
1743581423.881892
1743581423.898135
1743581423.930251
1743581423.962358
1743581423.994514
1743581424.026594
1743581424.058560
1743581424.090767
1743581424.123346
1743581424.154894
1743581424.186744
1743581424.218716
1743581424.250298
1743581424.282255
1743581424.314288
1743581424.346262
1743581424.378349
1743581424.410644
1743581424.442847
1743581424.474858
1743581424.506655
1743581424.538763
1743581424.570601
1743581424.602580
1743581424.634386
1743581424.666490
1743581424.698355
1743581424.730395
1743581424.762809
1743581424.794759
1743581424.826879
1743581424.858596
1743581424.890098
1743581424.922689
1743581424.954487
1743581424.986585
1743581425.018201
1743581425.050306
1743581425.082408
1743581425.114467
1743581425.162364
1743581425.194689
1743581425.226539
1743581425.258616
1743581425.290673
1743581425.322828
1743581425.354490
1743581425.386901
1743581425.418589
1743581425.450801
1743581425.482751
1743581425.514389
1743581425.546299
1743581425.578455
1743581425.610640
1743581425.642872
1743581425.674307
1743581425.706833
1743581425.739074
1743581425.770866
1743581425.802260
1743581425.834414
1743581425.866358
1743581425.898441
1743581425.930257
1743581425.962504
1743581425.994660
1743581426.026748
1743581426.058327
1743581426.091017
1743581426.138723
1743581426.170784
1743581426.202494
1743581426.234391
1743581426.266444
1743581426.298343
1743581426.330378
1743581426.362633
1743581426.394722
1743581426.426862
1743581426.458500
1743581426.490019
1743581426.522584
1743581426.554549
1743581426.586614
1743581426.618920
1743581426.650428
1743581426.666539
1743581426.698472
1743581426.730555
1743581426.778221
1743581426.810465
1743581426.842654
1743581426.874732
1743581426.906385
1743581426.938763
1743581426.970634
1743581427.002875
1743581427.034402
1743581427.066477
1743581427.114174
1743581427.146195
1743581427.177799
1743581427.210765
1743581427.242583
1743581427.274798
1743581427.306211
1743581427.338839
1743581427.370897
1743581427.402733
1743581427.434580
1743581427.466016
1743581427.482030
1743581427.498281
1743581427.530505
1743581427.562867
1743581427.594631
1743581427.626610
1743581427.658555
1743581427.690685
1743581427.722936
1743581427.754959
1743581427.785970
1743581427.802122
1743581427.834185
1743581427.850122
1743581427.882031
1743581427.898098
1743581427.930443
1743581427.962427
1743581427.994435
1743581428.026768
1743581428.058852
1743581428.090839
1743581428.122327
1743581428.154423
1743581428.186720
1743581428.218676
1743581428.250231
1743581428.282457
1743581428.314430
1743581428.346477
1743581428.378512
1743581428.410759
1743581428.442765
1743581428.474681
1743581428.506535
1743581428.538685
1743581428.570766
1743581428.602856
1743581428.634844
1743581428.666478
1743581428.682638
1743581428.729983
1743581428.762654
1743581428.794501
1743581428.826551
1743581428.858663
1743581428.890361
1743581428.922884
1743581428.954676
1743581428.986967
1743581429.018476
1743581429.066284
1743581429.098331
1743581429.130197
1743581429.162161
1743581429.194758
1743581429.226640
1743581429.258649
1743581429.290771
1743581429.322949
1743581429.354893
1743581429.386762
1743581429.418335
1743581429.450312
1743581429.482249
1743581429.514152
1743581429.546541
1743581429.578482
1743581429.610570
1743581429.642910
1743581429.674353
1743581429.706920
1743581429.738719
1743581429.770645
1743581429.802479
1743581429.834487
1743581429.866329
1743581429.898257
1743581429.930069
1743581429.946200
1743581429.962461
1743581429.994663
1743581430.042540
1743581430.074796
1743581430.106589
1743581430.138745
1743581430.170903
1743581430.202780
1743581430.234323
1743581430.266318
1743581430.298230
1743581430.330422
1743581430.362527
1743581430.394513
1743581430.426323
1743581430.458591
1743581430.490508
1743581430.522683
1743581430.554510
1743581430.586863
1743581430.618719
1743581430.650478
1743581430.682905
1743581430.714236
1743581430.746211
1743581430.778383
1743581430.810374
1743581430.842742
1743581430.874779
1743581430.906857
1743581430.938254
1743581430.970849
1743581431.018412
1743581431.050354
1743581431.081942
1743581431.098282
1743581431.130401
1743581431.162303
1743581431.194221
1743581431.226797
1743581431.258598
1743581431.290809
1743581431.338396
1743581431.370590
1743581431.402745
1743581431.434323
1743581431.466168
1743581431.482329
1743581431.514429
1743581431.546442
1743581431.578613
1743581431.610985
1743581431.658600
1743581431.690423
1743581431.722003
1743581431.754636
1743581431.786740
1743581431.818728
1743581431.850019
1743581431.866173
1743581431.898373
1743581431.930474
1743581431.962562
1743581431.994728
1743581432.026637
1743581432.058602
1743581432.090670
1743581432.122741
1743581432.154554
1743581432.186673
1743581432.218540
1743581432.250440
1743581432.282571
1743581432.314667
1743581432.346179
1743581432.378365
1743581432.410411
1743581432.442722
1743581432.474439
1743581432.506804
1743581432.538882
1743581432.570761
1743581432.602873
1743581432.635053
1743581432.666198
1743581432.698125
1743581432.730189
1743581432.746114
1743581432.762202
1743581432.778168
1743581432.810581
1743581432.842758
1743581432.874640
1743581432.906752
1743581432.938568
1743581432.970882
1743581433.002833
1743581433.034732
1743581433.065950
1743581433.082170
1743581433.098407
1743581433.130537
1743581433.162493
1743581433.194585
1743581433.226721
1743581433.258881
1743581433.290911
1743581433.322504
1743581433.354866
1743581433.386676
1743581433.418414
1743581433.450429
1743581433.482148
1743581433.498436
1743581433.530434
1743581433.562472
1743581433.610405
1743581433.642471
1743581433.674491
1743581433.706712
1743581433.738814
1743581433.770615
1743581433.802796
1743581433.834564
1743581433.866342
1743581433.882324
1743581433.898574
1743581433.946210
1743581433.978266
1743581434.010372
1743581434.042662
1743581434.074723
1743581434.106837
1743581434.138787
1743581434.170714
1743581434.202806
1743581434.234514
1743581434.266668
1743581434.298138
1743581434.329829
1743581434.346153
1743581434.378656
1743581434.410486
1743581434.442663
1743581434.474829
1743581434.506742
1743581434.538915
1743581434.586630
1743581434.618000
1743581434.650064
1743581434.666034
1743581434.682273
1743581434.714261
1743581434.730196
1743581434.762616
1743581434.794640
1743581434.826438
1743581434.858865
1743581434.890621
1743581434.923011
1743581434.953905
1743581434.986568
1743581435.002065
1743581435.034283
1743581435.066199
1743581435.098396
1743581435.130266
1743581435.146263
1743581435.162332
1743581435.194715
1743581435.242394
1743581435.274462
1743581435.305955
1743581435.338678
1743581435.370804
1743581435.402958
1743581435.434254
1743581435.466383
1743581435.498210
1743581435.530534
1743581435.562613
1743581435.594458
1743581435.626636
1743581435.658580
1743581435.690139
1743581435.722675
1743581435.754590
1743581435.786805
1743581435.818632
1743581435.850453
1743581435.898195
1743581435.930233
1743581435.962382
1743581435.994495
1743581436.026622
1743581436.058833
1743581436.090862
1743581436.122976
1743581436.154715
1743581436.187037
1743581436.218466
1743581436.250005
1743581436.266054
1743581436.282073
1743581436.314209
1743581436.330262
1743581436.362475
1743581436.394564
1743581436.426718
1743581436.458921
1743581436.490943
1743581436.538713
1743581436.570427
1743581436.602836
1743581436.634315
1743581436.666275
1743581436.698239
1743581436.730319
1743581436.762544
1743581436.794556
1743581436.826829
1743581436.874464
1743581436.906660
1743581436.938733
1743581436.970070
1743581437.002585
1743581437.018216
1743581437.050405
1743581437.081954
1743581437.098234
1743581437.130441
1743581437.162446
1743581437.194229
1743581437.226669
1743581437.258481
1743581437.290668
1743581437.322292
1743581437.354640
1743581437.386709
1743581437.419277
1743581437.450198
1743581437.466312
1743581437.514077
1743581437.546172
1743581437.578234
1743581437.610842
1743581437.642905
1743581437.674619
1743581437.706469
1743581437.738718
1743581437.770827
1743581437.803021
1743581437.850552
1743581437.882003
1743581437.914283
1743581437.946354
1743581437.978352
1743581438.011045
1743581438.042450
1743581438.074844
1743581438.106281
1743581438.138884
1743581438.170833
1743581438.202561
1743581438.234121
1743581438.266261
1743581438.282374
1743581438.298338
1743581438.330336
1743581438.362434
1743581438.394504
1743581438.426629
1743581438.458658
1743581438.490804
1743581438.522361
1743581438.554519
1743581438.586316
1743581438.618741
1743581438.650278
1743581438.682344
1743581438.714138
1743581438.730225
1743581438.746351
1743581438.762414
1743581438.794886
1743581438.826947
1743581438.858390
1743581438.890512
1743581438.922334
1743581438.954588
1743581438.986642
1743581439.018497
1743581439.034091
1743581439.066323
1743581439.098305
1743581439.146097
1743581439.177879
1743581439.210603
1743581439.242481
1743581439.274898
1743581439.306414
1743581439.338779
1743581439.370864
1743581439.402652
1743581439.434356
1743581439.466856
1743581439.498221
1743581439.530310
1743581439.562246
1743581439.594416
1743581439.626648
1743581439.658530
1743581439.690477
1743581439.723066
1743581439.754861
1743581439.802379
1743581439.833654
1743581439.849977
1743581439.882263
1743581439.914378
1743581439.946087
1743581439.978605
1743581440.010746
1743581440.042921
1743581440.074488
1743581440.122407
1743581440.154617
1743581440.186617
1743581440.218502
1743581440.250138
1743581440.266132
1743581440.282192
1743581440.314206
1743581440.330175
1743581440.346425
1743581440.362373
1743581440.394777
1743581440.442586
1743581440.474403
1743581440.506336
1743581440.538503
1743581440.570542
1743581440.602953
1743581440.634684
1743581440.666164
1743581440.682310
1743581440.714466
1743581440.746512
1743581440.778685
1743581440.810516
1743581440.842866
1743581440.874720
1743581440.906534
1743581440.938637
1743581440.970755
1743581441.002861
1743581441.034418
1743581441.050241
1743581441.098058
1743581441.130052
1743581441.162261
1743581441.194527
1743581441.226639
1743581441.258500
1743581441.290515
1743581441.322691
1743581441.354961
1743581441.386879
1743581441.419095
1743581441.450112
1743581441.482035
1743581441.498224
1743581441.530399
1743581441.562794
1743581441.594343
1743581441.626863
1743581441.659104
1743581441.690827
1743581441.722932
1743581441.754846
1743581441.786332
1743581441.818275
1743581441.850156
1743581441.882285
1743581441.913911
1743581441.930115
1743581441.962340
1743581441.994601
1743581442.026651
1743581442.074563
1743581442.106591
1743581442.138367
1743581442.170782
1743581442.202678
1743581442.234319
1743581442.266111
1743581442.298446
1743581442.330344
1743581442.362454
1743581442.394794
1743581442.426710
1743581442.458428
1743581442.490404
1743581442.522828
1743581442.554519
1743581442.586681
1743581442.618440
1743581442.650315
1743581442.682363
1743581442.698426
1743581442.730500
1743581442.762256
1743581442.794345
1743581442.826690
1743581442.858545
1743581442.890730
1743581442.922679
1743581442.954472
1743581442.986659
1743581443.019103
1743581443.050808
1743581443.082277
1743581443.114231
1743581443.146228
1743581443.178705
1743581443.210572
1743581443.242682
1743581443.274808
1743581443.306918
1743581443.338680
1743581443.370587
1743581443.402633
1743581443.434204
1743581443.466197
1743581443.498112
1743581443.514070
1743581443.530511
1743581443.562490
1743581443.594514
1743581443.626819
1743581443.658853
1743581443.706452
1743581443.738155
1743581443.770680
1743581443.802768
1743581443.834114
1743581443.866465
1743581443.898549
1743581443.930477
1743581443.962718
1743581443.994556
1743581444.026875
1743581444.058554
1743581444.090448
1743581444.122551
1743581444.154486
1743581444.186787
1743581444.218688
1743581444.250072
1743581444.266127
1743581444.282360
1743581444.298390
1743581444.346278
1743581444.378334
1743581444.410487
1743581444.442567
1743581444.474568
1743581444.506766
1743581444.538760
1743581444.570818
1743581444.602831
1743581444.634488
1743581444.682135
1743581444.714282
1743581444.746142
1743581444.778434
1743581444.810854
1743581444.842852
1743581444.874541
1743581444.906639
1743581444.938969
1743581444.970858
1743581445.002642
1743581445.034263
1743581445.066212
1743581445.081951
1743581445.114148
1743581445.146369
1743581445.178660
1743581445.210784
1743581445.242327
1743581445.274829
1743581445.322457
1743581445.354414
1743581445.386162
1743581445.418369
1743581445.450097
1743581445.466060
1743581445.498125
1743581445.530260
1743581445.562473
1743581445.594569
1743581445.626609
1743581445.658863
1743581445.690480
1743581445.722607
1743581445.754319
1743581445.786698
1743581445.818856
1743581445.850426
1743581445.881897
1743581445.898373
1743581445.930461
1743581445.978159
1743581446.009926
1743581446.025888
1743581446.042046
1743581446.074584
1743581446.106504
1743581446.138554
1743581446.170773
1743581446.202868
1743581446.234746
1743581446.266343
1743581446.298793
1743581446.330095
1743581446.362420
1743581446.394623
1743581446.426874
1743581446.458464
1743581446.490605
1743581446.522298
1743581446.554649
1743581446.586858
1743581446.634882
1743581446.665972
1743581446.698284
1743581446.730308
1743581446.762430
1743581446.794500
1743581446.826823
1743581446.858530
1743581446.890546
1743581446.922921
1743581446.954879
1743581446.986426
1743581447.018268
1743581447.050169
1743581447.082337
1743581447.098048
1743581447.129703
1743581447.145996
1743581447.162395
1743581447.194624
1743581447.226748
1743581447.274277
1743581447.306466
1743581447.338875
1743581447.370440
1743581447.402709
1743581447.434265
1743581447.466350
1743581447.498214
1743581447.530443
1743581447.562557
1743581447.610580
1743581447.641825
1743581447.674621
1743581447.706714
1743581447.738669
1743581447.770198
1743581447.802902
1743581447.834543
1743581447.866357
1743581447.898329
1743581447.930886
1743581447.962339
1743581447.994481
1743581448.026175
1743581448.058557
1743581448.090548
1743581448.122682
1743581448.154459
1743581448.187092
1743581448.219024
1743581448.250725
1743581448.282262
1743581448.314214
1743581448.330190
1743581448.346211
1743581448.378346
1743581448.410680
1743581448.442872
1743581448.474713
1743581448.506832
1743581448.538880
1743581448.586455
1743581448.618813
1743581448.649843
1743581448.666207
1743581448.698274
1743581448.730278
1743581448.746476
1743581448.778540
1743581448.809237
1743581448.825511
1743581448.842324
1743581448.874988
1743581448.907181
1743581448.938604
1743581448.970465
1743581449.002671
1743581449.034132
1743581449.066255
1743581449.098373
1743581449.114031
1743581449.130290
1743581449.146215
1743581449.162260
1743581449.194750
1743581449.226336
1743581449.258502
1743581449.289870
1743581449.305937
1743581449.338545
1743581449.370500
1743581449.402850
1743581449.434200
1743581449.450158
1743581449.482390
1743581449.514446
1743581449.530535
1743581449.562632
1743581449.594364
1743581449.626486
1743581449.658639
1743581449.690492
1743581449.721921
1743581449.754773
1743581449.786757
1743581449.819089
1743581449.849869
1743581449.882754
1743581449.914199
1743581449.946147
1743581449.977751
1743581450.010642
1743581450.042736
1743581450.074839
1743581450.106049
1743581450.138852
1743581450.170974
1743581450.202828
1743581450.234036
1743581450.266269
1743581450.298230
1743581450.330330
1743581450.361970
1743581450.394592
1743581450.426716
1743581450.458799
1743581450.490582
1743581450.538495
1743581450.570488
1743581450.602567
1743581450.634180
1743581450.666298
1743581450.698260
1743581450.730214
1743581450.762354
1743581450.794657
1743581450.826751
1743581450.858739
1743581450.890370
1743581450.922803
1743581450.954500
1743581450.986537
1743581451.018400
1743581451.050572
1743581451.082409
1743581451.114474
1743581451.130256
1743581451.146428
1743581451.178910
1743581451.210329
1743581451.242282
1743581451.274680
1743581451.306742
1743581451.338807
1743581451.370193
1743581451.402700
1743581451.434420
1743581451.466496
1743581451.514007
1743581451.546316
1743581451.578229
1743581451.610249
1743581451.642163
1743581451.674756
1743581451.706862
1743581451.738641
1743581451.770199
1743581451.803014
1743581451.834782
1743581451.866158
1743581451.897628
1743581451.913955
1743581451.946372
1743581451.978218
1743581452.010456
1743581452.042695
1743581452.074689
1743581452.106789
1743581452.154484
1743581452.186703
1743581452.218727
1743581452.249980
1743581452.282062
1743581452.314278
1743581452.346208
1743581452.378562
1743581452.410556
1743581452.442873
1743581452.490365
1743581452.522682
1743581452.554501
1743581452.586622
1743581452.618626
1743581452.650415
1743581452.682569
1743581452.714334
1743581452.746489
1743581452.778670
1743581452.810495
1743581452.842582
1743581452.874659
1743581452.906652
1743581452.938662
1743581452.970806
1743581453.002742
1743581453.034266
1743581453.066474
1743581453.098361
1743581453.130767
1743581453.162265
1743581453.194183
1743581453.226867
1743581453.258534
1743581453.290696
1743581453.322353
1743581453.354675
1743581453.386814
1743581453.418822
1743581453.465981
1743581453.498084
1743581453.530324
1743581453.562506
1743581453.594260
1743581453.626532
1743581453.658601
1743581453.690666
1743581453.722303
1743581453.754625
1743581453.786862
1743581453.818796
1743581453.849598
1743581453.865882
1743581453.882065
1743581453.898257
1743581453.930339
1743581453.962460
1743581453.994547
1743581454.026809
1743581454.058434
1743581454.106567
1743581454.138645
1743581454.170564
1743581454.202399
1743581454.234233
1743581454.266266
1743581454.298493
1743581454.330391
1743581454.362505
1743581454.394579
1743581454.442213
1743581454.474279
1743581454.506695
1743581454.538602
1743581454.570649
1743581454.602405
1743581454.634359
1743581454.666312
1743581454.682399
1743581454.714630
1743581454.762047
1743581454.794321
1743581454.826479
1743581454.858239
1743581454.890442
1743581454.922543
1743581454.954635
1743581454.986792
1743581455.018897
1743581455.050609
1743581455.082660
1743581455.113670
1743581455.129928
1743581455.146075
1743581455.162147
1743581455.194158
1743581455.226486
1743581455.258738
1743581455.290687
1743581455.322615
1743581455.354674
1743581455.386804
1743581455.418946
1743581455.450185
1743581455.482307
1743581455.514284
1743581455.546272
1743581455.578278
1743581455.610648
1743581455.642827
1743581455.674891
1743581455.706641
1743581455.738749
1743581455.770517
1743581455.802503
1743581455.833897
1743581455.850041
1743581455.882245
1743581455.914368
1743581455.945803
1743581455.962068
1743581455.994526
1743581456.026909
1743581456.058373
1743581456.090641
1743581456.122852
1743581456.154540
1743581456.186280
1743581456.218685
1743581456.250790
1743581456.282487
1743581456.314460
1743581456.346609
1743581456.394097
1743581456.426481
1743581456.458187
1743581456.490473
1743581456.522558
1743581456.554536
1743581456.586506
1743581456.619214
1743581456.650499
1743581456.682282
1743581456.714745
1743581456.746235
1743581456.778355
1743581456.810716
1743581456.842384
1743581456.874655
1743581456.906556
1743581456.938860
1743581456.970634
1743581457.002864
1743581457.034974
1743581457.066330
1743581457.097941
1743581457.114266
1743581457.146560
1743581457.178549
1743581457.210542
1743581457.242738
1743581457.274648
1743581457.306599
1743581457.338876
1743581457.370847
1743581457.401884
1743581457.418044
1743581457.450352
1743581457.482071
1743581457.514096
1743581457.530227
1743581457.546215
1743581457.562300
1743581457.594415
1743581457.626729
1743581457.658601
1743581457.706436
1743581457.737897
1743581457.770811
1743581457.802646
1743581457.834401
1743581457.865784
1743581457.882051
1743581457.898189
1743581457.930376
1743581457.962473
1743581458.010505
1743581458.042629
1743581458.074509
1743581458.106104
1743581458.138500
1743581458.170546
1743581458.202594
1743581458.234614
1743581458.266548
1743581458.298464
1743581458.346137
1743581458.377867
1743581458.410718
1743581458.442587
1743581458.474596
1743581458.506377
1743581458.538512
1743581458.570927
1743581458.602923
1743581458.634615
1743581458.666787
1743581458.698238
1743581458.730149
1743581458.762286
1743581458.794390
1743581458.826617
1743581458.858519
1743581458.890581
1743581458.922946
1743581458.954793
1743581458.986793
1743581459.018577
1743581459.050214
1743581459.082258
1743581459.114358
1743581459.146097
1743581459.178740
1743581459.210676
1743581459.242739
1743581459.274745
1743581459.322582
1743581459.354563
1743581459.386686
1743581459.418361
1743581459.450283
1743581459.482193
1743581459.514310
1743581459.546250
1743581459.578805
1743581459.610640
1743581459.642697
1743581459.674307
1743581459.706454
1743581459.738548
1743581459.770609
1743581459.802101
1743581459.818120
1743581459.850194
1743581459.882310
1743581459.914267
1743581459.930350
1743581459.978177
1743581460.010605
1743581460.041999
1743581460.074742
1743581460.106713
1743581460.138813
1743581460.170305
1743581460.202952
1743581460.234607
1743581460.266305
1743581460.298557
1743581460.330062
1743581460.362148
1743581460.394437
1743581460.426390
1743581460.458417
1743581460.490782
1743581460.522797
1743581460.554557
1743581460.586609
1743581460.634830
1743581460.665889
1743581460.698204
1743581460.730419
1743581460.762295
1743581460.794485
1743581460.826143
1743581460.858796
1743581460.890542
1743581460.922654
1743581460.954789
1743581460.986359
1743581461.018418
1743581461.050190
1743581461.082280
1743581461.114201
1743581461.146221
1743581461.178441
1743581461.210614
1743581461.242775
1743581461.274818
1743581461.306465
1743581461.338071
1743581461.370551
1743581461.402540
1743581461.434276
1743581461.465690
1743581461.481994
1743581461.498335
1743581461.530653
1743581461.562464
1743581461.610375
1743581461.642584
1743581461.674555
1743581461.706411
1743581461.738651
1743581461.770515
1743581461.802542
1743581461.834407
1743581461.866359
1743581461.914177
1743581461.946086
1743581461.978230
1743581462.010466
1743581462.042930
1743581462.074615
1743581462.106318
1743581462.138725
1743581462.170620
1743581462.202837
1743581462.250657
1743581462.282274
1743581462.314209
1743581462.346181
1743581462.378231
1743581462.410735
1743581462.442615
1743581462.474777
1743581462.506358
1743581462.538722
1743581462.571121
1743581462.602316
1743581462.633817
1743581462.650094
1743581462.666236
1743581462.682285
1743581462.714331
1743581462.746462
1743581462.778617
1743581462.810596
1743581462.842485
1743581462.874674
1743581462.906648
1743581462.938491
1743581462.970257
1743581463.002438
1743581463.034197
1743581463.066111
1743581463.098155
1743581463.130592
1743581463.162546
1743581463.194621
1743581463.226579
1743581463.258440
1743581463.290484
1743581463.322605
1743581463.354197
1743581463.386758
1743581463.418759
1743581463.450353
1743581463.482327
1743581463.514334
1743581463.530281
1743581463.562661
1743581463.594431
1743581463.626412
1743581463.658787
1743581463.690519
1743581463.722403
1743581463.754469
1743581463.786708
1743581463.818991
1743581463.850413
1743581463.882410
1743581463.914222
1743581463.930457
1743581463.962341
1743581463.994310
1743581464.026761
1743581464.058406
1743581464.090496
1743581464.122876
1743581464.154782
1743581464.202245
1743581464.234015
1743581464.266126
1743581464.298188
1743581464.330377
1743581464.362546
1743581464.394507
1743581464.426797
1743581464.458820
1743581464.490724
1743581464.538458
1743581464.570211
1743581464.602415
1743581464.634259
1743581464.666189
1743581464.682487
1743581464.714122
1743581464.746235
1743581464.778771
1743581464.810841
1743581464.842603
1743581464.874539
1743581464.906875
1743581464.938649
1743581464.970839
1743581465.002677
1743581465.034173
1743581465.066347
1743581465.098363
1743581465.130415
1743581465.178076
1743581465.210696
1743581465.242483
1743581465.274619
1743581465.306446
1743581465.338103
1743581465.370666
1743581465.402719
1743581465.434318
1743581465.465935
1743581465.482272
1743581465.514758
1743581465.546159
1743581465.578101
1743581465.610503
1743581465.642594
1743581465.674606
1743581465.706219
1743581465.738667
1743581465.770423
1743581465.801223
1743581465.834907
1743581465.866035
1743581465.882168
1743581465.914185
1743581465.946122
1743581465.978576
1743581466.010767
1743581466.042633
1743581466.074620
1743581466.107264
1743581466.153261
1743581466.185722
1743581466.218485
1743581466.250325
1743581466.282417
1743581466.314167
1743581466.346380
1743581466.378741
1743581466.410856
1743581466.442786
1743581466.490384
1743581466.522491
1743581466.554345
1743581466.586597
1743581466.618430
1743581466.650275
1743581466.682320
1743581466.714430
1743581466.746256
1743581466.778804
1743581466.810647
1743581466.842219
1743581466.874262
1743581466.906432
1743581466.938663
1743581466.970550
1743581467.002470
1743581467.034326
1743581467.066246
1743581467.098343
1743581467.130312
1743581467.162286
1743581467.194592
1743581467.226593
1743581467.258483
1743581467.290648
1743581467.322815
1743581467.354719
1743581467.386929
1743581467.419050
1743581467.466220
1743581467.498039
1743581467.530141
1743581467.562309
1743581467.594630
1743581467.626700
1743581467.658308
1743581467.690758
1743581467.722712
1743581467.770597
1743581467.801853
1743581467.834187
1743581467.866005
1743581467.882009
1743581467.898246
1743581467.930435
1743581467.962507
1743581467.994480
1743581468.026544
1743581468.058791
1743581468.106541
1743581468.138511
1743581468.170186
1743581468.202800
1743581468.234159
1743581468.266235
1743581468.298401
1743581468.330300
1743581468.362387
1743581468.394566
1743581468.442356
1743581468.474665
1743581468.506786
1743581468.538695
1743581468.570346
1743581468.602476
1743581468.634427
1743581468.666260
1743581468.698151
1743581468.746024
1743581468.778384
1743581468.810504
1743581468.841874
1743581468.874723
1743581468.906750
1743581468.938893
1743581468.970403
1743581469.002736
1743581469.034643
1743581469.081969
1743581469.114031
1743581469.130013
1743581469.162522
1743581469.194425
1743581469.226689
1743581469.258472
1743581469.290338
1743581469.322615
1743581469.354660
1743581469.386933
1743581469.418921
1743581469.450034
1743581469.482031
1743581469.498102
1743581469.530322
1743581469.562349
1743581469.594196
1743581469.626602
1743581469.658691
1743581469.690764
1743581469.722475
1743581469.754387
1743581469.786387
1743581469.818363
1743581469.850183
1743581469.866106
1743581469.898320
1743581469.930405
1743581469.962475
1743581469.994542
1743581470.026606
1743581470.058596
1743581470.090470
1743581470.122342
1743581470.154496
1743581470.186586
1743581470.218195
1743581470.250359
1743581470.282303
1743581470.314526
1743581470.346362
1743581470.394127
1743581470.426513
1743581470.458510
1743581470.490121
1743581470.522728
1743581470.554763
1743581470.586663
1743581470.618703
1743581470.650459
1743581470.698070
1743581470.730170
1743581470.762235
1743581470.794355
1743581470.826459
1743581470.858568
1743581470.890502
1743581470.922792
1743581470.954663
1743581470.986746
1743581471.034454
1743581471.065976
1743581471.098125
1743581471.130076
1743581471.162309
1743581471.194316
1743581471.226436
1743581471.258391
1743581471.290933
1743581471.322737
1743581471.370351
1743581471.402482
1743581471.434031
1743581471.466301
1743581471.498080
1743581471.530239
1743581471.562249
1743581471.594453
1743581471.626727
1743581471.658870
1743581471.690313
1743581471.722438
1743581471.754654
1743581471.786534
1743581471.818260
1743581471.850279
1743581471.882078
1743581471.898149
1743581471.930434
1743581471.962628
1743581472.010238
1743581472.042314
1743581472.074193
1743581472.106657
1743581472.138417
1743581472.170482
1743581472.202336
1743581472.234329
1743581472.266395
1743581472.298330
1743581472.346106
1743581472.378399
1743581472.410787
1743581472.442765
1743581472.473850
1743581472.506716
1743581472.538669
1743581472.570553
1743581472.602244
1743581472.634316
1743581472.666441
1743581472.698104
1743581472.730120
1743581472.746066
1743581472.778214
1743581472.810503
1743581472.842484
1743581472.874929
1743581472.906668
1743581472.938788
1743581472.986200
1743581473.018529
1743581473.050061
1743581473.082049
1743581473.114121
1743581473.130330
1743581473.162314
1743581473.194442
1743581473.226458
1743581473.258747
1743581473.290805
1743581473.322890
1743581473.354564
1743581473.386656
1743581473.417907
1743581473.434073
1743581473.466105
1743581473.482238
1743581473.513902
1743581473.530132
1743581473.546297
1743581473.562312
1743581473.594245
1743581473.626802
1743581473.658531
1743581473.690450
1743581473.722290
1743581473.754735
1743581473.786657
1743581473.818474
1743581473.850128
1743581473.866222
1743581473.898438
1743581473.930355
1743581473.962856
1743581473.994271
1743581474.026419
1743581474.058695
1743581474.090374
1743581474.122281
1743581474.154006
1743581474.185966
1743581474.217963
1743581474.234209
1743581474.265975
1743581474.297761
1743581474.313987
1743581474.346331
1743581474.378515
1743581474.410437
1743581474.442215
1743581474.474609
1743581474.506783
1743581474.538719
1743581474.570369
1743581474.618689
1743581474.650057
1743581474.682057
1743581474.714119
1743581474.746076
1743581474.778465
1743581474.810572
1743581474.842474
1743581474.874832
1743581474.906921
1743581474.938977
1743581474.970696
1743581475.002657
1743581475.034199
1743581475.065985
1743581475.097918
1743581475.113937
1743581475.130129
1743581475.146159
1743581475.162269
1743581475.194630
1743581475.226600
1743581475.274344
1743581475.306005
1743581475.338533
1743581475.370543
1743581475.402482
1743581475.434050
1743581475.449990
1743581475.482173
1743581475.514274
1743581475.546200
1743581475.594001
1743581475.626411
1743581475.658516
1743581475.690150
1743581475.722745
1743581475.754508
1743581475.786617
1743581475.818081
1743581475.834113
1743581475.866440
1743581475.914079
1743581475.945877
1743581475.978245
1743581476.010449
1743581476.042729
1743581476.074552
1743581476.106537
1743581476.138573
1743581476.170793
1743581476.202630
1743581476.250026
1743581476.281869
1743581476.298179
1743581476.329930
1743581476.346057
1743581476.362177
1743581476.394339
1743581476.426077
1743581476.458490
1743581476.490567
1743581476.522812
1743581476.570620
1743581476.602368
1743581476.634202
1743581476.666391
1743581476.698277
1743581476.730250
1743581476.762267
1743581476.794682
1743581476.826503
1743581476.858858
1743581476.890194
1743581476.922348
1743581476.954346
1743581476.986689
1743581477.018774
1743581477.050458
1743581477.082263
1743581477.098204
1743581477.130252
1743581477.162353
1743581477.194702
1743581477.226760
1743581477.258445
1743581477.290608
1743581477.322330
1743581477.354497
1743581477.386644
1743581477.418741
1743581477.450151
1743581477.482256
1743581477.514539
1743581477.545963
1743581477.577770
1743581477.610416
1743581477.642766
1743581477.674573
1743581477.706526
1743581477.738697
1743581477.770795
1743581477.802734
1743581477.834540
1743581477.866677
1743581477.898096
1743581477.930177
1743581477.962364
1743581477.994394
1743581478.026776
1743581478.058400
1743581478.090578
1743581478.122793
1743581478.154712
1743581478.202569
1743581478.233766
1743581478.249934
1743581478.282164
1743581478.314057
1743581478.346053
1743581478.378282
1743581478.410572
1743581478.442673
1743581478.474573
1743581478.522291
1743581478.554425
1743581478.586405
1743581478.618695
1743581478.649999
1743581478.666201
1743581478.682239
1743581478.714175
1743581478.730235
1743581478.746445
1743581478.762468
1743581478.794667
1743581478.842329
1743581478.874613
1743581478.906390
1743581478.938595
1743581478.970769
1743581479.002683
1743581479.034208
1743581479.066428
1743581479.098368
1743581479.130390
1743581479.178224
1743581479.210149
1743581479.242668
1743581479.274408
1743581479.306664
1743581479.338707
1743581479.370654
1743581479.402871
1743581479.434667
1743581479.466214
1743581479.498772
1743581479.530241
1743581479.562294
1743581479.594023
1743581479.626733
1743581479.658476
1743581479.690455
1743581479.722522
1743581479.754682
1743581479.786891
1743581479.819064
1743581479.849931
1743581479.865924
1743581479.898086
1743581479.930132
1743581479.962511
1743581479.994627
1743581480.026568
1743581480.058696
1743581480.090539
1743581480.122768
1743581480.154861
1743581480.186429
1743581480.218414
1743581480.250272
1743581480.282009
1743581480.298239
1743581480.329984
1743581480.346112
1743581480.378533
1743581480.410841
1743581480.442125
1743581480.474997
1743581480.506591
1743581480.538435
1743581480.570328
1743581480.602598
1743581480.633964
1743581480.650153
1743581480.682206
1743581480.714251
1743581480.746384
1743581480.794233
1743581480.826492
1743581480.857934
1743581480.890473
1743581480.922752
1743581480.954737
1743581480.986681
1743581481.018434
1743581481.050328
1743581481.082327
1743581481.130262
1743581481.161788
1743581481.194409
1743581481.226401
1743581481.258391
1743581481.290344
1743581481.322587
1743581481.354651
1743581481.386676
1743581481.418580
1743581481.450803
1743581481.482182
1743581481.514025
1743581481.545835
1743581481.561863
1743581481.594514
1743581481.626517
1743581481.658224
1743581481.690774
1743581481.722686
1743581481.770582
1743581481.802012
1743581481.834083
1743581481.866278
1743581481.898151
1743581481.930192
1743581481.962345
1743581481.994625
1743581482.026610
1743581482.058478
1743581482.106653
1743581482.138364
1743581482.170482
1743581482.202359
1743581482.234091
1743581482.266325
1743581482.298243
1743581482.330208
1743581482.362590
1743581482.394565
1743581482.426776
1743581482.458020
1743581482.490510
1743581482.522503
1743581482.554663
1743581482.586187
1743581482.618551
1743581482.650273
1743581482.682415
1743581482.714729
1743581482.746384
1743581482.778318
1743581482.810789
1743581482.842372
1743581482.874446
1743581482.906610
1743581482.938489
1743581482.970174
1743581483.002633
1743581483.034451
1743581483.082000
1743581483.113678
1743581483.129909
1743581483.162335
1743581483.194494
1743581483.226726
1743581483.258390
1743581483.290723
1743581483.322610
1743581483.354445
1743581483.402419
1743581483.433859
1743581483.465928
1743581483.497930
1743581483.514163
1743581483.546254
1743581483.578319
1743581483.610582
1743581483.642947
1743581483.674687
1743581483.722508
1743581483.753838
1743581483.786520
1743581483.818550
1743581483.850320
1743581483.882030
1743581483.898056
1743581483.930377
1743581483.962409
1743581483.994570
1743581484.026803
1743581484.058759
1743581484.090304
1743581484.122466
1743581484.154599
1743581484.186498
1743581484.218576
1743581484.250039
1743581484.266001
1743581484.282088
1743581484.298258
1743581484.330302
1743581484.378084
1743581484.410483
1743581484.442424
1743581484.473777
1743581484.506605
1743581484.538562
1743581484.570246
1743581484.602451
1743581484.634446
1743581484.666361
1743581484.698745
1743581484.729958
1743581484.762148
1743581484.794329
1743581484.826581
1743581484.858540
1743581484.890374
1743581484.922706
1743581484.955058
1743581484.986654
1743581485.034343
1743581485.065975
1743581485.098070
1743581485.130057
1743581485.162582
1743581485.194531
1743581485.226762
1743581485.258377
1743581485.290475
1743581485.322785
1743581485.354730
1743581485.386591
1743581485.418671
1743581485.450195
1743581485.481954
1743581485.514199
1743581485.546255
1743581485.578694
1743581485.610678
1743581485.642679
1743581485.674694
1743581485.706437
1743581485.738143
1743581485.770449
1743581485.802819
1743581485.834530
1743581485.866034
1743581485.898361
1743581485.930575
1743581485.962446
1743581486.010222
1743581486.042339
1743581486.074412
1743581486.106389
1743581486.138550
1743581486.170180
1743581486.202915
1743581486.234545
1743581486.266438
1743581486.298293
1743581486.330777
1743581486.362155
1743581486.394338
1743581486.425894
1743581486.458532
1743581486.490538
1743581486.522811
1743581486.553976
1743581486.586764
1743581486.618743
1743581486.650631
1743581486.681894
1743581486.698025
1743581486.730274
1743581486.762318
1743581486.794074
1743581486.826698
1743581486.858616
1743581486.890508
1743581486.922011
1743581486.954775
1743581486.986887
1743581487.018736
1743581487.049503
1743581487.066007
1743581487.098242
1743581487.130204
1743581487.162124
1743581487.194434
1743581487.226718
1743581487.258659
1743581487.306353
1743581487.338195
1743581487.370413
1743581487.402729
1743581487.434302
1743581487.450163
1743581487.465981
1743581487.482297
1743581487.498051
1743581487.514129
1743581487.530242
1743581487.546309
1743581487.562306
1743581487.578118
1743581487.594299
1743581487.626986
1743581487.658250
1743581487.673612
1743581487.689947
1743581487.705887
1743581487.722079
1743581487.738008
1743581487.754055
1743581487.770147
1743581487.786071
1743581487.802200
1743581487.818101
1743581487.834049
1743581487.850122
1743581487.866161
1743581487.882334
1743581487.898328
1743581487.914211
1743581487.930321
1743581487.962663
1743581487.994361
1743581488.026367
1743581488.058369
1743581488.090495
1743581488.122697
1743581488.154100
1743581488.169761
1743581488.186079
1743581488.202311
1743581488.218131
1743581488.234229
1743581488.250193
1743581488.282696
1743581488.313547
1743581488.330072
1743581488.346284
1743581488.362033
1743581488.378008
1743581488.394297
1743581488.410056
1743581488.425974
1743581488.442179
1743581488.458178
1743581488.474100
1743581488.490105
1743581488.506219
1743581488.522246
1743581488.538171
1743581488.554235
1743581488.570168
1743581488.602572
1743581488.634271
1743581488.650014
1743581488.665960
1743581488.682226
1743581488.698108
1743581488.714005
1743581488.730331
1743581488.746121
1743581488.762120
1743581488.778051
1743581488.794085
1743581488.809981
1743581488.826142
1743581488.842107
1743581488.858309
1743581488.874188
1743581488.890200
1743581488.906264
1743581488.938935
1743581488.970608
1743581489.002662
1743581489.034043
1743581489.050191
1743581489.066025
1743581489.082064
1743581489.098113
1743581489.114136
1743581489.130180
1743581489.146117
1743581489.162299
1743581489.178105
1743581489.194245
1743581489.210260
1743581489.226184
1743581489.258937
1743581489.290604
1743581489.322438
1743581489.354525
1743581489.386508
1743581489.402151
1743581489.417944
1743581489.434018
1743581489.450018
1743581489.466039
1743581489.482026
1743581489.498221
1743581489.514211
1743581489.530163
1743581489.546301
1743581489.578733
1743581489.610575
1743581489.642417
1743581489.674546
1743581489.706459
1743581489.738704
1743581489.770782
1743581489.802519
1743581489.818062
1743581489.834134
1743581489.850183
1743581489.866245
1743581489.882430
1743581489.914717
1743581489.946069
1743581489.961933
1743581489.977896
1743581489.994191
1743581490.009928
1743581490.026027
1743581490.042021
1743581490.058266
1743581490.074119
1743581490.090039
1743581490.106046
1743581490.122078
1743581490.138056
1743581490.154102
1743581490.170401
1743581490.186147
1743581490.202238
1743581490.234306
1743581490.249839
1743581490.265923
1743581490.281884
1743581490.297970
1743581490.314028
1743581490.330246
1743581490.346047
1743581490.362236
1743581490.377958
1743581490.394074
1743581490.410001
1743581490.426147
1743581490.442091
1743581490.458129
1743581490.474135
1743581490.490100
1743581490.506201
1743581490.522288
1743581490.554845
1743581490.585733
1743581490.601931
1743581490.617894
1743581490.633899
1743581490.650051
1743581490.666023
1743581490.681881
1743581490.698141
1743581490.714090
1743581490.730125
1743581490.746125
1743581490.762243
1743581490.778110
1743581490.794196
1743581490.810198
1743581490.826158
1743581490.842273
1743581490.858240
1743581490.891045
1743581490.922591
1743581490.953815
1743581490.969671
1743581490.985931
1743581491.002061
1743581491.018031
1743581491.034151
1743581491.050075
1743581491.066036
1743581491.082040
1743581491.098160
1743581491.114182
1743581491.130166
1743581491.146253
1743581491.162250
1743581491.178307
1743581491.210889
1743581491.241756
1743581491.257612
1743581491.273990
1743581491.289994
1743581491.306084
1743581491.322117
1743581491.338089
1743581491.354038
1743581491.370107
1743581491.386102
1743581491.402125
1743581491.418019
1743581491.434809
1743581491.466379
1743581491.482183
1743581491.498531
1743581491.530159
1743581491.545910
1743581491.562145
1743581491.577840
1743581491.593991
1743581491.609947
1743581491.626077
1743581491.641935
1743581491.658046
1743581491.674050
1743581491.690071
1743581491.706001
1743581491.722023
1743581491.738117
1743581491.754110
1743581491.770131
1743581491.786106
1743581491.802224
1743581491.818174
1743581491.834231
1743581491.866091
1743581491.881842
1743581491.898119
1743581491.913946
1743581491.930137
1743581491.946196
1743581491.962144
1743581491.977897
1743581491.994138
1743581492.009996
1743581492.026009
1743581492.042026
1743581492.058182
1743581492.074121
1743581492.090063
1743581492.105994
1743581492.122148
1743581492.138146
1743581492.154123
1743581492.186885
1743581492.218731
1743581492.250109
1743581492.265812
1743581492.281821
1743581492.298041
1743581492.314073
1743581492.330130
1743581492.346038
1743581492.362226
1743581492.377976
1743581492.394225
1743581492.410042
1743581492.426147
1743581492.442149
1743581492.458190
1743581492.474277
1743581492.507005
1743581492.538583
1743581492.570537
1743581492.602836
1743581492.634119
1743581492.649908
1743581492.666039
1743581492.682006
1743581492.698145
1743581492.714104
1743581492.730325
1743581492.746334
1743581492.762281
1743581492.778315
1743581492.794214
1743581492.810169
1743581492.843070
1743581492.874719
1743581492.906413
1743581492.938506
1743581492.970444
1743581493.002831
1743581493.034135
1743581493.050061
1743581493.066109
1743581493.082140
1743581493.098374
1743581493.114281
1743581493.130191
1743581493.162719
1743581493.194199
1743581493.226357
1743581493.258341
1743581493.290472
1743581493.322292
1743581493.337779
1743581493.353996
1743581493.369988
1743581493.386033
1743581493.402236
1743581493.418166
1743581493.434167
1743581493.450175
1743581493.482744
1743581493.514011
1743581493.530037
1743581493.546063
1743581493.562082
1743581493.577968
1743581493.593989
1743581493.609861
1743581493.626117
1743581493.642006
1743581493.658074
1743581493.674067
1743581493.690143
1743581493.706076
1743581493.722061
1743581493.738143
1743581493.754146
1743581493.770180
1743581493.786197
1743581493.818749
1743581493.850052
1743581493.865970
1743581493.881974
1743581493.898323
1743581493.914320
1743581493.930261
1743581493.946277
1743581493.961915
1743581493.977731
1743581493.993923
1743581494.009955
1743581494.026173
1743581494.042109
1743581494.058122
1743581494.074132
1743581494.090190
1743581494.106262
1743581494.138767
1743581494.170510
1743581494.202691
1743581494.234047
1743581494.249976
1743581494.265905
1743581494.281948
1743581494.298117
1743581494.313946
1743581494.330006
1743581494.346082
1743581494.362244
1743581494.378150
1743581494.394179
1743581494.410127
1743581494.426120
1743581494.458859
1743581494.490651
1743581494.522174
1743581494.537931
1743581494.553891
1743581494.569944
1743581494.585899
1743581494.602034
1743581494.618067
1743581494.633899
1743581494.650012
1743581494.666078
1743581494.682104
1743581494.698145
1743581494.714278
1743581494.730223
1743581494.746253
1743581494.762368
1743581494.794158
1743581494.826429
1743581494.858444
1743581494.873792
1743581494.889922
1743581494.905950
1743581494.921970
1743581494.937889
1743581494.954056
1743581494.970069
1743581494.986128
1743581495.002113
1743581495.018113
1743581495.034142
1743581495.050185
1743581495.066310
1743581495.082389
1743581495.114731
1743581495.146164
1743581495.161801
1743581495.177792
1743581495.193999
1743581495.209866
1743581495.226157
1743581495.242042
1743581495.258048
1743581495.274055
1743581495.290072
1743581495.306121
1743581495.322076
1743581495.338070
1743581495.354044
1743581495.370136
1743581495.386223
1743581495.402298
1743581495.434476
1743581495.465477
1743581495.481984
1743581495.498071
1743581495.513941
1743581495.530174
1743581495.545972
1743581495.562083
1743581495.577966
1743581495.593990
1743581495.609934
1743581495.626065
1743581495.642089
1743581495.658190
1743581495.674204
1743581495.690147
1743581495.706187
1743581495.722167
1743581495.738274
1743581495.770905
1743581495.802726
1743581495.833750
1743581495.850109
1743581495.866187
1743581495.882093
1743581495.898164
1743581495.914066
1743581495.930124
1743581495.946056
1743581495.962246
1743581495.978038
1743581495.994170
1743581496.010051
1743581496.026180
1743581496.042232
1743581496.058208
1743581496.090891
1743581496.121799
1743581496.137587
1743581496.153845
1743581496.169936
1743581496.186042
1743581496.202051
1743581496.218009
1743581496.233943
1743581496.250113
1743581496.266103
1743581496.282134
1743581496.298126
1743581496.314133
1743581496.330270
1743581496.346197
1743581496.362234
1743581496.378321
1743581496.411044
1743581496.442780
1743581496.474661
1743581496.505924
1743581496.521798
1743581496.538085
1743581496.554138
1743581496.570147
1743581496.586181
1743581496.602268
1743581496.618127
1743581496.634309
1743581496.650302
1743581496.666350
1743581496.682385
1743581496.698521
1743581496.714385
1743581496.746518
1743581496.761961
1743581496.778101
1743581496.793885
1743581496.810161
1743581496.826194
1743581496.842114
1743581496.858160
1743581496.874076
1743581496.890147
1743581496.906104
1743581496.922187
1743581496.938160
1743581496.954112
1743581496.970387
1743581496.986235
1743581497.002279
1743581497.018314
1743581497.034319
1743581497.066827
1743581497.098452
1743581497.114141
1743581497.130223
1743581497.146172
1743581497.162194
1743581497.178163
1743581497.194226
1743581497.210044
1743581497.226179
1743581497.242132
1743581497.258139
1743581497.274210
1743581497.290122
1743581497.306201
1743581497.322378
1743581497.338190
1743581497.354426
1743581497.386855
1743581497.417109
1743581497.434084
1743581497.450126
