1743412951.594421
1743412951.674246
1743412951.706750
1743412951.737952
1743412951.770671
1743412951.818886
1743412951.849933
1743412951.866850
1743412951.898994
1743412951.930854
1743412951.962844
1743412951.979024
1743412952.010410
1743412952.042835
1743412952.059128
1743412952.091063
1743412952.139125
1743412952.171077
1743412952.203087
1743412952.234254
1743412952.266860
1743412952.298942
1743412952.331211
1743412952.363037
1743412952.395034
1743412952.427051
1743412952.475117
1743412952.507675
1743412952.540401
1743412952.572662
1743412952.604780
1743412952.636814
1743412952.668549
1743412952.699899
1743412952.732569
1743412952.764334
1743412952.796407
1743412952.827703
1743412952.859935
1743412952.892479
1743412952.924598
1743412952.956561
1743412952.986608
1743412953.018639
1743412953.034751
1743412953.066999
1743412953.114595
1743412953.146551
1743412953.162642
1743412953.178619
1743412953.194433
1743412953.210513
1743412953.226723
1743412953.243085
1743412953.274724
1743412953.306346
1743412953.322262
1743412953.338614
1743412953.354660
1743412953.370737
1743412953.386756
1743412953.402752
1743412953.418788
1743412953.450570
1743412953.466462
1743412953.482445
1743412953.498470
1743412953.515110
1743412953.530527
1743412953.546620
1743412953.562751
1743412953.578680
1743412953.594658
1743412953.610686
1743412953.626688
1743412953.642800
1743412953.658571
1743412953.674621
1743412953.690672
1743412953.706778
1743412953.722637
1743412953.738729
1743412953.771163
1743412953.802346
1743412953.818395
1743412953.834461
1743412953.850503
1743412953.866532
1743412953.882549
1743412953.898557
1743412953.914429
1743412953.930612
1743412953.946616
1743412953.962749
1743412953.978600
1743412953.994729
1743412954.010698
1743412954.026827
1743412954.042757
1743412954.058702
1743412954.091137
1743412954.122974
1743412954.155000
1743412954.186382
1743412954.202149
1743412954.218380
1743412954.234528
1743412954.250657
1743412954.266585
1743412954.282501
1743412954.298492
1743412954.314575
1743412954.330631
1743412954.346781
1743412954.362644
1743412954.378927
1743412954.394798
1743412954.426952
1743412954.442389
1743412954.458394
1743412954.474465
1743412954.490439
1743412954.506398
1743412954.522536
1743412954.538516
1743412954.554498
1743412954.570410
1743412954.586588
1743412954.602504
1743412954.618523
1743412954.634603
1743412954.650572
1743412954.666623
1743412954.682688
1743412954.698620
1743412954.714705
1743412954.746976
1743412954.762524
1743412954.778415
1743412954.794560
1743412954.810444
1743412954.826536
1743412954.842548
1743412954.858578
1743412954.874485
1743412954.890436
1743412954.906492
1743412954.922570
1743412954.938520
1743412954.954642
1743412954.970589
1743412954.986620
1743412955.002606
1743412955.018665
1743412955.034693
1743412955.066385
1743412955.082386
1743412955.098356
1743412955.114344
1743412955.130377
1743412955.146408
1743412955.162486
1743412955.178474
1743412955.194556
1743412955.210643
1743412955.226664
1743412955.242526
1743412955.258566
1743412955.274449
1743412955.290699
1743412955.306644
1743412955.322761
1743412955.338714
1743412955.354702
1743412955.370655
1743412955.402630
1743412955.418149
1743412955.434374
1743412955.450379
1743412955.466472
1743412955.482539
1743412955.498484
1743412955.514402
1743412955.530531
1743412955.546485
1743412955.562670
1743412955.578682
1743412955.594719
1743412955.610611
1743412955.626704
1743412955.642664
1743412955.658658
1743412955.674602
1743412955.690643
1743412955.723083
1743412955.754339
1743412955.770085
1743412955.786352
1743412955.802418
1743412955.818412
1743412955.834443
1743412955.850470
1743412955.866450
1743412955.882516
1743412955.898534
1743412955.914540
1743412955.930516
1743412955.946691
1743412955.962712
1743412955.978702
1743412955.994740
1743412956.010839
1743412956.043340
1743412956.074568
1743412956.090177
1743412956.106481
1743412956.122478
1743412956.138437
1743412956.154508
1743412956.170516
1743412956.186453
1743412956.202525
1743412956.218453
1743412956.234607
1743412956.250480
1743412956.266524
1743412956.282516
1743412956.298682
1743412956.314695
1743412956.330628
1743412956.346666
1743412956.378528
1743412956.394377
1743412956.410380
1743412956.426517
1743412956.442666
1743412956.458452
1743412956.474465
1743412956.490402
1743412956.506593
1743412956.522520
1743412956.538485
1743412956.554464
1743412956.570633
1743412956.586500
1743412956.602499
1743412956.618586
1743412956.634656
1743412956.650767
1743412956.666518
1743412956.698966
1743412956.730034
1743412956.746383
1743412956.762482
1743412956.778497
1743412956.794575
1743412956.810560
1743412956.826609
1743412956.842645
1743412956.858511
1743412956.874490
1743412956.890391
1743412956.906589
1743412956.922670
1743412956.938646
1743412956.954669
1743412956.970765
1743412956.986761
1743412957.019054
1743412957.050919
1743412957.082720
1743412957.098394
1743412957.114580
1743412957.130533
1743412957.146137
1743412957.178955
1743412957.194546
1743412957.210405
1743412957.226636
1743412957.242694
1743412957.258709
1743412957.289495
1743412957.305446
1743412957.321474
1743412957.353611
1743412957.370352
1743412957.386211
1743412957.402527
1743412957.418422
1743412957.434489
1743412957.450407
1743412957.466115
1743412957.481915
1743412957.498730
1743412957.514679
1743412957.530592
1743412957.546567
1743412957.562612
1743412957.578908
1743412957.594694
1743412957.610663
1743412957.626838
1743412957.642764
1743412957.675329
1743412957.706807
1743412957.738285
1743412957.754134
1743412957.770368
1743412957.786511
1743412957.802527
1743412957.818504
1743412957.834497
1743412957.850511
1743412957.866585
1743412957.882552
1743412957.898620
1743412957.914624
1743412957.930688
1743412957.946775
1743412957.962724
1743412957.994948
1743412958.026041
1743412958.042221
1743412958.058334
1743412958.074343
1743412958.090412
1743412958.106448
1743412958.122442
1743412958.138475
1743412958.154607
1743412958.170458
1743412958.186497
1743412958.202456
1743412958.218560
1743412958.234602
1743412958.250562
1743412958.266636
1743412958.282683
1743412958.298704
1743412958.330965
1743412958.346433
1743412958.362599
1743412958.378521
1743412958.394450
1743412958.410632
1743412958.426586
1743412958.442739
1743412958.458412
1743412958.474542
1743412958.490404
1743412958.506580
1743412958.522605
1743412958.538580
1743412958.554680
1743412958.570707
1743412958.586643
1743412958.602672
1743412958.618708
1743412958.651333
1743412958.682729
1743412958.698301
1743412958.714376
1743412958.730446
1743412958.746508
1743412958.762542
1743412958.778636
1743412958.794528
1743412958.810579
1743412958.826566
1743412958.842639
1743412958.858612
1743412958.874445
1743412958.890520
1743412958.906706
1743412958.922601
1743412958.938638
1743412958.971316
1743412959.002181
1743412959.018089
1743412959.034338
1743412959.050352
1743412959.066431
1743412959.082460
1743412959.098456
1743412959.114442
1743412959.130544
1743412959.146610
1743412959.162643
1743412959.178666
1743412959.194641
1743412959.210650
1743412959.226770
1743412959.242656
1743412959.258503
1743412959.274660
1743412959.307490
1743412959.338714
1743412959.370328
1743412959.386087
1743412959.402350
1743412959.418376
1743412959.434596
1743412959.450444
1743412959.466449
1743412959.482419
1743412959.498490
1743412959.514534
1743412959.530494
1743412959.546505
1743412959.562878
1743412959.578931
1743412959.594747
1743412959.626683
1743412959.658050
1743412959.674013
1743412959.690284
1743412959.706408
1743412959.722357
1743412959.738613
1743412959.754457
1743412959.770382
1743412959.786477
1743412959.802440
1743412959.818369
1743412959.834438
1743412959.850498
1743412959.866517
1743412959.882641
1743412959.898577
1743412959.914708
1743412959.947087
1743412959.962540
1743412959.978627
1743412959.994665
1743412960.010544
1743412960.026497
1743412960.042482
1743412960.058421
1743412960.074412
1743412960.090499
1743412960.106474
1743412960.122569
1743412960.138595
1743412960.154566
1743412960.170510
1743412960.186586
1743412960.202654
1743412960.218535
1743412960.234579
1743412960.250657
1743412960.283178
1743412960.314564
1743412960.330333
1743412960.346568
1743412960.362506
1743412960.378536
1743412960.394537
1743412960.410519
1743412960.426691
1743412960.442599
1743412960.458636
1743412960.474525
1743412960.490338
1743412960.506460
1743412960.522604
1743412960.538682
1743412960.554697
1743412960.570660
1743412960.603253
1743412960.634314
1743412960.650296
1743412960.666332
1743412960.682349
1743412960.698398
1743412960.714574
1743412960.730466
1743412960.746490
1743412960.762653
1743412960.778635
1743412960.794597
1743412960.810596
1743412960.826718
1743412960.842673
1743412960.858603
1743412960.874673
1743412960.890597
1743412960.923382
1743412960.954794
1743412960.986803
1743412961.018467
1743412961.034061
1743412961.050356
1743412961.066309
1743412961.082422
1743412961.098362
1743412961.114353
1743412961.130418
1743412961.146551
1743412961.162617
1743412961.178618
1743412961.194641
1743412961.210798
1743412961.226690
1743412961.259139
1743412961.290774
1743412961.322187
1743412961.338234
1743412961.354304
1743412961.370311
1743412961.386490
1743412961.402412
1743412961.418520
1743412961.434502
1743412961.450668
1743412961.466434
1743412961.482520
1743412961.498479
1743412961.514672
1743412961.530648
1743412961.546656
1743412961.578807
1743412961.594319
1743412961.610415
1743412961.642797
1743412961.674824
1743412961.706436
1743412961.739051
1743412961.771065
1743412961.802858
1743412961.834389
1743412961.867078
1743412961.898975
1743412961.930413
1743412961.961976
1743412961.978353
1743412962.010591
1743412962.042745
1743412962.074391
1743412962.106963
1743412962.138625
1743412962.171028
1743412962.202336
1743412962.234402
1743412962.266664
1743412962.298446
1743412962.314334
1743412962.330342
1743412962.346551
1743412962.378612
1743412962.410614
1743412962.442760
1743412962.474303
1743412962.507047
1743412962.554921
1743412962.586747
1743412962.618216
1743412962.650804
1743412962.682896
1743412962.714396
1743412962.730450
1743412962.762716
1743412962.794696
1743412962.810557
1743412962.842584
1743412962.874980
1743412962.906981
1743412962.938736
1743412962.970172
1743412963.002918
1743412963.034758
1743412963.066746
1743412963.097989
1743412963.114321
1743412963.130610
1743412963.162792
1743412963.210288
1743412963.242499
1743412963.274711
1743412963.307029
1743412963.338180
1743412963.370772
1743412963.402914
1743412963.434862
1743412963.466433
1743412963.482525
1743412963.530453
1743412963.562298
1743412963.593947
1743412963.610271
1743412963.626417
1743412963.642583
1743412963.674240
1743412963.707105
1743412963.739037
1743412963.771034
1743412963.802326
1743412963.850676
1743412963.882653
1743412963.914375
1743412963.945933
1743412963.962420
1743412963.978524
1743412964.010523
1743412964.042180
1743412964.074851
1743412964.107020
1743412964.139018
1743412964.186557
1743412964.218774
1743412964.250778
1743412964.282920
1743412964.313942
1743412964.330279
1743412964.346441
1743412964.362498
1743412964.378710
1743412964.410654
1743412964.442826
1743412964.474950
1743412964.506291
1743412964.538912
1743412964.570642
1743412964.602717
1743412964.634283
1743412964.666723
1743412964.698618
1743412964.730416
1743412964.762137
1743412964.778581
1743412964.794631
1743412964.827008
1743412964.858043
1743412964.874049
1743412964.890295
1743412964.922733
1743412964.954222
1743412964.987321
1743412965.019051
1743412965.050814
1743412965.082601
1743412965.114766
1743412965.162319
1743412965.194211
1743412965.226009
1743412965.242148
1743412965.274659
1743412965.306670
1743412965.338196
1743412965.371021
1743412965.402913
1743412965.434897
1743412965.482684
1743412965.514414
1743412965.546230
1743412965.562518
1743412965.593959
1743412965.610276
1743412965.626512
1743412965.642463
1743412965.674354
1743412965.707065
1743412965.739041
1743412965.771004
1743412965.802191
1743412965.834854
1743412965.866635
1743412965.898524
1743412965.929983
1743412965.946513
1743412965.978818
1743412966.010616
1743412966.042228
1743412966.058383
1743412966.090950
1743412966.138458
1743412966.170125
1743412966.202667
1743412966.234639
1743412966.266817
1743412966.298235
1743412966.314299
1743412966.346608
1743412966.378532
1743412966.410075
1743412966.426661
1743412966.459061
1743412966.490659
1743412966.522096
1743412966.554692
1743412966.586919
1743412966.618912
1743412966.650212
1743412966.682838
1743412966.714710
1743412966.746575
1743412966.778168
1743412966.794332
1743412966.826503
1743412966.858634
1743412966.890215
1743412966.906212
1743412966.922385
1743412966.955055
1743412966.986259
1743412967.019092
1743412967.050910
1743412967.083232
1743412967.114277
1743412967.130294
1743412967.146371
1743412967.178574
1743412967.210088
1743412967.226491
1743412967.258729
1743412967.290769
1743412967.322234
1743412967.354910
1743412967.386885
1743412967.434061
1743412967.466279
1743412967.482280
1743412967.498399
1743412967.530311
1743412967.562011
1743412967.578368
1743412967.610631
1743412967.642718
1743412967.674304
1743412967.707022
1743412967.754704
1743412967.786965
1743412967.818176
1743412967.850754
1743412967.882813
1743412967.914252
1743412967.946032
1743412967.962524
1743412967.994684
1743412968.026928
1743412968.058255
1743412968.090903
1743412968.122680
1743412968.154827
1743412968.186167
1743412968.218707
1743412968.250831
1743412968.282790
1743412968.314009
1743412968.330350
1743412968.346545
1743412968.378734
1743412968.410240
1743412968.442462
1743412968.474576
1743412968.506620
1743412968.538181
1743412968.570640
1743412968.602727
1743412968.634626
1743412968.666399
1743412968.682418
1743412968.698513
1743412968.730973
1743412968.761983
1743412968.778283
1743412968.794328
1743412968.826330
1743412968.858111
1743412968.874103
1743412968.890345
1743412968.906517
1743412968.938498
1743412968.971165
1743412969.002811
1743412969.035308
1743412969.066246
1743412969.098278
1743412969.130350
1743412969.146268
1743412969.162580
1743412969.194702
1743412969.226461
1743412969.258799
1743412969.290216
1743412969.322974
1743412969.355022
1743412969.386969
1743412969.418045
1743412969.450889
1743412969.482670
1743412969.514395
1743412969.546022
1743412969.562583
1743412969.578791
1743412969.610864
1743412969.643098
1743412969.674880
1743412969.707155
1743412969.738707
1743412969.770827
1743412969.802748
1743412969.834146
1743412969.866992
1743412969.898834
1743412969.930463
1743412969.962098
1743412969.978606
1743412969.994691
1743412970.010896
1743412970.041975
1743412970.074508
1743412970.106716
1743412970.138633
1743412970.170154
1743412970.202910
1743412970.234949
1743412970.266844
1743412970.298293
1743412970.330699
1743412970.362795
1743412970.394235
1743412970.426052
1743412970.442221
1743412970.474698
1743412970.506654
1743412970.538212
1743412970.570896
1743412970.602910
1743412970.634829
1743412970.682509
1743412970.714341
1743412970.746187
1743412970.762233
1743412970.778496
1743412970.810427
1743412970.842923
1743412970.874801
1743412970.906128
1743412970.938973
1743412970.970980
1743412971.018676
1743412971.050078
1743412971.066205
1743412971.082274
1743412971.114225
1743412971.145998
1743412971.162349
1743412971.178375
1743412971.210640
1743412971.242302
1743412971.274914
1743412971.306870
1743412971.338932
1743412971.370098
1743412971.402841
1743412971.434627
1743412971.466758
1743412971.498181
1743412971.514291
1743412971.546477
1743412971.562414
1743412971.578574
1743412971.610699
1743412971.658230
1743412971.690583
1743412971.722028
1743412971.754673
1743412971.786842
1743412971.818834
1743412971.850217
1743412971.882724
1743412971.914726
1743412971.946425
1743412971.994470
1743412972.026598
1743412972.058718
1743412972.090682
1743412972.122175
1743412972.154775
1743412972.187013
1743412972.218816
1743412972.250361
1743412972.282763
1743412972.314955
1743412972.346213
1743412972.362272
1743412972.378362
1743412972.410596
1743412972.442717
1743412972.474176
1743412972.506901
1743412972.538806
1743412972.571017
1743412972.602320
1743412972.634858
1743412972.666596
1743412972.698121
1743412972.729821
1743412972.746181
1743412972.762354
1743412972.778457
1743412972.810110
1743412972.826439
1743412972.858686
1743412972.890823
1743412972.922261
1743412972.970663
1743412973.002767
1743412973.034572
1743412973.066293
1743412973.098319
1743412973.130596
1743412973.162880
1743412973.194149
1743412973.210334
1743412973.226684
1743412973.258744
1743412973.290493
1743412973.322734
1743412973.354677
1743412973.386613
1743412973.418343
1743412973.450989
1743412973.482713
1743412973.514555
1743412973.546134
1743412973.562497
1743412973.578534
1743412973.610565
1743412973.641978
1743412973.658210
1743412973.674367
1743412973.690265
1743412973.722199
1743412973.754703
1743412973.786824
1743412973.818760
1743412973.850264
1743412973.882939
1743412973.914691
1743412973.946747
1743412973.977841
1743412973.994180
1743412974.010338
1743412974.042671
1743412974.074135
1743412974.106842
1743412974.138759
1743412974.170877
1743412974.202335
1743412974.234758
1743412974.266911
1743412974.298720
1743412974.329793
1743412974.346139
1743412974.378632
1743412974.410455
1743412974.442106
1743412974.474597
1743412974.506845
1743412974.539148
1743412974.586675
1743412974.618641
1743412974.650727
1743412974.682842
1743412974.713871
1743412974.730401
1743412974.762424
1743412974.794608
1743412974.826049
1743412974.842373
1743412974.858559
1743412974.890744
1743412974.922196
1743412974.954731
1743412974.986728
1743412975.018665
1743412975.050081
1743412975.082787
1743412975.114313
1743412975.130360
1743412975.162089
1743412975.178464
1743412975.210681
1743412975.242858
1743412975.274069
1743412975.306938
1743412975.338561
1743412975.370738
1743412975.402159
1743412975.434948
1743412975.466916
1743412975.498935
1743412975.530393
1743412975.562830
1743412975.594200
1743412975.626198
1743412975.657983
1743412975.674019
1743412975.706938
1743412975.738816
1743412975.770170
1743412975.802818
1743412975.834779
1743412975.867297
1743412975.898199
1743412975.930215
1743412975.946131
1743412975.962277
1743412975.978524
1743412976.010474
1743412976.042702
1743412976.074449
1743412976.106064
1743412976.138933
1743412976.170765
1743412976.218367
1743412976.250159
1743412976.282784
1743412976.314326
1743412976.346244
1743412976.362392
1743412976.378423
1743412976.410565
1743412976.442452
1743412976.474240
1743412976.506919
1743412976.538761
1743412976.570653
1743412976.601998
1743412976.634617
1743412976.666787
1743412976.698582
1743412976.729907
1743412976.746276
1743412976.762442
1743412976.794539
1743412976.826164
1743412976.842397
1743412976.874830
1743412976.906648
1743412976.938089
1743412976.970152
1743412977.002679
1743412977.034823
1743412977.066930
1743412977.099146
1743412977.130720
1743412977.162720
1743412977.194866
1743412977.226364
1743412977.257957
1743412977.290486
1743412977.322583
1743412977.354753
1743412977.386140
1743412977.418778
1743412977.450824
1743412977.482864
1743412977.514076
1743412977.546233
1743412977.578192
1743412977.594182
1743412977.610337
1743412977.642549
1743412977.674740
1743412977.706835
1743412977.738133
1743412977.754136
1743412977.770440
1743412977.803333
1743412977.850650
1743412977.882859
1743412977.914204
1743412977.946033
1743412977.962369
1743412977.978466
1743412978.010392
1743412978.026280
1743412978.042406
1743412978.074533
1743412978.106860
1743412978.138931
1743412978.170093
1743412978.202851
1743412978.234573
1743412978.266830
1743412978.298102
1743412978.330418
1743412978.362398
1743412978.378314
1743412978.394445
1743412978.426549
1743412978.458877
1743412978.490785
1743412978.521949
1743412978.554664
1743412978.586585
1743412978.618961
1743412978.649988
1743412978.666249
1743412978.698557
1743412978.730554
1743412978.762045
1743412978.778402
1743412978.794534
1743412978.826666
1743412978.857890
1743412978.873916
1743412978.890191
1743412978.906402
1743412978.938183
1743412978.971004
1743412979.002867
1743412979.034702
1743412979.066249
1743412979.082392
1743412979.114414
1743412979.146821
1743412979.177821
1743412979.194290
1743412979.210321
1743412979.242595
1743412979.274045
1743412979.306873
1743412979.338584
1743412979.370836
1743412979.402158
1743412979.434837
1743412979.466785
1743412979.498527
1743412979.529778
1743412979.546144
1743412979.562267
1743412979.594610
1743412979.625982
1743412979.642082
1743412979.658143
1743412979.674266
1743412979.690398
1743412979.723198
1743412979.755120
1743412979.802613
1743412979.833971
1743412979.866556
1743412979.898376
1743412979.930607
1743412979.961902
1743412979.978386
1743412980.010821
1743412980.042955
1743412980.074343
1743412980.122498
1743412980.154639
1743412980.186563
1743412980.218086
1743412980.250743
1743412980.282832
1743412980.314349
1743412980.345887
1743412980.362446
1743412980.378510
1743412980.410591
1743412980.442191
1743412980.474569
1743412980.506763
1743412980.538588
1743412980.570088
1743412980.602720
1743412980.634650
1743412980.666608
1743412980.698286
1743412980.730519
1743412980.778196
1743412980.810186
1743412980.841909
1743412980.874555
1743412980.906767
1743412980.938586
1743412980.970121
1743412981.002698
1743412981.034805
1743412981.066843
1743412981.098061
1743412981.130069
1743412981.146076
1743412981.162097
1743412981.178365
1743412981.210539
1743412981.242541
1743412981.274611
1743412981.306102
1743412981.338612
1743412981.370721
1743412981.418430
1743412981.449966
1743412981.482592
1743412981.514540
1743412981.546284
1743412981.577920
1743412981.594221
1743412981.610294
1743412981.642453
1743412981.674185
1743412981.707183
1743412981.754495
1743412981.786578
1743412981.817980
1743412981.850634
1743412981.882695
1743412981.914125
1743412981.945899
1743412981.962231
1743412981.994528
1743412982.026410
1743412982.058136
1743412982.090632
1743412982.122466
1743412982.154596
1743412982.186070
1743412982.218555
1743412982.250602
1743412982.282778
1743412982.313980
1743412982.330339
1743412982.362440
1743412982.394935
1743412982.425838
1743412982.458479
1743412982.490481
1743412982.522666
1743412982.554062
1743412982.586743
1743412982.618705
1743412982.650749
1743412982.682256
1743412982.698380
1743412982.730748
1743412982.762000
1743412982.778148
1743412982.794448
1743412982.826721
1743412982.858557
1743412982.890047
1743412982.922874
1743412982.954714
1743412982.986978
1743412983.018171
1743412983.050705
1743412983.082532
1743412983.114345
1743412983.145782
1743412983.162225
1743412983.178200
1743412983.194248
1743412983.210359
1743412983.242709
1743412983.274491
1743412983.306981
1743412983.338298
1743412983.370913
1743412983.402733
1743412983.434616
1743412983.466043
1743412983.482078
1743412983.498163
1743412983.514232
1743412983.545945
1743412983.562294
1743412983.594414
1743412983.610420
1743412983.642139
1743412983.658213
1743412983.674461
1743412983.707116
1743412983.737889
1743412983.770569
1743412983.802867
1743412983.834671
1743412983.866030
1743412983.882145
1743412983.914287
1743412983.946472
1743412983.962586
1743412983.994676
1743412984.042301
1743412984.074609
1743412984.105990
1743412984.138827
1743412984.170667
1743412984.202678
1743412984.234217
1743412984.266374
1743412984.298798
1743412984.346188
1743412984.378433
1743412984.410384
1743412984.442370
1743412984.474599
1743412984.506667
1743412984.538676
1743412984.570072
1743412984.602688
1743412984.634750
1743412984.682529
1743412984.713669
1743412984.729959
1743412984.762436
1743412984.794149
1743412984.810146
1743412984.826381
1743412984.858624
1743412984.890510
1743412984.922131
1743412984.954830
1743412984.986981
1743412985.018882
1743412985.049917
1743412985.082686
1743412985.114079
1743412985.146162
1743412985.177874
1743412985.194224
1743412985.210318
1743412985.226353
1743412985.242463
1743412985.274814
1743412985.322299
1743412985.354500
1743412985.385975
1743412985.418765
1743412985.450727
1743412985.482590
1743412985.513843
1743412985.530169
1743412985.562376
1743412985.578332
1743412985.594403
1743412985.610518
1743412985.658581
1743412985.690444
1743412985.722018
1743412985.754577
1743412985.786664
1743412985.818762
1743412985.850079
1743412985.882834
1743412985.914528
1743412985.946643
1743412985.994100
1743412986.010197
1743412986.042408
1743412986.074514
1743412986.106022
1743412986.138639
1743412986.170704
1743412986.202573
1743412986.234150
1743412986.266830
1743412986.298603
1743412986.330236
1743412986.361708
1743412986.378074
1743412986.394130
1743412986.410053
1743412986.426199
1743412986.442500
1743412986.474557
1743412986.506710
1743412986.538089
1743412986.554198
1743412986.570295
1743412986.602911
1743412986.634000
1743412986.666602
1743412986.698333
1743412986.730126
1743412986.761763
1743412986.778160
1743412986.794319
1743412986.826346
1743412986.857912
1743412986.873986
1743412986.890301
1743412986.922950
1743412986.970635
1743412987.002515
1743412987.034686
1743412987.066583
1743412987.098040
1743412987.114060
1743412987.130235
1743412987.146405
1743412987.163049
1743412987.194522
1743412987.226706
1743412987.274450
1743412987.305845
1743412987.338558
1743412987.370519
1743412987.402629
1743412987.434091
1743412987.466321
1743412987.498167
1743412987.530325
1743412987.562142
1743412987.578440
1743412987.610705
1743412987.642648
1743412987.674046
1743412987.706551
1743412987.738655
1743412987.770640
1743412987.802335
1743412987.834648
1743412987.866774
1743412987.898704
1743412987.946094
1743412987.962086
1743412987.994162
1743412988.010127
1743412988.026325
1743412988.058522
1743412988.090556
1743412988.122855
1743412988.154045
1743412988.186874
1743412988.218769
1743412988.250932
1743412988.281862
1743412988.298086
1743412988.330068
1743412988.362079
1743412988.378292
1743412988.394366
1743412988.426414
1743412988.458762
1743412988.490084
1743412988.506177
1743412988.522320
1743412988.538379
1743412988.554422
1743412988.587102
1743412988.618572
1743412988.650391
1743412988.682326
1743412988.714507
1743412988.745020
1743412988.762031
1743412988.778405
1743412988.810440
1743412988.842493
1743412988.874854
1743412988.922426
1743412988.954418
1743412988.986480
1743412989.018556
1743412989.049987
1743412989.082650
1743412989.114297
1743412989.146343
1743412989.177961
1743412989.194342
1743412989.226849
1743412989.258672
1743412989.290008
1743412989.322755
1743412989.354468
1743412989.386442
1743412989.418033
1743412989.450770
1743412989.482793
1743412989.514483
1743412989.562216
1743412989.594013
1743412989.610036
1743412989.626186
1743412989.642314
1743412989.674529
1743412989.706666
1743412989.738529
1743412989.770041
1743412989.802676
1743412989.834536
1743412989.866739
1743412989.898125
1743412989.914119
1743412989.930170
1743412989.962340
1743412989.993857
1743412990.010096
1743412990.026398
1743412990.058388
1743412990.090033
1743412990.122825
1743412990.154604
1743412990.202611
1743412990.233790
1743412990.249831
1743412990.266089
1743412990.282051
1743412990.313736
1743412990.330108
1743412990.362319
1743412990.394284
1743412990.425989
1743412990.442061
1743412990.458381
1743412990.490622
1743412990.538664
1743412990.570485
1743412990.602496
1743412990.634714
1743412990.665939
1743412990.682150
1743412990.714241
1743412990.730263
1743412990.761858
1743412990.778313
1743412990.810506
1743412990.826378
1743412990.842571
1743412990.874792
1743412990.906463
1743412990.938726
1743412990.969952
1743412991.002741
1743412991.034635
1743412991.066372
1743412991.098052
1743412991.114229
1743412991.130302
1743412991.178169
1743412991.209701
1743412991.226063
1743412991.242137
1743412991.274385
1743412991.305987
1743412991.338490
1743412991.370671
1743412991.402682
1743412991.434160
1743412991.466432
1743412991.514227
1743412991.546046
1743412991.562139
1743412991.594046
1743412991.610078
1743412991.642483
1743412991.674438
1743412991.706686
1743412991.737956
1743412991.770724
1743412991.802697
1743412991.850400
1743412991.881825
1743412991.897998
1743412991.930050
1743412991.962386
1743412991.993719
1743412992.010082
1743412992.026370
1743412992.058470
1743412992.090072
1743412992.122661
1743412992.154645
1743412992.186431
1743412992.217859
1743412992.250593
1743412992.282397
1743412992.314115
1743412992.345891
1743412992.362281
1743412992.394370
1743412992.426578
1743412992.458107
1743412992.490651
1743412992.522438
1743412992.554617
1743412992.585936
1743412992.618671
1743412992.650566
1743412992.682617
1743412992.713767
1743412992.730200
1743412992.762324
1743412992.794625
1743412992.826044
1743412992.858382
1743412992.890584
1743412992.922642
1743412992.954023
1743412992.970051
1743412993.002574
1743412993.034787
1743412993.066113
1743412993.082266
1743412993.098320
1743412993.130505
1743412993.161634
1743412993.178235
1743412993.210133
1743412993.242385
1743412993.273934
1743412993.289815
1743412993.306100
1743412993.338817
1743412993.370022
1743412993.402719
1743412993.434786
1743412993.466739
1743412993.497829
1743412993.513979
1743412993.546416
1743412993.578594
1743412993.609781
1743412993.626102
1743412993.642264
1743412993.674372
1743412993.706256
1743412993.738746
1743412993.770676
1743412993.802784
1743412993.833873
1743412993.866373
1743412993.898134
1743412993.913993
1743412993.930187
1743412993.962422
1743412993.994432
1743412994.026325
1743412994.058114
1743412994.106389
1743412994.138358
1743412994.170473
1743412994.201997
1743412994.234407
1743412994.266493
1743412994.298340
1743412994.329833
1743412994.346112
1743412994.362278
1743412994.394550
1743412994.442115
1743412994.474406
1743412994.506625
1743412994.538429
1743412994.569910
1743412994.602877
1743412994.634739
1743412994.666869
1743412994.698043
1743412994.714275
1743412994.746439
1743412994.778769
1743412994.809714
1743412994.826012
1743412994.842153
1743412994.874561
1743412994.905926
1743412994.938710
1743412994.970649
1743412995.002655
1743412995.034080
1743412995.082463
1743412995.113997
1743412995.130073
1743412995.146169
1743412995.178115
1743412995.194056
1743412995.210175
1743412995.226308
1743412995.258397
1743412995.290382
1743412995.322530
1743412995.354035
1743412995.369991
1743412995.386322
1743412995.418724
1743412995.449897
1743412995.482603
1743412995.514169
1743412995.546311
1743412995.577746
1743412995.594045
1743412995.610125
1743412995.626270
1743412995.642307
1743412995.674595
1743412995.706760
1743412995.754275
1743412995.785788
1743412995.818514
1743412995.850618
1743412995.882445
1743412995.913733
1743412995.930057
1743412995.962432
1743412995.994272
1743412996.026008
1743412996.058794
1743412996.090304
1743412996.122427
1743412996.153956
1743412996.186509
1743412996.218444
1743412996.250788
1743412996.281958
1743412996.298148
1743412996.314298
1743412996.346525
1743412996.393943
1743412996.426335
1743412996.458328
1743412996.490386
1743412996.521961
1743412996.554440
1743412996.586696
1743412996.618582
1743412996.650113
1743412996.682737
1743412996.729945
1743412996.762080
1743412996.793633
1743412996.810022
1743412996.842330
1743412996.874411
1743412996.905914
1743412996.938452
1743412996.970958
1743412997.002696
1743412997.034367
1743412997.066391
1743412997.098241
1743412997.129915
1743412997.162091
1743412997.178297
1743412997.210292
1743412997.242457
1743412997.274270
1743412997.306871
1743412997.338680
1743412997.370877
1743412997.401774
1743412997.434299
1743412997.466798
1743412997.498311
1743412997.529666
1743412997.546002
1743412997.562148
1743412997.578291
1743412997.609930
1743412997.626206
1743412997.642398
1743412997.674570
1743412997.705975
1743412997.738337
1743412997.770714
1743412997.802742
1743412997.833809
1743412997.866597
1743412997.898467
1743412997.930350
1743412997.946132
1743412997.962232
1743412997.978303
1743412998.010516
1743412998.041756
1743412998.074354
1743412998.106525
1743412998.138518
1743412998.169945
1743412998.202595
1743412998.234439
1743412998.267131
1743412998.298094
1743412998.314225
1743412998.346654
1743412998.378152
1743412998.409671
1743412998.425983
1743412998.442094
1743412998.474354
1743412998.505883
1743412998.538681
1743412998.570752
1743412998.602662
1743412998.634020
1743412998.682372
1743412998.713905
1743412998.745994
1743412998.777832
1743412998.794273
1743412998.826617
1743412998.858314
1743412998.890701
1743412998.922489
1743412998.954648
1743412998.986698
1743412999.018776
1743412999.050364
1743412999.081898
1743412999.097957
1743412999.130338
1743412999.162163
1743412999.193723
1743412999.210123
1743412999.226250
1743412999.242347
1743412999.274198
1743412999.322447
1743412999.354339
1743412999.386506
1743412999.417862
1743412999.450518
1743412999.482553
1743412999.514682
1743412999.545775
1743412999.562229
1743412999.578393
1743412999.610318
1743412999.658262
1743412999.690356
1743412999.722430
1743412999.754502
1743412999.785955
1743412999.818558
1743412999.850484
1743412999.882612
1743412999.913761
1743412999.930143
1743412999.962689
1743412999.994372
1743413000.025702
1743413000.041863
1743413000.058004
1743413000.090389
1743413000.121957
1743413000.154445
1743413000.186062
1743413000.218674
1743413000.250180
1743413000.298235
1743413000.329486
1743413000.361836
1743413000.393947
1743413000.426261
1743413000.458825
1743413000.490478
1743413000.521926
1743413000.554809
1743413000.586646
1743413000.634085
1743413000.665980
1743413000.682167
1743413000.714045
1743413000.746136
1743413000.762290
1743413000.794272
1743413000.826567
1743413000.858428
1743413000.890052
1743413000.938390
1743413000.970311
1743413001.002350
1743413001.033885
1743413001.066568
1743413001.098372
1743413001.130047
1743413001.161765
1743413001.178211
1743413001.194401
1743413001.226603
1743413001.274003
1743413001.306215
1743413001.338689
1743413001.370578
1743413001.401994
1743413001.434543
1743413001.466687
1743413001.498596
1743413001.529856
1743413001.546159
1743413001.562278
1743413001.609918
1743413001.641766
1743413001.658030
1743413001.690459
1743413001.722469
1743413001.753994
1743413001.786346
1743413001.818773
1743413001.850599
1743413001.882017
1743413001.914595
1743413001.945946
1743413001.978222
1743413001.994039
1743413002.026312
1743413002.058502
1743413002.090300
1743413002.121852
1743413002.154499
1743413002.186689
1743413002.218623
1743413002.249836
1743413002.282409
1743413002.314160
1743413002.345962
1743413002.362124
1743413002.378201
1743413002.410288
1743413002.442489
1743413002.473907
1743413002.489895
1743413002.506178
1743413002.538639
1743413002.586634
1743413002.618404
1743413002.650451
1743413002.682536
1743413002.713605
1743413002.730007
1743413002.746060
1743413002.762237
1743413002.793906
1743413002.810211
1743413002.842445
1743413002.890110
1743413002.921719
1743413002.954481
1743413002.986440
1743413003.018530
1743413003.049913
1743413003.082588
1743413003.114062
1743413003.146187
1743413003.177787
1743413003.194178
1743413003.226555
1743413003.258329
1743413003.289890
1743413003.322538
1743413003.354436
1743413003.386492
1743413003.417878
1743413003.450439
1743413003.482608
1743413003.514198
1743413003.562095
1743413003.593984
1743413003.626065
1743413003.658358
1743413003.689884
1743413003.722373
1743413003.754483
1743413003.786482
1743413003.818017
1743413003.866499
1743413003.898305
1743413003.930102
1743413003.961846
1743413003.978219
1743413004.010462
1743413004.025964
1743413004.042150
1743413004.074327
1743413004.106727
1743413004.138586
1743413004.170184
1743413004.202619
1743413004.234313
1743413004.266464
1743413004.297823
1743413004.314006
1743413004.330056
1743413004.346063
1743413004.377689
1743413004.394093
1743413004.426263
1743413004.458450
1743413004.490023
1743413004.538453
1743413004.570383
1743413004.602333
1743413004.634051
1743413004.666644
1743413004.698569
1743413004.730164
1743413004.761735
1743413004.778142
1743413004.794283
1743413004.810359
1743413004.842008
1743413004.874449
1743413004.906641
1743413004.938418
1743413004.970017
1743413005.002797
1743413005.034462
1743413005.066512
1743413005.097962
1743413005.114131
1743413005.146380
1743413005.178453
1743413005.209599
1743413005.225903
1743413005.242076
1743413005.274209
1743413005.305862
1743413005.338510
1743413005.370817
1743413005.402754
1743413005.434009
1743413005.466606
1743413005.514468
1743413005.546146
1743413005.577623
1743413005.593933
1743413005.610080
1743413005.626114
1743413005.657772
1743413005.690244
1743413005.722548
1743413005.754451
1743413005.785994
1743413005.818787
1743413005.850435
1743413005.882508
1743413005.913648
1743413005.929837
1743413005.962170
1743413005.993967
1743413006.025734
1743413006.041889
1743413006.074463
1743413006.106772
1743413006.154247
1743413006.186329
1743413006.218537
1743413006.250511
1743413006.281899
1743413006.298181
1743413006.330178
1743413006.362214
1743413006.394342
1743413006.426429
1743413006.458529
1743413006.490582
1743413006.522381
1743413006.554406
1743413006.585735
1743413006.618706
1743413006.650427
1743413006.682449
1743413006.713706
1743413006.730144
1743413006.762322
1743413006.794434
1743413006.825580
1743413006.841840
1743413006.874514
1743413006.906387
1743413006.937990
1743413006.970469
1743413007.002420
1743413007.034496
1743413007.065949
1743413007.082164
1743413007.129806
1743413007.162184
1743413007.193546
1743413007.210129
1743413007.242367
1743413007.274229
1743413007.305866
1743413007.338395
1743413007.370631
1743413007.402607
1743413007.434144
1743413007.466676
1743413007.498420
1743413007.529943
1743413007.561800
1743413007.578008
1743413007.610130
1743413007.642390
1743413007.673933
1743413007.706663
1743413007.738770
1743413007.786174
1743413007.817852
1743413007.850510
1743413007.882338
1743413007.913980
1743413007.945555
1743413007.962020
1743413007.978226
1743413008.010441
1743413008.041905
1743413008.058033
1743413008.106039
1743413008.138287
1743413008.169806
1743413008.202299
1743413008.234283
1743413008.266539
1743413008.297995
1743413008.330316
1743413008.362201
1743413008.394264
1743413008.441840
1743413008.474191
1743413008.506244
1743413008.538265
1743413008.569881
1743413008.602499
1743413008.634377
1743413008.666500
1743413008.698051
1743413008.730485
1743413008.762394
1743413008.793950
1743413008.825626
1743413008.841845
1743413008.857928
1743413008.890321
1743413008.921976
1743413008.954391
1743413008.986486
1743413009.018531
1743413009.049982
1743413009.082682
1743413009.113957
1743413009.145877
1743413009.162076
1743413009.194052
1743413009.209995
1743413009.242503
1743413009.273855
1743413009.306670
1743413009.338987
1743413009.370636
1743413009.418430
1743413009.450412
1743413009.482449
1743413009.514117
1743413009.545574
1743413009.562055
1743413009.578191
1743413009.610171
1743413009.641870
1743413009.657952
1743413009.674124
1743413009.722295
1743413009.753775
1743413009.786358
1743413009.818349
1743413009.850772
1743413009.881855
1743413009.897964
1743413009.913990
1743413009.946009
1743413009.962231
1743413009.994232
1743413010.010312
1743413010.058197
1743413010.089699
1743413010.122241
1743413010.154248
1743413010.186201
1743413010.217748
1743413010.250538
1743413010.282607
1743413010.314282
1743413010.345767
1743413010.362224
1743413010.394518
1743413010.426162
1743413010.457618
1743413010.473752
1743413010.506607
1743413010.538296
1743413010.569844
1743413010.602304
1743413010.634339
1743413010.666624
1743413010.714419
1743413010.745857
1743413010.761912
1743413010.794091
1743413010.825644
1743413010.858202
1743413010.890516
1743413010.922296
1743413010.954149
1743413010.986954
1743413011.034354
1743413011.066612
1743413011.097802
1743413011.113826
1743413011.129896
1743413011.162029
1743413011.193588
1743413011.209949
1743413011.226067
1743413011.258192
1743413011.290165
1743413011.322609
1743413011.370209
1743413011.402335
1743413011.433697
1743413011.466208
1743413011.497805
1743413011.513723
1743413011.530008
1743413011.562236
1743413011.578251
1743413011.610639
1743413011.641833
1743413011.657924
1743413011.690705
1743413011.722237
1743413011.753861
1743413011.786349
1743413011.818349
1743413011.850612
1743413011.881832
1743413011.898006
1743413011.930253
1743413011.962361
1743413012.009879
1743413012.025890
1743413012.041942
1743413012.074360
1743413012.105722
1743413012.138374
1743413012.170431
1743413012.202448
1743413012.234092
1743413012.266642
1743413012.298610
1743413012.345758
1743413012.377492
1743413012.393956
1743413012.409959
1743413012.442197
1743413012.473769
1743413012.506468
1743413012.538480
1743413012.570514
1743413012.601906
1743413012.617896
1743413012.634089
1743413012.666888
1743413012.697715
1743413012.713943
1743413012.745979
1743413012.778186
1743413012.809685
1743413012.825965
1743413012.841996
1743413012.874298
1743413012.905903
1743413012.922000
1743413012.938122
1743413012.986263
1743413013.017751
1743413013.050387
1743413013.082451
1743413013.113977
1743413013.145577
1743413013.162057
1743413013.194178
1743413013.226233
1743413013.257822
1743413013.273793
1743413013.290095
1743413013.322773
1743413013.353693
1743413013.386181
1743413013.418360
1743413013.450347
1743413013.481756
1743413013.497868
1743413013.514048
1743413013.546312
1743413013.577763
1743413013.594053
1743413013.610283
1743413013.642275
1743413013.673616
1743413013.705748
1743413013.738288
1743413013.770264
1743413013.802481
1743413013.834296
1743413013.866721
1743413013.898505
1743413013.930275
1743413013.962633
1743413013.993490
1743413014.009871
1743413014.042198
1743413014.074297
1743413014.105801
1743413014.121636
1743413014.138014
1743413014.170429
1743413014.201832
1743413014.234739
1743413014.266575
1743413014.298414
1743413014.329432
1743413014.345823
1743413014.362006
1743413014.378032
1743413014.394069
1743413014.426081
1743413014.458186
1743413014.490233
1743413014.521930
1743413014.554495
1743413014.586619
1743413014.618747
1743413014.649633
1743413014.682381
1743413014.713849
1743413014.729861
1743413014.745996
1743413014.778186
1743413014.810168
1743413014.842389
1743413014.873938
1743413014.906691
1743413014.938599
1743413014.970251
1743413015.001680
1743413015.034417
1743413015.066494
1743413015.098536
1743413015.129555
1743413015.145931
1743413015.162184
1743413015.194346
1743413015.225749
1743413015.242037
1743413015.274839
1743413015.306307
1743413015.337690
1743413015.370432
1743413015.402370
1743413015.434347
1743413015.465699
1743413015.481865
1743413015.497971
1743413015.514077
1743413015.545780
1743413015.562201
1743413015.594505
1743413015.625975
1743413015.657570
1743413015.690181
1743413015.722341
1743413015.754381
1743413015.785806
1743413015.818614
1743413015.850490
1743413015.882564
1743413015.913768
1743413015.929867
1743413015.961814
1743413015.977935
1743413015.993985
1743413016.026173
1743413016.058180
1743413016.090257
1743413016.122035
1743413016.137775
1743413016.170473
1743413016.202403
1743413016.250257
1743413016.282417
1743413016.313828
1743413016.329944
1743413016.361560
1743413016.377987
1743413016.410045
1743413016.426065
1743413016.457765
1743413016.490453
1743413016.522597
1743413016.570270
1743413016.601594
1743413016.634378
1743413016.666274
1743413016.697928
1743413016.729561
1743413016.745895
1743413016.778252
1743413016.810299
1743413016.841834
1743413016.889951
1743413016.922213
1743413016.954319
1743413016.985735
1743413017.018379
1743413017.050269
1743413017.082381
1743413017.113531
1743413017.129908
1743413017.162157
1743413017.194200
1743413017.225721
1743413017.241787
1743413017.274115
1743413017.306526
1743413017.337725
1743413017.353643
1743413017.369958
1743413017.385887
1743413017.402080
1743413017.434513
1743413017.466493
1743413017.498694
1743413017.545862
1743413017.577940
1743413017.593829
1743413017.609831
1743413017.626026
1743413017.658495
1743413017.690145
1743413017.722314
1743413017.753816
1743413017.786498
1743413017.818758
1743413017.866336
1743413017.897648
1743413017.913766
1743413017.929861
1743413017.962033
1743413017.993734
1743413018.009984
1743413018.026065
1743413018.058089
1743413018.089755
1743413018.122772
1743413018.154613
1743413018.202267
1743413018.233587
1743413018.249487
1743413018.265768
1743413018.297983
1743413018.329406
1743413018.345763
1743413018.361949
1743413018.393976
1743413018.425596
1743413018.442100
1743413018.474661
1743413018.522012
1743413018.553605
1743413018.569569
1743413018.585947
1743413018.618346
1743413018.650406
1743413018.682394
1743413018.713471
1743413018.729953
1743413018.746064
1743413018.778222
1743413018.809793
1743413018.842335
1743413018.873953
1743413018.906387
1743413018.937673
1743413018.970234
1743413019.002152
1743413019.034339
1743413019.065739
1743413019.082045
1743413019.114188
1743413019.146043
1743413019.177726
1743413019.193754
1743413019.209881
1743413019.242163
1743413019.273594
1743413019.306537
1743413019.338390
1743413019.370519
1743413019.401896
1743413019.434446
1743413019.466478
1743413019.498639
1743413019.529500
1743413019.545789
1743413019.561924
1743413019.594023
1743413019.625594
1743413019.642044
1743413019.674227
1743413019.706358
1743413019.737836
1743413019.770528
1743413019.818134
1743413019.850210
1743413019.881636
1743413019.897775
1743413019.929864
1743413019.962180
1743413019.993517
1743413020.009890
1743413020.026078
1743413020.058243
1743413020.089857
1743413020.122778
1743413020.154451
1743413020.186266
1743413020.217586
1743413020.233627
1743413020.249788
1743413020.282014
1743413020.313447
1743413020.329813
1743413020.361990
1743413020.378030
1743413020.409745
1743413020.426049
1743413020.442272
1743413020.474641
1743413020.505629
1743413020.538309
1743413020.569543
1743413020.602454
1743413020.633669
1743413020.666441
1743413020.698602
1743413020.730145
1743413020.761743
1743413020.794493
1743413020.826582
1743413020.858103
1743413020.889654
1743413020.922385
1743413020.954211
1743413020.986357
1743413021.017680
1743413021.050721
1743413021.082746
1743413021.129743
1743413021.161375
1743413021.177861
1743413021.193861
1743413021.226078
1743413021.257579
1743413021.273552
1743413021.289844
1743413021.322474
1743413021.353815
1743413021.386373
1743413021.418381
1743413021.450726
1743413021.481795
1743413021.513894
1743413021.545811
1743413021.561981
1743413021.593487
1743413021.609920
1743413021.642111
1743413021.674382
1743413021.705877
1743413021.738415
1743413021.770634
1743413021.802139
1743413021.833570
1743413021.866245
1743413021.898209
1743413021.929801
1743413021.961543
1743413021.977796
1743413021.994079
1743413022.026101
1743413022.057813
1743413022.073816
1743413022.106696
1743413022.138302
1743413022.169732
1743413022.202452
1743413022.234288
1743413022.266753
1743413022.297877
1743413022.313857
1743413022.330030
1743413022.362071
1743413022.393751
1743413022.426277
1743413022.458066
1743413022.490326
1743413022.521629
1743413022.554301
1743413022.586205
1743413022.618436
1743413022.649777
1743413022.682478
1743413022.714053
1743413022.746561
1743413022.777396
1743413022.793901
1743413022.825897
1743413022.858136
1743413022.889780
1743413022.922424
1743413022.954376
1743413022.986370
1743413023.017905
1743413023.050623
1743413023.082611
1743413023.113761
1743413023.145387
1743413023.161745
1743413023.177780
1743413023.209899
1743413023.241662
1743413023.257626
1743413023.273763
1743413023.306468
1743413023.337861
1743413023.370391
1743413023.402611
1743413023.434282
1743413023.466053
1743413023.498059
1743413023.530033
1743413023.561838
1743413023.593460
1743413023.609860
1743413023.642086
1743413023.674422
1743413023.722078
1743413023.754100
1743413023.786082
1743413023.818257
1743413023.849659
1743413023.882338
1743413023.913864
1743413023.945932
1743413023.977704
1743413023.993894
1743413024.010056
1743413024.057740
1743413024.089609
1743413024.122334
1743413024.154194
1743413024.169588
1743413024.185882
1743413024.218403
1743413024.250464
1743413024.282539
1743413024.313848
1743413024.329832
1743413024.345979
1743413024.378422
1743413024.409484
1743413024.425800
1743413024.441858
1743413024.474123
1743413024.505760
1743413024.538318
1743413024.570342
1743413024.602361
1743413024.633874
1743413024.666389
1743413024.698505
1743413024.729648
1743413024.761410
1743413024.777817
1743413024.793950
1743413024.825821
1743413024.857558
1743413024.890108
1743413024.922440
1743413024.954550
1743413024.986041
1743413025.034209
1743413025.066166
1743413025.098366
1743413025.129461
1743413025.145688
1743413025.161957
1743413025.194112
1743413025.225682
1743413025.258188
1743413025.290332
1743413025.322459
1743413025.353632
1743413025.386184
1743413025.418303
1743413025.450087
1743413025.481652
1743413025.497741
1743413025.513889
1743413025.529904
1743413025.545953
1743413025.578076
1743413025.610300
1743413025.642336
1743413025.673833
1743413025.705697
1743413025.738479
1743413025.770347
1743413025.802192
1743413025.834217
1743413025.866466
1743413025.898109
1743413025.930010
1743413025.945917
1743413025.962190
1743413026.009740
1743413026.042119
1743413026.074211
1743413026.105696
1743413026.138458
1743413026.170439
1743413026.202425
1743413026.233753
1743413026.266432
1743413026.298405
1743413026.330278
1743413026.361409
1743413026.377742
1743413026.409937
1743413026.442211
1743413026.473598
1743413026.506352
1743413026.538550
1743413026.570804
1743413026.601827
1743413026.650099
1743413026.682236
1743413026.714001
1743413026.745422
1743413026.761875
1743413026.777903
1743413026.810088
1743413026.841692
1743413026.874075
1743413026.906585
1743413026.938434
1743413026.986037
1743413027.018342
1743413027.050335
1743413027.082335
1743413027.113443
1743413027.129795
1743413027.162148
1743413027.193943
1743413027.225670
1743413027.241877
1743413027.274334
1743413027.306462
1743413027.337660
1743413027.370359
1743413027.402676
1743413027.434421
1743413027.465633
1743413027.481816
1743413027.513976
1743413027.546117
1743413027.577532
1743413027.593920
1743413027.626461
1743413027.658084
1743413027.689582
1743413027.722318
1743413027.754201
1743413027.786224
1743413027.817696
1743413027.850490
1743413027.882362
1743413027.914180
1743413027.961710
1743413027.977748
1743413027.993788
1743413028.026044
1743413028.057541
1743413028.090136
1743413028.122339
1743413028.154525
1743413028.185735
1743413028.201645
1743413028.218084
1743413028.234162
1743413028.250129
1743413028.282543
1743413028.313874
1743413028.345975
1743413028.377474
1743413028.393762
1743413028.409797
1743413028.442305
1743413028.473643
1743413028.506709
1743413028.538316
1743413028.570489
1743413028.601653
1743413028.634239
1743413028.666137
1743413028.698298
1743413028.729351
1743413028.745833
1743413028.761947
1743413028.794049
1743413028.825528
1743413028.841742
1743413028.857901
1743413028.890374
1743413028.938093
1743413028.970127
1743413029.002238
1743413029.034356
1743413029.065661
1743413029.081758
1743413029.114020
1743413029.145947
1743413029.177512
1743413029.193990
1743413029.226069
1743413029.258201
1743413029.289668
1743413029.322152
1743413029.354195
1743413029.386140
1743413029.417652
1743413029.450513
1743413029.482313
1743413029.514103
1743413029.545567
1743413029.578448
1743413029.609710
1743413029.642064
1743413029.673635
1743413029.706220
1743413029.738394
1743413029.770486
1743413029.801714
1743413029.834478
1743413029.866408
1743413029.914091
1743413029.945263
1743413029.961743
1743413029.977856
1743413030.010294
1743413030.040735
1743413030.073669
1743413030.106164
1743413030.138454
1743413030.169949
1743413030.202170
1743413030.234517
1743413030.266112
1743413030.297585
1743413030.313729
1743413030.346040
1743413030.377905
1743413030.409512
1743413030.425772
1743413030.441980
1743413030.474541
1743413030.505816
1743413030.554182
1743413030.586155
1743413030.618136
1743413030.649835
1743413030.665815
1743413030.681892
1743413030.713769
1743413030.745444
1743413030.762010
1743413030.794054
1743413030.810013
1743413030.841729
1743413030.890014
1743413030.922090
1743413030.954208
1743413030.985583
1743413031.017938
1743413031.050252
1743413031.082269
1743413031.113482
1743413031.129847
1743413031.146008
1743413031.178103
1743413031.209548
1743413031.225661
1743413031.257997
1743413031.290077
1743413031.321626
1743413031.354265
1743413031.386449
1743413031.418245
1743413031.449634
1743413031.482395
1743413031.529653
1743413031.561697
1743413031.593329
1743413031.609618
1743413031.625912
1743413031.657946
1743413031.689741
1743413031.722166
1743413031.754297
1743413031.786348
1743413031.817834
1743413031.865971
1743413031.898161
1743413031.929609
1743413031.945823
1743413031.961904
1743413031.993969
1743413032.025789
1743413032.057563
1743413032.073584
1743413032.089848
1743413032.122653
1743413032.153741
1743413032.186559
1743413032.218046
1743413032.250212
1743413032.281600
1743413032.297904
1743413032.329985
1743413032.362110
1743413032.393580
1743413032.409911
1743413032.426014
1743413032.442137
1743413032.473782
1743413032.506539
1743413032.538214
1743413032.570364
1743413032.601618
1743413032.634090
1743413032.666179
1743413032.698165
1743413032.729425
1743413032.745809
1743413032.762096
1743413032.794096
1743413032.841826
1743413032.874043
1743413032.906249
1743413032.938268
1743413032.969645
1743413033.002187
1743413033.034369
1743413033.066389
1743413033.097713
1743413033.113979
1743413033.161991
1743413033.193644
1743413033.225892
1743413033.258008
1743413033.290028
1743413033.322117
1743413033.354175
1743413033.386294
1743413033.417755
1743413033.450273
1743413033.482324
1743413033.513697
1743413033.545295
1743413033.561750
1743413033.593769
1743413033.609738
1743413033.641583
1743413033.657592
1743413033.673803
1743413033.706189
1743413033.737731
1743413033.770381
1743413033.817934
1743413033.850040
1743413033.881592
1743413033.897594
1743413033.929653
1743413033.945662
1743413033.961895
1743413033.993991
1743413034.026036
1743413034.058061
1743413034.089877
1743413034.138007
1743413034.170071
1743413034.202094
1743413034.233503
1743413034.249402
1743413034.265656
1743413034.297918
1743413034.329393
1743413034.345776
1743413034.361811
1743413034.378016
1743413034.394116
1743413034.426241
1743413034.458369
1743413034.490131
1743413034.521613
1743413034.554177
1743413034.586236
1743413034.618320
1743413034.649618
1743413034.682418
1743413034.714045
1743413034.745843
1743413034.761946
1743413034.794223
1743413034.825818
1743413034.858186
1743413034.889567
1743413034.922070
1743413034.954227
1743413034.986255
1743413035.017737
1743413035.050262
1743413035.082573
1743413035.114171
1743413035.145329
1743413035.161730
1743413035.193719
1743413035.209624
1743413035.226124
1743413035.258195
1743413035.290052
1743413035.322190
1743413035.353618
1743413035.386559
1743413035.433865
1743413035.466194
1743413035.497610
1743413035.529943
1743413035.562068
1743413035.593876
1743413035.625401
1743413035.641758
1743413035.674137
1743413035.706196
1743413035.737737
1743413035.770400
1743413035.802061
1743413035.834203
1743413035.865459
1743413035.881592
1743413035.913980
1743413035.945965
1743413035.977436
1743413035.993850
1743413036.010043
1743413036.042455
1743413036.089731
1743413036.121991
1743413036.154074
1743413036.186219
1743413036.217605
1743413036.250122
1743413036.282304
1743413036.314010
1743413036.345528
1743413036.361930
1743413036.378014
1743413036.410070
1743413036.441491
1743413036.473944
1743413036.506095
1743413036.538172
1743413036.569618
1743413036.602235
1743413036.634246
1743413036.666288
1743413036.697844
1743413036.713888
1743413036.746287
1743413036.777780
1743413036.809413
1743413036.825740
1743413036.858087
1743413036.889952
1743413036.921589
1743413036.954184
1743413036.986296
1743413037.018419
1743413037.066000
1743413037.097457
1743413037.113626
1743413037.129720
1743413037.145794
1743413037.177994
1743413037.209675
1743413037.225720
1743413037.241863
1743413037.274063
1743413037.306304
1743413037.338422
1743413037.386179
1743413037.418119
1743413037.450024
1743413037.482429
1743413037.513339
1743413037.529705
1743413037.561907
1743413037.593962
1743413037.625523
1743413037.642241
1743413037.674349
1743413037.722040
1743413037.753475
1743413037.786202
1743413037.818120
1743413037.850113
1743413037.881582
1743413037.897652
1743413037.913749
1743413037.945765
1743413037.961928
1743413037.978064
1743413038.009951
1743413038.042383
1743413038.073344
1743413038.106109
1743413038.138169
1743413038.170243
1743413038.201549
1743413038.233991
1743413038.266294
1743413038.281750
1743413038.297934
1743413038.330149
1743413038.362248
1743413038.393639
1743413038.425342
1743413038.441366
1743413038.457622
1743413038.490084
1743413038.521539
1743413038.554108
1743413038.586270
1743413038.618294
1743413038.649812
1743413038.698024
1743413038.729620
1743413038.745566
1743413038.761861
1743413038.793672
1743413038.809652
1743413038.825861
1743413038.857542
1743413038.890032
1743413038.922270
1743413038.954375
1743413038.985711
1743413039.018468
1743413039.050016
1743413039.082505
1743413039.113328
1743413039.129805
1743413039.162168
1743413039.193751
1743413039.209689
1743413039.225853
1743413039.242173
1743413039.274504
1743413039.306604
1743413039.338313
1743413039.369455
1743413039.402138
1743413039.434112
1743413039.466132
1743413039.497513
1743413039.513725
1743413039.545808
1743413039.577955
1743413039.609631
1743413039.625816
1743413039.673775
1743413039.705993
1743413039.737539
1743413039.753554
1743413039.769665
1743413039.802318
1743413039.833526
1743413039.866224
1743413039.898405
1743413039.929867
1743413039.961517
1743413039.994277
1743413040.025973
1743413040.058124
1743413040.089521
1743413040.122191
1743413040.154041
1743413040.186357
1743413040.217578
1743413040.250320
1743413040.282540
1743413040.314186
1743413040.345254
1743413040.361603
1743413040.377737
1743413040.409687
1743413040.425686
1743413040.458048
1743413040.490047
1743413040.522369
1743413040.553709
1743413040.586347
1743413040.618331
1743413040.650385
1743413040.681506
1743413040.697587
1743413040.729727
1743413040.761763
1743413040.793293
1743413040.809772
1743413040.841968
1743413040.874127
1743413040.905660
1743413040.937718
1743413040.970402
1743413041.002058
1743413041.033539
1743413041.066202
1743413041.097985
1743413041.129807
1743413041.161382
1743413041.177794
1743413041.193862
1743413041.225977
1743413041.257677
1743413041.290346
1743413041.322117
1743413041.353972
1743413041.385534
1743413041.418294
1743413041.450271
1743413041.482212
1743413041.513357
1743413041.529849
1743413041.561955
1743413041.594002
1743413041.625517
1743413041.658028
1743413041.689917
1743413041.722184
1743413041.753561
1743413041.786140
1743413041.818148
1743413041.850236
1743413041.881629
1743413041.897765
1743413041.945593
1743413041.977542
1743413042.009299
1743413042.025576
1743413042.041688
1743413042.074042
1743413042.105562
1743413042.138099
1743413042.170150
1743413042.202294
1743413042.233693
1743413042.266286
1743413042.297906
1743413042.313584
1743413042.329836
1743413042.362087
1743413042.393722
1743413042.409611
1743413042.425825
1743413042.457835
1743413042.490053
1743413042.522269
1743413042.553666
1743413042.601954
1743413042.634151
1743413042.666026
1743413042.697583
1743413042.729812
1743413042.761704
1743413042.793966
1743413042.825554
1743413042.841711
1743413042.857755
1743413042.890327
1743413042.921516
1743413042.954166
1743413042.985963
1743413043.018485
1743413043.049533
1743413043.082125
1743413043.113683
1743413043.129612
1743413043.145793
1743413043.177918
1743413043.210193
1743413043.242315
1743413043.273332
1743413043.306054
1743413043.338175
1743413043.370135
1743413043.401483
1743413043.433922
1743413043.466146
1743413043.498301
1743413043.529459
1743413043.545696
1743413043.578202
1743413043.609683
1743413043.641326
1743413043.657426
1743413043.690188
1743413043.722169
1743413043.753512
1743413043.786182
1743413043.818198
1743413043.850389
1743413043.898082
1743413043.929887
1743413043.961632
1743413043.977528
1743413043.993626
1743413044.025863
1743413044.057988
1743413044.089929
1743413044.121566
1743413044.154376
1743413044.186267
1743413044.218269
1743413044.249401
1743413044.281928
1743413044.313650
1743413044.329584
1743413044.345690
1743413044.361887
1743413044.393850
1743413044.425947
1743413044.457518
1743413044.490016
1743413044.522259
1743413044.554290
1743413044.585384
1743413044.618012
1743413044.650304
1743413044.682044
1743413044.713231
1743413044.729619
1743413044.745710
1743413044.761772
1743413044.777910
1743413044.809910
1743413044.842081
1743413044.874284
1743413044.905261
1743413044.937964
1743413044.970120
1743413045.002108
1743413045.033507
1743413045.066207
1743413045.098203
1743413045.129930
1743413045.161538
1743413045.194261
1743413045.225749
1743413045.257898
1743413045.289502
1743413045.322062
1743413045.354065
1743413045.386137
1743413045.417496
1743413045.450101
1743413045.482535
1743413045.529493
1743413045.561196
1743413045.577584
1743413045.593733
1743413045.609890
1743413045.641385
1743413045.657460
1743413045.673576
1743413045.706275
1743413045.737523
1743413045.770453
1743413045.802231
1743413045.850047
1743413045.881318
1743413045.897538
1743413045.929630
1743413045.961875
1743413045.993244
1743413046.009602
1743413046.025880
1743413046.058015
1743413046.089610
1743413046.122333
1743413046.169824
1743413046.202121
1743413046.233401
1743413046.266014
1743413046.298154
1743413046.329684
1743413046.345621
1743413046.361835
1743413046.393976
1743413046.425722
1743413046.457608
1743413046.505918
1743413046.537929
1743413046.570175
1743413046.602146
1743413046.633902
1743413046.666218
1743413046.698179
1743413046.729956
1743413046.762010
1743413046.793533
1743413046.826086
1743413046.857928
1743413046.889919
1743413046.921447
1743413046.954216
1743413046.986148
1743413047.018098
1743413047.049499
1743413047.082276
1743413047.114023
1743413047.146263
1743413047.177170
1743413047.193529
1743413047.209607
1743413047.241916
1743413047.273358
1743413047.289468
1743413047.305629
1743413047.338188
1743413047.369634
1743413047.402463
1743413047.434434
1743413047.482004
1743413047.513200
1743413047.529493
1743413047.561820
1743413047.593765
1743413047.625974
1743413047.656529
1743413047.673168
1743413047.689682
1743413047.721899
1743413047.754250
1743413047.802180
1743413047.834065
1743413047.865440
1743413047.881564
1743413047.897629
1743413047.929642
1743413047.961249
1743413047.977692
1743413048.010001
1743413048.041832
1743413048.073524
1743413048.089519
1743413048.122336
1743413048.153893
1743413048.185333
1743413048.218276
1743413048.250137
1743413048.282027
1743413048.313250
1743413048.329712
1743413048.345621
1743413048.361782
1743413048.377958
1743413048.410009
1743413048.457795
1743413048.489702
1743413048.521474
1743413048.554144
1743413048.586028
1743413048.618009
1743413048.649627
1743413048.682371
1743413048.714014
1743413048.729901
1743413048.777754
1743413048.809738
1743413048.841869
1743413048.873828
1743413048.905614
1743413048.938146
1743413048.970409
1743413049.002029
1743413049.033642
1743413049.066225
1743413049.098218
1743413049.129621
1743413049.161164
1743413049.177675
1743413049.209764
1743413049.242036
1743413049.273501
1743413049.306166
1743413049.338009
1743413049.370327
1743413049.401629
1743413049.434271
1743413049.465948
1743413049.498074
1743413049.529168
1743413049.545506
1743413049.561872
1743413049.593891
1743413049.625326
1743413049.641534
1743413049.674182
1743413049.706157
1743413049.753914
1743413049.785985
1743413049.818115
1743413049.850030
1743413049.881518
1743413049.897599
1743413049.929852
1743413049.961973
1743413049.993348
1743413050.009818
1743413050.041947
1743413050.074178
1743413050.105337
1743413050.138116
1743413050.170119
1743413050.202072
1743413050.233475
1743413050.266073
1743413050.298113
1743413050.329777
1743413050.345755
1743413050.361946
1743413050.378136
1743413050.410079
1743413050.441315
1743413050.457551
1743413050.489919
1743413050.522388
1743413050.553408
1743413050.586368
1743413050.618310
1743413050.650128
1743413050.681537
1743413050.697769
1743413050.730107
1743413050.761506
1743413050.777659
1743413050.809900
1743413050.841884
1743413050.874046
1743413050.905476
1743413050.938114
1743413050.970133
1743413051.002241
1743413051.049948
1743413051.082351
1743413051.113508
1743413051.129438
1743413051.145623
1743413051.161716
1743413051.193724
1743413051.225823
1743413051.257417
1743413051.290004
1743413051.322139
1743413051.354183
1743413051.385495
1743413051.417905
1743413051.449937
1743413051.482123
1743413051.513182
1743413051.529484
1743413051.545625
1743413051.561739
1743413051.577962
1743413051.609808
1743413051.642231
1743413051.674100
1743413051.705738
1743413051.738090
1743413051.770240
1743413051.802075
1743413051.833423
1743413051.866130
1743413051.898205
1743413051.929743
1743413051.961530
1743413051.977785
1743413052.025636
1743413052.057863
1743413052.089520
1743413052.121921
1743413052.154211
1743413052.186000
1743413052.217420
1743413052.250039
1743413052.282216
1743413052.313891
1743413052.362067
1743413052.377567
1743413052.393708
1743413052.425876
1743413052.457279
1743413052.489923
1743413052.521983
1743413052.554089
1743413052.585464
1743413052.618445
1743413052.650177
1743413052.682039
1743413052.713078
1743413052.729430
1743413052.761658
1743413052.777633
1743413052.793740
1743413052.825862
1743413052.857774
1743413052.889897
1743413052.921504
1743413052.954383
1743413053.001776
1743413053.033966
1743413053.065418
1743413053.097609
1743413053.129693
1743413053.161891
1743413053.193203
1743413053.209641
1743413053.225773
1743413053.258131
1743413053.289511
1743413053.305489
1743413053.338189
1743413053.370065
1743413053.401388
1743413053.433980
1743413053.466062
1743413053.497931
1743413053.529294
1743413053.545592
1743413053.561725
1743413053.593931
1743413053.625463
1743413053.658271
1743413053.689979
1743413053.721934
1743413053.753375
1743413053.769427
1743413053.785515
1743413053.801517
1743413053.817630
1743413053.849644
1743413053.882357
1743413053.913769
1743413053.929713
1743413053.977399
1743413054.009716
1743413054.041740
1743413054.073829
1743413054.106028
1743413054.137444
1743413054.170119
1743413054.201974
1743413054.234155
1743413054.265477
1743413054.281606
1743413054.314207
1743413054.345471
1743413054.377118
1743413054.393535
1743413054.425755
1743413054.457955
1743413054.489397
1743413054.522352
1743413054.554229
1743413054.586105
1743413054.633767
1743413054.665925
1743413054.697852
1743413054.729478
1743413054.761172
1743413054.777466
1743413054.793563
1743413054.809626
1743413054.825705
1743413054.841864
1743413054.873876
1743413054.906121
1743413054.953855
1743413054.985990
1743413055.017943
1743413055.050042
1743413055.081414
1743413055.097474
1743413055.129758
1743413055.161866
1743413055.193224
1743413055.209740
1743413055.225893
1743413055.258405
1743413055.289420
1743413055.322186
1743413055.353911
1743413055.386026
1743413055.417359
1743413055.449704
1743413055.482074
1743413055.513640
1743413055.545263
1743413055.561772
1743413055.609390
1743413055.641604
1743413055.673253
1743413055.705926
1743413055.738083
1743413055.770081
1743413055.801461
1743413055.834014
1743413055.866085
1743413055.898181
1743413055.929315
1743413055.945330
1743413055.961515
1743413055.993540
1743413056.025196
1743413056.041264
1743413056.057523
1743413056.073588
1743413056.105565
1743413056.138112
1743413056.170279
1743413056.202044
1743413056.233536
1743413056.266122
1743413056.297849
1743413056.329506
1743413056.361196
1743413056.377549
1743413056.393561
1743413056.409580
1743413056.425709
1743413056.458105
1743413056.489989
1743413056.522131
1743413056.553610
1743413056.586424
1743413056.618141
1743413056.649849
1743413056.681423
1743413056.697615
1743413056.729544
1743413056.761706
1743413056.793210
1743413056.809810
1743413056.842109
1743413056.874128
1743413056.905609
1743413056.937894
1743413056.970174
1743413057.001878
1743413057.033407
1743413057.066024
1743413057.098086
1743413057.129814
1743413057.161358
1743413057.177696
1743413057.193755
1743413057.241443
1743413057.273204
1743413057.289239
1743413057.305500
1743413057.337959
1743413057.369558
1743413057.402113
1743413057.434247
1743413057.466086
1743413057.497593
1743413057.513606
1743413057.529658
1743413057.561854
1743413057.593106
1743413057.609367
1743413057.625561
1743413057.657788
1743413057.689378
1743413057.722188
1743413057.754054
1743413057.786128
1743413057.817432
1743413057.850254
1743413057.882256
1743413057.913568
1743413057.945080
1743413057.961690
1743413057.993434
1743413058.009503
1743413058.041331
1743413058.074207
1743413058.106019
1743413058.137992
1743413058.169574
1743413058.217832
1743413058.249892
1743413058.281855
1743413058.313073
1743413058.329369
1743413058.345469
1743413058.377576
1743413058.393654
1743413058.425648
1743413058.457965
1743413058.490126
1743413058.537868
1743413058.569893
1743413058.601783
1743413058.633871
1743413058.665242
1743413058.681383
1743413058.697474
1743413058.729582
1743413058.761206
1743413058.777655
1743413058.810052
1743413058.857446
1743413058.889177
1743413058.921951
1743413058.953810
1743413058.985901
1743413059.017341
1743413059.050202
1743413059.082141
1743413059.113709
1743413059.145328
1743413059.161727
1743413059.194203
1743413059.225475
1743413059.257184
1743413059.289722
1743413059.321985
1743413059.354055
1743413059.385396
1743413059.418033
1743413059.450078
1743413059.482132
1743413059.513281
1743413059.529404
1743413059.561538
1743413059.593326
1743413059.609456
1743413059.625774
1743413059.657758
1743413059.689956
1743413059.721378
1743413059.754131
1743413059.786104
1743413059.833591
1743413059.865246
1743413059.881416
1743413059.913507
1743413059.945488
1743413059.961533
1743413059.977703
1743413060.009711
1743413060.041979
1743413060.073598
1743413060.106046
1743413060.138216
1743413060.170102
1743413060.201192
1743413060.233778
1743413060.265954
1743413060.297807
1743413060.329087
1743413060.345489
1743413060.361731
1743413060.378151
1743413060.409395
1743413060.425881
1743413060.458618
1743413060.490062
1743413060.521366
1743413060.553963
1743413060.585848
1743413060.617870
1743413060.649576
1743413060.665652
1743413060.697632
1743413060.729627
1743413060.761384
1743413060.777751
1743413060.810075
1743413060.841994
1743413060.873130
1743413060.905938
1743413060.937909
1743413060.970107
1743413061.001398
1743413061.033963
1743413061.066022
1743413061.098140
1743413061.145459
1743413061.161559
1743413061.193794
1743413061.225467
1743413061.241409
1743413061.273854
1743413061.306095
1743413061.338014
1743413061.370096
1743413061.402074
1743413061.433505
1743413061.466178
1743413061.497825
1743413061.529437
1743413061.561102
1743413061.577507
1743413061.609637
1743413061.641776
1743413061.673348
1743413061.706129
1743413061.738046
1743413061.785718
1743413061.817196
1743413061.849938
1743413061.881934
1743413061.913611
1743413061.945141
1743413061.961692
1743413061.993615
1743413062.025615
1743413062.057397
1743413062.073385
1743413062.089589
1743413062.122018
1743413062.153370
1743413062.185862
1743413062.217908
1743413062.249920
1743413062.281309
1743413062.313553
1743413062.345607
1743413062.361615
1743413062.377915
1743413062.409899
1743413062.442046
1743413062.473783
1743413062.505236
1743413062.537911
1743413062.569917
1743413062.601826
1743413062.633381
1743413062.666131
1743413062.698084
1743413062.729840
1743413062.761323
1743413062.777529
1743413062.809656
1743413062.841758
1743413062.873202
1743413062.905364
1743413062.937909
1743413062.970005
1743413063.001305
1743413063.034229
1743413063.066118
1743413063.097919
1743413063.129064
1743413063.145382
1743413063.177676
1743413063.209387
1743413063.241210
1743413063.273738
1743413063.306111
1743413063.337989
1743413063.369544
1743413063.417741
1743413063.449879
1743413063.481987
1743413063.513030
1743413063.529404
1743413063.561586
1743413063.577533
1743413063.609242
1743413063.625599
1743413063.658000
1743413063.690047
1743413063.737671
1743413063.769698
1743413063.801930
1743413063.833718
1743413063.865352
1743413063.881401
1743413063.897409
1743413063.929527
1743413063.961124
1743413063.977578
1743413064.009837
1743413064.042002
1743413064.073382
1743413064.105931
1743413064.137837
1743413064.169728
1743413064.201278
1743413064.233794
1743413064.265602
1743413064.297760
1743413064.329267
1743413064.345554
1743413064.361743
1743413064.394216
1743413064.425072
1743413064.441323
1743413064.473863
1743413064.505941
1743413064.537289
1743413064.569941
1743413064.601750
1743413064.633966
1743413064.665371
1743413064.681616
1743413064.714237
1743413064.745526
1743413064.776996
1743413064.793366
1743413064.809605
1743413064.841752
1743413064.873253
1743413064.905942
1743413064.938013
1743413064.970024
1743413065.001451
1743413065.049873
1743413065.081902
1743413065.113481
1743413065.145097
1743413065.161546
1743413065.193482
1743413065.209528
1743413065.225598
1743413065.257771
1743413065.289913
1743413065.322191
1743413065.369851
1743413065.401804
1743413065.433658
1743413065.465865
1743413065.497341
1743413065.529720
1743413065.561503
1743413065.577504
1743413065.593682
1743413065.625781
1743413065.658055
1743413065.689813
1743413065.721203
1743413065.753901
1743413065.785798
1743413065.817746
1743413065.849288
1743413065.881823
1743413065.913521
1743413065.929459
1743413065.961491
1743413065.977794
1743413066.025506
1743413066.057480
1743413066.089246
1743413066.121989
1743413066.153868
1743413066.185982
1743413066.217398
1743413066.250210
1743413066.282255
1743413066.313860
1743413066.345155
1743413066.361375
1743413066.377464
1743413066.409696
1743413066.441214
1743413066.457259
1743413066.473337
1743413066.505960
1743413066.537330
1743413066.569906
1743413066.601938
1743413066.634276
1743413066.665265
1743413066.697642
1743413066.729240
1743413066.745295
1743413066.761482
1743413066.793486
1743413066.825484
1743413066.857949
1743413066.889321
1743413066.922040
1743413066.954134
1743413067.001788
1743413067.033183
1743413067.065814
1743413067.097687
1743413067.129494
1743413067.161053
1743413067.177584
1743413067.209811
1743413067.241798
1743413067.273433
1743413067.321698
1743413067.353788
1743413067.385925
1743413067.417464
1743413067.450265
1743413067.481987
1743413067.513417
1743413067.545190
1743413067.561551
1743413067.577783
1743413067.609731
1743413067.641389
1743413067.673627
1743413067.705827
1743413067.737961
1743413067.769258
1743413067.802034
1743413067.833727
1743413067.865981
1743413067.897507
1743413067.913577
1743413067.929608
1743413067.977413
1743413068.008991
1743413068.025339
1743413068.041514
1743413068.073777
1743413068.105256
1743413068.137961
1743413068.169935
1743413068.202005
1743413068.233401
1743413068.266013
1743413068.297710
1743413068.329355
1743413068.361000
1743413068.377320
1743413068.393451
1743413068.409617
1743413068.441190
1743413068.473714
1743413068.489145
1743413068.505568
1743413068.521709
1743413068.553660
1743413068.586065
1743413068.618121
1743413068.649638
1743413068.681894
1743413068.713628
1743413068.745416
1743413068.761426
1743413068.777612
1743413068.809089
1743413068.825551
1743413068.857908
1743413068.889930
1743413068.921502
1743413068.954095
1743413068.986016
1743413069.017730
1743413069.049289
1743413069.081938
1743413069.113766
1743413069.145700
1743413069.177158
1743413069.193515
1743413069.225959
1743413069.273333
1743413069.305210
1743413069.337857
1743413069.369938
1743413069.401811
1743413069.433273
1743413069.465860
1743413069.498026
1743413069.529608
1743413069.561282
1743413069.593837
1743413069.625378
1743413069.657685
1743413069.689133
1743413069.705142
1743413069.721374
1743413069.737404
1743413069.753579
1743413069.786224
1743413069.818142
1743413069.849973
1743413069.881632
1743413069.929333
1743413069.961364
1743413069.977416
1743413069.993606
1743413070.025637
1743413070.057677
1743413070.089672
1743413070.121265
1743413070.153917
1743413070.186175
1743413070.218052
1743413070.249144
1743413070.281824
1743413070.313336
1743413070.329301
1743413070.345378
1743413070.361459
1743413070.377667
1743413070.409780
1743413070.441279
1743413070.473685
1743413070.505880
1743413070.521297
1743413070.537677
1743413070.570387
1743413070.601858
1743413070.633708
1743413070.665141
1743413070.681364
1743413070.697438
1743413070.729692
1743413070.761110
1743413070.777562
1743413070.809678
1743413070.841826
1743413070.873515
1743413070.905965
1743413070.937588
1743413070.969841
1743413071.001361
1743413071.033951
1743413071.065910
1743413071.097809
1743413071.129103
1743413071.145555
1743413071.177848
1743413071.225447
1743413071.257001
1743413071.273076
1743413071.289242
1743413071.321883
1743413071.353237
1743413071.385866
1743413071.417959
1743413071.449880
1743413071.481351
1743413071.497548
1743413071.513598
1743413071.545871
1743413071.576965
1743413071.593320
1743413071.609382
1743413071.625478
1743413071.657132
1743413071.689631
1743413071.721779
1743413071.753871
1743413071.785279
1743413071.818034
1743413071.849963
1743413071.881999
1743413071.912953
1743413071.929255
1743413071.961529
1743413071.993299
1743413072.025277
1743413072.041268
1743413072.057338
1743413072.089699
1743413072.121523
1743413072.154093
1743413072.201736
1743413072.233727
1743413072.265120
1743413072.281300
1743413072.313358
1743413072.345360
1743413072.377019
1743413072.393469
1743413072.409593
1743413072.441715
1743413072.473457
1743413072.521543
1743413072.553686
1743413072.585950
1743413072.617147
1743413072.649915
1743413072.681867
1743413072.713445
1743413072.745044
1743413072.761587
1743413072.777792
1743413072.810035
1743413072.857498
1743413072.889746
1743413072.921898
1743413072.953713
1743413072.985186
1743413073.017806
1743413073.049804
1743413073.081899
1743413073.113121
1743413073.129549
1743413073.145599
1743413073.177945
1743413073.208995
1743413073.225269
1743413073.241424
1743413073.273813
1743413073.305213
1743413073.337833
1743413073.369992
1743413073.401769
1743413073.433345
1743413073.466048
1743413073.498048
1743413073.529385
1743413073.561118
1743413073.577496
1743413073.609512
1743413073.642007
1743413073.673109
1743413073.705944
1743413073.737881
1743413073.770045
1743413073.801416
1743413073.834012
1743413073.865673
1743413073.897666
1743413073.928957
1743413073.945238
1743413073.977545
1743413074.009613
1743413074.041146
1743413074.057159
1743413074.073533
1743413074.106191
1743413074.153701
1743413074.185883
1743413074.218016
1743413074.249748
1743413074.281236
1743413074.297314
1743413074.329599
1743413074.361595
1743413074.377718
1743413074.409602
1743413074.425613
1743413074.473705
1743413074.505109
1743413074.537804
1743413074.569793
1743413074.601624
1743413074.633171
1743413074.665643
1743413074.697760
1743413074.729687
1743413074.761208
1743413074.777746
1743413074.809837
1743413074.841570
1743413074.873097
1743413074.905802
1743413074.937846
1743413074.969981
1743413075.001330
1743413075.034009
1743413075.066157
1743413075.097956
1743413075.129180
1743413075.145251
1743413075.177321
1743413075.209404
1743413075.241082
1743413075.273957
1743413075.305899
1743413075.337863
1743413075.369397
1743413075.402065
1743413075.449525
1743413075.481646
1743413075.512928
1743413075.529266
1743413075.561364
1743413075.577353
1743413075.593416
1743413075.609506
1743413075.641693
1743413075.673795
1743413075.705390
1743413075.738031
1743413075.785646
1743413075.817648
1743413075.849121
1743413075.881229
1743413075.913585
1743413075.945348
1743413075.977404
1743413075.993390
1743413076.009541
1743413076.025658
1743413076.057904
1743413076.105674
1743413076.137042
1743413076.169759
1743413076.201618
1743413076.233786
1743413076.265220
1743413076.281285
1743413076.313399
1743413076.345289
1743413076.361537
1743413076.377740
1743413076.425539
1743413076.457676
1743413076.489021
1743413076.522004
1743413076.553809
1743413076.585760
1743413076.617217
1743413076.650282
1743413076.682026
1743413076.713742
1743413076.761303
1743413076.777450
1743413076.809544
1743413076.841642
1743413076.873162
1743413076.905771
1743413076.937843
1743413076.969952
1743413077.001301
1743413077.033882
1743413077.081618
1743413077.113399
1743413077.144965
1743413077.161431
1743413077.177493
1743413077.193518
1743413077.225097
1743413077.241281
1743413077.257417
1743413077.289799
1743413077.321351
1743413077.354009
1743413077.401620
1743413077.433527
1743413077.465281
1743413077.481423
1743413077.513393
1743413077.545390
1743413077.577008
1743413077.593353
1743413077.625666
1743413077.657750
1743413077.689356
1743413077.737597
1743413077.769653
1743413077.801859
1743413077.833198
1743413077.865889
1743413077.897809
1743413077.929715
1743413077.961063
1743413077.977518
1743413077.993591
1743413078.025623
1743413078.057477
1743413078.089596
1743413078.121662
1743413078.153664
1743413078.185218
1743413078.217864
1743413078.249848
1743413078.281933
1743413078.313073
1743413078.329343
1743413078.345442
1743413078.377583
1743413078.408876
1743413078.425168
1743413078.441354
1743413078.473524
1743413078.505200
1743413078.537751
1743413078.569835
1743413078.601698
1743413078.633250
1743413078.665983
1743413078.713613
1743413078.745191
1743413078.776902
1743413078.793209
1743413078.809368
1743413078.841620
1743413078.873085
1743413078.905913
1743413078.937792
1743413078.969991
1743413079.001307
1743413079.033854
1743413079.065638
1743413079.097608
1743413079.128897
1743413079.145265
1743413079.177441
1743413079.209549
1743413079.241067
1743413079.273807
1743413079.305926
1743413079.353518
1743413079.385085
1743413079.417839
1743413079.449802
1743413079.481868
1743413079.512913
1743413079.529223
1743413079.561323
1743413079.577451
1743413079.609411
1743413079.641803
1743413079.689496
1743413079.721988
1743413079.753086
1743413079.785824
1743413079.817690
1743413079.849844
1743413079.881197
1743413079.897306
1743413079.929548
1743413079.961635
1743413080.009249
1743413080.025245
1743413080.041299
1743413080.073816
1743413080.105157
1743413080.121161
1743413080.137284
1743413080.170264
1743413080.201213
1743413080.234094
1743413080.266004
1743413080.297881
1743413080.329134
1743413080.361366
1743413080.377351
1743413080.409279
1743413080.441294
1743413080.473754
1743413080.505765
1743413080.537812
1743413080.569168
1743413080.585209
1743413080.601465
1743413080.634037
1743413080.665190
1743413080.697491
1743413080.729190
1743413080.745291
1743413080.777040
1743413080.793439
1743413080.809526
1743413080.841718
1743413080.873093
1743413080.905882
1743413080.937903
1743413080.985574
1743413081.017005
1743413081.049699
1743413081.081664
1743413081.113416
1743413081.144936
1743413081.161322
1743413081.177536
1743413081.209548
1743413081.241215
1743413081.257263
1743413081.273478
1743413081.306031
1743413081.337032
1743413081.369607
1743413081.401814
1743413081.433499
1743413081.465205
1743413081.481271
1743413081.497387
1743413081.529542
1743413081.561012
1743413081.577624
1743413081.609705
1743413081.642110
1743413081.672967
1743413081.705803
1743413081.737720
1743413081.769759
1743413081.801127
1743413081.833610
1743413081.865939
1743413081.897840
1743413081.929192
1743413081.961748
1743413081.993373
1743413082.025536
1743413082.057178
1743413082.089615
1743413082.121773
1743413082.153811
1743413082.185228
1743413082.217910
1743413082.250005
1743413082.281999
1743413082.312836
1743413082.329221
1743413082.361217
1743413082.377322
1743413082.408934
1743413082.425458
1743413082.457680
1743413082.489847
1743413082.521165
1743413082.554133
1743413082.585911
1743413082.617857
1743413082.648973
1743413082.681773
1743413082.713452
1743413082.745263
1743413082.776954
1743413082.793207
1743413082.809576
1743413082.841657
1743413082.873196
1743413082.889237
1743413082.905535
1743413082.938234
1743413082.969022
1743413082.984951
1743413083.001208
1743413083.033683
1743413083.065070
1743413083.081215
1743413083.113355
1743413083.145545
1743413083.177061
1743413083.193448
1743413083.209758
1743413083.257568
1743413083.289343
1743413083.321697
1743413083.353758
1743413083.385718
1743413083.417791
1743413083.449927
1743413083.481105
1743413083.513525
1743413083.545570
1743413083.593118
1743413083.624916
1743413083.641060
1743413083.657200
1743413083.673291
1743413083.705212
1743413083.737750
1743413083.769804
1743413083.801895
1743413083.833208
1743413083.866193
1743413083.913576
1743413083.945186
1743413083.976818
1743413083.993238
1743413084.025411
1743413084.057754
1743413084.089121
1743413084.121598
1743413084.154257
1743413084.185844
1743413084.233404
1743413084.265606
1743413084.297746
1743413084.329046
1743413084.345154
1743413084.361364
1743413084.393326
1743413084.409344
1743413084.425465
1743413084.457986
1743413084.489828
1743413084.521914
1743413084.569658
1743413084.601605
1743413084.633707
1743413084.665894
1743413084.697157
1743413084.713329
1743413084.745343
1743413084.761425
1743413084.777535
1743413084.809687
1743413084.841533
1743413084.889488
1743413084.921020
1743413084.953922
1743413084.986208
1743413085.017996
1743413085.049110
1743413085.081864
1743413085.113253
1743413085.129305
1743413085.145432
1743413085.177714
1743413085.209868
1743413085.241471
1743413085.272967
1743413085.288927
1743413085.305201
1743413085.337727
1743413085.369143
1743413085.401694
1743413085.433815
1743413085.465840
1743413085.497341
1743413085.545072
1743413085.577649
1743413085.609254
1743413085.640980
1743413085.657132
1743413085.673264
1743413085.705769
1743413085.737141
1743413085.769877
1743413085.801743
1743413085.833856
1743413085.865061
1743413085.881085
1743413085.897181
1743413085.929372
1743413085.960774
1743413085.977417
1743413086.009348
1743413086.041684
1743413086.073091
1743413086.105685
1743413086.137734
1743413086.185679
1743413086.216953
1743413086.249872
1743413086.281637
1743413086.313310
1743413086.344878
1743413086.361253
1743413086.377423
1743413086.409537
1743413086.441208
1743413086.473669
1743413086.521548
1743413086.553586
1743413086.585091
1743413086.617677
1743413086.649835
1743413086.681779
1743413086.713058
1743413086.729231
1743413086.761638
1743413086.793684
1743413086.841295
1743413086.873564
1743413086.905594
1743413086.937712
1743413086.969126
1743413087.001744
1743413087.033727
1743413087.065804
1743413087.097281
1743413087.113457
1743413087.161229
1743413087.193299
1743413087.225039
1743413087.241075
1743413087.257218
1743413087.289465
1743413087.321128
1743413087.353945
1743413087.385787
1743413087.417628
1743413087.449290
1743413087.497561
1743413087.529333
1743413087.561277
1743413087.577415
1743413087.609394
1743413087.641497
1743413087.673381
1743413087.705512
1743413087.737903
1743413087.769938
1743413087.817848
1743413087.848992
1743413087.881708
1743413087.913321
1743413087.945348
1743413087.976865
1743413087.993190
1743413088.009432
1743413088.041593
1743413088.073256
1743413088.105782
1743413088.138421
1743413088.169654
1743413088.201008
1743413088.233584
1743413088.265663
1743413088.297686
1743413088.328930
1743413088.345239
1743413088.377366
1743413088.393469
1743413088.425145
1743413088.441260
1743413088.474002
1743413088.505804
1743413088.537111
1743413088.569788
1743413088.601564
1743413088.633650
1743413088.665115
1743413088.681246
1743413088.713550
1743413088.745693
1743413088.793207
1743413088.825477
1743413088.857607
1743413088.889479
1743413088.921070
1743413088.953252
1743413088.985816
1743413089.017843
1743413089.049172
1743413089.081945
1743413089.113926
1743413089.145089
1743413089.161093
1743413089.177326
1743413089.193324
1743413089.225587
1743413089.257581
1743413089.289636
1743413089.321102
1743413089.353617
1743413089.385791
1743413089.417850
1743413089.449083
1743413089.481541
1743413089.513335
1743413089.545405
1743413089.576772
1743413089.593111
1743413089.609203
1743413089.625479
1743413089.657071
1743413089.673232
1743413089.689363
1743413089.721904
1743413089.769751
1743413089.801512
1743413089.833559
1743413089.865502
1743413089.897103
1743413089.913176
1743413089.945227
1743413089.961249
1743413089.977510
1743413090.009860
1743413090.040679
1743413090.089469
1743413090.121154
1743413090.153461
1743413090.185508
1743413090.217709
1743413090.249128
1743413090.281743
1743413090.313261
1743413090.329170
1743413090.345338
1743413090.377527
1743413090.425129
1743413090.457447
1743413090.488948
1743413090.521495
1743413090.553552
1743413090.585708
1743413090.617075
1743413090.649655
1743413090.665482
1743413090.681586
1743413090.712979
1743413090.745507
1743413090.777213
1743413090.809158
1743413090.840893
1743413090.857090
1743413090.889874
1743413090.921732
1743413090.953147
1743413090.985852
1743413091.018002
1743413091.065626
1743413091.096892
1743413091.113126
1743413091.145327
1743413091.177312
1743413091.208934
1743413091.225168
1743413091.257713
1743413091.289649
1743413091.321433
1743413091.354044
1743413091.401544
1743413091.433495
1743413091.465081
1743413091.497470
1743413091.529190
1743413091.545147
1743413091.561351
1743413091.593577
1743413091.625272
1743413091.657634
1743413091.689216
1743413091.721925
1743413091.753512
1743413091.785574
1743413091.817038
1743413091.849693
1743413091.881755
1743413091.913196
1743413091.944975
1743413091.961417
1743413091.977692
1743413092.009587
1743413092.041122
1743413092.073693
1743413092.105493
1743413092.137707
1743413092.168988
1743413092.201791
1743413092.233599
1743413092.265822
1743413092.297192
1743413092.329425
1743413092.377020
1743413092.409401
1743413092.440892
1743413092.457049
1743413092.489433
1743413092.521748
1743413092.553091
1743413092.585579
1743413092.617771
1743413092.649978
1743413092.697545
1743413092.729143
1743413092.761076
1743413092.777284
1743413092.808844
1743413092.825169
1743413092.857499
1743413092.889702
1743413092.921189
1743413092.953779
1743413092.985832
1743413093.017796
1743413093.048919
1743413093.081440
1743413093.113207
1743413093.129072
1743413093.145201
1743413093.177378
1743413093.209211
1743413093.241598
1743413093.273155
1743413093.305911
1743413093.353629
1743413093.385480
1743413093.416872
1743413093.449577
1743413093.481606
1743413093.513365
1743413093.544798
1743413093.561194
1743413093.577311
1743413093.593444
1743413093.609683
1743413093.625757
1743413093.673508
1743413093.705495
1743413093.737038
1743413093.769862
1743413093.801666
1743413093.833502
1743413093.865031
1743413093.881216
1743413093.897248
1743413093.929468
1743413093.960957
1743413093.993444
1743413094.025134
1743413094.057493
1743413094.089030
1743413094.121669
1743413094.153734
1743413094.186066
1743413094.217082
1743413094.249799
1743413094.281701
1743413094.329139
1743413094.360732
1743413094.377240
1743413094.393358
1743413094.425273
1743413094.456974
1743413094.489481
1743413094.521669
1743413094.553923
1743413094.585158
1743413094.618300
1743413094.649860
1743413094.681419
1743413094.697083
1743413094.713270
1743413094.745173
1743413094.761305
1743413094.792784
1743413094.809144
1743413094.841362
1743413094.873790
1743413094.905221
1743413094.937870
1743413094.969809
1743413095.001589
1743413095.032912
1743413095.065468
1743413095.097608
1743413095.129361
1743413095.160819
1743413095.177342
1743413095.209404
1743413095.241636
1743413095.273142
1743413095.305830
1743413095.337542
1743413095.369458
1743413095.400959
1743413095.433488
1743413095.465595
1743413095.497823
1743413095.528912
1743413095.545308
1743413095.577393
1743413095.625225
1743413095.656878
1743413095.689512
1743413095.721560
1743413095.753604
1743413095.784946
1743413095.817712
1743413095.849661
1743413095.881713
1743413095.912985
1743413095.945842
1743413095.977222
1743413096.009153
1743413096.040932
1743413096.073719
1743413096.105564
1743413096.137522
1743413096.169283
1743413096.201857
1743413096.233779
1743413096.281569
1743413096.312820
1743413096.329139
1743413096.361187
1743413096.393123
1743413096.424904
1743413096.441290
1743413096.457485
1743413096.489612
1743413096.521781
1743413096.554037
1743413096.601653
1743413096.633520
1743413096.665538
1743413096.697828
1743413096.728893
1743413096.745120
1743413096.777512
1743413096.809425
1743413096.841078
1743413096.857178
1743413096.889952
1743413096.921757
1743413096.953014
1743413096.985414
1743413097.017609
1743413097.049693
1743413097.080973
1743413097.097087
1743413097.113320
1743413097.145310
1743413097.177083
1743413097.193238
1743413097.209388
1743413097.225513
1743413097.257234
1743413097.289588
1743413097.321878
1743413097.353696
1743413097.385126
1743413097.417586
1743413097.449684
1743413097.481688
1743413097.513154
1743413097.529163
1743413097.545317
1743413097.577600
1743413097.608696
1743413097.625074
1743413097.641155
1743413097.673495
1743413097.704998
1743413097.737688
1743413097.769651
1743413097.801750
1743413097.833135
1743413097.866130
1743413097.898080
1743413097.929004
1743413097.960764
1743413097.977215
1743413098.009379
1743413098.041446
1743413098.073106
1743413098.105733
1743413098.137533
1743413098.169943
1743413098.201205
1743413098.233573
1743413098.265454
1743413098.296950
1743413098.328692
1743413098.345110
1743413098.377393
1743413098.409217
1743413098.440996
1743413098.457160
1743413098.489683
1743413098.521844
1743413098.553074
1743413098.585714
1743413098.617511
1743413098.649655
1743413098.680984
1743413098.697055
1743413098.729407
1743413098.745039
1743413098.761308
1743413098.793365
1743413098.809439
1743413098.841498
1743413098.873070
1743413098.905595
1743413098.937419
1743413098.969676
1743413099.000883
1743413099.033429
1743413099.065608
1743413099.097619
1743413099.128866
1743413099.145354
1743413099.177477
1743413099.209655
1743413099.240935
1743413099.273534
1743413099.305799
1743413099.337614
1743413099.368965
1743413099.401613
1743413099.433475
1743413099.465686
1743413099.497248
1743413099.529805
1743413099.561142
1743413099.577125
1743413099.608799
1743413099.625139
1743413099.657430
1743413099.689372
1743413099.721061
1743413099.753855
1743413099.785758
1743413099.817696
1743413099.849050
1743413099.881495
1743413099.913030
1743413099.945046
1743413099.976851
1743413099.993049
1743413100.009306
1743413100.025423
1743413100.057005
1743413100.089681
1743413100.121802
1743413100.153808
1743413100.185198
1743413100.217520
1743413100.249429
1743413100.281670
1743413100.312689
1743413100.329039
1743413100.345079
1743413100.377541
1743413100.408836
1743413100.425193
1743413100.441467
1743413100.457437
1743413100.505558
1743413100.537553
1743413100.569479
1743413100.601583
1743413100.633007
1743413100.665647
1743413100.697766
1743413100.729291
1743413100.760846
1743413100.777542
1743413100.825178
1743413100.857386
1743413100.888857
1743413100.921425
1743413100.953458
1743413100.985476
1743413101.016989
1743413101.050153
1743413101.081656
1743413101.113433
1743413101.160994
1743413101.177106
1743413101.193140
1743413101.225287
1743413101.256826
1743413101.289413
1743413101.321433
1743413101.353550
1743413101.384990
1743413101.417747
1743413101.449986
1743413101.481774
1743413101.512673
1743413101.528902
1743413101.561247
1743413101.593044
1743413101.624773
1743413101.640994
1743413101.673696
1743413101.705705
1743413101.737186
1743413101.769803
1743413101.801726
1743413101.833537
1743413101.864854
1743413101.881027
1743413101.913313
1743413101.945033
1743413101.976762
1743413101.993160
1743413102.025418
1743413102.057636
1743413102.089048
1743413102.105035
1743413102.137748
1743413102.169433
1743413102.201006
1743413102.233514
1743413102.265658
1743413102.297475
1743413102.328984
1743413102.345153
1743413102.377326
1743413102.409425
1743413102.457443
1743413102.489376
1743413102.521575
1743413102.553585
1743413102.584974
1743413102.617475
1743413102.649779
1743413102.681565
1743413102.712870
1743413102.729108
1743413102.745289
1743413102.777633
1743413102.808777
1743413102.825066
1743413102.841166
1743413102.873589
1743413102.904941
1743413102.920975
1743413102.953578
1743413102.985888
1743413103.017003
1743413103.049610
1743413103.081693
1743413103.113559
1743413103.144694
1743413103.160985
1743413103.177147
1743413103.209354
1743413103.240813
1743413103.273391
1743413103.305580
1743413103.337531
1743413103.369122
1743413103.402146
1743413103.433491
1743413103.465424
1743413103.496873
1743413103.513027
1743413103.545383
1743413103.577102
1743413103.608732
1743413103.625136
1743413103.641252
1743413103.673496
1743413103.705126
1743413103.753382
1743413103.785520
1743413103.817474
1743413103.849576
1743413103.881565
1743413103.913144
1743413103.929064
1743413103.945124
1743413103.961139
1743413103.977501
1743413104.009284
1743413104.041535
1743413104.089234
1743413104.120829
1743413104.153768
1743413104.185753
1743413104.217607
1743413104.249288
1743413104.281989
1743413104.313641
1743413104.345430
1743413104.377026
1743413104.409872
1743413104.441216
1743413104.473416
1743413104.504994
1743413104.537510
1743413104.569701
1743413104.601575
1743413104.632971
1743413104.665933
1743413104.697891
1743413104.729629
1743413104.760573
1743413104.777092
1743413104.808965
1743413104.824961
1743413104.841151
1743413104.873579
1743413104.905565
1743413104.937544
1743413104.968962
1743413104.984848
1743413105.001145
1743413105.017282
1743413105.065482
1743413105.097537
1743413105.129049
1743413105.161151
1743413105.192716
1743413105.209096
1743413105.241220
1743413105.273464
1743413105.305021
1743413105.337738
1743413105.385498
1743413105.417767
1743413105.448817
1743413105.481616
1743413105.513409
1743413105.545081
1743413105.576734
1743413105.593226
1743413105.625571
1743413105.657696
1743413105.705309
1743413105.737524
1743413105.769576
1743413105.801440
1743413105.832946
1743413105.865575
1743413105.897796
1743413105.929333
1743413105.960918
1743413105.977359
1743413106.009336
1743413106.041674
1743413106.072730
1743413106.105518
1743413106.137508
1743413106.169521
1743413106.200948
1743413106.233780
1743413106.265580
1743413106.297677
1743413106.328887
1743413106.361491
1743413106.392789
1743413106.408781
1743413106.425217
1743413106.457393
1743413106.489335
1743413106.521353
1743413106.552903
1743413106.585745
1743413106.617538
1743413106.649760
1743413106.680995
1743413106.712938
1743413106.728974
1743413106.761071
1743413106.792946
1743413106.809023
1743413106.825104
1743413106.857376
1743413106.888906
1743413106.921730
1743413106.953696
1743413106.985530
1743413107.016951
1743413107.049416
1743413107.081491
1743413107.113314
1743413107.144681
1743413107.161082
1743413107.177256
1743413107.209428
1743413107.240907
1743413107.256970
1743413107.273170
1743413107.305546
1743413107.336843
1743413107.369178
1743413107.401567
1743413107.433276
1743413107.464857
1743413107.480993
1743413107.513444
1743413107.545435
1743413107.576967
1743413107.593356
1743413107.625632
1743413107.656175
1743413107.672626
1743413107.689087
1743413107.721537
1743413107.753465
1743413107.784930
1743413107.817746
1743413107.849935
1743413107.881879
1743413107.913109
1743413107.929314
1743413107.961446
1743413107.993713
1743413108.024666
1743413108.041054
1743413108.073417
1743413108.105457
1743413108.136924
1743413108.169646
1743413108.201593
1743413108.233578
1743413108.265051
1743413108.281219
1743413108.313637
1743413108.345027
1743413108.376858
1743413108.392974
1743413108.409053
1743413108.425120
1743413108.456915
1743413108.489262
1743413108.521691
1743413108.553823
1743413108.585053
1743413108.633367
1743413108.665479
1743413108.697601
1743413108.728697
1743413108.744896
1743413108.760975
1743413108.777263
1743413108.808796
1743413108.825116
1743413108.841223
1743413108.873380
1743413108.905068
1743413108.937716
1743413108.969590
1743413109.001349
1743413109.032766
1743413109.065527
1743413109.097418
1743413109.129068
1743413109.160624
1743413109.177234
1743413109.209319
1743413109.241517
1743413109.288999
1743413109.321438
1743413109.353485
1743413109.385322
1743413109.416855
1743413109.449525
1743413109.481459
1743413109.513444
1743413109.544776
1743413109.561211
1743413109.577436
1743413109.609443
1743413109.640703
1743413109.656788
1743413109.672975
1743413109.705525
1743413109.736865
1743413109.769615
1743413109.801575
1743413109.833583
1743413109.864939
1743413109.881209
1743413109.913335
1743413109.945718
1743413109.976723
1743413109.992973
1743413110.025294
1743413110.057214
1743413110.088877
1743413110.104756
1743413110.121082
1743413110.153609
1743413110.185065
1743413110.217697
1743413110.265415
1743413110.297310
1743413110.328587
1743413110.344859
1743413110.377039
1743413110.409051
1743413110.440898
1743413110.457033
1743413110.489657
1743413110.521642
1743413110.553055
1743413110.585958
1743413110.617323
1743413110.649645
1743413110.680904
1743413110.713284
1743413110.745126
1743413110.777113
1743413110.808735
1743413110.825057
1743413110.841292
1743413110.857094
1743413110.873249
1743413110.889186
1743413110.921932
1743413110.953493
1743413110.984784
1743413111.000756
1743413111.017194
1743413111.033180
1743413111.049029
1743413111.065053
1743413111.081246
1743413111.097103
1743413111.113072
1743413111.129048
1743413111.145199
1743413111.161208
1743413111.177336
1743413111.193322
1743413111.209384
1743413111.241627
1743413111.273275
1743413111.288616
1743413111.304985
1743413111.321001
1743413111.337041
1743413111.352999
1743413111.369080
1743413111.385024
1743413111.401075
1743413111.417013
1743413111.433127
1743413111.449079
1743413111.465037
1743413111.481180
1743413111.497214
1743413111.513267
1743413111.529218
1743413111.561402
1743413111.577086
1743413111.592960
1743413111.609068
1743413111.624997
1743413111.641018
1743413111.657087
1743413111.673047
1743413111.688925
1743413111.705223
1743413111.721107
1743413111.737144
1743413111.753140
1743413111.769184
1743413111.785072
1743413111.801121
1743413111.817206
1743413111.833190
1743413111.849285
1743413111.865189
1743413111.897698
1743413111.928681
1743413111.944934
1743413111.960955
1743413111.977168
1743413111.993183
1743413112.009325
1743413112.025272
1743413112.041101
1743413112.057083
1743413112.073190
1743413112.088989
1743413112.105085
1743413112.121182
1743413112.137222
1743413112.153211
1743413112.169201
1743413112.185256
1743413112.217748
1743413112.249431
1743413112.281364
1743413112.296997
1743413112.313050
1743413112.329139
1743413112.344930
1743413112.361179
1743413112.377344
1743413112.393230
1743413112.409173
1743413112.425220
1743413112.441438
1743413112.457167
1743413112.473077
1743413112.489153
1743413112.505237
1743413112.537523
1743413112.553044
1743413112.569164
1743413112.585074
1743413112.600998
1743413112.617041
1743413112.633088
1743413112.649026
1743413112.665020
1743413112.681069
1743413112.697070
1743413112.713068
1743413112.729106
1743413112.744937
1743413112.761169
1743413112.777269
1743413112.793264
1743413112.809293
1743413112.825319
1743413112.841406
1743413112.873714
1743413112.905579
1743413112.936787
1743413112.952902
1743413112.968929
1743413112.984927
1743413113.001136
1743413113.017162
1743413113.033009
1743413113.049018
1743413113.065200
1743413113.081075
1743413113.097146
1743413113.113183
1743413113.129180
1743413113.145164
1743413113.161231
1743413113.193629
1743413113.224573
1743413113.240863
1743413113.256897
1743413113.272974
1743413113.288949
1743413113.304971
1743413113.321075
1743413113.337164
1743413113.353052
1743413113.368989
1743413113.385051
1743413113.401074
1743413113.417158
1743413113.433168
1743413113.449223
1743413113.465185
1743413113.481276
1743413113.513158
1743413113.528810
1743413113.544829
1743413113.561058
1743413113.577144
1743413113.593038
1743413113.609009
1743413113.625143
1743413113.641103
1743413113.657051
1743413113.673081
1743413113.689079
1743413113.705116
1743413113.721105
1743413113.737089
1743413113.753206
1743413113.769254
1743413113.785206
1743413113.801179
1743413113.817284
1743413113.849901
1743413113.881342
1743413113.896925
1743413113.913021
1743413113.929011
1743413113.944940
1743413113.960957
1743413113.977217
1743413113.993056
1743413114.009164
1743413114.025239
1743413114.041229
1743413114.057186
1743413114.073165
1743413114.089092
1743413114.105204
1743413114.121190
1743413114.137279
1743413114.169526
1743413114.200750
1743413114.216674
1743413114.232940
1743413114.248940
1743413114.265077
1743413114.281084
1743413114.297037
1743413114.312992
1743413114.329077
1743413114.344961
1743413114.361194
1743413114.377296
1743413114.393156
1743413114.409320
1743413114.425273
1743413114.441236
1743413114.457233
1743413114.489381
1743413114.521285
1743413114.553509
1743413114.584799
1743413114.600655
1743413114.616950
1743413114.633089
1743413114.649087
1743413114.665110
1743413114.681133
1743413114.697030
1743413114.713145
1743413114.729152
1743413114.745252
1743413114.761197
1743413114.777481
1743413114.793278
1743413114.825609
1743413114.857554
1743413114.888735
1743413114.904602
1743413114.920943
1743413114.937021
1743413114.952519
1743413114.969146
1743413114.985053
1743413115.001024
1743413115.017189
1743413115.033088
1743413115.049078
1743413115.065115
1743413115.081189
1743413115.097232
1743413115.113174
1743413115.145598
1743413115.176571
1743413115.193006
1743413115.209075
1743413115.225110
1743413115.241007
1743413115.257152
1743413115.273101
1743413115.288970
1743413115.305192
1743413115.321050
1743413115.337149
1743413115.353062
1743413115.369269
1743413115.385152
1743413115.401208
1743413115.417222
1743413115.433235
1743413115.465185
1743413115.480995
1743413115.496949
1743413115.512915
1743413115.528912
1743413115.545004
1743413115.560978
1743413115.577066
1743413115.593084
1743413115.609175
1743413115.625131
1743413115.641310
1743413115.657076
1743413115.673160
1743413115.689097
1743413115.705119
1743413115.721169
1743413115.737198
1743413115.753170
1743413115.769241
1743413115.801872
1743413115.832741
1743413115.848647
1743413115.865032
1743413115.881006
1743413115.897032
1743413115.913008
1743413115.929027
1743413115.944933
1743413115.961092
1743413115.977177
1743413115.993270
1743413116.009167
1743413116.025248
1743413116.041269
1743413116.057317
1743413116.073247
1743413116.089149
1743413116.121981
1743413116.153430
1743413116.185345
1743413116.216720
1743413116.232609
1743413116.249012
1743413116.264922
1743413116.281037
1743413116.297015
1743413116.313055
1743413116.329046
1743413116.345027
1743413116.361138
1743413116.377322
1743413116.393180
1743413116.409280
1743413116.441810
1743413116.473265
1743413116.488539
1743413116.505017
1743413116.520974
1743413116.537003
1743413116.552987
1743413116.569048
1743413116.585008
1743413116.600995
1743413116.616900
1743413116.633117
1743413116.649041
1743413116.665157
1743413116.681033
1743413116.697163
1743413116.713171
1743413116.729175
1743413116.745183
1743413116.776829
1743413116.792928
1743413116.809018
1743413116.825103
1743413116.841189
1743413116.856939
1743413116.872984
1743413116.888900
1743413116.905005
1743413116.921000
1743413116.937142
1743413116.952996
1743413116.969145
1743413116.985116
1743413117.001065
1743413117.017082
1743413117.033247
1743413117.049183
1743413117.065200
1743413117.097575
1743413117.113236
1743413117.128972
1743413117.144956
1743413117.160979
1743413117.177140
1743413117.193049
1743413117.209008
1743413117.225106
1743413117.241149
1743413117.257021
1743413117.273016
1743413117.288983
1743413117.305238
1743413117.321035
1743413117.337159
1743413117.353131
1743413117.369228
1743413117.385247
1743413117.417784
1743413117.449315
1743413117.480828
1743413117.496877
1743413117.512931
1743413117.528880
1743413117.545002
1743413117.561174
1743413117.577410
1743413117.593050
1743413117.609274
1743413117.625240
1743413117.641475
1743413117.657020
1743413117.673300
1743413117.689142
1743413117.705266
1743413117.721189
1743413117.753500
1743413117.785389
1743413117.800815
1743413117.816990
1743413117.832925
1743413117.848926
1743413117.864971
1743413117.880977
1743413117.897048
1743413117.913043
1743413117.928980
1743413117.944999
1743413117.961175
1743413117.977649
1743413117.993169
1743413118.009120
1743413118.025294
1743413118.041365
1743413118.073598
1743413118.105424
1743413118.136702
1743413118.152576
1743413118.168876
1743413118.185044
1743413118.201094
1743413118.216951
1743413118.232937
1743413118.248947
1743413118.265085
1743413118.281086
1743413118.297087
1743413118.312986
1743413118.329076
1743413118.345157
1743413118.361149
1743413118.393521
1743413118.424575
1743413118.440733
1743413118.456882
1743413118.472833
1743413118.488979
1743413118.505020
1743413118.520881
1743413118.536941
1743413118.553030
1743413118.569001
1743413118.584990
1743413118.600999
1743413118.617090
1743413118.633076
1743413118.649158
1743413118.665111
1743413118.681250
1743413118.697216
1743413118.729115
1743413118.745002
1743413118.761010
1743413118.777098
1743413118.793110
1743413118.809304
1743413118.825109
1743413118.841247
1743413118.857090
1743413118.873296
1743413118.889198
1743413118.905253
1743413118.921264
1743413118.937163
1743413118.953238
1743413118.969237
1743413118.985252
1743413119.001239
1743413119.017376
1743413119.049043
1743413119.064884
1743413119.080979
1743413119.097054
1743413119.113101
1743413119.129108
1743413119.145137
1743413119.161073
1743413119.177198
1743413119.193213
1743413119.209175
1743413119.225178
1743413119.241269
1743413119.257128
1743413119.273166
1743413119.289253
1743413119.305195
1743413119.321406
1743413119.337427
1743413119.368963
1743413119.384668
1743413119.400910
1743413119.416905
1743413119.433029
1743413119.448906
1743413119.464968
1743413119.480978
1743413119.496990
1743413119.513104
1743413119.529136
1743413119.545166
1743413119.561207
1743413119.577279
1743413119.593237
1743413119.609301
1743413119.625408
1743413119.641480
1743413119.657449
1743413119.673264
1743413119.705614
1743413119.737638
1743413119.768865
1743413119.784640
1743413119.800912
1743413119.817005
1743413119.832937
1743413119.849264
1743413119.864849
1743413119.881031
1743413119.897104
1743413119.913146
1743413119.929128
1743413119.945103
1743413119.961345
1743413119.977417
1743413119.993333
1743413120.025791
1743413120.056662
1743413120.072705
1743413120.088916
1743413120.104955
1743413120.121073
1743413120.137110
1743413120.153127
1743413120.169052
1743413120.185177
1743413120.201107
1743413120.217073
1743413120.233071
1743413120.249196
1743413120.265192
1743413120.281132
1743413120.297240
1743413120.313226
1743413120.345552
1743413120.360959
1743413120.377041
1743413120.393075
1743413120.409100
1743413120.425337
1743413120.441077
1743413120.472520
1743413120.488828
1743413120.522032
1743413120.553419
1743413120.584981
1743413120.600961
1743413120.617131
1743413120.633223
1743413120.649391
1743413120.681591
1743413120.712843
1743413120.728792
1743413120.745029
1743413120.760995
1743413120.777255
1743413120.793078
1743413120.809134
1743413120.825338
1743413120.841240
1743413120.856967
