1743413489.705696
1743413489.785292
1743413489.833695
1743413489.865675
1743413489.896945
1743413489.929015
1743413489.960857
1743413489.977513
1743413489.994000
1743413490.025949
1743413490.057785
1743413490.088781
1743413490.110275
1743413490.136806
1743413490.170979
1743413490.201775
1743413490.234463
1743413490.265951
1743413490.298366
1743413490.330097
1743413490.361214
1743413490.393750
1743413490.426477
1743413490.458342
1743413490.506312
1743413490.538216
1743413490.570788
1743413490.603618
1743413490.635790
1743413490.667348
1743413490.699857
1743413490.731841
1743413490.764057
1743413490.795943
1743413490.827490
1743413490.859376
1743413490.890791
1743413490.923170
1743413490.955196
1743413490.987428
1743413491.020207
1743413491.051643
1743413491.081869
1743413491.113894
1743413491.145727
1743413491.161910
1743413491.177550
1743413491.193743
1743413491.225759
1743413491.241518
1743413491.257509
1743413491.273607
1743413491.289787
1743413491.305826
1743413491.321864
1743413491.338022
1743413491.369578
1743413491.400673
1743413491.417856
1743413491.449798
1743413491.482418
1743413491.514005
1743413491.545946
1743413491.577466
1743413491.593655
1743413491.609511
1743413491.625566
1743413491.641681
1743413491.657686
1743413491.673707
1743413491.689857
1743413491.706136
1743413491.721812
1743413491.737943
1743413491.753809
1743413491.769801
1743413491.802287
1743413491.833745
1743413491.849406
1743413491.865520
1743413491.881638
1743413491.897588
1743413491.913765
1743413491.929688
1743413491.945642
1743413491.961751
1743413491.977737
1743413491.993650
1743413492.009685
1743413492.025759
1743413492.041642
1743413492.057766
1743413492.073938
1743413492.089973
1743413492.122188
1743413492.152895
1743413492.169716
1743413492.185458
1743413492.201645
1743413492.217622
1743413492.233561
1743413492.249610
1743413492.265650
1743413492.281767
1743413492.297534
1743413492.313635
1743413492.329597
1743413492.345661
1743413492.361564
1743413492.377672
1743413492.393940
1743413492.409763
1743413492.425788
1743413492.457943
1743413492.473570
1743413492.489588
1743413492.505802
1743413492.521611
1743413492.537785
1743413492.553653
1743413492.569551
1743413492.585594
1743413492.601591
1743413492.617811
1743413492.633616
1743413492.649924
1743413492.665874
1743413492.681696
1743413492.697700
1743413492.713791
1743413492.729724
1743413492.745841
1743413492.778259
1743413492.809796
1743413492.825437
1743413492.841537
1743413492.857540
1743413492.873561
1743413492.889641
1743413492.905733
1743413492.921700
1743413492.937780
1743413492.953645
1743413492.969621
1743413492.985629
1743413493.001561
1743413493.017717
1743413493.033881
1743413493.049760
1743413493.065831
1743413493.098165
1743413493.129265
1743413493.145259
1743413493.161648
1743413493.193948
1743413493.209431
1743413493.225561
1743413493.241597
1743413493.257488
1743413493.273651
1743413493.289788
1743413493.305729
1743413493.321727
1743413493.337818
1743413493.353884
1743413493.369757
1743413493.385897
1743413493.401853
1743413493.434692
1743413493.466004
1743413493.497893
1743413493.529369
1743413493.545214
1743413493.561597
1743413493.594005
1743413493.609660
1743413493.625699
1743413493.641751
1743413493.657753
1743413493.673739
1743413493.689949
1743413493.705785
1743413493.721786
1743413493.753491
1743413493.769314
1743413493.785547
1743413493.801398
1743413493.817562
1743413493.833696
1743413493.849585
1743413493.865659
1743413493.881594
1743413493.897661
1743413493.913701
1743413493.929673
1743413493.945624
1743413493.961605
1743413493.977684
1743413493.993632
1743413494.009861
1743413494.025914
1743413494.073518
1743413494.089424
1743413494.105474
1743413494.121563
1743413494.137545
1743413494.153728
1743413494.185397
1743413494.201344
1743413494.217677
1743413494.233506
1743413494.249570
1743413494.265664
1743413494.281690
1743413494.297606
1743413494.313809
1743413494.329912
1743413494.345784
1743413494.361800
1743413494.377811
1743413494.410294
1743413494.441414
1743413494.457467
1743413494.473697
1743413494.489618
1743413494.505505
1743413494.521673
1743413494.537729
1743413494.553683
1743413494.569496
1743413494.585584
1743413494.601640
1743413494.617669
1743413494.633745
1743413494.649650
1743413494.665716
1743413494.681810
1743413494.714440
1743413494.745883
1743413494.777242
1743413494.793345
1743413494.809408
1743413494.825623
1743413494.841680
1743413494.857498
1743413494.873549
1743413494.889632
1743413494.905728
1743413494.921719
1743413494.937794
1743413494.953832
1743413494.969744
1743413494.985888
1743413495.001812
1743413495.017780
1743413495.049521
1743413495.065120
1743413495.081450
1743413495.097434
1743413495.113497
1743413495.129569
1743413495.145462
1743413495.161468
1743413495.177610
1743413495.193505
1743413495.209542
1743413495.225627
1743413495.241679
1743413495.257776
1743413495.274158
1743413495.289962
1743413495.305770
1743413495.321689
1743413495.337668
1743413495.353848
1743413495.385544
1743413495.401408
1743413495.417569
1743413495.433618
1743413495.449536
1743413495.465728
1743413495.481531
1743413495.497519
1743413495.513693
1743413495.529552
1743413495.545624
1743413495.561556
1743413495.577696
1743413495.593664
1743413495.609655
1743413495.625740
1743413495.641749
1743413495.673439
1743413495.706140
1743413495.737592
1743413495.753389
1743413495.769383
1743413495.785514
1743413495.801403
1743413495.817558
1743413495.833503
1743413495.849715
1743413495.865642
1743413495.881489
1743413495.897545
1743413495.913649
1743413495.929546
1743413495.945809
1743413495.961717
1743413495.977889
1743413495.993744
1743413496.025823
1743413496.041553
1743413496.057528
1743413496.073462
1743413496.089664
1743413496.105537
1743413496.121668
1743413496.137875
1743413496.169910
1743413496.201911
1743413496.233373
1743413496.249274
1743413496.265596
1743413496.281708
1743413496.297814
1743413496.313962
1743413496.329744
1743413496.362476
1743413496.393406
1743413496.409416
1743413496.425635
1743413496.441405
1743413496.457578
1743413496.473503
1743413496.489703
1743413496.505783
1743413496.521636
1743413496.537819
1743413496.553718
1743413496.569525
1743413496.585720
1743413496.601693
1743413496.617682
1743413496.633705
1743413496.649910
1743413496.682697
1743413496.713958
1743413496.745770
1743413496.777290
1743413496.793550
1743413496.809506
1743413496.825518
1743413496.841578
1743413496.857599
1743413496.873626
1743413496.889652
1743413496.905543
1743413496.921762
1743413496.937865
1743413496.953815
1743413496.969957
1743413497.002056
1743413497.033871
1743413497.065719
1743413497.097345
1743413497.113127
1743413497.129644
1743413497.145747
1743413497.161665
1743413497.177606
1743413497.193510
1743413497.209548
1743413497.225683
1743413497.241649
1743413497.257773
1743413497.273787
1743413497.289851
1743413497.305990
1743413497.338225
1743413497.369748
1743413497.401555
1743413497.417377
1743413497.433468
1743413497.449541
1743413497.465772
1743413497.481564
1743413497.497573
1743413497.513494
1743413497.529646
1743413497.545593
1743413497.561692
1743413497.577616
1743413497.593776
1743413497.609778
1743413497.625708
1743413497.658055
1743413497.689147
1743413497.705465
1743413497.721607
1743413497.737581
1743413497.753544
1743413497.769656
1743413497.801897
1743413497.833960
1743413497.865489
1743413497.881284
1743413497.897502
1743413497.913577
1743413497.929725
1743413497.945713
1743413497.977970
1743413498.009317
1743413498.025534
1743413498.041459
1743413498.057516
1743413498.073506
1743413498.089617
1743413498.105612
1743413498.121615
1743413498.137724
1743413498.153656
1743413498.169597
1743413498.185457
1743413498.201587
1743413498.217684
1743413498.233729
1743413498.249770
1743413498.265858
1743413498.281785
1743413498.314333
1743413498.345802
1743413498.377891
1743413498.393669
1743413498.409560
1743413498.425513
1743413498.441592
1743413498.457536
1743413498.473516
1743413498.489667
1743413498.505838
1743413498.521705
1743413498.537743
1743413498.553863
1743413498.569611
1743413498.585835
1743413498.601711
1743413498.634433
1743413498.665983
1743413498.697248
1743413498.713152
1743413498.729467
1743413498.745421
1743413498.761621
1743413498.777323
1743413498.793629
1743413498.809485
1743413498.825694
1743413498.841582
1743413498.857542
1743413498.873821
1743413498.889793
1743413498.905822
1743413498.921935
1743413498.954371
1743413498.985146
1743413499.001026
1743413499.017459
1743413499.033423
1743413499.049476
1743413499.065493
1743413499.081562
1743413499.097522
1743413499.113593
1743413499.129464
1743413499.145556
1743413499.161501
1743413499.177727
1743413499.193610
1743413499.209755
1743413499.225670
1743413499.241722
1743413499.257739
1743413499.289954
1743413499.321631
1743413499.337343
1743413499.353447
1743413499.369326
1743413499.385537
1743413499.401491
1743413499.417459
1743413499.433549
1743413499.449506
1743413499.465621
1743413499.481691
1743413499.497584
1743413499.513575
1743413499.529615
1743413499.545822
1743413499.561669
1743413499.577629
1743413499.609303
1743413499.625414
1743413499.641413
1743413499.657493
1743413499.673433
1743413499.689575
1743413499.705534
1743413499.721455
1743413499.753220
1743413499.785785
1743413499.818266
1743413499.850216
1743413499.881531
1743413499.929693
1743413499.961884
1743413499.993777
1743413500.025448
1743413500.057490
1743413500.089448
1743413500.105424
1743413500.121718
1743413500.153934
1743413500.185890
1743413500.218016
1743413500.265910
1743413500.297855
1743413500.329787
1743413500.361974
1743413500.393295
1743413500.409428
1743413500.425701
1743413500.457669
1743413500.489311
1743413500.505678
1743413500.537605
1743413500.570236
1743413500.601245
1743413500.633811
1743413500.666209
1743413500.698065
1743413500.729441
1743413500.761469
1743413500.794105
1743413500.825739
1743413500.857569
1743413500.873748
1743413500.906147
1743413500.937635
1743413500.969814
1743413501.001845
1743413501.033283
1743413501.065988
1743413501.097923
1743413501.129892
1743413501.161408
1743413501.194068
1743413501.241430
1743413501.273322
1743413501.305066
1743413501.321565
1743413501.353805
1743413501.385708
1743413501.417399
1743413501.449919
1743413501.481968
1743413501.514079
1743413501.561848
1743413501.593872
1743413501.625502
1743413501.657443
1743413501.689055
1743413501.705433
1743413501.721647
1743413501.737634
1743413501.769308
1743413501.801978
1743413501.834200
1743413501.881727
1743413501.913130
1743413501.945665
1743413501.977960
1743413502.009922
1743413502.041002
1743413502.057342
1743413502.089607
1743413502.121787
1743413502.153550
1743413502.185931
1743413502.218117
1743413502.249695
1743413502.281293
1743413502.313960
1743413502.345799
1743413502.377894
1743413502.409466
1743413502.441772
1743413502.473917
1743413502.505891
1743413502.537299
1743413502.569642
1743413502.601836
1743413502.633777
1743413502.665253
1743413502.698043
1743413502.729753
1743413502.761935
1743413502.793465
1743413502.809772
1743413502.857490
1743413502.889575
1743413502.921113
1743413502.937297
1743413502.953514
1743413502.985751
1743413503.017350
1743413503.049964
1743413503.081684
1743413503.114112
1743413503.145442
1743413503.193948
1743413503.225744
1743413503.257361
1743413503.273502
1743413503.305487
1743413503.337585
1743413503.369752
1743413503.401392
1743413503.434124
1743413503.465972
1743413503.513636
1743413503.545221
1743413503.577922
1743413503.609894
1743413503.641292
1743413503.672982
1743413503.689543
1743413503.721818
1743413503.753863
1743413503.785497
1743413503.833698
1743413503.865730
1743413503.897990
1743413503.929324
1743413503.961913
1743413503.993858
1743413504.025621
1743413504.057046
1743413504.073651
1743413504.105664
1743413504.137804
1743413504.169270
1743413504.201668
1743413504.233761
1743413504.265754
1743413504.297219
1743413504.329951
1743413504.362184
1743413504.393881
1743413504.425386
1743413504.457897
1743413504.489895
1743413504.521398
1743413504.553108
1743413504.585746
1743413504.617798
1743413504.649806
1743413504.681343
1743413504.713883
1743413504.746022
1743413504.778088
1743413504.809460
1743413504.841546
1743413504.873332
1743413504.905401
1743413504.937107
1743413504.953296
1743413504.985801
1743413505.018026
1743413505.049545
1743413505.082047
1743413505.114132
1743413505.146052
1743413505.177224
1743413505.209630
1743413505.241793
1743413505.273342
1743413505.289504
1743413505.305896
1743413505.337538
1743413505.369920
1743413505.401429
1743413505.417527
1743413505.465908
1743413505.497805
1743413505.529134
1743413505.561792
1743413505.593923
1743413505.625810
1743413505.657060
1743413505.673413
1743413505.705786
1743413505.737866
1743413505.785388
1743413505.800919
1743413505.817365
1743413505.849876
1743413505.881200
1743413505.913952
1743413505.945937
1743413505.977899
1743413506.009230
1743413506.025503
1743413506.057617
1743413506.073705
1743413506.121456
1743413506.153700
1743413506.185766
1743413506.217884
1743413506.249458
1743413506.280689
1743413506.296949
1743413506.313888
1743413506.345509
1743413506.378207
1743413506.410663
1743413506.442004
1743413506.472942
1743413506.489440
1743413506.521776
1743413506.553998
1743413506.585278
1743413506.617951
1743413506.649877
1743413506.681893
1743413506.713510
1743413506.761787
1743413506.793800
1743413506.825287
1743413506.857015
1743413506.873332
1743413506.905417
1743413506.921417
1743413506.937528
1743413506.969607
1743413507.001864
1743413507.033936
1743413507.065494
1743413507.097893
1743413507.129576
1743413507.161756
1743413507.193274
1743413507.225426
1743413507.257529
1743413507.273521
1743413507.289659
1743413507.321748
1743413507.354373
1743413507.385963
1743413507.417403
1743413507.449899
1743413507.481693
1743413507.513723
1743413507.545519
1743413507.577842
1743413507.609774
1743413507.641497
1743413507.673401
1743413507.705766
1743413507.737896
1743413507.769974
1743413507.801282
1743413507.817285
1743413507.849905
1743413507.882060
1743413507.913300
1743413507.945932
1743413507.978231
1743413508.010059
1743413508.041221
1743413508.074151
1743413508.105312
1743413508.121337
1743413508.153276
1743413508.185678
1743413508.218008
1743413508.249937
1743413508.281375
1743413508.314074
1743413508.345935
1743413508.394022
1743413508.425312
1743413508.441447
1743413508.473576
1743413508.505781
1743413508.537535
1743413508.569612
1743413508.601721
1743413508.634069
1743413508.665975
1743413508.713695
1743413508.745090
1743413508.777992
1743413508.809735
1743413508.841528
1743413508.873006
1743413508.889653
1743413508.921917
1743413508.953914
1743413508.985383
1743413509.017851
1743413509.049797
1743413509.081801
1743413509.113233
1743413509.145791
1743413509.177958
1743413509.209892
1743413509.240993
1743413509.257482
1743413509.273549
1743413509.305725
1743413509.337344
1743413509.370148
1743413509.401722
1743413509.433809
1743413509.465222
1743413509.497917
1743413509.529897
1743413509.561840
1743413509.593499
1743413509.609434
1743413509.641669
1743413509.689514
1743413509.721065
1743413509.737396
1743413509.769610
1743413509.802143
1743413509.833340
1743413509.865794
1743413509.897850
1743413509.929956
1743413509.961405
1743413509.994023
1743413510.025302
1743413510.057412
1743413510.089002
1743413510.105530
1743413510.137585
1743413510.169973
1743413510.201138
1743413510.217236
1743413510.250043
1743413510.282028
1743413510.313477
1743413510.346233
1743413510.377665
1743413510.409446
1743413510.441012
1743413510.457463
1743413510.489597
1743413510.521553
1743413510.553174
1743413510.586196
1743413510.618144
1743413510.665559
1743413510.697484
1743413510.729723
1743413510.761820
1743413510.793867
1743413510.824961
1743413510.841467
1743413510.873427
1743413510.889429
1743413510.921128
1743413510.937642
1743413510.969851
1743413511.001781
1743413511.033306
1743413511.065643
1743413511.097656
1743413511.129879
1743413511.161214
1743413511.193798
1743413511.225777
1743413511.257675
1743413511.289240
1743413511.321962
1743413511.353759
1743413511.385634
1743413511.417202
1743413511.449880
1743413511.481780
1743413511.514144
1743413511.545218
1743413511.578076
1743413511.610055
1743413511.641834
1743413511.673054
1743413511.689320
1743413511.705416
1743413511.737588
1743413511.769055
1743413511.785179
1743413511.801355
1743413511.817578
1743413511.833566
1743413511.865874
1743413511.898059
1743413511.930114
1743413511.977695
1743413512.009693
1743413512.041342
1743413512.073328
1743413512.104859
1743413512.121351
1743413512.137516
1743413512.169798
1743413512.201349
1743413512.234101
1743413512.266285
1743413512.298007
1743413512.329293
1743413512.361906
1743413512.394052
1743413512.425984
1743413512.456947
1743413512.473330
1743413512.489492
1743413512.521693
1743413512.553388
1743413512.585781
1743413512.618093
1743413512.649846
1743413512.681050
1743413512.713833
1743413512.745604
1743413512.777854
1743413512.809540
1743413512.841536
1743413512.873478
1743413512.889562
1743413512.921218
1743413512.953990
1743413512.985595
1743413513.017867
1743413513.049157
1743413513.081881
1743413513.113764
1743413513.146100
1743413513.177409
1743413513.209604
1743413513.241626
1743413513.273985
1743413513.304949
1743413513.321295
1743413513.353697
1743413513.385805
1743413513.417341
1743413513.449897
1743413513.481862
1743413513.514208
1743413513.545485
1743413513.593602
1743413513.625353
1743413513.657219
1743413513.689010
1743413513.721450
1743413513.753585
1743413513.785745
1743413513.817465
1743413513.849890
1743413513.881878
1743413513.929880
1743413513.961202
1743413513.993702
1743413514.025503
1743413514.057533
1743413514.088955
1743413514.105418
1743413514.137511
1743413514.153520
1743413514.185375
1743413514.217980
1743413514.249978
1743413514.281926
1743413514.313115
1743413514.345525
1743413514.377800
1743413514.410435
1743413514.441042
1743413514.457524
1743413514.489475
1743413514.521782
1743413514.569292
1743413514.601677
1743413514.633821
1743413514.665674
1743413514.697179
1743413514.729844
1743413514.761852
1743413514.793996
1743413514.825196
1743413514.841548
1743413514.873870
1743413514.906007
1743413514.936918
1743413514.969526
1743413515.001575
1743413515.034090
1743413515.065179
1743413515.098043
1743413515.129904
1743413515.161950
1743413515.193381
1743413515.225887
1743413515.257464
1743413515.289181
1743413515.320927
1743413515.337376
1743413515.369738
1743413515.401864
1743413515.433373
1743413515.465802
1743413515.497901
1743413515.545359
1743413515.577155
1743413515.609314
1743413515.641275
1743413515.673349
1743413515.705043
1743413515.737562
1743413515.769570
1743413515.802006
1743413515.833431
1743413515.881743
1743413515.913699
1743413515.945606
1743413515.977145
1743413515.993302
1743413516.025585
1743413516.057459
1743413516.088961
1743413516.105681
1743413516.137738
1743413516.169929
1743413516.201997
1743413516.233938
1743413516.265598
1743413516.297800
1743413516.329806
1743413516.361988
1743413516.393249
1743413516.425717
1743413516.457621
1743413516.489670
1743413516.521089
1743413516.537238
1743413516.569591
1743413516.601673
1743413516.633238
1743413516.665716
1743413516.697724
1743413516.729554
1743413516.761212
1743413516.794019
1743413516.826256
1743413516.857917
1743413516.888956
1743413516.921281
1743413516.953564
1743413516.985895
1743413517.017235
1743413517.049996
1743413517.081863
1743413517.113933
1743413517.145418
1743413517.178145
1743413517.210001
1743413517.241468
1743413517.272912
1743413517.289358
1743413517.321620
1743413517.353634
1743413517.385196
1743413517.417877
1743413517.449888
1743413517.497736
1743413517.529123
1743413517.561694
1743413517.593780
1743413517.625340
1743413517.657128
1743413517.673326
1743413517.705444
1743413517.737585
1743413517.769339
1743413517.802053
1743413517.833682
1743413517.865684
1743413517.897036
1743413517.912929
1743413517.929162
1743413517.961904
1743413517.993110
1743413518.009268
1743413518.041438
1743413518.057350
1743413518.073459
1743413518.105494
1743413518.121559
1743413518.153967
1743413518.185090
1743413518.217722
1743413518.249686
1743413518.281587
1743413518.313264
1743413518.345561
1743413518.377880
1743413518.409788
1743413518.441310
1743413518.474062
1743413518.505521
1743413518.537148
1743413518.569060
1743413518.601485
1743413518.633752
1743413518.665976
1743413518.697186
1743413518.729838
1743413518.761851
1743413518.809685
1743413518.840888
1743413518.857145
1743413518.889204
1743413518.905219
1743413518.937016
1743413518.953380
1743413518.985750
1743413519.018006
1743413519.049410
1743413519.081886
1743413519.129706
1743413519.161669
1743413519.193010
1743413519.209143
1743413519.225359
1743413519.257458
1743413519.289202
1743413519.305288
1743413519.337593
1743413519.369841
1743413519.401213
1743413519.417299
1743413519.450309
1743413519.481721
1743413519.513112
1743413519.545646
1743413519.577578
1743413519.609558
1743413519.640992
1743413519.657340
1743413519.689403
1743413519.721657
1743413519.753294
1743413519.785880
1743413519.817705
1743413519.849860
1743413519.881065
1743413519.913691
1743413519.945546
1743413519.977800
1743413520.009475
1743413520.025529
1743413520.057752
1743413520.105253
1743413520.137229
1743413520.153288
1743413520.185738
1743413520.218005
1743413520.249136
1743413520.281979
1743413520.313835
1743413520.345670
1743413520.377237
1743413520.393380
1743413520.425877
1743413520.457312
1743413520.488799
1743413520.505279
1743413520.521454
1743413520.553819
1743413520.585062
1743413520.617969
1743413520.649828
1743413520.681999
1743413520.713299
1743413520.761554
1743413520.793632
1743413520.825377
1743413520.856850
1743413520.873285
1743413520.889417
1743413520.921542
1743413520.953070
1743413520.969211
1743413520.985419
1743413521.017899
1743413521.049394
1743413521.081906
1743413521.113747
1743413521.145819
1743413521.177125
1743413521.209312
1743413521.225507
1743413521.257424
1743413521.288908
1743413521.305585
1743413521.337640
1743413521.369899
1743413521.401219
1743413521.433582
1743413521.465643
1743413521.497505
1743413521.529017
1743413521.561818
1743413521.593732
1743413521.625374
1743413521.656982
1743413521.673440
1743413521.689514
1743413521.705801
1743413521.737185
1743413521.769341
1743413521.801528
1743413521.833795
1743413521.865078
1743413521.897778
1743413521.929927
1743413521.961908
1743413521.993234
1743413522.009548
1743413522.056993
1743413522.073186
1743413522.089307
1743413522.121221
1743413522.153488
1743413522.185630
1743413522.217151
1743413522.249905
1743413522.281690
1743413522.313954
1743413522.345251
1743413522.378128
1743413522.409540
1743413522.441290
1743413522.472930
1743413522.489267
1743413522.521428
1743413522.553768
1743413522.585023
1743413522.600968
1743413522.617524
1743413522.649983
1743413522.681225
1743413522.714126
1743413522.745661
1743413522.777635
1743413522.809177
1743413522.825240
1743413522.858030
1743413522.889462
1743413522.920917
1743413522.937446
1743413522.969709
1743413523.001795
1743413523.033179
1743413523.065555
1743413523.097904
1743413523.129602
1743413523.161153
1743413523.193790
1743413523.225495
1743413523.257276
1743413523.273424
1743413523.289519
1743413523.321674
1743413523.353855
1743413523.384920
1743413523.417799
1743413523.449724
1743413523.481548
1743413523.513046
1743413523.545394
1743413523.577795
1743413523.609937
1743413523.641426
1743413523.689056
1743413523.721143
1743413523.737192
1743413523.753419
1743413523.785550
1743413523.817133
1743413523.849797
1743413523.881896
1743413523.913865
1743413523.945262
1743413523.961380
1743413523.977647
1743413524.009682
1743413524.040866
1743413524.057309
1743413524.089461
1743413524.121454
1743413524.153025
1743413524.185637
1743413524.217707
1743413524.249955
1743413524.281266
1743413524.329643
1743413524.361677
1743413524.393576
1743413524.425052
1743413524.441213
1743413524.473269
1743413524.489456
1743413524.520923
1743413524.537405
1743413524.569800
1743413524.601774
1743413524.633359
1743413524.665637
1743413524.697511
1743413524.729634
1743413524.761200
1743413524.793711
1743413524.825483
1743413524.857608
1743413524.889008
1743413524.905378
1743413524.937546
1743413524.985300
1743413525.016945
1743413525.032944
1743413525.065906
1743413525.097870
1743413525.129168
1743413525.161710
1743413525.193736
1743413525.225491
1743413525.257035
1743413525.273466
1743413525.306027
1743413525.337292
1743413525.368877
1743413525.401618
1743413525.433883
1743413525.465854
1743413525.497083
1743413525.529728
1743413525.561927
1743413525.593715
1743413525.641352
1743413525.673268
1743413525.705191
1743413525.737220
1743413525.769134
1743413525.801647
1743413525.833886
1743413525.865762
1743413525.897171
1743413525.913482
1743413525.961607
1743413525.993772
1743413526.024894
1743413526.057207
1743413526.073460
1743413526.105410
1743413526.136922
1743413526.153089
1743413526.185561
1743413526.217717
1743413526.249336
1743413526.281673
1743413526.313518
1743413526.345589
1743413526.377013
1743413526.393427
1743413526.425579
1743413526.457441
1743413526.489020
1743413526.505306
1743413526.521344
1743413526.537613
1743413526.569220
1743413526.617476
1743413526.649735
1743413526.681679
1743413526.712947
1743413526.745924
1743413526.777676
1743413526.809766
1743413526.840979
1743413526.873392
1743413526.889329
1743413526.937034
1743413526.968997
1743413527.001634
1743413527.033744
1743413527.065790
1743413527.097176
1743413527.129604
1743413527.162009
1743413527.194082
1743413527.225419
1743413527.257749
1743413527.289149
1743413527.321188
1743413527.352917
1743413527.369053
1743413527.401734
1743413527.433721
1743413527.465065
1743413527.497745
1743413527.529892
1743413527.561818
1743413527.593035
1743413527.609118
1743413527.641327
1743413527.673355
1743413527.704845
1743413527.721138
1743413527.737257
1743413527.769692
1743413527.801170
1743413527.834056
1743413527.865866
1743413527.913465
1743413527.944889
1743413527.977581
1743413527.993279
1743413528.025261
1743413528.056836
1743413528.073293
1743413528.105641
1743413528.137550
1743413528.169091
1743413528.201748
1743413528.233993
1743413528.265643
1743413528.296991
1743413528.329862
1743413528.361704
1743413528.393613
1743413528.425115
1743413528.457481
1743413528.489400
1743413528.521518
1743413528.569286
1743413528.601406
1743413528.633704
1743413528.665568
1743413528.697054
1743413528.729607
1743413528.761745
1743413528.793719
1743413528.825301
1743413528.857589
1743413528.889846
1743413528.921372
1743413528.952876
1743413528.985886
1743413529.017823
1743413529.049840
1743413529.081069
1743413529.113675
1743413529.146032
1743413529.177822
1743413529.209023
1743413529.225106
1743413529.257409
1743413529.289386
1743413529.320931
1743413529.353485
1743413529.385698
1743413529.417539
1743413529.449261
1743413529.481754
1743413529.513795
1743413529.546178
1743413529.577027
1743413529.593317
1743413529.625229
1743413529.657171
1743413529.688870
1743413529.705164
1743413529.721372
1743413529.753443
1743413529.785195
1743413529.817687
1743413529.865620
1743413529.897578
1743413529.929015
1743413529.961730
1743413529.993671
1743413530.025317
1743413530.056831
1743413530.073107
1743413530.089396
1743413530.121608
1743413530.153073
1743413530.185566
1743413530.217515
1743413530.249806
1743413530.281019
1743413530.313694
1743413530.345756
1743413530.377662
1743413530.409088
1743413530.425409
1743413530.457298
1743413530.473337
1743413530.489596
1743413530.521632
1743413530.553502
1743413530.585447
1743413530.617109
1743413530.649667
1743413530.681746
1743413530.713804
1743413530.745203
1743413530.777981
1743413530.809868
1743413530.841939
1743413530.872847
1743413530.889169
1743413530.921407
1743413530.953499
1743413530.984908
1743413531.017786
1743413531.049623
1743413531.081904
1743413531.113230
1743413531.161663
1743413531.193487
1743413531.225166
1743413531.257188
1743413531.273317
1743413531.305358
1743413531.337257
1743413531.369469
1743413531.401782
1743413531.433220
1743413531.465857
1743413531.497778
1743413531.529729
1743413531.561045
1743413531.593451
1743413531.625449
1743413531.657196
1743413531.688947
1743413531.705134
1743413531.737513
1743413531.769791
1743413531.817193
1743413531.849621
1743413531.881715
1743413531.913551
1743413531.945028
1743413531.977594
1743413532.009675
1743413532.025296
1743413532.057054
1743413532.089453
1743413532.137098
1743413532.169229
1743413532.200917
1743413532.233486
1743413532.265580
1743413532.297677
1743413532.329132
1743413532.361775
1743413532.393973
1743413532.425496
1743413532.473094
1743413532.505175
1743413532.537263
1743413532.569459
1743413532.600999
1743413532.633790
1743413532.665692
1743413532.697692
1743413532.729222
1743413532.761753
1743413532.793604
1743413532.825200
1743413532.856882
1743413532.873183
1743413532.905358
1743413532.937357
1743413532.968985
1743413533.001403
1743413533.033778
1743413533.065754
1743413533.113611
1743413533.145549
1743413533.177459
1743413533.209656
1743413533.240781
1743413533.257077
1743413533.273176
1743413533.289389
1743413533.320978
1743413533.353519
1743413533.385728
1743413533.418022
1743413533.449298
1743413533.481511
1743413533.513550
1743413533.545546
1743413533.577028
1743413533.609152
1743413533.641532
1743413533.673322
1743413533.705005
1743413533.721325
1743413533.769198
1743413533.801487
1743413533.832974
1743413533.865407
1743413533.897565
1743413533.929550
1743413533.960945
1743413533.993514
1743413534.025740
1743413534.041309
1743413534.057412
1743413534.089633
1743413534.121134
1743413534.137065
1743413534.153211
1743413534.185847
1743413534.217657
1743413534.249734
1743413534.281003
1743413534.313822
1743413534.345735
1743413534.377685
1743413534.425277
1743413534.457253
1743413534.489018
1743413534.505017
1743413534.521259
1743413534.553428
1743413534.585917
1743413534.617673
1743413534.649228
1743413534.681726
1743413534.713746
1743413534.745603
1743413534.776899
1743413534.809035
1743413534.841106
1743413534.857099
1743413534.873333
1743413534.905331
1743413534.937368
1743413534.969444
1743413535.001046
1743413535.033899
1743413535.065648
1743413535.097401
1743413535.128837
1743413535.161493
1743413535.193555
1743413535.225068
1743413535.241286
1743413535.273309
1743413535.289268
1743413535.321585
1743413535.353190
1743413535.401357
1743413535.433477
1743413535.465650
1743413535.496957
1743413535.529628
1743413535.561752
1743413535.593711
1743413535.625066
1743413535.641380
1743413535.673358
1743413535.720939
1743413535.752884
1743413535.785403
1743413535.817504
1743413535.849608
1743413535.880919
1743413535.913730
1743413535.945739
1743413535.977553
1743413536.009209
1743413536.041830
1743413536.073001
1743413536.089040
1743413536.105260
1743413536.137109
1743413536.169568
1743413536.201464
1743413536.232999
1743413536.265596
1743413536.297768
1743413536.329880
1743413536.377425
1743413536.409799
1743413536.440950
1743413536.457145
1743413536.488759
1743413536.505227
1743413536.537132
1743413536.569649
1743413536.601011
1743413536.633827
1743413536.665669
1743413536.697820
1743413536.728817
1743413536.761513
1743413536.793886
1743413536.825413
1743413536.856680
1743413536.873185
1743413536.905361
1743413536.937253
1743413536.969024
1743413536.985117
1743413537.017995
1743413537.049537
1743413537.080910
1743413537.113933
1743413537.145693
1743413537.177350
1743413537.208910
1743413537.225061
1743413537.257501
1743413537.289220
1743413537.321270
1743413537.353875
1743413537.385460
1743413537.417537
1743413537.449139
1743413537.481461
1743413537.513644
1743413537.545724
1743413537.577009
1743413537.593341
1743413537.625648
1743413537.673311
1743413537.704667
1743413537.720992
1743413537.737302
1743413537.769428
1743413537.801013
1743413537.833865
1743413537.865644
1743413537.897763
1743413537.929143
1743413537.961662
1743413537.993927
1743413538.025187
1743413538.056677
1743413538.073004
1743413538.089264
1743413538.121373
1743413538.152839
1743413538.185505
1743413538.217921
1743413538.249695
1743413538.281172
1743413538.329272
1743413538.361470
1743413538.393692
1743413538.424880
1743413538.440964
1743413538.457196
1743413538.489572
1743413538.520743
1743413538.537291
1743413538.569375
1743413538.601715
1743413538.649410
1743413538.681393
1743413538.713457
1743413538.745503
1743413538.776910
1743413538.793153
1743413538.825253
1743413538.857154
1743413538.873222
1743413538.905430
1743413538.937325
1743413538.969913
1743413539.001580
1743413539.033429
1743413539.064876
1743413539.097409
1743413539.129591
1743413539.161532
1743413539.193114
1743413539.225382
1743413539.257441
1743413539.305158
1743413539.337051
1743413539.369613
1743413539.401229
1743413539.433741
1743413539.464965
1743413539.497934
1743413539.529518
1743413539.561557
1743413539.593207
1743413539.625613
1743413539.656968
1743413539.673062
1743413539.704685
1743413539.721192
1743413539.753646
1743413539.785420
1743413539.817094
1743413539.849710
1743413539.881724
1743413539.913732
1743413539.944959
1743413539.977551
1743413540.009473
1743413540.041268
1743413540.072623
1743413540.089155
1743413540.121238
1743413540.153365
1743413540.185145
1743413540.218057
1743413540.249731
1743413540.281668
1743413540.312921
1743413540.345386
1743413540.377783
1743413540.409557
1743413540.440814
1743413540.457090
1743413540.489198
1743413540.521407
1743413540.553016
1743413540.601266
1743413540.633517
1743413540.665284
1743413540.696938
1743413540.729069
1743413540.761582
1743413540.793673
1743413540.824890
1743413540.841331
1743413540.873325
1743413540.921058
1743413540.952755
1743413540.985585
1743413541.017630
1743413541.049335
1743413541.080495
1743413541.096988
1743413541.130386
1743413541.161728
1743413541.193243
1743413541.225552
1743413541.257647
1743413541.289180
1743413541.320649
1743413541.337057
1743413541.369399
1743413541.401414
1743413541.433111
1743413541.465711
1743413541.497616
1743413541.529613
1743413541.577354
1743413541.609307
1743413541.641238
1743413541.673306
1743413541.704657
1743413541.721157
1743413541.753295
1743413541.785373
1743413541.817089
1743413541.849650
1743413541.897505
1743413541.929347
1743413541.960935
1743413541.993460
1743413542.025169
1743413542.057193
1743413542.088919
1743413542.104998
1743413542.137297
1743413542.169529
1743413542.201031
1743413542.233763
1743413542.265366
1743413542.297484
1743413542.329064
1743413542.361585
1743413542.393604
1743413542.425322
1743413542.456770
1743413542.473402
1743413542.505319
1743413542.553126
1743413542.584894
1743413542.617283
1743413542.649428
1743413542.681597
1743413542.712767
1743413542.745509
1743413542.777718
1743413542.809737
1743413542.840934
1743413542.873752
1743413542.905152
1743413542.937219
1743413542.968787
1743413543.001336
1743413543.033618
1743413543.065543
1743413543.097186
1743413543.129766
1743413543.161763
1743413543.209547
1743413543.240720
1743413543.257016
1743413543.289340
1743413543.321088
1743413543.352990
1743413543.385513
1743413543.417738
1743413543.449580
1743413543.481064
1743413543.529391
1743413543.561316
1743413543.593403
1743413543.624716
1743413543.640959
1743413543.673307
1743413543.705199
1743413543.736958
1743413543.769491
1743413543.801154
1743413543.849328
1743413543.880965
1743413543.912423
1743413543.928971
1743413543.961205
1743413543.992274
1743413544.025688
1743413544.057427
1743413544.089357
1743413544.105393
1743413544.137486
1743413544.185216
1743413544.217325
1743413544.249046
1743413544.281433
1743413544.313698
1743413544.345510
1743413544.376963
1743413544.409302
1743413544.441454
1743413544.473433
1743413544.504907
1743413544.521006
1743413544.553339
1743413544.585315
1743413544.617046
1743413544.649540
1743413544.681697
1743413544.713482
1743413544.745204
1743413544.777520
1743413544.825630
1743413544.856973
1743413544.888812
1743413544.921191
1743413544.953181
1743413544.985458
1743413545.017022
1743413545.049494
1743413545.081710
1743413545.113758
1743413545.161368
1743413545.193539
1743413545.224950
1743413545.241120
1743413545.272804
1743413545.289163
1743413545.321099
1743413545.353599
1743413545.384893
1743413545.417602
1743413545.449856
1743413545.481711
1743413545.512836
1743413545.545332
1743413545.577608
1743413545.609552
1743413545.640672
1743413545.656977
1743413545.673314
1743413545.705295
1743413545.736866
1743413545.753249
1743413545.801090
1743413545.833551
1743413545.864765
1743413545.897369
1743413545.929597
1743413545.961608
1743413545.992898
1743413546.025197
1743413546.057314
1743413546.089170
1743413546.136890
1743413546.152877
1743413546.185407
1743413546.217498
1743413546.248871
1743413546.281477
1743413546.313405
1743413546.345689
1743413546.377105
1743413546.409509
1743413546.457007
1743413546.488929
1743413546.520605
1743413546.537086
1743413546.569296
1743413546.601357
1743413546.632894
1743413546.665029
1743413546.697480
1743413546.729612
1743413546.777329
1743413546.809348
1743413546.841157
1743413546.873235
1743413546.904968
1743413546.921240
1743413546.952750
1743413546.985264
1743413547.017560
1743413547.049635
1743413547.081138
1743413547.113818
1743413547.145651
1743413547.177433
1743413547.208966
1743413547.241021
1743413547.273160
1743413547.305085
1743413547.336776
1743413547.353121
1743413547.385627
1743413547.432911
1743413547.464761
1743413547.497503
1743413547.529599
1743413547.561785
1743413547.592810
1743413547.609139
1743413547.641095
1743413547.657068
1743413547.688813
1743413547.705131
1743413547.753111
1743413547.785387
1743413547.816932
1743413547.849464
1743413547.881488
1743413547.913549
1743413547.944931
1743413547.977434
1743413548.009637
1743413548.041324
1743413548.088835
1743413548.121101
1743413548.153226
1743413548.168874
1743413548.185052
1743413548.217588
1743413548.249416
1743413548.281641
1743413548.312946
1743413548.345724
1743413548.377911
1743413548.409676
1743413548.440601
1743413548.456947
1743413548.489224
1743413548.521126
1743413548.552787
1743413548.585291
1743413548.617563
1743413548.649722
1743413548.681012
1743413548.729397
1743413548.761536
1743413548.793401
1743413548.824646
1743413548.841263
1743413548.873155
1743413548.889363
1743413548.920875
1743413548.953611
1743413548.985543
1743413549.017474
1743413549.065500
1743413549.097316
1743413549.129314
1743413549.161422
1743413549.192882
1743413549.225149
1743413549.257033
1743413549.273124
1743413549.289267
1743413549.321496
1743413549.353513
1743413549.385484
1743413549.416774
1743413549.449548
1743413549.481499
1743413549.513384
1743413549.544877
1743413549.577823
1743413549.609548
1743413549.641290
1743413549.672941
1743413549.705304
1743413549.737245
1743413549.769150
1743413549.800989
1743413549.833563
1743413549.865446
1743413549.897506
1743413549.929017
1743413549.961541
1743413549.993622
1743413550.040901
1743413550.073088
1743413550.103953
1743413550.121269
1743413550.137318
1743413550.169347
1743413550.185319
1743413550.217573
1743413550.249465
1743413550.281171
1743413550.297186
1743413550.329600
1743413550.361920
1743413550.392805
1743413550.409042
1743413550.441139
1743413550.473243
1743413550.504595
1743413550.521264
1743413550.553331
1743413550.585666
1743413550.616981
1743413550.649734
1743413550.681636
1743413550.713301
1743413550.744974
1743413550.777286
1743413550.809384
1743413550.841053
1743413550.872630
1743413550.889128
1743413550.921338
1743413550.953362
1743413550.985016
1743413551.017712
1743413551.049293
1743413551.081450
1743413551.112848
1743413551.145259
1743413551.177353
1743413551.209467
1743413551.240649
1743413551.257132
1743413551.289422
1743413551.336821
1743413551.368844
1743413551.401429
1743413551.433439
1743413551.465491
1743413551.496981
1743413551.529435
1743413551.561588
1743413551.593607
1743413551.624951
1743413551.657600
1743413551.688882
1743413551.705008
1743413551.736676
1743413551.752861
1743413551.785269
1743413551.817519
1743413551.849029
1743413551.881496
1743413551.913747
1743413551.945636
1743413551.993429
1743413552.024926
1743413552.057179
1743413552.088876
1743413552.120663
1743413552.153182
1743413552.185321
1743413552.200793
1743413552.217237
1743413552.249682
1743413552.281841
1743413552.313665
1743413552.344904
1743413552.377627
1743413552.409426
1743413552.440949
1743413552.472689
1743413552.489250
1743413552.521381
1743413552.553480
1743413552.584983
1743413552.633366
1743413552.665371
1743413552.697309
1743413552.728694
1743413552.761478
1743413552.793267
1743413552.825250
1743413552.856756
1743413552.889617
1743413552.921565
1743413552.969120
1743413553.000692
1743413553.033415
1743413553.065433
1743413553.097364
1743413553.128729
1743413553.161392
1743413553.193537
1743413553.225130
1743413553.256834
1743413553.289653
1743413553.320870
1743413553.353429
1743413553.384667
1743413553.400810
1743413553.433537
1743413553.465585
1743413553.496832
1743413553.529393
1743413553.561513
1743413553.609498
1743413553.640581
1743413553.672961
1743413553.705112
1743413553.736973
1743413553.768886
1743413553.801199
1743413553.833396
1743413553.865531
1743413553.896976
1743413553.945142
1743413553.977364
1743413554.009544
1743413554.040688
1743413554.057066
1743413554.089029
1743413554.121083
1743413554.152971
1743413554.185547
1743413554.217277
1743413554.265257
1743413554.296677
1743413554.329384
1743413554.361865
1743413554.393234
1743413554.424583
1743413554.441065
1743413554.473227
1743413554.505461
1743413554.537506
1743413554.584988
1743413554.617389
1743413554.649478
1743413554.681353
1743413554.713471
1743413554.744837
1743413554.777622
1743413554.809544
1743413554.841246
1743413554.872787
1743413554.889247
1743413554.921530
1743413554.953208
1743413554.984737
1743413555.017480
1743413555.049480
1743413555.081248
1743413555.112823
1743413555.145575
1743413555.177471
1743413555.209553
1743413555.240645
1743413555.256764
1743413555.273017
1743413555.305037
1743413555.336537
1743413555.352781
1743413555.369062
1743413555.401484
1743413555.433055
1743413555.465417
1743413555.497579
1743413555.529510
1743413555.560885
1743413555.593492
1743413555.624991
1743413555.656971
1743413555.688715
1743413555.705101
1743413555.737211
1743413555.769446
1743413555.800831
1743413555.833423
1743413555.865660
1743413555.897413
1743413555.928846
1743413555.961297
1743413555.993375
1743413556.025229
1743413556.056550
1743413556.073059
1743413556.105089
1743413556.137095
1743413556.168854
1743413556.217120
1743413556.249250
1743413556.281285
1743413556.312830
1743413556.345595
1743413556.377423
1743413556.409866
1743413556.440910
1743413556.473167
1743413556.505712
1743413556.537516
1743413556.568614
1743413556.601201
1743413556.633305
1743413556.665524
1743413556.696971
1743413556.729364
1743413556.761416
1743413556.793504
1743413556.824925
1743413556.872775
1743413556.904950
1743413556.937142
1743413556.968637
1743413557.001294
1743413557.033722
1743413557.065587
1743413557.096885
1743413557.129716
1743413557.161806
1743413557.193573
1743413557.224551
1743413557.257076
1743413557.288840
1743413557.320801
1743413557.352648
1743413557.385239
1743413557.417412
1743413557.449438
1743413557.480972
1743413557.513586
1743413557.545380
1743413557.577446
1743413557.608850
1743413557.640873
1743413557.657074
1743413557.689332
1743413557.720592
1743413557.736940
1743413557.769295
1743413557.801788
1743413557.849100
1743413557.881174
1743413557.913448
1743413557.945422
1743413557.976886
1743413558.009329
1743413558.041054
1743413558.057092
1743413558.088741
1743413558.105322
1743413558.137453
1743413558.169554
1743413558.200708
1743413558.233252
1743413558.265280
1743413558.297381
1743413558.328678
1743413558.361381
1743413558.393411
1743413558.425297
1743413558.456752
1743413558.489442
1743413558.521273
1743413558.553133
1743413558.585028
1743413558.617303
1743413558.649271
1743413558.681583
1743413558.712970
1743413558.745622
1743413558.777516
1743413558.825188
1743413558.856532
1743413558.888760
1743413558.904844
1743413558.921099
1743413558.952734
1743413558.985083
1743413559.017557
1743413559.049541
1743413559.080980
1743413559.113751
1743413559.145386
1743413559.177379
1743413559.208722
1743413559.241157
1743413559.273138
1743413559.305273
1743413559.336662
1743413559.353181
1743413559.385162
1743413559.417278
1743413559.465137
1743413559.497520
1743413559.529433
1743413559.561283
1743413559.592609
1743413559.625028
1743413559.657128
1743413559.688996
1743413559.720756
1743413559.737127
1743413559.753205
1743413559.800869
1743413559.832983
1743413559.849136
1743413559.881360
1743413559.913215
1743413559.945200
1743413559.977344
1743413560.009388
1743413560.041060
1743413560.072729
1743413560.089266
1743413560.121347
1743413560.153072
1743413560.184633
1743413560.217557
1743413560.249379
1743413560.281456
1743413560.312769
1743413560.345758
1743413560.377742
1743413560.409573
1743413560.440743
1743413560.456825
1743413560.488955
1743413560.520873
1743413560.552684
1743413560.585259
1743413560.617325
1743413560.649497
1743413560.680783
1743413560.713765
1743413560.745553
1743413560.777535
1743413560.808595
1743413560.824781
1743413560.856957
1743413560.888860
1743413560.920539
1743413560.937008
1743413560.969195
1743413561.001257
1743413561.032974
1743413561.065588
1743413561.097701
1743413561.129251
1743413561.160648
1743413561.193190
1743413561.225118
1743413561.257228
1743413561.288598
1743413561.304929
1743413561.337311
1743413561.369392
1743413561.417092
1743413561.449278
1743413561.481475
1743413561.513242
1743413561.544849
1743413561.577700
1743413561.609437
1743413561.641138
1743413561.672734
1743413561.689223
1743413561.721183
1743413561.753430
1743413561.784536
1743413561.817273
1743413561.849310
1743413561.881403
1743413561.912834
1743413561.945266
1743413561.977460
1743413562.009497
1743413562.040768
1743413562.073506
1743413562.104889
1743413562.136869
1743413562.168565
1743413562.184973
1743413562.217565
1743413562.249287
1743413562.281406
1743413562.313472
1743413562.345672
1743413562.393191
1743413562.424819
1743413562.456812
1743413562.488476
1743413562.504834
1743413562.537267
1743413562.569123
1743413562.600708
1743413562.633510
1743413562.665520
1743413562.697617
1743413562.728830
1743413562.761234
1743413562.793491
1743413562.825040
1743413562.856501
1743413562.872876
1743413562.889050
1743413562.921213
1743413562.952680
1743413562.985194
1743413563.017614
1743413563.049335
1743413563.080546
1743413563.113162
1743413563.145267
1743413563.177489
1743413563.208786
1743413563.241059
1743413563.272850
1743413563.289187
1743413563.320796
1743413563.337023
1743413563.369582
1743413563.401267
1743413563.432626
1743413563.465497
1743413563.497293
1743413563.529308
1743413563.560734
1743413563.593481
1743413563.625211
1743413563.656989
1743413563.704759
1743413563.737004
1743413563.769059
1743413563.801330
1743413563.832771
1743413563.865324
1743413563.897437
1743413563.929403
1743413563.961018
1743413563.993410
1743413564.025485
1743413564.056771
1743413564.088417
1743413564.105038
1743413564.137117
1743413564.169137
1743413564.200704
1743413564.233246
1743413564.265434
1743413564.297281
1743413564.345176
1743413564.377176
1743413564.409320
1743413564.440872
1743413564.472388
1743413564.489053
1743413564.520925
1743413564.553231
1743413564.584744
1743413564.600846
1743413564.633415
1743413564.681248
1743413564.712578
1743413564.745197
1743413564.777361
1743413564.809487
1743413564.840525
1743413564.856878
1743413564.889016
1743413564.921233
1743413564.952760
1743413565.001051
1743413565.033157
1743413565.065359
1743413565.096839
1743413565.129356
1743413565.161344
1743413565.193497
1743413565.224897
1743413565.257123
1743413565.288987
1743413565.321519
1743413565.352541
1743413565.385335
1743413565.417195
1743413565.449277
1743413565.480716
1743413565.513525
1743413565.545466
1743413565.577380
1743413565.608822
1743413565.625116
1743413565.657532
1743413565.688861
1743413565.720385
1743413565.737020
1743413565.769153
1743413565.801079
1743413565.832723
1743413565.865148
1743413565.897410
1743413565.929334
1743413565.977272
1743413566.009491
1743413566.040866
1743413566.072810
1743413566.104613
1743413566.120846
1743413566.137078
1743413566.169137
1743413566.200778
1743413566.233407
1743413566.265504
1743413566.297530
1743413566.328723
1743413566.361362
1743413566.393286
1743413566.424870
1743413566.456493
1743413566.472776
1743413566.505039
1743413566.520971
1743413566.537181
1743413566.569317
1743413566.601679
1743413566.633293
1743413566.664666
1743413566.697204
1743413566.729280
1743413566.761528
1743413566.792824
1743413566.825083
1743413566.857172
1743413566.888975
1743413566.921297
1743413566.953449
1743413566.985177
1743413567.017164
1743413567.049176
1743413567.081219
1743413567.113411
1743413567.145150
1743413567.176829
1743413567.209021
1743413567.241225
1743413567.273354
1743413567.304511
1743413567.320786
1743413567.336885
1743413567.369193
1743413567.400599
1743413567.433199
1743413567.465324
1743413567.497619
1743413567.528883
1743413567.561668
1743413567.609239
1743413567.640743
1743413567.672336
1743413567.688853
1743413567.720943
1743413567.753245
1743413567.784676
1743413567.800745
1743413567.817089
1743413567.849478
1743413567.880740
1743413567.896820
1743413567.929528
1743413567.961199
1743413567.992673
1743413568.024839
1743413568.040937
1743413568.072835
1743413568.104525
1743413568.120893
1743413568.153202
1743413568.185308
1743413568.216986
1743413568.249439
1743413568.281165
1743413568.313231
1743413568.344650
1743413568.377278
1743413568.409458
1743413568.440905
1743413568.472754
1743413568.488904
1743413568.521401
1743413568.553364
1743413568.584816
1743413568.617433
1743413568.649367
1743413568.681195
1743413568.712631
1743413568.745474
1743413568.777486
1743413568.809308
1743413568.840640
1743413568.856865
1743413568.873162
1743413568.905443
1743413568.936519
1743413568.969168
1743413569.001245
1743413569.033302
1743413569.064618
1743413569.097700
1743413569.129866
1743413569.161489
1743413569.192879
1743413569.225454
1743413569.256894
1743413569.288705
1743413569.320442
1743413569.336826
1743413569.369030
1743413569.401320
1743413569.432765
1743413569.465367
1743413569.497554
1743413569.529375
1743413569.560676
1743413569.593256
1743413569.624992
1743413569.656855
1743413569.688681
1743413569.704861
1743413569.737063
1743413569.769084
1743413569.800899
1743413569.832997
1743413569.881151
1743413569.913324
1743413569.945347
1743413569.977443
1743413570.009727
1743413570.040220
1743413570.072370
1743413570.088760
1743413570.105113
1743413570.137259
1743413570.169395
1743413570.201433
1743413570.232557
1743413570.265431
1743413570.297129
1743413570.329373
1743413570.360674
1743413570.393420
1743413570.425078
1743413570.457015
1743413570.488672
1743413570.536898
1743413570.569087
1743413570.600991
1743413570.632548
1743413570.649024
1743413570.681121
1743413570.713232
1743413570.744824
1743413570.777424
1743413570.809732
1743413570.856714
1743413570.888370
1743413570.904865
1743413570.936851
1743413570.969339
1743413571.000707
1743413571.033347
1743413571.065365
1743413571.097519
1743413571.128911
1743413571.177339
1743413571.209091
1743413571.240848
1743413571.272362
1743413571.288962
1743413571.321135
1743413571.353050
1743413571.384767
1743413571.417090
1743413571.449430
1743413571.481848
1743413571.512748
1743413571.545236
1743413571.577498
1743413571.609273
1743413571.640452
1743413571.656900
1743413571.689101
1743413571.720960
1743413571.752698
1743413571.785422
1743413571.833119
1743413571.865139
1743413571.896553
1743413571.929180
1743413571.961182
1743413571.993349
1743413572.024485
1743413572.040803
1743413572.073082
1743413572.105061
1743413572.152644
1743413572.185071
1743413572.217328
1743413572.249142
1743413572.280485
1743413572.313339
1743413572.345455
1743413572.377174
1743413572.408799
1743413572.441082
1743413572.488695
1743413572.520683
1743413572.552437
1743413572.568559
1743413572.601294
1743413572.633151
1743413572.664800
1743413572.697334
1743413572.729239
1743413572.761510
1743413572.809033
1743413572.840681
1743413572.872843
1743413572.904732
1743413572.936443
1743413572.952724
1743413572.985127
1743413573.017322
1743413573.048767
1743413573.081582
1743413573.129127
1743413573.161090
1743413573.192496
1743413573.208737
1743413573.240683
1743413573.256670
1743413573.272968
1743413573.304999
1743413573.336965
1743413573.369343
1743413573.400877
1743413573.433691
1743413573.465425
1743413573.497308
1743413573.528579
1743413573.561142
1743413573.593314
1743413573.624925
1743413573.656470
1743413573.672726
1743413573.704910
1743413573.721003
1743413573.752717
1743413573.785299
1743413573.817262
1743413573.849272
1743413573.880687
1743413573.913082
1743413573.945157
1743413573.977437
1743413574.008769
1743413574.024947
1743413574.057139
1743413574.104981
1743413574.136396
1743413574.152899
1743413574.185122
1743413574.217253
1743413574.248728
1743413574.281320
1743413574.313185
1743413574.345384
1743413574.376882
1743413574.392934
1743413574.440787
1743413574.472985
1743413574.504412
1743413574.521127
1743413574.553058
1743413574.585041
1743413574.616642
1743413574.649295
1743413574.681371
1743413574.713427
1743413574.760999
1743413574.793402
1743413574.824750
1743413574.856662
1743413574.888405
1743413574.904824
1743413574.937004
1743413574.969037
1743413575.000916
1743413575.033315
1743413575.080963
1743413575.113133
1743413575.144503
1743413575.177303
1743413575.209225
1743413575.241112
1743413575.272349
1743413575.288918
1743413575.321000
1743413575.336948
1743413575.368842
1743413575.417126
1743413575.449329
1743413575.481056
1743413575.512628
1743413575.545197
1743413575.576757
1743413575.592803
1743413575.624493
1743413575.641063
1743413575.672970
1743413575.689032
1743413575.737030
1743413575.768953
1743413575.800998
1743413575.833086
1743413575.864740
1743413575.897260
1743413575.929291
1743413575.961264
1743413575.992946
1743413576.024957
1743413576.057282
1743413576.088796
1743413576.120392
1743413576.136664
1743413576.152851
1743413576.185089
1743413576.216610
1743413576.249376
1743413576.281537
1743413576.313442
1743413576.344881
1743413576.393108
1743413576.408822
1743413576.440952
1743413576.472525
1743413576.504993
1743413576.537019
1743413576.569342
1743413576.600539
1743413576.633378
1743413576.665296
1743413576.713022
1743413576.744476
1743413576.777448
1743413576.809143
1743413576.840733
1743413576.872429
1743413576.888959
1743413576.920910
1743413576.953102
1743413576.984734
1743413577.032955
1743413577.065085
1743413577.097092
1743413577.128487
1743413577.161235
1743413577.193275
1743413577.225106
1743413577.256557
1743413577.272800
1743413577.288979
1743413577.321014
1743413577.368791
1743413577.400938
1743413577.433160
1743413577.465198
1743413577.496661
1743413577.529203
1743413577.561343
1743413577.593220
1743413577.624671
1743413577.641103
1743413577.688826
1743413577.720671
1743413577.752974
1743413577.785415
1743413577.817163
1743413577.849196
1743413577.881497
1743413577.913249
1743413577.944717
1743413577.977427
1743413578.009256
1743413578.040677
1743413578.072315
1743413578.088721
1743413578.120795
1743413578.136774
1743413578.168549
1743413578.201119
1743413578.233350
1743413578.265283
1743413578.296802
1743413578.345201
1743413578.377122
1743413578.409271
1743413578.440434
1743413578.456723
1743413578.488978
1743413578.520891
1743413578.552573
1743413578.568614
1743413578.585038
1743413578.617299
1743413578.664989
1743413578.697046
1743413578.729235
1743413578.761166
1743413578.792590
1743413578.824942
1743413578.857082
1743413578.888854
1743413578.920503
1743413578.936842
1743413578.953038
1743413578.985374
1743413579.016483
1743413579.049164
1743413579.081215
1743413579.113223
1743413579.144539
1743413579.160606
1743413579.176980
1743413579.209336
1743413579.240609
1743413579.256889
1743413579.289036
1743413579.321322
1743413579.352462
1743413579.384972
1743413579.417207
1743413579.449301
1743413579.480549
1743413579.513339
1743413579.545392
1743413579.577220
1743413579.608740
1743413579.641271
1743413579.672918
1743413579.704672
1743413579.736324
1743413579.752772
1743413579.784928
1743413579.817091
1743413579.848732
1743413579.881181
1743413579.913294
1743413579.960925
1743413579.992389
1743413580.008699
1743413580.040872
1743413580.072916
1743413580.104498
1743413580.120842
1743413580.153056
1743413580.185048
1743413580.216988
1743413580.249444
1743413580.297258
1743413580.329123
1743413580.360606
1743413580.393118
1743413580.424827
1743413580.440633
1743413580.456765
1743413580.473104
1743413580.505143
1743413580.536884
1743413580.568732
1743413580.616908
1743413580.649013
1743413580.681210
1743413580.712428
1743413580.745330
1743413580.777363
1743413580.809134
1743413580.840471
1743413580.856809
1743413580.872939
1743413580.904956
1743413580.936453
1743413580.969117
1743413581.001149
1743413581.033210
1743413581.064605
1743413581.097196
1743413581.129317
1743413581.161141
1743413581.192647
1743413581.208870
1743413581.241115
1743413581.273502
1743413581.304254
1743413581.320613
1743413581.352831
1743413581.385154
1743413581.416536
1743413581.449298
1743413581.481352
1743413581.513297
1743413581.544665
1743413581.592980
1743413581.624658
1743413581.656567
1743413581.688272
1743413581.704663
1743413581.720971
1743413581.752908
1743413581.784574
1743413581.817138
1743413581.849509
1743413581.881348
1743413581.912627
1743413581.945165
1743413581.977204
1743413582.009211
1743413582.040271
1743413582.056745
1743413582.088864
1743413582.120775
1743413582.152433
1743413582.168764
1743413582.201190
1743413582.248989
1743413582.280499
1743413582.313243
1743413582.345133
1743413582.377332
1743413582.408708
1743413582.439404
1743413582.455580
1743413582.471593
1743413582.487718
1743413582.503805
1743413582.535616
1743413582.567831
1743413582.599526
1743413582.631666
1743413582.663724
1743413582.695609
1743413582.727506
1743413582.759693
1743413582.775652
1743413582.791632
1743413582.807715
1743413582.839496
1743413582.855664
1743413582.887679
1743413582.919279
1743413582.935484
1743413582.951605
1743413582.983606
1743413583.015457
1743413583.031459
1743413583.063652
1743413583.095685
1743413583.112571
1743413583.129054
1743413583.161587
1743413583.193341
1743413583.224583
1743413583.256958
1743413583.289002
1743413583.320749
1743413583.352418
1743413583.385041
1743413583.417328
1743413583.449162
1743413583.480680
1743413583.513520
1743413583.545542
1743413583.576938
1743413583.608512
1743413583.640747
1743413583.672673
1743413583.704745
1743413583.736644
1743413583.769074
1743413583.801131
1743413583.833294
1743413583.864738
1743413583.897073
1743413583.929255
1743413583.961042
1743413583.992632
1743413584.024846
1743413584.056844
1743413584.088655
1743413584.120519
1743413584.153168
1743413584.200950
1743413584.233299
1743413584.264446
1743413584.297139
1743413584.329069
1743413584.361369
1743413584.392703
1743413584.425045
1743413584.457041
1743413584.472795
1743413584.489032
1743413584.521411
1743413584.552796
1743413584.584956
1743413584.616523
1743413584.649047
1743413584.681327
1743413584.713286
1743413584.744477
1743413584.760549
1743413584.776819
1743413584.809391
1743413584.840449
1743413584.856516
1743413584.888587
1743413584.904580
1743413584.920725
1743413584.952892
1743413584.985266
1743413585.017328
1743413585.048551
1743413585.080908
1743413585.113212
1743413585.145277
1743413585.177301
1743413585.209140
1743413585.240674
1743413585.272608
1743413585.288970
1743413585.320716
1743413585.336831
1743413585.368996
1743413585.401238
1743413585.433270
1743413585.464820
1743413585.497173
1743413585.529318
1743413585.561124
1743413585.592473
1743413585.608605
1743413585.640700
1743413585.672673
1743413585.688844
1743413585.720749
1743413585.736750
1743413585.752911
1743413585.768949
1743413585.816882
1743413585.848971
1743413585.881115
1743413585.912501
1743413585.944912
1743413585.977217
1743413586.009188
1743413586.040337
1743413586.056773
1743413586.088967
1743413586.121040
1743413586.153144
1743413586.185064
1743413586.217103
1743413586.249129
1743413586.280537
1743413586.313223
1743413586.345284
1743413586.377201
1743413586.408655
1743413586.441137
1743413586.473563
1743413586.504764
1743413586.536262
1743413586.552430
1743413586.585017
1743413586.617071
1743413586.648566
1743413586.681319
1743413586.713219
1743413586.745368
1743413586.793311
1743413586.824662
1743413586.856587
1743413586.872570
1743413586.888817
1743413586.920796
1743413586.952903
1743413586.984876
1743413587.016574
1743413587.049549
1743413587.081548
1743413587.128905
1743413587.160566
1743413587.193294
1743413587.225048
1743413587.256645
1743413587.288279
1743413587.304691
1743413587.336905
1743413587.369218
1743413587.400887
1743413587.449117
1743413587.481023
1743413587.513159
1743413587.544550
1743413587.577033
1743413587.609290
1743413587.641132
1743413587.672312
1743413587.689013
1743413587.721084
1743413587.768803
1743413587.800473
1743413587.833088
1743413587.865312
1743413587.896932
1743413587.928482
1743413587.961078
1743413587.993028
1743413588.024988
1743413588.056773
1743413588.072813
1743413588.105205
1743413588.136840
1743413588.168728
1743413588.200955
1743413588.233165
1743413588.265109
1743413588.296780
1743413588.329371
1743413588.361418
1743413588.393432
1743413588.424516
1743413588.440535
1743413588.472699
1743413588.504842
1743413588.520766
1743413588.552850
1743413588.585253
1743413588.617146
1743413588.648662
1743413588.681102
1743413588.713339
1743413588.745230
1743413588.776365
1743413588.792694
1743413588.824579
1743413588.840566
1743413588.872229
1743413588.888771
1743413588.920932
1743413588.952938
1743413588.984486
1743413589.017170
1743413589.049431
1743413589.081174
1743413589.112315
1743413589.145153
1743413589.177030
1743413589.209188
1743413589.240443
1743413589.256804
1743413589.288782
1743413589.321014
1743413589.352533
1743413589.400920
1743413589.432961
1743413589.465121
1743413589.496341
1743413589.529266
1743413589.561191
1743413589.593163
1743413589.624357
1743413589.640703
1743413589.672989
1743413589.720420
1743413589.752286
1743413589.768376
1743413589.784563
1743413589.817107
1743413589.848550
1743413589.881162
1743413589.913209
1743413589.945237
1743413589.976568
1743413589.992763
1743413590.024956
1743413590.057276
1743413590.088300
1743413590.120559
1743413590.136554
1743413590.152649
1743413590.169336
1743413590.201199
1743413590.233319
1743413590.265037
1743413590.296569
1743413590.329487
1743413590.376917
1743413590.408936
1743413590.440304
1743413590.456721
1743413590.488762
1743413590.520977
1743413590.536770
1743413590.569252
1743413590.600977
1743413590.633453
1743413590.664661
1743413590.697614
1743413590.729058
1743413590.761018
1743413590.792488
1743413590.824874
1743413590.856848
1743413590.889320
1743413590.920426
1743413590.936918
1743413590.969239
1743413591.001598
1743413591.032553
1743413591.065154
1743413591.097452
1743413591.129208
1743413591.160488
1743413591.193241
1743413591.224903
1743413591.256826
1743413591.288423
1743413591.304941
1743413591.352554
1743413591.384889
1743413591.416462
1743413591.449197
1743413591.481081
1743413591.513052
1743413591.544472
1743413591.577230
1743413591.609412
1743413591.641032
1743413591.672396
1743413591.688644
1743413591.720607
1743413591.752735
1743413591.784378
1743413591.817478
1743413591.848991
1743413591.881207
1743413591.912634
1743413591.945027
1743413591.977451
1743413592.009099
1743413592.040248
1743413592.056441
1743413592.072556
1743413592.088773
1743413592.120279
1743413592.136738
1743413592.169049
1743413592.201211
1743413592.232583
1743413592.265302
1743413592.297124
1743413592.329099
1743413592.360644
1743413592.393155
1743413592.424625
1743413592.456609
1743413592.488242
1743413592.504949
1743413592.536925
1743413592.552609
1743413592.584533
1743413592.616863
1743413592.649132
1743413592.680935
1743413592.712909
1743413592.745030
1743413592.777072
1743413592.808968
1743413592.840609
1743413592.856668
1743413592.888400
1743413592.904765
1743413592.937081
1743413592.984723
1743413593.016345
1743413593.049051
1743413593.080863
1743413593.113132
1743413593.144438
1743413593.177167
1743413593.209124
1743413593.240732
1743413593.272375
1743413593.304885
1743413593.336752
1743413593.368910
1743413593.400425
1743413593.433157
1743413593.465292
1743413593.497062
1743413593.528489
1743413593.561146
1743413593.593159
1743413593.625436
1743413593.656158
1743413593.672609
1743413593.704682
1743413593.736590
1743413593.768571
1743413593.800950
1743413593.833168
1743413593.865376
1743413593.896623
1743413593.929464
1743413593.961141
1743413593.992920
1743413594.024175
1743413594.040608
1743413594.072611
1743413594.104935
1743413594.136304
1743413594.152534
1743413594.185101
1743413594.217147
1743413594.248954
1743413594.281370
1743413594.312995
1743413594.345098
1743413594.376423
1743413594.392504
1743413594.424590
1743413594.456809
1743413594.488257
1743413594.504626
1743413594.520886
1743413594.552980
1743413594.568699
1743413594.601292
1743413594.632915
1743413594.665022
1743413594.696477
1743413594.729134
1743413594.761026
1743413594.793125
1743413594.824352
1743413594.840596
1743413594.873108
1743413594.904959
1743413594.936819
1743413594.968834
1743413595.000863
1743413595.032949
1743413595.064510
1743413595.097009
1743413595.129175
1743413595.161030
1743413595.192508
1743413595.208743
1743413595.256950
1743413595.288477
1743413595.320130
1743413595.336719
1743413595.368809
1743413595.400974
1743413595.432410
1743413595.465251
1743413595.497172
1743413595.529183
1743413595.577173
1743413595.608874
1743413595.640605
1743413595.672561
1743413595.704212
1743413595.720519
1743413595.736756
1743413595.769160
1743413595.800448
1743413595.833130
1743413595.865387
1743413595.912964
1743413595.944307
1743413595.977033
1743413596.009130
1743413596.040510
1743413596.072156
1743413596.088742
1743413596.120700
1743413596.152828
1743413596.184785
1743413596.200818
1743413596.232894
1743413596.264922
1743413596.296339
1743413596.328973
1743413596.361313
1743413596.393080
1743413596.424199
1743413596.440614
1743413596.472726
1743413596.488815
1743413596.504938
1743413596.552754
1743413596.584995
1743413596.616983
1743413596.648428
1743413596.681099
1743413596.713172
1743413596.745057
1743413596.776567
1743413596.809256
1743413596.840832
1743413596.888576
1743413596.920134
1743413596.936560
1743413596.968941
1743413597.001107
1743413597.032348
1743413597.048336
1743413597.064587
1743413597.097033
1743413597.128586
1743413597.161224
1743413597.208652
1743413597.240726
1743413597.272301
1743413597.288951
1743413597.320875
1743413597.352775
1743413597.384564
1743413597.417000
1743413597.449033
1743413597.481406
1743413597.529012
1743413597.560642
1743413597.593009
1743413597.624416
1743413597.656218
1743413597.672509
1743413597.688725
1743413597.721028
1743413597.752375
1743413597.768430
1743413597.784757
1743413597.817339
1743413597.864754
1743413597.896949
1743413597.929020
1743413597.961047
1743413597.992699
1743413598.024770
1743413598.056914
1743413598.088700
1743413598.120366
1743413598.136720
1743413598.184928
1743413598.216915
1743413598.248398
1743413598.281101
1743413598.313116
1743413598.345098
1743413598.376523
1743413598.409075
1743413598.441003
1743413598.472853
1743413598.504381
1743413598.520397
1743413598.536565
1743413598.552668
1743413598.584299
1743413598.617065
1743413598.648982
1743413598.680913
1743413598.712335
1743413598.744985
1743413598.777363
1743413598.809316
1743413598.840474
1743413598.872510
1743413598.888617
1743413598.920604
1743413598.952320
1743413598.984897
1743413599.017115
1743413599.048960
1743413599.080675
1743413599.113190
1743413599.160847
1743413599.192850
1743413599.224201
1743413599.240641
1743413599.272752
1743413599.304586
1743413599.336301
1743413599.352679
1743413599.384771
1743413599.417070
1743413599.448608
1743413599.481196
1743413599.512826
1743413599.545072
1743413599.576277
1743413599.592444
1743413599.624919
1743413599.656957
1743413599.688231
1743413599.704552
1743413599.720694
1743413599.736806
1743413599.768480
1743413599.816756
1743413599.848910
1743413599.881091
1743413599.912323
1743413599.945210
1743413599.977238
1743413600.009095
1743413600.040229
1743413600.056700
1743413600.088778
1743413600.104810
1743413600.136853
1743413600.168243
1743413600.200762
1743413600.232861
1743413600.264795
1743413600.297423
1743413600.329304
1743413600.361298
1743413600.393400
1743413600.425088
1743413600.456530
1743413600.488693
1743413600.520618
1743413600.552957
1743413600.584337
1743413600.617095
1743413600.648859
1743413600.680999
1743413600.712519
1743413600.745223
1743413600.792837
1743413600.824739
1743413600.856102
1743413600.872522
1743413600.904871
1743413600.936750
1743413600.968263
1743413600.984383
1743413601.017130
1743413601.049214
1743413601.080527
1743413601.113100
1743413601.144084
1743413601.160599
1743413601.192738
1743413601.224928
1743413601.256769
1743413601.288748
1743413601.320207
1743413601.336683
1743413601.368918
1743413601.401051
1743413601.432534
1743413601.465158
1743413601.497117
1743413601.529067
1743413601.560314
1743413601.592989
1743413601.624556
1743413601.640532
1743413601.672280
1743413601.688804
1743413601.721060
1743413601.768565
1743413601.800164
1743413601.833086
1743413601.865130
1743413601.896967
1743413601.928463
1743413601.960990
1743413601.992943
1743413602.024658
1743413602.056411
1743413602.088985
1743413602.120540
1743413602.152586
1743413602.184310
1743413602.217205
1743413602.248895
1743413602.281028
1743413602.312365
1743413602.345245
1743413602.377084
1743413602.409115
1743413602.440092
1743413602.456427
1743413602.488494
1743413602.504523
1743413602.536185
1743413602.552493
1743413602.568506
1743413602.600880
1743413602.632469
1743413602.648385
1743413602.664720
1743413602.697139
1743413602.744928
1743413602.776838
1743413602.809206
1743413602.840393
1743413602.872141
1743413602.888475
1743413602.921053
1743413602.952766
1743413602.984427
1743413603.016991
1743413603.064834
1743413603.096812
1743413603.128376
1743413603.161005
1743413603.192920
1743413603.224538
1743413603.256206
1743413603.272497
1743413603.288895
1743413603.320886
1743413603.352431
1743413603.385182
1743413603.416873
1743413603.448963
1743413603.480421
1743413603.513041
1743413603.544808
1743413603.576856
1743413603.608573
1743413603.624787
1743413603.656960
1743413603.688995
1743413603.720373
1743413603.752768
1743413603.784917
1743413603.816944
1743413603.848437
1743413603.881052
1743413603.913034
1743413603.945042
1743413603.976616
1743413604.009045
1743413604.041203
1743413604.072495
1743413604.104057
1743413604.120501
1743413604.152620
1743413604.185040
1743413604.216320
1743413604.248920
1743413604.281203
1743413604.313146
1743413604.360813
1743413604.392828
1743413604.424630
1743413604.456780
1743413604.488121
1743413604.504375
1743413604.520738
1743413604.552735
1743413604.584363
1743413604.617044
1743413604.649124
1743413604.696690
1743413604.728305
1743413604.760958
1743413604.792855
1743413604.824589
1743413604.856192
1743413604.872692
1743413604.904733
1743413604.936916
1743413604.968422
1743413605.016874
1743413605.048841
1743413605.081330
1743413605.112330
1743413605.144961
1743413605.176907
1743413605.209162
1743413605.240163
1743413605.256681
1743413605.288679
1743413605.304704
1743413605.336409
1743413605.368746
1743413605.400862
1743413605.432719
1743413605.464346
1743413605.497135
1743413605.529099
1743413605.560961
1743413605.592512
1743413605.608602
1743413605.640967
1743413605.673147
1743413605.704075
1743413605.720427
1743413605.752672
1743413605.784981
1743413605.816325
1743413605.848894
1743413605.880942
1743413605.912999
1743413605.944496
1743413605.992725
1743413606.024587
1743413606.056592
1743413606.088292
1743413606.104667
1743413606.136813
1743413606.168793
1743413606.200651
1743413606.233264
1743413606.265090
1743413606.312928
1743413606.344205
1743413606.376900
1743413606.408968
1743413606.440449
1743413606.472087
1743413606.488568
1743413606.520720
1743413606.552924
1743413606.584580
1743413606.617425
1743413606.648926
1743413606.680844
1743413606.712194
1743413606.744903
1743413606.777164
1743413606.809080
1743413606.840407
1743413606.856635
1743413606.888807
1743413606.920896
1743413606.968843
1743413607.000948
1743413607.032795
1743413607.064837
1743413607.096491
1743413607.129057
1743413607.160951
1743413607.193306
1743413607.224475
1743413607.240599
1743413607.288513
1743413607.320328
1743413607.352094
1743413607.368226
1743413607.400859
1743413607.432787
1743413607.464742
1743413607.497514
1743413607.528967
1743413607.560880
1743413607.592631
1743413607.624897
1743413607.656406
1743413607.672336
1743413607.688664
1743413607.720675
1743413607.752654
1743413607.784720
1743413607.816402
1743413607.848458
1743413607.881009
1743413607.913136
1743413607.945149
1743413607.976775
1743413608.008853
1743413608.040331
1743413608.056559
1743413608.088636
1743413608.120181
1743413608.136584
1743413608.152756
1743413608.184861
1743413608.216609
1743413608.264796
1743413608.296919
1743413608.328696
1743413608.360305
1743413608.392898
1743413608.424949
1743413608.456613
1743413608.488201
1743413608.520764
1743413608.552851
1743413608.600514
1743413608.632229
1743413608.665114
1743413608.696980
1743413608.728790
1743413608.760259
1743413608.792695
1743413608.824511
1743413608.856732
1743413608.888233
1743413608.921320
1743413608.952587
1743413608.984817
1743413609.016256
1743413609.048917
1743413609.080882
1743413609.112817
1743413609.144438
1743413609.177021
1743413609.209266
1743413609.241046
1743413609.272239
1743413609.288394
1743413609.304573
1743413609.336862
1743413609.368153
1743413609.400984
1743413609.432961
1743413609.465031
1743413609.496382
1743413609.529069
1743413609.576796
1743413609.608790
1743413609.640020
1743413609.656544
1743413609.688594
1743413609.720822
1743413609.752158
1743413609.768347
1743413609.801229
1743413609.833144
1743413609.864670
1743413609.897112
1743413609.928904
1743413609.960899
1743413609.992212
1743413610.008405
1743413610.040469
1743413610.056415
1743413610.072466
1743413610.104620
1743413610.136776
1743413610.169075
1743413610.216486
1743413610.248942
1743413610.280721
1743413610.312871
1743413610.344477
1743413610.376903
1743413610.409072
1743413610.440646
1743413610.472262
1743413610.488663
1743413610.520722
1743413610.552903
1743413610.584069
1743413610.616700
1743413610.648914
1743413610.681048
1743413610.712276
1743413610.728140
1743413610.744385
1743413610.776977
1743413610.808538
1743413610.840987
1743413610.873079
1743413610.904357
1743413610.936092
1743413610.952395
1743413610.984704
1743413611.016716
1743413611.048447
1743413611.081301
1743413611.113138
1743413611.145074
1743413611.192858
1743413611.224450
1743413611.256437
1743413611.288424
1743413611.320256
1743413611.336415
1743413611.352698
1743413611.384933
1743413611.416288
1743413611.448902
1743413611.480956
1743413611.528946
1743413611.560132
1743413611.592665
1743413611.624306
1743413611.656508
1743413611.688069
1743413611.704346
1743413611.720511
1743413611.752729
1743413611.784565
1743413611.816906
1743413611.848927
1743413611.880925
1743413611.912342
1743413611.945057
1743413611.977005
1743413612.009261
1743413612.040138
1743413612.056556
1743413612.088708
1743413612.120787
1743413612.168613
1743413612.200750
1743413612.232771
1743413612.265024
1743413612.296447
1743413612.328909
1743413612.360901
1743413612.392987
1743413612.424388
1743413612.440597
1743413612.472869
1743413612.505107
1743413612.535978
1743413612.552349
1743413612.568507
1743413612.600855
1743413612.632295
1743413612.665004
1743413612.697097
1743413612.728923
1743413612.760524
1743413612.793110
1743413612.824913
1743413612.856317
1743413612.888011
1743413612.904514
1743413612.936635
1743413612.968755
1743413613.000289
1743413613.033008
1743413613.065059
1743413613.097127
1743413613.144986
1743413613.176778
1743413613.209072
1743413613.240645
1743413613.272030
1743413613.288514
1743413613.320553
1743413613.352717
1743413613.384229
1743413613.400212
1743413613.416575
1743413613.449049
1743413613.480461
1743413613.512938
1743413613.544790
1743413613.576980
1743413613.608221
1743413613.624358
1743413613.656825
1743413613.688541
1743413613.720138
1743413613.736495
1743413613.752676
1743413613.800656
1743413613.832278
1743413613.864952
1743413613.896711
1743413613.928910
1743413613.960270
1743413613.993057
1743413614.024584
1743413614.056702
1743413614.088272
1743413614.121297
1743413614.152819
1743413614.184728
1743413614.216254
1743413614.248884
1743413614.280928
1743413614.312906
1743413614.344290
1743413614.377110
1743413614.409263
1743413614.456479
1743413614.487959
1743413614.504339
1743413614.536656
1743413614.568655
1743413614.600114
1743413614.633017
1743413614.664963
1743413614.696976
1743413614.728476
1743413614.776670
1743413614.792317
1743413614.824472
1743413614.856020
1743413614.872284
1743413614.888634
1743413614.920622
1743413614.952209
1743413614.984748
1743413615.017181
1743413615.048904
1743413615.096708
1743413615.128713
1743413615.160885
1743413615.192788
1743413615.223998
1743413615.240389
1743413615.272391
1743413615.288474
1743413615.320137
1743413615.336583
1743413615.368770
1743413615.400963
1743413615.432210
1743413615.464248
1743413615.496662
1743413615.528789
1743413615.560833
1743413615.592720
1743413615.624655
1743413615.656657
1743413615.688690
1743413615.720591
1743413615.752267
1743413615.784499
1743413615.816733
1743413615.848765
1743413615.880278
1743413615.912404
1743413615.944984
1743413615.976788
1743413616.008281
1743413616.024478
1743413616.072313
1743413616.104300
1743413616.136022
1743413616.152155
1743413616.168273
1743413616.184391
1743413616.216297
1743413616.248889
1743413616.280996
1743413616.313114
1743413616.344494
1743413616.377255
1743413616.409008
1743413616.440324
1743413616.471946
1743413616.488317
1743413616.520525
1743413616.536564
1743413616.568243
1743413616.600706
1743413616.632947
1743413616.664999
1743413616.696379
1743413616.729004
1743413616.760751
1743413616.792806
1743413616.808383
1743413616.840593
1743413616.872378
1743413616.888573
1743413616.920065
1743413616.936405
1743413616.952776
1743413616.984852
1743413617.016468
1743413617.048822
1743413617.080569
1743413617.112835
1743413617.144344
1743413617.177135
1743413617.209029
1743413617.240632
1743413617.272201
1743413617.288522
1743413617.304725
1743413617.336609
1743413617.352825
1743413617.385074
1743413617.417013
1743413617.448636
1743413617.480213
1743413617.512864
1743413617.544876
1743413617.576873
1743413617.608286
1743413617.624628
1743413617.656763
1743413617.704708
1743413617.735981
1743413617.752164
1743413617.768368
1743413617.800992
1743413617.832243
1743413617.865044
1743413617.896801
1743413617.928924
1743413617.960394
1743413617.993060
1743413618.024922
1743413618.056280
1743413618.087924
1743413618.104391
1743413618.136673
1743413618.168706
1743413618.200199
1743413618.233030
1743413618.265009
1743413618.296819
1743413618.328793
1743413618.361174
1743413618.392784
1743413618.424654
1743413618.456191
1743413618.488626
1743413618.520370
1743413618.552856
1743413618.584229
1743413618.616897
1743413618.649026
1743413618.680976
1743413618.712057
1743413618.744550
1743413618.776777
1743413618.808786
1743413618.839964
1743413618.856467
1743413618.888645
1743413618.920859
1743413618.952359
1743413619.000386
1743413619.032770
1743413619.064862
1743413619.096067
1743413619.128838
1743413619.160699
1743413619.193136
1743413619.224232
1743413619.240379
1743413619.256480
1743413619.288610
1743413619.336483
1743413619.368560
1743413619.400595
1743413619.432781
1743413619.464255
1743413619.496813
1743413619.528916
1743413619.560890
1743413619.592464
1743413619.624626
1743413619.656756
1743413619.688229
1743413619.719991
1743413619.752512
1743413619.784584
1743413619.816838
1743413619.848359
1743413619.881064
1743413619.912939
1743413619.944990
1743413619.976344
1743413620.008656
1743413620.040487
1743413620.072387
1743413620.103949
1743413620.120568
1743413620.152655
1743413620.184761
1743413620.216355
1743413620.248803
1743413620.281014
1743413620.313050
1743413620.344180
1743413620.377371
1743413620.408838
1743413620.440551
1743413620.472132
1743413620.488425
1743413620.520560
1743413620.552655
1743413620.584550
1743413620.632847
1743413620.664937
1743413620.696756
1743413620.728219
1743413620.760891
1743413620.792793
1743413620.824669
1743413620.856194
1743413620.872523
1743413620.888693
1743413620.920766
1743413620.952340
1743413620.984622
1743413621.016760
1743413621.048750
1743413621.080143
1743413621.112900
1743413621.144932
1743413621.177004
1743413621.208397
1743413621.240698
1743413621.288387
1743413621.320443
1743413621.352062
1743413621.384882
1743413621.416662
1743413621.448943
1743413621.480535
1743413621.512814
1743413621.544899
1743413621.577136
1743413621.608159
1743413621.640347
1743413621.672455
1743413621.704471
1743413621.735993
1743413621.752268
1743413621.784721
1743413621.816885
1743413621.848239
1743413621.881223
1743413621.928323
1743413621.960662
1743413621.992174
1743413622.024502
1743413622.056323
1743413622.088562
1743413622.119959
1743413622.136340
1743413622.152509
1743413622.184698
1743413622.216490
1743413622.265149
1743413622.296562
1743413622.328777
1743413622.360135
1743413622.392894
1743413622.424380
1743413622.456508
1743413622.487974
1743413622.504413
1743413622.520472
1743413622.552782
1743413622.584326
1743413622.617025
1743413622.648676
1743413622.680722
1743413622.712212
1743413622.744918
1743413622.776856
1743413622.809211
1743413622.840058
1743413622.856489
1743413622.904419
1743413622.936271
1743413622.968173
1743413623.000376
1743413623.032746
1743413623.064816
1743413623.096193
1743413623.128345
1743413623.161231
1743413623.193122
1743413623.240632
1743413623.272368
1743413623.304260
1743413623.320262
1743413623.336346
1743413623.368546
1743413623.400194
1743413623.433213
1743413623.464849
1743413623.496786
1743413623.528270
1743413623.560946
1743413623.592659
1743413623.624136
1743413623.655912
1743413623.672476
1743413623.704338
1743413623.720299
1743413623.736597
1743413623.768785
1743413623.800852
1743413623.833040
1743413623.880518
1743413623.912632
1743413623.944783
1743413623.976677
1743413624.008137
1743413624.040495
1743413624.072691
1743413624.104377
1743413624.136145
1743413624.152366
1743413624.168602
1743413624.216427
1743413624.248242
1743413624.280793
1743413624.312719
1743413624.344627
1743413624.376285
1743413624.408907
1743413624.440395
1743413624.472486
1743413624.504157
1743413624.536886
1743413624.568709
1743413624.600509
1743413624.632144
1743413624.664911
1743413624.696773
1743413624.728796
1743413624.760223
1743413624.793024
1743413624.824625
1743413624.856637
1743413624.872227
1743413624.888432
1743413624.920465
1743413624.952433
1743413624.984305
1743413625.016650
1743413625.048828
1743413625.080937
1743413625.112383
1743413625.145103
1743413625.192623
1743413625.224237
1743413625.255871
1743413625.272218
1743413625.288611
1743413625.320590
1743413625.352070
1743413625.368147
1743413625.384452
1743413625.416812
1743413625.448410
1743413625.480955
1743413625.513186
1743413625.544593
1743413625.576129
1743413625.592334
1743413625.624371
1743413625.656250
1743413625.687975
1743413625.704308
1743413625.720475
1743413625.752652
1743413625.784322
1743413625.832524
1743413625.864726
1743413625.896751
1743413625.928094
1743413625.960565
1743413625.992758
1743413626.024554
1743413626.055945
1743413626.072503
1743413626.104461
1743413626.120563
1743413626.168282
1743413626.200568
1743413626.232516
1743413626.264737
1743413626.296204
1743413626.328709
1743413626.360948
1743413626.392854
1743413626.424522
1743413626.456629
1743413626.488806
1743413626.520490
1743413626.552236
1743413626.584696
1743413626.616662
1743413626.648655
1743413626.680226
1743413626.713095
1743413626.744975
1743413626.776857
1743413626.808035
1743413626.840183
1743413626.872316
1743413626.888115
1743413626.919922
1743413626.936443
1743413626.968662
1743413627.000855
1743413627.032175
1743413627.064831
1743413627.096815
1743413627.144484
1743413627.176000
1743413627.192163
1743413627.224525
1743413627.256384
1743413627.288055
1743413627.304558
1743413627.336745
1743413627.368819
1743413627.400292
1743413627.432929
1743413627.465006
1743413627.497160
1743413627.528056
1743413627.560541
1743413627.592732
1743413627.624201
1743413627.656007
1743413627.688672
1743413627.720571
1743413627.752714
1743413627.784110
1743413627.816592
1743413627.848798
1743413627.880693
1743413627.912069
1743413627.944775
1743413627.976923
1743413628.008842
1743413628.040004
1743413628.056374
1743413628.072497
1743413628.120159
1743413628.151945
1743413628.168278
1743413628.200571
1743413628.232637
1743413628.264276
1743413628.296800
1743413628.328762
1743413628.360786
1743413628.392334
1743413628.408393
1743413628.440784
1743413628.472422
1743413628.504083
1743413628.536345
1743413628.568793
1743413628.600622
1743413628.632249
1743413628.664783
1743413628.696843
1743413628.728943
1743413628.760257
1743413628.792790
1743413628.824259
1743413628.856257
1743413628.887901
1743413628.904333
1743413628.936441
1743413628.968739
1743413629.000222
1743413629.033111
1743413629.065410
1743413629.096885
1743413629.128123
1743413629.160743
1743413629.192622
1743413629.224192
1743413629.255929
1743413629.272508
1743413629.304548
1743413629.336549
1743413629.368314
1743413629.416372
1743413629.448792
1743413629.480676
1743413629.512002
1743413629.544581
1743413629.576765
1743413629.608925
1743413629.639972
1743413629.656260
1743413629.672417
1743413629.704491
1743413629.736074
1743413629.768787
1743413629.800739
1743413629.832746
1743413629.864084
1743413629.896677
1743413629.928830
1743413629.960816
1743413629.992377
1743413630.024702
1743413630.072533
1743413630.104342
1743413630.135855
1743413630.152279
1743413630.184538
1743413630.216777
1743413630.248109
1743413630.264125
1743413630.280368
1743413630.312895
1743413630.344205
1743413630.392543
1743413630.424120
1743413630.456323
1743413630.487981
1743413630.504277
1743413630.520425
1743413630.552509
1743413630.584232
1743413630.616661
1743413630.648820
1743413630.680779
1743413630.712436
1743413630.744070
1743413630.776704
1743413630.808794
1743413630.840202
1743413630.872244
1743413630.888457
1743413630.904328
1743413630.936394
1743413630.968728
1743413631.000235
1743413631.048563
1743413631.080803
1743413631.112577
1743413631.144093
1743413631.176507
1743413631.208811
1743413631.240337
1743413631.271961
1743413631.288503
1743413631.320566
1743413631.368284
1743413631.400063
1743413631.432552
1743413631.464427
1743413631.496763
1743413631.528137
1743413631.560653
1743413631.592710
1743413631.624538
1743413631.656080
1743413631.688629
1743413631.720213
1743413631.752385
1743413631.784044
1743413631.816727
1743413631.848560
1743413631.880790
1743413631.912332
1743413631.944932
1743413631.976829
1743413632.024585
1743413632.055868
1743413632.072117
1743413632.088356
1743413632.120477
1743413632.152249
1743413632.184638
1743413632.216695
1743413632.248709
1743413632.280546
1743413632.311759
1743413632.344291
1743413632.376126
1743413632.392246
1743413632.423909
1743413632.455954
1743413632.472208
1743413632.488485
1743413632.520433
1743413632.552691
1743413632.584887
1743413632.616410
1743413632.664514
1743413632.696530
1743413632.728811
1743413632.760250
1743413632.792653
1743413632.824718
1743413632.856603
1743413632.887944
1743413632.904299
1743413632.920467
1743413632.952621
1743413633.000697
1743413633.032793
1743413633.064525
1743413633.096728
1743413633.128106
1743413633.160871
1743413633.192872
1743413633.224745
1743413633.256216
1743413633.272649
1743413633.320104
1743413633.352472
1743413633.384017
1743413633.416611
1743413633.448691
1743413633.480893
1743413633.512158
1743413633.544594
1743413633.577087
1743413633.608852
1743413633.639981
1743413633.672505
1743413633.704472
1743413633.736433
1743413633.767900
1743413633.800466
1743413633.832706
1743413633.864880
1743413633.896365
1743413633.928849
1743413633.976422
1743413634.008722
1743413634.039917
1743413634.056141
1743413634.072283
1743413634.104276
1743413634.135867
1743413634.152177
1743413634.184946
1743413634.216903
1743413634.248265
1743413634.296514
1743413634.328580
1743413634.361102
1743413634.392058
1743413634.408180
1743413634.440444
1743413634.472464
1743413634.503865
1743413634.520434
1743413634.552568
1743413634.584853
1743413634.616086
1743413634.648565
1743413634.680583
1743413634.712657
1743413634.744385
1743413634.776698
1743413634.808746
1743413634.840398
1743413634.872187
1743413634.888408
1743413634.920790
1743413634.953050
1743413634.983962
1743413635.016703
1743413635.048701
1743413635.080837
1743413635.112082
1743413635.144625
1743413635.176686
1743413635.208918
1743413635.240131
1743413635.272741
1743413635.304261
1743413635.336303
1743413635.367880
1743413635.384038
1743413635.416849
1743413635.448663
1743413635.480290
1743413635.512861
1743413635.544879
1743413635.592663
1743413635.623892
1743413635.640070
1743413635.672167
1743413635.704155
1743413635.735986
1743413635.768549
1743413635.800523
1743413635.832832
1743413635.864342
1743413635.896937
1743413635.928802
1743413635.960520
1743413635.992044
1743413636.008324
1743413636.040393
1743413636.072208
1743413636.103826
1743413636.120377
1743413636.152330
1743413636.184551
1743413636.216276
1743413636.248753
1743413636.280583
1743413636.312874
1743413636.344106
1743413636.376579
1743413636.408811
1743413636.440181
1743413636.471943
1743413636.488507
1743413636.520520
1743413636.568407
1743413636.600022
1743413636.632699
1743413636.664697
1743413636.696815
1743413636.728195
1743413636.760454
1743413636.792787
1743413636.824686
1743413636.855924
1743413636.872364
1743413636.904822
1743413636.936088
1743413636.952145
1743413636.984665
1743413637.016994
1743413637.048587
1743413637.080034
1743413637.113045
1743413637.144748
1743413637.176788
1743413637.224375
1743413637.256204
1743413637.288108
1743413637.304233
1743413637.335766
1743413637.352040
1743413637.368521
1743413637.400476
1743413637.432075
1743413637.464750
1743413637.497055
1743413637.544396
1743413637.575888
1743413637.592116
1743413637.624178
1743413637.656053
1743413637.687899
1743413637.704434
1743413637.736426
1743413637.768813
1743413637.800476
1743413637.833008
1743413637.880489
1743413637.912583
1743413637.943927
1743413637.976491
1743413638.008690
1743413638.040543
1743413638.071829
1743413638.088330
1743413638.120589
1743413638.152598
1743413638.200210
1743413638.232625
1743413638.264617
1743413638.296487
1743413638.328002
1743413638.360618
1743413638.392714
1743413638.424497
1743413638.455921
1743413638.472428
1743413638.520481
1743413638.552478
1743413638.584550
1743413638.616675
1743413638.648510
1743413638.680723
1743413638.712704
1743413638.744656
1743413638.776135
1743413638.792302
1743413638.824554
1743413638.856738
1743413638.887789
1743413638.904129
1743413638.936403
1743413638.952102
1743413638.984014
1743413639.016859
1743413639.048753
1743413639.080722
1743413639.112224
1743413639.144738
1743413639.176810
1743413639.208465
1743413639.239842
1743413639.272290
1743413639.304390
1743413639.336388
1743413639.368345
1743413639.400438
1743413639.432880
1743413639.464699
1743413639.496032
1743413639.528679
1743413639.560563
1743413639.592527
1743413639.623841
1743413639.640106
1743413639.672527
1743413639.704419
1743413639.735980
1743413639.752130
1743413639.768353
1743413639.800788
1743413639.832014
1743413639.864537
1743413639.896600
1743413639.928651
1743413639.960048
1743413639.992692
1743413640.025009
1743413640.056336
1743413640.087966
1743413640.104400
1743413640.152143
1743413640.184456
1743413640.215951
1743413640.248679
1743413640.280689
1743413640.312670
1743413640.344033
1743413640.376531
1743413640.408649
1743413640.440443
1743413640.472239
1743413640.504292
1743413640.536283
1743413640.568647
1743413640.600071
1743413640.632733
1743413640.664717
1743413640.696627
1743413640.728370
1743413640.760627
1743413640.808423
1743413640.840451
1743413640.871786
1743413640.888322
1743413640.920390
1743413640.952548
1743413640.983899
1743413641.016720
1743413641.048889
1743413641.080858
1743413641.128445
1743413641.160900
1743413641.192581
1743413641.224086
1743413641.255728
1743413641.272140
1743413641.288467
1743413641.320469
1743413641.352145
1743413641.384598
1743413641.416606
1743413641.448806
1743413641.480036
1743413641.512664
1743413641.544583
1743413641.576522
1743413641.608184
1743413641.640358
1743413641.672262
1743413641.704578
1743413641.736114
1743413641.784202
1743413641.816666
1743413641.848532
1743413641.880005
1743413641.912742
1743413641.944583
1743413641.976881
1743413642.008215
1743413642.040384
1743413642.072499
1743413642.104848
1743413642.135765
1743413642.152032
1743413642.168346
1743413642.200410
1743413642.231934
1743413642.264572
1743413642.296755
1743413642.328683
1743413642.360187
1743413642.392680
1743413642.424924
1743413642.456023
1743413642.487735
1743413642.503987
1743413642.520321
1743413642.552310
1743413642.583984
1743413642.616603
1743413642.648564
1743413642.680793
1743413642.712142
1743413642.760605
1743413642.792545
1743413642.824432
1743413642.855803
1743413642.872056
1743413642.888399
1743413642.920499
1743413642.951886
1743413642.984536
1743413643.016691
1743413643.048706
1743413643.080067
1743413643.112783
1743413643.144471
1743413643.176445
1743413643.208011
1743413643.240367
1743413643.272177
1743413643.288307
1743413643.320084
1743413643.336459
1743413643.368703
1743413643.400629
1743413643.431856
1743413643.464592
1743413643.496610
1743413643.528423
1743413643.559964
1743413643.592663
1743413643.624378
1743413643.656589
1743413643.688011
1743413643.704413
1743413643.736770
1743413643.768446
1743413643.799921
1743413643.832694
1743413643.864467
1743413643.896766
1743413643.927975
1743413643.960981
1743413643.992545
1743413644.024433
1743413644.055904
1743413644.072052
1743413644.088127
1743413644.120546
1743413644.151770
1743413644.167981
1743413644.184203
1743413644.216557
1743413644.248017
1743413644.280986
1743413644.312694
1743413644.344636
1743413644.376226
1743413644.408534
1743413644.440314
1743413644.472126
1743413644.488357
1743413644.520303
1743413644.552371
1743413644.584514
1743413644.616034
1743413644.648735
1743413644.680895
1743413644.712706
1743413644.744011
1743413644.776561
1743413644.808409
1743413644.840263
1743413644.871853
1743413644.888143
1743413644.904351
1743413644.936359
1743413644.968304
1743413645.000904
1743413645.032933
1743413645.064403
1743413645.095984
1743413645.128525
1743413645.160401
1743413645.192544
1743413645.223889
1743413645.240218
1743413645.272435
1743413645.304528
1743413645.352005
1743413645.384475
1743413645.416332
1743413645.448449
1743413645.480035
1743413645.512617
1743413645.544668
1743413645.576738
1743413645.608027
1743413645.624283
1743413645.656473
1743413645.688845
1743413645.719729
1743413645.736128
1743413645.768476
1743413645.800428
1743413645.831963
1743413645.864742
1743413645.896692
1743413645.928681
1743413645.960168
1743413646.008409
1743413646.040112
1743413646.072126
1743413646.103776
1743413646.120231
1743413646.152493
1743413646.184490
1743413646.216532
1743413646.248731
1743413646.280751
1743413646.328553
1743413646.360512
1743413646.392317
1743413646.423544
1743413646.440085
1743413646.472302
1743413646.504138
1743413646.535851
1743413646.552158
1743413646.584630
1743413646.616707
1743413646.664451
1743413646.696406
1743413646.728570
1743413646.760533
1743413646.791968
1743413646.824374
1743413646.856081
1743413646.872198
1743413646.888337
1743413646.920419
1743413646.952396
1743413646.984716
1743413647.015824
1743413647.031702
1743413647.048015
1743413647.064061
1743413647.080246
1743413647.112536
1743413647.144647
1743413647.176602
1743413647.208073
1743413647.224227
1743413647.256564
1743413647.304216
1743413647.335655
1743413647.352102
1743413647.384453
1743413647.416448
1743413647.448038
1743413647.480611
1743413647.512729
1743413647.544638
1743413647.576160
1743413647.608906
1743413647.640709
1743413647.672256
1743413647.703669
1743413647.720247
1743413647.752266
1743413647.784446
1743413647.816004
1743413647.848585
1743413647.880883
1743413647.912760
1743413647.960399
1743413647.992435
1743413648.024218
1743413648.056080
1743413648.087709
1743413648.104192
1743413648.136173
1743413648.168466
1743413648.200172
1743413648.232736
1743413648.280366
1743413648.312556
1743413648.343818
1743413648.376488
1743413648.408526
1743413648.440294
1743413648.472043
1743413648.504382
1743413648.536242
1743413648.568572
1743413648.616339
1743413648.648564
1743413648.680570
1743413648.712459
1743413648.743922
1743413648.776602
1743413648.808675
1743413648.840333
1743413648.871953
1743413648.888260
1743413648.936056
1743413648.968446
1743413648.999752
1743413649.032635
1743413649.064605
1743413649.096437
1743413649.127925
1743413649.143859
1743413649.160277
1743413649.192697
1743413649.208169
1743413649.224321
1743413649.256762
1743413649.288075
1743413649.303974
1743413649.320148
1743413649.336132
1743413649.352056
1743413649.368253
1743413649.384173
1743413649.400457
1743413649.432530
1743413649.463987
1743413649.479877
1743413649.496084
1743413649.512292
1743413649.528360
1743413649.544320
1743413649.560314
1743413649.592541
1743413649.623739
1743413649.639997
1743413649.656016
1743413649.672090
1743413649.688297
1743413649.704245
1743413649.720128
1743413649.736194
1743413649.752256
1743413649.768119
1743413649.784218
1743413649.800016
1743413649.816226
1743413649.832369
1743413649.848346
1743413649.864270
1743413649.880420
1743413649.912913
1743413649.944271
1743413649.959700
1743413649.976066
1743413649.992032
1743413650.008092
1743413650.024349
1743413650.040077
1743413650.056084
1743413650.072236
1743413650.088331
1743413650.104345
1743413650.120263
1743413650.136317
1743413650.152246
1743413650.168283
1743413650.184509
1743413650.200264
1743413650.232952
1743413650.263822
1743413650.279854
1743413650.296074
1743413650.312091
1743413650.328048
1743413650.344096
1743413650.360042
1743413650.376019
1743413650.392296
1743413650.408096
1743413650.424151
1743413650.440241
1743413650.456267
1743413650.472284
1743413650.488323
1743413650.504455
1743413650.520383
1743413650.536440
1743413650.567847
1743413650.600685
1743413650.631891
1743413650.647859
1743413650.664024
1743413650.680099
1743413650.696336
1743413650.712292
1743413650.728214
1743413650.744263
1743413650.760343
1743413650.776280
1743413650.792417
1743413650.808292
1743413650.824492
1743413650.840499
1743413650.856640
1743413650.888684
1743413650.919600
1743413650.936040
1743413650.952205
1743413650.968038
1743413650.984150
1743413651.000132
1743413651.016114
1743413651.032105
1743413651.048218
1743413651.064224
1743413651.080407
1743413651.096171
1743413651.112220
1743413651.128300
1743413651.144440
1743413651.160195
1743413651.176341
1743413651.208901
1743413651.240303
1743413651.255923
1743413651.272180
1743413651.288266
1743413651.304180
1743413651.320067
1743413651.336217
1743413651.352206
1743413651.368068
1743413651.384140
1743413651.400111
1743413651.416200
1743413651.432173
1743413651.448365
1743413651.464400
1743413651.480316
1743413651.496290
1743413651.512303
1743413651.544085
1743413651.559878
1743413651.575985
1743413651.591941
1743413651.608015
1743413651.624090
1743413651.640077
1743413651.655994
1743413651.672190
1743413651.688255
1743413651.704181
1743413651.720304
1743413651.736224
1743413651.752309
1743413651.768199
1743413651.784244
1743413651.800289
1743413651.816328
1743413651.832290
1743413651.864782
1743413651.895810
1743413651.911768
1743413651.928096
1743413651.944307
1743413651.976317
1743413651.991941
1743413652.008059
1743413652.024269
1743413652.040186
1743413652.056055
1743413652.072389
1743413652.088460
1743413652.104325
1743413652.120255
1743413652.136521
1743413652.152468
1743413652.184697
1743413652.216604
1743413652.247898
1743413652.263799
1743413652.280089
1743413652.296078
1743413652.312167
1743413652.328228
1743413652.344138
1743413652.360060
1743413652.376207
1743413652.392342
1743413652.408243
1743413652.424091
1743413652.440437
1743413652.456214
1743413652.472431
1743413652.488426
1743413652.519961
1743413652.536026
1743413652.552184
1743413652.568159
1743413652.584087
1743413652.599960
1743413652.616055
1743413652.632151
1743413652.648308
1743413652.664146
1743413652.680199
1743413652.695998
1743413652.712189
1743413652.728086
1743413652.744215
1743413652.760325
1743413652.776250
1743413652.792462
1743413652.808462
1743413652.840790
1743413652.871723
1743413652.888026
1743413652.903991
1743413652.920210
1743413652.936129
1743413652.952557
1743413652.984382
1743413652.999884
1743413653.016176
1743413653.032233
1743413653.048218
1743413653.064198
1743413653.080281
1743413653.096270
1743413653.112303
1743413653.128254
1743413653.160111
1743413653.175813
1743413653.192078
1743413653.207907
1743413653.224120
1743413653.240082
1743413653.256114
1743413653.272242
1743413653.288332
1743413653.304106
1743413653.320222
1743413653.336185
1743413653.352288
1743413653.368288
1743413653.384345
1743413653.400179
1743413653.416211
1743413653.432304
1743413653.448385
1743413653.464306
1743413653.496039
1743413653.511711
1743413653.527887
1743413653.543915
1743413653.560101
1743413653.576234
1743413653.592082
1743413653.607992
1743413653.624205
1743413653.640150
1743413653.656138
1743413653.672144
1743413653.688437
1743413653.704089
1743413653.720203
1743413653.736175
1743413653.752492
1743413653.768313
1743413653.784272
1743413653.816945
1743413653.847793
1743413653.863640
1743413653.879975
1743413653.896141
1743413653.912048
1743413653.928000
1743413653.944034
1743413653.959980
1743413653.976072
1743413653.992180
1743413654.008167
1743413654.024142
1743413654.040198
1743413654.056159
1743413654.072246
1743413654.088302
1743413654.104413
1743413654.136777
1743413654.168476
1743413654.200589
1743413654.231861
1743413654.247879
1743413654.263999
1743413654.280008
1743413654.296087
1743413654.312241
1743413654.328087
1743413654.344059
1743413654.360179
1743413654.376263
1743413654.392365
1743413654.408347
1743413654.424541
1743413654.472517
1743413654.503993
1743413654.519969
1743413654.536159
1743413654.552344
1743413654.568287
1743413654.600402
1743413654.631884
1743413654.647780
1743413654.664064
1743413654.680064
1743413654.696187
1743413654.712276
1743413654.728326
1743413654.744379
1743413654.760290
1743413654.792368
1743413654.807903
1743413654.823873
1743413654.840104
1743413654.856199
1743413654.872119
1743413654.888250
1743413654.904166
1743413654.920181
1743413654.936197
1743413654.952299
1743413654.968073
1743413654.984246
1743413655.016395
1743413655.031991
1743413655.048310
1743413655.064317
1743413655.080426
1743413655.112722
1743413655.143985
1743413655.159710
1743413655.175953
1743413655.191981
1743413655.208046
1743413655.224145
1743413655.256263
1743413655.272160
1743413655.288392
1743413655.304240
1743413655.320246
1743413655.336320
1743413655.352382
1743413655.368382
1743413655.384175
1743413655.400319
1743413655.416306
1743413655.448758
1743413655.480308
1743413655.495727
1743413655.512040
1743413655.527918
1743413655.544066
1743413655.560075
1743413655.576329
1743413655.592069
1743413655.608176
1743413655.624295
1743413655.640200
1743413655.656281
1743413655.672270
1743413655.688300
1743413655.704422
1743413655.720139
1743413655.736689
1743413655.768251
1743413655.799817
1743413655.815691
1743413655.832117
1743413655.848241
1743413655.864177
1743413655.880497
1743413655.896328
1743413655.912210
1743413655.928183
1743413655.944265
1743413655.960219
1743413655.976246
1743413655.992340
1743413656.008290
1743413656.024267
1743413656.040406
1743413656.056260
1743413656.088253
1743413656.103957
1743413656.120182
1743413656.136172
1743413656.152154
1743413656.167949
1743413656.184132
1743413656.200177
1743413656.216196
1743413656.232190
1743413656.248257
1743413656.264271
1743413656.280419
1743413656.296219
1743413656.312211
1743413656.328253
1743413656.344456
1743413656.360381
1743413656.376292
1743413656.392524
1743413656.424102
1743413656.439917
1743413656.455967
1743413656.472011
1743413656.488152
1743413656.504327
1743413656.520205
1743413656.536038
1743413656.552240
1743413656.568021
1743413656.584146
1743413656.599929
1743413656.616246
1743413656.632044
1743413656.648205
1743413656.664210
1743413656.680221
1743413656.696227
1743413656.712223
1743413656.744873
1743413656.775895
1743413656.791994
1743413656.808095
1743413656.824057
1743413656.840096
1743413656.855978
1743413656.872444
1743413656.888217
1743413656.904274
1743413656.920156
1743413656.936185
1743413656.952151
1743413656.968218
1743413656.984104
1743413657.000178
1743413657.016312
1743413657.032353
1743413657.064789
1743413657.096391
1743413657.128428
1743413657.159933
1743413657.192633
1743413657.224029
1743413657.239914
1743413657.256267
1743413657.272259
1743413657.288269
1743413657.304252
1743413657.320327
1743413657.336258
1743413657.352385
1743413657.368300
1743413657.400123
1743413657.415900
1743413657.432077
1743413657.448159
1743413657.464161
1743413657.480723
1743413657.496317
1743413657.512122
1743413657.528190
1743413657.544199
1743413657.560202
1743413657.576175
1743413657.592209
1743413657.608306
1743413657.624232
1743413657.640227
1743413657.656349
1743413657.672297
1743413657.688494
1743413657.720652
1743413657.736067
1743413657.752246
1743413657.768032
1743413657.784014
1743413657.800150
1743413657.816072
1743413657.832170
1743413657.848199
1743413657.864270
1743413657.880187
1743413657.896049
1743413657.912340
1743413657.928214
1743413657.944198
1743413657.960330
1743413657.976178
1743413657.992340
1743413658.008324
1743413658.040889
1743413658.072210
1743413658.088306
1743413658.120101
1743413658.136247
1743413658.152358
1743413658.168182
1743413658.184219
1743413658.200048
1743413658.216061
1743413658.232179
1743413658.248259
1743413658.264245
1743413658.280311
1743413658.296458
1743413658.312254
1743413658.328234
1743413658.344227
1743413658.376066
1743413658.392064
1743413658.407997
1743413658.424066
1743413658.440077
1743413658.456138
1743413658.472308
1743413658.488201
1743413658.504224
1743413658.520318
1743413658.536142
1743413658.552218
1743413658.568046
1743413658.584288
1743413658.600155
1743413658.616425
1743413658.632415
1743413658.648359
1743413658.664194
1743413658.696823
1743413658.727854
1743413658.743857
1743413658.759893
1743413658.776055
1743413658.792044
1743413658.808301
1743413658.824152
1743413658.840188
1743413658.856156
1743413658.872213
1743413658.888494
1743413658.904264
1743413658.920328
1743413658.936372
1743413658.952480
1743413658.984646
1743413659.016130
1743413659.031734
1743413659.048046
