1743384226.848918
1743384226.929343
1743384226.961258
1743384226.992557
1743384227.025067
1743384227.057358
1743384227.088974
1743384227.121213
1743384227.152681
1743384227.169274
1743384227.201186
1743384227.233091
1743384227.264964
1743384227.296905
1743384227.313218
1743384227.345258
1743384227.393201
1743384227.409449
1743384227.425394
1743384227.456983
1743384227.489248
1743384227.521629
1743384227.553660
1743384227.585745
1743384227.617555
1743384227.649924
1743384227.697877
1743384227.729659
1743384227.762017
1743384227.794744
1743384227.826373
1743384227.858416
1743384227.890461
1743384227.923083
1743384227.954765
1743384227.987077
1743384228.034814
1743384228.066758
1743384228.099063
1743384228.130870
1743384228.162570
1743384228.194267
1743384228.224988
1743384228.256821
1743384228.273502
1743384228.289870
1743384228.321414
1743384228.369127
1743384228.401322
1743384228.433259
1743384228.465111
1743384228.496685
1743384228.512857
1743384228.545052
1743384228.560901
1743384228.577151
1743384228.609098
1743384228.625008
1743384228.641126
1743384228.673306
1743384228.704957
1743384228.737179
1743384228.769264
1743384228.801632
1743384228.833466
1743384228.848795
1743384228.865328
1743384228.880882
1743384228.896979
1743384228.913027
1743384228.929037
1743384228.944985
1743384228.961111
1743384228.977117
1743384229.009722
1743384229.041014
1743384229.056796
1743384229.072815
1743384229.088897
1743384229.104935
1743384229.120809
1743384229.136823
1743384229.152994
1743384229.168981
1743384229.185083
1743384229.201294
1743384229.233467
1743384229.265571
1743384229.281034
1743384229.297106
1743384229.313051
1743384229.345487
1743384229.377740
1743384229.409361
1743384229.424781
1743384229.440954
1743384229.457033
1743384229.472915
1743384229.489024
1743384229.504907
1743384229.520844
1743384229.536942
1743384229.552813
1743384229.568960
1743384229.584988
1743384229.601068
1743384229.617055
1743384229.648743
1743384229.664516
1743384229.680665
1743384229.696826
1743384229.713416
1743384229.744898
1743384229.760742
1743384229.776761
1743384229.792855
1743384229.808959
1743384229.825092
1743384229.840970
1743384229.856917
1743384229.873064
1743384229.889000
1743384229.904961
1743384229.920946
1743384229.937044
1743384229.953037
1743384229.985554
1743384230.016578
1743384230.032488
1743384230.048668
1743384230.064617
1743384230.080791
1743384230.096703
1743384230.112781
1743384230.128789
1743384230.144960
1743384230.160790
1743384230.176875
1743384230.192882
1743384230.208939
1743384230.224976
1743384230.241057
1743384230.257117
1743384230.273114
1743384230.289221
1743384230.321310
1743384230.353233
1743384230.384534
1743384230.400373
1743384230.416685
1743384230.432727
1743384230.448728
1743384230.464792
1743384230.480826
1743384230.496738
1743384230.512771
1743384230.528792
1743384230.544842
1743384230.560855
1743384230.577033
1743384230.593006
1743384230.625180
1743384230.641029
1743384230.656827
1743384230.672979
1743384230.688946
1743384230.704778
1743384230.720680
1743384230.736822
1743384230.752902
1743384230.768929
1743384230.800887
1743384230.816630
1743384230.832910
1743384230.848921
1743384230.865026
1743384230.881183
1743384230.897055
1743384230.912965
1743384230.928988
1743384230.960839
1743384230.976737
1743384230.992674
1743384231.009017
1743384231.025081
1743384231.040954
1743384231.057189
1743384231.072925
1743384231.088956
1743384231.104937
1743384231.136718
1743384231.153014
1743384231.168896
1743384231.185188
1743384231.201326
1743384231.217131
1743384231.233010
1743384231.249115
1743384231.280881
1743384231.296488
1743384231.312828
1743384231.328713
1743384231.344851
1743384231.360859
1743384231.376834
1743384231.393241
1743384231.409030
1743384231.424995
1743384231.440942
1743384231.457187
1743384231.473098
1743384231.489191
1743384231.504924
1743384231.521018
1743384231.536922
1743384231.553092
1743384231.569066
1743384231.601756
1743384231.633427
1743384231.664582
1743384231.680439
1743384231.696906
1743384231.729316
1743384231.760339
1743384231.776708
1743384231.792798
1743384231.808861
1743384231.824883
1743384231.841081
1743384231.857030
1743384231.873167
1743384231.904800
1743384231.937159
1743384231.969110
1743384232.001339
1743384232.032754
1743384232.048466
1743384232.064809
1743384232.080733
1743384232.096934
1743384232.112816
1743384232.128920
1743384232.144927
1743384232.160877
1743384232.176989
1743384232.193022
1743384232.209566
1743384232.225090
1743384232.241136
1743384232.273687
1743384232.305281
1743384232.336842
1743384232.352673
1743384232.368706
1743384232.384835
1743384232.400867
1743384232.417122
1743384232.433024
1743384232.448913
1743384232.464670
1743384232.480683
1743384232.496937
1743384232.512888
1743384232.528964
1743384232.544929
1743384232.577311
1743384232.608929
1743384232.625110
1743384232.640900
1743384232.673101
1743384232.688613
1743384232.704870
1743384232.720669
1743384232.736672
1743384232.752783
1743384232.768909
1743384232.784816
1743384232.800916
1743384232.816844
1743384232.832860
1743384232.849024
1743384232.864908
1743384232.880996
1743384232.913524
1743384232.944913
1743384232.960572
1743384232.976580
1743384232.992727
1743384233.008867
1743384233.024871
1743384233.040713
1743384233.056900
1743384233.072953
1743384233.089101
1743384233.104802
1743384233.120787
1743384233.136803
1743384233.152936
1743384233.168946
1743384233.184966
1743384233.200862
1743384233.217055
1743384233.249675
1743384233.281077
1743384233.296416
1743384233.312739
1743384233.328751
1743384233.344846
1743384233.360694
1743384233.376902
1743384233.408912
1743384233.424794
1743384233.440832
1743384233.457051
1743384233.472988
1743384233.488952
1743384233.504815
1743384233.520943
1743384233.553583
1743384233.585312
1743384233.617026
1743384233.649417
1743384233.681240
1743384233.713495
1743384233.745419
1743384233.776686
1743384233.792809
1743384233.809095
1743384233.825020
1743384233.840912
1743384233.857080
1743384233.889385
1743384233.920953
1743384233.952982
1743384233.985369
1743384234.017243
1743384234.049371
1743384234.080913
1743384234.096444
1743384234.112766
1743384234.128889
1743384234.144918
1743384234.160961
1743384234.176892
1743384234.193066
1743384234.225082
1743384234.240686
1743384234.256646
1743384234.272777
1743384234.288657
1743384234.304754
1743384234.320810
1743384234.336609
1743384234.352694
1743384234.368822
1743384234.384835
1743384234.400893
1743384234.416871
1743384234.432849
1743384234.448757
1743384234.464846
1743384234.480965
1743384234.496832
1743384234.512924
1743384234.545132
1743384234.560545
1743384234.576612
1743384234.592583
1743384234.608581
1743384234.624749
1743384234.640731
1743384234.656704
1743384234.672877
1743384234.688712
1743384234.704591
1743384234.720702
1743384234.736561
1743384234.752851
1743384234.785398
1743384234.817274
1743384234.832824
1743384234.865147
1743384234.897266
1743384234.929053
1743384234.944970
1743384234.976652
1743384234.992596
1743384235.008780
1743384235.024652
1743384235.040756
1743384235.056987
1743384235.073063
1743384235.088908
1743384235.104774
1743384235.120932
1743384235.136785
1743384235.152820
1743384235.169051
1743384235.201161
1743384235.216528
1743384235.232846
1743384235.248768
1743384235.264687
1743384235.280826
1743384235.296735
1743384235.312819
1743384235.328889
1743384235.344858
1743384235.360644
1743384235.376700
1743384235.392699
1743384235.408653
1743384235.424911
1743384235.440992
1743384235.456961
1743384235.473019
1743384235.488965
1743384235.521368
1743384235.553191
1743384235.585406
1743384235.617167
1743384235.648986
1743384235.681205
1743384235.713221
1743384235.744861
1743384235.760819
1743384235.776750
1743384235.792800
1743384235.808836
1743384235.841333
1743384235.872814
1743384235.888475
1743384235.904561
1743384235.920478
1743384235.936563
1743384235.952859
1743384235.968635
1743384235.984761
1743384236.000664
1743384236.016666
1743384236.032552
1743384236.048583
1743384236.064802
1743384236.080710
1743384236.096775
1743384236.112753
1743384236.128775
1743384236.144944
1743384236.177286
1743384236.208668
1743384236.224586
1743384236.240610
1743384236.256730
1743384236.272663
1743384236.288689
1743384236.304603
1743384236.320564
1743384236.336742
1743384236.352933
1743384236.368600
1743384236.384798
1743384236.400702
1743384236.416801
1743384236.432699
1743384236.448769
1743384236.464853
1743384236.497407
1743384236.529107
1743384236.560727
1743384236.576580
1743384236.592624
1743384236.608822
1743384236.624686
1743384236.640684
1743384236.656707
1743384236.672675
1743384236.688642
1743384236.704647
1743384236.720668
1743384236.736616
1743384236.752775
1743384236.768694
1743384236.784790
1743384236.817509
1743384236.848973
1743384236.881155
1743384236.913141
1743384236.944913
1743384236.976849
1743384237.008611
1743384237.024678
1743384237.056810
1743384237.089255
1743384237.120951
1743384237.153265
1743384237.184946
1743384237.217012
1743384237.249164
1743384237.281125
1743384237.313181
1743384237.345126
1743384237.376844
1743384237.408906
1743384237.440935
1743384237.473252
1743384237.504810
1743384237.536913
1743384237.569198
1743384237.601151
1743384237.633109
1743384237.665283
1743384237.697506
1743384237.729299
1743384237.761006
1743384237.793417
1743384237.824487
1743384237.840568
1743384237.872746
1743384237.904955
1743384237.936815
1743384237.969216
1743384238.001059
1743384238.033019
1743384238.065316
1743384238.097396
1743384238.129591
1743384238.161166
1743384238.192567
1743384238.208652
1743384238.240716
1743384238.272815
1743384238.304887
1743384238.336930
1743384238.369252
1743384238.401091
1743384238.448833
1743384238.480395
1743384238.512744
1743384238.544502
1743384238.576645
1743384238.608865
1743384238.640885
1743384238.672315
1743384238.688591
1743384238.704556
1743384238.737159
1743384238.769064
1743384238.801032
1743384238.832834
1743384238.864987
1743384238.897055
1743384238.928421
1743384238.944570
1743384238.976594
1743384239.008892
1743384239.040516
1743384239.072987
1743384239.105048
1743384239.136802
1743384239.168812
1743384239.201251
1743384239.232782
1743384239.265081
1743384239.296916
1743384239.329131
1743384239.360710
1743384239.392709
1743384239.425012
1743384239.456650
1743384239.488889
1743384239.520719
1743384239.553214
1743384239.584876
1743384239.617023
1743384239.649270
1743384239.680999
1743384239.713142
1743384239.744979
1743384239.776643
1743384239.808676
1743384239.840364
1743384239.856273
1743384239.872361
1743384239.905018
1743384239.936872
1743384239.969034
1743384240.000767
1743384240.033533
1743384240.080648
1743384240.112948
1743384240.144883
1743384240.176564
1743384240.208598
1743384240.240684
1743384240.272638
1743384240.304895
1743384240.336964
1743384240.369336
1743384240.400945
1743384240.432857
1743384240.464913
1743384240.496904
1743384240.529061
1743384240.560526
1743384240.576634
1743384240.608571
1743384240.624754
1743384240.656865
1743384240.688891
1743384240.721013
1743384240.752986
1743384240.784633
1743384240.816961
1743384240.848909
1743384240.880776
1743384240.912786
1743384240.945152
1743384240.976812
1743384241.008884
1743384241.056374
1743384241.087877
1743384241.103898
1743384241.136762
1743384241.168794
1743384241.200775
1743384241.232778
1743384241.264930
1743384241.297108
1743384241.329253
1743384241.376367
1743384241.408345
1743384241.440535
1743384241.472736
1743384241.504874
1743384241.536703
1743384241.568690
1743384241.601026
1743384241.632949
1743384241.665165
1743384241.696819
1743384241.728868
1743384241.760633
1743384241.792257
1743384241.824567
1743384241.856652
1743384241.888765
1743384241.921013
1743384241.953138
1743384241.985132
1743384242.032593
1743384242.064750
1743384242.095561
1743384242.112094
1743384242.144316
1743384242.176422
1743384242.208463
1743384242.240546
1743384242.272728
1743384242.304922
1743384242.352723
1743384242.384653
1743384242.416906
1743384242.448862
1743384242.480767
1743384242.513075
1743384242.545168
1743384242.576562
1743384242.608657
1743384242.640672
1743384242.673059
1743384242.704679
1743384242.736611
1743384242.768912
1743384242.800838
1743384242.832721
1743384242.865112
1743384242.897068
1743384242.929004
1743384242.961055
1743384243.008359
1743384243.040331
1743384243.072500
1743384243.104814
1743384243.136647
1743384243.168910
1743384243.200943
1743384243.232969
1743384243.264898
1743384243.296947
1743384243.327798
1743384243.344639
1743384243.375263
1743384243.391995
1743384243.408626
1743384243.440694
1743384243.472649
1743384243.504518
1743384243.536727
1743384243.569041
1743384243.600797
1743384243.648830
1743384243.680795
1743384243.713017
1743384243.744597
1743384243.776823
1743384243.808646
1743384243.840491
1743384243.872389
1743384243.904670
1743384243.936843
1743384243.984592
1743384244.016607
1743384244.048819
1743384244.080555
1743384244.112686
1743384244.144617
1743384244.176410
1743384244.208521
1743384244.240465
1743384244.272624
1743384244.304964
1743384244.336466
1743384244.368527
1743384244.400451
1743384244.432846
1743384244.464969
1743384244.496976
1743384244.529012
1743384244.560922
1743384244.592661
1743384244.624819
1743384244.656405
1743384244.688471
1743384244.720690
1743384244.752894
1743384244.784533
1743384244.816561
1743384244.848820
1743384244.881009
1743384244.912776
1743384244.928436
1743384244.960968
1743384244.992415
1743384245.023487
1743384245.040297
1743384245.071869
1743384245.088236
1743384245.120045
1743384245.152116
1743384245.184072
1743384245.217044
1743384245.249106
1743384245.281051
1743384245.312737
1743384245.344563
1743384245.376324
1743384245.408240
1743384245.424255
1743384245.456350
1743384245.488636
1743384245.520725
1743384245.552717
1743384245.600999
1743384245.632357
1743384245.664658
1743384245.696773
1743384245.728614
1743384245.760655
1743384245.792515
1743384245.824503
1743384245.856528
1743384245.888695
1743384245.936630
1743384245.968543
1743384246.000690
1743384246.032681
1743384246.064734
1743384246.096574
1743384246.129015
1743384246.160862
1743384246.192641
1743384246.224421
1743384246.256749
1743384246.288532
1743384246.320602
1743384246.352534
1743384246.384898
1743384246.416605
1743384246.448767
1743384246.480725
1743384246.512878
1743384246.544967
1743384246.576300
1743384246.608268
1743384246.640158
1743384246.672387
1743384246.704336
1743384246.736552
1743384246.768631
1743384246.800670
1743384246.832835
1743384246.864524
1743384246.912420
1743384246.944900
1743384246.976316
1743384247.008195
1743384247.040252
1743384247.072313
1743384247.104365
1743384247.136475
1743384247.169003
1743384247.200745
1743384247.232844
1743384247.264372
1743384247.297064
1743384247.328555
1743384247.360158
1743384247.392247
1743384247.424329
1743384247.456315
1743384247.472340
1743384247.504836
1743384247.552426
1743384247.584645
1743384247.616369
1743384247.648679
1743384247.680625
1743384247.712809
1743384247.744508
1743384247.776285
1743384247.808545
1743384247.840469
1743384247.888149
1743384247.920159
1743384247.952813
1743384247.984374
1743384248.017033
1743384248.048760
1743384248.080727
1743384248.112858
1743384248.144598
1743384248.176632
1743384248.208800
1743384248.240166
1743384248.272204
1743384248.304408
1743384248.336357
1743384248.368514
1743384248.400597
1743384248.432586
1743384248.464799
1743384248.496754
1743384248.528633
1743384248.560680
1743384248.592186
1743384248.624103
1743384248.656229
1743384248.688358
1743384248.720428
1743384248.752715
1743384248.784642
1743384248.816986
1743384248.864472
1743384248.896532
1743384248.928470
1743384248.960161
1743384248.976003
1743384248.991995
1743384249.007942
1743384249.039862
1743384249.056318
1743384249.088348
1743384249.120718
1743384249.152352
1743384249.184812
1743384249.216549
1743384249.248405
1743384249.280325
1743384249.312694
1743384249.344438
1743384249.376229
1743384249.408174
1743384249.424136
1743384249.456342
1743384249.504219
1743384249.536140
1743384249.568578
1743384249.600546
1743384249.632767
1743384249.664110
1743384249.696713
1743384249.728458
1743384249.760383
1743384249.791939
1743384249.808167
1743384249.840599
1743384249.872379
1743384249.903939
1743384249.936425
1743384249.968353
1743384250.000468
1743384250.032562
1743384250.064641
1743384250.096677
1743384250.128760
1743384250.160640
1743384250.192186
1743384250.224129
1743384250.255956
1743384250.288254
1743384250.320315
1743384250.352547
1743384250.384517
1743384250.416443
1743384250.448680
1743384250.480534
1743384250.512730
1743384250.544569
1743384250.576431
1743384250.608094
1743384250.640077
1743384250.672203
1743384250.704320
1743384250.736638
1743384250.768725
1743384250.816388
1743384250.848367
1743384250.880264
1743384250.912642
1743384250.944394
1743384250.976176
1743384250.992010
1743384251.024079
1743384251.056174
1743384251.088296
1743384251.135975
1743384251.168310
1743384251.200327
1743384251.232528
1743384251.264609
1743384251.296568
1743384251.328401
1743384251.360202
1743384251.392007
1743384251.408099
1743384251.424342
1743384251.456546
1743384251.488290
1743384251.520194
1743384251.552543
1743384251.584458
1743384251.616715
1743384251.648403
1743384251.680520
1743384251.712586
1743384251.744609
1743384251.791907
1743384251.824084
1743384251.856162
1743384251.888218
1743384251.920298
1743384251.952360
1743384251.984508
1743384252.016452
1743384252.048634
1743384252.080863
1743384252.112944
1743384252.144441
1743384252.176024
1743384252.208056
1743384252.240146
1743384252.272156
1743384252.304314
1743384252.336354
1743384252.368885
1743384252.400467
1743384252.432797
1743384252.464354
1743384252.496524
1743384252.528439
1743384252.560029
1743384252.592005
1743384252.624150
1743384252.656153
1743384252.688251
1743384252.720292
1743384252.768335
1743384252.800268
1743384252.832505
1743384252.864529
1743384252.896292
1743384252.928488
1743384252.959870
1743384252.992112
1743384253.008259
1743384253.040572
1743384253.087925
1743384253.119958
1743384253.152324
1743384253.184517
1743384253.216363
1743384253.248548
1743384253.280367
1743384253.312618
1743384253.344535
1743384253.376205
1743384253.408435
1743384253.440105
1743384253.472082
1743384253.504429
1743384253.536348
1743384253.568290
1743384253.600672
1743384253.632374
1743384253.664580
1743384253.696615
1743384253.744034
1743384253.775674
1743384253.807796
1743384253.823990
1743384253.855958
1743384253.888069
1743384253.920211
1743384253.952337
1743384253.984445
1743384254.016401
1743384254.064235
1743384254.096290
1743384254.128560
1743384254.160188
1743384254.191820
1743384254.207797
1743384254.223867
1743384254.256060
1743384254.288356
1743384254.320535
1743384254.352400
1743384254.384455
1743384254.416515
1743384254.448295
1743384254.480236
1743384254.512548
1743384254.544021
1743384254.575962
1743384254.607753
1743384254.623915
1743384254.656417
1743384254.688385
1743384254.720480
1743384254.752202
1743384254.784204
1743384254.816270
1743384254.848577
1743384254.880363
1743384254.912445
1743384254.944309
1743384254.976070
1743384255.007226
1743384255.038849
1743384255.055769
1743384255.088573
1743384255.119991
1743384255.152441
1743384255.183727
1743384255.216365
1743384255.248120
1743384255.280373
1743384255.312172
1743384255.360235
1743384255.391868
1743384255.423983
1743384255.456127
1743384255.488145
1743384255.520068
1743384255.552415
1743384255.584700
1743384255.616304
1743384255.648415
1743384255.696300
1743384255.728161
1743384255.759888
1743384255.792057
1743384255.823914
1743384255.855958
1743384255.888307
1743384255.920364
1743384255.952626
1743384255.984297
1743384256.016460
1743384256.048225
1743384256.080204
1743384256.111870
1743384256.143758
1743384256.175408
1743384256.191842
1743384256.224273
1743384256.256097
1743384256.288269
1743384256.335786
1743384256.368190
1743384256.400203
1743384256.432123
1743384256.464353
1743384256.496388
1743384256.528460
1743384256.560330
1743384256.592264
1743384256.623977
1743384256.671551
1743384256.703906
1743384256.736038
1743384256.768019
1743384256.800316
1743384256.832246
1743384256.864232
1743384256.896412
1743384256.928555
1743384256.960547
1743384256.992240
1743384257.023616
1743384257.039645
1743384257.071737
1743384257.104047
1743384257.135926
1743384257.168388
1743384257.200236
1743384257.232167
1743384257.264341
1743384257.311940
1743384257.344156
1743384257.375757
1743384257.407938
1743384257.439873
1743384257.471900
1743384257.504093
1743384257.536015
1743384257.568171
1743384257.600348
1743384257.648128
1743384257.680026
1743384257.712296
1743384257.744027
1743384257.775986
1743384257.807756
1743384257.839882
1743384257.871796
1743384257.903988
1743384257.936238
1743384257.968437
1743384257.999962
1743384258.031810
1743384258.063952
1743384258.096144
1743384258.127999
1743384258.159929
1743384258.191736
1743384258.224226
1743384258.256103
1743384258.288484
1743384258.319800
1743384258.352065
1743384258.384036
1743384258.416284
1743384258.448053
1743384258.479989
1743384258.512077
1743384258.544231
1743384258.575995
1743384258.623334
1743384258.655710
1743384258.687882
1743384258.720059
1743384258.752256
1743384258.784229
1743384258.816125
1743384258.848651
1743384258.880487
1743384258.912270
1743384258.943956
1743384258.975792
1743384259.007604
1743384259.039476
1743384259.055518
1743384259.071664
1743384259.103886
1743384259.136027
1743384259.168314
1743384259.200533
1743384259.232390
1743384259.264468
1743384259.296229
1743384259.328275
1743384259.359792
1743384259.391710
1743384259.423809
1743384259.455923
1743384259.487974
1743384259.520432
1743384259.552293
1743384259.600006
1743384259.631898
1743384259.663920
1743384259.695972
1743384259.727913
1743384259.759871
1743384259.791731
1743384259.823844
1743384259.855990
1743384259.888147
1743384259.920125
1743384259.951914
1743384259.983816
1743384260.016190
1743384260.047878
1743384260.080161
1743384260.111954
1743384260.144406
1743384260.175861
1743384260.207802
1743384260.240211
1743384260.271681
1743384260.303542
1743384260.335815
1743384260.368030
1743384260.400105
1743384260.432174
1743384260.464044
1743384260.496071
1743384260.528360
1743384260.575670
1743384260.607507
1743384260.639658
1743384260.671528
1743384260.703715
1743384260.736259
1743384260.768300
1743384260.800186
1743384260.832367
1743384260.864213
1743384260.896287
1743384260.928103
1743384260.959856
1743384260.991706
1743384261.023639
1743384261.055690
1743384261.086257
1743384261.103587
1743384261.135974
1743384261.168489
1743384261.215814
1743384261.247984
1743384261.279909
1743384261.312037
1743384261.344259
1743384261.375667
1743384261.407708
1743384261.439741
1743384261.471683
1743384261.504033
1743384261.551670
1743384261.584307
1743384261.615945
1743384261.647868
1743384261.679867
1743384261.712031
1743384261.743841
1743384261.775803
1743384261.807967
1743384261.840000
1743384261.872019
1743384261.903819
1743384261.935922
1743384261.968421
1743384262.000149
1743384262.031621
1743384262.063420
1743384262.096032
1743384262.128188
1743384262.160058
1743384262.191970
1743384262.223570
1743384262.255771
1743384262.287739
1743384262.319797
1743384262.352108
1743384262.384117
1743384262.416100
1743384262.448377
1743384262.480116
1743384262.527904
1743384262.559542
1743384262.591503
1743384262.623125
1743384262.655510
1743384262.687820
1743384262.719752
1743384262.751935
1743384262.784165
1743384262.816078
1743384262.848107
1743384262.879857
1743384262.911905
1743384262.943797
1743384262.975666
1743384263.007678
1743384263.039766
1743384263.071584
1743384263.087441
1743384263.120144
1743384263.167861
1743384263.199998
1743384263.231854
1743384263.263937
1743384263.295959
1743384263.328122
1743384263.359532
1743384263.391578
1743384263.423805
1743384263.455779
1743384263.503808
1743384263.535604
1743384263.568285
1743384263.599921
1743384263.632130
1743384263.663858
1743384263.696223
1743384263.727998
1743384263.759941
1743384263.791767
1743384263.824114
1743384263.855671
1743384263.887460
1743384263.919691
1743384263.951693
1743384263.983790
1743384264.016085
1743384264.047969
1743384264.079672
1743384264.112045
1743384264.144018
1743384264.175462
1743384264.207454
1743384264.239629
1743384264.271521
1743384264.303514
1743384264.335739
1743384264.367842
1743384264.400118
1743384264.432099
1743384264.479708
1743384264.512017
1743384264.543603
1743384264.575638
1743384264.607749
1743384264.639678
1743384264.671530
1743384264.703828
1743384264.735700
1743384264.768100
1743384264.799898
1743384264.832059
1743384264.863725
1743384264.895730
1743384264.927724
1743384264.959361
1743384264.991350
1743384265.007440
1743384265.023508
1743384265.039487
1743384265.071926
1743384265.087578
1743384265.120137
1743384265.151964
1743384265.183741
1743384265.215908
1743384265.248066
1743384265.279786
1743384265.312053
1743384265.343856
1743384265.375579
1743384265.407645
1743384265.455688
1743384265.487676
1743384265.519553
1743384265.551816
1743384265.584004
1743384265.616020
1743384265.648104
1743384265.679866
1743384265.711798
1743384265.744301
1743384265.775701
1743384265.807426
1743384265.823663
1743384265.855588
1743384265.871794
1743384265.904097
1743384265.935938
1743384265.968112
1743384266.000151
1743384266.031923
1743384266.063799
1743384266.095946
1743384266.128096
1743384266.159555
1743384266.191467
1743384266.207468
1743384266.239246
1743384266.255379
1743384266.287500
1743384266.319658
1743384266.351976
1743384266.384075
1743384266.431998
1743384266.463974
1743384266.495567
1743384266.527619
1743384266.559509
1743384266.591439
1743384266.623527
1743384266.655527
1743384266.687675
1743384266.719993
1743384266.752130
1743384266.783545
1743384266.815448
1743384266.847827
1743384266.879650
1743384266.911868
1743384266.943574
1743384266.975455
1743384267.007574
1743384267.039548
1743384267.071832
1743384267.103582
1743384267.135583
1743384267.167739
1743384267.199653
1743384267.231783
1743384267.263764
1743384267.295650
1743384267.327921
1743384267.359680
1743384267.407437
1743384267.439395
1743384267.471514
1743384267.503654
1743384267.535494
1743384267.567857
1743384267.599713
1743384267.631673
1743384267.663825
1743384267.695949
1743384267.728005
1743384267.759385
1743384267.791153
1743384267.823270
1743384267.855456
1743384267.887440
1743384267.919868
1743384267.951821
1743384267.983610
1743384268.015923
1743384268.047712
1743384268.079601
1743384268.111545
1743384268.143681
1743384268.175340
1743384268.207154
1743384268.239350
1743384268.255433
1743384268.287641
1743384268.319786
1743384268.351790
1743384268.384018
1743384268.415292
1743384268.447298
1743384268.479263
1743384268.511694
1743384268.543656
1743384268.575316
1743384268.607243
1743384268.639384
1743384268.655347
1743384268.671338
1743384268.704119
1743384268.735459
1743384268.767895
1743384268.799504
1743384268.831887
1743384268.863591
1743384268.895948
1743384268.927708
1743384268.959495
1743384268.991510
1743384269.023683
1743384269.055445
1743384269.087653
1743384269.119508
1743384269.151759
1743384269.183615
1743384269.215663
1743384269.247573
1743384269.279673
1743384269.312017
1743384269.359567
1743384269.391097
1743384269.423042
1743384269.455295
1743384269.487724
1743384269.519527
1743384269.551724
1743384269.583762
1743384269.615861
1743384269.647889
1743384269.679643
1743384269.711617
1743384269.743348
1743384269.775246
1743384269.807484
1743384269.839313
1743384269.871594
1743384269.903641
1743384269.935433
1743384269.967781
1743384269.999352
1743384270.031880
1743384270.063883
1743384270.095501
1743384270.127940
1743384270.159319
1743384270.191380
1743384270.223023
1743384270.255102
1743384270.271204
1743384270.287503
1743384270.335466
1743384270.367369
1743384270.399599
1743384270.431561
1743384270.463732
1743384270.495683
1743384270.527190
1743384270.559334
1743384270.591450
1743384270.623490
1743384270.655646
1743384270.687347
1743384270.719366
1743384270.751499
1743384270.783647
1743384270.815493
1743384270.847570
1743384270.879602
1743384270.911777
1743384270.943666
1743384270.975620
1743384271.007105
1743384271.039239
1743384271.071211
1743384271.103373
1743384271.135438
1743384271.167703
1743384271.199415
1743384271.231717
1743384271.263750
1743384271.311351
1743384271.343093
1743384271.375144
1743384271.407066
1743384271.423425
1743384271.455346
1743384271.487328
1743384271.519679
1743384271.551655
1743384271.583725
1743384271.631505
1743384271.663519
1743384271.695568
1743384271.727731
1743384271.759032
1743384271.791047
1743384271.823244
1743384271.855487
1743384271.887511
1743384271.919711
1743384271.951686
1743384271.983567
1743384272.015462
1743384272.047303
1743384272.079517
1743384272.111371
1743384272.143354
1743384272.175373
1743384272.207353
1743384272.239495
1743384272.287281
1743384272.319269
1743384272.351549
1743384272.383181
1743384272.415445
1743384272.447435
1743384272.479705
1743384272.511198
1743384272.543391
1743384272.575798
1743384272.607582
1743384272.638978
1743384272.654886
1743384272.687057
1743384272.719437
1743384272.751147
1743384272.783484
1743384272.815653
1743384272.847442
1743384272.879644
1743384272.927278
1743384272.958991
1743384272.990939
1743384273.023018
1743384273.054956
1743384273.070889
1743384273.086987
1743384273.119419
1743384273.151573
1743384273.183516
1743384273.215548
1743384273.263360
1743384273.295344
1743384273.327294
1743384273.358903
1743384273.390973
1743384273.422980
1743384273.439088
1743384273.471179
1743384273.503607
1743384273.535710
1743384273.583548
1743384273.615285
1743384273.647165
1743384273.679308
1743384273.711758
1743384273.743636
1743384273.774564
1743384273.791042
1743384273.823303
1743384273.855379
1743384273.903231
1743384273.935273
1743384273.967370
1743384273.999377
1743384274.031400
1743384274.063475
1743384274.095714
1743384274.127456
1743384274.159230
1743384274.191313
1743384274.239038
1743384274.270950
1743384274.303310
1743384274.335421
1743384274.367341
1743384274.399467
1743384274.431357
1743384274.463529
1743384274.495595
1743384274.527666
1743384274.559431
1743384274.590772
1743384274.606922
1743384274.622920
1743384274.654909
1743384274.687273
1743384274.719077
1743384274.751573
1743384274.783537
1743384274.815378
1743384274.847601
1743384274.879801
1743384274.911119
1743384274.943359
1743384274.975150
1743384275.006913
1743384275.039109
1743384275.071221
1743384275.103445
1743384275.135287
1743384275.167127
1743384275.182755
1743384275.215728
1743384275.247490
1743384275.278965
1743384275.311480
1743384275.343410
1743384275.374987
1743384275.407303
1743384275.439041
1743384275.471158
1743384275.503642
1743384275.535307
1743384275.567215
1743384275.599376
1743384275.631147
1743384275.663644
1743384275.695470
1743384275.727349
1743384275.758979
1743384275.791265
1743384275.823292
1743384275.855576
1743384275.886819
1743384275.918894
1743384275.951405
1743384275.983547
1743384276.015520
1743384276.047302
1743384276.079402
1743384276.111498
1743384276.143521
1743384276.191010
1743384276.223023
1743384276.254883
1743384276.287194
1743384276.319447
1743384276.351400
1743384276.383463
1743384276.415366
1743384276.447100
1743384276.479681
1743384276.511537
1743384276.543448
1743384276.574714
1743384276.606764
1743384276.622834
1743384276.638820
1743384276.671034
1743384276.703180
1743384276.735198
1743384276.767588
1743384276.799510
1743384276.831531
1743384276.863302
1743384276.895312
1743384276.927294
1743384276.958985
1743384276.990958
1743384277.022946
1743384277.055037
1743384277.087355
1743384277.119361
1743384277.167122
1743384277.198859
1743384277.231344
1743384277.263458
1743384277.295473
1743384277.327346
1743384277.359012
1743384277.391172
1743384277.423040
1743384277.455284
1743384277.487590
1743384277.519086
1743384277.551232
1743384277.583229
1743384277.615336
1743384277.647488
1743384277.679149
1743384277.711721
1743384277.743364
1743384277.774992
1743384277.807281
1743384277.838820
1743384277.870746
1743384277.902984
1743384277.935066
1743384277.967111
1743384277.999369
1743384278.031186
1743384278.063520
1743384278.095492
1743384278.143053
1743384278.174653
1743384278.206809
1743384278.238971
1743384278.270941
1743384278.303119
1743384278.335161
1743384278.367337
1743384278.399528
1743384278.431442
1743384278.463644
1743384278.494929
1743384278.526560
1743384278.558649
1743384278.590669
1743384278.622803
1743384278.654919
1743384278.687246
1743384278.719382
1743384278.751597
1743384278.783317
1743384278.814981
1743384278.847575
1743384278.879276
1743384278.911473
1743384278.943212
1743384278.975037
1743384279.006891
1743384279.039089
1743384279.071039
1743384279.118924
1743384279.151330
1743384279.183269
1743384279.215163
1743384279.247194
1743384279.279410
1743384279.311229
1743384279.343412
1743384279.374956
1743384279.407076
1743384279.439248
1743384279.470547
1743384279.502971
1743384279.534906
1743384279.567035
1743384279.599409
1743384279.631379
1743384279.663322
1743384279.695585
1743384279.727066
1743384279.759373
1743384279.790797
1743384279.822562
1743384279.854610
1743384279.870608
1743384279.886916
1743384279.919061
1743384279.950628
1743384279.983237
1743384280.015590
1743384280.047143
1743384280.095018
1743384280.127262
1743384280.158693
1743384280.174553
1743384280.206334
1743384280.222732
1743384280.254825
1743384280.287118
1743384280.318923
1743384280.351258
1743384280.383334
1743384280.415340
1743384280.446771
1743384280.478956
1743384280.511056
1743384280.543376
1743384280.575118
1743384280.606677
1743384280.622586
1743384280.638710
1743384280.670915
1743384280.703289
1743384280.735325
1743384280.766899
1743384280.799028
1743384280.831288
1743384280.862998
1743384280.895324
1743384280.927125
1743384280.958762
1743384280.990770
1743384281.022885
1743384281.070592
1743384281.103162
1743384281.134914
1743384281.166965
1743384281.199024
1743384281.231089
1743384281.263386
1743384281.295105
1743384281.327072
1743384281.359023
1743384281.391104
1743384281.422400
1743384281.438527
1743384281.454675
1743384281.486825
1743384281.519167
1743384281.551027
1743384281.583162
1743384281.615046
1743384281.647200
1743384281.679240
1743384281.711440
1743384281.742896
1743384281.774617
1743384281.806603
1743384281.822520
1743384281.854944
1743384281.886853
1743384281.919086
1743384281.951350
1743384281.983306
1743384282.015444
1743384282.047060
1743384282.078948
1743384282.110930
1743384282.142573
1743384282.174865
1743384282.206927
1743384282.238722
1743384282.270784
1743384282.303045
1743384282.335177
1743384282.366999
1743384282.398896
1743384282.430764
1743384282.462978
1743384282.494934
1743384282.527265
1743384282.558965
1743384282.590616
1743384282.622964
1743384282.654718
1743384282.687594
1743384282.718886
1743384282.751310
1743384282.783117
1743384282.815094
1743384282.847135
1743384282.879029
1743384282.911047
1743384282.943470
1743384282.974837
1743384283.022268
1743384283.054661
1743384283.086786
1743384283.118841
1743384283.151079
1743384283.183039
1743384283.215046
1743384283.247278
1743384283.279041
1743384283.311609
1743384283.342772
1743384283.374759
1743384283.406747
1743384283.438604
1743384283.470770
1743384283.503118
1743384283.534896
1743384283.567387
1743384283.599065
1743384283.631222
1743384283.663089
1743384283.695066
1743384283.726875
1743384283.758878
1743384283.790506
1743384283.822695
1743384283.854648
1743384283.870709
1743384283.902894
1743384283.935099
1743384283.967309
1743384283.999379
1743384284.030920
1743384284.062976
1743384284.095133
1743384284.126997
1743384284.158580
1743384284.190751
1743384284.222686
1743384284.254745
1743384284.286885
1743384284.319012
1743384284.351045
1743384284.382987
1743384284.414842
1743384284.447128
1743384284.478929
1743384284.511103
1743384284.542782
1743384284.574891
1743384284.606842
1743384284.639138
1743384284.670511
1743384284.702864
1743384284.734927
1743384284.767138
1743384284.798734
1743384284.830993
1743384284.862999
1743384284.895189
1743384284.927340
1743384284.974744
1743384285.006347
1743384285.038436
1743384285.070599
1743384285.102812
1743384285.134758
1743384285.167137
1743384285.199170
1743384285.230990
1743384285.263295
1743384285.295122
1743384285.326846
1743384285.358604
1743384285.390679
1743384285.422568
1743384285.454658
1743384285.486675
1743384285.518977
1743384285.551198
1743384285.583417
1743384285.615089
1743384285.646828
1743384285.678764
1743384285.710951
1743384285.742742
1743384285.774491
1743384285.806530
1743384285.838577
1743384285.870769
1743384285.902995
1743384285.950982
1743384285.982621
1743384286.014868
1743384286.047183
1743384286.078872
1743384286.111077
1743384286.143130
1743384286.174696
1743384286.206631
1743384286.238643
1743384286.270835
1743384286.302785
1743384286.334971
1743384286.366662
1743384286.398901
1743384286.431139
1743384286.462413
1743384286.495178
1743384286.527025
1743384286.558639
1743384286.591235
1743384286.622279
1743384286.638612
1743384286.670692
1743384286.702694
1743384286.734880
1743384286.766659
1743384286.798758
1743384286.830934
1743384286.863220
1743384286.895097
1743384286.927007
1743384286.958491
1743384286.990518
1743384287.022472
1743384287.054615
1743384287.086534
1743384287.118894
1743384287.150923
1743384287.182930
1743384287.214950
1743384287.247036
1743384287.278749
1743384287.310729
1743384287.342771
1743384287.374350
1743384287.406710
1743384287.438580
1743384287.470578
1743384287.502793
1743384287.534823
1743384287.567008
1743384287.599040
1743384287.630726
1743384287.663014
1743384287.695040
1743384287.726867
1743384287.758434
1743384287.790563
1743384287.822617
1743384287.854577
1743384287.902444
1743384287.934674
1743384287.966573
1743384287.998790
1743384288.030743
1743384288.062853
1743384288.094888
1743384288.126995
1743384288.158712
1743384288.190762
1743384288.223006
1743384288.254507
1743384288.286393
1743384288.318691
1743384288.351053
1743384288.382762
1743384288.414863
1743384288.446782
1743384288.478874
1743384288.510877
1743384288.542799
1743384288.574315
1743384288.606241
1743384288.622238
1743384288.654474
1743384288.686682
1743384288.718783
1743384288.750939
1743384288.782781
1743384288.814780
1743384288.847144
1743384288.878863
1743384288.910545
1743384288.942954
1743384288.974514
1743384289.006376
1743384289.038356
1743384289.070531
1743384289.102532
1743384289.134754
1743384289.166791
1743384289.199125
1743384289.230903
1743384289.262545
1743384289.294599
1743384289.326871
1743384289.358484
1743384289.390288
1743384289.422565
1743384289.454533
1743384289.486744
1743384289.518970
1743384289.550235
1743384289.582867
1743384289.614669
1743384289.646736
1743384289.678535
1743384289.710906
1743384289.742729
1743384289.774451
1743384289.806494
1743384289.854295
1743384289.886382
1743384289.918589
1743384289.950656
1743384289.982818
1743384290.014934
1743384290.046799
1743384290.078847
1743384290.110710
1743384290.142862
1743384290.174901
1743384290.206064
1743384290.238288
1743384290.270385
1743384290.302525
1743384290.334467
1743384290.366607
1743384290.398844
1743384290.430778
1743384290.462807
1743384290.494803
1743384290.526532
1743384290.558083
1743384290.574273
1743384290.606445
1743384290.638331
1743384290.670539
1743384290.702474
1743384290.734686
1743384290.766962
1743384290.799022
1743384290.830992
1743384290.863033
1743384290.894817
1743384290.926546
1743384290.958369
1743384290.990357
1743384291.022333
1743384291.054449
1743384291.086811
1743384291.118712
1743384291.150993
1743384291.182722
1743384291.214602
1743384291.246772
1743384291.278494
1743384291.310659
1743384291.342666
1743384291.374292
1743384291.406393
1743384291.438576
1743384291.470572
1743384291.502377
1743384291.534317
1743384291.566568
1743384291.598586
1743384291.630654
1743384291.662594
1743384291.694937
1743384291.726901
1743384291.758980
1743384291.806028
1743384291.838093
1743384291.870331
1743384291.902405
1743384291.934441
1743384291.966769
1743384291.998678
1743384292.030671
1743384292.062641
1743384292.095012
1743384292.126589
1743384292.158251
1743384292.190313
1743384292.222301
1743384292.254413
1743384292.286528
1743384292.318645
1743384292.350725
1743384292.382548
1743384292.414917
1743384292.446744
1743384292.478432
1743384292.510240
1743384292.542367
1743384292.574358
1743384292.606103
1743384292.638246
1743384292.670340
1743384292.702382
1743384292.734745
1743384292.782962
1743384292.814345
1743384292.846729
1743384292.878636
1743384292.909958
1743384292.926103
1743384292.958153
1743384292.974137
1743384293.005788
1743384293.022190
1743384293.054416
1743384293.102239
1743384293.133935
1743384293.166622
1743384293.198630
1743384293.230628
1743384293.262441
1743384293.294722
1743384293.326680
1743384293.358305
1743384293.390084
1743384293.422808
1743384293.454032
1743384293.486329
1743384293.518090
1743384293.550748
1743384293.582874
1743384293.614549
1743384293.646375
1743384293.678705
1743384293.710768
1743384293.758488
1743384293.789907
1743384293.822239
1743384293.854328
1743384293.886439
1743384293.918305
1743384293.950578
1743384293.982877
1743384294.014633
1743384294.046598
1743384294.079046
1743384294.110667
1743384294.142580
1743384294.174028
1743384294.206089
1743384294.237988
1743384294.254044
1743384294.286360
1743384294.318610
1743384294.350862
1743384294.398482
1743384294.430326
1743384294.461834
1743384294.494523
1743384294.526631
1743384294.558267
1743384294.589996
1743384294.606061
1743384294.622153
1743384294.638073
1743384294.654351
1743384294.686424
1743384294.734361
1743384294.766190
1743384294.798436
1743384294.830260
1743384294.862393
1743384294.894581
1743384294.926570
1743384294.958306
1743384294.990490
1743384295.022462
1743384295.054765
1743384295.086329
1743384295.118359
1743384295.150525
1743384295.182611
1743384295.214511
1743384295.246476
1743384295.278530
1743384295.311084
1743384295.342312
1743384295.374704
1743384295.405854
1743384295.421914
1743384295.453984
1743384295.469975
1743384295.502291
1743384295.534224
1743384295.566845
1743384295.598456
1743384295.630795
1743384295.662839
1743384295.710223
1743384295.742527
1743384295.774200
1743384295.806165
1743384295.838310
1743384295.870205
1743384295.902351
1743384295.934491
1743384295.966525
1743384295.998596
1743384296.030608
1743384296.062283
1743384296.094459
1743384296.126610
1743384296.158305
1743384296.190173
1743384296.221998
1743384296.254094
1743384296.286283
1743384296.318489
1743384296.350280
1743384296.382522
1743384296.414437
1743384296.446737
1743384296.478349
1743384296.510403
1743384296.542345
1743384296.574183
1743384296.606178
1743384296.638149
1743384296.654097
1743384296.686814
1743384296.718084
1743384296.750187
1743384296.782516
1743384296.814505
1743384296.846474
1743384296.878509
1743384296.910410
1743384296.942557
1743384296.974225
1743384297.006418
1743384297.037989
1743384297.069827
1743384297.102097
1743384297.134258
1743384297.166232
1743384297.198426
1743384297.230500
1743384297.262630
1743384297.294616
1743384297.326690
1743384297.358092
1743384297.390092
1743384297.422028
1743384297.454230
1743384297.486214
1743384297.518297
1743384297.550512
1743384297.582960
1743384297.614324
1743384297.662442
1743384297.694379
1743384297.726303
1743384297.757945
1743384297.789927
1743384297.822069
1743384297.854161
1743384297.886155
1743384297.917261
1743384297.934180
1743384297.982407
1743384298.014059
1743384298.046428
1743384298.078304
1743384298.110386
1743384298.142230
1743384298.173964
1743384298.206139
1743384298.238022
1743384298.270093
1743384298.302419
1743384298.334115
1743384298.366154
1743384298.398104
1743384298.430009
1743384298.461988
1743384298.494166
1743384298.526314
1743384298.558328
1743384298.590283
1743384298.637840
1743384298.669837
1743384298.702137
1743384298.734073
1743384298.766147
1743384298.798398
1743384298.830513
1743384298.862526
1743384298.894537
1743384298.926473
1743384298.958198
1743384298.989962
1743384299.021871
1743384299.054112
1743384299.086109
1743384299.118269
1743384299.150272
1743384299.182450
1743384299.214723
1743384299.246439
1743384299.278385
1743384299.309934
1743384299.342003
1743384299.357624
1743384299.373684
1743384299.406054
1743384299.437818
1743384299.470199
1743384299.502157
1743384299.533998
1743384299.566625
1743384299.614067
1743384299.646191
1743384299.678024
1743384299.710274
1743384299.742218
1743384299.774073
1743384299.805981
1743384299.838083
1743384299.870001
1743384299.902352
1743384299.934207
1743384299.966154
1743384299.998291
1743384300.030709
1743384300.062311
1743384300.094423
1743384300.126797
1743384300.158280
1743384300.189877
1743384300.222171
1743384300.254336
1743384300.286000
1743384300.318112
1743384300.350332
1743384300.382367
1743384300.414373
1743384300.445867
1743384300.478163
1743384300.510404
1743384300.542444
1743384300.590143
1743384300.621897
1743384300.653689
1743384300.685899
1743384300.718103
1743384300.750138
1743384300.782417
1743384300.814254
1743384300.846491
1743384300.878323
1743384300.910451
1743384300.942033
1743384300.973805
1743384301.005858
1743384301.037844
1743384301.069886
1743384301.102088
1743384301.134099
1743384301.166570
1743384301.198568
1743384301.230122
1743384301.262497
1743384301.294188
1743384301.326261
1743384301.357860
1743384301.373663
1743384301.406014
1743384301.437926
1743384301.469997
1743384301.502141
1743384301.534155
1743384301.566328
1743384301.598014
1743384301.630208
1743384301.662195
1743384301.694236
1743384301.726343
1743384301.757975
1743384301.789956
1743384301.821973
1743384301.854019
1743384301.886400
1743384301.917994
1743384301.950091
1743384301.982235
1743384302.014169
1743384302.045316
1743384302.076584
1743384302.108440
1743384302.124396
1743384302.140572
1743384302.156587
1743384302.173107
1743384302.206649
1743384302.237574
1743384302.269209
1743384302.301475
1743384302.333515
1743384302.366448
1743384302.398099
1743384302.430185
1743384302.462153
1743384302.494502
1743384302.541830
1743384302.573692
1743384302.605496
1743384302.637839
1743384302.669961
1743384302.701946
1743384302.733987
1743384302.766036
1743384302.798548
1743384302.830319
1743384302.862287
1743384302.894009
1743384302.926332
1743384302.957611
1743384302.989887
1743384303.021819
1743384303.053827
1743384303.086049
1743384303.117908
1743384303.149903
1743384303.181984
1743384303.214390
1743384303.246072
1743384303.278492
1743384303.310161
1743384303.342352
1743384303.373788
1743384303.389591
1743384303.421876
1743384303.453946
1743384303.486294
1743384303.518077
1743384303.550148
1743384303.582200
1743384303.614144
1743384303.645990
1743384303.678427
1743384303.710206
1743384303.742236
1743384303.773645
1743384303.805868
1743384303.837926
1743384303.869612
1743384303.901955
1743384303.934067
1743384303.965931
1743384303.998440
1743384304.030507
1743384304.062381
1743384304.094572
1743384304.126303
1743384304.158343
1743384304.189810
1743384304.221554
1743384304.253749
1743384304.285858
1743384304.317900
1743384304.350212
1743384304.382130
1743384304.413901
1743384304.446360
1743384304.494020
1743384304.526064
1743384304.557653
1743384304.573538
1743384304.605541
1743384304.637613
1743384304.669670
1743384304.685655
1743384304.718186
1743384304.750426
1743384304.782285
1743384304.814396
1743384304.846043
1743384304.877878
1743384304.910070
1743384304.941867
1743384304.973458
1743384304.989705
1743384305.022007
1743384305.053921
1743384305.085799
1743384305.133570
1743384305.165980
1743384305.197952
1743384305.229932
1743384305.262074
1743384305.294096
1743384305.326123
1743384305.356486
1743384305.373875
1743384305.390046
1743384305.421919
1743384305.469502
1743384305.501817
1743384305.533733
1743384305.565981
1743384305.598175
1743384305.630131
1743384305.662127
1743384305.693994
1743384305.726375
1743384305.757801
1743384305.789899
1743384305.821639
1743384305.853469
1743384305.885801
1743384305.917880
1743384305.950184
1743384305.982111
1743384306.014039
1743384306.046188
1743384306.078376
1743384306.110259
1743384306.141700
1743384306.173510
1743384306.189569
1743384306.221675
1743384306.253984
1743384306.285846
1743384306.317853
1743384306.350146
1743384306.382147
1743384306.414294
1743384306.446194
1743384306.477881
1743384306.509843
1743384306.541917
1743384306.573479
1743384306.589464
1743384306.621638
1743384306.653588
1743384306.686111
1743384306.718137
1743384306.765927
1743384306.797586
1743384306.830069
1743384306.861969
1743384306.894041
1743384306.926151
1743384306.957475
1743384306.973542
1743384306.989565
1743384307.021696
1743384307.054087
1743384307.086029
1743384307.117805
1743384307.149953
1743384307.182026
1743384307.213873
1743384307.245940
1743384307.278000
1743384307.310021
1743384307.342120
1743384307.373838
1743384307.421450
1743384307.453682
1743384307.485602
1743384307.517659
1743384307.550019
1743384307.581960
1743384307.614160
1743384307.646140
1743384307.678029
1743384307.710142
1743384307.742160
1743384307.773626
1743384307.805502
1743384307.837556
1743384307.869615
1743384307.901776
1743384307.933877
1743384307.965916
1743384307.998071
1743384308.030120
1743384308.062086
1743384308.093848
1743384308.125635
1743384308.157616
1743384308.189483
1743384308.221464
1743384308.253475
1743384308.285782
1743384308.317488
1743384308.350336
1743384308.397852
1743384308.429806
1743384308.461579
1743384308.494074
1743384308.525964
1743384308.557528
1743384308.589705
1743384308.621562
1743384308.653746
1743384308.685875
1743384308.718214
1743384308.749643
1743384308.781655
1743384308.813794
1743384308.846090
1743384308.877934
1743384308.910033
1743384308.941779
1743384308.973754
1743384309.005868
1743384309.037888
1743384309.069565
1743384309.101614
1743384309.133627
1743384309.165834
1743384309.197796
1743384309.229528
1743384309.261735
1743384309.294159
1743384309.326045
1743384309.373256
1743384309.405243
1743384309.421272
1743384309.453423
1743384309.485877
1743384309.517739
1743384309.549941
1743384309.582041
1743384309.613916
1743384309.645993
1743384309.693662
1743384309.725952
1743384309.757607
1743384309.789476
1743384309.821340
1743384309.853374
1743384309.885748
1743384309.917835
1743384309.950029
1743384309.982024
1743384310.013971
1743384310.045756
1743384310.077748
1743384310.110160
1743384310.142107
1743384310.173507
1743384310.205494
1743384310.237607
1743384310.269504
1743384310.301360
1743384310.349596
1743384310.381819
1743384310.413914
1743384310.445944
1743384310.477816
1743384310.509812
1743384310.541654
1743384310.573655
1743384310.605433
1743384310.637584
1743384310.669478
1743384310.701521
1743384310.733614
1743384310.765683
1743384310.797858
1743384310.829875
1743384310.861775
1743384310.893977
1743384310.925948
1743384310.957495
1743384310.989881
1743384311.021578
1743384311.053430
1743384311.085551
1743384311.117548
1743384311.149936
1743384311.182003
1743384311.214197
1743384311.246095
1743384311.278398
1743384311.325827
1743384311.357493
1743384311.389141
1743384311.421405
1743384311.437158
1743384311.453328
1743384311.485310
1743384311.517559
1743384311.549801
1743384311.581951
1743384311.613577
1743384311.645841
1743384311.677785
1743384311.709785
1743384311.741219
1743384311.773299
1743384311.805555
1743384311.837435
1743384311.869693
1743384311.901893
1743384311.933780
1743384311.965938
1743384311.998001
1743384312.029950
1743384312.061929
1743384312.093870
1743384312.125882
1743384312.157442
1743384312.189333
1743384312.221455
1743384312.253415
1743384312.301490
1743384312.333401
1743384312.365733
1743384312.397124
1743384312.429776
1743384312.461741
1743384312.493868
1743384312.525634
1743384312.557474
1743384312.589500
1743384312.621879
1743384312.653496
1743384312.685534
1743384312.717549
1743384312.749589
1743384312.781776
1743384312.813611
1743384312.846089
1743384312.877760
1743384312.909912
1743384312.941795
1743384312.973148
1743384313.005261
1743384313.037245
1743384313.069504
1743384313.101339
1743384313.133489
1743384313.165666
1743384313.197834
1743384313.229721
1743384313.277385
1743384313.309991
1743384313.341714
1743384313.373274
1743384313.405299
1743384313.437279
1743384313.453132
1743384313.485499
1743384313.517692
1743384313.549473
1743384313.597460
1743384313.629585
1743384313.661431
1743384313.693141
1743384313.725714
1743384313.757186
1743384313.789300
1743384313.821277
1743384313.853518
1743384313.885561
1743384313.917861
1743384313.949570
1743384313.981430
1743384314.013767
1743384314.045727
1743384314.077703
1743384314.109489
1743384314.141715
1743384314.173442
1743384314.205603
1743384314.252911
1743384314.285686
1743384314.317496
1743384314.349414
1743384314.381729
1743384314.413633
1743384314.445686
1743384314.477413
1743384314.509985
1743384314.541853
1743384314.573525
1743384314.604953
1743384314.621194
1743384314.653050
1743384314.669113
1743384314.701366
1743384314.733500
1743384314.765754
1743384314.797831
1743384314.829528
1743384314.861775
1743384314.893847
1743384314.925486
1743384314.957105
1743384314.989228
1743384315.021171
1743384315.053229
1743384315.069399
1743384315.100463
1743384315.132109
1743384315.149600
1743384315.181883
1743384315.229570
1743384315.261437
1743384315.293678
1743384315.325586
1743384315.357376
1743384315.389325
1743384315.421303
1743384315.453560
1743384315.485519
1743384315.517671
1743384315.549614
1743384315.581730
1743384315.613467
1743384315.645382
1743384315.677610
1743384315.709475
1743384315.741718
1743384315.773342
1743384315.805651
1743384315.837483
1743384315.869578
1743384315.901818
1743384315.933629
1743384315.965502
1743384315.997500
1743384316.029743
1743384316.061650
1743384316.093637
1743384316.125761
1743384316.157615
1743384316.204994
1743384316.237248
1743384316.269222
1743384316.285241
1743384316.301267
1743384316.333898
1743384316.365433
1743384316.398052
1743384316.429792
1743384316.461686
1743384316.493700
1743384316.526013
1743384316.557517
1743384316.589275
1743384316.621182
1743384316.653190
1743384316.685322
1743384316.717568
1743384316.749586
1743384316.781544
1743384316.813555
1743384316.845651
1743384316.877499
1743384316.909545
1743384316.941315
1743384316.973287
1743384317.005158
1743384317.021160
1743384317.053446
1743384317.085417
1743384317.117592
1743384317.149540
1743384317.181460
1743384317.213291
1743384317.245439
1743384317.277468
1743384317.309617
1743384317.341675
1743384317.373295
1743384317.405317
1743384317.437145
1743384317.469461
1743384317.501546
1743384317.533435
1743384317.565415
1743384317.597211
1743384317.629433
1743384317.661374
1743384317.693722
1743384317.725406
1743384317.757366
1743384317.789282
1743384317.821445
1743384317.852847
1743384317.885470
1743384317.917347
1743384317.949457
1743384317.981468
1743384318.013470
1743384318.045468
1743384318.077774
1743384318.109494
1743384318.157268
1743384318.188910
1743384318.221169
1743384318.252944
1743384318.284755
1743384318.317334
1743384318.349634
1743384318.381494
1743384318.413858
1743384318.445551
1743384318.477572
1743384318.509426
1743384318.541486
1743384318.572458
1743384318.589002
1743384318.621081
1743384318.653203
1743384318.685215
1743384318.717737
1743384318.749579
1743384318.797507
1743384318.828751
1743384318.844715
1743384318.860868
1743384318.876798
1743384318.892856
1743384318.925337
1743384318.956960
1743384318.989238
1743384319.021262
1743384319.053648
1743384319.085377
1743384319.132873
1743384319.165317
1743384319.197423
1743384319.229493
1743384319.261465
1743384319.293330
1743384319.325592
1743384319.357176
1743384319.389503
1743384319.421342
1743384319.453607
1743384319.485196
1743384319.517165
1743384319.549409
1743384319.581408
1743384319.613400
1743384319.645532
1743384319.677223
1743384319.709647
1743384319.741690
1743384319.773709
1743384319.804708
1743384319.820851
1743384319.852968
1743384319.885107
1743384319.917164
1743384319.949570
1743384319.981397
1743384320.013444
1743384320.045632
1743384320.077719
1743384320.109454
1743384320.141221
1743384320.172949
1743384320.205157
1743384320.237112
1743384320.269006
1743384320.301307
1743384320.333338
1743384320.365687
1743384320.397545
1743384320.429321
1743384320.461207
1743384320.493229
1743384320.525422
1743384320.557099
1743384320.589274
1743384320.621392
1743384320.652993
1743384320.685124
1743384320.717454
1743384320.749406
1743384320.781339
1743384320.813124
1743384320.845562
1743384320.877245
1743384320.909432
1743384320.941578
1743384320.972957
1743384321.005131
1743384321.037167
1743384321.084947
1743384321.117133
1743384321.149249
1743384321.181260
1743384321.213462
1743384321.245595
1743384321.277281
1743384321.309555
1743384321.341625
1743384321.373408
1743384321.405387
1743384321.437099
1743384321.468983
1743384321.501167
1743384321.533169
1743384321.565240
1743384321.597314
1743384321.629622
1743384321.661574
1743384321.693511
1743384321.725353
1743384321.756941
1743384321.788913
1743384321.820989
1743384321.852925
1743384321.885093
1743384321.917189
1743384321.949549
1743384321.981372
1743384322.013325
1743384322.060111
1743384322.093021
1743384322.125473
1743384322.157112
1743384322.188898
1743384322.220814
1743384322.253330
1743384322.285230
1743384322.317095
1743384322.349233
1743384322.380995
1743384322.413287
1743384322.445030
1743384322.477292
1743384322.509269
1743384322.541169
1743384322.572882
1743384322.604877
1743384322.637208
1743384322.669121
1743384322.701266
1743384322.732823
1743384322.765326
1743384322.797310
1743384322.829179
1743384322.861162
1743384322.893447
1743384322.925099
1743384322.957138
1743384322.989120
1743384323.036907
1743384323.068837
1743384323.101072
1743384323.133121
1743384323.165469
1743384323.197199
1743384323.229135
1743384323.261358
1743384323.293763
1743384323.325354
1743384323.357272
1743384323.388694
1743384323.420841
1743384323.452700
1743384323.484889
1743384323.517277
1743384323.549245
1743384323.581264
1743384323.613529
1743384323.645498
1743384323.677018
1743384323.709153
1743384323.741142
1743384323.772734
1743384323.805374
1743384323.836894
1743384323.868844
1743384323.900881
1743384323.933670
1743384323.965467
1743384324.013061
1743384324.045343
1743384324.077235
1743384324.109297
1743384324.141193
1743384324.172993
1743384324.204954
1743384324.236973
1743384324.268807
1743384324.301169
1743384324.333208
1743384324.365108
1743384324.397017
1743384324.429047
1743384324.460866
1743384324.492947
1743384324.525017
1743384324.556831
1743384324.589011
1743384324.620971
1743384324.653171
1743384324.685125
1743384324.717024
1743384324.749069
1743384324.781019
1743384324.813252
1743384324.845157
1743384324.877191
1743384324.909188
1743384324.941156
1743384324.988841
1743384325.020572
1743384325.052663
1743384325.083770
1743384325.117208
1743384325.149197
1743384325.181103
1743384325.213356
1743384325.245403
1743384325.277356
1743384325.309419
1743384325.340956
1743384325.372720
1743384325.404766
1743384325.436903
1743384325.468986
1743384325.500951
1743384325.532994
1743384325.565185
1743384325.597272
1743384325.629325
1743384325.661176
1743384325.693060
1743384325.725031
1743384325.756508
1743384325.772507
1743384325.788661
1743384325.820744
1743384325.852731
1743384325.885088
1743384325.917383
1743384325.964938
1743384325.996856
1743384326.029294
1743384326.061011
1743384326.093300
1743384326.125336
1743384326.157553
1743384326.188851
1743384326.220925
1743384326.253174
1743384326.284585
1743384326.316893
1743384326.348952
1743384326.380890
1743384326.412943
1743384326.445237
1743384326.476996
1743384326.508998
1743384326.541297
1743384326.572701
1743384326.605023
1743384326.636890
1743384326.668644
1743384326.700930
1743384326.733040
1743384326.765202
1743384326.797244
1743384326.829321
1743384326.861301
1743384326.893146
1743384326.940857
1743384326.972348
1743384326.988478
1743384327.020701
1743384327.052828
1743384327.084879
1743384327.116823
1743384327.149132
1743384327.181228
1743384327.213086
1743384327.260862
1743384327.292934
1743384327.325123
1743384327.356917
1743384327.388717
1743384327.420730
1743384327.452665
1743384327.485133
1743384327.517289
1743384327.549223
1743384327.581216
1743384327.612685
1743384327.644837
1743384327.676965
1743384327.709135
1743384327.740702
1743384327.772679
1743384327.804770
1743384327.820595
1743384327.852955
1743384327.884998
1743384327.917051
1743384327.949017
1743384327.980859
1743384328.013097
1743384328.044939
1743384328.076890
1743384328.109457
1743384328.141386
1743384328.172756
1743384328.204865
1743384328.237244
1743384328.268576
1743384328.300758
1743384328.332883
1743384328.364787
1743384328.397040
1743384328.428609
1743384328.460801
1743384328.492728
1743384328.525340
1743384328.557154
1743384328.588693
1743384328.620542
1743384328.652550
1743384328.684919
1743384328.716984
1743384328.749246
1743384328.781015
1743384328.813068
1743384328.845162
1743384328.892994
1743384328.925169
1743384328.956517
1743384328.988604
1743384329.020614
1743384329.052473
1743384329.068691
1743384329.100720
1743384329.132818
1743384329.165229
1743384329.212801
1743384329.244926
1743384329.277073
1743384329.309061
1743384329.340942
1743384329.372633
1743384329.404510
1743384329.436706
1743384329.468793
1743384329.500924
1743384329.533202
1743384329.564851
1743384329.596852
1743384329.628842
1743384329.660782
1743384329.693070
1743384329.725080
1743384329.756774
1743384329.788832
1743384329.820744
1743384329.868687
1743384329.900673
1743384329.932844
1743384329.964831
1743384329.996994
1743384330.029224
1743384330.060875
1743384330.093105
1743384330.125094
1743384330.156825
1743384330.189018
1743384330.220476
1743384330.252574
1743384330.284760
1743384330.316519
1743384330.348939
1743384330.381037
1743384330.413479
1743384330.444690
1743384330.477093
1743384330.509260
1743384330.540735
1743384330.572821
1743384330.604569
1743384330.636654
1743384330.668615
1743384330.700757
1743384330.733120
1743384330.764966
1743384330.797046
1743384330.844683
1743384330.877076
1743384330.908710
1743384330.940760
1743384330.972713
1743384331.004397
1743384331.036683
1743384331.068570
1743384331.100589
1743384331.133083
1743384331.165180
1743384331.196854
1743384331.228808
1743384331.260888
1743384331.292811
1743384331.325035
1743384331.357194
1743384331.388560
1743384331.404625
1743384331.436627
1743384331.484516
1743384331.516977
1743384331.548793
1743384331.580831
1743384331.612946
1743384331.644804
1743384331.676949
1743384331.708777
1743384331.740604
1743384331.772590
1743384331.820394
1743384331.852414
1743384331.884602
1743384331.916678
1743384331.948792
1743384331.980748
1743384332.012762
1743384332.045035
1743384332.077172
1743384332.109018
1743384332.140922
1743384332.172424
1743384332.204323
1743384332.236293
1743384332.268596
1743384332.300762
1743384332.332511
1743384332.364740
1743384332.396760
1743384332.429176
1743384332.461049
1743384332.492687
1743384332.524505
1743384332.556483
1743384332.588519
1743384332.620439
1743384332.652420
1743384332.684597
1743384332.717012
1743384332.748797
1743384332.796696
1743384332.828815
1743384332.860684
1743384332.892730
1743384332.924649
1743384332.956346
1743384332.988438
1743384333.020540
1743384333.052696
1743384333.084767
1743384333.116807
1743384333.148632
1743384333.181555
1743384333.212892
1743384333.244695
1743384333.276773
1743384333.308944
1743384333.340932
1743384333.372541
1743384333.404629
1743384333.436997
1743384333.468361
1743384333.500609
1743384333.532608
1743384333.564947
1743384333.596962
1743384333.628834
1743384333.660912
1743384333.692808
1743384333.724949
1743384333.772487
1743384333.804754
1743384333.836298
1743384333.868364
1743384333.900762
1743384333.932530
1743384333.965142
1743384333.997019
1743384334.028997
1743384334.061087
1743384334.092274
1743384334.124570
1743384334.156362
1743384334.188336
1743384334.220421
1743384334.252387
1743384334.284693
1743384334.316595
1743384334.348736
1743384334.380262
1743384334.413153
1743384334.445123
1743384334.476788
1743384334.508662
1743384334.540635
1743384334.572352
1743384334.604299
1743384334.636347
1743384334.668095
1743384334.684232
1743384334.716795
1743384334.749059
1743384334.780551
1743384334.812757
1743384334.844963
1743384334.876648
1743384334.908791
1743384334.940951
1743384334.972454
1743384335.004574
1743384335.036719
1743384335.068679
1743384335.100549
1743384335.132410
1743384335.164585
1743384335.196700
1743384335.228762
1743384335.260865
1743384335.292708
1743384335.324918
1743384335.356974
1743384335.388853
1743384335.420389
1743384335.452273
1743384335.484322
1743384335.516514
1743384335.548647
1743384335.580960
1743384335.612816
1743384335.645035
1743384335.676523
1743384335.724623
1743384335.756606
1743384335.788093
1743384335.819922
1743384335.836055
1743384335.868354
1743384335.900680
1743384335.932363
1743384335.964801
1743384335.996995
1743384336.044436
1743384336.076732
1743384336.108533
1743384336.140885
1743384336.172617
1743384336.204491
1743384336.236402
1743384336.268504
1743384336.300802
1743384336.332720
1743384336.364935
1743384336.397009
1743384336.428713
1743384336.460250
1743384336.492812
1743384336.524682
1743384336.556265
1743384336.588261
1743384336.620622
1743384336.652358
1743384336.700264
1743384336.732321
1743384336.764419
1743384336.796870
1743384336.828661
1743384336.860893
1743384336.892759
1743384336.924774
1743384336.956658
1743384336.988709
1743384337.020656
1743384337.052188
1743384337.084218
1743384337.116336
1743384337.148523
1743384337.180423
1743384337.212745
1743384337.244493
1743384337.276636
1743384337.308828
1743384337.341003
1743384337.372172
1743384337.404535
1743384337.436319
1743384337.468145
1743384337.500527
1743384337.532380
1743384337.564632
1743384337.596940
1743384337.628765
1743384337.676670
1743384337.708669
1743384337.740459
1743384337.772154
1743384337.804312
1743384337.836071
1743384337.868194
1743384337.900489
1743384337.932645
1743384337.964870
1743384337.996830
1743384338.028642
1743384338.060618
1743384338.092395
1743384338.124682
1743384338.156791
1743384338.188287
1743384338.220195
1743384338.252262
1743384338.284783
1743384338.316728
1743384338.348437
1743384338.380422
1743384338.412578
1743384338.444485
1743384338.476576
1743384338.508640
1743384338.540381
1743384338.572602
1743384338.604304
1743384338.651852
1743384338.684339
1743384338.716508
1743384338.748545
1743384338.780509
1743384338.812774
1743384338.844587
1743384338.876569
1743384338.908636
1743384338.940859
1743384338.972586
1743384339.004034
1743384339.036102
1743384339.068291
1743384339.100416
1743384339.132462
1743384339.164699
1743384339.196675
1743384339.228837
1743384339.260642
1743384339.292695
1743384339.324358
1743384339.356050
1743384339.388088
1743384339.420078
1743384339.452505
1743384339.484485
1743384339.516644
1743384339.548689
1743384339.580550
1743384339.628422
1743384339.660466
1743384339.692369
1743384339.724662
1743384339.756597
1743384339.787903
1743384339.803864
1743384339.820370
1743384339.852271
1743384339.884558
1743384339.916570
1743384339.948588
1743384339.980406
1743384340.012436
1743384340.044369
1743384340.076376
1743384340.108456
1743384340.140395
1743384340.172093
1743384340.204258
1743384340.236421
1743384340.268438
1743384340.300307
1743384340.332394
1743384340.364336
1743384340.396616
1743384340.428587
1743384340.460165
1743384340.492607
1743384340.524493
1743384340.556541
1743384340.604022
1743384340.636024
1743384340.668048
1743384340.700427
1743384340.732183
1743384340.764635
1743384340.796629
1743384340.828859
1743384340.860600
1743384340.892686
1743384340.924721
1743384340.956427
1743384340.988280
1743384341.020001
1743384341.052052
1743384341.084201
1743384341.116236
1743384341.148648
1743384341.180862
1743384341.212372
1743384341.244122
1743384341.276629
1743384341.308309
1743384341.340250
1743384341.372148
1743384341.404283
1743384341.436063
1743384341.452086
1743384341.484368
1743384341.516400
1743384341.548621
1743384341.580510
1743384341.612110
1743384341.644468
1743384341.676434
1743384341.708293
1743384341.740418
1743384341.771905
1743384341.787927
1743384341.804044
1743384341.836164
1743384341.868396
1743384341.900649
1743384341.932197
1743384341.964465
1743384341.996523
1743384342.028535
1743384342.060430
1743384342.092520
1743384342.124475
1743384342.156124
1743384342.188173
1743384342.220559
1743384342.251812
1743384342.267807
1743384342.283984
1743384342.316147
1743384342.347762
1743384342.380326
1743384342.412258
1743384342.444558
1743384342.476615
1743384342.508548
1743384342.556519
1743384342.587822
1743384342.619757
1743384342.651661
1743384342.667835
1743384342.700135
1743384342.732212
1743384342.764488
1743384342.796560
1743384342.828475
1743384342.876105
1743384342.907939
1743384342.939814
1743384342.971940
1743384343.004019
1743384343.035867
1743384343.067992
1743384343.100414
1743384343.132551
1743384343.164726
1743384343.196717
1743384343.228291
1743384343.260289
1743384343.292381
1743384343.324320
1743384343.355970
1743384343.388143
1743384343.419998
1743384343.452103
1743384343.484358
1743384343.532156
1743384343.564215
1743384343.596412
1743384343.628445
1743384343.660384
1743384343.692452
1743384343.724568
1743384343.756088
1743384343.788007
1743384343.819963
1743384343.852489
1743384343.884126
1743384343.916297
1743384343.947986
1743384343.980465
1743384344.012252
1743384344.044341
1743384344.076264
1743384344.108213
1743384344.140334
1743384344.172609
1743384344.203836
1743384344.219726
1743384344.251815
1743384344.284119
1743384344.316277
1743384344.348414
1743384344.380280
1743384344.412197
1743384344.444260
1743384344.476472
1743384344.508355
1743384344.540266
1743384344.571750
1743384344.603796
1743384344.635808
1743384344.667902
1743384344.699766
1743384344.732219
1743384344.764517
1743384344.796587
1743384344.828327
1743384344.860335
1743384344.892553
1743384344.924142
1743384344.955809
1743384344.987894
1743384345.019942
1743384345.051886
1743384345.084389
1743384345.116602
1743384345.148449
1743384345.180044
1743384345.212347
1743384345.244054
1743384345.276589
1743384345.308481
1743384345.340197
1743384345.371848
1743384345.403980
1743384345.435887
1743384345.483872
1743384345.516004
1743384345.547988
1743384345.580122
1743384345.612203
1743384345.644331
1743384345.676295
1743384345.708481
1743384345.740448
1743384345.772021
1743384345.804676
1743384345.835834
1743384345.867897
1743384345.899808
1743384345.932053
1743384345.964272
1743384345.996260
1743384346.028299
1743384346.060334
1743384346.092354
1743384346.124125
1743384346.155838
1743384346.187723
1743384346.219962
1743384346.251820
1743384346.284091
1743384346.316206
1743384346.348359
1743384346.380190
1743384346.412645
1743384346.460027
1743384346.492014
1743384346.524481
1743384346.556345
1743384346.587914
1743384346.619975
1743384346.651914
1743384346.683825
1743384346.716101
1743384346.748472
1743384346.780320
1743384346.812026
1743384346.844119
1743384346.875973
1743384346.908290
1743384346.940085
1743384346.971756
1743384347.003999
1743384347.036151
1743384347.067904
1743384347.100463
1743384347.131857
1743384347.164294
1743384347.196351
1743384347.228289
1743384347.260215
1743384347.292628
1743384347.324443
1743384347.356237
1743384347.388370
1743384347.435962
1743384347.467733
1743384347.500041
1743384347.531909
1743384347.564331
1743384347.596099
1743384347.628047
1743384347.660322
1743384347.692157
1743384347.724366
1743384347.756245
1743384347.787651
1743384347.819721
1743384347.852058
1743384347.883853
1743384347.916062
1743384347.947993
1743384347.980229
1743384348.012080
1743384348.044539
1743384348.075851
1743384348.108006
1743384348.139936
1743384348.171571
1743384348.204000
1743384348.235768
1743384348.267732
1743384348.299906
1743384348.332278
1743384348.364337
1743384348.411907
1743384348.443977
1743384348.475871
1743384348.508137
1743384348.539956
1743384348.571606
1743384348.603800
1743384348.635942
1743384348.667896
1743384348.700129
1743384348.731767
1743384348.763760
1743384348.796358
1743384348.828066
1743384348.859892
1743384348.892101
1743384348.924070
1743384348.955715
1743384348.987933
1743384349.019808
1743384349.052114
1743384349.083839
1743384349.115709
1743384349.148067
1743384349.179948
1743384349.211976
1743384349.244148
1743384349.276213
1743384349.308143
1743384349.340288
1743384349.387506
1743384349.419448
1743384349.435439
1743384349.451530
1743384349.484020
1743384349.515994
1743384349.547947
1743384349.580121
1743384349.612279
1743384349.644493
1743384349.676251
1743384349.708440
1743384349.739712
1743384349.755442
1743384349.787626
1743384349.819735
1743384349.851747
1743384349.883988
1743384349.915955
1743384349.948094
1743384349.980170
1743384350.028011
1743384350.059954
1743384350.092254
1743384350.123940
1743384350.155501
1743384350.171529
1743384350.187418
1743384350.219883
1743384350.251696
1743384350.284112
1743384350.316008
1743384350.363714
1743384350.395402
1743384350.428044
1743384350.460016
1743384350.491963
1743384350.524058
1743384350.555792
1743384350.588086
1743384350.619715
1743384350.651778
1743384350.683750
1743384350.715805
1743384350.747941
1743384350.779915
1743384350.811907
1743384350.844137
1743384350.875958
1743384350.908153
1743384350.940119
1743384350.971662
1743384351.004090
1743384351.035473
1743384351.067518
1743384351.099817
1743384351.131762
1743384351.163854
1743384351.195930
1743384351.228262
1743384351.260346
1743384351.292191
1743384351.339666
1743384351.371339
1743384351.403566
1743384351.435725
1743384351.467598
1743384351.483674
1743384351.516150
1743384351.547938
1743384351.580244
1743384351.612140
1743384351.659949
1743384351.691792
1743384351.723911
1743384351.755591
1743384351.771472
1743384351.787378
1743384351.819524
1743384351.851648
1743384351.883701
1743384351.915836
1743384351.948021
1743384351.979811
1743384352.011997
1743384352.043933
1743384352.076097
1743384352.108118
1743384352.139952
1743384352.171565
1743384352.203635
1743384352.235649
1743384352.267646
1743384352.315412
1743384352.347874
1743384352.379953
1743384352.411801
1743384352.443776
1743384352.475887
1743384352.507972
1743384352.540152
1743384352.571751
1743384352.603781
1743384352.636073
1743384352.667400
1743384352.699690
1743384352.731635
1743384352.764308
1743384352.796010
1743384352.828053
1743384352.860054
1743384352.892095
1743384352.924082
1743384352.956138
1743384352.987255
1743384353.019422
1743384353.051567
1743384353.083726
1743384353.115603
1743384353.148058
1743384353.179883
1743384353.211992
1743384353.243939
1743384353.291623
1743384353.323765
1743384353.355924
1743384353.387340
1743384353.419582
1743384353.451321
1743384353.467456
1743384353.499907
1743384353.531951
1743384353.564047
1743384353.611611
1743384353.643766
1743384353.675862
1743384353.707815
1743384353.739872
1743384353.771407
1743384353.787398
1743384353.819648
1743384353.851647
1743384353.883637
1743384353.931670
1743384353.963902
1743384353.995941
1743384354.027523
1743384354.059766
1743384354.092076
1743384354.123935
1743384354.156315
1743384354.187610
1743384354.219847
1743384354.267243
1743384354.299396
1743384354.331818
1743384354.363841
1743384354.395922
1743384354.428102
1743384354.459997
1743384354.491946
1743384354.523814
1743384354.555547
1743384354.587729
1743384354.619159
1743384354.651339
1743384354.683684
1743384354.715580
1743384354.747736
1743384354.779754
1743384354.811806
1743384354.843963
1743384354.875941
1743384354.907873
1743384354.939420
1743384354.971413
1743384355.003428
1743384355.035325
1743384355.067516
1743384355.099754
1743384355.131738
1743384355.164023
1743384355.195793
1743384355.243590
1743384355.275604
1743384355.307893
1743384355.339812
1743384355.371628
1743384355.403399
1743384355.435436
1743384355.467761
1743384355.499778
1743384355.531901
1743384355.564122
1743384355.595669
1743384355.627787
1743384355.659667
1743384355.691848
1743384355.723810
1743384355.755760
1743384355.787463
1743384355.803328
1743384355.819624
1743384355.851548
1743384355.883819
1743384355.915630
1743384355.947735
1743384355.979688
1743384356.011708
1743384356.043923
1743384356.075490
1743384356.107436
1743384356.123293
1743384356.139366
1743384356.171416
1743384356.187734
1743384356.219562
1743384356.251222
1743384356.283347
1743384356.315488
1743384356.347561
1743384356.380151
1743384356.411592
1743384356.444072
1743384356.475835
1743384356.508278
1743384356.539733
1743384356.571541
1743384356.603282
1743384356.635236
1743384356.667365
1743384356.699554
1743384356.731727
1743384356.763787
1743384356.795939
1743384356.827963
1743384356.859806
1743384356.891850
1743384356.923812
1743384356.955124
1743384356.987382
1743384357.019358
1743384357.051399
1743384357.083723
1743384357.115815
1743384357.147684
1743384357.195763
1743384357.227541
1743384357.259738
1743384357.291559
1743384357.323590
1743384357.355324
1743384357.387397
1743384357.419540
1743384357.451398
1743384357.483831
1743384357.515981
1743384357.547734
1743384357.579534
1743384357.611535
1743384357.643742
1743384357.675541
1743384357.707785
1743384357.739932
1743384357.771352
1743384357.803686
1743384357.835440
1743384357.867179
1743384357.899291
1743384357.931464
1743384357.963735
1743384357.995805
1743384358.027811
1743384358.059714
1743384358.091796
1743384358.123882
1743384358.171148
1743384358.203278
1743384358.235360
1743384358.267264
1743384358.299537
1743384358.331584
1743384358.363848
1743384358.395188
1743384358.427493
1743384358.459831
1743384358.491700
1743384358.523764
1743384358.555566
1743384358.587398
1743384358.619375
1743384358.651327
1743384358.683487
1743384358.715599
1743384358.747815
1743384358.779825
1743384358.811316
1743384358.843708
1743384358.875607
1743384358.907779
1743384358.939464
1743384358.971371
1743384359.003343
1743384359.035358
1743384359.067442
1743384359.099696
1743384359.147260
1743384359.179539
1743384359.211585
1743384359.243458
1743384359.275451
1743384359.307583
1743384359.339619
1743384359.371303
1743384359.403405
1743384359.435346
1743384359.467551
1743384359.499330
1743384359.531430
1743384359.563527
1743384359.595869
1743384359.627460
1743384359.659788
1743384359.691882
1743384359.723762
1743384359.755388
1743384359.787477
1743384359.819211
1743384359.851315
1743384359.883310
1743384359.915611
1743384359.947561
1743384359.979749
1743384360.011821
1743384360.043622
1743384360.075724
1743384360.123578
1743384360.155057
1743384360.187183
1743384360.219277
1743384360.251172
1743384360.283179
1743384360.315651
1743384360.347848
1743384360.379810
1743384360.411499
1743384360.443714
1743384360.475423
1743384360.507467
1743384360.539711
1743384360.571517
1743384360.603257
1743384360.635228
1743384360.667228
1743384360.699475
1743384360.731679
1743384360.763689
1743384360.795630
1743384360.827489
1743384360.859480
1743384360.891363
1743384360.923471
1743384360.955123
1743384360.987167
1743384361.019178
1743384361.035338
1743384361.067472
1743384361.099830
1743384361.131212
1743384361.163734
1743384361.195612
1743384361.227621
1743384361.259526
1743384361.291756
1743384361.323401
1743384361.355279
1743384361.387427
1743384361.419441
1743384361.451077
1743384361.483396
1743384361.515374
1743384361.547357
1743384361.579476
1743384361.611408
1743384361.643536
1743384361.676054
1743384361.707593
1743384361.739872
1743384361.770982
1743384361.803178
1743384361.835183
1743384361.850850
1743384361.883398
1743384361.915246
1743384361.947639
1743384361.979576
1743384362.011627
1743384362.044075
1743384362.075849
1743384362.107600
1743384362.139409
1743384362.171111
1743384362.203149
1743384362.235166
1743384362.267212
1743384362.299156
1743384362.331654
1743384362.363704
1743384362.395617
1743384362.427524
1743384362.459383
1743384362.491375
1743384362.523665
1743384362.555089
1743384362.587185
1743384362.619299
1743384362.651461
1743384362.683358
1743384362.715515
1743384362.747557
1743384362.779370
1743384362.811328
1743384362.843517
1743384362.875679
1743384362.907614
1743384362.939657
1743384362.971211
1743384363.003433
1743384363.051019
1743384363.083243
1743384363.115232
1743384363.147400
1743384363.179392
1743384363.211524
1743384363.243584
1743384363.275566
1743384363.307585
1743384363.339837
1743384363.371523
1743384363.402909
1743384363.435092
1743384363.467185
1743384363.499267
1743384363.531170
1743384363.563638
1743384363.595610
1743384363.627513
1743384363.659641
1743384363.691126
1743384363.723594
1743384363.754799
1743384363.786829
1743384363.819097
1743384363.851333
1743384363.883210
1743384363.915289
1743384363.947677
1743384363.979465
1743384364.027082
1743384364.059222
1743384364.091632
1743384364.123273
1743384364.155076
1743384364.187415
1743384364.219006
1743384364.251279
1743384364.283337
1743384364.315347
1743384364.347140
1743384364.379276
1743384364.411333
1743384364.443447
1743384364.474931
1743384364.507701
1743384364.539528
1743384364.571156
1743384364.603168
1743384364.635269
1743384364.667383
1743384364.699137
1743384364.730972
1743384364.763254
1743384364.795347
1743384364.827582
1743384364.858689
1743384364.891596
1743384364.923309
1743384364.955266
1743384365.002768
1743384365.018918
1743384365.050733
1743384365.066856
1743384365.098674
1743384365.131051
1743384365.163701
1743384365.195536
1743384365.227514
1743384365.259511
1743384365.291570
1743384365.323654
1743384365.355315
1743384365.386751
1743384365.418826
1743384365.451004
1743384365.483271
1743384365.515384
1743384365.547418
1743384365.579952
1743384365.611539
1743384365.643656
1743384365.675341
1743384365.707182
1743384365.738998
1743384365.771140
1743384365.803065
1743384365.834898
1743384365.866861
1743384365.882707
1743384365.898901
1743384365.931452
1743384365.979244
1743384366.011150
1743384366.043217
1743384366.075341
1743384366.106774
1743384366.138815
1743384366.171052
1743384366.203013
1743384366.234836
1743384366.251155
1743384366.298704
1743384366.315116
1743384366.346655
1743384366.378799
1743384366.411548
1743384366.443380
1743384366.475209
1743384366.507505
1743384366.539578
1743384366.571301
1743384366.618937
1743384366.651177
1743384366.682457
1743384366.715132
1743384366.747201
1743384366.779416
1743384366.810954
1743384366.827194
1743384366.859603
1743384366.891454
1743384366.923275
1743384366.955438
1743384366.986873
1743384367.019012
1743384367.050840
1743384367.083306
1743384367.115329
1743384367.147323
1743384367.179247
1743384367.211353
1743384367.243486
1743384367.275417
1743384367.307173
1743384367.339150
1743384367.371048
1743384367.402896
1743384367.434936
1743384367.466982
1743384367.499076
1743384367.531399
1743384367.563259
1743384367.595519
1743384367.627119
1743384367.659173
1743384367.691229
1743384367.723236
1743384367.755339
1743384367.786756
1743384367.818984
1743384367.851451
1743384367.883062
1743384367.898634
1743384367.931502
1743384367.963102
1743384367.995177
1743384368.027234
1743384368.059517
1743384368.091099
1743384368.122986
1743384368.155131
1743384368.187091
1743384368.219162
1743384368.251231
1743384368.283062
1743384368.314314
1743384368.347164
1743384368.379140
1743384368.411482
1743384368.442493
1743384368.475200
1743384368.507219
1743384368.539489
1743384368.570556
1743384368.602679
1743384368.634633
1743384368.666835
1743384368.698356
1743384368.730933
1743384368.763001
1743384368.795194
1743384368.826711
1743384368.859441
1743384368.907040
1743384368.938969
1743384368.970273
1743384368.986662
1743384369.018770
1743384369.050804
1743384369.082956
1743384369.115079
1743384369.147075
1743384369.179114
1743384369.227097
1743384369.259132
1743384369.290947
1743384369.323290
1743384369.355167
1743384369.386690
1743384369.418991
1743384369.450934
1743384369.483014
1743384369.515322
1743384369.547423
1743384369.579097
1743384369.611099
1743384369.643034
1743384369.675174
1743384369.707114
1743384369.739247
1743384369.770822
1743384369.802974
1743384369.835023
1743384369.882632
1743384369.914861
1743384369.947074
1743384369.978964
1743384370.010793
1743384370.043294
1743384370.075383
1743384370.107172
1743384370.139036
1743384370.171286
1743384370.203290
1743384370.234782
1743384370.266586
1743384370.298817
1743384370.330653
1743384370.363008
1743384370.395050
1743384370.427113
1743384370.459353
1743384370.491671
1743384370.523136
1743384370.554546
1743384370.586846
1743384370.618741
1743384370.650392
1743384370.666592
1743384370.698980
1743384370.731253
1743384370.762774
1743384370.795091
1743384370.827352
1743384370.859307
1743384370.890918
1743384370.923210
1743384370.954975
1743384370.986704
1743384371.018646
1743384371.050966
1743384371.082892
1743384371.114975
1743384371.147122
1743384371.179055
1743384371.211044
1743384371.242870
1743384371.275297
1743384371.307126
1743384371.338985
1743384371.370610
1743384371.402953
1743384371.435085
1743384371.466919
1743384371.499456
1743384371.530750
1743384371.562976
1743384371.594905
1743384371.626951
1743384371.659053
1743384371.691135
1743384371.722932
1743384371.754873
1743384371.786804
1743384371.834469
1743384371.866534
1743384371.898942
1743384371.930694
1743384371.946131
1743384371.962538
1743384371.995220
1743384372.026969
1743384372.059128
1743384372.091486
1743384372.123469
1743384372.155216
1743384372.186665
1743384372.218596
1743384372.250668
1743384372.282833
1743384372.314792
1743384372.346880
1743384372.378976
1743384372.410645
1743384372.443220
1743384372.475169
1743384372.507027
1743384372.538295
1743384372.554345
1743384372.586476
1743384372.602488
1743384372.634740
1743384372.666651
1743384372.698846
1743384372.730945
1743384372.763234
1743384372.810919
1743384372.843052
1743384372.875269
1743384372.907003
1743384372.939247
1743384372.970696
1743384373.002755
1743384373.034788
1743384373.066993
1743384373.098983
1743384373.131262
1743384373.162941
1743384373.194764
1743384373.226938
1743384373.258992
1743384373.291079
1743384373.322874
1743384373.354598
1743384373.386710
1743384373.418721
1743384373.451068
1743384373.482970
1743384373.514882
1743384373.546862
1743384373.578972
1743384373.610841
1743384373.643230
1743384373.674849
1743384373.707375
1743384373.739263
1743384373.786597
1743384373.818754
1743384373.850619
1743384373.882727
1743384373.914762
1743384373.946896
1743384373.978981
1743384374.011030
1743384374.043447
1743384374.075025
1743384374.107127
1743384374.139211
1743384374.170461
1743384374.202729
1743384374.234783
1743384374.266486
1743384374.298923
1743384374.330661
1743384374.362561
1743384374.395089
1743384374.426994
1743384374.458994
1743384374.490836
1743384374.522762
1743384374.554671
1743384374.586568
1743384374.618629
1743384374.650173
1743384374.666360
1743384374.682569
1743384374.714907
1743384374.762729
1743384374.794816
1743384374.826807
1743384374.858908
1743384374.890542
1743384374.922818
1743384374.954548
1743384374.986672
1743384375.018745
1743384375.050854
1743384375.083089
1743384375.114559
1743384375.146786
1743384375.178206
1743384375.210002
1743384375.226456
1743384375.258778
1743384375.290195
1743384375.306321
1743384375.338519
1743384375.370738
1743384375.402909
1743384375.434592
1743384375.466573
1743384375.498644
1743384375.530790
1743384375.562855
1743384375.594833
1743384375.626915
1743384375.658885
1743384375.691182
1743384375.738578
1743384375.770434
1743384375.802438
1743384375.834491
1743384375.866632
1743384375.898750
1743384375.930784
1743384375.963095
1743384375.994988
1743384376.027152
1743384376.059000
1743384376.090741
1743384376.122874
1743384376.154372
1743384376.186256
1743384376.202241
1743384376.218452
1743384376.250477
1743384376.282613
1743384376.314934
1743384376.346934
1743384376.378810
1743384376.410752
1743384376.442831
1743384376.474940
1743384376.506989
1743384376.539118
1743384376.570588
1743384376.602519
1743384376.634820
1743384376.666794
1743384376.714535
1743384376.746813
1743384376.778072
1743384376.810869
1743384376.843027
1743384376.874677
1743384376.906137
1743384376.922281
1743384376.938568
1743384376.954702
1743384376.986452
1743384377.034350
1743384377.066233
1743384377.098570
1743384377.130167
1743384377.146115
1743384377.178573
1743384377.210913
1743384377.242407
1743384377.274983
1743384377.306787
1743384377.354732
1743384377.386145
1743384377.402218
1743384377.434263
1743384377.466593
1743384377.498678
1743384377.530610
1743384377.562794
1743384377.594913
1743384377.627060
1743384377.659128
1743384377.690969
1743384377.722846
1743384377.754664
1743384377.786330
1743384377.818323
1743384377.850473
1743384377.882852
1743384377.914467
1743384377.946844
1743384377.979066
1743384378.011001
1743384378.042714
1743384378.074754
1743384378.106631
1743384378.138924
1743384378.170340
1743384378.202394
1743384378.234468
1743384378.266808
1743384378.298925
1743384378.330718
1743384378.362610
1743384378.394479
1743384378.426506
1743384378.458840
1743384378.490766
1743384378.522580
1743384378.554580
1743384378.586514
1743384378.618547
1743384378.666297
1743384378.698430
1743384378.730678
1743384378.762956
1743384378.794789
1743384378.826583
1743384378.858754
1743384378.890742
1743384378.922977
1743384378.954479
1743384378.986761
1743384379.018141
1743384379.049774
1743384379.066296
1743384379.098525
1743384379.130606
1743384379.162052
1743384379.195056
1743384379.227080
1743384379.258506
1743384379.306653
1743384379.338485
1743384379.370514
1743384379.402485
1743384379.434335
1743384379.466446
1743384379.498519
1743384379.530708
1743384379.563293
1743384379.594868
1743384379.642640
1743384379.674782
1743384379.706611
1743384379.738656
1743384379.770403
1743384379.802456
1743384379.834366
1743384379.866426
1743384379.898761
1743384379.930700
1743384379.962755
1743384379.994736
1743384380.026684
1743384380.058594
1743384380.090598
1743384380.122987
1743384380.155030
1743384380.186350
1743384380.218447
1743384380.250487
1743384380.282945
1743384380.314578
1743384380.346478
1743384380.378629
1743384380.410827
1743384380.442805
1743384380.474817
1743384380.506882
1743384380.538706
1743384380.570859
1743384380.618455
1743384380.650424
1743384380.682395
1743384380.714563
1743384380.746710
1743384380.778610
1743384380.810809
1743384380.842809
1743384380.874415
1743384380.906641
1743384380.938884
1743384380.970056
1743384381.002217
1743384381.034280
1743384381.066288
1743384381.098339
1743384381.130306
1743384381.162647
1743384381.194983
1743384381.226842
1743384381.258751
1743384381.290692
1743384381.322524
1743384381.354136
1743384381.386089
1743384381.402147
1743384381.434223
1743384381.450238
1743384381.482551
1743384381.514679
1743384381.546661
1743384381.594453
1743384381.626663
1743384381.658700
1743384381.690715
1743384381.722615
1743384381.754437
1743384381.786385
1743384381.818528
1743384381.850467
1743384381.882602
1743384381.914991
1743384381.946435
1743384381.978534
1743384382.010969
1743384382.041606
1743384382.073815
1743384382.106668
1743384382.138816
1743384382.170342
1743384382.202424
1743384382.234781
1743384382.266082
1743384382.297916
1743384382.330443
1743384382.362702
1743384382.394739
1743384382.426752
1743384382.458506
1743384382.490856
1743384382.522873
1743384382.570393
1743384382.601674
1743384382.618132
1743384382.650424
1743384382.682365
1743384382.714005
1743384382.746781
1743384382.778493
1743384382.810812
1743384382.842540
1743384382.890512
1743384382.922499
1743384382.953975
1743384382.986233
1743384383.018341
1743384383.050150
1743384383.082468
1743384383.114565
1743384383.146501
1743384383.178708
1743384383.210769
1743384383.242437
1743384383.274358
1743384383.306525
1743384383.338394
1743384383.370256
1743384383.402245
1743384383.434091
1743384383.466289
1743384383.498613
1743384383.546293
1743384383.578595
1743384383.610604
1743384383.642715
1743384383.674766
1743384383.706811
1743384383.738786
1743384383.770187
1743384383.802521
1743384383.834211
1743384383.866525
1743384383.898153
1743384383.930295
1743384383.962334
1743384383.994493
1743384384.026556
1743384384.058340
1743384384.090530
1743384384.122729
1743384384.154197
1743384384.186525
1743384384.218012
1743384384.234039
1743384384.266146
1743384384.298282
1743384384.330268
1743384384.362673
1743384384.394694
1743384384.426566
1743384384.458528
1743384384.490704
1743384384.522675
1743384384.554462
1743384384.586155
1743384384.618203
1743384384.649740
1743384384.665885
1743384384.682155
1743384384.714282
1743384384.746054
1743384384.778644
1743384384.810786
1743384384.842812
1743384384.874174
1743384384.906500
1743384384.938630
1743384384.969944
1743384385.002060
1743384385.018058
1743384385.050149
1743384385.066122
1743384385.098769
1743384385.130666
1743384385.162782
1743384385.194367
1743384385.226316
1743384385.258516
1743384385.290490
1743384385.322490
1743384385.354545
1743384385.386175
1743384385.418331
1743384385.450268
1743384385.498184
1743384385.530276
1743384385.562566
1743384385.594319
1743384385.626597
1743384385.658722
1743384385.690514
1743384385.722336
1743384385.754203
1743384385.786405
1743384385.818676
1743384385.849764
1743384385.882231
1743384385.914236
1743384385.946524
1743384385.978463
1743384386.010489
1743384386.042603
1743384386.074856
1743384386.105227
1743384386.138943
1743384386.170006
1743384386.185732
1743384386.201845
1743384386.218086
1743384386.233894
1743384386.249946
1743384386.265852
1743384386.281882
1743384386.297899
1743384386.313907
1743384386.329826
1743384386.345874
1743384386.362191
1743384386.394546
1743384386.426537
1743384386.474309
1743384386.506523
1743384386.537801
1743384386.553806
1743384386.569903
1743384386.585929
1743384386.602012
1743384386.617949
1743384386.634291
1743384386.650292
1743384386.666132
1743384386.682028
1743384386.697886
1743384386.714179
1743384386.746752
1743384386.794253
1743384386.826223
1743384386.858396
1743384386.890462
1743384386.922304
1743384386.954183
1743384386.969813
1743384386.985978
1743384387.001998
1743384387.017994
1743384387.034155
1743384387.050208
1743384387.066220
1743384387.082263
1743384387.114790
1743384387.146388
1743384387.178427
1743384387.210387
1743384387.242603
1743384387.274582
1743384387.306595
1743384387.338447
1743384387.353940
1743384387.369880
1743384387.385862
1743384387.402179
1743384387.418210
1743384387.450515
1743384387.482090
1743384387.514173
1743384387.529480
1743384387.545659
1743384387.561778
1743384387.577879
1743384387.593907
1743384387.609812
1743384387.625773
1743384387.641866
1743384387.657886
1743384387.673853
1743384387.690265
1743384387.705920
1743384387.722025
1743384387.738021
1743384387.770473
1743384387.801631
1743384387.817642
1743384387.833766
1743384387.849802
1743384387.865801
1743384387.882039
1743384387.897907
1743384387.913748
1743384387.929694
1743384387.945912
1743384387.961863
1743384387.977891
1743384387.993874
1743384388.009978
1743384388.025976
1743384388.041898
1743384388.057932
1743384388.090732
1743384388.122159
1743384388.137664
1743384388.153704
1743384388.169703
1743384388.185818
1743384388.201800
1743384388.217901
1743384388.234103
1743384388.265884
1743384388.281643
1743384388.297739
1743384388.313833
1743384388.329809
1743384388.345984
1743384388.362062
1743384388.378065
1743384388.394040
1743384388.426028
1743384388.441722
1743384388.457904
1743384388.473700
1743384388.489507
1743384388.505667
1743384388.521733
1743384388.537846
1743384388.553766
1743384388.569808
1743384388.585797
1743384388.601980
1743384388.617842
1743384388.633863
1743384388.650038
1743384388.666053
1743384388.681948
1743384388.698114
1743384388.746312
1743384388.778156
1743384388.810243
1743384388.842219
1743384388.874493
1743384388.906357
1743384388.921749
1743384388.937732
1743384388.953752
1743384388.969928
1743384388.985915
1743384389.001987
1743384389.017988
1743384389.034218
1743384389.066537
1743384389.098161
1743384389.130120
1743384389.161575
1743384389.177399
1743384389.193665
1743384389.209789
1743384389.225852
1743384389.241899
1743384389.257900
1743384389.273783
1743384389.289822
1743384389.305734
1743384389.321828
1743384389.337812
1743384389.353911
1743384389.369967
1743384389.402550
1743384389.433811
1743384389.449677
1743384389.465741
1743384389.482083
1743384389.497756
1743384389.513805
1743384389.529674
1743384389.545827
1743384389.561805
1743384389.577891
1743384389.593910
1743384389.609745
1743384389.625784
1743384389.641787
1743384389.657997
1743384389.673914
1743384389.689843
1743384389.721566
1743384389.737724
1743384389.753649
1743384389.769596
1743384389.785692
1743384389.801796
1743384389.817896
1743384389.833735
1743384389.849655
1743384389.865799
1743384389.882012
1743384389.914039
1743384389.929677
1743384389.945977
1743384389.961928
1743384389.977898
1743384389.993872
1743384390.010106
1743384390.042683
1743384390.074559
1743384390.106196
1743384390.121588
1743384390.137762
1743384390.153546
1743384390.169632
1743384390.185742
1743384390.201870
1743384390.217810
1743384390.233768
1743384390.249843
1743384390.265948
1743384390.281887
1743384390.297781
1743384390.313854
1743384390.329864
1743384390.345912
1743384390.377907
1743384390.410216
1743384390.442215
1743384390.474037
1743384390.505477
1743384390.521693
1743384390.537826
1743384390.553645
1743384390.569918
1743384390.585793
1743384390.602024
1743384390.618034
1743384390.633966
1743384390.650041
1743384390.665932
1743384390.698409
1743384390.729402
1743384390.745344
1743384390.761559
1743384390.777628
1743384390.793702
1743384390.809686
1743384390.825848
1743384390.841737
1743384390.857768
1743384390.873746
1743384390.889733
1743384390.905628
1743384390.921667
1743384390.937812
1743384390.953985
1743384390.969859
1743384390.985926
1743384391.018483
1743384391.049764
1743384391.065810
1743384391.081614
1743384391.097540
1743384391.113569
1743384391.129510
1743384391.145635
1743384391.161823
1743384391.177656
1743384391.193710
1743384391.209735
1743384391.225939
1743384391.241942
1743384391.257732
1743384391.273850
1743384391.289821
1743384391.306148
1743384391.321994
1743384391.354358
1743384391.385891
1743384391.417135
1743384391.433689
1743384391.449784
1743384391.465793
1743384391.481841
1743384391.497525
1743384391.513761
1743384391.529620
1743384391.545784
1743384391.561767
1743384391.577742
1743384391.593766
1743384391.609762
1743384391.625861
1743384391.641829
1743384391.674293
1743384391.705656
1743384391.721405
1743384391.737435
1743384391.753609
1743384391.769485
1743384391.785697
1743384391.801681
1743384391.817921
1743384391.833584
1743384391.849737
1743384391.865733
1743384391.881710
1743384391.897745
1743384391.930147
1743384391.945481
1743384391.961710
1743384391.994670
1743384392.025896
1743384392.057866
1743384392.073316
1743384392.089535
1743384392.105274
1743384392.121589
1743384392.137548
1743384392.153803
1743384392.169684
1743384392.185861
1743384392.201817
1743384392.217843
1743384392.233762
1743384392.249886
1743384392.265783
1743384392.281766
1743384392.297861
1743384392.330469
1743384392.362245
1743384392.394217
1743384392.426006
1743384392.458054
1743384392.490309
1743384392.522370
1743384392.553841
1743384392.569650
1743384392.585652
1743384392.601810
1743384392.618017
1743384392.650251
1743384392.665586
1743384392.681609
1743384392.697476
1743384392.713455
1743384392.729453
1743384392.745550
1743384392.761568
1743384392.777659
1743384392.793608
1743384392.809693
1743384392.825623
1743384392.841641
1743384392.857699
1743384392.873675
1743384392.889732
1743384392.905724
1743384392.921819
1743384392.937833
1743384392.970000
1743384392.985407
1743384393.001651
1743384393.017668
1743384393.033528
1743384393.049546
1743384393.065585
1743384393.081689
1743384393.097442
1743384393.113676
1743384393.129535
1743384393.145568
1743384393.161731
1743384393.177650
1743384393.193667
1743384393.209656
1743384393.225925
1743384393.241705
1743384393.257757
1743384393.273828
1743384393.306390
1743384393.337639
1743384393.353547
1743384393.369536
1743384393.385528
1743384393.401541
1743384393.417548
1743384393.433626
1743384393.449735
1743384393.465657
1743384393.481858
1743384393.497526
1743384393.513646
1743384393.529556
1743384393.545796
1743384393.561734
1743384393.577858
1743384393.593756
1743384393.626351
1743384393.657343
1743384393.673112
1743384393.689450
1743384393.705445
1743384393.721514
1743384393.737530
1743384393.753565
1743384393.769482
1743384393.785706
1743384393.801541
1743384393.817723
1743384393.833782
1743384393.849669
1743384393.865834
1743384393.882012
1743384393.897760
1743384393.913763
1743384393.946299
1743384393.978006
1743384394.009938
1743384394.041539
1743384394.057255
1743384394.073583
1743384394.089655
1743384394.105581
1743384394.121514
1743384394.137592
1743384394.153486
1743384394.169598
1743384394.185743
1743384394.201788
1743384394.217817
1743384394.233702
1743384394.249814
1743384394.282637
1743384394.313831
1743384394.345297
1743384394.361161
1743384394.377424
1743384394.393453
1743384394.409600
1743384394.425475
1743384394.441528
1743384394.457433
1743384394.473534
1743384394.489647
1743384394.505525
1743384394.521563
1743384394.537620
1743384394.553760
1743384394.569616
1743384394.601940
1743384394.617522
1743384394.633375
1743384394.649454
1743384394.665490
1743384394.681631
1743384394.697667
1743384394.713574
1743384394.729397
1743384394.745502
1743384394.761546
1743384394.777588
1743384394.793558
1743384394.809641
1743384394.825641
1743384394.841618
1743384394.857650
1743384394.873631
1743384394.889660
1743384394.922160
1743384394.953457
1743384394.969370
1743384394.985445
1743384395.001606
1743384395.017596
1743384395.033460
1743384395.049552
1743384395.065582
1743384395.081586
1743384395.097463
1743384395.113692
1743384395.129489
1743384395.145587
1743384395.161684
1743384395.177842
1743384395.193795
1743384395.209843
1743384395.225833
1743384395.257891
1743384395.290257
1743384395.321446
1743384395.337630
1743384395.353591
1743384395.369595
1743384395.385617
1743384395.401598
1743384395.417626
1743384395.433553
1743384395.449808
1743384395.465887
1743384395.481881
1743384395.497756
1743384395.513728
1743384395.529728
1743384395.545790
1743384395.578286
1743384395.609355
1743384395.625359
1743384395.641328
1743384395.657440
1743384395.673343
1743384395.689737
1743384395.705486
1743384395.721507
1743384395.737531
1743384395.753641
1743384395.769630
1743384395.785641
1743384395.801550
1743384395.817908
1743384395.833917
1743384395.849757
1743384395.865897
1743384395.898444
1743384395.929827
1743384395.962184
1743384395.993397
1743384396.009274
1743384396.025497
1743384396.041509
1743384396.057420
