1743384025.002299
1743384025.081380
1743384025.113611
1743384025.145629
1743384025.178019
1743384025.225846
1743384025.257346
1743384025.289480
1743384025.322168
1743384025.353868
1743384025.385888
1743384025.402217
1743384025.433600
1743384025.466197
1743384025.497664
1743384025.514288
1743384025.546706
1743384025.578469
1743384025.610562
1743384025.642485
1743384025.674696
1743384025.706614
1743384025.738854
1743384025.770611
1743384025.802879
1743384025.834910
1743384025.867175
1743384025.899701
1743384025.932008
1743384025.964028
1743384025.995835
1743384026.027770
1743384026.060203
1743384026.091594
1743384026.124315
1743384026.156502
1743384026.203845
1743384026.235384
1743384026.267245
1743384026.299513
1743384026.331856
1743384026.363930
1743384026.393985
1743384026.426061
1743384026.459028
1743384026.490399
1743384026.522602
1743384026.554255
1743384026.585905
1743384026.601911
1743384026.618203
1743384026.649981
1743384026.666022
1743384026.682187
1743384026.714190
1743384026.746261
1743384026.761867
1743384026.778144
1743384026.794259
1743384026.810214
1743384026.842819
1743384026.874572
1743384026.906398
1743384026.937915
1743384026.953825
1743384026.969891
1743384026.986025
1743384027.002007
1743384027.018216
1743384027.033943
1743384027.050015
1743384027.066090
1743384027.082244
1743384027.098295
1743384027.114051
1743384027.130141
1743384027.146133
1743384027.178539
1743384027.210459
1743384027.242087
1743384027.257911
1743384027.273865
1743384027.289856
1743384027.305605
1743384027.321937
1743384027.337848
1743384027.353808
1743384027.369933
1743384027.385925
1743384027.402048
1743384027.418446
1743384027.434238
1743384027.450202
1743384027.466542
1743384027.498592
1743384027.529557
1743384027.545945
1743384027.562106
1743384027.577891
1743384027.593885
1743384027.610039
1743384027.626089
1743384027.641872
1743384027.658045
1743384027.673978
1743384027.689949
1743384027.705970
1743384027.722056
1743384027.737987
1743384027.754043
1743384027.770056
1743384027.786124
1743384027.818265
1743384027.833773
1743384027.849845
1743384027.865913
1743384027.881903
1743384027.897715
1743384027.913856
1743384027.929849
1743384027.945766
1743384027.961836
1743384027.977948
1743384027.994004
1743384028.009850
1743384028.026005
1743384028.042013
1743384028.058004
1743384028.074247
1743384028.090028
1743384028.106056
1743384028.122443
1743384028.154548
1743384028.185967
1743384028.201751
1743384028.218213
1743384028.234112
1743384028.249830
1743384028.265900
1743384028.282347
1743384028.297916
1743384028.313918
1743384028.329793
1743384028.346176
1743384028.361856
1743384028.377949
1743384028.394029
1743384028.410423
1743384028.426332
1743384028.442242
1743384028.474026
1743384028.489477
1743384028.505742
1743384028.521659
1743384028.537798
1743384028.554033
1743384028.569792
1743384028.585841
1743384028.601993
1743384028.618070
1743384028.634178
1743384028.650006
1743384028.665943
1743384028.682148
1743384028.697905
1743384028.714081
1743384028.730072
1743384028.746189
1743384028.762096
1743384028.794834
1743384028.826673
1743384028.858400
1743384028.890322
1743384028.922459
1743384028.953902
1743384028.970107
1743384028.985947
1743384029.001938
1743384029.018246
1743384029.034057
1743384029.050186
1743384029.066048
1743384029.082174
1743384029.098672
1743384029.130749
1743384029.162679
1743384029.194345
1743384029.226581
1743384029.258283
1743384029.290534
1743384029.322443
1743384029.338071
1743384029.354288
1743384029.369990
1743384029.386031
1743384029.402679
1743384029.418475
1743384029.450680
1743384029.482142
1743384029.514400
1743384029.546318
1743384029.578246
1743384029.610349
1743384029.642142
1743384029.657995
1743384029.673891
1743384029.690001
1743384029.706251
1743384029.722229
1743384029.738003
1743384029.770449
1743384029.801989
1743384029.818237
1743384029.833833
1743384029.849852
1743384029.866020
1743384029.882098
1743384029.897861
1743384029.913949
1743384029.929755
1743384029.945786
1743384029.961905
1743384029.978022
1743384029.994059
1743384030.010300
1743384030.026112
1743384030.042183
1743384030.058241
1743384030.074062
1743384030.106621
1743384030.138213
1743384030.153998
1743384030.169744
1743384030.185800
1743384030.201817
1743384030.218111
1743384030.234083
1743384030.249901
1743384030.265945
1743384030.282039
1743384030.297829
1743384030.313859
1743384030.329911
1743384030.346084
1743384030.362078
1743384030.378114
1743384030.394067
1743384030.426786
1743384030.458060
1743384030.490143
1743384030.522342
1743384030.537863
1743384030.554206
1743384030.570086
1743384030.585868
1743384030.601980
1743384030.617861
1743384030.633949
1743384030.650074
1743384030.666024
1743384030.682266
1743384030.698089
1743384030.713915
1743384030.746409
1743384030.778113
1743384030.810465
1743384030.842636
1743384030.874472
1743384030.906345
1743384030.938430
1743384030.970062
1743384030.985957
1743384031.002198
1743384031.018207
1743384031.034140
1743384031.050094
1743384031.082282
1743384031.114329
1743384031.146442
1743384031.161824
1743384031.177948
1743384031.193774
1743384031.209816
1743384031.226215
1743384031.242158
1743384031.257874
1743384031.273955
1743384031.289989
1743384031.306071
1743384031.322030
1743384031.338009
1743384031.354000
1743384031.370247
1743384031.402582
1743384031.434004
1743384031.449959
1743384031.466533
1743384031.498076
1743384031.513760
1743384031.529758
1743384031.545851
1743384031.561834
1743384031.577952
1743384031.594244
1743384031.610037
1743384031.625867
1743384031.641942
1743384031.658271
1743384031.674200
1743384031.689988
1743384031.722351
1743384031.737805
1743384031.753963
1743384031.769668
1743384031.785963
1743384031.801697
1743384031.817982
1743384031.833823
1743384031.849882
1743384031.866031
1743384031.882249
1743384031.914350
1743384031.946204
1743384031.961782
1743384031.978014
1743384031.993941
1743384032.009898
1743384032.026572
1743384032.058587
1743384032.090274
1743384032.122327
1743384032.153883
1743384032.170143
1743384032.185838
1743384032.201731
1743384032.218481
1743384032.234018
1743384032.249861
1743384032.265833
1743384032.282175
1743384032.297953
1743384032.313893
1743384032.329934
1743384032.345869
1743384032.378551
1743384032.409949
1743384032.425347
1743384032.441794
1743384032.458010
1743384032.473704
1743384032.489760
1743384032.506098
1743384032.521782
1743384032.537792
1743384032.553874
1743384032.570165
1743384032.585871
1743384032.601882
1743384032.618097
1743384032.633993
1743384032.650443
1743384032.665968
1743384032.698692
1743384032.730131
1743384032.762312
1743384032.794249
1743384032.826294
1743384032.858397
1743384032.890319
1743384032.922240
1743384032.937912
1743384032.954315
1743384032.970088
1743384032.986088
1743384033.002005
1743384033.034314
1743384033.065804
1743384033.081594
1743384033.097628
1743384033.113921
1743384033.129738
1743384033.145796
1743384033.161797
1743384033.177960
1743384033.194252
1743384033.209874
1743384033.225801
1743384033.242224
1743384033.257896
1743384033.273855
1743384033.289989
1743384033.305949
1743384033.322109
1743384033.354412
1743384033.385842
1743384033.401679
1743384033.418088
1743384033.433634
1743384033.449748
1743384033.466121
1743384033.481824
1743384033.497620
1743384033.513745
1743384033.529663
1743384033.545841
1743384033.561789
1743384033.577939
1743384033.594168
1743384033.609985
1743384033.625896
1743384033.641903
1743384033.674481
1743384033.706107
1743384033.738198
1743384033.769656
1743384033.785799
1743384033.801590
1743384033.817854
1743384033.833805
1743384033.850145
1743384033.865780
1743384033.881753
1743384033.897762
1743384033.914013
1743384033.929952
1743384033.945809
1743384033.961919
1743384033.978294
1743384034.010545
1743384034.042245
1743384034.074050
1743384034.089644
1743384034.106118
1743384034.121589
1743384034.137644
1743384034.153994
1743384034.170066
1743384034.185920
1743384034.201876
1743384034.218016
1743384034.234024
1743384034.249810
1743384034.265926
1743384034.282181
1743384034.297937
1743384034.330258
1743384034.362217
1743384034.394274
1743384034.426056
1743384034.458215
1743384034.490398
1743384034.522049
1743384034.537800
1743384034.553677
1743384034.569840
1743384034.585815
1743384034.602008
1743384034.618049
1743384034.650153
1743384034.665673
1743384034.681962
1743384034.697477
1743384034.713689
1743384034.729492
1743384034.745977
1743384034.761563
1743384034.777705
1743384034.793988
1743384034.809801
1743384034.825659
1743384034.841714
1743384034.857918
1743384034.874033
1743384034.889735
1743384034.905865
1743384034.921898
1743384034.938031
1743384034.953894
1743384034.986334
1743384035.017740
1743384035.033754
1743384035.050160
1743384035.081873
1743384035.113937
1743384035.146013
1743384035.178038
1743384035.210433
1743384035.242587
1743384035.274402
1743384035.306283
1743384035.338059
1743384035.369633
1743384035.401652
1743384035.433754
1743384035.465682
1743384035.498052
1743384035.529889
1743384035.562445
1743384035.594671
1743384035.626477
1743384035.658185
1743384035.690309
1743384035.722189
1743384035.753644
1743384035.769716
1743384035.801820
1743384035.833775
1743384035.849887
1743384035.865934
1743384035.898131
1743384035.930235
1743384035.962212
1743384035.994085
1743384036.026108
1743384036.057993
1743384036.090167
1743384036.122035
1743384036.153537
1743384036.169545
1743384036.185669
1743384036.201891
1743384036.233872
1743384036.281921
1743384036.313661
1743384036.345889
1743384036.377933
1743384036.410100
1743384036.442259
1743384036.474005
1743384036.506305
1743384036.538255
1743384036.569794
1743384036.602053
1743384036.633750
1743384036.665584
1743384036.697747
1743384036.729819
1743384036.762272
1743384036.794137
1743384036.826067
1743384036.858124
1743384036.890277
1743384036.937788
1743384036.969711
1743384037.001728
1743384037.033679
1743384037.049466
1743384037.065538
1743384037.081654
1743384037.113946
1743384037.145917
1743384037.177881
1743384037.210146
1743384037.258281
1743384037.289977
1743384037.321905
1743384037.353723
1743384037.385628
1743384037.417608
1743384037.449768
1743384037.481556
1743384037.513787
1743384037.546103
1743384037.577986
1743384037.609857
1743384037.641890
1743384037.674030
1743384037.706039
1743384037.737962
1743384037.769602
1743384037.785635
1743384037.817563
1743384037.833864
1743384037.865866
1743384037.913685
1743384037.945752
1743384037.977758
1743384038.009810
1743384038.042050
1743384038.073842
1743384038.106069
1743384038.138034
1743384038.170022
1743384038.201800
1743384038.234103
1743384038.265710
1743384038.297723
1743384038.329822
1743384038.362059
1743384038.394159
1743384038.425904
1743384038.457946
1743384038.490274
1743384038.522222
1743384038.553974
1743384038.585317
1743384038.601321
1743384038.617711
1743384038.649524
1743384038.681624
1743384038.713769
1743384038.745754
1743384038.778312
1743384038.810396
1743384038.842448
1743384038.890010
1743384038.921697
1743384038.954101
1743384038.985918
1743384039.017544
1743384039.033729
1743384039.065554
1743384039.081537
1743384039.113861
1743384039.145850
1743384039.178129
1743384039.210027
1743384039.241912
1743384039.273772
1743384039.305756
1743384039.338044
1743384039.369587
1743384039.401576
1743384039.433857
1743384039.465644
1743384039.497914
1743384039.530152
1743384039.561981
1743384039.593867
1743384039.625923
1743384039.657812
1743384039.689946
1743384039.721928
1743384039.753415
1743384039.769600
1743384039.801809
1743384039.833815
1743384039.866134
1743384039.897520
1743384039.929762
1743384039.961838
1743384039.993942
1743384040.025629
1743384040.057971
1743384040.090008
1743384040.122209
1743384040.154058
1743384040.186006
1743384040.217325
1743384040.233513
1743384040.249544
1743384040.281720
1743384040.313774
1743384040.345775
1743384040.377625
1743384040.410023
1743384040.441887
1743384040.474015
1743384040.506093
1743384040.537707
1743384040.569433
1743384040.585542
1743384040.617614
1743384040.649468
1743384040.681640
1743384040.713819
1743384040.745757
1743384040.778091
1743384040.810150
1743384040.842277
1743384040.873925
1743384040.905829
1743384040.937896
1743384040.969433
1743384041.001363
1743384041.033751
1743384041.065507
1743384041.081536
1743384041.097475
1743384041.129938
1743384041.162222
1743384041.193806
1743384041.225879
1743384041.258168
1743384041.289946
1743384041.321812
1743384041.353556
1743384041.385576
1743384041.417635
1743384041.433815
1743384041.481381
1743384041.513661
1743384041.545878
1743384041.577822
1743384041.609715
1743384041.641871
1743384041.673933
1743384041.705838
1743384041.738098
1743384041.769694
1743384041.817512
1743384041.849538
1743384041.881626
1743384041.913716
1743384041.945797
1743384041.977977
1743384042.009834
1743384042.042047
1743384042.074036
1743384042.106057
1743384042.137859
1743384042.169481
1743384042.201347
1743384042.217512
1743384042.233510
1743384042.265518
1743384042.297596
1743384042.329622
1743384042.361967
1743384042.393918
1743384042.426377
1743384042.457857
1743384042.489607
1743384042.521845
1743384042.553792
1743384042.585339
1743384042.617238
1743384042.649455
1743384042.681543
1743384042.713751
1743384042.745828
1743384042.793680
1743384042.825818
1743384042.857780
1743384042.889855
1743384042.921690
1743384042.953432
1743384042.985419
1743384043.017490
1743384043.049465
1743384043.065425
1743384043.081715
1743384043.113948
1743384043.145672
1743384043.177954
1743384043.209493
1743384043.241891
1743384043.273692
1743384043.306038
1743384043.337930
1743384043.369493
1743384043.401587
1743384043.433746
1743384043.465372
1743384043.497620
1743384043.529592
1743384043.561884
1743384043.593760
1743384043.625603
1743384043.657839
1743384043.689692
1743384043.721862
1743384043.769601
1743384043.801378
1743384043.833271
1743384043.849459
1743384043.881377
1743384043.913498
1743384043.945498
1743384043.977591
1743384044.009907
1743384044.041983
1743384044.089564
1743384044.121610
1743384044.153619
1743384044.185349
1743384044.217195
1743384044.233352
1743384044.249419
1743384044.281698
1743384044.313628
1743384044.345679
1743384044.377897
1743384044.409963
1743384044.441632
1743384044.473723
1743384044.505518
1743384044.537559
1743384044.569465
1743384044.601204
1743384044.617443
1743384044.649500
1743384044.681095
1743384044.713742
1743384044.745810
1743384044.777664
1743384044.809551
1743384044.841824
1743384044.873738
1743384044.905861
1743384044.937661
1743384044.969497
1743384045.001513
1743384045.017558
1743384045.033498
1743384045.065965
1743384045.097598
1743384045.129680
1743384045.161511
1743384045.193869
1743384045.225763
1743384045.257951
1743384045.289960
1743384045.321729
1743384045.353458
1743384045.385901
1743384045.417240
1743384045.449226
1743384045.481429
1743384045.513493
1743384045.545614
1743384045.577971
1743384045.609531
1743384045.641949
1743384045.673905
1743384045.721625
1743384045.753574
1743384045.785208
1743384045.801387
1743384045.833318
1743384045.865293
1743384045.897575
1743384045.929543
1743384045.961930
1743384045.993762
1743384046.041621
1743384046.073590
1743384046.106270
1743384046.137626
1743384046.169282
1743384046.201188
1743384046.233449
1743384046.265305
1743384046.297741
1743384046.329794
1743384046.361661
1743384046.393593
1743384046.425728
1743384046.457837
1743384046.489546
1743384046.521572
1743384046.553127
1743384046.585293
1743384046.617316
1743384046.633348
1743384046.649449
1743384046.665619
1743384046.697941
1743384046.729502
1743384046.761401
1743384046.793510
1743384046.825692
1743384046.857712
1743384046.889514
1743384046.921607
1743384046.953837
1743384046.985530
1743384047.017696
1743384047.048918
1743384047.081218
1743384047.113609
1743384047.145521
1743384047.177743
1743384047.209787
1743384047.241737
1743384047.273716
1743384047.305748
1743384047.337985
1743384047.369148
1743384047.401252
1743384047.433082
1743384047.465322
1743384047.497332
1743384047.529298
1743384047.561602
1743384047.593819
1743384047.625781
1743384047.673278
1743384047.705390
1743384047.737584
1743384047.769178
1743384047.801097
1743384047.817309
1743384047.849228
1743384047.881495
1743384047.913512
1743384047.945595
1743384047.993386
1743384048.025414
1743384048.057332
1743384048.089577
1743384048.121655
1743384048.153647
1743384048.185326
1743384048.217449
1743384048.249779
1743384048.281452
1743384048.313475
1743384048.345341
1743384048.377408
1743384048.409300
1743384048.441851
1743384048.473513
1743384048.505637
1743384048.537755
1743384048.569377
1743384048.601309
1743384048.649109
1743384048.681245
1743384048.713404
1743384048.745335
1743384048.777296
1743384048.809590
1743384048.842117
1743384048.873487
1743384048.905726
1743384048.937740
1743384048.969608
1743384049.000788
1743384049.033275
1743384049.065242
1743384049.097372
1743384049.129519
1743384049.161481
1743384049.193746
1743384049.225741
1743384049.257828
1743384049.289732
1743384049.321453
1743384049.353215
1743384049.385072
1743384049.417133
1743384049.449154
1743384049.481492
1743384049.513294
1743384049.544944
1743384049.577417
1743384049.625329
1743384049.657456
1743384049.688812
1743384049.721391
1743384049.753272
1743384049.785115
1743384049.817216
1743384049.849226
1743384049.881276
1743384049.913383
1743384049.945642
1743384049.977457
1743384050.009332
1743384050.041542
1743384050.073670
1743384050.105641
1743384050.137731
1743384050.169126
1743384050.201251
1743384050.233282
1743384050.265424
1743384050.297142
1743384050.329150
1743384050.361345
1743384050.393353
1743384050.425467
1743384050.457464
1743384050.489468
1743384050.521658
1743384050.553519
1743384050.601287
1743384050.632992
1743384050.649074
1743384050.665027
1743384050.697265
1743384050.729389
1743384050.761662
1743384050.793619
1743384050.825446
1743384050.857688
1743384050.889664
1743384050.921639
1743384050.953517
1743384050.984813
1743384051.001081
1743384051.017221
1743384051.049075
1743384051.081260
1743384051.113172
1743384051.145619
1743384051.177612
1743384051.209692
1743384051.241618
1743384051.273227
1743384051.305346
1743384051.337441
1743384051.369065
1743384051.401029
1743384051.433211
1743384051.465492
1743384051.497357
1743384051.529489
1743384051.577234
1743384051.609468
1743384051.641534
1743384051.673378
1743384051.705343
1743384051.737485
1743384051.769297
1743384051.801011
1743384051.833229
1743384051.865465
1743384051.897459
1743384051.929172
1743384051.961298
1743384051.993438
1743384052.025325
1743384052.057393
1743384052.089404
1743384052.121317
1743384052.153153
1743384052.185085
1743384052.217391
1743384052.248780
1743384052.265237
1743384052.297117
1743384052.329184
1743384052.361841
1743384052.393315
1743384052.425347
1743384052.457640
1743384052.489652
1743384052.521537
1743384052.553403
1743384052.584816
1743384052.616402
1743384052.633351
1743384052.664954
1743384052.697263
1743384052.729223
1743384052.761195
1743384052.793451
1743384052.825525
1743384052.873331
1743384052.905239
1743384052.937342
1743384052.969150
1743384053.000882
1743384053.033039
1743384053.065142
1743384053.097220
1743384053.129425
1743384053.161538
1743384053.193555
1743384053.225326
1743384053.257490
1743384053.289059
1743384053.321162
1743384053.352867
1743384053.368978
1743384053.401130
1743384053.432994
1743384053.449042
1743384053.465160
1743384053.497279
1743384053.529379
1743384053.561319
1743384053.593318
1743384053.625347
1743384053.657360
1743384053.689384
1743384053.721287
1743384053.753248
1743384053.785546
1743384053.817281
1743384053.849269
1743384053.881060
1743384053.913104
1743384053.945033
1743384053.977062
1743384054.009194
1743384054.041558
1743384054.073511
1743384054.105456
1743384054.137635
1743384054.169439
1743384054.200794
1743384054.216994
1743384054.248881
1743384054.281160
1743384054.312971
1743384054.345090
1743384054.377174
1743384054.409477
1743384054.441435
1743384054.473396
1743384054.505315
1743384054.537204
1743384054.568869
1743384054.585170
1743384054.616754
1743384054.649096
1743384054.681017
1743384054.712989
1743384054.745237
1743384054.777535
1743384054.825083
1743384054.857102
1743384054.889262
1743384054.921275
1743384054.953008
1743384054.984880
1743384055.016897
1743384055.049111
1743384055.080972
1743384055.113277
1743384055.145089
1743384055.177002
1743384055.192399
1743384055.208677
1743384055.241472
1743384055.273151
1743384055.305403
1743384055.337421
1743384055.369061
1743384055.400977
1743384055.433125
1743384055.480743
1743384055.512993
1743384055.545171
1743384055.577281
1743384055.609102
1743384055.641334
1743384055.673300
1743384055.705431
1743384055.737261
1743384055.768931
1743384055.801218
1743384055.832767
1743384055.864773
1743384055.896963
1743384055.929024
1743384055.961297
1743384055.993323
1743384056.025270
1743384056.057594
1743384056.089159
1743384056.121206
1743384056.152975
1743384056.184669
1743384056.200801
1743384056.216902
1743384056.249002
1743384056.281005
1743384056.313052
1743384056.344920
1743384056.377461
1743384056.409369
1743384056.456905
1743384056.489077
1743384056.521407
1743384056.553055
1743384056.584840
1743384056.616785
1743384056.648953
1743384056.681164
1743384056.713132
1743384056.745264
1743384056.777430
1743384056.808979
1743384056.841119
1743384056.872900
1743384056.904976
1743384056.937125
1743384056.968876
1743384057.001002
1743384057.032853
1743384057.048875
1743384057.064964
1743384057.097694
1743384057.128881
1743384057.160864
1743384057.193104
1743384057.225167
1743384057.257259
1743384057.289185
1743384057.321364
1743384057.353254
1743384057.384846
1743384057.432544
1743384057.464787
1743384057.496777
1743384057.528933
1743384057.561202
1743384057.593107
1743384057.625392
1743384057.657376
1743384057.689291
1743384057.721141
1743384057.753396
1743384057.784801
1743384057.816650
1743384057.832740
1743384057.848786
1743384057.881157
1743384057.912800
1743384057.945071
1743384057.977003
1743384058.009316
1743384058.041452
1743384058.073291
1743384058.104942
1743384058.137031
1743384058.168873
1743384058.200473
1743384058.217087
1743384058.248943
1743384058.280946
1743384058.312975
1743384058.344071
1743384058.360858
1743384058.408988
1743384058.440729
1743384058.472992
1743384058.504743
1743384058.537207
1743384058.568923
1743384058.600832
1743384058.632988
1743384058.664727
1743384058.680827
1743384058.728941
1743384058.760943
1743384058.793103
1743384058.825057
1743384058.856970
1743384058.888988
1743384058.921139
1743384058.952960
1743384058.984867
1743384059.016658
1743384059.049187
1743384059.080796
1743384059.112806
1743384059.145006
1743384059.177057
1743384059.209126
1743384059.241155
1743384059.273158
1743384059.305209
1743384059.337481
1743384059.384710
1743384059.416532
1743384059.448749
1743384059.480808
1743384059.512718
1743384059.545264
1743384059.577138
1743384059.609115
1743384059.641187
1743384059.673149
1743384059.705239
1743384059.736896
1743384059.768410
1743384059.800636
1743384059.816634
1743384059.848734
1743384059.880706
1743384059.913079
1743384059.945019
1743384059.977236
1743384060.025107
1743384060.057045
1743384060.088924
1743384060.120820
1743384060.152748
1743384060.184657
1743384060.216724
1743384060.248822
1743384060.280987
1743384060.312967
1743384060.360853
1743384060.392981
1743384060.425040
1743384060.456583
1743384060.488614
1743384060.521199
1743384060.553146
1743384060.585116
1743384060.616729
1743384060.648875
1743384060.681199
1743384060.712563
1743384060.745113
1743384060.776958
1743384060.808878
1743384060.840869
1743384060.873164
1743384060.904904
1743384060.937082
1743384060.968748
1743384061.001082
1743384061.032623
1743384061.064891
1743384061.096945
1743384061.128718
1743384061.161295
1743384061.192907
1743384061.225170
1743384061.257163
1743384061.289149
1743384061.336812
1743384061.368255
1743384061.400565
1743384061.432681
1743384061.464879
1743384061.496872
1743384061.528786
1743384061.560932
1743384061.593091
1743384061.625213
1743384061.657255
1743384061.689020
1743384061.720915
1743384061.752528
1743384061.784637
1743384061.816735
1743384061.848528
1743384061.864618
1743384061.880632
1743384061.912945
1743384061.944945
1743384061.977008
1743384062.008795
1743384062.040852
1743384062.072885
1743384062.104990
1743384062.136887
1743384062.168682
1743384062.200655
1743384062.232798
1743384062.264925
1743384062.312613
1743384062.344798
1743384062.376757
1743384062.408692
1743384062.441075
1743384062.473134
1743384062.505095
1743384062.536950
1743384062.568754
1743384062.600761
1743384062.633088
1743384062.664317
1743384062.696797
1743384062.728920
1743384062.760814
1743384062.792807
1743384062.825147
1743384062.857011
1743384062.889095
1743384062.921013
1743384062.952949
1743384062.984460
1743384063.016388
1743384063.048520
1743384063.080664
1743384063.112686
1743384063.144825
1743384063.176939
1743384063.208747
1743384063.240923
1743384063.256556
1743384063.289110
1743384063.320853
1743384063.352262
1743384063.368393
1743384063.384472
1743384063.416532
1743384063.448786
1743384063.480576
1743384063.512822
1743384063.544949
1743384063.577020
1743384063.609022
1743384063.640682
1743384063.673219
1743384063.704774
1743384063.737003
1743384063.768407
1743384063.800510
1743384063.832498
1743384063.848756
1743384063.880677
1743384063.928563
1743384063.960814
1743384063.992977
1743384064.024944
1743384064.057155
1743384064.088768
1743384064.120749
1743384064.152587
1743384064.184608
1743384064.216656
1743384064.264306
1743384064.296667
1743384064.328577
1743384064.360833
1743384064.392730
1743384064.424930
1743384064.456913
1743384064.488992
1743384064.521037
1743384064.553122
1743384064.584808
1743384064.616386
1743384064.632544
1743384064.648555
1743384064.680423
1743384064.712668
1743384064.744880
1743384064.776946
1743384064.808903
1743384064.840767
1743384064.873277
1743384064.905162
1743384064.936572
1743384064.968471
1743384065.000295
1743384065.016572
1743384065.048727
1743384065.080536
1743384065.113206
1743384065.144808
1743384065.176901
1743384065.209070
1743384065.240852
1743384065.272700
1743384065.304486
1743384065.336701
1743384065.368549
1743384065.400479
1743384065.432387
1743384065.464714
1743384065.496879
1743384065.528793
1743384065.561054
1743384065.592824
1743384065.624662
1743384065.656971
1743384065.688965
1743384065.720781
1743384065.752513
1743384065.784505
1743384065.816328
1743384065.832503
1743384065.880241
1743384065.912759
1743384065.944582
1743384065.976636
1743384066.008530
1743384066.040714
1743384066.072725
1743384066.104995
1743384066.136984
1743384066.168483
1743384066.216342
1743384066.248556
1743384066.280433
1743384066.312541
1743384066.344493
1743384066.376976
1743384066.408840
1743384066.440831
1743384066.473150
1743384066.504935
1743384066.536863
1743384066.568207
1743384066.600248
1743384066.632367
1743384066.664466
1743384066.696502
1743384066.728624
1743384066.761015
1743384066.792926
1743384066.824870
1743384066.857063
1743384066.888734
1743384066.920579
1743384066.952301
1743384066.984399
1743384067.016248
1743384067.032533
1743384067.048638
1743384067.080538
1743384067.112635
1743384067.144708
1743384067.192633
1743384067.224695
1743384067.256695
1743384067.288678
1743384067.320571
1743384067.352813
1743384067.384298
1743384067.400371
1743384067.416585
1743384067.448601
1743384067.480634
1743384067.512825
1743384067.544481
1743384067.576772
1743384067.608874
1743384067.640695
1743384067.672624
1743384067.704906
1743384067.736872
1743384067.768586
1743384067.800385
1743384067.832790
1743384067.864391
1743384067.896407
1743384067.928526
1743384067.960588
1743384067.992654
1743384068.024623
1743384068.056919
1743384068.088837
1743384068.121351
1743384068.168645
1743384068.200228
1743384068.232404
1743384068.264360
1743384068.296528
1743384068.328699
1743384068.360809
1743384068.392197
1743384068.424880
1743384068.456970
1743384068.488904
1743384068.520640
1743384068.552570
1743384068.584441
1743384068.616075
1743384068.648328
1743384068.680318
1743384068.712521
1743384068.744724
1743384068.776984
1743384068.808829
1743384068.840644
1743384068.872487
1743384068.904580
1743384068.936811
1743384068.968390
1743384069.000270
1743384069.016342
1743384069.048543
1743384069.080363
1743384069.112680
1743384069.144643
1743384069.176397
1743384069.208460
1743384069.240715
1743384069.272461
1743384069.304608
1743384069.336659
1743384069.368317
1743384069.384575
1743384069.416670
1743384069.464012
1743384069.496311
1743384069.528455
1743384069.560478
1743384069.592640
1743384069.624661
1743384069.656608
1743384069.688572
1743384069.720604
1743384069.752673
1743384069.784779
1743384069.816202
1743384069.848193
1743384069.880495
1743384069.912267
1743384069.944330
1743384069.976497
1743384070.008614
1743384070.040705
1743384070.073091
1743384070.120316
1743384070.152339
1743384070.184208
1743384070.216115
1743384070.248280
1743384070.280070
1743384070.312400
1743384070.344613
1743384070.376744
1743384070.408809
1743384070.440915
1743384070.472601
1743384070.504486
1743384070.536586
1743384070.568024
1743384070.600309
1743384070.632319
1743384070.664297
1743384070.696499
1743384070.728576
1743384070.760828
1743384070.792477
1743384070.824372
1743384070.856772
1743384070.888856
1743384070.920462
1743384070.952258
1743384070.984300
1743384071.016425
1743384071.048521
1743384071.096030
1743384071.128214
1743384071.160561
1743384071.192631
1743384071.224530
1743384071.256712
1743384071.288612
1743384071.320732
1743384071.352762
1743384071.384344
1743384071.416709
1743384071.447991
1743384071.464191
1743384071.496214
1743384071.528587
1743384071.560428
1743384071.592510
1743384071.624451
1743384071.656765
1743384071.688681
1743384071.736535
1743384071.768045
1743384071.800335
1743384071.832145
1743384071.864267
1743384071.896281
1743384071.928456
1743384071.960689
1743384071.992792
1743384072.024561
1743384072.072339
1743384072.104521
1743384072.136397
1743384072.168052
1743384072.199945
1743384072.216288
1743384072.232141
1743384072.264252
1743384072.296488
1743384072.328498
1743384072.360802
1743384072.392651
1743384072.424224
1743384072.456373
1743384072.488433
1743384072.520396
1743384072.551965
1743384072.568065
1743384072.584223
1743384072.616306
1743384072.648379
1743384072.680370
1743384072.712605
1743384072.744585
1743384072.776410
1743384072.808242
1743384072.840503
1743384072.872412
1743384072.904360
1743384072.936444
1743384072.968195
1743384073.000265
1743384073.048017
1743384073.080244
1743384073.112126
1743384073.144316
1743384073.176546
1743384073.208308
1743384073.240645
1743384073.272595
1743384073.304737
1743384073.336521
1743384073.368271
1743384073.399903
1743384073.431887
1743384073.448165
1743384073.480072
1743384073.512085
1743384073.544130
1743384073.576233
1743384073.608589
1743384073.640691
1743384073.688261
1743384073.720124
1743384073.752173
1743384073.783981
1743384073.816196
1743384073.848166
1743384073.880344
1743384073.912332
1743384073.944521
1743384073.976575
1743384074.024611
1743384074.056691
1743384074.088464
1743384074.120430
1743384074.152496
1743384074.184106
1743384074.216164
1743384074.248177
1743384074.280215
1743384074.312448
1743384074.344593
1743384074.376017
1743384074.408224
1743384074.440242
1743384074.472227
1743384074.504548
1743384074.536304
1743384074.568141
1743384074.600293
1743384074.632213
1743384074.664520
1743384074.696169
1743384074.727916
1743384074.759480
1743384074.775769
1743384074.809020
1743384074.840401
1743384074.871689
1743384074.887887
1743384074.920664
1743384074.952452
1743384074.999624
1743384075.031892
1743384075.063944
1743384075.096171
1743384075.128120
1743384075.160387
1743384075.192304
1743384075.224390
1743384075.256612
1743384075.288483
1743384075.320458
1743384075.351812
1743384075.383744
1743384075.400044
1743384075.431946
1743384075.463990
1743384075.496170
1743384075.528241
1743384075.560633
1743384075.592364
1743384075.640109
1743384075.672309
1743384075.704247
1743384075.736129
1743384075.767953
1743384075.799762
1743384075.831884
1743384075.864038
1743384075.896366
1743384075.928440
1743384075.976186
1743384076.008120
1743384076.040331
1743384076.072306
1743384076.104405
1743384076.136221
1743384076.168306
1743384076.200309
1743384076.232099
1743384076.264365
1743384076.296660
1743384076.328015
1743384076.360573
1743384076.391680
1743384076.424327
1743384076.456378
1743384076.488208
1743384076.520368
1743384076.552353
1743384076.584005
1743384076.616335
1743384076.647691
1743384076.680018
1743384076.712093
1743384076.744424
1743384076.776334
1743384076.808128
1743384076.840467
1743384076.872588
1743384076.904479
1743384076.952100
1743384076.983713
1743384077.015570
1743384077.031839
1743384077.064149
1743384077.096137
1743384077.128205
1743384077.160306
1743384077.192456
1743384077.224468
1743384077.272108
1743384077.304017
1743384077.336170
1743384077.351635
1743384077.384036
1743384077.415955
1743384077.447882
1743384077.463897
1743384077.496264
1743384077.528254
1743384077.560482
1743384077.592516
1743384077.624286
1743384077.656247
1743384077.688156
1743384077.720342
1743384077.752113
1743384077.784411
1743384077.816112
1743384077.847965
1743384077.863991
1743384077.880143
1743384077.927862
1743384077.960149
1743384077.992139
1743384078.024207
1743384078.056305
1743384078.088139
1743384078.120278
1743384078.152259
1743384078.184097
1743384078.215925
1743384078.248312
1743384078.280010
1743384078.311965
1743384078.344240
1743384078.376101
1743384078.408043
1743384078.440108
1743384078.472214
1743384078.504254
1743384078.536316
1743384078.568356
1743384078.599691
1743384078.631760
1743384078.663851
1743384078.696062
1743384078.727960
1743384078.760223
1743384078.792150
1743384078.824411
1743384078.856898
1743384078.904116
1743384078.936177
1743384078.967663
1743384078.999901
1743384079.031667
1743384079.047877
1743384079.079882
1743384079.112365
1743384079.144103
1743384079.176222
1743384079.208505
1743384079.240379
1743384079.272236
1743384079.304166
1743384079.336300
1743384079.367881
1743384079.399777
1743384079.431661
1743384079.463914
1743384079.496141
1743384079.543686
1743384079.576071
1743384079.608016
1743384079.640029
1743384079.672261
1743384079.704201
1743384079.736097
1743384079.767916
1743384079.799828
1743384079.816132
1743384079.848117
1743384079.880409
1743384079.912103
1743384079.943994
1743384079.975988
1743384080.008281
1743384080.040245
1743384080.072190
1743384080.104327
1743384080.136331
1743384080.167999
1743384080.200181
1743384080.231568
1743384080.263767
1743384080.295916
1743384080.328092
1743384080.360016
1743384080.392010
1743384080.424384
1743384080.456185
1743384080.488413
1743384080.520111
1743384080.551540
1743384080.583887
1743384080.615390
1743384080.631573
1743384080.647620
1743384080.663709
1743384080.695891
1743384080.728101
1743384080.760281
1743384080.792281
1743384080.824211
1743384080.856548
1743384080.887908
1743384080.919981
1743384080.952008
1743384080.983771
1743384081.015675
1743384081.047746
1743384081.079888
1743384081.112439
1743384081.144187
1743384081.176162
1743384081.208217
1743384081.239919
1743384081.272077
1743384081.304138
1743384081.336092
1743384081.367728
1743384081.383702
1743384081.399827
1743384081.431823
1743384081.464070
1743384081.511655
1743384081.543964
1743384081.575921
1743384081.607953
1743384081.639953
1743384081.671931
1743384081.704227
1743384081.736237
1743384081.767808
1743384081.799647
1743384081.832163
1743384081.863600
1743384081.895937
1743384081.927936
1743384081.959922
1743384081.992168
1743384082.023749
1743384082.056059
1743384082.088253
1743384082.120383
1743384082.168147
1743384082.199470
1743384082.231480
1743384082.264034
1743384082.295980
1743384082.328010
1743384082.360211
1743384082.391921
1743384082.424055
1743384082.471838
1743384082.503896
1743384082.535806
1743384082.567641
1743384082.599728
1743384082.631769
1743384082.663809
1743384082.695971
1743384082.728097
1743384082.760430
1743384082.807627
1743384082.839793
1743384082.872218
1743384082.904094
1743384082.936037
1743384082.967698
1743384082.999625
1743384083.031820
1743384083.064163
1743384083.095971
1743384083.143645
1743384083.176117
1743384083.207846
1743384083.240096
1743384083.272316
1743384083.304096
1743384083.336143
1743384083.367686
1743384083.399761
1743384083.415673
1743384083.448212
1743384083.479712
1743384083.511767
1743384083.543758
1743384083.576199
1743384083.607968
1743384083.639828
1743384083.672061
1743384083.703990
1743384083.736194
1743384083.783626
1743384083.815327
1743384083.847596
1743384083.879606
1743384083.911699
1743384083.943934
1743384083.976155
1743384084.008033
1743384084.040160
1743384084.072478
1743384084.120110
1743384084.151721
1743384084.183608
1743384084.215736
1743384084.247590
1743384084.263738
1743384084.279875
1743384084.311962
1743384084.343437
1743384084.376051
1743384084.408113
1743384084.440207
1743384084.471633
1743384084.503915
1743384084.535920
1743384084.567648
1743384084.599593
1743384084.631664
1743384084.663790
1743384084.695891
1743384084.727947
1743384084.760133
1743384084.791937
1743384084.823790
1743384084.855746
1743384084.888041
1743384084.920015
1743384084.951887
1743384084.983699
1743384085.015858
1743384085.047696
1743384085.063839
1743384085.096121
1743384085.127718
1743384085.160049
1743384085.191770
1743384085.223927
1743384085.256004
1743384085.287983
1743384085.319901
1743384085.351715
1743384085.399303
1743384085.431239
1743384085.447495
1743384085.463608
1743384085.495577
1743384085.527980
1743384085.559983
1743384085.592119
1743384085.623923
1743384085.655913
1743384085.688040
1743384085.735727
1743384085.767530
1743384085.799285
1743384085.831593
1743384085.863840
1743384085.895799
1743384085.927767
1743384085.959830
1743384085.991965
1743384086.024099
1743384086.071811
1743384086.103822
1743384086.135960
1743384086.167648
1743384086.199518
1743384086.215698
1743384086.247584
1743384086.263637
1743384086.296036
1743384086.328040
1743384086.375657
1743384086.407872
1743384086.439688
1743384086.471935
1743384086.503786
1743384086.536083
1743384086.567576
1743384086.599537
1743384086.615727
1743384086.647601
1743384086.679576
1743384086.711935
1743384086.743771
1743384086.775695
1743384086.807633
1743384086.839825
1743384086.871980
1743384086.903755
1743384086.935931
1743384086.967644
1743384086.999656
1743384087.047242
1743384087.079717
1743384087.111587
1743384087.143623
1743384087.175942
1743384087.208009
1743384087.239561
1743384087.271618
1743384087.304128
1743384087.351758
1743384087.383101
1743384087.415360
1743384087.447422
1743384087.463238
1743384087.479467
1743384087.511767
1743384087.543649
1743384087.575837
1743384087.607792
1743384087.640078
1743384087.687558
1743384087.719538
1743384087.751350
1743384087.783319
1743384087.815643
1743384087.847389
1743384087.863453
1743384087.879431
1743384087.911797
1743384087.943798
1743384087.976056
1743384088.023540
1743384088.055687
1743384088.087871
1743384088.119898
1743384088.151919
1743384088.183349
1743384088.215615
1743384088.247438
1743384088.279668
1743384088.311820
1743384088.343932
1743384088.375435
1743384088.407784
1743384088.439453
1743384088.471666
1743384088.503606
1743384088.535801
1743384088.567640
1743384088.599588
1743384088.615600
1743384088.631671
1743384088.663852
1743384088.695452
1743384088.727740
1743384088.759686
1743384088.791487
1743384088.823753
1743384088.855648
1743384088.887818
1743384088.919896
1743384088.951750
1743384088.999324
1743384089.031173
1743384089.063506
1743384089.095568
1743384089.127759
1743384089.159676
1743384089.192076
1743384089.223718
1743384089.255824
1743384089.303495
1743384089.335778
1743384089.367352
1743384089.399080
1743384089.415454
1743384089.447587
1743384089.463228
1743384089.479336
1743384089.495284
1743384089.527539
1743384089.559655
1743384089.591951
1743384089.639398
1743384089.671463
1743384089.703490
1743384089.735572
1743384089.767407
1743384089.799448
1743384089.831648
1743384089.863454
1743384089.895757
1743384089.927892
1743384089.975489
1743384090.007479
1743384090.039548
1743384090.071990
1743384090.103649
1743384090.135904
1743384090.167404
1743384090.199329
1743384090.231361
1743384090.247372
1743384090.263541
1743384090.296093
1743384090.327496
1743384090.359697
1743384090.391546
1743384090.423594
1743384090.455668
1743384090.487714
1743384090.519762
1743384090.551721
1743384090.583877
1743384090.615771
1743384090.647141
1743384090.679273
1743384090.711408
1743384090.743347
1743384090.775690
1743384090.807666
1743384090.839718
1743384090.872093
1743384090.903784
1743384090.951572
1743384090.983278
1743384091.015285
1743384091.047365
1743384091.079447
1743384091.111558
1743384091.143729
1743384091.175729
1743384091.207616
1743384091.239697
1743384091.271866
1743384091.303624
1743384091.335726
1743384091.367284
1743384091.399365
1743384091.431232
1743384091.463323
1743384091.479108
1743384091.495383
1743384091.527655
1743384091.559713
1743384091.591839
1743384091.623633
1743384091.655324
1743384091.687566
1743384091.719550
1743384091.751224
1743384091.783333
1743384091.815345
1743384091.847515
1743384091.879509
1743384091.927342
1743384091.959623
1743384091.991482
1743384092.023807
1743384092.055361
1743384092.087523
1743384092.119780
1743384092.151880
1743384092.183515
1743384092.215308
1743384092.247026
1743384092.263451
1743384092.295308
1743384092.327368
1743384092.359470
1743384092.391509
1743384092.423888
1743384092.455660
1743384092.487516
1743384092.519645
1743384092.567754
1743384092.599119
1743384092.631223
1743384092.663469
1743384092.695470
1743384092.727209
1743384092.759595
1743384092.791727
1743384092.823792
1743384092.855893
1743384092.903473
1743384092.935629
1743384092.967182
1743384092.999030
1743384093.015275
1743384093.047235
1743384093.079500
1743384093.111507
1743384093.143826
1743384093.175904
1743384093.223505
1743384093.255397
1743384093.287546
1743384093.319549
1743384093.351702
1743384093.383182
1743384093.415210
1743384093.447226
1743384093.479367
1743384093.494909
1743384093.511250
1743384093.543724
1743384093.575242
1743384093.607354
1743384093.639350
1743384093.671756
1743384093.703497
1743384093.735506
1743384093.767182
1743384093.799381
1743384093.831330
1743384093.847425
1743384093.879667
1743384093.911162
1743384093.943437
1743384093.975406
1743384094.007345
1743384094.039549
1743384094.071773
1743384094.103582
1743384094.135513
1743384094.167250
1743384094.199726
1743384094.230904
1743384094.247109
1743384094.279167
1743384094.311187
1743384094.343423
1743384094.375722
1743384094.407799
1743384094.439699
1743384094.471853
1743384094.519121
1743384094.551137
1743384094.582976
1743384094.598850
1743384094.614969
1743384094.647242
1743384094.679343
1743384094.711358
1743384094.743465
1743384094.775693
1743384094.807983
1743384094.855486
1743384094.887260
1743384094.919474
1743384094.951467
1743384094.983162
1743384095.015163
1743384095.047212
1743384095.079233
1743384095.111416
1743384095.143443
1743384095.175479
1743384095.207223
1743384095.239653
1743384095.271474
1743384095.303717
1743384095.335413
1743384095.367191
1743384095.399038
1743384095.431228
1743384095.463381
1743384095.495524
1743384095.527383
1743384095.559320
1743384095.591446
1743384095.623289
1743384095.655693
1743384095.687289
1743384095.719503
1743384095.751697
1743384095.783384
1743384095.831057
1743384095.863057
1743384095.895121
1743384095.927245
1743384095.959362
1743384095.991427
1743384096.023452
1743384096.055286
1743384096.087553
1743384096.119694
1743384096.151541
1743384096.183033
1743384096.215074
1743384096.247191
1743384096.279219
1743384096.311256
1743384096.343438
1743384096.375660
1743384096.407414
1743384096.439687
1743384096.471474
1743384096.503439
1743384096.535226
1743384096.567176
1743384096.599200
1743384096.631034
1743384096.663097
1743384096.695339
1743384096.727722
1743384096.759552
1743384096.807149
1743384096.839187
1743384096.871761
1743384096.903482
1743384096.935508
1743384096.967125
1743384096.999236
1743384097.031242
1743384097.063118
1743384097.095497
1743384097.127728
1743384097.159390
1743384097.191434
1743384097.223293
1743384097.255490
1743384097.287267
1743384097.319351
1743384097.351026
1743384097.383176
1743384097.415122
1743384097.447424
1743384097.479029
1743384097.511132
1743384097.543328
1743384097.575309
1743384097.607376
1743384097.639261
1743384097.671705
1743384097.703518
1743384097.735430
1743384097.782694
1743384097.814942
1743384097.847004
1743384097.878994
1743384097.911537
1743384097.943340
1743384097.975445
1743384098.007474
1743384098.039534
1743384098.071705
1743384098.103566
1743384098.135283
1743384098.167005
1743384098.199044
1743384098.215186
1743384098.231163
1743384098.263153
1743384098.295216
1743384098.327552
1743384098.359609
1743384098.391631
1743384098.423394
1743384098.455375
1743384098.487365
1743384098.519158
1743384098.550978
1743384098.582911
1743384098.599036
1743384098.631074
1743384098.663124
1743384098.695347
1743384098.727326
1743384098.759676
1743384098.791379
1743384098.823392
1743384098.855054
1743384098.887288
1743384098.919253
1743384098.950872
1743384098.982986
1743384099.015155
1743384099.047052
1743384099.079325
1743384099.110963
1743384099.143131
1743384099.175633
1743384099.207131
1743384099.239300
1743384099.271496
1743384099.303541
1743384099.335537
1743384099.367222
1743384099.399401
1743384099.430722
1743384099.446874
1743384099.462902
1743384099.495231
1743384099.527169
1743384099.559509
1743384099.591161
1743384099.623215
1743384099.655536
1743384099.687506
1743384099.735019
1743384099.766798
1743384099.798677
1743384099.814891
1743384099.846998
1743384099.878909
1743384099.911124
1743384099.943148
1743384099.975383
1743384100.007570
1743384100.055106
1743384100.087133
1743384100.118997
1743384100.151151
1743384100.182316
1743384100.199066
1743384100.215024
1743384100.231203
1743384100.262776
1743384100.295109
1743384100.327574
1743384100.375050
1743384100.407303
1743384100.439264
1743384100.471302
1743384100.503267
1743384100.535326
1743384100.567076
1743384100.598929
1743384100.615110
1743384100.646915
1743384100.679171
1743384100.711221
1743384100.743208
1743384100.775093
1743384100.807237
1743384100.839196
1743384100.871213
1743384100.903365
1743384100.935382
1743384100.967306
1743384100.998953
1743384101.031315
1743384101.062595
1743384101.094860
1743384101.127097
1743384101.159287
1743384101.191046
1743384101.223284
1743384101.255388
1743384101.287282
1743384101.319583
1743384101.351571
1743384101.382906
1743384101.414539
1743384101.446602
1743384101.462671
1743384101.494905
1743384101.527183
1743384101.559476
1743384101.591248
1743384101.623168
1743384101.655275
1743384101.687439
1743384101.719113
1743384101.750847
1743384101.782753
1743384101.814833
1743384101.846904
1743384101.878976
1743384101.911063
1743384101.943369
1743384101.975316
1743384102.007487
1743384102.039209
1743384102.071176
1743384102.103310
1743384102.135119
1743384102.166829
1743384102.198856
1743384102.230856
1743384102.262916
1743384102.295095
1743384102.327365
1743384102.359178
1743384102.391035
1743384102.423003
1743384102.454994
1743384102.487206
1743384102.519018
1743384102.550764
1743384102.583128
1743384102.614926
1743384102.662610
1743384102.694911
1743384102.726885
1743384102.759191
1743384102.790909
1743384102.823119
1743384102.855120
1743384102.887115
1743384102.919260
1743384102.951100
1743384102.983195
1743384103.014747
1743384103.030768
1743384103.046762
1743384103.078697
1743384103.110826
1743384103.143008
1743384103.175052
1743384103.207248
1743384103.239409
1743384103.271319
1743384103.303329
1743384103.335166
1743384103.366568
1743384103.382736
1743384103.414679
1743384103.446952
1743384103.478915
1743384103.510793
1743384103.543083
1743384103.575333
1743384103.607263
1743384103.639175
1743384103.670917
1743384103.703037
1743384103.735023
1743384103.766726
1743384103.798684
1743384103.830725
1743384103.863086
1743384103.895344
1743384103.927340
1743384103.959276
1743384103.991034
1743384104.022916
1743384104.055017
1743384104.086977
1743384104.119017
1743384104.150749
1743384104.182643
1743384104.214845
1743384104.230925
1743384104.278884
1743384104.310856
1743384104.342880
1743384104.375059
1743384104.406956
1743384104.438967
1743384104.471049
1743384104.503093
1743384104.535054
1743384104.566894
1743384104.614486
1743384104.646623
1743384104.678668
1743384104.710810
1743384104.742763
1743384104.775002
1743384104.807121
1743384104.839197
1743384104.871181
1743384104.903267
1743384104.935092
1743384104.966695
1743384104.998639
1743384105.029194
1743384105.046501
1743384105.078269
1743384105.110744
1743384105.142958
1743384105.174989
1743384105.207053
1743384105.254822
1743384105.287157
1743384105.318817
1743384105.350539
1743384105.382637
1743384105.414717
1743384105.430780
1743384105.462794
1743384105.494920
1743384105.527078
1743384105.559080
1743384105.591387
1743384105.622904
1743384105.654893
1743384105.686763
1743384105.719135
1743384105.750993
1743384105.782704
1743384105.814559
1743384105.830878
1743384105.862802
1743384105.910807
1743384105.942696
1743384105.974711
1743384106.006918
1743384106.039186
1743384106.070626
1743384106.103079
1743384106.135398
1743384106.166749
1743384106.198881
1743384106.231064
1743384106.262516
1743384106.294752
1743384106.326766
1743384106.358981
1743384106.390944
1743384106.423157
1743384106.455113
1743384106.487254
1743384106.519310
1743384106.566860
1743384106.598414
1743384106.630343
1743384106.662469
1743384106.678488
1743384106.694768
1743384106.726968
1743384106.758943
1743384106.791134
1743384106.823117
1743384106.855080
1743384106.887021
1743384106.919154
1743384106.950778
1743384106.982478
1743384107.014632
1743384107.046669
1743384107.078633
1743384107.110953
1743384107.142975
1743384107.175213
1743384107.207030
1743384107.239005
1743384107.271039
1743384107.303131
1743384107.334817
1743384107.366419
1743384107.398536
1743384107.430545
1743384107.446682
1743384107.462673
1743384107.478877
1743384107.511105
1743384107.542820
1743384107.574865
1743384107.606645
1743384107.639054
1743384107.670808
1743384107.702974
1743384107.734912
1743384107.766650
1743384107.798637
1743384107.830847
1743384107.863358
1743384107.894779
1743384107.926599
1743384107.958898
1743384107.990819
1743384108.022363
1743384108.054751
1743384108.087313
1743384108.119214
1743384108.151214
1743384108.182907
1743384108.214390
1743384108.246378
1743384108.278607
1743384108.310422
1743384108.342519
1743384108.374947
1743384108.406736
1743384108.439084
1743384108.471067
1743384108.518791
1743384108.550667
1743384108.582410
1743384108.614408
1743384108.646524
1743384108.678707
1743384108.710492
1743384108.742817
1743384108.774943
1743384108.807069
1743384108.839240
1743384108.870481
1743384108.902629
1743384108.934814
1743384108.966462
1743384108.998674
1743384109.030395
1743384109.062634
1743384109.094843
1743384109.126905
1743384109.159032
1743384109.190802
1743384109.222908
1743384109.254914
1743384109.286914
1743384109.318868
1743384109.351156
1743384109.382449
1743384109.398493
1743384109.430546
1743384109.462584
1743384109.495027
1743384109.526589
1743384109.558667
1743384109.590790
1743384109.622904
1743384109.654931
1743384109.686992
1743384109.718868
1743384109.751129
1743384109.782541
1743384109.814657
1743384109.846249
1743384109.862263
1743384109.878407
1743384109.910494
1743384109.942791
1743384109.974868
1743384110.006799
1743384110.038840
1743384110.071167
1743384110.103270
1743384110.134802
1743384110.166478
1743384110.198248
1743384110.230223
1743384110.246454
1743384110.262405
1743384110.294681
1743384110.326690
1743384110.358956
1743384110.390845
1743384110.422969
1743384110.470580
1743384110.502721
1743384110.534525
1743384110.566452
1743384110.598734
1743384110.630350
1743384110.646522
1743384110.678675
1743384110.710659
1743384110.742819
1743384110.790618
1743384110.822777
1743384110.854679
1743384110.886830
1743384110.918810
1743384110.950822
1743384110.982602
1743384111.014273
1743384111.030580
1743384111.062579
1743384111.110213
1743384111.142544
1743384111.174793
1743384111.206468
1743384111.238669
1743384111.270523
1743384111.302875
1743384111.334835
1743384111.366576
1743384111.398572
1743384111.414770
1743384111.446778
1743384111.478479
1743384111.510608
1743384111.542587
1743384111.574653
1743384111.606600
1743384111.638713
1743384111.670692
1743384111.702908
1743384111.735189
1743384111.766795
1743384111.798365
1743384111.830339
1743384111.862338
1743384111.878293
1743384111.894379
1743384111.926769
1743384111.958816
1743384111.990797
1743384112.022747
1743384112.054869
1743384112.087004
1743384112.118484
1743384112.150453
1743384112.182298
1743384112.214476
1743384112.246309
1743384112.278429
1743384112.310634
1743384112.342663
1743384112.374916
1743384112.422608
1743384112.454729
1743384112.486705
1743384112.518686
1743384112.550521
1743384112.582239
1743384112.614303
1743384112.630318
1743384112.646311
1743384112.678641
1743384112.710627
1743384112.742768
1743384112.774861
1743384112.806709
1743384112.838493
1743384112.870830
1743384112.902709
1743384112.934862
1743384112.966445
1743384112.998249
1743384113.014479
1743384113.062116
1743384113.094563
1743384113.126421
1743384113.158435
1743384113.190529
1743384113.222668
1743384113.254551
1743384113.286586
1743384113.318737
1743384113.350579
1743384113.398362
1743384113.430358
1743384113.462277
1743384113.494403
1743384113.526551
1743384113.558579
1743384113.590474
1743384113.622809
1743384113.654679
1743384113.686899
1743384113.718748
1743384113.750434
1743384113.782142
1743384113.814142
1743384113.846468
1743384113.878410
1743384113.910358
1743384113.942489
1743384113.974737
1743384114.006658
1743384114.038937
1743384114.070714
1743384114.101947
1743384114.118134
1743384114.134211
1743384114.150193
1743384114.181983
1743384114.198109
1743384114.214463
1743384114.230493
1743384114.262272
1743384114.278390
1743384114.294540
1743384114.326603
1743384114.374564
1743384114.406652
1743384114.438386
1743384114.470712
1743384114.502728
1743384114.534538
1743384114.566319
1743384114.598298
1743384114.630501
1743384114.662374
1743384114.695061
1743384114.726495
1743384114.758527
1743384114.790416
1743384114.822540
1743384114.854580
1743384114.886666
1743384114.918794
1743384114.950597
1743384114.982474
1743384115.014750
1743384115.046125
1743384115.078300
1743384115.110537
1743384115.142825
1743384115.174610
1743384115.206670
1743384115.238648
1743384115.270618
1743384115.302755
1743384115.350222
1743384115.382089
1743384115.414268
1743384115.446210
1743384115.478232
1743384115.510394
1743384115.542546
1743384115.574620
1743384115.606757
1743384115.638787
1743384115.670792
1743384115.702472
1743384115.734320
1743384115.766079
1743384115.798351
1743384115.829741
1743384115.846438
1743384115.878197
1743384115.910432
1743384115.942752
1743384115.990306
1743384116.022402
1743384116.054672
1743384116.086605
1743384116.118491
1743384116.150711
1743384116.182059
1743384116.198264
1743384116.230614
1743384116.262266
1743384116.278351
1743384116.294385
1743384116.326740
1743384116.358585
1743384116.390483
1743384116.422378
1743384116.454740
1743384116.486559
1743384116.518346
1743384116.550562
1743384116.582177
1743384116.614096
1743384116.646512
1743384116.678233
1743384116.710300
1743384116.742290
1743384116.774387
1743384116.806541
1743384116.838449
1743384116.870497
1743384116.902568
1743384116.934529
1743384116.966723
1743384116.997925
1743384117.014170
1743384117.030131
1743384117.062178
1743384117.094225
1743384117.126122
1743384117.158538
1743384117.190430
1743384117.222845
1743384117.254555
1743384117.302182
1743384117.334239
1743384117.365990
1743384117.398359
1743384117.430018
1743384117.462157
1743384117.494263
1743384117.526484
1743384117.558580
1743384117.590649
1743384117.622791
1743384117.654403
1743384117.686603
1743384117.718549
1743384117.750481
1743384117.781937
1743384117.798156
1743384117.830294
1743384117.862164
1743384117.894547
1743384117.942221
1743384117.974257
1743384118.006353
1743384118.038428
1743384118.070740
1743384118.102590
1743384118.134639
1743384118.166079
1743384118.198170
1743384118.230257
1743384118.277966
1743384118.310130
1743384118.342314
1743384118.374471
1743384118.406381
1743384118.438258
1743384118.470103
1743384118.502403
1743384118.534690
1743384118.566249
1743384118.598471
1743384118.630022
1743384118.661931
1743384118.678011
1743384118.710185
1743384118.742337
1743384118.774372
1743384118.806437
1743384118.838562
1743384118.870413
1743384118.918454
1743384118.950442
1743384118.982065
1743384119.014041
1743384119.045853
1743384119.077995
1743384119.094127
1743384119.126297
1743384119.158596
1743384119.190614
1743384119.222597
1743384119.254775
1743384119.286379
1743384119.318567
1743384119.350274
1743384119.382159
1743384119.413875
1743384119.430094
1743384119.462163
1743384119.494284
1743384119.526324
1743384119.574239
1743384119.606363
1743384119.638108
1743384119.670252
1743384119.702222
1743384119.734592
1743384119.765974
1743384119.798044
1743384119.814247
1743384119.846087
1743384119.893808
1743384119.926234
1743384119.958345
1743384119.990298
1743384120.022474
1743384120.054351
1743384120.086488
1743384120.118441
1743384120.150323
1743384120.182000
1743384120.198343
1743384120.230396
1743384120.261907
1743384120.293988
1743384120.325739
1743384120.357140
1743384120.374018
1743384120.390083
1743384120.422236
1743384120.454562
1743384120.486400
1743384120.518702
1743384120.550142
1743384120.582130
1743384120.613966
1743384120.645923
1743384120.662134
1743384120.694086
1743384120.726358
1743384120.758700
1743384120.790348
1743384120.822530
1743384120.870106
1743384120.902270
1743384120.934126
1743384120.965900
1743384120.997827
1743384121.029897
1743384121.045936
1743384121.062049
1743384121.078338
1743384121.110174
1743384121.142359
1743384121.174629
1743384121.206393
1743384121.238414
1743384121.270290
1743384121.302042
1743384121.334277
1743384121.366054
1743384121.398027
1743384121.429988
1743384121.462113
1743384121.494373
1743384121.526475
1743384121.558233
1743384121.590179
1743384121.622467
1743384121.654315
1743384121.686509
1743384121.718250
1743384121.750406
1743384121.782089
1743384121.814063
1743384121.846261
1743384121.877931
1743384121.909988
1743384121.942049
1743384121.974447
1743384122.006132
1743384122.038307
1743384122.070220
1743384122.102568
1743384122.134565
1743384122.181803
1743384122.213731
1743384122.245740
1743384122.277974
1743384122.310040
1743384122.342139
1743384122.374391
1743384122.406207
1743384122.438301
1743384122.470453
1743384122.502387
1743384122.534208
1743384122.565947
1743384122.597807
1743384122.629689
1743384122.661798
1743384122.677915
1743384122.693863
1743384122.726046
1743384122.758514
1743384122.790474
1743384122.822539
1743384122.854109
1743384122.886211
1743384122.918204
1743384122.950145
1743384122.981815
1743384123.013728
1743384123.029818
1743384123.045805
1743384123.077894
1743384123.110349
1743384123.158081
1743384123.190176
1743384123.222255
1743384123.254159
1743384123.286255
1743384123.318304
1743384123.348939
1743384123.365831
1743384123.381992
1743384123.398314
1743384123.430237
1743384123.477652
1743384123.509901
1743384123.542028
1743384123.574133
1743384123.605595
1743384123.638345
1743384123.670304
1743384123.702379
1743384123.734232
1743384123.766392
1743384123.798382
1743384123.829835
1743384123.861687
1743384123.894150
1743384123.926010
1743384123.958143
1743384123.990272
1743384124.022288
1743384124.054356
1743384124.086529
1743384124.133987
1743384124.165719
1743384124.198007
1743384124.229648
1743384124.261701
1743384124.294000
1743384124.326392
1743384124.358621
1743384124.390416
1743384124.422358
1743384124.454404
1743384124.486175
1743384124.518059
1743384124.550012
1743384124.581654
1743384124.613680
1743384124.645821
1743384124.677809
1743384124.710342
1743384124.742299
1743384124.774329
1743384124.806127
1743384124.838072
1743384124.870166
1743384124.902315
1743384124.934159
1743384124.965745
1743384124.981879
1743384124.998020
1743384125.030086
1743384125.061895
1743384125.078095
1743384125.110131
1743384125.141843
1743384125.174229
1743384125.205951
1743384125.238117
1743384125.270355
1743384125.302268
1743384125.334339
1743384125.365912
1743384125.397991
1743384125.430137
1743384125.461522
1743384125.493946
1743384125.525944
1743384125.558080
1743384125.590311
1743384125.622260
1743384125.654375
1743384125.686169
1743384125.718195
1743384125.750292
1743384125.781495
1743384125.813743
1743384125.845733
1743384125.877701
1743384125.909984
1743384125.941968
1743384125.974179
1743384126.006325
1743384126.038349
1743384126.085966
1743384126.118065
1743384126.150082
1743384126.181758
1743384126.213952
1743384126.245686
1743384126.277804
1743384126.310110
1743384126.342165
1743384126.374273
1743384126.406062
1743384126.438118
1743384126.470209
1743384126.501917
1743384126.533958
1743384126.565594
1743384126.597750
1743384126.629962
1743384126.661880
1743384126.694097
1743384126.726256
1743384126.757909
1743384126.789906
1743384126.821911
1743384126.854248
1743384126.886062
1743384126.918262
1743384126.950165
1743384126.981586
1743384126.997731
1743384127.013846
1743384127.061863
1743384127.094000
1743384127.125762
1743384127.158132
1743384127.189842
1743384127.221863
1743384127.254171
1743384127.286147
1743384127.318513
1743384127.350216
1743384127.382206
1743384127.413452
1743384127.445810
1743384127.477593
1743384127.509811
1743384127.541906
1743384127.574104
1743384127.606220
1743384127.638066
1743384127.669994
1743384127.702373
1743384127.733984
1743384127.749522
1743384127.781555
1743384127.813738
1743384127.845751
1743384127.877768
1743384127.909949
1743384127.941993
1743384127.974149
1743384128.006128
1743384128.038071
1743384128.069958
1743384128.102030
1743384128.133956
1743384128.165651
1743384128.197570
1743384128.213632
1743384128.245596
1743384128.261686
1743384128.294233
1743384128.326001
1743384128.358177
1743384128.389830
1743384128.422112
1743384128.453821
1743384128.485808
1743384128.517894
1743384128.549880
1743384128.581850
1743384128.613678
1743384128.645843
1743384128.677607
1743384128.709626
1743384128.741599
1743384128.774119
1743384128.806008
1743384128.837983
1743384128.870023
1743384128.901987
1743384128.934209
1743384128.965731
1743384129.013420
1743384129.045593
1743384129.077480
1743384129.109736
1743384129.141759
1743384129.174128
1743384129.205729
1743384129.238135
1743384129.270266
1743384129.302255
1743384129.334205
1743384129.365499
1743384129.397586
1743384129.429484
1743384129.461755
1743384129.493876
1743384129.525790
1743384129.558061
1743384129.590095
1743384129.622083
1743384129.654132
1743384129.685846
1743384129.717858
1743384129.749329
1743384129.765491
1743384129.781583
1743384129.813579
1743384129.845669
1743384129.877709
1743384129.910099
1743384129.941889
1743384129.989752
1743384130.021842
1743384130.053891
1743384130.086161
1743384130.118062
1743384130.150137
1743384130.181767
1743384130.213683
1743384130.245600
1743384130.277754
1743384130.309867
1743384130.341699
1743384130.373717
1743384130.405759
1743384130.437852
1743384130.469830
1743384130.501908
1743384130.533820
1743384130.565579
1743384130.597704
1743384130.630042
1743384130.661574
1743384130.693680
1743384130.725771
1743384130.757702
1743384130.789682
1743384130.821842
1743384130.854060
1743384130.886152
1743384130.918085
1743384130.965933
1743384130.997277
1743384131.029386
1743384131.045417
1743384131.077583
1743384131.109757
1743384131.141865
1743384131.174077
1743384131.205968
1743384131.238061
1743384131.285615
1743384131.318156
1743384131.349844
1743384131.381476
1743384131.413468
1743384131.445431
1743384131.477579
1743384131.509612
1743384131.541398
1743384131.574114
1743384131.606045
1743384131.637917
1743384131.669856
1743384131.701906
1743384131.733768
1743384131.765438
1743384131.781236
1743384131.813547
1743384131.845508
1743384131.861956
1743384131.893878
1743384131.941490
1743384131.973807
1743384132.005783
1743384132.037898
1743384132.070053
1743384132.101813
1743384132.133835
1743384132.165635
1743384132.197485
1743384132.213549
1743384132.229772
1743384132.261803
1743384132.293822
1743384132.325783
1743384132.357985
1743384132.389725
1743384132.422351
1743384132.453861
1743384132.485757
1743384132.517971
1743384132.549753
1743384132.581946
1743384132.613207
1743384132.629484
1743384132.661463
1743384132.693671
1743384132.725484
1743384132.757636
1743384132.789663
1743384132.821737
1743384132.853945
1743384132.885961
1743384132.918253
1743384132.949807
1743384132.981526
1743384133.013246
1743384133.045468
1743384133.077640
1743384133.109806
1743384133.141748
1743384133.173961
1743384133.205996
1743384133.237913
1743384133.269672
1743384133.301769
1743384133.333755
1743384133.365273
1743384133.381377
1743384133.413318
1743384133.429464
1743384133.445546
1743384133.461650
1743384133.493816
1743384133.525760
1743384133.557919
1743384133.589533
1743384133.621778
1743384133.653799
1743384133.685963
1743384133.717812
1743384133.749797
1743384133.781580
1743384133.797553
1743384133.813488
1743384133.845399
1743384133.893274
1743384133.925610
1743384133.957617
1743384133.989808
1743384134.021731
1743384134.054132
1743384134.085914
1743384134.117704
1743384134.149639
1743384134.181597
1743384134.213659
1743384134.245275
1743384134.277349
1743384134.309529
1743384134.341540
1743384134.373774
1743384134.405674
1743384134.437636
1743384134.469891
1743384134.501912
1743384134.533905
1743384134.565272
1743384134.581387
1743384134.613988
1743384134.645274
1743384134.677411
1743384134.709464
1743384134.741611
1743384134.773613
1743384134.804952
1743384134.837098
1743384134.868833
1743384134.885369
1743384134.917487
1743384134.949483
1743384134.981310
1743384135.013489
1743384135.045298
1743384135.077343
1743384135.109753
1743384135.141859
1743384135.189466
1743384135.221484
1743384135.253664
1743384135.285450
1743384135.317707
1743384135.349709
1743384135.381378
1743384135.413627
1743384135.445440
1743384135.477448
1743384135.509879
1743384135.541478
1743384135.573422
1743384135.605663
1743384135.637745
1743384135.669535
1743384135.701693
1743384135.733899
1743384135.765563
1743384135.797405
1743384135.813654
1743384135.845596
1743384135.877090
1743384135.909299
1743384135.941399
1743384135.973606
1743384136.005701
1743384136.037836
1743384136.069812
1743384136.101844
1743384136.133732
1743384136.165670
1743384136.197228
1743384136.229256
1743384136.261357
1743384136.277318
1743384136.293317
1743384136.325496
1743384136.357780
1743384136.389643
1743384136.421678
1743384136.453734
1743384136.485799
1743384136.517272
1743384136.549100
1743384136.581599
1743384136.613424
1743384136.645432
1743384136.677381
1743384136.709466
1743384136.741724
1743384136.774019
1743384136.821361
1743384136.853530
1743384136.885570
1743384136.917519
1743384136.949230
1743384136.981054
1743384137.013531
1743384137.045557
1743384137.077654
1743384137.109621
1743384137.141826
1743384137.173631
1743384137.205648
1743384137.237569
1743384137.269497
1743384137.301642
1743384137.333408
1743384137.365126
1743384137.397136
1743384137.413185
1743384137.429549
1743384137.461824
1743384137.493218
1743384137.525397
1743384137.557578
1743384137.589365
1743384137.621403
1743384137.653656
1743384137.685715
1743384137.717755
1743384137.749599
1743384137.796967
1743384137.828936
1743384137.844953
1743384137.877177
1743384137.909335
1743384137.941255
1743384137.973607
1743384138.005673
1743384138.037589
1743384138.069709
1743384138.117323
1743384138.149236
1743384138.181158
1743384138.213084
1743384138.229224
1743384138.261238
1743384138.293479
1743384138.325357
1743384138.357769
1743384138.389543
1743384138.437671
1743384138.469717
1743384138.501439
1743384138.533493
1743384138.565107
1743384138.596924
1743384138.613176
1743384138.645370
1743384138.677480
1743384138.709678
1743384138.741718
1743384138.773548
1743384138.805513
1743384138.837526
1743384138.869374
1743384138.901576
1743384138.933563
1743384138.965413
1743384138.997226
1743384139.029261
1743384139.061389
1743384139.093890
1743384139.125301
1743384139.157405
1743384139.189548
1743384139.221758
1743384139.253358
1743384139.285452
1743384139.316939
1743384139.333299
1743384139.349240
1743384139.365255
1743384139.412959
1743384139.445018
1743384139.477020
1743384139.509105
1743384139.541256
1743384139.573387
1743384139.605642
1743384139.637465
1743384139.669492
1743384139.701702
1743384139.749273
1743384139.780872
1743384139.813019
1743384139.845116
1743384139.860898
1743384139.877190
1743384139.909284
1743384139.941483
1743384139.973584
1743384140.005614
1743384140.037689
1743384140.069684
1743384140.101740
1743384140.133357
1743384140.165113
1743384140.197098
1743384140.229084
1743384140.261219
1743384140.293306
1743384140.325367
1743384140.357688
1743384140.389610
1743384140.421370
1743384140.453185
1743384140.485398
1743384140.517389
1743384140.549274
1743384140.581185
1743384140.613074
1743384140.629204
1743384140.645317
1743384140.677227
1743384140.724946
1743384140.757380
1743384140.789386
1743384140.821410
1743384140.853579
1743384140.885416
1743384140.917675
1743384140.949507
1743384140.981218
1743384141.013189
1743384141.045381
1743384141.077054
1743384141.109186
1743384141.141263
1743384141.173208
1743384141.205399
1743384141.237487
1743384141.269666
1743384141.301588
1743384141.333550
1743384141.365637
1743384141.397000
1743384141.428962
1743384141.461144
1743384141.493420
1743384141.525247
1743384141.557516
1743384141.589518
1743384141.621547
1743384141.653636
1743384141.701121
1743384141.733476
1743384141.764853
1743384141.780910
1743384141.796942
1743384141.829079
1743384141.861009
1743384141.876844
1743384141.893011
1743384141.925236
1743384141.957609
1743384141.989577
1743384142.022016
1743384142.052542
1743384142.084861
1743384142.116176
1743384142.149363
1743384142.180933
1743384142.213140
1743384142.229283
1743384142.245346
1743384142.277333
1743384142.309278
1743384142.341537
1743384142.373080
1743384142.405124
1743384142.437265
1743384142.469315
1743384142.501321
1743384142.533388
1743384142.564970
1743384142.597171
1743384142.629040
1743384142.676740
1743384142.709113
1743384142.741183
1743384142.773021
1743384142.805298
1743384142.837280
1743384142.869338
1743384142.901682
1743384142.933279
1743384142.965161
1743384142.997271
1743384143.028716
1743384143.060684
1743384143.093104
1743384143.125158
1743384143.157681
1743384143.189526
1743384143.221600
1743384143.253411
1743384143.285466
1743384143.317470
1743384143.349013
1743384143.380875
1743384143.412792
1743384143.445003
1743384143.476940
1743384143.509082
1743384143.541278
1743384143.573474
1743384143.605440
1743384143.653050
1743384143.685170
1743384143.717255
1743384143.749323
1743384143.781048
1743384143.813129
1743384143.845100
1743384143.877103
1743384143.909201
1743384143.941365
1743384143.973484
1743384144.004920
1743384144.037360
1743384144.069123
1743384144.101512
1743384144.133430
1743384144.164880
1743384144.181016
1743384144.213076
1743384144.245136
1743384144.292842
1743384144.325251
1743384144.357155
1743384144.389360
1743384144.421017
1743384144.453155
1743384144.485233
1743384144.517490
1743384144.549542
1743384144.580986
1743384144.628848
1743384144.660818
1743384144.692824
1743384144.725167
1743384144.757308
1743384144.789195
1743384144.821331
1743384144.853493
1743384144.885289
1743384144.917256
1743384144.949365
1743384144.980821
1743384145.012708
1743384145.044992
1743384145.076874
1743384145.109134
1743384145.141233
1743384145.173173
1743384145.205457
1743384145.237368
1743384145.269547
1743384145.301372
1743384145.333056
1743384145.364827
1743384145.396912
1743384145.428848
1743384145.444912
1743384145.461137
1743384145.493303
1743384145.525104
1743384145.557412
1743384145.605373
1743384145.637288
1743384145.669471
1743384145.701460
1743384145.733060
1743384145.764897
1743384145.796877
1743384145.813049
1743384145.844799
1743384145.877219
1743384145.892765
1743384145.925406
1743384145.957370
1743384145.989089
1743384146.021143
1743384146.053065
1743384146.085220
1743384146.117402
1743384146.149194
1743384146.181067
1743384146.212961
1743384146.245390
1743384146.276820
1743384146.308810
1743384146.341142
1743384146.373219
1743384146.405224
1743384146.437079
1743384146.469160
1743384146.501571
1743384146.533582
1743384146.580603
1743384146.612731
1743384146.644782
1743384146.676796
1743384146.708865
1743384146.740964
1743384146.773253
1743384146.805304
1743384146.837167
1743384146.869390
1743384146.901342
1743384146.932942
1743384146.964592
1743384146.980722
1743384147.012963
1743384147.044852
1743384147.076905
1743384147.109035
1743384147.141068
1743384147.172751
1743384147.220934
1743384147.252885
1743384147.284913
1743384147.317027
1743384147.349185
1743384147.380782
1743384147.412826
1743384147.444724
1743384147.476931
1743384147.509085
1743384147.556750
1743384147.589018
1743384147.620866
1743384147.653177
1743384147.685348
1743384147.717299
1743384147.749256
1743384147.780964
1743384147.812781
1743384147.844861
1743384147.877213
1743384147.909015
1743384147.941000
1743384147.972937
1743384148.005387
1743384148.037193
1743384148.069097
1743384148.101136
1743384148.133069
1743384148.164861
1743384148.197278
1743384148.228558
1743384148.260441
1743384148.292993
1743384148.324831
1743384148.356945
1743384148.389148
1743384148.420873
1743384148.436753
1743384148.452941
1743384148.485098
1743384148.532820
1743384148.564596
1743384148.596606
1743384148.628738
1743384148.660908
1743384148.692804
1743384148.724884
1743384148.757205
1743384148.789286
1743384148.821315
1743384148.853413
1743384148.885058
1743384148.917094
1743384148.949002
1743384148.980649
1743384149.012487
1743384149.044715
1743384149.076636
1743384149.108753
1743384149.141201
1743384149.173106
1743384149.205054
1743384149.236942
1743384149.269090
1743384149.301053
1743384149.333271
1743384149.364545
1743384149.396585
1743384149.412588
1743384149.428936
1743384149.445017
1743384149.476896
1743384149.509019
1743384149.540694
1743384149.572902
1743384149.605250
1743384149.637100
1743384149.669054
1743384149.701173
1743384149.733196
1743384149.764737
1743384149.780623
1743384149.796783
1743384149.829223
1743384149.860958
1743384149.892601
1743384149.908131
1743384149.924288
1743384149.940578
1743384149.972865
1743384150.005069
1743384150.036961
1743384150.069263
1743384150.101504
1743384150.148912
1743384150.180686
1743384150.212607
1743384150.244622
1743384150.276776
1743384150.309210
1743384150.341020
1743384150.373044
1743384150.405183
1743384150.437194
1743384150.484667
1743384150.516857
1743384150.548967
1743384150.580729
1743384150.612624
1743384150.628801
1743384150.660619
1743384150.692793
1743384150.724902
1743384150.757292
1743384150.804831
1743384150.836818
1743384150.868864
1743384150.901040
1743384150.932889
1743384150.964587
1743384150.996720
1743384151.028589
1743384151.060872
1743384151.093352
1743384151.125355
1743384151.157081
1743384151.188789
1743384151.221129
1743384151.252866
1743384151.284725
1743384151.317033
1743384151.348932
1743384151.380803
1743384151.413031
1743384151.460394
1743384151.492855
1743384151.524943
1743384151.556872
1743384151.588911
1743384151.621034
1743384151.653050
1743384151.684904
1743384151.717081
1743384151.748902
1743384151.780814
1743384151.812698
1743384151.844410
1743384151.876579
1743384151.908734
1743384151.940633
1743384151.973014
1743384152.004878
1743384152.037112
1743384152.069353
1743384152.101169
1743384152.132967
1743384152.164533
1743384152.196552
1743384152.212704
1743384152.244757
1743384152.276839
1743384152.308660
1743384152.340983
1743384152.373278
1743384152.404893
1743384152.437082
1743384152.468727
1743384152.501072
1743384152.533110
1743384152.564652
1743384152.596470
1743384152.628558
1743384152.660705
1743384152.692875
1743384152.724861
1743384152.757031
1743384152.788825
1743384152.820750
1743384152.852857
1743384152.884911
1743384152.916696
1743384152.948518
1743384152.980702
1743384153.012668
1743384153.044644
1743384153.077003
1743384153.108635
1743384153.140877
1743384153.172671
1743384153.204842
1743384153.236923
1743384153.268908
1743384153.300884
1743384153.333105
1743384153.364716
1743384153.412477
1743384153.444278
1743384153.476254
1743384153.492648
1743384153.524821
1743384153.556909
1743384153.588772
1743384153.620987
1743384153.653168
1743384153.684971
1743384153.732681
1743384153.764208
1743384153.796578
1743384153.828459
1743384153.844535
1743384153.876497
1743384153.908852
1743384153.940872
1743384153.973108
1743384154.004935
1743384154.052904
1743384154.085011
1743384154.116826
1743384154.148792
1743384154.180475
1743384154.212259
1743384154.228386
1743384154.244410
1743384154.276590
1743384154.308748
1743384154.340769
1743384154.388749
1743384154.420576
1743384154.452864
1743384154.484765
1743384154.516760
1743384154.548708
1743384154.580573
1743384154.612491
1743384154.628604
1743384154.660631
1743384154.676573
1743384154.708953
1743384154.740667
1743384154.772845
1743384154.804824
1743384154.836681
1743384154.868712
1743384154.900932
1743384154.932926
1743384154.964601
1743384154.996559
1743384155.028969
1743384155.059926
1743384155.092524
1743384155.124674
1743384155.156574
1743384155.188888
1743384155.220762
1743384155.252772
1743384155.285084
1743384155.317111
1743384155.364788
1743384155.396435
1743384155.428168
1743384155.460471
1743384155.492650
1743384155.524696
1743384155.556829
1743384155.589108
1743384155.620959
1743384155.652819
1743384155.684816
1743384155.716513
1743384155.748676
1743384155.780384
1743384155.796416
1743384155.812542
1743384155.844299
1743384155.876408
1743384155.908843
1743384155.940791
1743384155.973040
1743384156.005074
1743384156.036832
1743384156.068733
1743384156.100898
1743384156.132736
1743384156.164483
1743384156.196372
1743384156.228470
1743384156.260544
1743384156.276580
1743384156.292606
1743384156.340464
1743384156.372680
1743384156.404705
1743384156.436711
1743384156.468635
1743384156.500857
1743384156.532854
1743384156.564545
1743384156.596662
1743384156.628724
1743384156.661002
1743384156.692469
1743384156.724418
1743384156.756652
1743384156.788456
1743384156.820734
1743384156.852691
1743384156.884718
1743384156.916878
1743384156.948873
1743384156.980912
1743384157.012359
1743384157.044264
1743384157.076460
1743384157.108699
1743384157.140616
1743384157.172510
1743384157.204868
1743384157.236684
1743384157.268948
1743384157.316762
1743384157.348520
1743384157.380098
1743384157.412312
1743384157.428390
1743384157.460429
1743384157.492425
1743384157.524544
1743384157.556846
1743384157.588709
1743384157.636605
1743384157.668761
1743384157.700520
1743384157.732550
1743384157.764367
1743384157.796135
1743384157.812453
1743384157.828556
1743384157.860510
1743384157.892607
1743384157.924753
1743384157.956718
1743384157.988761
1743384158.020579
1743384158.052533
1743384158.084629
1743384158.116543
1743384158.148344
1743384158.180406
1743384158.212802
1743384158.244457
1743384158.292397
1743384158.324618
1743384158.356665
1743384158.388635
1743384158.420698
1743384158.452545
1743384158.484431
1743384158.516835
1743384158.549068
1743384158.580379
1743384158.612666
1743384158.644255
1743384158.676237
1743384158.708558
1743384158.740497
1743384158.772699
1743384158.804592
1743384158.836869
1743384158.868770
1743384158.900679
1743384158.932857
1743384158.964263
1743384158.996022
1743384159.028262
1743384159.060263
1743384159.092217
1743384159.124521
1743384159.156823
1743384159.188858
1743384159.220747
1743384159.268418
1743384159.300654
1743384159.332609
1743384159.364207
1743384159.396095
1743384159.428216
1743384159.460277
1743384159.476199
1743384159.492227
1743384159.524544
1743384159.556806
1743384159.588888
1743384159.620795
1743384159.652836
1743384159.684465
1743384159.716498
1743384159.748407
1743384159.780198
1743384159.812202
1743384159.828233
1743384159.844310
1743384159.876493
1743384159.908429
1743384159.940390
1743384159.972510
1743384160.004615
1743384160.036508
1743384160.068800
1743384160.100640
1743384160.132652
1743384160.164349
1743384160.196426
1743384160.244063
1743384160.276228
1743384160.308354
1743384160.340579
1743384160.372616
1743384160.404617
1743384160.436602
1743384160.468695
1743384160.500726
1743384160.532796
1743384160.564356
1743384160.596232
1743384160.628134
1743384160.660201
1743384160.692322
1743384160.724391
1743384160.756409
1743384160.788351
1743384160.820698
1743384160.852651
1743384160.884684
1743384160.916283
1743384160.948131
1743384160.980010
1743384161.012225
1743384161.044249
1743384161.076273
1743384161.108492
1743384161.140489
1743384161.172634
1743384161.220703
1743384161.252230
1743384161.284533
1743384161.316669
1743384161.348710
1743384161.379977
1743384161.412110
1743384161.444276
1743384161.476419
1743384161.508473
1743384161.540600
1743384161.572280
1743384161.604587
1743384161.636499
1743384161.668712
1743384161.700645
1743384161.732479
1743384161.764292
1743384161.796275
1743384161.828444
1743384161.860545
1743384161.892262
1743384161.924217
1743384161.956497
1743384161.988428
1743384162.020613
1743384162.052484
1743384162.084389
1743384162.116394
1743384162.148561
1743384162.195892
1743384162.227953
1743384162.260339
1743384162.292197
1743384162.324300
1743384162.356663
1743384162.388455
1743384162.420709
1743384162.452619
1743384162.484577
1743384162.516744
1743384162.548237
1743384162.580015
1743384162.611915
1743384162.627983
1743384162.660129
1743384162.692201
1743384162.724263
1743384162.756676
1743384162.788734
1743384162.836206
1743384162.868117
1743384162.900465
1743384162.932291
1743384162.963952
1743384162.996113
1743384163.027608
1743384163.044204
1743384163.076068
1743384163.108714
1743384163.140575
1743384163.172594
1743384163.204292
1743384163.236344
1743384163.268406
1743384163.300546
1743384163.332502
1743384163.364177
1743384163.396159
1743384163.428263
1743384163.460366
1743384163.492595
1743384163.524501
1743384163.556493
1743384163.588441
1743384163.620313
1743384163.652376
1743384163.684375
1743384163.716619
1743384163.748560
1743384163.780267
1743384163.812520
1743384163.843949
1743384163.876044
1743384163.908178
1743384163.940407
1743384163.972403
1743384164.004606
1743384164.036474
1743384164.068844
1743384164.100648
1743384164.148219
1743384164.179757
1743384164.211763
1743384164.227860
1743384164.259903
1743384164.275989
1743384164.308371
1743384164.340362
1743384164.372407
1743384164.404506
1743384164.436590
1743384164.468542
1743384164.500208
1743384164.532020
1743384164.564187
1743384164.596097
1743384164.627979
1743384164.644143
1743384164.676155
1743384164.708242
1743384164.740442
1743384164.788169
1743384164.820264
1743384164.852310
1743384164.884230
1743384164.916488
1743384164.948536
1743384164.979982
1743384165.012080
1743384165.044136
1743384165.076246
1743384165.123980
1743384165.156252
1743384165.188218
1743384165.220128
1743384165.252191
1743384165.284323
1743384165.316527
1743384165.348501
1743384165.380143
1743384165.412114
1743384165.444362
1743384165.475899
1743384165.508059
1743384165.540283
1743384165.572255
1743384165.604401
1743384165.636351
1743384165.668436
1743384165.700223
1743384165.732671
1743384165.764296
1743384165.795742
1743384165.811883
1743384165.843993
1743384165.876026
1743384165.908054
1743384165.940154
1743384165.972270
1743384166.004406
1743384166.036322
1743384166.069182
1743384166.100232
1743384166.132174
1743384166.163790
1743384166.196044
1743384166.227944
1743384166.259931
1743384166.292281
1743384166.324249
1743384166.356501
1743384166.388540
1743384166.420388
1743384166.452262
1743384166.484090
1743384166.516051
1743384166.547959
1743384166.579738
1743384166.611978
1743384166.644011
1743384166.676023
1743384166.708443
1743384166.740500
1743384166.772177
1743384166.804236
1743384166.836193
1743384166.868221
1743384166.900298
1743384166.932310
1743384166.963832
1743384166.996301
1743384167.028073
1743384167.075707
1743384167.107995
1743384167.140018
1743384167.172223
1743384167.204235
1743384167.236292
1743384167.268433
1743384167.300402
1743384167.332636
1743384167.363961
1743384167.396415
1743384167.427667
1743384167.443859
1743384167.475761
1743384167.508465
1743384167.540057
1743384167.572100
1743384167.604386
1743384167.636113
1743384167.668386
1743384167.716031
1743384167.748113
1743384167.779691
1743384167.811701
1743384167.827942
1743384167.860027
1743384167.892189
1743384167.923955
1743384167.956259
1743384167.988290
1743384168.020258
1743384168.052111
1743384168.084173
1743384168.116283
1743384168.148072
1743384168.179624
1743384168.195772
1743384168.211909
1743384168.243891
1743384168.275934
1743384168.308090
1743384168.340148
1743384168.372254
1743384168.404229
1743384168.435948
1743384168.468038
1743384168.500320
1743384168.532226
1743384168.564091
1743384168.595752
1743384168.627985
1743384168.659979
1743384168.692234
1743384168.724013
1743384168.756190
1743384168.787920
1743384168.820260
1743384168.852191
1743384168.884169
1743384168.916411
1743384168.948201
1743384168.980122
1743384169.027776
1743384169.059815
1743384169.091863
1743384169.124033
1743384169.156279
1743384169.188332
1743384169.220210
1743384169.252201
1743384169.284057
1743384169.316594
1743384169.348371
1743384169.379631
1743384169.411723
1743384169.443759
1743384169.475812
1743384169.507936
1743384169.540069
1743384169.572053
1743384169.604253
1743384169.636320
1743384169.668121
1743384169.700059
1743384169.732150
1743384169.763567
1743384169.795531
1743384169.827824
1743384169.859756
1743384169.892030
1743384169.924345
1743384169.956390
1743384170.003885
1743384170.036067
1743384170.067955
1743384170.100342
1743384170.132033
1743384170.163702
1743384170.195816
1743384170.227870
1743384170.259945
1743384170.291978
1743384170.324141
1743384170.356222
1743384170.388042
1743384170.419873
1743384170.452151
1743384170.484057
1743384170.516081
1743384170.548276
1743384170.580249
1743384170.611954
1743384170.644104
1743384170.675649
1743384170.707832
1743384170.739933
1743384170.772140
1743384170.804121
1743384170.836108
1743384170.868007
1743384170.900152
1743384170.932416
1743384170.979893
1743384171.011126
1743384171.027429
1743384171.043639
1743384171.059821
1743384171.091874
1743384171.123919
1743384171.156253
1743384171.187854
1743384171.220431
1743384171.252127
1743384171.299853
1743384171.332127
1743384171.363387
1743384171.395665
1743384171.427597
1743384171.459871
1743384171.491954
1743384171.523867
1743384171.556224
1743384171.588261
1743384171.620274
1743384171.652148
1743384171.684041
1743384171.716315
1743384171.748307
1743384171.779614
1743384171.811581
1743384171.827786
1743384171.859778
1743384171.892318
1743384171.924242
1743384171.956289
1743384171.987954
1743384172.020005
1743384172.052112
1743384172.083957
1743384172.116345
1743384172.148030
1743384172.179728
1743384172.211844
1743384172.243906
1743384172.276074
1743384172.307931
1743384172.339935
1743384172.372041
1743384172.404169
1743384172.435879
1743384172.468079
1743384172.500161
1743384172.532125
1743384172.563914
1743384172.596149
1743384172.627605
1743384172.659796
1743384172.691726
1743384172.723803
1743384172.756080
1743384172.788168
1743384172.819952
1743384172.852210
1743384172.884212
1743384172.931899
1743384172.963693
1743384172.995460
1743384173.011605
1743384173.043518
1743384173.075698
1743384173.107770
1743384173.139844
1743384173.172237
1743384173.203954
1743384173.251774
1743384173.284008
1743384173.316098
1743384173.347918
1743384173.379570
1743384173.411596
1743384173.443654
1743384173.475551
1743384173.508046
1743384173.539995
1743384173.572153
1743384173.603928
1743384173.635944
1743384173.668128
1743384173.699983
1743384173.731992
1743384173.763493
1743384173.795586
1743384173.827782
1743384173.859793
1743384173.907631
1743384173.939753
1743384173.971853
1743384174.003895
1743384174.035942
1743384174.067790
1743384174.098579
1743384174.115702
1743384174.148479
1743384174.179564
1743384174.227710
1743384174.259312
1743384174.291562
1743384174.323738
1743384174.356076
1743384174.388083
1743384174.420107
1743384174.451726
1743384174.484051
1743384174.516218
1743384174.547923
1743384174.579410
1743384174.611532
1743384174.643674
1743384174.675645
1743384174.707667
1743384174.739935
1743384174.771770
1743384174.803955
1743384174.835972
1743384174.883776
1743384174.916090
1743384174.947662
1743384174.979562
1743384175.011511
1743384175.043514
1743384175.075739
1743384175.107942
1743384175.139912
1743384175.172171
1743384175.204073
1743384175.235961
1743384175.267812
1743384175.300193
1743384175.332010
1743384175.363842
1743384175.395704
1743384175.427527
1743384175.459678
1743384175.491761
1743384175.524062
1743384175.555865
1743384175.588069
1743384175.619920
1743384175.651900
1743384175.683812
1743384175.715869
1743384175.747756
1743384175.779655
1743384175.811598
1743384175.859213
1743384175.891585
1743384175.923641
1743384175.955743
1743384175.987734
1743384176.020008
1743384176.051732
1743384176.084049
1743384176.116179
1743384176.148109
1743384176.179801
1743384176.211188
1743384176.227360
1743384176.259498
1743384176.291709
1743384176.323616
1743384176.356016
1743384176.387923
1743384176.420067
1743384176.452053
1743384176.499561
1743384176.531635
1743384176.563478
1743384176.595236
1743384176.611449
1743384176.627444
1743384176.659803
1743384176.691691
1743384176.723671
1743384176.756175
1743384176.787980
1743384176.835807
1743384176.867871
1743384176.899632
1743384176.931924
1743384176.963567
1743384176.995255
1743384177.011596
1743384177.043568
1743384177.075719
1743384177.107685
1743384177.155614
1743384177.187652
1743384177.219728
1743384177.251657
1743384177.283989
1743384177.316070
1743384177.347860
1743384177.379497
1743384177.411387
1743384177.443756
1743384177.475972
1743384177.507416
1743384177.539639
1743384177.571968
1743384177.603540
1743384177.635870
1743384177.667720
1743384177.699685
1743384177.731748
1743384177.763752
1743384177.811161
1743384177.843471
1743384177.875352
1743384177.907439
1743384177.939595
1743384177.971851
1743384178.004033
1743384178.035961
1743384178.067861
1743384178.100161
1743384178.131848
1743384178.163183
1743384178.195322
1743384178.227458
1743384178.259365
1743384178.291657
1743384178.323792
1743384178.355824
1743384178.387979
1743384178.419628
1743384178.451396
1743384178.483419
1743384178.516009
1743384178.547635
1743384178.579681
1743384178.611343
1743384178.643255
1743384178.659440
1743384178.675531
1743384178.708071
1743384178.739872
1743384178.787548
1743384178.819745
1743384178.851765
1743384178.883727
1743384178.915898
1743384178.947754
1743384178.979348
1743384179.010994
1743384179.027577
1743384179.059396
1743384179.075534
1743384179.107826
1743384179.139651
1743384179.171819
1743384179.203641
1743384179.235562
1743384179.267936
1743384179.299837
1743384179.331888
1743384179.363633
1743384179.395687
1743384179.428038
1743384179.459240
1743384179.491494
1743384179.523487
1743384179.555545
1743384179.587618
1743384179.619843
1743384179.651915
1743384179.683537
1743384179.715977
1743384179.763352
1743384179.795202
1743384179.827217
1743384179.859231
1743384179.891341
1743384179.923364
1743384179.955933
1743384179.987869
1743384180.020203
1743384180.051816
1743384180.084126
1743384180.115426
1743384180.146909
1743384180.163076
1743384180.195336
1743384180.227269
1743384180.259431
1743384180.291490
1743384180.323496
1743384180.355867
1743384180.403411
1743384180.435311
1743384180.467764
1743384180.499627
1743384180.531588
1743384180.563399
1743384180.595238
1743384180.611394
1743384180.627309
1743384180.659604
1743384180.691649
1743384180.739198
1743384180.771600
1743384180.803494
1743384180.835780
1743384180.867791
1743384180.899679
1743384180.931746
1743384180.963415
1743384180.995271
1743384181.011266
1743384181.059239
1743384181.075459
1743384181.091520
1743384181.123719
1743384181.155395
1743384181.187669
1743384181.219831
1743384181.251451
1743384181.283687
1743384181.315742
1743384181.347542
1743384181.379849
1743384181.411216
1743384181.443330
1743384181.475321
1743384181.507440
1743384181.539478
1743384181.571631
1743384181.603534
1743384181.635813
1743384181.667678
1743384181.715529
1743384181.747528
1743384181.779156
1743384181.811151
1743384181.827117
1743384181.859215
1743384181.891509
1743384181.923463
1743384181.955847
1743384181.987738
1743384182.035330
1743384182.067484
1743384182.099575
1743384182.131460
1743384182.147203
1743384182.179211
1743384182.211293
1743384182.243028
1743384182.259207
1743384182.291448
1743384182.323733
1743384182.354109
1743384182.371063
1743384182.387234
1743384182.419654
1743384182.451574
1743384182.483478
1743384182.515806
1743384182.547754
1743384182.579167
1743384182.611295
1743384182.643226
1743384182.691013
1743384182.723435
1743384182.755362
1743384182.787285
1743384182.819402
1743384182.851608
1743384182.883632
1743384182.915734
1743384182.947699
1743384182.979424
1743384183.011567
1743384183.043071
1743384183.075154
1743384183.107257
1743384183.139402
1743384183.171390
1743384183.203691
1743384183.235518
1743384183.267491
1743384183.299828
1743384183.331889
1743384183.363108
1743384183.395103
1743384183.427153
1743384183.459236
1743384183.491088
1743384183.523435
1743384183.555707
1743384183.587580
1743384183.619582
1743384183.667286
1743384183.699492
1743384183.731648
1743384183.763125
1743384183.795173
1743384183.827271
1743384183.859228
1743384183.891405
1743384183.923619
1743384183.955826
1743384183.987474
1743384184.019441
1743384184.051499
1743384184.083415
1743384184.115545
1743384184.147658
1743384184.179095
1743384184.194886
1743384184.211094
1743384184.227268
1743384184.243364
1743384184.259183
1743384184.275290
1743384184.307754
1743384184.339453
1743384184.371286
1743384184.403385
1743384184.435342
1743384184.467367
1743384184.499701
1743384184.531621
1743384184.547007
1743384184.563383
1743384184.579047
1743384184.595148
1743384184.611471
1743384184.643576
1743384184.675063
1743384184.690761
1743384184.707018
1743384184.722762
1743384184.738804
1743384184.754958
1743384184.770895
1743384184.786997
1743384184.803007
1743384184.818951
1743384184.834888
1743384184.851145
1743384184.866987
1743384184.883031
1743384184.899101
1743384184.915131
1743384184.931107
1743384184.963659
1743384184.994847
1743384185.011297
1743384185.026903
1743384185.042969
1743384185.058891
1743384185.075271
1743384185.090908
1743384185.106869
1743384185.122810
1743384185.138885
1743384185.154997
1743384185.171055
1743384185.187243
1743384185.203073
1743384185.219068
1743384185.235143
1743384185.251268
1743384185.283803
1743384185.315343
1743384185.330782
1743384185.347029
1743384185.363053
1743384185.378833
1743384185.394935
1743384185.411165
1743384185.427326
1743384185.442942
1743384185.458959
1743384185.475384
1743384185.490912
1743384185.506931
1743384185.522870
1743384185.539258
1743384185.555456
1743384185.588048
1743384185.619662
1743384185.651493
1743384185.683096
1743384185.715213
1743384185.731023
1743384185.747167
1743384185.763319
1743384185.778921
1743384185.795035
1743384185.811424
1743384185.827084
1743384185.842989
1743384185.859143
1743384185.875259
1743384185.891278
1743384185.907279
1743384185.939734
1743384185.971407
1743384186.003376
1743384186.035351
1743384186.067352
1743384186.099721
1743384186.131654
1743384186.163339
1743384186.178919
1743384186.195005
1743384186.211033
1743384186.227449
1743384186.259407
1743384186.291213
1743384186.323193
1743384186.355309
1743384186.387459
1743384186.419360
1743384186.451594
1743384186.483614
1743384186.515408
1743384186.547163
1743384186.563115
1743384186.595419
1743384186.626924
1743384186.642736
1743384186.658869
1743384186.675029
1743384186.691059
1743384186.706780
1743384186.722732
1743384186.738935
1743384186.754866
1743384186.770880
1743384186.787034
1743384186.802914
1743384186.819298
1743384186.834963
1743384186.851022
1743384186.867261
1743384186.883084
1743384186.915622
1743384186.947056
1743384186.962906
1743384186.978884
1743384186.994829
1743384187.010911
1743384187.027196
1743384187.043167
1743384187.058808
1743384187.074847
1743384187.091103
1743384187.106813
1743384187.122834
1743384187.138876
1743384187.154923
1743384187.171063
1743384187.187019
1743384187.203014
1743384187.235567
1743384187.267281
1743384187.299478
1743384187.331411
1743384187.346800
1743384187.363003
1743384187.378984
1743384187.394910
1743384187.411139
1743384187.427212
1743384187.442866
1743384187.458912
1743384187.475296
1743384187.491341
1743384187.506968
1743384187.522893
1743384187.539090
1743384187.571637
1743384187.603303
1743384187.635605
1743384187.667258
1743384187.699284
1743384187.731415
1743384187.746835
1743384187.762974
1743384187.779036
1743384187.794847
1743384187.810965
1743384187.827189
1743384187.842906
1743384187.859151
1743384187.891612
1743384187.923274
1743384187.955270
1743384187.986663
1743384188.002546
1743384188.018648
1743384188.034723
1743384188.050685
1743384188.066741
1743384188.082815
1743384188.098815
1743384188.114860
1743384188.130895
1743384188.146971
1743384188.163009
1743384188.178913
1743384188.211514
1743384188.242855
1743384188.258597
1743384188.274841
1743384188.290976
1743384188.306680
1743384188.322575
1743384188.338896
1743384188.354998
1743384188.370766
1743384188.386872
1743384188.402822
1743384188.418851
1743384188.434803
1743384188.450882
1743384188.466889
1743384188.482874
1743384188.498990
1743384188.514985
1743384188.546646
1743384188.562689
1743384188.578726
1743384188.594803
1743384188.610941
1743384188.626982
1743384188.642834
1743384188.658813
1743384188.674848
1743384188.690906
1743384188.706723
1743384188.722662
1743384188.738766
1743384188.754781
1743384188.770964
1743384188.786929
1743384188.803070
1743384188.818953
1743384188.834984
1743384188.867727
1743384188.898547
1743384188.914641
1743384188.930783
1743384188.946643
1743384188.962759
1743384188.978698
1743384188.994814
1743384189.010689
1743384189.026875
1743384189.042812
1743384189.058904
1743384189.074901
1743384189.090799
1743384189.106705
1743384189.122865
1743384189.138862
1743384189.155007
1743384189.187614
1743384189.219116
1743384189.251223
1743384189.282509
1743384189.298422
1743384189.314833
1743384189.330762
1743384189.346791
1743384189.362705
1743384189.378675
1743384189.394720
1743384189.410705
1743384189.426909
1743384189.442826
1743384189.458942
1743384189.474941
1743384189.491211
1743384189.523534
1743384189.555192
1743384189.587124
1743384189.619213
1743384189.651064
1743384189.683265
1743384189.715027
1743384189.730833
1743384189.746793
1743384189.763046
1743384189.778831
1743384189.794872
1743384189.810933
1743384189.843233
1743384189.874823
1743384189.890535
1743384189.906570
1743384189.922782
1743384189.938695
1743384189.954672
1743384189.970773
1743384189.986762
1743384190.002775
1743384190.018790
1743384190.034798
1743384190.050884
1743384190.066791
1743384190.082897
1743384190.098879
1743384190.114795
1743384190.130921
1743384190.163522
1743384190.194783
1743384190.210558
1743384190.226625
1743384190.242673
1743384190.258474
1743384190.274570
1743384190.290692
1743384190.306708
1743384190.322689
1743384190.338600
1743384190.354818
1743384190.370768
1743384190.386734
1743384190.402953
1743384190.418812
1743384190.434815
1743384190.450848
1743384190.466791
1743384190.498548
1743384190.514521
1743384190.530622
1743384190.546478
1743384190.562669
1743384190.578735
1743384190.594671
1743384190.610774
1743384190.626760
1743384190.642733
1743384190.658778
1743384190.674843
1743384190.690720
1743384190.706733
1743384190.722781
1743384190.738701
1743384190.754787
1743384190.786849
1743384190.819543
1743384190.851225
1743384190.883026
1743384190.915158
1743384190.930816
1743384190.946683
1743384190.962638
1743384190.978582
1743384190.994764
1743384191.010844
1743384191.026807
1743384191.042832
1743384191.058838
1743384191.075012
1743384191.090821
1743384191.106805
1743384191.138628
1743384191.154275
1743384191.170547
1743384191.186572
1743384191.202613
1743384191.218730
1743384191.234676
1743384191.250695
1743384191.266626
1743384191.282612
1743384191.298620
1743384191.314621
1743384191.330678
1743384191.346676
1743384191.362749
1743384191.378791
1743384191.394829
1743384191.410814
1743384191.443109
1743384191.475220
1743384191.506234
1743384191.522314
1743384191.538498
1743384191.554628
1743384191.570645
1743384191.586684
1743384191.602683
1743384191.618632
1743384191.634564
1743384191.650719
1743384191.666809
1743384191.682641
1743384191.698762
1743384191.714753
1743384191.730831
1743384191.746737
1743384191.762813
1743384191.795372
1743384191.826730
1743384191.842639
1743384191.858598
1743384191.874663
1743384191.890607
1743384191.906436
1743384191.922412
1743384191.938553
1743384191.954639
1743384191.970613
1743384191.986682
1743384192.002719
1743384192.018746
1743384192.034640
1743384192.050736
1743384192.066798
1743384192.082854
1743384192.115251
1743384192.146112
1743384192.162437
1743384192.178527
1743384192.194485
1743384192.210559
1743384192.226677
1743384192.242503
1743384192.258550
1743384192.274648
1743384192.290738
1743384192.306471
1743384192.322449
1743384192.338631
1743384192.354734
1743384192.370739
1743384192.386777
1743384192.402706
1743384192.418996
1743384192.451533
1743384192.482987
1743384192.514405
1743384192.530518
1743384192.546534
1743384192.562492
1743384192.578452
1743384192.594628
1743384192.610589
1743384192.626671
1743384192.642644
1743384192.658727
1743384192.674803
1743384192.690775
1743384192.722681
1743384192.738580
1743384192.771285
1743384192.803087
1743384192.834308
1743384192.850168
1743384192.866429
1743384192.882387
1743384192.898348
1743384192.914560
1743384192.930640
1743384192.946511
1743384192.962650
1743384192.978702
1743384192.994762
1743384193.010709
1743384193.026817
1743384193.042819
1743384193.058822
1743384193.091357
1743384193.122275
1743384193.138173
1743384193.154356
1743384193.170509
1743384193.186624
1743384193.202587
1743384193.218580
1743384193.234681
1743384193.250611
1743384193.266649
1743384193.282699
1743384193.298679
1743384193.314607
1743384193.330704
1743384193.346812
1743384193.362665
1743384193.378704
1743384193.394852
1743384193.427052
1743384193.442592
1743384193.458597
1743384193.474601
1743384193.490683
1743384193.506476
1743384193.522580
1743384193.538540
1743384193.554685
1743384193.570509
1743384193.586737
1743384193.602697
1743384193.618813
1743384193.634556
1743384193.650973
1743384193.666697
1743384193.682957
1743384193.698743
1743384193.714795
1743384193.747194
1743384193.778712
1743384193.794503
1743384193.810635
1743384193.827053
1743384193.859221
1743384193.890938
1743384193.922470
1743384193.938434
1743384193.954611
1743384193.970740
1743384193.986668
1743384194.002718
1743384194.018704
1743384194.034886
1743384194.066586
1743384194.082317
1743384194.098501
1743384194.114488
1743384194.130522
1743384194.146553
1743384194.162674
